timestamp_ns,pos_x,pos_y,pos_z,quat_x,quat_y,quat_z,quat_w,l_vel_x,l_vel_y,l_vel_z,a_vel_x,a_vel_y,a_vel_z,steering,speed
1778869391231168512,10.956852912902832,11.49421215057373,0.0107824802398681,-0.0065163251257227,0.0012030599788817,-0.9183806274748122,0.3956426585095611,0.0051088301214182,-0.0005814153682957,-0.0066648310865703,-0.0010366285942644,0.0004167721383235,-0.0001717671483072,0.3046293376713476,-0.5024937129600839
1778869391332348928,10.955320358276367,11.4969482421875,0.0113878846168518,-0.0065177045547338,0.0012588559193308,-0.918384097753987,0.3956344067465655,-0.0153238201895353,0.027357834551199,0.0060533619191471,-0.0056927040001145,0.0118820094523072,0.0125088099276024,0.3046293376713476,-0.5024937129600839
1778869391432401664,10.974238395690918,11.503096580505373,0.0045660138130187,-0.0060836848725247,0.0017596467543809,-0.9181396579232664,0.3962063363579883,0.1890806605684405,0.0614509763918302,-0.0681827511826988,0.0187230892535883,0.0668672910401055,0.0496734658524977,0.3046293376713476,-0.5024937129600839
1778869391532517120,10.99362087249756,11.529900550842283,0.0249302983283996,-0.0026345561715889,0.0022404561665595,-0.917168062690316,0.398485613605858,0.1935928283705051,0.2677189546438406,0.2033991566920675,0.0483993612294178,-0.0720490788554914,0.1032802207494869,0.3046293376713476,-0.5024937129600839
1778869391632597504,11.064748764038086,11.605759620666504,0.0201713442802429,-0.0049644121020445,-0.0014037744744637,-0.9150837598897896,0.4032308227500371,0.7107385266890366,0.7580143647607729,-0.0475533846921433,0.1086821769736807,0.0682320059962908,-0.0118252162271776,0.3046293376713476,-0.5024937129600839
1778869391732932352,11.007777214050291,11.561174392700195,0.0512499213218688,0.0003673783016348,-0.0050157119191245,-0.9153131869096436,0.4027114072588952,-0.5678141854343512,-0.4443643345760952,0.3097485834794857,0.1093952292943157,0.0448901316726707,0.146532795551424,0.3046293376713476,-0.5024937129600839
1778869391832699904,11.144472122192385,11.690744400024414,0.0269094705581665,0.0045780870759665,-0.0091114143223176,-0.9123008647502644,0.4093936436044062,1.3700741657897968,1.2986622699331285,-0.2439609728576195,0.0427576912291905,0.0640979053951526,0.1436194122666143,0.3046293376713476,-0.5024937129600839
1778869391932841472,11.187074661254885,11.732006072998049,0.0402221083641052,0.0083176656210462,-0.009783411757013,-0.9092916232094854,0.4159613506734349,0.4253263582487808,0.4119396986029672,0.1329079411998944,0.0388967157912282,0.0070911414968499,0.1773436233719052,0.3046293376713476,-0.5024937129600839
1778869392032839168,11.230633735656738,11.776515007019045,0.0275919437408447,0.0093619049687864,-0.0114776407856304,-0.9055438566558474,0.4239940355361211,0.4356007802602728,0.445099595304372,-0.1263045562895067,-0.090905341731932,0.0287699685661875,0.1796171060140483,0.3046293376713476,-0.5024937129600839
1778869392132914176,11.255622863769531,11.80962371826172,-0.0013209581375122,0.0086334332072782,-0.0068329392096117,-0.9017259778808696,0.4321678326618063,0.2497614850793574,0.3309151424455235,-0.2889788422588171,-0.0604170992691424,0.0433235286172165,0.1773489871978912,0.3046293376713476,-0.5024937129600839
1778869392232881920,11.286020278930664,11.841795921325684,0.0178358554840087,0.0092200024044218,-0.0032504028118602,-0.8978554911700902,0.4401817163546654,0.3040846924788267,0.3218390255623147,0.1916378003884631,-0.0180938407319527,0.0858203312666279,0.1554413022922888,0.3046293376713476,-0.5024937129600839
1778869392333655552,11.314842224121094,11.895304679870604,0.0239953994750976,0.0126798277021913,-0.0005970668503752,-0.8943301119458091,0.4472275889830762,0.2856352979385529,0.5302900303334104,0.061043179821343,0.0159283215888819,0.0305115157229046,0.1824829705076617,0.3046293376713476,-0.5024937129600839
1778869392433063168,11.35051155090332,11.945517539978027,0.0253770351409912,0.0143819567853203,-0.0007416574962508,-0.8902214487840927,0.4553003199954229,0.3592925916337197,0.5057877529195929,0.0139170403221579,0.0451681337954093,0.0267981565686965,0.1594646615594244,0.3046293376713476,-0.5024937129600839
1778869392533030400,11.379343032836914,11.98367977142334,0.0373288989067077,0.0165986020815033,-0.0022580904528973,-0.8865355705568314,0.462357080159826,0.2880515632513443,0.3812738606465267,0.1194095069206394,0.0129655293597767,0.0644577013812122,0.1711457945218644,0.3046293376713476,-0.5024937129600839
1778869392632590080,11.396595001220703,12.018356323242188,0.0279760360717773,0.0197362538021075,-0.0014844497906862,-0.8824858798963084,0.4699222791891398,0.1724768543853562,0.3466794307521247,-0.0935054090860909,0.0579934060378623,-0.0217713586000798,0.1600374038611339,0.3046293376713476,-0.5024937129600839
1778869392733259264,11.42893123626709,12.061423301696776,0.0358943939208984,0.0201259283785118,-0.0047153212891691,-0.8787073216829363,0.4769131530717554,0.3231042806131019,0.4303260745039983,0.0791203834585951,-0.0068814616430714,-0.0532015007383217,0.1671169821728003,0.3046293376713476,-0.5024937129600839
1778869392832933888,11.460978507995604,12.112183570861816,0.027574598789215,0.0175925373645144,-0.0058458896907925,-0.8747566863933517,0.4842076701302082,0.3215188624990572,0.5092597004932394,-0.0834695411710769,-0.0400679009948661,-0.0920139493430458,0.1550436240784871,0.3046293376713476,-0.5024937129600839
1778869392933064448,11.481097221374512,12.142407417297363,0.018442153930664,0.01254518924687,-0.0064580464665393,-0.8710533849994639,0.4909856539081074,0.2009160738953602,0.3018312577688545,-0.0912014069433346,-0.1197658791238935,-0.08388702194392,0.2057043766889834,0.3046293376713476,-0.5024937129600839
1778869393032874752,11.536431312561035,12.200008392333984,0.0056071877479553,0.0058972012359886,-0.0034357619277642,-0.8660354520364123,0.4999360102789607,0.554416746473448,0.5771296589267826,-0.128599206014378,-0.0349894871941214,0.011667907951439,0.1976286912745691,0.3046293376713476,-0.5024937129600839
1778869393132759552,11.543326377868652,12.25019645690918,0.0361079573631286,0.0054940234275666,-0.001689061874218,-0.8610598370267593,0.508471159296192,0.0690271683117392,0.5024375877695147,0.3053461662702853,0.0531170122341219,-0.0062544393341522,0.1702936924706475,0.3046293376713476,-0.5024937129600839
1778869393232751360,11.561111450195312,12.280243873596191,0.033076524734497,0.0065605324523363,-0.004181533983789,-0.8566934758452525,0.5157671593186834,0.1778552763616083,0.3004818592055978,-0.0303151023529245,0.0587544156786117,0.0778895637941202,0.179328022934175,0.3046293376713476,-0.5024937129600839
1778869393332887296,11.584039688110352,12.332451820373535,0.0413758754730224,0.0113802299516281,-0.0047489263828404,-0.8519805323802763,0.5234282286135123,0.228993956682105,0.5214227254223924,0.0828891068973471,-0.0056525358664923,-0.0224011574018553,0.1923308689634031,0.3046293376713476,-0.5024937129600839
1778869393432687104,11.612115859985352,12.38271141052246,0.0434625744819641,0.0102313464477031,-0.0052038089875432,-0.8469189603152774,0.5315980761631646,0.2806403025296134,0.5023785524325121,0.0208579660989708,0.0003181824068016,-0.0371181218659015,0.2037903590479753,0.3046293376713476,-0.5024937129600839
1778869393533001472,11.633953094482422,12.426196098327637,0.0420711636543273,0.0086133105647409,-0.0063086151295966,-0.8414719178852585,0.5401953569466945,0.2182176025044625,0.4345387379420026,-0.0139042484956769,-0.0137702238052995,-0.0583924056671396,0.1971768183075896,0.3046293376713476,-0.5024937129600839
1778869393633004544,11.671677589416504,12.475488662719728,0.0307075381278991,0.0057219108975046,-0.0073910139845948,-0.8361309575991517,0.5484502296401071,0.3772333607317917,0.4929105017100417,-0.1136327644657015,-0.0966503542364198,-0.0158247424448611,0.1907233672150479,0.3046293376713476,-0.5024937129600839
1778869393733027840,11.691347122192385,12.518193244934082,0.0212776660919189,0.0023376241453204,-0.0038369127677156,-0.8308906959943034,0.5564175275131708,0.1966042292231534,0.42684803783678,-0.0942550463415376,-0.0591843404068225,0.0319603354602987,0.2171620329374952,0.3046293376713476,-0.5024937129600839
1778869393832993792,11.709111213684082,12.574195861816406,0.0181036591529846,0.0019772422797112,-0.0005160651164809,-0.8248066336091617,0.5654112143777171,0.1777423844895199,0.5603460591817296,-0.0317581995102922,-0.0450776282150217,-4.651449618746583e-05,0.167042206998872,0.3046293376713476,-0.5024937129600839
1778869393932972032,11.740478515625,12.63232421875,0.0356066823005676,0.0006968121577869,0.0013247932094079,-0.8200554650770671,0.5722820926544918,0.3137284364000626,0.5813862654056312,0.1750611542780532,0.0113014620663021,-0.0707804346091337,0.1801037630878611,0.3046293376713476,-0.5024937129600839
1778869394032907264,11.74679946899414,12.677465438842772,0.0191636085510253,-0.001868295643373,-0.0011684967735442,-0.814870335352508,0.5796390951697189,0.0632530923008824,0.4517232756442322,-0.1645440491093858,-0.0062845928890225,-0.1010723828521146,0.1888191763793109,0.3046293376713476,-0.5024937129600839
1778869394132804864,11.770307540893556,12.71937084197998,0.0248356461524963,-0.0061749075968481,-0.0038212402120392,-0.8093479645805559,0.587284548467541,0.2353216884031526,0.4194835825607679,0.05677851721636,-0.0102530151969247,-0.0905120220490768,0.1779092504000475,0.3046293376713476,-0.5024937129600839
1778869394232750592,11.79203987121582,12.79491138458252,0.0356371402740478,-0.0101704995469927,-0.0060079566739608,-0.8040599933291841,0.5944308139077589,0.2174257194335584,0.7557614198846835,0.1080658445509424,0.0049017233884115,-0.0743168583461072,0.1998335094797613,0.3046293376713476,-0.5024937129600839
1778869394332401664,11.817441940307615,12.846179962158203,0.027206540107727,-0.0130688359984558,-0.0083093381841582,-0.7980423287317657,0.6024023588740064,0.2542954113365776,0.513240239451985,-0.0843971776220815,-0.0289640142425762,-0.0401510823047764,0.1991493632396302,0.3046293376713476,-0.5024937129600839
1778869394432536064,11.828514099121094,12.89126205444336,0.0305690169334411,-0.0156227060610817,-0.0082324796997714,-0.7919941416458263,0.6102732477603886,0.1108365034215455,0.4512888190993367,0.0336596665994813,-0.0589085754098911,-0.0465534378862469,0.2216208602906699,0.3046293376713476,-0.5024937129600839
1778869394532339456,11.85483741760254,12.950860977172852,0.0260533690452575,-0.0193517898646184,-0.007147162758006,-0.7851692110718405,0.6189375867390587,0.2633747750935212,0.5963098034452039,-0.0451807680627426,-0.1314537792724159,-0.1390553995428671,0.207654915623172,0.3046293376713476,-0.5024937129600839
1778869394632442112,11.863974571228027,13.002155303955078,0.0222564935684204,-0.0289461192442679,-0.0060887501677916,-0.7785806724139814,0.6268470194915851,0.0914174058524763,0.5132007714415295,-0.0379878155347079,-0.1461663913622614,-0.2108011006301844,0.2124784516263972,0.3046293376713476,-0.5024937129600839
1778869394732470528,11.872796058654783,13.064298629760742,0.0269206762313842,-0.0417973279513688,-0.0066974146344645,-0.7715508196685347,0.6347577968659794,0.0881898142499727,0.6212567217466732,0.0466285766533031,-0.1995506949344514,-0.2134337851489193,0.186669227340486,0.3046293376713476,-0.5024937129600839
1778869394831940608,11.893277168273926,13.118632316589355,0.0225085020065307,-0.0564302190850038,-0.0053811931971348,-0.7651268647083055,0.6413794150387366,0.2046664870381796,0.5429532392450274,-0.044090589601515,-0.1238298745122327,-0.1266899889048257,0.2091743298977955,0.3046293376713476,-0.5024937129600839
1778869394932670208,11.879080772399902,13.138882637023926,0.0116952061653137,-0.0653105119042737,-0.0041143943974675,-0.75801352648009,0.6489476885441242,-0.1417752275572966,0.2022339904575867,-0.1079892031848804,-0.0106130637210075,0.0745360704348511,0.2307054169917128,0.3046293376713476,-0.5024937129600839
1778869395032752640,11.878173828125,13.171337127685549,0.0160430073738098,-0.0628704657782067,-0.000536904986542,-0.750711205197182,0.6576318899333132,-0.0090614396854985,0.324258521490223,0.0434396461894721,0.050839314968975,0.1806824309761172,0.1467334032654358,0.3046293376713476,-0.5024937129600839
1778869395132903680,11.884976387023926,13.202061653137209,0.0112097859382629,-0.0544045193437511,0.0039634698083625,-0.7463936721614463,0.6632653506247747,0.0679297699729356,0.3068124771089398,-0.0482641348973556,0.1451186593217632,0.2822090384168663,0.1850818690147262,0.3046293376713476,-0.5024937129600839
1778869395232918016,11.8800048828125,13.244708061218262,0.0109342336654663,-0.0389977818978402,0.0084141679097706,-0.7409203318771179,0.6704069186669661,-0.0496596140394271,0.4259886093641092,-0.0027524505527559,0.2181565978748572,0.3684753626876125,0.1603874974845683,0.3046293376713476,-0.5024937129600839
1778869395333028608,11.895883560180664,13.31651210784912,0.0299699902534484,-0.017955914941998,0.0129945054121253,-0.736160451585713,0.6764440238991022,0.1587656387998237,0.7179448934844642,0.1903322288535409,0.1044093153560775,0.2915500298666972,0.2042060377361422,0.3046293376713476,-0.5024937129600839
1778869395432824576,11.898945808410645,13.375846862792969,0.0429303050041198,-0.0035656134581149,0.0191898413594045,-0.7294605986766074,0.683744302621699,0.0306381690423565,0.5936514990060101,0.129669538310338,-0.0650477172171597,0.1908652101430018,0.1861217124948496,0.3046293376713476,-0.5024937129600839
1778869395532884480,11.883346557617188,13.40914535522461,0.018909752368927,0.0013464276665423,0.0281106675073504,-0.7230065520090904,0.6902677040516647,-0.1561308023541105,0.3332801305249204,-0.240418479424336,-0.0664563644550733,0.2365136410397108,0.1770852396665516,0.3046293376713476,-0.5024937129600839
1778869395632339456,11.882250785827637,13.466986656188965,0.0291157960891723,0.0078431764921753,0.0386471971465527,-0.7167107743078243,0.6962546550841201,-0.0109714805206741,0.579139482210101,0.1021886226106673,-0.0743189518668088,0.2506463931271693,0.1954536872895481,0.3046293376713476,-0.5024937129600839
1778869395732217344,11.881366729736328,13.515125274658203,0.0413959026336669,0.0146083939891478,0.0499439506477194,-0.7095757873452574,0.7027050580664083,-0.0088483077835117,0.4818080172473801,0.1229086744475314,-0.1122162348908691,0.217353163152761,0.1693465836318543,0.3046293376713476,-0.5024937129600839
1778869395832252160,11.88675308227539,13.563015937805176,0.0363536477088928,0.018780453077231,0.0613837141858804,-0.7031362255917494,0.7081516662944095,0.0540927053647235,0.4809442962642213,-0.0506370884641553,-0.0815678673218911,0.2150460607088975,0.1351948412866481,0.3046293376713476,-0.5024937129600839
1778869395932445952,11.84809112548828,13.585969924926758,0.0485478043556213,0.0238756332642615,0.0717529664355014,-0.6978242264623048,0.7122659720260559,-0.3858717792325779,0.2290959016859624,0.1217057105366886,-0.0767332911479057,0.2101066464096137,0.1535761019812982,0.3046293376713476,-0.5024937129600839
1778869396032376576,11.873754501342772,13.641151428222656,0.0524818897247314,0.0290188361974804,0.0817157179171985,-0.6917689784519462,0.7168933875009391,0.2568119243856687,0.5521981259310131,0.0393681657497846,0.0308399412723215,0.0576589500511618,0.164269486988911,0.3046293376713476,-0.5024937129600839
1778869396132286464,11.884754180908203,13.694437980651855,0.0734752416610717,0.0327852083689509,0.0824735491458371,-0.6859015002501855,0.7222619855412843,0.1100960053667008,0.5333461331597372,0.2101228652798557,0.2609371684869605,-0.2742156621357048,0.1877515915423602,0.3046293376713476,-0.5024937129600839
1778869396232324608,11.927356719970703,13.760774612426758,0.0815431475639343,0.033572982233282,0.0632498451723369,-0.6804803592653835,0.7292590709779988,0.424977701596508,0.6617349557967296,0.0804806516875763,0.1135505986893248,-0.1494252974786512,0.1489035424449876,0.3046293376713476,-0.5024937129600839
1778869396332172288,11.869647026062012,13.809409141540527,0.0670568943023681,0.0330985732852044,0.0536984910459066,-0.6756197560252266,0.7345467321922341,-0.5779936152616938,0.4871009600829672,-0.1450876157391663,-0.0244609935457259,0.0121462691662674,0.1421556641124419,0.3046293376713476,-0.5024937129600839
1778869396432216832,11.851476669311523,13.848630905151367,0.0754448771476745,0.0329911038370936,0.0547362099452985,-0.6702851280602998,0.7393465909095827,-0.181357218742983,0.3914700223189347,0.0837199434539304,0.0785367647957858,-0.058873669503587,0.1522395977969577,0.3046293376713476,-0.5024937129600839
1778869396532663040,11.852964401245115,13.890379905700684,0.0898559093475341,0.0343378952039689,0.0496694119641555,-0.6649365809315181,0.7444549696302651,0.0148626706877088,0.4170789324973273,0.1439684267172349,0.0592359435995861,-0.0211535704085922,0.181303829805455,0.3046293376713476,-0.5024937129600839
1778869396632437760,11.848794937133787,13.947912216186523,0.0921989679336547,0.0362909015136826,0.046594804873059,-0.6583316295188255,0.7504074627835556,-0.0416365497989666,0.5745215324158874,0.023397941053828,0.0057644793133618,-0.0097256441571157,0.1546915300833047,0.3046293376713476,-0.5024937129600839
1778869396733342720,11.842717170715332,13.99337100982666,0.10049569606781,0.0365481156485655,0.0457522394628413,-0.652498513945814,0.7555240943379492,-0.0603584577948394,0.451452472572825,0.0823950248235767,0.0409792370853693,-0.1148327411629874,0.1917475993537168,0.3046293376713476,-0.5024937129600839
1778869396832846336,11.848007202148438,14.059266090393066,0.1058607101440429,0.0347976272733612,0.0397636337875282,-0.6455626553106536,0.7618771794931346,0.0532491516534772,0.6632960848474242,0.0540039226195407,0.0621757943639463,-0.106930851537886,0.174052582609775,0.3046293376713476,-0.5024937129600839
1778869396932573952,11.833710670471191,14.10615062713623,0.1128029823303222,0.034058181848381,0.0333739157378501,-0.6392008929934864,0.7675600565387929,-0.1428665674011536,0.4685215253535799,0.0693747700217929,0.005610712955746,-0.0129664789604127,0.172161579668185,0.3046293376713476,-0.5024937129600839
1778869397032749568,11.826878547668455,14.151068687438965,0.0969598293304443,0.0341451032527072,0.0324026882498179,-0.6326022237715002,0.7730450208088788,-0.0683301492116482,0.4492392557047228,-0.1584522175203531,-0.0444451241608862,0.0332592961596182,0.1625897133416795,0.3046293376713476,-0.5024937129600839
1778869397132687104,11.811060905456545,14.20469570159912,0.107557475566864,0.0337415982863412,0.0348137935049018,-0.6261695676394415,0.7781781138589776,-0.1582708275021872,0.5365902069277096,0.1060397129320714,0.037442668114309,-0.0509285699462989,0.1672728653580899,0.3046293376713476,-0.5024937129600839
1778869397232610304,11.802202224731444,14.245173454284668,0.1211875081062316,0.0338934741795143,0.0313832547900379,-0.6198000943027963,0.7833991108171308,-0.0887638236185835,0.4055863634047971,0.1365726841032133,0.0183222858421683,-0.0464570144545415,0.1714887284767454,0.3046293376713476,-0.5024937129600839
1778869397331921920,11.779415130615234,14.291403770446776,0.1195414662361145,0.0334378656894185,0.0286960304712472,-0.6131462044335715,0.7887396141706301,-0.2272043780460461,0.4609508424776151,-0.0164122690427503,-0.0108485342177996,-0.0473233043125167,0.1774513883431878,0.2890076231634935,0.184083862543678
1778869397432354816,11.77310276031494,14.346979141235352,0.1312134265899658,0.0318187188012911,0.0268715315999683,-0.606212720376055,0.7942113242566988,-0.0633681723424144,0.5579060648518209,0.1171716423610876,0.0551934862143813,-0.1502769777395713,0.1707677258334797,0.2890076231634935,0.184083862543678
1778869397532308224,11.76809024810791,14.379376411437988,0.1302002072334289,0.0296826100777445,0.0189569485773217,-0.5997027173784543,0.7994474513865856,-0.0501206312617103,0.3239436766726717,-0.0101312858021524,-0.0371449457689907,-0.0023207116955905,0.18373296874849,0.2890076231634935,0.184083862543678
1778869397632429312,11.762282371520996,14.400312423706056,0.114031434059143,0.0283027470653482,0.0197035738056071,-0.5923092228634088,0.8049723648665129,-0.0581472400590675,0.209606955831972,-0.1618783596993337,0.0053658293686171,0.0420829531283633,0.1622614506215865,0.2890076231634935,0.184083862543678
1778869397732297216,11.76215648651123,14.373529434204102,0.1367092728614807,0.0299247295286617,0.0210088102781558,-0.5856998626867425,0.8097029154585428,-0.0012581769226753,-0.2676866719425326,0.2266571173992471,-0.0015263208332048,0.0375086531900653,0.188412399136469,0.2890076231634935,0.184083862543678
1778869397832399360,11.768519401550291,14.37088680267334,0.1241393089294433,0.0311569378650459,0.0222881610554062,-0.5779933341351091,0.8151418212771456,0.0636785445640908,-0.0264468295843968,-0.1257972177062401,0.0151449677225101,0.0422457498523866,0.1617852914327547,0.2890076231634935,0.184083862543678
1778869397932501760,11.78628158569336,14.35145664215088,0.130244493484497,0.0331784241811079,0.023321582499105,-0.5713164234872118,0.8197272962469756,0.1772560982876268,-0.1939015165912541,0.0609261330047148,0.0308513920491992,0.0157908179352843,0.1764040661005538,0.2890076231634935,0.184083862543678
1778869398032750080,11.793094635009766,14.336729049682615,0.125834047794342,0.0351007346017381,0.0227932554306698,-0.564063924621728,0.8246698096072294,0.0680449633669335,-0.1470910371326363,-0.0440490889587087,0.0138697459486768,0.033491535023838,0.1737741940471475,0.2890076231634935,0.184083862543678
1778869398132714240,11.79504680633545,14.316323280334473,0.1198829412460327,0.0368146548863153,0.0234774954795162,-0.5568300593247737,0.829478012622384,0.0195124222218739,-0.2039605756137947,-0.0594827421805863,0.0196617398719397,0.0383290282534514,0.1824924874874023,0.2890076231634935,0.184083862543678
1778869398232524544,11.79941749572754,14.29215145111084,0.125140905380249,0.0389111615273046,0.024183227857804,-0.5491846255036137,0.834444330143976,0.0436788276534032,-0.2415630734678502,0.0525458774631424,0.0137967896191797,0.0249113561503288,0.1651421000725473,0.2890076231634935,0.184083862543678
1778869398332872192,11.807358741760254,14.280957221984863,0.1182180047035217,0.0403693538685088,0.0245216384362968,-0.542242534250079,0.8388933415915821,0.0794008741515182,-0.1119259590237205,-0.0692189063443946,0.0021503103770935,0.0102046161396167,0.187699434043716,0.2890076231634935,0.184083862543678
1778869398432785152,11.817495346069336,14.262950897216797,0.1186943650245666,0.0409640430635976,0.0245114296720432,-0.5343346553242952,0.8439239379889534,0.1014543489561687,-0.1802201112655397,0.0047677530627158,0.0200186739329244,0.0117530374735061,0.1815304361807826,0.2890076231634935,0.184083862543678
1778869398532705792,11.823442459106444,14.246908187866213,0.1143316030502319,0.0423432128183733,0.0240997847691431,-0.5266545772093921,0.8486820423496041,0.0594836171720157,-0.1604607774322721,-0.0436367799762036,0.0014159508262251,0.0246526446620097,0.1704735089716901,0.2890076231634935,0.184083862543678
1778869398632723968,11.837657928466797,14.231452941894531,0.1094937920570373,0.0432559394675324,0.0247465304440338,-0.5193537000773994,0.8531050739197827,0.1422118513908349,-0.1546146024178096,-0.0483975618800194,0.0007339848791942,0.0038069854703812,0.1742709469355258,0.2890076231634935,0.184083862543678
1778869398732399104,11.842448234558104,14.214301109313965,0.1113049387931823,0.0435998602951821,0.0245121661788318,-0.5118981693099864,0.8575887535109974,0.047935089222324,-0.1716330041137762,0.0181235768105407,-0.0177034454968848,0.0017978167984328,0.1662780373843729,0.2890076231634935,0.184083862543678
1778869398832528896,11.859171867370604,14.20425796508789,0.1015042066574096,0.0430896777357711,0.024678821620129,-0.5047338537142462,0.8618456778048117,0.1674463728551274,-0.1005575816912264,-0.0981304161517583,-0.0304008506276146,0.0274799593685445,0.1625659661837228,0.2890076231634935,0.184083862543678
1778869398932268288,11.865912437438965,14.18116569519043,0.1078989505767822,0.0426717129970963,0.0262810423847404,-0.4976053949751811,0.8659545615173228,0.0673231463485812,-0.2306398791291094,0.0638691203235877,0.0036663959815293,0.0129343580284107,0.1711524719538169,0.2890076231634935,0.184083862543678
1778869399032651776,11.87239933013916,14.161076545715332,0.1074738502502441,0.0433755438746437,0.0263837047698281,-0.4901543777931574,0.8701558183718592,0.0648734110521125,-0.2009053813308954,-0.0042512971150366,-0.0124283837982974,0.0335582427449488,0.15652198434933,0.2890076231634935,0.184083862543678
1778869399132481536,11.877779006958008,14.141509056091309,0.1042656302452087,0.0438615216396559,0.0278056529945864,-0.483251052224303,0.873940177074554,0.0538861588597183,-0.1960000367813688,-0.0321355090035492,0.0024984079768597,0.016473381684544,0.1488383885756677,0.2890076231634935,0.184083862543678
1778869399232537344,11.889509201049805,14.11852741241455,0.1089272499084472,0.04457479070499,0.0281380965186744,-0.4766977404194397,0.8774853844007389,0.1172416130734591,-0.2296982432393673,0.0465922221385272,0.0235387598386287,-0.0417688836064756,0.1614425014537326,0.2890076231634935,0.184083862543678
1778869399332587520,11.902141571044922,14.106319427490234,0.1040927767753601,0.0448376618158471,0.0253823127560327,-0.4697204517914359,0.881310399037077,0.126260347559221,-0.1220186251778339,-0.0483204860438097,-0.0086538950730897,-0.0020610936703539,0.1523864465236688,0.2890076231634935,0.184083862543678
1778869399432517888,11.914752960205078,14.092880249023438,0.1004291772842407,0.044600015037913,0.0251523714193936,-0.462985658754161,0.8848855726355666,0.1261171201997913,-0.134395225185682,-0.0366369328166599,0.0219632642527943,0.0110287901422764,0.1622195465195435,0.2890076231634935,0.184083862543678
1778869399532621568,11.922211647033691,14.07068920135498,0.1056544780731201,0.0460300886987716,0.0247691661548592,-0.4557932630155747,0.8885495038161865,0.0745595735174728,-0.2218292694256585,0.0522338861077769,0.0226681607293651,0.0228300739968896,0.1808967574717356,0.2890076231634935,0.184083862543678
1778869399632362240,11.93061351776123,14.057626724243164,0.097610592842102,0.0477792115283204,0.0248494533006278,-0.4477143795373636,0.8925533518910034,0.0840341964585023,-0.1306488523146546,-0.0804536815327804,0.0130319440711592,0.0127500594176309,0.1663609784243898,0.2890076231634935,0.184083862543678
1778869399732691712,11.944051742553713,14.042394638061523,0.0997105836868286,0.0488521777645467,0.0247283229083201,-0.4402536054121619,0.8962023977291041,0.1342633228440135,-0.1521860614906383,0.020981324029701,0.029107770655799,-0.0028747743576036,0.1769935600892707,0.2890076231634935,0.184083862543678
1778869399832568832,11.962813377380373,14.035161018371582,0.0952880382537841,0.0503096581792833,0.0235258012687875,-0.4323501609399995,0.8999937851472652,0.1876696764817598,-0.0723567577956665,-0.0442380250076043,0.0074749784945485,0.0214194576629921,0.1644428192355521,0.2890076231634935,0.184083862543678
1778869399932805632,11.972447395324709,14.01209831237793,0.0944020748138427,0.0513022020346147,0.0239141785692085,-0.4248794457644392,0.9034786398674084,0.096199312865569,-0.2302898419152697,-0.0088466800289164,0.0486663996750474,0.0157406085003211,0.1704306179355244,0.2890076231634935,0.184083862543678
1778869400032688384,11.97657871246338,13.998027801513672,0.0996599793434143,0.0540375080536047,0.0231530596144516,-0.4171794310241233,0.9069207274531964,0.0413019636858553,-0.1406669372624906,0.0525647813166602,0.0483650528237923,0.0033396745128508,0.1695587915719676,0.2890076231634935,0.184083862543678
1778869400132976640,11.990479469299316,13.983810424804688,0.0884363651275634,0.0564979225617334,0.0218348043472729,-0.4095107330409305,0.910292362699811,0.1388135403452334,-0.1419753196670376,-0.1120794819418384,0.0014887248332253,0.0011387770920947,0.1665149126700721,0.2890076231634935,0.184083862543678
1778869400233042176,11.997143745422363,13.96715259552002,0.0851355791091919,0.0567690158070668,0.0213846990321463,-0.4019108538894153,0.9136671379761244,0.0665962184653028,-0.1664619559149177,-0.0329848077612652,0.0207718964879004,-0.0011885122147139,0.1689272968586201,0.2890076231634935,0.184083862543678
1778869400333108480,12.008567810058594,13.951948165893556,0.0884799361228942,0.0578732983183708,0.0204321363318173,-0.3942000275896031,0.916973035260594,0.1141699158160209,-0.1519501601014126,0.033422864004305,0.0334809981659376,0.0087187408357729,0.1738053084230251,0.2890076231634935,0.184083862543678
1778869400433030400,12.021875381469728,13.93975830078125,0.0850679874420166,0.0597539996858557,0.0196688389545982,-0.3862311320326533,0.9202543718692652,0.1331797008218246,-0.1219939039633482,-0.0341461481212542,0.0502331253340014,0.0042016863578549,0.1728970856981829,0.2890076231634935,0.184083862543678
1778869400532956416,12.034832000732422,13.923069953918455,0.0919671058654785,0.0623121882658973,0.0183757035382539,-0.3783028446410215,0.9233994165308428,0.1296621218511311,-0.1670070271067969,0.0690422644635319,0.0482948656801536,0.0068109544819795,0.1638910756221003,0.2890076231634935,0.184083862543678
1778869400632835328,12.048490524291992,13.91404151916504,0.0808417201042175,0.0648161399765673,0.0172666790853663,-0.3707542544005654,0.926305571955487,0.1367448660825358,-0.0903898650470162,-0.1113838827018902,-0.0201681649920704,-0.0050981377893789,0.1886683292179485,0.2890076231634935,0.184083862543678
1778869400732576512,12.055953979492188,13.897677421569824,0.0758353471755981,0.0639481694469211,0.0167925773753904,-0.3620051523419125,0.9298284307588084,0.0746905759091642,-0.1637638119122602,-0.050101309276278,-0.0116671672607266,-0.0216489776950473,0.161528307404583,0.2890076231634935,0.184083862543678
1778869400832154880,12.075607299804688,13.885993957519531,0.0756241679191589,0.063150204710311,0.015484844345406,-0.3545690739730772,0.93276633892016,0.197223896990099,-0.1172452427225205,-0.0021192142221343,-0.0359872254568857,-0.0342824773747579,0.176378748097586,0.2890076231634935,0.184083862543678
1778869400932622080,12.079553604125977,13.87107753753662,0.0718876719474792,0.0609935112800662,0.0139632649671959,-0.3463917088039991,0.9360008562416112,0.0393812813717443,-0.1488551527151894,-0.037287544807756,0.0070469056526309,-0.028049663264473,0.1550211451341996,0.2890076231634935,0.184083862543678
1778869401032586240,12.082959175109863,13.848285675048828,0.0793313384056091,0.0609438431129747,0.0120556926211073,-0.339217916414161,0.938654203338845,0.0340625114411646,-0.2279641447584412,0.0744515310630496,0.0041441259716127,-0.0094403747445554,0.1686591724007205,0.2890076231634935,0.184083862543678
1778869401132561664,12.091126441955566,13.834237098693848,0.0727363228797912,0.061077656147683,0.0110284030567857,-0.3313247348503587,0.9414732148722352,0.0817057167853786,-0.1405426102248264,-0.0659768415710752,0.0142322649635171,-0.0105110451852577,0.1589593035482721,0.2890076231634935,0.184083862543678
1778869401232715776,12.105646133422852,13.822280883789062,0.0749894380569458,0.0616600797843714,0.0098101767939851,-0.3238598681694465,0.9440426795338884,0.1449734931230701,-0.1193781729578936,0.0224964819932067,-0.0025341500085719,-0.0248111179318907,0.1504119198918478,0.2890076231634935,0.184083862543678
1778869401332751616,12.12628173828125,13.812314987182615,0.0694819688796997,0.0612105070964467,0.008215447670714,-0.3168231992038759,0.946471785467896,0.2062736711306194,-0.0996191821478405,-0.0550527059238066,-0.0426856769433899,-0.0615095111743333,0.1761970961192145,0.2890076231634935,0.184083862543678
1778869401432872192,12.139984130859377,13.807592391967772,0.0644277334213256,0.0582820830943929,0.0054377671025812,-0.3086311130556945,0.9493789894099824,0.1368547076724332,-0.0471676303169466,-0.0504799371510981,-0.0177064014523295,-0.050119795425341,0.1584801585231155,0.2890076231634935,0.184083862543678
1778869401532951552,12.15164852142334,13.79617404937744,0.0676013231277465,0.0567080870842076,0.0028680287671133,-0.3012334287095378,0.951858386892786,0.116559758818464,-0.1141010540702698,0.0317130028131913,0.012449455873052,-0.0415705090446309,0.1887001069272091,0.2890076231634935,0.184083862543678
1778869401632879616,12.157097816467283,13.779839515686035,0.0740562677383422,0.056698882671006,0.0001688670549303,-0.2923647102304476,0.9546245777265762,0.0545321787075377,-0.1634629256042538,0.0645959138225357,0.0400524971399671,-0.0256009294092141,0.1824585812849574,0.2890076231634935,0.184083862543678
1778869401732876032,12.172048568725586,13.764349937438965,0.0727954506874084,0.0582353403612292,-0.0021557432408696,-0.283716099531865,0.9571359217846316,0.1495128811247367,-0.1549013341345904,-0.0126086224023711,0.0394561648797121,-0.0005315534363281,0.1937200089292713,0.2890076231634935,0.184083862543678
1778869401832547328,12.190523147583008,13.761743545532228,0.0725601315498352,0.060086195218605,-0.0033010659752833,-0.2744594373923937,0.9597138997294088,0.1853550580642843,-0.0261498747516874,-0.0023609519191287,0.0406551902955376,0.0004337354060031,0.1919094772607822,0.2890076231634935,0.184083862543678
1778869401932760576,12.20195484161377,13.747137069702148,0.0720369219779968,0.0620125112580169,-0.0044169158321317,-0.2652097496906647,0.9621843523831703,0.1140736804654463,-0.1457539409367461,-0.0052209621210774,0.0541873368982798,-0.0125002562194926,0.1825597770382872,0.2890076231634935,0.184083862543678
1778869402032549120,12.207797050476074,13.725605010986328,0.072824478149414,0.0644063524422452,-0.006299410391259,-0.256456941234921,0.964386839647989,0.0585230666632152,-0.2156927520604104,0.0078891740105805,0.0447980658871335,-0.0342106684960276,0.1853944570017525,0.2890076231634935,0.184083862543678
1778869402132471296,12.229170799255373,13.718164443969728,0.0679773092269897,0.0660665811379745,-0.0091205225263173,-0.2476003454940934,0.9665640650452468,0.213709585869267,-0.0743959570298064,-0.0484653615865957,0.0348430074549423,-0.0344617963077377,0.1940817378308762,0.2890076231634935,0.184083862543678
1778869402231821824,12.24169635772705,13.710153579711914,0.0652275085449218,0.0672307055435161,-0.011854900745644,-0.2383168613577176,0.9687850985399384,0.1253961889556068,-0.080198567628072,-0.0275288743969752,0.0634767294883443,-0.0269737102063407,0.1647244127754627,0.2890076231634935,0.184083862543678
1778869402332556544,12.251801490783691,13.692270278930664,0.0671645998954773,0.0698857573502187,-0.0144731143955496,-0.2303752236737346,0.9704812034225888,0.1009730078237373,-0.1786943981418197,0.019355899521421,0.0633849344605019,-0.0257241905638985,0.1650325950980283,0.2890076231634935,0.184083862543678
1778869402432414720,12.25981616973877,13.682109832763672,0.0628470778465271,0.0725422316544666,-0.0170268983688032,-0.2224040884630421,0.9721029424878064,0.0801666965448556,-0.101629698356603,-0.0431859444232148,0.0418628177049417,-0.012580822561688,0.1827934399173595,0.2890076231634935,0.184083862543678
1778869402532501504,12.2825345993042,13.676504135131836,0.0573611855506897,0.0742795383528135,-0.0187674618371847,-0.2135129724313346,0.9739314879198734,0.2270128555457467,-0.0560146740365166,-0.0548175247636623,0.0523981167947642,-0.0319266658803136,0.1868902099230796,0.2890076231634935,0.184083862543678
1778869402632594944,12.299705505371094,13.66995334625244,0.0590218305587768,0.0763108594408393,-0.0215740929226679,-0.2044733002500125,0.975654590893126,0.171747312230327,-0.0655224819611283,0.0166101494933669,0.0499137843316166,-0.0628807685267548,0.1677675556282459,0.2890076231634935,0.184083862543678
1778869402732315392,12.30666732788086,13.64884090423584,0.0518900752067565,0.0779187756836125,-0.0257914202712871,-0.1964657378665071,0.9770694350356712,0.0696116314839146,-0.2111044243549182,-0.0713107989613174,0.0146450782174645,-0.055433999751457,0.1904567053020998,0.2890076231634935,0.184083862543678
1778869402832443136,12.321215629577637,13.643489837646484,0.0522252321243286,0.0778402925038277,-0.0293815987420615,-0.1873551377522848,0.9787623117366656,0.1455843902904995,-0.0535479524038015,0.0033539045665498,0.0420910597252028,-0.0594805511386999,0.1699131940654502,0.2890076231634935,0.184083862543678
1778869402932614144,12.336044311523438,13.631084442138672,0.0544883012771606,0.0790910340172584,-0.0333500746341459,-0.1791948496264229,0.9800620320813074,0.1481627894237044,-0.1239501938917966,0.0226117627694675,0.0315697140196312,-0.0572650734376087,0.1913283552718248,0.2890076231634935,0.184083862543678
1778869403032660992,12.359871864318848,13.631617546081545,0.0496360063552856,0.0798022040316695,-0.0371957453579731,-0.1699796620322875,0.981506494759124,0.2381639529053644,0.0053285431128316,-0.0485002278319989,0.0297743360089565,-0.0516105413736098,0.1800037823082406,0.2890076231634935,0.184083862543678
1778869403132389376,12.366558074951172,13.61899471282959,0.0523918867111206,0.0804855557691446,-0.040693837266911,-0.1612995885034783,0.9827759305506188,0.0669438528007492,-0.1263826609143799,0.0275924973086528,0.0561846803753758,-0.0779146720083644,0.1719976139251358,0.2890076231634935,0.184083862543678
1778869403232462336,12.386235237121582,13.610867500305176,0.0543632507324218,0.0822626919744522,-0.0456616900216932,-0.1530460611637887,0.983730025329983,0.1969309309501542,-0.0813379243715026,0.0197296006707864,0.056465659732398,-0.0607284100278736,0.176630216431049,0.2890076231634935,0.184083862543678
1778869403332322048,12.410598754882812,13.606449127197266,0.05564945936203,0.0841665340284457,-0.0498016093248126,-0.1444791205191317,0.98466317997187,0.2438386756172999,-0.0442206358529357,0.012872829444616,0.0203448224595799,-0.0406608949271261,0.1787390241898468,1.81099604606794,-0.5538367347187634
1778869403432214528,12.436280250549316,13.607608795166016,0.0451688766479492,0.084425851910435,-0.0527012411399705,-0.1357913760805567,0.9857259035318352,0.2567472575483466,0.0115936226810794,-0.1047781992253089,-0.0080825077947111,0.0363655649389293,0.2266343038572635,1.81099604606794,-0.5538367347187634
1778869403532293888,12.45826816558838,13.621167182922363,0.0475174188613891,0.083672404472957,-0.0518081591788555,-0.1244916500544151,0.9873280470233494,0.2200960770840817,0.1357176408702459,0.023508592202862,-0.0254100106544544,0.0903303579973705,0.2760157068975473,1.81099604606794,-0.5538367347187634
1778869403632143616,12.444964408874512,13.62585163116455,0.0480262637138366,0.0822579135215562,-0.0483436635907779,-0.1105553711699845,0.9892795538972636,-0.1331753023633989,0.0468929810185674,0.0050937166499835,-0.0073760811132482,0.0685890880555358,0.2611041431972264,1.81099604606794,-0.5538367347187634
1778869403731813120,12.397871971130373,13.620274543762209,0.0507433414459228,0.0816334711716397,-0.045979311061774,-0.0973636724857946,0.9908290440932948,-0.4708351824244545,-0.0557603107901622,0.0271656310637135,-0.012929046851081,0.0568833109814488,0.294632789895577,1.81099604606794,-0.5538367347187634
1778869403832131328,12.36957836151123,13.63296604156494,0.0518152117729187,0.0805843117886631,-0.0442972960919572,-0.0825677256186202,0.9923338596151284,-0.2831934624100257,0.1270304232760085,0.0107284532883061,0.0285375526033371,0.0683099883366384,0.3937858386256982,1.81099604606794,-0.5538367347187634
1778869403931888896,12.361639976501465,13.654227256774902,0.0505476593971252,0.0813947167223424,-0.0426018091939967,-0.0626539835207414,0.993797999742438,-0.0792973715561707,0.2123805383797777,-0.0126617153975967,-0.0082547335087247,0.1362629788124723,0.5676903655216385,1.81099604606794,-0.5538367347187634
1778869404031509760,12.324708938598633,13.668339729309082,0.039351463317871,0.0801700550877742,-0.0381064541748291,-0.0339404541085973,0.9954741111612834,-0.370011328488872,0.1413925794442434,-0.1121744640972857,-0.037129747245526,0.1536717223786897,0.5437387687536176,1.81099604606794,-0.5538367347187634
1778869404131893760,12.257359504699709,13.665069580078123,0.05124032497406,0.0775151002586074,-0.0325599344552985,-0.0063226701726156,0.9964393025879966,-0.6735253750386573,-0.0327029992637821,0.1188940952018173,0.0473832869192993,0.0671854313280148,0.5852844228580291,1.81099604606794,-0.5538367347187634
1778869404232157184,12.205761909484863,13.662298202514648,0.0514856576919555,0.0789118993412411,-0.0314805777790294,0.0232107214268868,0.9961140234811974,-0.515322934925051,-0.027678701184611,0.0024502222573094,0.0344581684059293,0.0944831780008276,0.5923534469821742,1.81099604606794,-0.5538367347187634
1778869404331800576,12.16959285736084,13.656421661376951,0.0412922501564025,0.0795516699356898,-0.0290528870224095,0.0531897190374133,0.994986590540208,-0.3609134889351414,-0.058639163603289,-0.1017150868421747,-0.0517713572543067,0.1261995554054604,0.5847609527780945,1.81099604606794,-0.5538367347187634
1778869404431754752,12.153058052062988,13.668023109436035,0.0377207398414611,0.0757453037144653,-0.0252152069067813,0.0827596287070261,0.993366843699812,-0.1648997367661623,0.1156999248910119,-0.0356182670544052,-0.0200314152144725,0.1218240471001684,0.4789703477444527,1.81099604606794,-0.5538367347187634
1778869404533077760,12.109813690185549,13.66718292236328,0.0516919493675231,0.0736104837866071,-0.0210365950312683,0.1070585479059185,0.9913008754492594,-0.4306455187014101,-0.008366935758649,0.1391311725280807,0.0393264533897486,0.0721646341374197,0.4532571331556378,1.81099604606794,-0.5538367347187634
1778869404632859392,12.088431358337402,13.669453620910645,0.0455726385116577,0.0746808074767587,-0.0189044059970666,0.129882557513825,0.9885322056879003,-0.2130564516117337,0.0226255479812469,-0.0609736424688869,-0.0175870423589357,0.1227161862383613,0.4688237450806867,1.81099604606794,-0.5538367347187634
1778869404733509376,12.079933166503906,13.670589447021484,0.0484158396720886,0.0725477784017944,-0.0146948408135873,0.1534772419971166,0.9853758763494193,-0.0849054083733884,0.0113480351669515,0.0284064140165175,-0.019119562273916,0.0869855045221979,0.4696036235553855,1.81099604606794,-0.5538367347187634
1778869404832874752,12.040353775024414,13.665423393249512,0.0215283036231994,0.0705737141243737,-0.0122566060218808,0.1768575778972114,0.9816264684816968,-0.3959956508192196,-0.0516868690783025,-0.2690124061690526,-0.0430444428623181,0.0828967497603255,0.5410624478764503,1.81099604606794,-0.5538367347187634
1778869404932775936,12.013395309448242,13.6635160446167,0.0363855957984924,0.0673816738968117,-0.0104797467158422,0.2035151026485933,0.976694162942304,-0.2705445912586489,-0.0191414030889096,0.1491019593610617,0.0063046189893406,0.1143726368200052,0.5367213694498257,1.81099604606794,-0.5538367347187634
1778869405032355328,12.009889602661133,13.69032096862793,0.0432235598564147,0.0662234048941544,-0.0066484302196617,0.2299423736432897,0.9709257251835122,-0.0351795489888608,0.2689857408677674,0.0686185428981926,0.036540929537287,0.0634273916071263,0.3963864392829014,1.81099604606794,-0.5538367347187634
1778869405132477696,11.974713325500488,13.669894218444824,0.0541964769363403,0.0671203120790305,-0.0044666492105621,0.2493047735285883,0.9660859395763416,-0.3527615665955869,-0.2048474988453538,0.110040735736774,0.0067305640296328,0.0502358514505828,0.3105495613253281,1.81099604606794,-0.5538367347187634
1778869405232492288,11.96296501159668,13.670324325561523,0.0371472239494323,0.0667414779790557,-0.0029974807085166,0.2644481735901033,0.9620830284915288,-0.117452770449756,0.0042999593694975,-0.1704484587155906,-0.0103019281405507,0.0471746070907591,0.314773966513704,1.81099604606794,-0.5538367347187634
1778869405332391936,11.95796012878418,13.671480178833008,0.0494693517684936,0.0655680380915917,-0.0019158428719724,0.2796928339387908,0.9578460630864428,-0.0501113028885677,0.0115729609567347,0.1233750923858671,0.016595101969457,0.0129488724693468,0.291266394885582,1.81099604606794,-0.5538367347187634
1778869405432233472,11.936208724975586,13.66372776031494,0.0423656702041626,0.0661459131591457,-0.0020181334080876,0.2936339042224157,0.9536245464547308,-0.2178592665941852,-0.0776472280841867,-0.0711495620853839,0.034109900367495,0.0318231390047378,0.2676888521589979,1.81099604606794,-0.5538367347187634
1778869405531849984,11.915454864501951,13.646512031555176,0.057153046131134,0.0672733941298882,-0.0008836858253329,0.3064954018812675,0.9494914839887963,-0.2072706452460859,-0.1719350100166502,0.1476828349007062,0.003754675006262,0.0007427092639928,0.1645163361335804,1.81099604606794,-0.5538367347187634
1778869405632483584,11.917126655578612,13.648639678955078,0.0636572241783142,0.0674309230053925,-0.0013448453747349,0.3143083585182125,0.9469221286775094,0.0166956001022642,0.0212480797650607,0.0649549798331174,-0.0303025556072726,0.0220776144864585,0.1069837903822059,1.81099604606794,-0.5538367347187634
1778869405732704256,11.920331001281738,13.656900405883787,0.0465448498725891,0.0656370363453891,-0.0011359940094284,0.3194522608778092,0.9453257332779323,0.0319729017894204,0.0824253795535593,-0.1707469523426156,-0.0097175319224112,0.0231079208828927,0.1247707449135935,1.81099604606794,-0.5538367347187634
1778869405832515584,11.88845443725586,13.629965782165527,0.0335742831230163,0.0648018020034262,-0.0006094378035331,0.3254072435708289,0.9433506669708288,-0.3193681986265431,-0.269855378722796,-0.1299508483603628,-0.011308459290804,0.0333390016907112,0.1383693522360248,1.81099604606794,-0.5538367347187634
1778869405932850432,11.876964569091797,13.616747856140137,0.0348739027976989,0.0637164862811346,0.0003339145705115,0.3320552714594947,0.9411054109784976,-0.1145152296843446,-0.1317381377344801,0.0129528244731358,-0.0617950552453985,0.0846400995694713,0.2230630189496596,1.81099604606794,-0.5538367347187634
1778869406032614656,11.902077674865724,13.659557342529297,0.0379466414451599,0.0594126217014713,0.0025746915030754,0.3427714937587652,0.9375346470465008,0.2517245638467402,0.4291065942549775,0.0308000054955453,-0.0480407468730503,0.0933544749086425,0.3648989754007248,1.81099604606794,-0.5538367347187634
1778869406132172800,11.89104175567627,13.643661499023438,0.0498707294464111,0.0556081805797345,0.0050357955098123,0.3600477399386592,0.931261507838297,-0.1106779443743803,-0.1594175576246259,0.1195852856351965,-0.0026526537670636,0.0061599570267334,0.2860342609136238,1.81099604606794,-0.5538367347187634
1778869406232022784,11.87492561340332,13.62053394317627,0.0356615185737609,0.0554406570913208,0.0044808438719484,0.3733048780341637,0.926039806712096,-0.1616733971096371,-0.2320102700340735,-0.1425435040918231,-0.0253062405597005,0.0584755553770327,0.3313366630929836,1.81099604606794,-0.5538367347187634
1778869406331787520,11.855561256408691,13.601093292236328,0.0311896204948425,0.0532481194741866,0.0057943466708773,0.3887309606416359,0.9197930764893544,-0.1940135926701423,-0.1947779899818198,-0.0448044318014962,-0.0282930607650353,0.0421515925925519,0.4115084030362205,1.81099604606794,-0.5538367347187634
1778869406431715840,11.833856582641602,13.581318855285645,0.0365567207336425,0.0512379240573278,0.0060857582455182,0.4076696767973732,0.9116704850464328,-0.2172992915996628,-0.1979744633472036,0.0537334535570863,-0.0564649535624408,0.0180236296437379,0.4952797148189617,1.81099604606794,-0.5538367347187634
1778869406531660032,11.821277618408203,13.572147369384766,0.0375696420669555,0.0484333045470087,0.0044866978884339,0.4301680049617836,0.9014375031359152,-0.1258598822169685,-0.0917660718180884,0.0101348694010384,-0.0343099058157607,-0.0117786798718521,0.576021050857638,1.81099604606794,-0.5538367347187634
1778869406631486208,11.80754852294922,13.561111450195312,0.034869372844696,0.0472498787960928,0.0018223797755425,0.455917719037323,0.8887649640672797,-0.1373398255934919,-0.1103984760883501,-0.0270123042809719,-0.0101484801453893,0.0458738904367157,0.6269715336817512,1.81099604606794,-0.5538367347187634
1778869406731602432,11.780095100402832,13.536334991455078,0.0409380197525024,0.0457838626202612,0.0021481451284224,0.4837201407297244,0.8740217668047473,-0.2739220425694155,-0.2472120980287426,0.0605511445361731,-0.034901499298439,0.02178013379182,0.5871466631250625,1.81099604606794,-0.5538367347187634
1778869406832363520,11.768927574157717,13.532483100891112,0.0490753650665283,0.0437648372257749,0.000904553546589,0.5093509761417822,0.8594448230741147,-0.1110976258989017,-0.0383196678911754,0.0809525516810944,0.0526124308138441,0.0009435970158956,0.5363528166042271,1.81099604606794,-0.5538367347187634
1778869406932670720,11.760183334350586,13.510048866271973,0.0474423766136169,0.0460246828646528,0.0011123669353071,0.5323628801000462,0.8452634234950623,-0.0868613581256026,-0.2228516292449205,-0.0162213752083592,0.0605160361347087,0.0997647690499519,0.4800121048089443,1.81099604606794,-0.5538367347187634
1778869407033674240,11.735406875610352,13.498072624206545,0.0408708453178405,0.0459387622288242,0.0058642173404848,0.5528401058157951,0.8319994341833697,-0.2461952404615112,-0.1190038425602639,-0.0652990705623617,0.0502013603024681,0.0421907878739917,0.4184821643660213,1.81099604606794,-0.5538367347187634
1778869407134248704,11.752622604370115,13.511903762817385,0.0411959290504455,0.0469791040273864,0.0080568276376032,0.5703048740887758,0.8200490240856257,0.1711739548498059,0.1375213753150197,0.0032322691036687,0.0032427689468977,0.0670417791904091,0.4374399368757821,1.81099604606794,-0.5538367347187634
1778869407234498048,11.715022087097168,13.48654556274414,0.0455765724182128,0.045360941108715,0.0098732693064795,0.5883027440429256,0.8073071193334649,-0.3750220748615729,-0.2529189887784823,0.0436918979886107,-0.0069281532293158,0.0683550896647389,0.4556461327824204,1.81099604606794,-0.5538367347187634
1778869407334430208,11.706257820129396,13.46985149383545,0.0458471179008483,0.0432853734279162,0.0113912495601465,0.6066810314676756,0.7936842835397343,-0.0877134017648666,-0.1670754187044603,0.0027076382658509,0.0199614090045816,0.0211896467685712,0.4548488838330543,1.81099604606794,-0.5538367347187634
1778869407433545472,11.696955680847168,13.450579643249512,0.0452343225479126,0.0436807998850956,0.0118481753679411,0.6245262478189331,0.7796913326740612,-0.0934448099451504,-0.1935957268168545,-0.0061558469028481,0.0075232026926948,0.0883406989243321,0.5051910712819967,1.81099604606794,-0.5538367347187634
1778869407533244160,11.695712089538574,13.443098068237305,0.0619338154792785,0.0415167675882894,0.0144006718446203,0.644059160605235,0.7637124958385346,-0.0125277323440409,-0.075368144355062,0.1682279188344654,-0.0017779818706966,0.0554879310550948,0.511605652382001,1.81099604606794,-0.5538367347187634
1778869407632291584,11.673022270202637,13.41627025604248,0.0301125049591064,0.0400284930383914,0.0153877172269737,0.663347644397538,0.7470815488123472,-0.2286660563745401,-0.2703683940766724,-0.3206924426142319,-0.026093840274854,0.0939494071255129,0.5284877368681126,1.81099604606794,-0.5538367347187634
1778869407731403520,11.680766105651855,13.400310516357422,0.0392858386039733,0.0363553675849977,0.016957550911647,0.6829237628791489,0.7293873201597504,0.0779642702737228,-0.1606812885505851,0.0923563353443408,-0.0110253263675076,0.0623336864269564,0.5528075557114775,1.81099604606794,-0.5538367347187634
1778869407831207680,11.680606842041016,13.388675689697266,0.0390651226043701,0.0342920340212137,0.0178376221347162,0.7028237878638696,0.7103130287781222,-0.001602069091208,-0.117037382711008,-0.0022202327263261,-0.0209091770117513,0.0766899129559812,0.5329165622764348,1.81099604606794,-0.5538367347187634
1778869407931069696,11.643545150756836,13.327288627624512,0.0298287272453308,0.0313217892978655,0.0189047332646018,0.7216178518057498,0.6913242600477936,-0.3711290114971154,-0.6147188343641043,-0.0924915771682564,-0.0572271534106434,0.1072120066011811,0.4980841908852202,1.81099604606794,-0.5538367347187634
1778869408032585472,11.658373832702637,13.30857753753662,0.0399278998374938,0.0258546941717225,0.019772347324211,0.7390747374598393,0.6728366232000509,0.1460726847598017,-0.1843170670131397,0.0994837747401832,-0.0406794112943527,0.0613628855176703,0.5136537505269704,1.81099604606794,-0.5538367347187634
1778869408131970560,11.655098915100098,13.276232719421388,0.0336017608642578,0.0227373693720145,0.0196635041015643,0.7561199318319342,0.6537423095738563,-0.0329518006015177,-0.3254494086199985,-0.0636527984282557,-0.0369791454990316,0.091580064208361,0.5166193878359286,1.81099604606794,-0.5538367347187634
1778869408232740864,11.653982162475586,13.230993270874023,0.0430471301078796,0.0185347181429219,0.0206723725798703,0.773010850262974,0.633784934035983,-0.0110821599239264,-0.4489363111112712,0.0937316736050838,0.0476278933964927,-0.0195459042784238,0.5557618455875536,1.81099604606794,-0.5538367347187634
1778869408333463552,11.638192176818848,13.186415672302246,0.050141155719757,0.021386858993578,0.0213756523934253,0.7903750238121737,0.6118766260293413,-0.1567601475904598,-0.4425584090608724,0.0704282148257585,-0.016319806098317,-0.0088487012779692,0.5439826421354403,1.81099604606794,-0.5538367347187634
1778869408434015488,11.614909172058104,13.134512901306152,0.0390627980232238,0.0218130491196065,0.0198619784743522,0.8068219160101242,0.5900576993353635,-0.2315160735018721,-0.5160985821359011,-0.1101583709279306,0.0169464596334108,-0.0361367897507662,0.5085675426519288,1.81099604606794,-0.5538367347187634
1778869408534574592,11.63174819946289,13.130127906799316,0.0533366799354553,0.0242817087973473,0.0189133274261106,0.8215835501177504,0.5692566686824733,0.1674872897733393,-0.0436148019696332,0.141973389469333,0.0157734775262843,0.0074450832056527,0.5794936740222059,1.81099604606794,-0.5538367347187634
1778869408634628608,11.632851600646973,13.099218368530272,0.0431663990020751,0.0249629006394494,0.01906175035264,0.8377327638156293,0.5451764115357391,0.0110280549266647,-0.3089285118652806,-0.1016479032023482,-0.0556916757331048,-0.0074904191183652,0.4484098296723262,1.81099604606794,-0.5538367347187634
1778869408733953280,11.603426933288574,13.031070709228516,0.0390154719352722,0.0241795807425469,0.0159603674376622,0.8497854172943385,0.526331985632886,-0.2942293493600662,-0.6814364700386211,-0.0415068267460952,-0.0873577308279653,-0.0871753663421709,0.5171206470309496,1.81099604606794,-0.5538367347187634
1778869408834163712,11.577261924743652,12.96786403656006,0.0331762433052063,0.0259801595268936,0.0093553675290463,0.8629962856461172,0.5044550717064492,-0.2628762242794302,-0.6350287037675973,-0.0586659229382897,-0.0054526309925161,-0.049404276976647,0.6355812412732141,1.81099604606794,-0.5538367347187634
1778869408933234176,11.60081386566162,12.961355209350586,0.0301060676574707,0.0282379047355906,0.0070646746244592,0.8783898548983479,0.4770576211740605,0.2376426032542123,-0.065675039164642,-0.0309785310653071,0.0359719134258762,0.1117245598200463,0.6204979470394799,1.81099604606794,-0.5538367347187634
1778869409032489728,11.620938301086426,12.957783699035645,0.040140151977539,0.0244248907625017,0.0104031094625976,0.892785445425138,0.4496991755182421,0.2028275122250395,-0.0359960683007664,0.1011302089790424,0.0447636486780291,0.0347026842204151,0.523948365121088,1.81099604606794,-0.5538367347187634
1778869409131510016,11.65350341796875,12.964953422546388,0.048368752002716,0.0241483733485569,0.0125231101725703,0.9041966880014596,0.4262491961088201,0.3279253442024966,0.0721979306444012,0.0828606421193429,0.0032716850490679,0.0471888531258068,0.6589901360133251,1.81099604606794,-0.5538367347187634
1778869409230979328,11.624828338623049,12.923425674438477,0.0388923287391662,0.0224943014129169,0.012872137628523,0.9177234584234856,0.3963735212347744,-0.2884447254897992,-0.4177306628792506,-0.0953240363845537,0.0130587522154547,0.1003631113935427,0.641575386532348,1.81099604606794,-0.5538367347187634
1778869409331729152,11.65119457244873,12.901631355285645,0.0466389656066894,0.0185291796622121,0.0147412667726441,0.93011804564315,0.3664966380800105,0.2623092422613687,-0.2168247228776742,0.0770688168901311,-0.0222262811321094,0.1079372693349584,0.5764071791885581,1.385634689884511,-0.1057492427647452
1778869409430941696,11.660691261291504,12.893115043640137,0.0275731682777404,0.013546568608506,0.0151429995105707,0.9403422954829276,0.3396226543837382,0.0954772410145657,-0.0856207835167776,-0.1916825702988185,-0.0547220593153471,0.0636445175406459,0.6624616734778374,1.385634689884511,-0.1057492427647452
1778869409531350784,11.681589126586914,12.887274742126465,0.0274623036384582,0.0101059369693534,0.0131863050250392,0.951190943818806,0.3081554474528194,0.2081495184883474,-0.0581712979155131,-0.0011042477764007,0.0054687200544384,0.0463637864791981,0.7721540892614903,1.385634689884511,-0.1057492427647452
1778869409631952640,11.691192626953123,12.844389915466309,0.0324453711509704,0.0084811799277726,0.0137626347145739,0.9624316992247136,0.2710422177450896,0.0956869176206706,-0.4272938740383634,0.0496500601224138,-0.0558014759932836,0.0593535982185428,0.8547047338863851,1.385634689884511,-0.1057492427647452
1778869409733634816,11.680840492248535,12.828478813171388,0.0142633914947509,0.0053990609501048,0.0114692712318308,0.9733533039152154,0.2289599347388147,-0.1018128460390296,-0.1564850781497162,-0.1788190695202885,-0.0491004784993786,0.0420362245386023,0.7092005908814941,1.385634689884511,-0.1057492427647452
1778869409832943616,11.704181671142578,12.832589149475098,0.0456487536430358,0.0032082517210559,0.0093754065532079,0.9808511411902894,0.194506677773704,0.2348329604438283,0.0413536285807109,0.3157645781877982,0.0347791877666165,-0.055582804996165,0.7171130533697279,1.385634689884511,-0.1057492427647452
1778869409933924352,11.722168922424316,12.841144561767578,0.0407747030258178,0.0066361272895463,0.0104284481158465,0.9872135848579052,0.1589230856625164,0.1782774290045186,0.0847954411536788,-0.0483082823086875,0.0573656579921241,0.007751214467792,0.7353181808476933,1.385634689884511,-0.1057492427647452
1778869410034201856,11.742697715759276,12.83453369140625,0.0464957356452941,0.0070893951586409,0.0130772807094838,0.9923689925357232,0.122403054942119,0.2047198276390793,-0.065925757000562,0.0570520045999075,0.0109962474793196,0.0180398114371454,0.7784515472604985,1.385634689884511,-0.1057492427647452
1778869410134187520,11.726462364196776,12.786260604858398,0.0180571675300598,0.0067653000998993,0.013447352900419,0.9963790240823084,0.0836793868483528,-0.1623560094132894,-0.4827382803384565,-0.2843900493834757,-0.0699996824614632,0.0475989664989336,0.7396636923614235,1.385634689884511,-0.1057492427647452
1778869410234079488,11.75403118133545,12.792049407958984,0.0289997458457946,0.0045962647061718,0.0099038151535509,0.9988442855712834,0.0468068582341061,0.2759460153437084,0.0579421721715895,0.1095281262386062,-0.0432152368357562,-0.0226199163985848,0.7847285373058107,1.385634689884511,-0.1057492427647452
1778869410333314560,11.76712131500244,12.780834197998049,0.0141454339027404,0.0060019216886014,0.0075181519951231,0.9999231367693788,0.0078214372022366,0.1316081884570956,-0.1127577077266097,-0.1493452347649836,-0.0272194475014397,0.0020179731403215,0.6792381493090918,1.385634689884511,-0.1057492427647452
1778869410432745728,11.80915355682373,12.784042358398438,0.0370998382568359,0.0061416271950752,0.0059570354120544,0.9996258282239644,-0.02598071769697,0.422159657040106,0.0322218334229458,0.2305473857636762,0.0083010320281158,-0.0040051305306322,0.8022178385572053,1.385634689884511,-0.1057492427647452
1778869410531940352,11.853911399841309,12.78709316253662,0.0196166634559631,0.0065622497800713,0.006124905169433,0.997793015978401,-0.065791486373359,0.4504462956150841,0.0307035221101307,-0.1759519850308969,-0.0374376529243315,-0.0056205901208031,0.7357601999819786,1.385634689884511,-0.1057492427647452
1778869410632072704,11.876923561096191,12.791768074035645,0.0221195220947265,0.0071839075232922,0.0040394678014963,0.9947219353105012,-0.1022758308922916,0.2311043050305775,0.0469487485810149,0.0251354664125025,0.0430713742219049,-0.0379365681731037,0.7450326382482417,1.385634689884511,-0.1057492427647452
1778869410731624960,11.94486141204834,12.811186790466309,0.0279505252838134,0.0089874216551319,0.0060955266056114,0.9902197126398216,-0.1390934632069468,0.6824340671106681,0.1950605361535616,0.0585722857861169,0.0073070125890701,-0.0113213776960898,0.6957453173922535,1.385634689884511,-0.1057492427647452
1778869410831259904,11.954327583312988,12.800390243530272,0.0368378162384033,0.0097010351665192,0.0062192432086924,0.984797155674908,-0.1733256273758162,0.0950043973077837,-0.1083563149225689,0.0891946381736083,0.0421639537063266,-0.0557313278927635,0.7739692280329808,1.385634689884511,-0.1057492427647452
1778869410931568896,11.966547966003418,12.790217399597168,0.0216776132583618,0.0123207893031014,0.0084046117151344,0.9772818248111098,-0.2114185317013003,0.1218171306048728,-0.1014065344281394,-0.151122307148563,0.0022740331493778,0.029634561989776,0.806558934200184,1.385634689884511,-0.1057492427647452
1778869411031749632,11.957518577575684,12.771052360534668,0.0168937444686889,0.0111757837905048,0.007697631358509,0.9679611359200364,-0.2507331004804294,-0.0901282213961625,-0.1912987681851798,-0.0477509178895754,0.0067465495324872,0.012411878171532,0.6967478130266873,1.385634689884511,-0.1057492427647452
1778869411131887872,11.961078643798828,12.770990371704102,0.041954219341278,0.0107499872492784,0.0074735411344451,0.9585994133611908,-0.2844569363904363,0.0354382699034516,-0.0006170606867732,0.2494616158176524,0.0847123800172485,-0.0265425239825951,0.7267923058729868,1.385634689884511,-0.1057492427647452
1778869411231976704,11.960061073303224,12.753604888916016,0.057305634021759,0.0110831243416643,0.0115334034757884,0.9475225119364938,-0.3192886379635967,-0.0101288755181427,-0.1730547335480248,0.1528076619728058,0.0787400541858083,-0.0425205848211748,0.790908228113496,1.385634689884511,-0.1057492427647452
1778869411332007936,11.91137409210205,12.672318458557127,0.0273717045783996,0.0122904753715557,0.0155038480128839,0.9340453892302538,-0.3566059250343972,-0.4856774544335027,-0.8108735765227534,-0.2986062042575959,0.0071681469441442,0.0282600794491569,0.8510523555318228,1.385634689884511,-0.1057492427647452
1778869411432167424,11.918253898620604,12.601923942565918,0.0198593735694885,0.0114899329284449,0.0147963407380992,0.9180043139902696,-0.3961276678513079,0.0686495624520789,-0.7024256726972214,-0.0749611541205487,0.007303683855844,0.0584002875888135,0.667887216645959,1.385634689884511,-0.1057492427647452
1778869411533139968,12.06690502166748,12.691320419311523,0.0332781076431274,0.0091446621544615,0.0135788633315753,0.904241394158366,-0.4267077345388029,1.4813764242528402,0.8908767747448996,0.1337238218761298,0.0523836190858685,-0.0505137344028242,0.6466377197701322,1.385634689884511,-0.1057492427647452
1778869411633587968,12.148165702819824,12.79409122467041,0.0444284081459045,0.0107464734219339,0.0167248966540798,0.889894575456735,-0.4557328556441582,0.8117423384020804,1.0266147499439418,0.1113843851129116,0.0475611429466275,-0.0932294264326753,0.7639286442392208,1.385634689884511,-0.1057492427647452
1778869411733416192,12.185770988464355,12.802934646606444,0.0215506553649902,0.0145342454667799,0.020638017444586,0.8712633082069274,-0.4901663755471084,0.3667568323878252,0.0862481260583359,-0.2231221488753693,-0.0166766679238728,-0.0495611681229161,0.766612215625488,1.385634689884511,-0.1057492427647452
1778869411832752896,12.183709144592283,12.820305824279783,0.0101566314697265,0.0177688376758653,0.0205572094171846,0.8524954444193589,-0.5220279559495513,-0.0213393749941188,0.1797857148556316,-0.1179242288354465,0.0204298077712703,0.0158490784471693,0.7670730068771555,1.385634689884511,-0.1057492427647452
1778869411932651776,12.20010471343994,12.820879936218262,0.0131512284278869,0.0173359633431728,0.0203180306980664,0.8318665495654047,-0.554332648973218,0.164128798402732,0.0057471810515614,0.0299775875427221,0.0227697334732248,-0.0072708654810613,0.7249142600057699,1.385634689884511,-0.1057492427647452
1778869412032302848,12.217449188232422,12.842357635498049,0.0295022726058959,0.0177309102128696,0.0208230961922684,0.8112754277608313,-0.5840241380281052,0.17404446337484,0.2155196216893809,0.164075807634928,0.0431191696374777,-0.0683290496896855,0.7799826230773163,1.385634689884511,-0.1057492427647452
1778869412131423744,12.213271141052246,12.846765518188477,0.0328662395477294,0.0200307972350376,0.0238453474969075,0.787886433488302,-0.6150326288010773,-0.0419729159424607,0.0442818574494529,0.0337946163826837,0.0273256589610366,0.0234719401481899,0.9144877340758008,1.385634689884511,-0.1057492427647452
1778869412231009280,12.225313186645508,12.83729648590088,0.0040172338485717,0.0193387142447524,0.0232621806109257,0.7590778096313617,-0.6502966738419004,0.1209791667597013,-0.0951296544513403,-0.289828554816544,-0.063790820627341,0.0830378380106817,0.8000509121368564,1.385634689884511,-0.1057492427647452
1778869412331261952,12.255101203918455,12.867687225341797,0.004412829875946,0.0191763034559142,0.0173568286623686,0.7326384857778853,-0.6801263552029426,0.2982145547455749,0.3042485422147346,0.003960400992169,0.036647887882199,-0.0410890400101535,0.7548603552254564,1.385634689884511,-0.1057492427647452
1778869412430997504,12.242120742797852,12.874267578125,0.0370367169380188,0.0200781140960451,0.0193638456997978,0.7063260156871748,-0.7073368860575148,-0.1295489127439122,0.0656739033085735,0.3255962218216307,0.0426069831776665,-0.0097021843047379,0.8963308819657446,1.385634689884511,-0.1057492427647452
1778869412531599872,12.264073371887209,12.89444351196289,0.0087202787399292,0.0197611667868289,0.0202932233105288,0.6738320429466098,-0.7383414245952142,0.2192462170063087,0.2015019317513996,-0.2828031179661478,-0.0524041583130306,-0.0011294112583358,0.7876239365317886,1.385634689884511,-0.1057492427647452
1778869412632029440,12.250720024108888,12.907967567443848,0.0102691054344177,0.0225319702662888,0.0177620234646378,0.6441246079669154,-0.7643823063427281,-0.1328021945308926,0.1344999229140543,0.0154034469401034,0.0339797072226591,-0.0800846242374717,0.8882433344064663,1.385634689884511,-0.1057492427647452
1778869412732271616,12.243699073791504,12.918617248535156,0.0144150853157043,0.0245864632612379,0.0209103732449332,0.609283001811251,-0.7922957060460019,-0.0699255940737384,0.1060661653112519,0.0412921460929528,-0.0354152791296741,-0.0092549107702075,0.9535953683787396,1.385634689884511,-0.1057492427647452
1778869412832780800,12.258231163024902,12.949785232543944,-0.0065438747406005,0.0272454461978853,0.0189982808267677,0.5707625727591353,-0.8204430732991034,0.1449853614112532,0.3109602035465663,-0.2091056798346371,-0.0149428992258091,-0.0442525110679301,0.8543522260531063,1.385634689884511,-0.1057492427647452
1778869412932947456,12.243241310119627,12.96037483215332,0.0074790716171264,0.0299194294860744,0.0192067462257217,0.5349890685154723,-0.8441105527166426,-0.1492022201953741,0.1054040878641961,0.1395780694764159,0.0229212862024809,-0.0892723988084591,0.8544931208830393,1.385634689884511,-0.1057492427647452
1778869413033240576,12.239367485046388,12.984700202941896,0.0126042366027832,0.0321371840030434,0.0222975317133916,0.4982033505140386,-0.8661774893290812,-0.0386518684446787,0.2427112773063564,0.0511373639845541,-0.0543724888751162,-0.0467141060460663,0.8590820586442602,1.385634689884511,-0.1057492427647452
1778869413133633536,12.245086669921877,13.01330852508545,0.0017004609107971,0.0365903873772381,0.0215639270352406,0.46046098541226,-0.8866633078658285,0.057085751460618,0.2855525049717557,-0.1088354796507436,-0.0497230237775598,-0.1617339048593209,0.7435997391009626,1.385634689884511,-0.1057492427647452
1778869413233255936,12.232991218566896,13.037249565124512,0.0230042338371276,0.0432929009944279,0.0262127919599084,0.4269208065485204,-0.9028716626393334,-0.1209362473389801,0.2393742453045618,0.2130055569039442,0.0524963001341292,-0.0844374877810197,0.8586725093956421,1.385634689884511,-0.1057492427647452
1778869413333343744,12.259568214416504,13.039772033691406,0.0022783875465393,0.0438086442208823,0.0292508993227727,0.3876525218804957,-0.9202992501681336,0.2666642437037399,0.0253095638221756,-0.2079558636903254,-0.042068338779634,-0.0195943568813939,0.7375389231016929,1.385634689884511,-0.1057492427647452
1778869413432614656,12.261551856994627,13.078949928283691,0.0023130178451538,0.0471626878954448,0.0277064753005428,0.3535748584559577,-0.9338055748199124,0.019893311102211,0.3929024583605441,0.0003472960862495,0.0529593316435189,0.0263385936045996,0.6089849956472665,1.385634689884511,-0.1057492427647452
1778869413532836864,12.33303451538086,13.212143898010254,0.0263695120811462,0.0450500394210202,0.0259673054181566,0.3250196491197617,-0.9442766653283092,0.7160896514332278,1.3342931769431037,0.2409900101795261,0.043378163362327,0.0185647738550701,0.6687131583067162,1.385634689884511,-0.1057492427647452
1778869413632057600,12.28433895111084,13.144379615783691,0.0281568169593811,0.043549604067476,0.0242819797076333,0.2933832694879164,-0.9546937072336996,-0.4889043764322441,-0.6803546615179793,0.0179445744204202,0.1053557580109819,-0.0802262656120706,0.8169115618569468,1.385634689884511,-0.1057492427647452
1778869413732149760,12.202816009521484,13.033724784851074,0.0057515501976013,0.0406564210940917,0.0278518884110823,0.2538964299140481,-0.965975119044304,-0.8162700622710855,-1.1079608264253016,-0.2243386725047498,0.0260597148610914,0.0818710955844948,0.6427896325590867,1.385634689884511,-0.1057492427647452
1778869413831477504,12.202816009521484,13.033724784851074,0.0057515501976013,0.0406564210940917,0.0278518884110823,0.2538964299140481,-0.965975119044304,-0.8162700622710855,-1.1079608264253016,-0.2243386725047498,0.0260597148610914,0.0818710955844948,0.6427896325590867,1.385634689884511,-0.1057492427647452
1778869413931591936,12.315872192382812,13.220894813537598,0.0408247709274292,0.0377752525997615,0.0179668796735961,0.191743894226422,-0.980553160492946,0.5668110320236602,0.9383833279939569,0.1758407893768317,0.0563837738038522,0.0339146966721642,0.7120755945784735,1.385634689884511,-0.1057492427647452
1778869414031226368,12.315872192382812,13.220894813537598,0.0408247709274292,0.0377752525997615,0.0179668796735961,0.191743894226422,-0.980553160492946,0.5668110320236602,0.9383833279939569,0.1758407893768317,0.0563837738038522,0.0339146966721642,0.7120755945784735,1.385634689884511,-0.1057492427647452
1778869414132264192,12.30899143218994,13.202073097229004,0.0120981335639953,0.0327672390685528,0.0129751019209395,0.1212950164500141,-0.9919906621326414,-0.034295810316835,-0.0938131825936321,-0.1431823342830005,0.0015258143340262,0.0201335965704339,0.7254396531829094,1.385634689884511,-0.1057492427647452
1778869414232217856,12.277567863464355,13.181670188903809,0.0181818008422851,0.0330179354862319,0.0107941292216552,0.0853556207947488,-0.995744807021014,-0.3149516605668814,-0.2044939552706483,0.0609752866826249,0.0228332532667535,0.0317851588236487,0.7918682511119465,1.385634689884511,-0.1057492427647452
1778869414332428032,12.239250183105469,13.175888061523438,0.0059372782707214,0.0321452526446378,0.0079881396617073,0.0458310987781439,-0.9983999112289352,-0.3823731470033499,-0.0577000022469775,-0.1221884149925196,-0.0696626957150292,0.0850173446461802,0.6762488387434183,1.385634689884511,-0.1057492427647452
1778869414432555008,12.11038589477539,13.099393844604492,0.0094355940818786,0.0356904617388507,0.0024752569847133,0.0121027581373772,-0.9992865391313922,-1.2842833065592971,-0.7623543117367844,0.0348648074308497,0.0247708669976711,-0.0016350269276721,0.6876801073428436,1.385634689884511,-0.1057492427647452
1778869414533611008,12.121793746948242,13.110891342163086,0.0228210687637329,0.0345078871756732,0.0013339124393232,-0.0225544051989442,-0.9991490005031268,0.1131194138915299,0.1140083308707812,0.1327293716405846,-0.0294751477253353,0.0484308858288698,0.6777904904676317,1.385634689884511,-0.1057492427647452
1778869414633448960,12.138511657714844,13.131230354309082,0.0024500489234924,0.0360574081107441,-0.0022159573948853,-0.0562538842403621,-0.9977627239785174,0.1674577573744589,0.2037291267270442,-0.2040497371652576,-0.0423805739218713,0.0565190642459677,0.6998458171892841,1.385634689884511,-0.1057492427647452
1778869414733328128,12.134081840515137,13.124069213867188,0.0105054974555969,0.0382304737352631,-0.0061761110932066,-0.0910303220616263,-0.9950948532653048,-0.0442961308313337,-0.0716081047174348,0.0805507735413494,0.0394387379900326,0.0303805570275053,0.7003274852983359,1.385634689884511,-0.1057492427647452
1778869414833103104,12.131182670593262,13.12636947631836,0.0198955535888671,0.0361706276044181,-0.0091963328083427,-0.1256826621062668,-0.9913682371386842,-0.0290409899101154,0.0230417327839468,0.0940602078423041,0.0008353065646152,0.0648380225983711,0.6643668131817866,1.385634689884511,-0.1057492427647452
1778869414933105408,12.120585441589355,13.121652603149414,0.0151189565658569,0.0362109945878261,-0.0136032202828035,-0.1583622669262835,-0.9866230833924708,-0.1061617165130301,-0.0472530462449106,-0.0478513523551184,0.0086642697838998,-0.0044967423864403,0.610718233401427,1.385634689884511,-0.1057492427647452
1778869415032443904,12.118658065795898,13.124013900756836,0.0219985842704772,0.0353183089809676,-0.0145466907470024,-0.1883321007666895,-0.981362334033583,-0.0193262015150078,0.0236772265963184,0.0689834705920251,0.056386594011064,-0.0110090028882317,0.720664128017465,1.385634689884511,-0.1057492427647452
1778869415131740928,12.066190719604492,13.063813209533691,0.0367108583450317,0.0319228916362867,-0.0157925367350195,-0.2233218260777765,-0.974093879854677,-0.5279795430975646,-0.6058002882440338,0.1480497930173892,-0.0376334715896372,0.0018831532660022,0.7667052799138475,1.385634689884511,-0.1057492427647452
1778869415231686144,12.080591201782228,13.07382583618164,0.015659749507904,0.0331414053237364,-0.0166714496416912,-0.2603255377070519,-0.964807921006843,0.1447537429022781,0.1006469898497363,-0.2116058864423994,-0.0192252539213139,-0.0481566687458215,0.7551976276242686,1.385634689884511,-0.1057492427647452
1778869415330998016,12.066479682922363,13.074296951293944,0.0287474989891052,0.0327906924142185,-0.015344492312142,-0.2964802089382007,-0.9543525568439786,-0.1418100350809895,0.0047343486740561,0.1315219312315983,-0.0524842486643078,-0.0276047049361283,0.7162996257291335,-0.8102521965794653,0.3989585506350086
1778869415431180544,12.05997371673584,13.07313632965088,0.0167288780212402,0.0343145360740704,-0.0144141105040661,-0.3305402852910309,-0.9430577213681683,-0.0650726555730498,-0.0116085344228088,-0.1202102132539412,0.0463113749185232,-0.0772427729342239,0.6249381890530334,-0.8102521965794653,0.3989585506350086
1778869415531519488,11.99781894683838,13.057557106018066,0.0331944227218627,0.0303740189513251,-0.0125964579188581,-0.3600365082128898,-0.9323585474346834,-0.6194481167498568,-0.1552659716332534,0.1640992424698508,0.0104975774356638,-0.0602959332390474,0.5117993818157505,-0.8102521965794653,0.3989585506350086
1778869415631862784,11.941329956054688,12.991082191467283,0.0166425704956054,0.0284549503872637,-0.0107362208325356,-0.3840070845087277,-0.922829132834351,-0.5613647170504001,-0.660600783976518,-0.1644856052966608,0.0086712181449864,-0.03795493306855,0.2346841563824678,-0.8102521965794653,0.3989585506350086
1778869415732730880,11.821996688842772,12.846046447753906,0.0253010988235473,0.0271889221574001,-0.0094754157553508,-0.3949368896312366,-0.9182569532634024,-1.1846620829477328,-1.4398193417787433,0.0859561666574189,0.025856934404425,-0.029042283276482,0.2431331311922828,-0.8102521965794653,0.3989585506350086
1778869415833474816,11.975960731506348,12.983892440795898,0.0306388735771179,0.0252977497400508,-0.0089789195979106,-0.4061756494519136,-0.913400648485242,1.5288149491343082,1.368767740798741,0.0530024393825625,0.106573545735084,-0.0494257339973076,0.2368847550225836,-0.8102521965794653,0.3989585506350086
1778869415933885440,12.063587188720703,13.100709915161133,0.0353646278381347,0.0133037358238988,-0.0093902903114797,-0.4277544920029913,-0.9037482656316728,0.436968342237895,0.5825356831775654,0.0235659990248002,0.05338199868625,-0.09417254986073,0.1092859851430693,-0.8102521965794653,0.3989585506350086
1778869416034115840,12.063587188720703,13.100709915161133,0.0353646278381347,0.0133037358238988,-0.0093902903114797,-0.4277544920029913,-0.9037482656316728,0.436968342237895,0.5825356831775654,0.0235659990248002,0.05338199868625,-0.09417254986073,0.1092859851430693,-0.8102521965794653,0.3989585506350086
1778869416134022912,11.985811233520508,13.03396224975586,0.0363423824310302,0.008827039614749,-0.0063499235427951,-0.4327162889626942,-0.9014645722983208,-0.7779846073890491,-0.6676697975716648,0.0097803751958901,0.0123972234459308,-0.135112673502752,-0.0166927464916212,-0.8102521965794653,0.3989585506350086
1778869416233578752,12.051124572753906,13.116256713867188,0.0247858762741088,0.0019198411843678,0.005229864954865,-0.4312924448204625,-0.9021949843371824,0.3287849688978874,0.4142673325371097,-0.0581750307359677,-0.0334560959671326,-0.2095857618682866,-0.0322757680165054,-0.8102521965794653,0.3989585506350086
1778869416332741888,12.051124572753906,13.116256713867188,0.0247858762741088,0.0019198411843678,0.005229864954865,-0.4312924448204625,-0.9021949843371824,0.3287849688978874,0.4142673325371097,-0.0581750307359677,-0.0334560959671326,-0.2095857618682866,-0.0322757680165054,-0.8102521965794653,0.3989585506350086
1778869416431961600,12.10910415649414,13.19475269317627,0.0109773278236389,-0.0010758380883113,0.0153298960720012,-0.4298345530209939,-0.9027768793495276,0.5842966982410421,0.7910533083676876,-0.1391574196748182,-0.2247666059753715,-0.4229988861451232,-0.2746575011704451,-0.8102521965794653,0.3989585506350086
1778869416531307520,12.23708152770996,13.299001693725586,-0.0169873833656311,-0.0002351585089797,0.039122300998342,-0.4171381117519739,-0.908000653077446,1.2855990184298949,1.04723523780219,-0.2809200166721098,-0.1602502285563146,-0.3572459391976276,-0.2708706252497841,-0.8102521965794653,0.3989585506350086
1778869416630842112,12.25246524810791,13.331338882446287,0.0301975607872009,-0.0009360236136768,0.0585418903030787,-0.404488528476127,-0.9126669717212048,0.1548328909481148,0.3254648605956654,0.4749034124009595,0.0763577820586109,0.0117805438038194,-0.4252223866310272,-0.8102521965794653,0.3989585506350086
1778869416730699520,12.352195739746094,13.418828964233398,0.0715126991271972,-0.0054201795730081,0.056429522510712,-0.3852418432328217,-0.9210727728389256,0.9986726985091218,0.8761007254241151,0.4137180115883895,0.0783342673690036,0.0214108619686538,-0.4067809839884499,-0.8102521965794653,0.3989585506350086
1778869416830622720,12.3510103225708,13.419525146484377,0.0551121830940246,-0.0097581192213178,0.0538145012102469,-0.3666683018247142,-0.9287427711728018,-0.0118636474854483,0.0069673875015102,-0.1641362592446969,-0.0755347337882466,-0.1762118269261307,-0.501457974230222,-0.8102521965794653,0.3989585506350086
1778869416931498752,12.439894676208496,13.450202941894531,0.0312153697013854,-0.0108361288294467,0.0631990220762837,-0.342752697147256,-0.9372347894305216,0.8810485823909469,0.3040875817938668,-0.2368724381916047,-0.0596450825697345,-0.146158595636978,-0.5769808577953047,-0.8102521965794653,0.3989585506350086
1778869417029306624,12.524524688720703,13.504730224609377,0.0522102713584899,-0.0123625676463162,0.0707212593322664,-0.3153239056460032,-0.9462645005112468,0.8471111832538287,0.5457953934902797,0.2101502228004781,0.0923135520040067,0.0279111111928289,-0.4676598011635185,-0.8102521965794653,0.3989585506350086
1778869417131814400,12.538671493530272,13.514342308044434,0.068629503250122,-0.0179604740532549,0.0676247991728141,-0.2933717921320473,-0.9534344757191496,0.1409448607724586,0.0957653533588789,0.1635850910582463,0.139143494628228,0.1011700279819455,-0.4086237473465742,-0.8102521965794653,0.3989585506350086
1778869417230948096,12.559995651245115,13.516660690307615,0.0897271037101745,-0.0245041803985172,0.0603579961049084,-0.2743307340162733,-0.9594264462809484,0.2126606902198886,0.0231206680646041,0.2104012892708563,0.0612608424685108,-0.0393017682691866,-0.392210309690331,-0.8102521965794653,0.3989585506350086
1778869417332111360,12.57833480834961,13.512883186340332,0.0494303703308105,-0.0291760101984604,0.0609122874702321,-0.2555366302219095,-0.9644373926175168,0.1827818692194107,-0.0376494531449862,-0.4016276325323691,-0.0782387183040369,-0.1726334075714211,-0.6003002453268624,-0.8102521965794653,0.3989585506350086
1778869417433016064,12.618854522705078,13.521039009094238,0.0507402420043945,-0.0294240701427593,0.0693792316319667,-0.2258006358555405,-0.9712542505243544,0.4028007049286671,0.0810758715060714,0.0130212476044889,-0.0317812201117739,-0.0285960951284142,-0.6418336082158561,-0.8102521965794653,0.3989585506350086
1778869417532460032,12.706550598144531,13.540271759033203,0.0873346328735351,-0.0304179335160426,0.0701489251023924,-0.1942613412694288,-0.9779654436204764,0.8740117687660088,0.1916807531939634,0.3647133367163566,0.1264974698556568,0.1459125532690159,-0.3474177411956611,-0.8102521965794653,0.3989585506350086
1778869417632702208,12.644862174987791,13.497312545776367,0.0754527449607849,-0.0363945076492712,0.0612494280634983,-0.1779120197138637,-0.9814638356130068,-0.6172792903134492,-0.4298672476070129,-0.1188949719095757,-0.0083028439992881,0.0141000150480792,-0.464807694655466,-0.8102521965794653,0.3989585506350086
1778869417732255232,12.711318016052246,13.518102645874023,0.0470178723335266,-0.0372745012305314,0.059770256277888,-0.1550742507208591,-0.9853883015267916,0.6650708876676422,0.2080613247109035,-0.2845680029929306,-0.0833949831705925,-0.0706786041077494,-0.5512613864501815,-0.8102521965794653,0.3989585506350086
1778869417832319488,12.763641357421877,13.535836219787598,0.0588075518608093,-0.0353640290392759,0.0628205030113617,-0.1277222932269288,-0.989186527235568,0.5279476056926478,0.1789334863365494,0.1189590136138639,-0.0036562895356669,0.0196334304255959,-0.5085112447179884,-0.8102521965794653,0.3989585506350086
1778869417931894528,12.80574893951416,13.545170783996582,0.0616471767425537,-0.0366433171374861,0.0609537365845432,-0.1025592995978681,-0.99218118273405,0.4211264908624987,0.0933568747890774,0.0283996658652587,0.0232572545979881,0.0268123271927886,-0.498747610462918,-0.8102521965794653,0.3989585506350086
1778869418031968512,12.844985961914062,13.543975830078123,0.0719941854476928,-0.0391592806155105,0.0585799907028402,-0.0779921419660327,-0.9944607389044986,0.3937218553795095,-0.0119907027876072,0.1038265193391806,0.0332214128574506,0.0406137281434378,-0.4877033485712289,-0.8102521965794653,0.3989585506350086
1778869418131680512,12.888372421264648,13.536853790283203,0.0885981321334838,-0.0420612114495065,0.0554674264632785,-0.0539641923814276,-0.996113490036934,0.4350618838101486,-0.0714169373608429,0.1664976684414778,0.0394553322302971,0.0492657493255711,-0.4564282979613137,-0.8102521965794653,0.3989585506350086
1778869418231491840,12.90279483795166,13.518781661987305,0.0835562348365783,-0.0451415955563611,0.0519400984315153,-0.0314775940414776,-0.9971327010979584,0.1445153247851746,-0.1810861207881412,-0.0505207581508841,0.0339567677603854,0.0157265640333168,-0.3954542131448281,-0.8102521965794653,0.3989585506350086
1778869418331416064,12.937372207641602,13.515777587890623,0.0945179462432861,-0.0478262021755102,0.0502008783672988,-0.0118915293166075,-0.9975224898352576,0.3459712049410277,-0.0300579004210011,0.1096797280302589,0.0118095513901805,0.0039685951416071,-0.3944217742980032,-0.8102521965794653,0.3989585506350086
1778869418431393536,12.953828811645508,13.510568618774414,0.0832103490829467,-0.049397572966597,0.0490399553180443,0.0077944292981108,-0.997544088970172,0.1641328344012031,-0.051952569627919,-0.1127783090455937,0.0076978969575455,-0.0470688905633122,-0.5937723553367705,-0.8102521965794653,0.3989585506350086
1778869418532317184,13.025479316711426,13.512388229370115,0.0971760749816894,-0.0512081459523171,0.0499074970282578,0.0376871138379541,-0.9967279714039664,0.7120101590060623,0.0180819552965296,0.1387811392069139,0.0350029535169604,0.0516455367443894,-0.4640933236957324,-0.8102521965794653,0.3989585506350086
1778869418632263424,13.010136604309082,13.475478172302246,0.0964959859848022,-0.0542045085766881,0.046184429222822,0.0606673849391286,-0.9956145530033044,-0.1528690663246952,-0.3677580478595649,-0.0067761532149924,-0.0626739763732877,-0.0243640347467529,-0.48527655833432,-0.8102521965794653,0.3989585506350086
1778869418732782336,13.06537914276123,13.47074031829834,0.0854614377021789,-0.0521058913207075,0.0458767239455247,0.0851225310799328,-0.993948920715872,0.5499923941671601,-0.0471698756037435,-0.1098594995552215,-0.0619815132765415,0.0083275746883788,-0.4386046732878508,-0.8102521965794653,0.3989585506350086
1778869418833366272,13.09445571899414,13.46206760406494,0.0924853682518005,-0.050049546805715,0.044040857044696,0.1070701597487649,-0.9920138238284208,0.2900721881243369,-0.0865202689101879,0.070071761112508,-0.0283348076501884,0.0088385722728459,-0.4292354669355815,-0.8102521965794653,0.3989585506350086
1778869418933453568,13.12880516052246,13.44900131225586,0.0951690673828125,-0.0496247476415912,0.0423652547731364,0.1283907853457068,-0.989574846006015,0.3432299360239811,-0.1305623119957956,0.0268163277206531,-0.0342614712484913,0.0146088101345932,-0.4793157691582554,-0.8102521965794653,0.3989585506350086
1778869419033509376,13.17097282409668,13.445316314697266,0.095162808895111,-0.0490239645016701,0.0402197984493042,0.1521185813725507,-0.9863259886662415,0.4214112477947602,-0.0368267835507271,-6.254548836740353e-05,-0.0835602218180843,0.0502464842597264,-0.6131091918671605,-0.8102521965794653,0.3989585506350086
1778869419133469952,13.229491233825684,13.426156997680664,0.0866609215736389,-0.0464954482958077,0.0355856108570186,0.1823162704683778,-0.981495091740252,0.5852874824707136,-0.1916270191626055,-0.0850338936016542,-0.0388244059501804,0.0777944516078343,-0.5116491488509164,-0.8102521965794653,0.3989585506350086
1778869419233012480,13.251925468444824,13.398128509521484,0.0980766415596008,-0.0461955569090519,0.0302385997018537,0.2071316004082815,-0.9767538572855688,0.2254098874180856,-0.2816186274110498,0.1147004210536617,-0.0309323363801344,0.0311577981245245,-0.3356356908641075,-0.8102521965794653,0.3989585506350086
1778869419331620864,13.274391174316406,13.379419326782228,0.0858793258666992,-0.0455136258323578,0.0276366943812639,0.2233460768529124,-0.9732837473941924,0.2263443927877124,-0.188497019896818,-0.1228892619680432,-0.0299469110291561,-0.0781758797872484,-0.3634310401417745,-0.8102521965794653,0.3989585506350086
1778869419431761152,13.292067527770996,13.3761625289917,0.0963109135627746,-0.0436872266685515,0.0302609671396609,0.2411191205526549,-0.9690393541016264,0.1776851090250185,-0.0327377743361445,0.1048597382849864,-0.0662251774605677,-0.0134941747430906,-0.3985167523624247,-0.8102521965794653,0.3989585506350086
1778869419531291136,13.319912910461426,13.3690185546875,0.0677403807640075,-0.0409156696926879,0.0292418380289876,0.2604680980687227,-0.9641717651802232,0.2790173974042071,-0.0715843319389997,-0.2862835750037421,-0.1097445387962548,0.0327244172031284,-0.5305247179731392,-0.8102521965794653,0.3989585506350086
1778869419631592448,13.385287284851074,13.354268074035645,0.0852575898170471,-0.0368109663973967,0.0251380209124722,0.2860468784508962,-0.9571782571632056,0.6535262503600519,-0.1474557332504583,0.1751138126534606,-0.1130020534173834,0.0946585969058531,-0.4664928281875462,-0.8102521965794653,0.3989585506350086
1778869419731578624,13.410259246826172,13.314403533935549,0.0678045749664306,-0.0333303632715086,0.0181222100916713,0.3082651268254528,-0.9505436780963146,0.2495796953905519,-0.3984220296742586,-0.1744323547507965,-0.0904126685618623,0.0389061398814645,-0.4622893053708443,-0.8102521965794653,0.3989585506350086
1778869419831859968,13.436970710754396,13.29738426208496,0.0848737955093383,-0.0300357438555529,0.0140957768636042,0.3302124637166418,-0.943323323135732,0.2665394258782504,-0.1698262199372793,0.1703246312490139,-0.0364086641363927,0.0437646703980717,-0.4882034836941241,-0.8102521965794653,0.3989585506350086
1778869419932289536,13.46761703491211,13.265861511230469,0.0849040746688842,-0.0293732352285336,0.0106785203407387,0.3531961971168745,-0.9350270737244564,0.3051352927829794,-0.3138615829360075,0.0003014795564294,-0.034227219741702,0.023711163128149,-0.4739890707541274,-0.8102521965794653,0.3989585506350086
1778869420032616448,13.493717193603516,13.233272552490234,0.0802116990089416,-0.0284336573009187,0.0082589687886694,0.3753067638328221,-0.9264276278200992,0.2601770131097005,-0.3248600150535182,-0.0467755119050103,-0.0133853262447859,0.0137759166422464,-0.4624592599750962,-0.8102521965794653,0.3989585506350086
1778869420132882176,13.507475852966309,13.197044372558594,0.0792199969291687,-0.0282550195993005,0.0067060042961759,0.3966683817963519,-0.9175025222073704,0.1372219564675109,-0.3613216664786723,-0.009890738336567,-0.0118332883990036,-0.0485231061607508,-0.4495561530288735,-0.8102521965794653,0.3989585506350086
1778869420232940800,13.537591934204102,13.167997360229492,0.0784111618995666,-0.0268919799084856,0.0080617879260635,0.4172825917006615,-0.9083430341317184,0.300845814775889,-0.2901663075602149,-0.0080798903276481,-0.0313163801411296,0.0003907533146865,-0.4493358989442588,-0.8102521965794653,0.3989585506350086
1778869420333042432,13.56302261352539,13.14304542541504,0.0751824975013732,-0.025651546601028,0.0067838282440899,0.4376059229262391,-0.8987752967517546,0.2541655991393635,-0.2493808121158894,-0.0322687180636884,-0.0037984788714897,-0.0350673592950141,-0.501168460734267,-0.8102521965794653,0.3989585506350086
1778869420433150208,13.595120429992676,13.117461204528809,0.0812975764274597,-0.0248746982653778,0.0076324943865235,0.4600576586398203,-0.8875077155396974,0.3206325996823497,-0.2555667692212138,0.0610849543404993,0.0584564606548999,0.0206976389276721,-0.5418757770315302,-0.8102521965794653,0.3989585506350086
1778869420533041664,13.614594459533691,13.070122718811035,0.1082881093025207,-0.028138434216757,0.0073822137343411,0.4838558537167937,-0.8746640750963782,0.1949519040047943,-0.4738992463756112,0.2701986131331874,0.0450596051623405,-0.0009036817324741,-0.4848831790172568,-0.8102521965794653,0.3989585506350086
1778869420632593920,13.63136100769043,13.048087120056152,0.0848616957664489,-0.030250589920601,0.00782595652575,0.5048310861987105,-0.8626524390629998,0.1682240392091445,-0.221090077354331,-0.2350445585090797,-0.0001159406752616,-0.0075666358632366,-0.5721320726889877,-0.8102521965794653,0.3989585506350086
1778869420732365824,13.626861572265623,13.00777816772461,0.0837062001228332,-0.0302660770640508,0.0072825902175786,0.5292355108778362,-0.8479037106209357,-0.0451332346270208,-0.404333706651185,-0.0115906221714633,0.0549540233530116,0.0621277314308763,-0.4343206456703817,-0.8102521965794653,0.3989585506350086
1778869420834934784,13.64474391937256,12.978830337524414,0.0817188024520874,-0.034494950837822,0.0053971734117055,0.5478623000295362,-0.8358396192405614,0.1743890232787008,-0.2822998460136358,-0.0193811436829426,0.033375815043115,-0.0054948477812015,-0.4399810931000292,-0.8102521965794653,0.3989585506350086
1778869420931542272,13.656773567199709,12.95131015777588,0.0751858949661254,-0.0358041780652862,0.0057680079269756,0.5655055642458315,-0.823946750539516,0.1244872159077811,-0.2847889320953575,-0.0676049271263895,-0.0167331777829744,-0.0584575447032209,-0.4853944233169558,-0.8102521965794653,0.3989585506350086
1778869421031536384,13.64171314239502,12.907344818115234,0.0608919858932495,-0.0335913874998978,0.0068323897170712,0.585441044837836,-0.8099899506510984,-0.1506027058751762,-0.4396488946017919,-0.1429376270474677,-0.0158895769353386,-0.0310032561818462,-0.5770362989443771,-0.8102521965794653,0.3989585506350086
1778869421131329024,13.621176719665527,12.8719482421875,0.0546510219573974,-0.032221115495692,0.0066505494321474,0.6086620387185029,-0.7927471807149484,-0.2049921583278013,-0.3533244612470825,-0.0622965685946374,0.0737410316279366,0.0771482520106109,-0.5232786909988653,-0.8102521965794653,0.3989585506350086
1778869421231506432,13.670820236206056,12.84275722503662,0.0691784024238586,-0.0376555644250011,0.0049910026420253,0.6290419409723245,-0.7764427762934191,0.4962687367219479,-0.2918123093328615,0.1452251019744785,0.042942468087706,0.0259333882031573,-0.4558919314602861,-0.8102521965794653,0.3989585506350086
1778869421331920896,13.61475658416748,12.79588794708252,0.0561254620552063,-0.0402486885829738,0.0044738871177231,0.6465592065555884,-0.7617881725385456,-0.559180682295339,-0.4674756972134439,-0.1301904502453995,-0.024396132498166,0.0288512925234695,-0.5633647263457754,-0.4139770366120614,0.6275956394049544
1778869421432433408,13.59697437286377,12.743964195251465,0.0486361980438232,-0.0403624920784761,0.0014397167645598,0.6677834055942935,-0.7432591201335778,-0.1771513754135121,-0.5172789759607467,-0.0746101481863817,0.0211445869779633,0.0350769213910237,-0.5040260930100233,-0.4139770366120614,0.6275956394049544
1778869421532544000,13.63277816772461,12.734549522399902,0.0440829396247863,-0.0423448210672844,-0.0001771069313378,0.6862469161425654,-0.7261350114453462,0.357642424698203,-0.0940427247854636,-0.0454822844223963,0.0422750413046549,0.0697061064651055,-0.4024583607180766,-0.4139770366120614,0.6275956394049544
1778869421631988992,13.62803554534912,12.683019638061523,0.0559045076370239,-0.0462573267408165,-0.0021085991019498,0.7005610004669096,-0.7120885465708766,-0.0474429844123896,-0.5154809524944,0.1182574581171134,0.0363060866478828,0.1450832860257392,-0.2279919178213584,-0.4139770366120614,0.6275956394049544
1778869421732313344,13.61040496826172,12.61087131500244,0.0332480072975158,-0.0525910494417593,-0.0065208226530545,0.7082664928322078,-0.7039532907243958,-0.1766508193865063,-0.7228952474196658,-0.2270084143907308,-0.0349944629461284,-0.0117623973626481,-0.2634127252709608,-0.4139770366120614,0.6275956394049544
1778869421832116480,13.603952407836914,12.546493530273438,0.0449522733688354,-0.0508557292272322,-0.0080351344758873,0.7174765734610612,-0.6946772617217978,-0.0646528824986546,-0.6450477140218268,0.1172735300754536,0.0031183814960142,0.0039558845107439,-0.2611282467870351,-0.4139770366120614,0.6275956394049544
1778869421932200448,13.6026611328125,12.487780570983888,0.0435476303100585,-0.050996819713872,-0.0087245357794173,0.7264838316593396,-0.6852331349198381,-0.0129019167626834,-0.5866370055351594,-0.0140346459762462,-0.0200744009867975,0.0509743366157309,-0.2493760061271646,-0.4139770366120614,0.6275956394049544
1778869422032072192,13.607624053955078,12.425329208374023,0.0283349156379699,-0.0520484339888317,-0.0118375300507303,0.7348357523003763,-0.6761414427046668,0.0495930283522785,-0.6240583131531436,-0.1520162356752857,-0.0344126058806412,-0.0456585919391243,-0.262513924942155,-0.4139770366120614,0.6275956394049544
1778869422132382976,13.599556922912598,12.356650352478027,0.023671805858612,-0.0490441913498969,-0.0122408593583017,0.7437521482549979,-0.6665414995505387,-0.0805830172244974,-0.6860368820690602,-0.0465800609523978,-0.0210593200939591,-0.1188603327554141,-0.2612138376412818,-0.4139770366120614,0.6275956394049544
1778869422232354048,13.60655117034912,12.30153751373291,0.0232518911361694,-0.0437528677339811,-0.0096999118436467,0.7526665716562992,-0.6568748969068852,0.0698820068623227,-0.5506519193582804,-0.0041955169275383,0.0201434224609597,-0.1718844734071493,-0.2482766582501726,-0.4139770366120614,0.6275956394049544
1778869422332596224,13.614895820617676,12.247528076171877,0.0277459621429443,-0.0378127236764746,-0.0038309236867217,0.7611314038399299,-0.6474832106244381,0.0833349272182268,-0.53937222093141,0.0448806203028561,-0.0100030700129343,-0.2056635103954075,-0.2447971140675313,-0.4139770366120614,0.6275956394049544
1778869422432663552,13.612923622131348,12.19052791595459,0.0289154648780822,-0.0296057212592052,0.0019874953255474,0.7693506024193711,-0.6381372906264012,-0.0197101272507275,-0.5696588953814005,0.0116879958530743,-0.0179827079039835,-0.1816228488270177,-0.2485686864265859,-0.4139770366120614,0.6275956394049544
1778869422532761856,13.58790397644043,12.139698028564451,0.0140550732612609,-0.0220594339929333,0.0067270379434109,0.7774683958900627,-0.6284990228509126,-0.2499507453282805,-0.507799686497123,-0.1484579760393214,-0.0277981692401213,-0.1944299968101064,-0.2423650827520829,-0.4139770366120614,0.6275956394049544
1778869422632683520,13.573747634887695,12.086424827575684,0.0117952823638916,-0.0137130751804164,0.0114845264790221,0.7852079559808819,-0.6189737660716925,-0.1416682273487693,-0.5331264381520887,-0.0226146401891079,-0.0660124486643608,-0.1751968528399191,-0.2418785800349156,-0.4139770366120614,0.6275956394049544
1778869422732264960,13.542346000671388,12.010594367980955,-0.001243770122528,-0.0049338853063343,0.0141463164803348,0.7927558879940728,-0.6093551021830795,-0.314176396186315,-0.7586911035429481,-0.1304569848705509,-0.1238944010690698,-0.1287255314084327,-0.2278716272697251,-0.4139770366120614,0.6275956394049544
1778869422832317440,13.521388053894045,11.936984062194824,-0.0062597393989562,0.0037633195913334,0.013102018724914,0.7997196419573708,-0.6002188507524238,-0.2100375849506152,-0.7377120964687924,-0.0502693362188696,-0.0844143637500479,-0.0916260571472495,-0.2387501882595165,-0.4139770366120614,0.6275956394049544
1778869422931571456,13.49487018585205,11.868563652038574,-0.0054494142532348,0.0098036111593868,0.0125201558601423,0.8068502317078595,-0.5905419870749639,-0.2651739285032725,-0.6841918408450977,0.0081031062495549,-0.0704438115992552,-0.06272001096833,-0.2429949576609793,-0.4139770366120614,0.6275956394049544
1778869423032228352,13.47423267364502,11.803935050964355,-0.0079537034034729,0.0142582873107758,0.0116487844008878,0.813965788187456,-0.580620963043291,-0.2064924758742393,-0.6466535168690135,-0.025057131971627,-0.1184132392624372,-0.0282630859942678,-0.2558101967997876,-0.4139770366120614,0.6275956394049544
1778869423132307712,13.45036506652832,11.761980056762695,-0.0196825861930847,0.0186935903199691,0.0078331643503126,0.8213557675928419,-0.5700560448404908,-0.2387861038034447,-0.4197433597564608,-0.1173428995041211,-0.1251230273294589,-0.0187663331910516,-0.2430069324863745,-0.4139770366120614,0.6275956394049544
1778869423231835904,13.45612335205078,11.720128059387209,-0.0172191858291625,0.0229303111826648,0.0034594401357044,0.8282310884396298,-0.5599066861943334,0.057627260486442,-0.4188427171989908,0.0246530002550944,-0.1223226263048049,-0.0298525844615534,-0.2384027112828098,-0.4139770366120614,0.6275956394049544
1778869423332218624,13.458383560180664,11.688414573669434,-0.0238935947418212,0.0275468703325185,-0.0004966714556364,0.8348157617730363,-0.5498395831037027,0.0226054377542414,-0.3171819523542385,-0.0667540007606658,-0.1312736057743915,0.0203717317836337,-0.2264432607827307,-0.4139770366120614,0.6275956394049544
1778869423431850496,13.483007431030272,11.684189796447754,-0.0178838372230529,0.0303092170047563,-0.0062252112621729,0.8409950196539582,-0.5401573613555022,0.2461908096120749,-0.042239554089136,0.0600858848778966,-0.1451460603604444,0.0068632410964441,-0.2469771451910805,-0.4139770366120614,0.6275956394049544
1778869423532249088,13.45191764831543,11.616170883178713,-0.0134472846984863,0.034014749042911,-0.0121394538282151,0.8475447344197031,-0.5294936767004259,-0.3108636072824731,-0.6801142657118966,0.0443606420261815,-0.1279161054023706,-0.0092350803356596,-0.24046553033238,-0.4139770366120614,0.6275956394049544
1778869423632335872,13.34658145904541,11.46112060546875,0.0074143409729003,0.0379384400928932,-0.0169092391705339,0.853743625293477,-0.5190342711851912,-1.05252391525965,-1.5492693108448337,0.2084502969254329,0.0231802407483789,-0.050464983137142,-0.2139586090301967,-0.4139770366120614,0.6275956394049544
1778869423732264448,13.317549705505373,11.395737648010254,0.0211738348007202,0.0396683876263813,-0.0142051801392699,0.8591639950553512,-0.5099626079242109,-0.2905250400052221,-0.654296899603115,0.1376932843297202,0.0289605533308153,-0.1219937241584985,-0.2035531911057065,-0.4139770366120614,0.6275956394049544
1778869423831870464,13.299489974975586,11.356649398803713,0.0373532772064209,0.0443007446621629,-0.0094576015443022,0.8640593548247834,-0.5013476130741882,-0.1810445577732911,-0.391850519588841,0.1621951108587975,0.0034174623838238,-0.093904593874628,-0.2532032480220895,-0.4139770366120614,0.6275956394049544
1778869423932245248,13.23210906982422,11.25545597076416,0.0287024974822998,0.0484018305458685,-0.0063837158977952,0.8701419865900738,-0.4903768287187161,-0.6714695441867703,-1.0084207810472727,-0.0862074367384464,0.0235077417335064,-0.0033811371767908,-0.2745761140020345,-0.4139770366120614,0.6275956394049544
1778869424032431872,13.180299758911133,11.186261177062988,0.0294101238250732,0.0480553758916043,-0.0046118414372571,0.8767951045109895,-0.4784346940513798,-0.5177511448545474,-0.6914912208899338,0.0070715927821314,0.0370545836900763,0.0976860879263467,-0.2798689560343657,-0.4139770366120614,0.6275956394049544
1778869424132121856,13.150029182434082,11.130146026611328,0.0450522303581237,0.0429419863935737,-0.0046512508570162,0.8836402742160091,-0.4661697303059212,-0.3024804289503572,-0.5607337802800154,0.1563046246374389,-0.0313762706249875,-0.0349261146882065,-0.2285213873408623,-0.4139770366120614,0.6275956394049544
1778869424232407040,13.113044738769531,11.09111499786377,0.0214970707893371,0.0452643921981117,-0.004732389572377,0.8888193739879039,-0.4559921706692138,-0.3701960340307563,-0.3906813409859664,-0.235775525851278,-0.1480734767015334,-0.1261994997066906,-0.2935260108336984,-0.4139770366120614,0.6275956394049544
1778869424331654656,13.07024097442627,11.025186538696287,0.0190687775611877,0.054310205733234,-0.0077702125817838,0.8950524888717294,-0.4425732340688604,-0.4280661355144238,-0.659328476577939,-0.0242845486610431,0.0035722360893049,0.1723146778632638,-0.3274405279649477,-0.4139770366120614,0.6275956394049544
1778869424432322816,13.014607429504396,10.953550338745115,0.0342872142791748,0.0466329848284373,-0.0105345784491377,0.902618809520711,-0.4277775965175174,-0.5559739327290332,-0.7158964949752136,0.1520854751206105,0.2277715386469201,0.4532249977016425,-0.2814518424436403,-0.4139770366120614,0.6275956394049544
1778869424533283584,13.013534545898438,10.94145965576172,0.0410592555999755,0.0212326659671162,-0.0092782772141889,0.9094874485527972,-0.4150851339096458,-0.0106417676705064,-0.1199256271348274,0.0671708375362367,0.1322549574962805,0.3777496951962734,-0.2136388138782898,-0.4139770366120614,0.6275956394049544
1778869424633895936,12.95860767364502,10.90675449371338,0.0525144934654235,0.0012846664105115,-0.010884339570183,0.914176250833454,-0.4051686848664697,-0.5459493504834282,-0.3449542983495517,0.11386010919064,-0.0160219325621229,0.1820358400219432,-0.2713338905631561,-0.4139770366120614,0.6275956394049544
1778869424731923456,12.908947944641112,10.849225044250488,0.0151624679565429,-0.0064101254258134,-0.0151993554033509,0.9194507166168358,-0.3928590963693412,-0.5064997243293213,-0.586766196236787,-0.3809684628343753,-0.0520131435772342,0.1724523470772329,-0.2600289723753914,-0.4139770366120614,0.6275956394049544
1778869424831869952,12.87269401550293,10.812780380249023,0.0281928777694702,-0.0131130546457315,-0.0210550470301514,0.9243450551264626,-0.3807505113006064,-0.3627965576769846,-0.3647052598086536,0.1303965649414644,0.0398546137851116,0.2345423840392879,-0.25977842694206,-0.4139770366120614,0.6275956394049544
1778869424931874304,12.854318618774414,10.780431747436523,0.0453863739967346,-0.0244360834328282,-0.0238452185421474,0.9290353541161998,-0.3684122611712704,-0.1837459706604363,-0.3234722506125183,0.1719274799886431,0.077416635111226,0.1271185967589878,-0.2423436958489051,-0.4139770366120614,0.6275956394049544
1778869425032001536,12.801252365112305,10.730213165283203,0.0304306149482727,-0.0314846427751952,-0.0228831321398626,0.933347927955392,-0.3568567288340861,-0.5299651872291508,-0.5015258937012548,-0.1493610552337062,0.0092440528498924,-0.0526332629013907,-0.251178406675191,-0.4139770366120614,0.6275956394049544
1778869425131879424,12.752596855163574,10.683842658996582,0.015201449394226,-0.0289006885786893,-0.0219051308134267,0.9378506963315988,-0.345139083318682,-0.4860424607830887,-0.4632164991602368,-0.1521311997215026,0.0007268716157447,-0.0831324867787286,-0.2521202163770583,-0.4139770366120614,0.6275956394049544
1778869425231963904,12.70203971862793,10.6314697265625,0.0109890699386596,-0.0247271951733231,-0.0207964150390006,0.9422491895245426,-0.3333504758969584,-0.5044594560021233,-0.522577479962813,-0.0420311511735117,-0.0022760761496731,-0.0665038295789098,-0.2381037470472383,-0.4139770366120614,0.6275956394049544
1778869425332502272,12.660202026367188,10.596365928649902,0.0140751600265502,-0.0213007286658459,-0.0200867620909689,0.9462323798910898,-0.3221600288562337,-0.4176466757475956,-0.3504252675539833,0.0308070353936453,0.0302995751415289,-0.1141477988943229,-0.2272854900551057,-0.4139770366120614,0.6275956394049544
1778869425432126208,12.609588623046877,10.550769805908203,0.0080593824386596,-0.0161505379668397,-0.0170504144378915,0.9499733854028392,-0.3114466415249108,-0.5053616788424441,-0.4552654361459167,-0.060065975846739,-0.0097276173706464,-0.1037678425123785,-0.2372370054902932,-0.4139770366120614,0.6275956394049544
1778869425532605184,12.55313205718994,10.515817642211914,-0.0008436441421508,-0.0108623271093705,-0.0160859168371318,0.9536664170360318,-0.300239268162803,-0.5640920017970674,-0.3492283968624896,-0.0889555715937181,-0.0274292836275013,-0.1664477313461845,-0.2365677688308794,-0.4139770366120614,0.6275956394049544
1778869425632390656,12.47666072845459,10.461706161499023,-0.0079292654991149,-0.0023187274344821,-0.0150214616181034,0.9571869149447364,-0.2890712525529276,-0.7643610697727932,-0.5408655762715222,-0.07082357806489,-0.0056312892123802,-0.0355236787888191,-0.262293768494532,-0.4139770366120614,0.6275956394049544
1778869425732659200,12.432534217834473,10.43301773071289,-0.0041171312332153,-0.0003426264723849,-0.0148069088974496,0.9608891893674332,-0.2765368037220365,-0.4418408424923894,-0.2872586173299342,0.0381710811045031,0.0063800026134876,0.0496277480295769,-0.2435652111998556,-0.4139770366120614,0.6275956394049544
1778869425831646720,12.371427536010742,10.397319793701172,0.0004458427429199,-0.0026271971785261,-0.0151883374978366,0.964175799919328,-0.2648158588320584,-0.6130930662979284,-0.3581630847860172,0.0457810442814783,0.0444830310369351,-0.0004393917200896,-0.2379954732346973,-0.4139770366120614,0.6275956394049544
1778869425932344064,12.322125434875488,10.361072540283203,0.0032545328140258,-0.0030141248883886,-0.0130679225833924,0.967290627219557,-0.2533159824087452,-0.4929452949550216,-0.362416866948768,0.0280825872256496,-0.0077988444391512,0.0142663449092341,-0.2559592346457514,-0.4139770366120614,0.6275956394049544
1778869426032128512,12.270593643188477,10.333707809448242,-0.013104498386383,-0.00343704542795,-0.0136621886137401,0.9704399949177788,-0.2409310017100132,-0.5162734771237527,-0.274154735867289,-0.1638936595006801,0.0075456699456388,0.0925810954659672,-0.2560634981216075,-0.4139770366120614,0.6275956394049544
1778869426132091648,12.190977096557615,10.289127349853516,-0.0029476881027221,-0.0078418229240934,-0.014453521641561,0.9734218746907684,-0.2284282281131072,-0.7967018697432741,-0.4461049494875556,0.1016365326813095,-0.000443344321507,0.0698777119876195,-0.2560672392075266,-0.4139770366120614,0.6275956394049544
1778869426231980800,12.154995918273926,10.269937515258787,-0.008247435092926,-0.0110483880714503,-0.0153712866387258,0.9762299741527464,-0.2159089952591625,-0.3602110696031325,-0.1921112974781794,-0.053056281729178,0.0436708701705196,-0.0396539254371755,-0.2279401763708256,-0.4139770366120614,0.6275956394049544
1778869426331846912,12.104437828063965,10.249963760375977,-0.0021125078201293,-0.0094089996480702,-0.0129374339781699,0.9786775161979164,-0.2047789364567555,-0.5057803009257295,-0.1998163244159746,0.0613734686042632,-0.0164243087989705,-0.0879046828942952,-0.248454591517504,-0.4139770366120614,0.6275956394049544
1778869426431971840,12.053016662597656,10.224080085754396,-0.023833692073822,-0.0047765004254749,-0.0129568505335154,0.9811675187049882,-0.1926644889600421,-0.5140550529315437,-0.2587579182035095,-0.217145691273445,-0.042835264644402,-0.0721520829240248,-0.2399176394350787,-0.4139770366120614,0.6275956394049544
1778869426532125184,11.970477104187012,10.187507629394531,-0.0337024927139282,-0.0006620122849635,-0.0144217391657476,0.9833922663925138,-0.1809177315206145,-0.8240960176504795,-0.3651487386437536,-0.0985326243937014,0.0080136985308989,-0.0077454237714106,-0.2411435987003957,-0.4139770366120614,0.6275956394049544
1778869426631947776,11.923352241516112,10.171324729919434,-0.0109785795211792,-0.0001797800585837,-0.0139646234092134,0.9855078112350906,-0.1690541657776889,-0.4712860279684724,-0.1618418385193874,0.2272571670564165,0.0551073958412169,-0.0153078159756579,-0.2495818500823576,-0.4139770366120614,0.6275956394049544
1778869426732379392,11.858399391174316,10.14683723449707,-0.0023115277290344,0.0002841726602836,-0.0111136359037541,0.9875803670323202,-0.1567208505439065,-0.6478583763518008,-0.2442453093555116,0.0864476627625783,-0.013463855239504,8.492228504478028e-05,-0.2437285311052655,-0.4139770366120614,0.6275956394049544
1778869426832311296,11.79738712310791,10.125170707702637,-0.0209733247756958,0.0005207299148967,-0.0117743764238827,0.9894079561539604,-0.1446823734925138,-0.6105384329155904,-0.2168129088628438,-0.1867451364347968,-0.0272783734644823,0.0317263670986737,-0.2536068503827874,-0.4139770366120614,0.6275956394049544
1778869426932415744,11.742012977600098,10.108631134033203,-0.0263540148735046,-0.0007034345656006,-0.0133473821900595,0.9911473162342804,-0.1320922029874111,-0.5531636866705353,-0.165223164403539,-0.0537507593849128,-0.0191469332366784,0.0399478985516802,-0.2471929675859319,-0.4139770366120614,0.6275956394049544
1778869427032390144,11.681078910827637,10.100744247436523,-0.0244978070259094,-0.0023917457098841,-0.0145677944758227,0.9926876777321014,-0.1198049806786729,-0.6092954336318914,-0.0788630111768826,0.0185607005295532,0.0109536751712926,0.0783948475944355,-0.2454539808307662,-0.4139770366120614,0.6275956394049544
1778869427132357376,11.620316505432127,10.086438179016112,-0.0290811657905578,-0.0061668661101774,-0.0145218944707589,0.9940731805763174,-0.1075620565173586,-0.6080240851609681,-0.1431548686552356,-0.0458637623329819,-0.028484360390939,0.0861059512034806,-0.2508599699140305,-0.4139770366120614,0.6275956394049544
1778869427232005120,11.547284126281738,10.0635347366333,-0.0412347316741943,-0.0101046255144979,-0.0164737789138298,0.9952849265867856,-0.0950495978983979,-0.7314397930824696,-0.2293844093845467,-0.1217213764436657,-0.0271775269692593,0.0511100128816611,-0.2347830464972723,-0.4139770366120614,0.6275956394049544
1778869427331844864,11.503536224365234,10.054901123046877,-0.0146688818931579,-0.0123219230109461,-0.0181843524965757,0.9962785786829323,-0.0833456249308187,-0.438034095971467,-0.0864456798297406,0.2659955673933724,0.0400887407834784,0.0386134130859421,-0.2332365127592212,-0.4139770366120614,0.6275956394049544
1778869427431924224,11.444403648376465,10.048320770263672,-0.0094081759452819,-0.0141979536644769,-0.0164920929138855,0.9971908908435624,-0.0716711671572594,-0.591806022310828,-0.0658569720820048,0.0526497858329506,-0.0157752273336122,-0.0376042840458707,-0.2248929002750039,0.3250914905434348,0.7622063942223232
1778869427531892224,11.378400802612305,10.038456916809082,-0.0296320915222167,-0.0120823792636406,-0.0173015904870219,0.99794463933387,-0.0605075854975305,-0.6607202581807292,-0.0987419212871632,-0.2024511302007141,-0.0082201212638248,-0.084610840076662,-0.1447110451243857,0.3250914905434348,0.7622063942223232
1778869427631370240,11.326714515686035,10.044776916503906,-0.0426439046859741,-0.0077187669399253,-0.0175421062757509,0.9983904906535844,-0.0533771797384608,-0.51788903531283,0.063325472572617,-0.1303764647799479,0.0470886351049523,-0.070698915221621,-0.0433376543463146,0.3250914905434348,0.7622063942223232
1778869427731503104,11.27077579498291,10.04493236541748,-0.0293238759040832,-0.0042835291537943,-0.0150240293102824,0.998563088247138,-0.0512609862528124,-0.5604345471134115,0.0015573996041238,0.1334496785783588,0.0540641431498916,-0.0392903028159982,0.0156045965055405,0.3250914905434348,0.7622063942223232
1778869427831234816,11.184449195861816,10.04413890838623,-0.019547164440155,-0.0024770405183178,-0.0122282147092536,0.998566249143636,-0.0520555578829494,-0.8656238119749857,-0.00795624184228,0.0980341439619759,0.0050537661732759,-0.1846076335377729,0.0329968602879954,0.3250914905434348,0.7622063942223232
1778869427933187840,11.120792388916016,10.03041172027588,-0.0351299047470092,0.0068875454817667,-0.0114762543998035,0.9984594646046548,-0.0538475147390649,-0.6242782775736992,-0.1346216651544716,-0.1528189481279495,0.0205504346312066,-0.156837715492965,0.0291718069790985,0.3250914905434348,0.7622063942223232
1778869428032086528,11.038569450378418,10.020941734313965,-0.0159806609153747,0.0145583349338959,-0.0100538109493565,0.99830848199124,-0.0553818612335559,-0.8315168296719483,-0.0957695363865878,0.1936554300381135,0.013376115618326,-0.2350059301523531,0.078274213182734,0.3250914905434348,0.7622063942223232
1778869428132411392,10.954736709594728,9.998931884765623,-0.0320459604263305,0.0262493062201026,-0.0087874616520353,0.9978488556981896,-0.0594257151617929,-0.8355765561221004,-0.219376273690256,-0.1601258352398511,-0.010381696403338,-0.1114637692836075,0.1251623829951553,0.3250914905434348,0.7622063942223232
1778869428232457984,10.85932445526123,10.007871627807615,-0.0258885025978088,0.0318138789463429,-0.009140001458552,0.9972878882560792,-0.0657358761823033,-0.9492333083489116,0.0889393288400721,0.0612590500708319,0.055772843416749,-0.1134831992831092,0.0789830456664964,0.3250914905434348,0.7622063942223232
1778869428333572864,10.77237033843994,9.988177299499512,-0.0161700248718261,0.0372872175162183,-0.0060918917262877,0.996842534542666,-0.0698391981028376,-0.8639939125766019,-0.1956868793855908,0.0965647849890477,0.1941744353305735,0.0087129610713629,0.1176278001015547,0.3250914905434348,0.7622063942223232
1778869428433758464,10.758922576904297,9.970054626464844,0.0233169198036193,0.036134546055011,0.0033541387107656,0.9964420019304656,-0.0760682662068314,-0.1342284872840037,-0.1808909966568274,0.3941379267622601,0.1671448025731835,0.0364843948822837,0.148292721274903,0.3250914905434348,0.7622063942223232
1778869428533879808,10.65527629852295,9.967530250549316,-0.0038914680480957,0.0337006441837761,0.0112845249397777,0.9958512134039365,-0.0837692475816135,-1.0351616270551094,-0.0252120685935432,-0.2717423093041466,0.0955392688893836,-0.001680576893025,0.1573478830608425,0.3250914905434348,0.7622063942223232
1778869428636561664,10.581144332885742,9.955265045166016,-0.0062924027442932,0.0334652871702862,0.0159045558936281,0.9950716064371176,-0.0919761801723208,-0.7218174200805105,-0.1194253899843753,-0.0233777220568026,0.0601725880016049,-0.0045251389046195,0.1974033400169094,0.3250914905434348,0.7622063942223232
1778869428733444608,10.513482093811035,9.946170806884766,0.0046157836914062,0.0335657025211628,0.0185036977644809,0.9940889169236482,-0.1015784526012752,-0.6985670070505282,-0.093891879790185,0.1126196716949059,0.0256625097320681,0.0322249187702108,0.2098962820695051,0.3250914905434348,0.7622063942223232
1778869428832783872,10.426384925842283,9.93136215209961,-0.0151287317276,0.0320359300855798,0.0192573263007777,0.9930038182581912,-0.1120101401300374,-0.8766495635800745,-0.149051927374643,-0.1987323035736632,-0.0067374167247682,0.0396392763510871,0.20713331705367,0.3250914905434348,0.7622063942223232
1778869428932578048,10.346807479858398,9.902491569519045,-0.007638394832611,0.0303068306098371,0.0183698065212365,0.9918609807544836,-0.1222940762404825,-0.7974177783972985,-0.2893020194075167,0.0750580485764633,0.0213571240405217,0.0062769649329982,0.2197666916663368,0.3250914905434348,0.7622063942223232
1778869429031339520,10.261159896850586,9.876381874084473,-0.0006295442581176,0.0300659506765859,0.0190536312017992,0.9904526298675016,-0.1331787735958278,-0.8599917515552025,-0.2621687842294487,0.0703762262782997,-0.0560377019430592,0.0310578753457322,0.2051540700673459,0.3250914905434348,0.7622063942223232
1778869429131401728,10.186606407165527,9.855740547180176,-0.0113192796707153,0.0290963950415037,0.0157677604378708,0.9891317461321484,-0.1432590880884347,-0.7467871094756156,-0.2067599641508183,-0.1070769006730051,-0.0620773940990021,0.0218949021013301,0.2071495437328414,0.3250914905434348,0.7622063942223232
1778869429232271616,10.117780685424805,9.833372116088867,-0.0011378526687622,0.0286185802067746,0.0122294832874414,0.9876664423205956,-0.1534484125667275,-0.686491013328567,-0.2231102927520339,0.1015529944754088,0.0411803800942948,-0.0112809981392917,0.2077385704185228,0.3250914905434348,0.7622063942223232
1778869429332043776,10.045927047729492,9.817084312438965,0.0268707275390625,0.028984299575111,0.0140475289710067,0.9859797413094098,-0.1637269893309531,-0.7201772287507998,-0.1632499852653816,0.2807254068450817,0.0075694706930926,0.0728995806045269,0.1941385043877664,0.3250914905434348,0.7622063942223232
1778869429431992064,9.977938652038574,9.79441261291504,0.0076273083686828,0.0254560961774232,0.013540780767039,0.9844344704128972,-0.173370723844896,-0.6784926669863974,-0.2262530497856339,-0.1920404013385502,-0.1263131702937611,0.1340410673531162,0.2183444250187892,0.3250914905434348,0.7622063942223232
1778869429532427008,9.934956550598145,9.772284507751465,-0.0068126320838928,0.0200878745198648,0.0058669488596188,0.9826937997431698,-0.1840514932150339,-0.4289524029461466,-0.2208338718783989,-0.1441075924153253,-0.0877437930335324,0.1416355870023211,0.2045802365555458,0.3250914905434348,0.7622063942223232
1778869429632751104,9.85207176208496,9.744848251342772,0.0058881044387817,0.0139755139143689,2.825790728203971e-05,0.9808877786264644,-0.1940717649570893,-0.8262651784878168,-0.273507644831103,0.1266116077278188,-0.0064315491345839,0.0375628655830785,0.1984773300154781,0.3250914905434348,0.7622063942223232
1778869429733078016,9.775495529174805,9.698566436767578,0.0206303596496582,0.0121894504379225,-0.000793022746023,0.9789315070798248,-0.2038231901903421,-0.7632671173029376,-0.461310067783097,0.1469421804876681,-0.0810271875994268,0.0526303009486423,0.1816677255523952,0.3250914905434348,0.7622063942223232
1778869429832886784,9.69419288635254,9.659175872802734,-0.0085166096687316,0.0104273904998688,-0.0054162969851082,0.977052885918392,-0.2126724979231533,-0.8112134634775353,-0.3930272708614005,-0.2908197459501186,-0.0587800909077892,0.0102533997908389,0.1824321008570636,0.3250914905434348,0.7622063942223232
1778869429933179392,9.63083267211914,9.612093925476074,0.0245692729949951,0.0105015555701335,-0.0084880401254442,0.9750598676350976,-0.2215308669979473,-0.6343589071355688,-0.4713818129139331,0.33125399940826,0.0076607051852613,-0.0385728888841564,0.1821902892926019,0.3250914905434348,0.7622063942223232
1778869430032639488,9.555227279663086,9.566235542297363,0.0181608796119689,0.0122167957196411,-0.0077836969190874,0.9729857809260652,-0.2304101431801803,-0.7572208928228609,-0.4592916553429714,-0.0641828472998892,-0.0576418980709085,-0.0650988911536396,0.1873745593879119,0.3250914905434348,0.7622063942223232
1778869430131085056,9.491127014160156,9.535932540893556,0.0037587881088256,0.0159618747430311,-0.0099448330417012,0.9707207225158556,-0.2394735846158307,-0.6431182568471782,-0.3040301516249455,-0.1444962498951233,0.0084841585118344,-0.0403554870370681,0.1965255881179324,0.3250914905434348,0.7622063942223232
1778869430231877120,9.432937622070312,9.492802619934082,0.0305026173591613,0.0177131167234169,-0.0092092736443379,0.968301023209533,-0.2489870744160385,-0.5843247116994803,-0.4331009093780155,0.268555483314115,0.0539654846976537,-0.069591152475198,0.2003543747689976,0.3250914905434348,0.7622063942223232
1778869430331512320,9.365336418151855,9.45616054534912,0.0497588515281677,0.020303658711441,-0.0059242724746829,0.9657257737615874,-0.2587013612858621,-0.6795399933771131,-0.3683330129863221,0.1935672810717804,0.0232616399498356,-0.030193685435108,0.2154550456646214,0.3250914905434348,0.7622063942223232
1778869430431427072,9.296221733093262,9.421241760253906,0.0301668047904968,0.0213921022995215,-0.0046331102695054,0.9628668722277964,-0.269087901278927,-0.6934030175881345,-0.3503277333175508,-0.1965600265285384,-0.0070208249027847,0.0048499777259276,0.2022209022790156,0.3250914905434348,0.7622063942223232
1778869430530946560,9.23810863494873,9.375480651855469,0.023719847202301,0.0212056064317873,-0.0052508542919587,0.960107528229042,-0.278776406862173,-0.5826030562400341,-0.4587702679962878,-0.0646328850854119,-0.0380251228007661,0.0496094925225181,0.1962361319381721,0.3250914905434348,0.7622063942223232
1778869430631202048,9.17179012298584,9.325139999389648,0.0220920443534851,0.0193011911237262,-0.0079759405542672,0.9573635376964404,-0.2881300141999033,-0.6630781783803439,-0.5033253483460575,-0.0162754035910691,-0.0241898062399765,0.096820934110044,0.1734956056633066,0.3250914905434348,0.7622063942223232
1778869430729950720,9.112504005432127,9.27684211730957,0.0311101078987121,0.0149377176588,-0.0107002200328575,0.9548957920957248,-0.2963720569154127,-0.5918778060749047,-0.482177711463782,0.0900310542574728,-0.0138335293553823,0.0816679385228184,0.1995572278345803,0.3250914905434348,0.7622063942223232
1778869430831537408,9.046085357666016,9.230600357055664,0.0347663164138793,0.0111294854383089,-0.0127227070691471,0.95193145281566,-0.3058443663351973,-0.6630627719198974,-0.4616352600308993,0.0365002274861246,-0.0360235137065479,0.0228314193422601,0.1800477158820447,0.3250914905434348,0.7622063942223232
1778869430932038144,8.978494644165039,9.177794456481934,0.0252197384834289,0.01047548968024,-0.0148966097718205,0.949113339777499,-0.3144077343031926,-0.6726268682983492,-0.525496265549396,-0.0950024712526853,-0.0344715839008556,0.0278502979077627,0.1878466658754626,0.3250914905434348,0.7622063942223232
1778869431032328448,8.913451194763184,9.13044548034668,0.0340217351913452,0.0095526819054306,-0.0170742624895543,0.9460962207509362,-0.3232942265331185,-0.6485517224266639,-0.4721191804870964,0.0877651812474458,0.0290128536520828,0.035349302539745,0.2097177311366278,0.3250914905434348,0.7622063942223232
1778869431132388352,8.861701965332031,9.07746696472168,0.0413206219673156,0.0072260722937647,-0.0163706417120839,0.9426846539665172,-0.3332047855976373,-0.5161827592985884,-0.5284445136567308,0.0728041665014704,0.0602262973343468,0.0393482337662026,0.2041356985351205,0.3250914905434348,0.7622063942223232
1778869431232749056,8.80615520477295,9.029358863830566,0.0555275082588195,0.0041952307382683,-0.0142565752514231,0.939285982682251,-0.342813349853519,-0.5544867407259813,-0.4802314985994013,0.1418179925589311,0.0186278370348994,-0.0070015194084096,0.1927941363124849,0.3250914905434348,0.7622063942223232
1778869431332770304,8.743836402893066,8.972697257995605,0.0392886996269226,0.0040671199813623,-0.0133013998660537,0.9359487373215956,-0.3518614676300478,-0.6231178308060843,-0.566552241904825,-0.1623697969849639,0.00262279294564,0.0145016658368678,0.2069940560288715,0.3250914905434348,0.7622063942223232
1778869431432701696,8.686115264892578,8.912651062011719,0.0305262804031372,0.0032050238468115,-0.013475051466578,0.9322638641048016,-0.3615138150811088,-0.5775839909889864,-0.6008495799196951,-0.0876807568476868,-0.0131894903300286,0.0307266558272142,0.199586256941017,0.3250914905434348,0.7622063942223232
1778869431532416512,8.631561279296875,8.856948852539062,0.0326201319694519,0.0018803956407639,-0.0146730613398941,0.9286153036040978,-0.3707489491494469,-0.547122572133909,-0.5586381230892482,0.0209992623292209,0.0024371259182049,0.0246342306342032,0.1969431228952412,0.3250914905434348,0.7622063942223232
1778869431631794432,8.573077201843262,8.800538063049316,0.0374240279197692,0.0005505563711197,-0.0150333515145879,0.9249332364986592,-0.3798318091603659,-0.5864607197946675,-0.565670412337128,0.048172022189738,0.0286996540513149,-0.0179957847440488,0.1916398518728213,0.3250914905434348,0.7622063942223232
1778869431731880448,8.520132064819336,8.736741065979004,0.0427356958389282,0.000693444743067,-0.0133715483126774,0.9212769100388396,-0.3886766983746236,-0.5302916916656165,-0.638982527976351,0.0532009835982462,0.03334177987078,-0.0611538624647855,0.1953192346728988,0.3250914905434348,0.7622063942223232
1778869431831101440,8.467032432556152,8.690349578857422,0.0327278971672058,0.0027259955710374,-0.0106610994069272,0.9174628766728822,-0.3976691839138436,-0.5325149701244504,-0.4652416660087984,-0.1003642093841546,-0.0018406680304725,-0.0098447022928016,0.1848286617934376,0.3250914905434348,0.7622063942223232
1778869431934930176,8.411917686462402,8.626761436462402,0.032406747341156,0.0031282088221016,-0.0105716985372743,0.9136242083145084,-0.4064102108477225,-0.5338033778113321,-0.6158708441017129,-0.0031104354837687,-0.0059767243019282,-0.0063983060258099,0.203325594654865,0.3250914905434348,0.7622063942223232
1778869432031058176,8.36103630065918,8.570097923278809,0.030771255493164,0.003424294264444,-0.0107402761369268,0.9095794346027338,-0.4153771452849378,-0.5260167084658772,-0.5857929029334539,-0.0169078735773939,-0.0209052098570026,-0.0224291632506674,0.196595873030998,0.3250914905434348,0.7622063942223232
1778869432131687168,8.317906379699707,8.505261421203613,0.0241449475288391,0.0047729779077327,-0.0112583990020073,0.9054356760766532,-0.4243073221397644,-0.4312296608750511,-0.6482604693035097,-0.0662523944570761,-0.0094389228127126,-0.0025338692386284,0.2047866453539032,0.3250914905434348,0.7622063942223232
1778869432231583744,8.270353317260742,8.440765380859375,0.0339329838752746,0.004972832349502,-0.0116811292699194,0.9010281694693276,-0.4335747455516244,-0.4745199348898125,-0.6435896090620928,0.0976723292168861,-0.0144335747761733,0.0074887670051772,0.201889948168581,0.3250914905434348,0.7622063942223232
1778869432331817728,8.222488403320312,8.377166748046875,0.0263649821281433,0.0048296918763279,-0.0125462977941587,0.8965832508113817,-0.4426711407495806,-0.4769969745234256,-0.6337910786415264,-0.0754187909135776,0.0404269656971459,0.0557666609398671,0.2066414701355806,0.3250914905434348,0.7622063942223232
1778869432432419072,8.169778823852539,8.309321403503418,0.0315102934837341,0.0012989988318269,-0.0120165587475702,0.8919872766515918,-0.4518988971103799,-0.5261878890465918,-0.6772848310957768,0.0513644872151008,0.0060590004768034,0.0469498635069201,0.2024265420897613,0.3250914905434348,0.7622063942223232
1778869432532729856,8.136289596557617,8.25121784210205,0.0207003951072692,-0.0010606980599295,-0.0128221035533303,0.8873577556000993,-0.4609020309745313,-0.3338691909100462,-0.57926057425064,-0.107768745841365,-0.031205918570183,0.0285599481251208,0.2133084364793277,0.3250914905434348,0.7622063942223232
1778869432632849152,8.096263885498047,8.18752384185791,0.020894169807434,-0.0017461927080525,-0.0148551218136294,0.8823621491705136,-0.4703331945314096,-0.3997801888216362,-0.6361810638794243,0.0019354381014104,-0.0054543297933001,0.0107644395798864,0.2053970796675339,0.3250914905434348,0.7622063942223232
1778869432732601344,8.052910804748535,8.11347484588623,0.0145047307014465,-0.0022459930911478,-0.0153308403049826,0.87747335938607,-0.4793750352472503,-0.4329212543691263,-0.7394488157844472,-0.0638045542475187,-0.014138506235865,0.0250004472514898,0.2086718572120765,0.3250914905434348,0.7622063942223232
1778869432832840192,8.004716873168945,8.038890838623047,0.0137687921524047,-0.0031624120286993,-0.016524283159227,0.8724171937593785,-0.4884722993673697,-0.4826621506325728,-0.7469587180077495,-0.0073704234365543,-0.0236364423812045,-0.0552121356046496,0.17610648441661,0.3250914905434348,0.7622063942223232
1778869432932755968,7.967977523803711,7.964056015014648,0.01505708694458,-0.0003144439011433,-0.0161773508314466,0.8680556743217469,-0.4962031244590531,-0.3664020390467901,-0.7463287302461225,0.0128481817697365,-0.0087361548109214,0.0375013492054776,0.1936822606950868,0.3250914905434348,0.7622063942223232
1778869433032921600,7.928921222686768,7.895612716674805,0.0091225504875183,-0.0018800899707251,-0.017481506973997,0.8632064143889511,-0.5045448922874859,-0.3910355071933701,-0.6852609979672992,-0.0594171595127826,0.002807076687721,0.0900151843711799,0.2021463567524561,0.3250914905434348,0.7622063942223232
1778869433132446464,7.89093017578125,7.827521324157715,0.0186808705329895,-0.0060023785571862,-0.0196058678788119,0.8580608116814856,-0.5131386019906167,-0.380841550478101,-0.6825827033646513,0.0958174549686989,0.0240645407512376,-0.0153057471973644,0.194594328264388,0.3250914905434348,0.7622063942223232
1778869433232512512,7.857697010040283,7.75887393951416,0.0177140235900878,-0.0061532595396463,-0.0181247976101104,0.8530664334057829,-0.5214511379841521,-0.3330931349633341,-0.6880467764095191,-0.0096906229683625,0.0184372098501453,-0.0657890718506153,0.1815963872655494,0.3250914905434348,0.7622063942223232
1778869433331959808,7.83040714263916,7.681095600128174,0.0015736818313598,-0.0039973575416175,-0.0155725751358173,0.8483401292064426,-0.5292074651914125,-0.273556961483324,-0.7796595666409712,-0.1617927556745236,0.0046252373947554,-0.0048392326591124,0.1888786052524825,0.3250914905434348,0.7622063942223232
1778869433432146432,7.791206836700439,7.610310554504394,-0.0052893161773681,-0.0040612813227971,-0.0152103694349455,0.8433156744211517,-0.5371878851307686,-0.3925125092232948,-0.7087703834941484,-0.0687191720751204,-0.0120830446225072,0.060537211624638,0.193036399585693,0.7701263603110635,0.7634707237097056
1778869433532058880,7.759173393249512,7.531971454620361,0.0008451342582702,-0.0064339870493077,-0.0173041540189407,0.8380703975051073,-0.5452496482254433,-0.3205921392946383,-0.7840212264632822,0.0613938551929637,-0.0079031649646675,-0.0114886913064214,0.2337411190893051,0.7701263603110635,0.7634707237097056
1778869433631522560,7.752748966217041,7.465251922607422,0.0107989907264709,-0.0059397932752924,-0.0172458407719251,0.8316490969938247,-0.555001873241228,-0.0643582823089632,-0.668379367546385,0.0997152121746478,0.0269617039717814,-0.0804440426632186,0.3042412543419329,0.7701263603110635,0.7634707237097056
1778869433731725824,7.767717361450195,7.423249244689941,-0.0044747591018676,-0.0036084323779795,-0.0138056355388354,0.8231641842230596,-0.5676240916799845,0.1499284436432431,-0.4207128440240423,-0.152986977206941,0.0056787610430814,-0.054207407433766,0.3701353519614909,0.7701263603110635,0.7634707237097056
1778869433833329152,7.759229183197021,7.377613544464111,-0.0075361132621765,-0.0017643096048328,-0.0119347098637688,0.8123562869377907,-0.5830366309115851,-0.0835387468070463,-0.4491363273506193,-0.0301291611058136,0.0148731952255333,-0.0144075480121711,0.3493112481659323,0.7701263603110635,0.7634707237097056
1778869433931248640,7.753809452056885,7.322985172271728,0.0001436471939086,-0.0018200465462867,-0.0108933134588815,0.8022102972776677,-0.5969394124148045,-0.0549930118895491,-0.5543040132073124,0.0779251123626271,0.0541099767863721,0.0014471265081086,0.3555128458844386,0.7701263603110635,0.7634707237097056
1778869434032107008,7.726568698883057,7.244998931884766,0.0036760568618774,-0.0036909462459302,-0.0087268036274396,0.7914728580984383,-0.6111308654517027,-0.2717383163520094,-0.7779465393686947,0.0352373170343034,0.0101827794548812,0.0024627226842517,0.3748791283933982,0.7701263603110635,0.7634707237097056
1778869434132345600,7.712039947509766,7.188559532165527,-0.0224143266677856,-0.0042637851282076,-0.0083274556618364,0.7798558958336903,-0.6258891717804462,-0.1449479875667221,-0.5630750501943735,-0.260294122344251,-0.0428368101716532,-0.0100835457924172,0.3603075530821671,0.7701263603110635,0.7634707237097056
1778869434232474624,7.702683448791504,7.121072769165039,-0.016200304031372,-0.0026731223891405,-0.0096090599896229,0.7683906491261351,-0.6399033760797995,-0.0931928123671634,-0.6721831991807484,0.0618930502785537,-0.0164040202470707,-0.0274416938898512,0.3512783345030917,0.7701263603110635,0.7634707237097056
1778869434332974336,7.6800665855407715,7.066864967346191,-0.0072816014289855,-0.0012585663760323,-0.0093120535077385,0.7569970662656559,-0.6533507047025635,-0.2255548346468317,-0.5406068755101331,0.088944981823702,-0.0482677198770273,-0.0800450194799859,0.3422282708965529,0.7701263603110635,0.7634707237097056
1778869434433104384,7.686690807342529,6.996991157531738,-0.031322956085205,0.0031968459399315,-0.0084996297782659,0.7456600065810981,-0.666264730460157,0.0661186554742871,-0.6974347321177761,-0.2399650997839341,-0.0192735948873891,0.0568714843156237,0.3515971986556688,0.7701263603110635,0.7634707237097056
1778869434534261504,7.673153877258301,6.922328472137451,-0.0220112800598144,0.0015517855882054,-0.0111952261108595,0.7337057951569342,-0.6793732884261389,-0.1339754417819975,-0.7389390502935432,0.0921579635464034,-0.0005338079575841,0.0202495382204863,0.3661327874289697,0.7701263603110635,0.7634707237097056
1778869434633065984,7.66798210144043,6.852985858917236,-0.0074519515037536,0.0006330617285478,-0.0119203611003029,0.7212995350338575,-0.6925203859699923,-0.052345841271293,-0.7018474026695534,0.1473614341477548,0.039556268099127,-0.0128221880264504,0.3860262372257317,0.7701263603110635,0.7634707237097056
1778869434732672512,7.669215202331543,6.787459850311279,-0.0266379714012146,-0.0004998337749695,-0.0100672018090912,0.7078746401658166,-0.7062661647169912,0.0123797196416033,-0.6578485358506767,-0.192618097254274,-0.0253248732973561,0.0971853401893828,0.3502511074926102,0.7701263603110635,0.7634707237097056
1778869434832630016,7.654660224914551,6.70667839050293,-0.0409947037696838,-0.0032205414612687,-0.0143835349991172,0.695377899650942,-0.7184930888398787,-0.1455930094699168,-0.8080545579644896,-0.1436099701013177,-0.0148936460462369,0.0709710644261174,0.3749216723250003,0.7701263603110635,0.7634707237097056
1778869434932108544,7.672379493713379,6.628067970275879,-0.0205943584442138,-0.0054102347844602,-0.0173717694607299,0.6818343146049245,-0.7312803282002143,0.1781444639790005,-0.7903266965191085,0.2050992410721094,-0.0342375812494097,0.112606983386113,0.3260486031584075,0.7701263603110635,0.7634707237097056
1778869435031843840,7.662845611572266,6.568323612213135,-0.0384314656257629,-0.0082719899490464,-0.022551542445374,0.6697829120874182,-0.7421683453174994,-0.0955918568799083,-0.5990292349732099,-0.1788444803085347,0.0351195342107259,0.0029114966952861,0.3616334090344454,0.7701263603110635,0.7634707237097056
1778869435131398400,7.686574935913086,6.481112957000732,-0.00645112991333,-0.0100764127745144,-0.0213320092036181,0.656311577896399,-0.7541210274273442,0.2376375707427752,-0.8733720332655963,0.3202674117934133,0.082338288823625,0.0127103994424422,0.3459996509022452,0.7701263603110635,0.7634707237097056
1778869435231628032,7.690920829772949,6.433246612548828,-0.0207462310791015,-0.0139626500879792,-0.0189334213888564,0.643252834017493,-0.7652923372708603,0.043489778070078,-0.4790031152083223,-0.1430524530132621,-0.0279001450859169,-0.0178638439005759,0.3347932249402242,0.7701263603110635,0.7634707237097056
1778869435331751680,7.732677459716797,6.37529993057251,-0.043842613697052,-0.0126338962446618,-0.0189107716046798,0.6303216777192299,-0.776000869832122,0.4170506246819797,-0.5787512054725159,-0.2306785967081968,0.0060894314744644,-0.0236499702245886,0.3689339582021872,0.7701263603110635,0.7634707237097056
1778869435431898368,7.758559226989746,6.324547290802002,-0.0270147323608398,-0.01247126217634,-0.0175630494485679,0.615899545522357,-0.7875301624313512,0.2584385743535566,-0.5067830078465522,0.1680323300977557,-0.0202296462762475,-0.0363999930865204,0.3740708672928723,0.7701263603110635,0.7634707237097056
1778869435532095744,7.7831807136535645,6.254061698913574,-0.051904022693634,-0.0108759649665453,-0.0165136676846796,0.6010276326549324,-0.7989836024292702,0.2455729977594405,-0.7030183975172412,-0.2482440529519775,0.0191713206711873,-0.0302484328267259,0.3741053195019555,0.7701263603110635,0.7634707237097056
1778869435632229888,7.794852256774902,6.185501575469971,-0.0304270982742309,-0.0110402955366294,-0.0145167930708382,0.5859631018115756,-0.8101324693584125,0.1163585734316393,-0.6835050066010757,0.2141125865843882,0.0699000596433766,-0.0614521340912865,0.3653473988956173,0.7701263603110635,0.7634707237097056
1778869435732444672,7.823299884796143,6.128025531768799,-0.0318686962127685,-0.0123387979640506,-0.0097595915869767,0.5710950005687716,-0.8207332116846573,0.2835160453886948,-0.5728203631802697,-0.0143673190000062,0.031038269833996,-0.0614659737410063,0.3541516121837149,0.7701263603110635,0.7634707237097056
1778869435833027072,7.844774723052978,6.059856414794922,-0.054168701171875,-0.0120274799419687,-0.0061228475877696,0.5564895503783723,-0.8307449854096861,0.2142634957070583,-0.6801519586503411,-0.222496531041481,-0.0190404301465776,-0.0108179824917455,0.3432895932084532,0.7701263603110635,0.7634707237097056
1778869435933142528,7.86357831954956,5.974819660186768,-0.0578671693801879,-0.011037853189129,-0.005995801558802,0.542133294113084,-0.8401986119809642,0.1878272813431439,-0.8494238022602213,-0.0369436362255353,0.037571768877289,-0.0118959765402021,0.3677451515629288,0.7701263603110635,0.7634707237097056
1778869436033038336,7.899721145629883,5.93011999130249,-0.0402886867523193,-0.0124006422816737,-0.0042755192698739,0.5266266274202385,-0.8499954936927373,0.3618052329117572,-0.4474629093976536,0.1759681710355779,0.0250588242268783,-0.0099328921236603,0.3456243721477988,0.7701263603110635,0.7634707237097056
1778869436132799744,7.919700622558594,5.868933200836182,-0.0677781701087951,-0.013275436940486,-0.0029796057161712,0.5118815542908437,-0.8589482866276673,0.1999396215440181,-0.612311512107048,-0.2750941337626387,-0.0030665111907464,-0.0266274957664919,0.3567989881977203,0.7701263603110635,0.7634707237097056
1778869436232639488,7.939446926116943,5.798493385314941,-0.0560200214385986,-0.0125157984144389,-0.0016815195914371,0.4965445662308475,-0.8679193632063593,0.1981096655318712,-0.7067048398098239,0.1179665294541508,0.0026552575045458,-0.0247284363563795,0.3680369431424389,0.7701263603110635,0.7634707237097056
1778869436332276480,7.947612762451172,5.7207536697387695,-0.0624379515647888,-0.0120476208548521,-0.0003168727738156,0.4805632167340793,-0.8768772714271805,0.0819522901480223,-0.7801953732795548,-0.0644103127130533,-0.0442637545097973,-0.0339778012224128,0.3453394415393647,0.7701263603110635,0.7634707237097056
1778869436431889920,7.965793132781982,5.6447834968566895,-0.0717734098434448,-0.009304843454714,0.0003148771826312,0.4654278116341689,-0.8850368765752487,0.1825040516561105,-0.7626282690456417,-0.0937142054270431,-0.0023175667352381,-0.0234179738234827,0.3577486722759848,0.7701263603110635,0.7634707237097056
1778869436531608832,7.991418361663818,5.578915596008301,-0.0704793930053711,-0.0086521167540772,0.001460249706078,0.4495797982461862,-0.8931970743096891,0.2569930868105563,-0.660583179132419,0.0129775770251609,0.0177594191397911,0.0076087816176758,0.3510799106290174,0.7701263603110635,0.7634707237097056
1778869436631210496,8.025741577148438,5.523656368255615,-0.0787461996078491,-0.0095884233398907,0.001671108614874,0.4338416614865221,-0.9009365584171098,0.3435426074298959,-0.553092095792339,-0.0827428390736478,-0.0091053646468847,0.0218485532043905,0.3688495231676296,0.7701263603110635,0.7634707237097056
1778869436731432192,8.072758674621582,5.4648518562316895,-0.0666409730911254,-0.0096197120197697,0.0006668596652525,0.4171577792543045,-0.908782924380988,0.4705769508782866,-0.5885528765766624,0.1211567895526624,0.0413094394373211,0.0087310472760915,0.3922816783815472,0.7701263603110635,0.7634707237097056
1778869436831363328,8.20384407043457,5.486815452575684,-0.0724772810935974,-0.0116624872478212,0.0013198443365291,0.3992588497819994,-0.9167631184078452,1.3117001621381106,0.2197777464596753,-0.0584007555201038,-0.0013278622968805,0.0340257946004017,0.3358192316879821,0.7701263603110635,0.7634707237097056
1778869436931715840,8.265423774719238,5.435113906860352,-0.0771377086639404,-0.0122598839606623,-7.734760230357698e-05,0.383714756302183,-0.9233702805801016,0.6128412848162086,-0.5145338398621845,-0.0463805803093634,0.0154880100187122,0.0193842318129276,0.3661375116399353,0.7701263603110635,0.7634707237097056
1778869437032169216,8.310979843139648,5.391900062561035,-0.0748987197875976,-0.0133496421395206,-0.0004518735600633,0.366680118830443,-0.930251188292455,0.4540913173559026,-0.4307446223146394,0.0223176723465494,-0.0270516362097958,-0.0036574678839302,0.3332539943738108,0.7701263603110635,0.7634707237097056
1778869437132483840,8.363370895385742,5.342521190643311,-0.0749704241752624,-0.0120236367814842,-0.0005557139887104,0.3510549763025755,-0.9362774839510496,0.5213719001149045,-0.4913960528287365,-0.0007135694215066,-0.0185065759247891,-0.0359415499792351,0.3686922394354471,0.7701263603110635,0.7634707237097056
1778869437232869120,8.406609535217285,5.296249866485596,-0.082155168056488,-0.0105315507771874,0.0010269590753106,0.3337205666710088,-0.9426126538372304,0.4314861456211828,-0.4617498466969754,-0.0716978484213058,-0.0120624777883593,0.0041442242008092,0.3466740247229488,0.7701263603110635,0.7634707237097056
1778869437332965888,8.464951515197754,5.2589216232299805,-0.078428566455841,-0.0100123264580623,0.0008125639305339,0.3173147488434702,-0.948267073785208,0.5828557819212226,-0.3729215638170121,0.0372299892904066,0.0307935315496124,0.0202839532374237,0.3618639917217218,0.7701263603110635,0.7634707237097056
1778869437432923392,8.5220308303833,5.228517055511475,-0.0641835927963256,-0.0117777745220544,0.000520422781575,0.3000940529700364,-0.953836764105606,0.570774156491786,-0.3040355588817896,0.1424449960257472,0.0224836214447647,-0.0288194864381906,0.3601220210555941,0.7701263603110635,0.7634707237097056
1778869437532798464,8.573286056518555,5.186935424804688,-0.0710501670837402,-0.0124053274505272,0.0024411396925359,0.2829140697604125,-0.9590619259565292,0.5133473337026979,-0.4164613223637209,-0.0687722573462859,0.0308896315876501,-0.031160642025478,0.3678647324969223,0.7701263603110635,0.7634707237097056
1778869437632040448,8.632905006408691,5.139256477355957,-0.0755354166030883,-0.0133966458056024,0.0045954901343812,0.2652786784962582,-0.9640677538881088,0.5974313914835313,-0.4777826508393049,-0.0449459251870908,-0.0169210958299383,0.033844639784461,0.3431695326394248,0.7701263603110635,0.7634707237097056
1778869437732006400,8.699077606201172,5.11115837097168,-0.0909796953201294,-0.0129506304571748,0.0029745006558749,0.2487366730438583,-0.9684799951468706,0.664017442436524,-0.2819540534467163,-0.1549775962577758,-0.0585411873972592,0.0104652543268992,0.3249266857623298,0.7701263603110635,0.7634707237097056
1778869437831565056,8.760130882263184,5.084124565124512,-0.0840190052986145,-0.010204967329595,0.0019530329086954,0.2330224247784426,-0.9724158543825964,0.6125210529597416,-0.2712184552749933,0.0698335856207645,0.0185884796931166,0.0030879108985708,0.3325859409234462,0.7701263603110635,0.7634707237097056
1778869437931050496,8.819540977478027,5.053560256958008,-0.0764187574386596,-0.0111097501334692,0.0021886198986908,0.216835655180503,-0.9761424496646752,0.5947891946213274,-0.3059971570954623,0.076090524467221,0.0243150796118121,-0.0053105228151997,0.3543623041542129,0.7701263603110635,0.7634707237097056
1778869438031680512,8.871699333190918,5.023019790649414,-0.0737247467041015,-0.0121968556817381,0.0029069117999633,0.1995308904419936,-0.9798113136388512,0.5222948809731534,-0.3058211670497379,0.0269768476539354,0.0264355931490539,-0.0215941088876763,0.3493162693429606,0.7701263603110635,0.7634707237097056
1778869438131449088,8.927411079406738,4.98912525177002,-0.0820211768150329,-0.0132231468169808,0.0044400597426985,0.1824083295393755,-0.983123916692292,0.5574799579261236,-0.3391659280470464,-0.08301828291761,0.0058960465948176,0.0172625958195957,0.3535362124620665,0.7701263603110635,0.7634707237097056
1778869438231401216,8.990945816040039,4.9643988609313965,-0.0690093040466308,-0.0135900148536459,0.0038780767920855,0.1649810502127271,-0.9861954801596782,0.6350417334480919,-0.2471449624589153,0.1300561342678348,-0.0233958487104365,0.0274405780749935,0.3463499194977603,0.7701263603110635,0.7634707237097056
1778869438331454976,9.128437995910645,5.039311408996582,-0.0943691730499267,-0.0125928611156793,0.0025658978678724,0.1478523394296879,-0.9889259435075112,1.3739580495713724,0.7486003823994123,-0.2534209304554282,-0.0451213782634557,0.0735170849345396,0.383230693478017,0.7701263603110635,0.7634707237097056
1778869438431959808,9.20193099975586,5.027383804321289,-0.0826215744018554,-0.0108499155545378,-0.001170035665792,0.1287929854557942,-0.9916114547777188,0.7333043320796439,-0.1190122014627007,0.1172161230245393,0.020520164507229,0.0279322840104981,0.3524204272993922,0.7701263603110635,0.7634707237097056
1778869438532279808,9.212276458740234,4.938387870788574,-0.0715137720108032,-0.0120699298079412,-0.0022347614937444,0.1112304723229219,-0.9937188257562182,0.1031245911520524,-0.8871205495684352,0.1107237080447674,-0.0263406052894921,-0.0361261520459875,0.3352673985534753,0.7701263603110635,0.7634707237097056
1778869438632582912,9.271594047546388,4.919921398162842,-0.0979816913604736,-0.010591589723397,-0.0003781184884462,0.0945256184623603,-0.995466012834114,0.5913833813773701,-0.1841066915111288,-0.2638793645875257,-0.0227636605700624,-0.0038870005669498,0.3647245859785288,0.7701263603110635,0.7634707237097056
1778869438732446208,9.323540687561035,4.898975372314453,-0.0817117691040039,-0.0094439090512637,-9.867943359590709e-05,0.0763355193018835,-0.9970374573390474,0.5187983538822067,-0.209190887561811,0.1624899874576632,0.0330654254341807,0.0283287723198228,0.3847045072114302,0.7701263603110635,0.7634707237097056
1778869438832365312,9.373739242553713,4.886611461639404,-0.0916845798492431,-0.0111943487475031,-0.0011991508991894,0.0571975213885941,-0.9982994000500258,0.5037303105286632,-0.1240688415154521,-0.1000747343081076,0.0004296710520515,0.0717079005730595,0.3794970629106362,0.7701263603110635,0.7634707237097056
1778869438932294656,9.45211696624756,4.889216423034668,-0.0780345797538757,-0.0114423443645819,-0.0045756593850113,0.0381416219675132,-0.9991963534612812,0.7811575469895387,0.0259625459585316,0.136043764584875,-0.0246241565624111,0.0454485068765742,0.3589990209010386,0.7701263603110635,0.7634707237097056
1778869439032567040,9.516557693481444,4.894161224365234,-0.0963143110275268,-0.0103804563296024,-0.0066842922750213,0.0201919079681301,-0.999719887376348,0.6452232474664253,0.0495106264242562,-0.1830287782506046,-0.0075170921295145,-0.027683162833368,0.3625089429655073,0.7701263603110635,0.7634707237097056
1778869439132049920,9.584273338317873,4.895140171051025,-0.0882239341735839,-0.0100968454644476,-0.0051224023595101,0.0021210689778607,-0.9999336556852788,0.6786557890255195,0.0098111424186282,0.0810829033761617,-0.0178306294602288,-0.0300069030224173,0.3614501355287338,0.7701263603110635,0.7634707237097056
1778869439231885824,9.653289794921877,4.894910335540772,-0.1102795004844665,-0.009294674932123,-0.0034440159320245,-0.0159047117308619,-0.999824378537013,0.6914780424111958,-0.0023027291826762,-0.2209754103202486,-0.0766824439070448,0.0017095989167413,0.3225806391415086,0.7701263603110635,0.7634707237097056
1778869439332063232,9.71817111968994,4.900152683258057,-0.0918022990226745,-0.0055179313761921,-0.0033182395860169,-0.0320265383656897,-0.9994662788507116,0.6494350427683678,0.0524737176090679,0.1849490922769308,0.0546624527138363,-0.0970708269926511,0.3762219959613239,0.7701263603110635,0.7634707237097056
1778869439432198400,9.7957763671875,4.921570301055908,-0.0666807889938354,-0.0084701892758956,0.0015558829414882,-0.0508097238427383,-0.99867122071527,0.7750049163297754,0.2138870711021087,0.2508759962216544,0.0482590058204933,-0.1216558317055169,0.3148252957512314,0.7701263603110635,0.7634707237097056
1778869439531732736,9.855643272399902,4.920996189117432,-0.0947479009628295,-0.0111504951052772,0.0076122048967207,-0.0664005782694808,-0.9977017009111472,0.601496180411259,-0.0057682309933505,-0.281996548587711,-0.0069776572037928,-0.0483981403893085,0.3667532573758465,0.005297527706809,0.450508559639281
1778869439631576320,9.915532112121582,4.92636775970459,-0.0899248719215393,-0.0108216999829093,0.0102520816993842,-0.0846495231260264,-0.9962992742468728,0.5990371501218283,0.053729047868741,0.0482422699333656,-0.0047406174300171,-0.000917180658951,0.3374936434065861,0.005297527706809,0.450508559639281
1778869439731876864,9.987836837768556,4.933198928833008,-0.0926145315170288,-0.0104142159530906,0.0104993912426741,-0.101474334308279,-0.9947282374429246,0.7218276564620513,0.0681964665343877,-0.026851228119889,0.0171401010885094,-0.0487528329256779,0.1976990064564638,0.005297527706809,0.450508559639281
1778869439831787264,10.081284523010254,4.96514368057251,-0.0843782424926757,-0.0114135347788817,0.0129489395943981,-0.1113229707357335,-0.9936343655358356,0.930902188014306,0.3182255313543756,0.0820478265893644,-0.0239744454881134,-0.0650612850770949,0.0658970327361613,0.005297527706809,0.450508559639281
1778869439932633600,10.159062385559082,4.995864868164063,-0.1021535992622375,-0.0105369506865973,0.0163710822080318,-0.1145607837761339,-0.9932254462900978,0.7734837486865751,0.3055154585599464,-0.1767720163270169,-0.0407350703523436,-0.0013688582988327,0.011208035850122,0.005297527706809,0.450508559639281
1778869440032783872,10.220979690551758,5.00682258605957,-0.0987207889556884,-0.0085057628303894,0.0166793050630904,-0.1150848411781698,-0.9931792044300368,0.6170767661027863,0.1092061924146478,0.0342118811996127,-0.02375840336043,-0.0056069453620542,0.0160524592837509,0.005297527706809,0.450508559639281
1778869440133285376,10.274299621582031,5.012984275817871,-0.0882386565208435,-0.0073432260119671,0.0171018375232205,-0.1158607273473793,-0.9930910814439946,0.5324714005994453,0.0615327798117155,0.1046782250277444,0.0100900693275338,0.0080951068525235,0.016573804665515,0.005297527706809,0.450508559639281
1778869440232878592,10.315387725830078,5.032054901123047,-0.0870576500892639,-0.007782498893748,0.0166481979044564,-0.1166939507799688,-0.992997881200592,0.4115110164654565,0.1909986490636833,0.011828171827486,-0.0064962332653937,-0.0014846475999503,0.0064168920714306,0.005297527706809,0.450508559639281
1778869440332549888,10.367083549499512,5.049337387084961,-0.0922548770904541,-0.0074641896712933,0.0167619846986483,-0.1170056620047788,-0.9929617297762976,0.518432742362734,0.173317803182199,-0.0521205090789918,0.0118960518250168,0.0328779884276076,0.024595218577208,0.005297527706809,0.450508559639281
1778869440432339712,10.41450309753418,5.051626205444336,-0.0847602486610412,-0.0078399108427638,0.0150778046069532,-0.118242424312515,-0.9928393247141812,0.4766174596293342,0.0230050862399775,0.0753290765293888,0.0127863112503192,0.0098973074272923,0.0485654747019771,0.005297527706809,0.450508559639281
1778869440531581696,10.445282936096191,5.06351375579834,-0.0750232338905334,-0.0083766579676868,0.0145327586363404,-0.1206536952462253,-0.9925529287403978,0.309425418734094,0.1195038836412233,0.0978848497374159,0.0288618049094546,-0.0059408096994002,0.0082868562505806,0.005297527706809,0.450508559639281
1778869440631001856,10.49898624420166,5.07765531539917,-0.0756797194480896,-0.0098331901643386,0.0146564495502181,-0.121081644595349,-0.9924856332460736,0.5391046229141807,0.1419610900142585,-0.0065901787327487,0.0174595404894683,0.01747330474128,0.0002378326119408,0.005297527706809,0.450508559639281
1778869440731208448,10.539953231811523,5.092724323272705,-0.0742076635360717,-0.0105920033105111,0.0136858480588279,-0.1211146691082828,-0.9924876543088946,0.4105537819692904,0.1510152084385957,0.0147523202756471,0.0162777297975315,0.0080336483284761,0.0147516346149859,0.005297527706809,0.450508559639281
1778869440830485504,10.590091705322266,5.114189624786377,-0.0798748731613159,-0.0113401190770447,0.0131970042520887,-0.1218611172795974,-0.992394633637978,0.5019913012363838,0.2149126984484446,-0.0567406571232398,0.0109135632150632,-0.0113344143803408,0.009238350909963,0.005297527706809,0.450508559639281
1778869440930931712,10.632853507995604,5.127911567687988,-0.0719267129898071,-0.0119456784995053,0.0136990383212342,-0.1223210588978483,-0.9923241384065836,0.426861832459896,0.1369767719250923,0.0793410474626751,0.013413497657512,0.0103737933936114,-0.0086019797048357,0.005297527706809,0.450508559639281
1778869441031427072,10.66946506500244,5.118788242340088,-0.080590546131134,-0.0125553073718215,0.0130955028239727,-0.1219084646364667,-0.992375532907057,0.3651173101329945,-0.0909844945920107,-0.0864021011565209,-0.0640550303639699,0.0145102624119707,0.0111056315950724,0.005297527706809,0.450508559639281
1778869441131938816,10.707026481628418,5.135073184967041,-0.0877110362052917,-0.0092682771888183,0.0127715904901558,-0.1224280417892329,-0.9923519335890654,0.3741382060029054,0.1622095162165646,-0.0709251040431865,-0.0017085018739875,-0.0375745939574441,0.0057354860277645,0.005297527706809,0.450508559639281
1778869441233189120,10.760178565979004,5.152549743652344,-0.0687229633331298,-0.0094116052622749,0.0146725219819211,-0.1226972193920077,-0.9922910516267628,0.5249559543232669,0.1726070323492128,0.1875354849608185,-0.0075920484000598,-0.0197696107778633,0.0127591039041908,0.005297527706809,0.450508559639281
1778869441332481024,10.802610397338867,5.1602864265441895,-0.0834212303161621,-0.0091482790092735,0.0157003559087224,-0.1233119438271236,-0.9922015784733887,0.42662824959316,0.0777880042888659,-0.147782825158838,-0.0285966167029384,0.0033233183992918,0.0077143653097474,0.005297527706809,0.450508559639281
1778869441432891904,10.847769737243652,5.164551734924316,-0.0746103525161743,-0.0076996167770087,0.0157153476727964,-0.1236744452923209,-0.9921685216386614,0.4505254015520878,0.0425522112314259,0.0879004048162639,-0.0256548602433439,0.0160164073758948,0.0184378378702137,0.005297527706809,0.450508559639281
1778869441532579840,10.891319274902344,5.186127662658691,-0.0779396891593933,-0.0063121869265822,0.0150859744212235,-0.124575704629154,-0.9920753315591088,0.4351211028192112,0.2155738493415489,-0.033264753421894,-0.0004260635798665,-0.0002080048057086,0.0161301655894928,0.005297527706809,0.450508559639281
1778869441632927488,10.923724174499512,5.199004650115967,-0.0688872337341308,-0.0062801953141903,0.0151040229156969,-0.1253749906544044,-0.9919745658821024,0.3242125028209195,0.1288348485635088,0.0905702306312854,0.0026377920894687,-0.0015058050689047,0.0335174360831263,0.005297527706809,0.450508559639281
1778869441733186304,10.965399742126465,5.195500373840332,-0.0677584409713745,-0.0063954420940543,0.0151728542909584,-0.1270430594146843,-0.991760527480119,0.4156798303599927,-0.0349523006100181,0.0112587880826051,0.0058183960296957,0.0056288970281434,0.0170948527928271,0.005297527706809,0.450508559639281
1778869441831917312,10.993846893310549,5.207159042358398,-0.0647639036178588,-0.0066327040371196,0.0148655106387186,-0.127887896024631,-0.9916550357261334,0.2875090797695843,0.1178315900695017,0.0302651282468904,0.0189701267391007,0.0175752048395206,-0.001991837041116,0.005297527706809,0.450508559639281
1778869441931904000,11.045964241027832,5.216480255126953,-0.0655134320259094,-0.0074631749917935,0.0138711648494048,-0.1278088812557425,-0.9916737274310125,0.5206789571263402,0.0931236825367865,-0.0074881721141554,0.0014275647799204,-0.0032825305489282,0.0168474711854081,0.005297527706809,0.450508559639281
1778869442031800832,11.09194564819336,5.232598304748535,-0.064660370349884,-0.0075429944983146,0.0140305768485722,-0.1286413122372823,-0.9915632400069924,0.461275984407376,0.1616929464371889,0.0085577386301441,0.0201139937285328,-0.0172865781560666,0.0075424191072364,0.005297527706809,0.450508559639281
1778869442131545856,11.144490242004396,5.254281997680664,-0.0677754878997802,-0.0086450513231574,0.0147603763690252,-0.1290223579263597,-0.991494137921242,0.525945460070462,0.217043068145672,-0.0311807897658476,-0.0142930331864032,-0.0093326942916704,-0.0013225837096466,0.005297527706809,0.450508559639281
1778869442231684864,11.194562911987305,5.270622730255127,-0.0697104930877685,-0.0079984018500112,0.015314033706947,-0.1289422535863986,-0.9915015890958164,0.5013029174542297,0.1635953688052471,-0.0193723191984502,-0.0124841840478856,0.0275623135030473,0.005731860439979,0.005297527706809,0.450508559639281
1778869442330985984,11.228862762451172,5.2771100997924805,-0.068502128124237,-0.0071966494686994,0.0140291853814106,-0.1292279896719941,-0.9914895445133516,0.3426765531636082,0.064812802449409,0.0120723074610149,-0.0522803992360762,0.0409040868866601,-0.0004679912315716,0.005297527706809,0.450508559639281
1778869442431972864,11.284146308898926,5.277848243713379,-0.0771782398223877,-0.0043353306055065,0.0123356686220491,-0.1291820331764938,-0.9915346884968652,0.5517647759648073,0.0073671434145277,-0.0865930848322091,-0.028268918039221,-0.0015917603653843,0.0059520445578684,0.005297527706809,0.450508559639281
1778869442531954176,11.335326194763184,5.296234130859375,-0.0634179711341857,-0.0029388099538591,0.0125987620339978,-0.1294595269411514,-0.991500310375866,0.5111955660832563,0.1836421443468695,0.1374404851190866,0.0166247469184232,0.0004749864274174,-0.0029214477972165,0.005297527706809,0.450508559639281
1778869442632344064,11.376838684082031,5.309534549713135,-0.0573871731758117,-0.0037638997129342,0.0124668249264035,-0.1293248407672028,-0.9915167658167676,0.4140416277970205,0.1326571150743446,0.0601506063493626,0.0214367886924675,0.0293678464154206,5.915257548856676e-05,0.005297527706809,0.450508559639281
1778869442732586752,11.422316551208496,5.317371368408203,-0.054886519908905,-0.0046386337926332,0.0108687383137179,-0.1293464962188254,-0.991529040179822,0.4537749935827516,0.0781952316095846,0.024951344287713,0.0022325686366654,0.0259198493928691,0.0087313890413875,0.005297527706809,0.450508559639281
1778869442832369408,11.444729804992676,5.317275524139404,-0.0609581470489501,-0.0045770693406999,0.0095741205828939,-0.1297855145150413,-0.9914853034076606,0.2246207375375857,-0.000960530343057,-0.0608485220121324,0.0102351966129668,0.0177642666388551,-0.0120236210708477,0.005297527706809,0.450508559639281
1778869442932295680,11.5060396194458,5.336967468261719,-0.0560762882232666,-0.0049765267048421,0.0086205215478856,-0.1291959940623041,-0.99156911806916,0.6106734290407172,0.1961406529919619,0.0486255177211832,0.0054195330390879,0.0288393066879256,-0.0036067836701878,0.005297527706809,0.450508559639281
1778869443032741376,11.545193672180176,5.348244667053223,-0.0625484585762023,-0.0050604507309474,0.007155165530133,-0.1290265886838914,-0.9916024076499784,0.3916387816813244,0.1128002872511121,-0.064737944985,-0.0085330944305544,0.0442625552005203,0.0101354541540212,0.005297527706809,0.450508559639281
1778869443132628480,11.585558891296388,5.364931583404541,-0.0597410202026367,-0.0043489607764037,0.0050205393673006,-0.1295363540657293,-0.9915524260975738,0.4040908074885561,0.1670504867937204,0.0281048899073832,0.0220803068983791,0.0014302604934668,-0.0030894992913671,0.005297527706809,0.450508559639281
1778869443232433920,11.650911331176758,5.392841815948486,-0.0537929534912109,-0.005432998369779,0.0048063722973782,-0.1293892503616264,-0.9915673467823096,0.6548269281426955,0.2796585999536551,0.0595992171089642,0.0096788083295523,-0.0331670982060923,-0.0047350811869291,0.005297527706809,0.450508559639281
1778869443333576960,11.68626308441162,5.393711090087891,-0.0586150884628295,-0.0061365109493769,0.0064048969773465,-0.1291448480605376,-0.9915860672415172,0.3495223520556579,0.0085945027893585,-0.0476763895134864,0.0068970659749195,-0.0059854076354741,0.0045065488538232,0.005297527706809,0.450508559639281
1778869443432006400,11.72741413116455,5.401749134063721,-0.0585353970527648,-0.006510215809611,0.0066548485662071,-0.1293654174233035,-0.9915532859385658,0.4175141201707309,0.081553134689664,0.0008085405253016,-0.0372010735712824,0.005358041546847,-0.0103487576183457,0.005297527706809,0.450508559639281
1778869443531180032,11.77780818939209,5.425749778747559,-0.0674538612365722,-0.0046380671519805,0.0066265065223618,-0.1288424259532712,-0.9916320925720782,0.504860802156385,0.2404447102204432,-0.0893474973083122,-0.0469430869554625,-0.0162457302163176,-0.0049301828095222,0.005297527706809,0.450508559639281
1778869443631917568,11.836780548095703,5.451920986175537,-0.0635476112365722,-0.0024177019101996,0.0077328103615391,-0.1285783612804596,-0.9916662560417278,0.5899546604777541,0.261814621830955,0.0390778059950657,0.0168609678696688,0.0685168611832828,0.0059287174113919,0.005297527706809,0.450508559639281
1778869443731767808,11.877565383911133,5.468265056610107,-0.044638454914093,-0.0028103773999464,0.0042326943882973,-0.1288858926930102,-0.9916464151812432,0.4084192302177711,0.163669474991165,0.1893562377998532,0.0349159625681646,0.0641236385696496,0.0010542781822317,0.005297527706809,0.450508559639281
1778869443831677440,11.918004035949709,5.469336032867432,-0.0506185889244079,-0.0041267931028316,0.0008318305964443,-0.1289536398831017,-0.9916416875048388,0.4047927379940982,0.0107205208303038,-0.0598614122275367,0.0201544459349459,-0.0310496350110218,-0.0118851010139833,0.005297527706809,0.450508559639281
1778869443931833344,11.977442741394045,5.489438533782959,-0.0528186559677124,-0.0053286472883704,0.002241125657747,-0.1283576118482455,-0.9917111002476868,0.5934618237212559,0.200712090976805,-0.0219664238995115,0.0162555948800828,-0.015338384042846,-0.0037515314676293,0.005297527706809,0.450508559639281
1778869444031866368,11.997418403625488,5.48051118850708,-0.0582964420318603,-0.0062338455006765,0.0028965767523737,-0.1281691803808583,-0.99172849621955,0.1996906764656308,-0.0892439808266385,-0.0547597767728456,-0.0045458922167934,-0.0053388381139192,-0.0060959989481055,0.005297527706809,0.450508559639281
1778869444131982080,12.050214767456056,5.502122402191162,-0.061441957950592,-0.0060433066716837,0.0031888802511238,-0.1278642128242814,-0.9917681445610376,0.5273534271078407,0.2158623581888112,-0.0314188038609784,-0.0070088686612594,-0.0178976385336811,-0.01266606843491,0.005297527706809,0.450508559639281
1778869444232130304,12.093525886535645,5.510447025299072,-0.0628436803817749,-0.0058118444078226,0.0041187514976009,-0.1272285716426709,-0.9918478456439,0.4324701662166879,0.0831230228097648,-0.0139964781720217,-0.0032360813610358,0.0782321534042425,-0.0087950433522945,0.005297527706809,0.450508559639281
1778869444332013312,12.130626678466797,5.516386032104492,-0.0621302723884582,-0.0051549917958249,0.0002542919020578,-0.1268131892804512,-0.9919131899615682,0.3707440681730879,0.0593478313895562,0.0071290063619188,-0.0029462929190235,0.0392426669316708,0.0078257773087687,0.005297527706809,0.450508559639281
1778869444431705088,12.167062759399414,5.524783611297607,-0.0526571869850158,-0.0047599395143838,-0.0016712500867552,-0.1272111306327486,-0.9918628323221436,0.3643654732041177,0.0839768668350222,0.0947320666048474,0.0589808011785304,0.031230860571132,-0.00774925465598,0.005297527706809,0.450508559639281
1778869444531724288,12.214959144592283,5.542327880859375,-0.0424035787582397,-0.0074856505751062,-0.0035970636145224,-0.1268286089029343,-0.9918898780270756,0.4789650780793034,0.1754431447521236,0.1025363447608022,-0.0068310711084659,0.0041623823629921,-0.0040660347670384,0.005297527706809,0.450508559639281
1778869444632229376,12.263506889343262,5.560948848724365,-0.0672950744628906,-0.0071196318475679,-0.0037617460452668,-0.126629671150669,-0.9919173788644492,0.4853345650140317,0.186154874654883,-0.2488416980507084,-0.0353700369768089,-0.0228823546265805,-0.0060203221687508,0.005297527706809,0.450508559639281
1778869444731813376,12.30262851715088,5.566882133483887,-0.0701567530632019,-0.005510491938493,-0.0024061918985159,-0.1263295579557552,-0.9919701041391552,0.3915410378747005,0.0593821014854821,-0.0286405416139544,-0.0322222266145516,-0.0507750559264777,0.0056407721316614,0.005297527706809,0.450508559639281
1778869444831857664,12.349454879760742,5.571937084197998,-0.0642172694206237,-0.0042372162491217,0.0003097510814876,-0.1265979011859616,-0.991945019377604,0.4695594599488762,0.0506893936469525,0.0595592007609132,0.0164085847847898,-0.0679376552178007,-0.0084128475356327,0.005297527706809,0.450508559639281
1778869444931582720,12.400384902954102,5.589758396148682,-0.056201696395874,-0.0054840235591019,0.0035810861644237,-0.1261647336758547,-0.9919876820223056,0.508137288609526,0.1778061851592804,0.0799727015239032,-0.0040583400271417,0.0193261549754813,-0.0010108945750953,0.005297527706809,0.450508559639281
1778869445031706368,12.437833786010742,5.596190929412842,-0.0597049593925476,-0.0051614888491592,0.0026492644816079,-0.1261191744599252,-0.991998132187815,0.3750601221443103,0.0644234624595949,-0.0350860730732273,0.0066215734237245,0.0585410547553647,-0.0096913024227296,0.005297527706809,0.450508559639281
1778869445131813120,12.495887756347656,5.619503498077393,-0.0539019107818603,-0.0051220244283836,-0.0002984189344874,-0.1256539439203677,-0.9920608661716032,0.5805813194381291,0.2331423982926218,0.0580346460303011,0.0186636454671942,0.0147552193371397,0.0006490204090013,0.005297527706809,0.450508559639281
1778869445231897856,12.535515785217283,5.637094974517822,-0.0494874119758605,-0.0059552143594917,-0.0011475293163104,-0.1256895534947307,-0.99205108474347,0.396226528680844,0.1758908995270341,0.0441389992805714,0.0399386798499315,-0.0170292565296478,0.0066966964924209,0.005297527706809,0.450508559639281
1778869445331782656,12.578765869140623,5.644893646240234,-0.0534608364105224,-0.0080415565872041,-0.0005524329809254,-0.1260137340788646,-0.9919957494913764,0.4329375173309815,0.0780654571668563,-0.0397743623594783,-0.0243481216827866,-0.0203263026095959,-0.0123043149147,0.005297527706809,0.450508559639281
1778869445431672320,12.630422592163086,5.66837739944458,-0.066291332244873,-0.0069613703203321,0.0006044707129041,-0.125395621185511,-0.9920822103666208,0.516450884169661,0.2347846397599198,-0.1282760603126976,-0.0119023851669411,-0.0472849936763073,0.0049034837696842,0.005297527706809,0.450508559639281
1778869445531772416,12.680788040161133,5.67911434173584,-0.0635662078857421,-0.0066671388631144,0.0030273330145674,-0.1256217529116372,-0.9920511880490878,0.503445690983285,0.1073249131245799,0.0272399466406259,-0.0089862692735716,0.0189356983966827,0.0006522518334489,0.5759607969185496,0.9121672694464478
1778869445631432704,12.72301197052002,5.687854766845703,-0.0688698291778564,-0.0061026600182491,0.0021452056121006,-0.125658969453126,-0.9920524074007188,0.4224653394439583,0.0874510409035319,-0.0530646046071759,-0.0419689599350818,-0.0470350340974682,0.0186130092107611,0.5759607969185496,0.9121672694464478
1778869445731719680,12.76882266998291,5.703227519989014,-0.0782980322837829,-0.0043154351075312,0.0047460862512359,-0.1265621580236047,-0.9919379374948498,0.4583768869402767,0.1538180995302229,-0.0943375770246872,-0.0450299861613428,-0.0446139925032828,0.133567745422096,0.5759607969185496,0.9121672694464478
1778869445831401728,12.807469367980955,5.708462715148926,-0.0710853338241577,-0.002340278741587,0.0072626587726155,-0.1331373713235924,-0.9910682202754804,0.3879667040717883,0.0525551086270378,0.0724068806340425,0.0031369190378609,0.0288379490356305,0.1388704015461407,0.5759607969185496,0.9121672694464478
1778869445931398656,12.880196571350098,5.71230411529541,-0.0581421256065368,-0.0022530305071939,0.0058249458045857,-0.1400386469761158,-0.9901263410358327,0.7253038491657382,0.0383100433312299,0.1290818057879206,-0.0193728203039949,0.0064986843694942,0.1103893031092085,0.5759607969185496,0.9121672694464478
1778869446031319296,12.939356803894045,5.751562595367432,-0.0606020092964172,-0.0012175753911952,0.005651430655931,-0.1454895983706771,-0.9893428908157408,0.5923484000966572,0.3930798927068856,-0.0246298586984446,0.0712258915104202,0.0121995946235059,0.2834323123633231,0.5759607969185496,0.9121672694464478
1778869446131568640,12.990693092346191,5.766729354858398,-0.0285634994506835,-0.0045721663125242,0.0045463998581998,-0.1595163936559994,-0.9871742225658672,0.5133116354875252,0.1516524539285873,0.3203531144022247,0.0674560154779853,-0.0219058054174397,0.2455340610797533,0.5759607969185496,0.9121672694464478
1778869446231523584,13.078853607177734,5.793066024780273,-0.0637641549110412,-0.0080251647434032,0.0051462406810426,-0.1716502398272508,-0.9851118251777008,0.8803228348610445,0.2629836267486192,-0.3514945535769691,-0.0135410023162059,0.0594453745464956,0.238256064205067,0.5759607969185496,0.9121672694464478
1778869446332019456,13.15191650390625,5.8233513832092285,-0.0812796950340271,-0.0067819113302747,0.0024204918117636,-0.1834326228682007,-0.9830059103412296,0.7281553362298071,0.301828237547406,-0.1745623918374109,-0.085143450681078,0.0360886610599834,0.2337280108851138,0.5759607969185496,0.9121672694464478
1778869446431754240,13.232099533081056,5.854949474334717,-0.0772954821586608,-0.0022234408236581,0.0015039115874453,-0.1949427429143373,-0.9808109509716312,0.7993766530734995,0.3150139946987828,0.0397202099523991,-0.0515666828768956,0.0589384044457211,0.2260359893347925,0.5759607969185496,0.9121672694464478
1778869446532676608,13.300348281860352,5.878683567047119,-0.065079927444458,0.0009068293791424,-0.0008662125607739,-0.2060510447006406,-0.9785404408168582,0.6803400081640563,0.2365941225082285,0.1217711788514181,0.0264139712981646,0.0127719772808758,0.2482690676782757,0.5759607969185496,0.9121672694464478
1778869446632277504,13.358059883117676,5.917527198791504,-0.058613121509552,-0.0002668211064048,-0.0017760199050389,-0.2182015243363736,-0.9759020797892978,0.5760910314103608,0.3877464389797521,0.0645532062844615,0.0702821470245653,-0.0132249578069682,0.2595344688913175,0.5759607969185496,0.9121672694464478
1778869446732541952,13.429187774658203,5.962925434112549,-0.0438542366027832,-0.0038666767800412,-0.0018939691168945,-0.2308503062491371,-0.9729797519971022,0.7106403624015599,0.4535747890482101,0.1474563506892802,-0.0191091697099532,-0.0419835331882836,0.2627535148900979,0.5759607969185496,0.9121672694464478
1778869446832893440,13.506954193115234,6.010754585266113,-0.0762341618537902,-0.0034464141285009,0.0004186746458816,-0.2435987352517628,-0.9698698897918924,0.7780944396717123,0.4785561339354894,-0.3239783996059331,-0.0068861301791097,-0.0714862301724596,0.2440688770764324,0.5759607969185496,0.9121672694464478
1778869446932743424,13.562581062316896,6.037299633026123,-0.0626167654991149,-0.0039769802531954,0.0040057028832556,-0.25538432101384,-0.9668231412997812,0.5571044378100143,0.2658492940770944,0.1363785531971141,0.0266764114444019,-0.0190414531533996,0.258121315867962,0.5759607969185496,0.9121672694464478
1778869447032482048,13.641016960144045,6.085016250610352,-0.052286148071289,-0.0054538125693064,0.004634901884993,-0.2678098352232562,-0.9634452064184386,0.7863801640241407,0.4783957677803889,0.1035723801526062,0.0319725177554854,0.0414178852916174,0.2545968318715957,0.5759607969185496,0.9121672694464478
1778869447132071680,13.694543838500977,6.128647327423096,-0.0445499420166015,-0.0063770090775974,0.0022880536186899,-0.280031770151292,-0.9599668256100292,0.536949909301163,0.4376810951143453,0.0776050325912846,-0.002134364054154,-0.0312862716546649,0.2471890206947002,0.5759607969185496,0.9121672694464478
1778869447231458048,13.753430366516112,6.1742448806762695,-0.0774078369140625,-0.0066831055044448,0.0038943708734183,-0.2918359057456868,-0.9564371250081792,0.5902781699790319,0.4570695742647005,-0.3293673225979815,-0.0122281623828172,-0.0664540794522507,0.2608172076205711,0.5759607969185496,0.9121672694464478
1778869447331831808,13.809980392456056,6.2087225914001465,-0.0588713288307189,-0.007016273921969,0.0073339387452445,-0.3042445648419997,-0.9525398836830062,0.5660784745965959,0.3451296364546846,0.1855546137381211,0.0141574145340614,0.0116602181570696,0.2506408754833203,0.5759607969185496,0.9121672694464478
1778869447431208704,13.871326446533203,6.2592949867248535,-0.0616881847381591,-0.0074200263484054,0.0066517352482972,-0.3161470181116301,-0.9486578732959,0.6144814648562583,0.5065655815667464,-0.0282154373305913,0.0039269000318562,0.0184923143717862,0.2402865167425628,0.5759607969185496,0.9121672694464478
1778869447531694080,13.947797775268556,6.3082427978515625,-0.0710816383361816,-0.007233186647291,0.0057996591590379,-0.3275500233246972,-0.944788350470387,0.7633297674165722,0.4885925470473559,-0.0937645895369688,-0.0314872068446056,-0.035282519623715,0.24184186417064,0.5759607969185496,0.9121672694464478
1778869447632017920,14.002315521240234,6.361426830291748,-0.0608714818954467,-0.0062512574210631,0.0080729131822232,-0.3389468630639865,-0.9407501123425344,0.5442467542275389,0.5309323875447692,0.1019272606375172,0.0189866683542993,-0.042787013233711,0.2712840554847764,0.5759607969185496,0.9121672694464478
1778869447732160000,14.064507484436035,6.4117937088012695,-0.0412771701812744,-0.0077614683604907,0.0098502268484999,-0.3516871959710005,-0.9360335724908468,0.6210372622161302,0.5029541877854353,0.195665116144793,0.0436071954498932,-0.0281726077462277,0.2583699710279304,0.5759607969185496,0.9121672694464478
1778869447832272128,14.122791290283203,6.460879802703857,-0.0616625547409057,-0.0101731886498481,0.0105022656000822,-0.3637761455713666,-0.931371636116969,0.5820096492168471,0.4901632602473325,-0.2035641005979034,-0.0485974788247756,0.0251032322410562,0.2272722006871051,0.5759607969185496,0.9121672694464478
1778869447932612864,14.190561294555664,6.530902862548828,-0.0645180344581604,-0.0073246814541286,0.0103315337714064,-0.3743547201693064,-0.9271990896989092,0.6756021090081631,0.6980629176334732,-0.0284664010267918,0.0271822263476395,0.0806503325806963,0.2585734794235896,0.5759607969185496,0.9121672694464478
1778869448032172800,14.231485366821287,6.57758092880249,-0.0477628707885742,-0.0069405023602622,0.0061721054786378,-0.3863667199873833,-0.9222984832618664,0.4086935310610843,0.4661565348748672,0.1673276051118074,-0.0004924659722141,0.0750096924605565,0.2267425718092204,0.5759607969185496,0.9121672694464478
1778869448132543232,14.271684646606444,6.630899906158447,-0.0698682069778442,-0.0053968602514308,0.0027977365396919,-0.3968307341348625,-0.9178716767695074,0.4016185536185501,0.5326933885523705,-0.2208475672955868,0.0245239390789897,0.0707627845792463,0.2663805277878381,0.5759607969185496,0.9121672694464478
1778869448232728320,14.3136568069458,6.691186428070068,-0.050409197807312,-0.0050808933630646,-0.0008605960034133,-0.4090264618151241,-0.912507971160884,0.4201906033373916,0.6035388650558545,0.1948075280758668,0.0529888260946924,0.127741153862435,0.2391447040382234,0.5759607969185496,0.9121672694464478
1778869448332630784,14.365931510925291,6.7495856285095215,-0.0515491962432861,-0.0048960465268575,-0.0077047937085611,-0.4199177452811914,-0.9075162544441152,0.5232574041370885,0.5845621629463048,-0.0114111143041991,-0.0080175120868695,0.132001496082948,0.2405374850831771,0.5759607969185496,0.9121672694464478
1778869448432227328,14.414637565612791,6.806436061859131,-0.0769721865653991,-0.0018612984645792,-0.0134507412892953,-0.4307983984487688,-0.9023460273203237,0.4883833233385521,0.5700482979099657,-0.2549203498903786,-0.0043962061658853,0.1539294580646149,0.2657429970128107,0.5759607969185496,0.9121672694464478
1778869448531901952,14.45063304901123,6.866894245147705,-0.0566191673278808,0.0014621471228125,-0.0202500174819821,-0.4427115674863295,-0.8964341955389518,0.3612430556198874,0.606745536006326,0.2042585948650052,0.0145299724340787,0.0968495883436241,0.2742975144508615,0.5759607969185496,0.9121672694464478
1778869448631753728,14.49048900604248,6.923022747039795,-0.0630810856819152,0.0026737549772156,-0.0249186754519828,-0.4549064866584988,-0.890186496776974,0.3995568642458652,0.5626894918929555,-0.0647808766083924,-0.017093840933475,-0.0131121001085147,0.2681498914178693,0.5759607969185496,0.9121672694464478
1778869448731337728,14.534941673278809,6.988360404968262,-0.0526553392410278,0.0028016913743368,-0.0239822140811458,-0.4667937698606387,-0.8840365265940668,0.4456309815862077,0.6549997209933809,0.1045164645694128,0.000620967901989,0.0081694234831717,0.2653164265661641,0.5759607969185496,0.9121672694464478
1778869448831220736,14.577996253967283,7.060754776000977,-0.0592771768569946,0.0026469370515413,-0.0243917812095576,-0.4784473452402039,-0.8777734175550496,0.4316785313509188,0.7258483363615735,-0.0663925903166416,0.0094111588849827,-0.0271130560427323,0.2640526462469156,0.5759607969185496,0.9121672694464478
1778869448931410944,14.608739852905272,7.125485897064209,-0.0636026263236999,0.0012601018867263,-0.0234577910100406,-0.4900103875647691,-0.8714000024459426,0.3067809996741339,0.6459321197190087,-0.0431623413417661,0.0612152672995226,-0.0011367286436583,0.2716164260848001,0.5759607969185496,0.9121672694464478
1778869449031604736,14.661609649658203,7.198338985443115,-0.0427714586257934,-0.0017579499346747,-0.024925022845537,-0.5017423571720733,-0.8646561512344595,0.5279181690436171,0.7274563434752335,0.208004429476267,0.0615075177699027,-0.0960038835049713,0.2599735112216962,0.5759607969185496,0.9121672694464478
1778869449131868928,14.697035789489746,7.269794940948486,-0.0762364864349365,-0.0071634293138782,-0.0222853166657816,-0.5128749324760158,-0.858144133336174,0.3533279341797716,0.7126767201735739,-0.3337684884466322,-0.0606737416519525,-0.0738342844075864,0.2443682210380278,0.5759607969185496,0.9121672694464478
1778869449232265984,14.738235473632812,7.34013557434082,-0.0920771360397338,-0.0067234018387562,-0.0174527588374246,-0.5233987066132163,-0.8518826157354601,0.4103496650470327,0.7005940931854938,-0.1577731818740155,-0.0227659842651085,-0.0742519013705081,0.2341839582284477,0.5759607969185496,0.9121672694464478
1778869449332512256,14.776907920837402,7.415168762207031,-0.0864336490631103,-0.0079035350314078,-0.0136050342931496,-0.5333523191210828,-0.8457468538895383,0.3857911660568563,0.7485210565219439,0.0562986720188701,0.0037476797580229,-0.0759805516317099,0.249364121570043,0.5759607969185496,0.9121672694464478
1778869449432483328,14.806957244873049,7.482468128204346,-0.0904636979103088,-0.0102612526707486,-0.010386717040277,-0.5438373522125017,-0.8390636192454344,0.2999672178432948,0.6718155641998967,-0.040229941247022,0.0023400832259292,-0.0530627940686273,0.2433440914352938,0.5759607969185496,0.9121672694464478
1778869449532877824,14.847940444946287,7.556730270385742,-0.0959210991859436,-0.0119310098743409,-0.0080942446956919,-0.55399473787009,-0.8323953175135207,0.4090539474003218,0.7412115780958106,-0.054470405687121,-0.0214032990778276,-0.1006672434672833,0.2600520623423245,0.5759607969185496,0.9121672694464478
1778869449632664320,14.859845161437988,7.61765193939209,-0.0848246216773986,-0.0139284093056096,-0.0031664118199426,-0.5646893713413212,-0.8251799119855895,0.1193018792011871,0.6105201750581621,0.1112021962224956,-0.0190342544496492,-0.1115182693373597,0.2490629380036441,0.5759607969185496,0.9121672694464478
1778869449732495872,14.887106895446776,7.697362899780273,-0.0970789194107055,-0.0163258438744025,0.0021369945567944,-0.5748210791190294,-0.818113456115035,0.2730661297332479,0.7984218261209705,-0.1227447107199495,-0.0049088914172318,-0.070717147784722,0.2711078503606579,0.5759607969185496,0.9121672694464478
1778869449831874048,14.90973949432373,7.771982669830322,-0.084857165813446,-0.0181180727944949,0.0053758381111813,-0.5857423437072949,-0.8102769542515081,0.2274415806247754,0.7498758113599883,0.1228199629781737,-0.0317663295374402,-0.0569109022230402,0.2396076665810133,0.5759607969185496,0.9121672694464478
1778869449931970304,14.93581771850586,7.836637496948242,-0.0980755686759948,-0.0184319436696028,0.0088273157225026,-0.5953412266685181,-0.8032130263999208,0.260865718851348,0.6467552328537781,-0.1322263410546392,-0.042905882234413,-0.1219382985761759,0.2544569509496578,0.5759607969185496,0.9121672694464478
1778869450030928896,14.945432662963867,7.904330730438232,-0.0716673731803894,-0.0202190523488403,0.0152161821892383,-0.6053388195524514,-0.7955655669173619,0.0964328491518691,0.6789276217093235,0.2648603477350137,0.0499315584416681,-0.1090751721922287,0.2749639259588045,0.5759607969185496,0.9121672694464478
1778869450131431424,14.96651840209961,7.9846882820129395,-0.0752201676368713,-0.0252891761501733,0.018316343044492,-0.6161234048536817,-0.7870304435907345,0.2110978740554762,0.8044919930252595,-0.0355684641591777,-0.031617849115928,-0.0197737047214336,0.2583003568986153,0.5759607969185496,0.9121672694464478
1778869450231488512,14.979397773742676,8.05870246887207,-0.0847952961921691,-0.0244161443575605,0.0203918007731338,-0.6261730975506357,-0.7790348376419258,0.1288983199952864,0.7407429963475882,-0.0958290527458477,-0.0399393747431313,0.0800636040928777,0.2643544171923962,0.5759607969185496,0.9121672694464478
1778869450331513600,14.98982048034668,8.133894920349121,-0.075305163860321,-0.0200803397906523,0.0188438356538037,-0.6364697596706528,-0.7708099213402263,0.1041875914454189,0.7516397335084688,0.0948653807230574,0.0017774224105309,0.0263507304369314,0.2466266926751586,0.5759607969185496,0.9121672694464478
1778869450431713280,14.994277954101562,8.203468322753906,-0.0695036649703979,-0.0190742303859628,0.0180161203795003,-0.6459740073191934,-0.7629083660634725,0.044479544207499,0.6942482217735729,0.0578910926982844,-0.0384508102595786,-0.0073897678266905,0.2415052864878875,0.5759607969185496,0.9121672694464478
1778869450531950592,15.008042335510254,8.281510353088379,-0.0797849893569946,-0.0176237844773327,0.0197730394077645,-0.6551177759656888,-0.7550623343453474,0.1373154872642118,0.7785587382590068,-0.102567999675996,-0.0651675615256873,0.0876181020522792,0.2208609831811012,0.5759607969185496,0.9121672694464478
1778869450632081920,15.022621154785156,8.362963676452637,-0.0831487774848938,-0.0120582857977931,0.0187901800443758,-0.6634421025970756,-0.7478944466828794,0.1453780637856307,0.8122418020495011,-0.0335432517406214,0.0037535059910464,0.0711955617337784,0.2453629843555878,0.5759607969185496,0.9121672694464478
1778869450732519680,15.03050708770752,8.436820030212402,-0.05950927734375,-0.009599064044507,0.0161428693146599,-0.6726333540098666,-0.7397375458993526,0.078652943898916,0.736630618854475,0.2357763243366005,0.0105569147873794,0.0406228387905073,0.2515122592288888,0.5759607969185496,0.9121672694464478
1778869450832050176,15.029654502868652,8.513741493225098,-0.0535994172096252,-0.0084222488269313,0.0144087183077702,-0.6818881198526179,-0.7312660573042389,-0.0085452961153775,0.7709692327451075,0.0592334070984203,0.036447443769258,0.0417309462237756,0.2462397222233721,0.5759607969185496,0.9121672694464478
1778869450932635904,15.027002334594728,8.582889556884766,-0.0407939553260803,-0.0081531197250983,0.0117338082925648,-0.6909110902348733,-0.7227985264042535,-0.026431957872335,0.6891413050878821,0.1276214003346923,0.0501151534077415,0.0101109013299137,0.2364291986404718,0.5759607969185496,0.9121672694464478
1778869451032549632,15.040868759155272,8.670563697814941,-0.0612479448318481,-0.0094745687858946,0.0097343575527879,-0.699431461822594,-0.7145705738708145,0.1387779324878291,0.8774602247182667,-0.2047075915167466,-0.0022480763643262,-0.0145585567115811,0.2411007455437443,0.5759607969185496,0.9121672694464478
1778869451132450560,15.03449535369873,8.734113693237305,-0.0429469347000122,-0.0097850166578137,0.0104458852457374,-0.7079776306033412,-0.7060898041295586,-0.0638000391178921,0.6361578941641446,0.1831995736454212,0.0638203301828121,-0.0221534537329165,0.2454271032583996,0.5759607969185496,0.9121672694464478
1778869451232232960,15.02106761932373,8.802742958068848,-0.0317034125328063,-0.0126869857073995,0.0090910555180951,-0.7165885728568174,-0.6973214541043871,-0.1345701684365435,0.6877892777840187,0.1126804142534951,0.0419447078505372,-0.0517194334586181,0.2676854570073452,0.5759607969185496,0.9121672694464478
1778869451332007424,15.018450736999512,8.877934455871582,-0.0405405163764953,-0.0158726470457159,0.0095593709270215,-0.7258197279187193,-0.6876353685400702,-0.0262253525140289,0.7535392469446411,-0.0885619354599798,0.0492397702653329,-6.77104948056753e-05,0.2245603884398984,0.5759607969185496,0.9121672694464478
1778869451431420416,15.00742244720459,8.957839965820312,-0.0368314981460571,-0.0174570034817862,0.0079550322138902,-0.7335031647070981,-0.6794152470003783,-0.1104664312967971,0.8003848909602854,0.0371519079703486,0.0604001276019846,-0.0246868221474158,0.2503195858309679,0.5759607969185496,0.9121672694464478
1778869451531680000,14.99830436706543,9.024612426757812,-0.0386821627616882,-0.0203084459348175,0.0067982388814886,-0.7419338409669441,-0.6701309771976371,-0.0913306713701167,0.6688221197207501,-0.0185370647380684,0.0317885640543025,0.0194346069365494,0.2217489669075576,0.5759607969185496,0.9121672694464478
1778869451631759616,14.996777534484863,9.104363441467283,-0.0439442992210388,-0.0205761590367975,0.0051912960613256,-0.7493532402974825,-0.6618303357962367,-0.0152561794458339,0.7968757065320836,-0.0525795028964712,-0.0001473021667898,-0.0548126121386297,0.2427414015760447,0.4255728565116974,-0.1522899028836406
1778869451731709184,14.982744216918944,9.1677827835083,-0.0295154452323913,-0.0225592782392788,0.0072588254137321,-0.7572670941288532,-0.6526752152246771,-0.1404079400792014,0.6345312956348551,0.144365411580924,0.0220883279929952,-0.0245243143508735,0.2864155690382768,0.4255728565116974,-0.1522899028836406
1778869451831590656,14.945798873901367,9.249494552612305,-0.0576609373092651,-0.0241005440890981,0.0075447797282171,-0.7665046511834736,-0.6417420508175877,-0.3698814273730291,0.8180642895908237,-0.2817809751707319,0.013135836508101,0.0956186259489303,0.2356706774723986,0.4255728565116974,-0.1522899028836406
1778869451931914496,14.963467597961426,9.3031005859375,-0.0300957560539245,-0.0207535275702062,0.0042437400010724,-0.7741542254520455,-0.6326424874911102,0.1759943017560175,0.5339579911321717,0.2745707506281378,-0.0051371286406584,0.0004770774891555,0.2258983005700831,0.4255728565116974,-0.1522899028836406
1778869452031775488,14.956918716430664,9.331424713134766,-0.0404826402664184,-0.0205227354458859,0.0046626620910944,-0.7812672107494052,-0.6238418247600004,-0.0653265963036814,0.2825396694654636,-0.1036115539142678,0.0055514604807623,-0.022143116462234,0.224257773635592,0.4255728565116974,-0.1522899028836406
1778869452132204544,14.96082592010498,9.3428373336792,-0.028709053993225,-0.0215086898996813,0.0053673134626185,-0.7882009716656417,-0.6150185334364581,0.0390159037820787,0.1139622456822398,0.1175667171446554,-0.0011329699232306,-0.0060938848051247,0.2256759795116981,0.4255728565116974,-0.1522899028836406
1778869452232429568,14.966002464294434,9.34486198425293,-0.0389850139617919,-0.0216522979175879,0.005842454120161,-0.7950943051603343,-0.6060710268824495,0.0516836741873116,0.0202145247420159,-0.1025972825769263,0.0057783504883123,-0.0308749303301354,0.2434984619355491,0.4255728565116974,-0.1522899028836406
1778869452332256000,14.96079921722412,9.31004238128662,-0.0388479232788085,-0.0229816834470898,0.0068112550686085,-0.8023794562803661,-0.5963326732366355,-0.052046060970554,-0.3482869743577527,0.0013712648945229,-0.035997859199085,-0.011114279134639,0.267269493582288,0.4255728565116974,-0.1522899028836406
1778869452432512512,14.953812599182127,9.287029266357422,-0.0482698678970336,-0.0222611729455547,0.0088932049919049,-0.8102499335236837,-0.5855940541953325,-0.0698685056438073,-0.2301388083115909,-0.0942225819098007,0.0007208645350108,-0.008695840204318,0.2528598051151162,0.4255728565116974,-0.1522899028836406
1778869452532325632,14.962170600891112,9.276729583740234,-0.0319585800170898,-0.0225198639198898,0.0093983907759264,-0.8175656289754396,-0.575318145288193,0.0837365038682546,-0.1031896670215826,0.1634182748714829,0.0089450436592231,-0.0189659284797695,0.2759413918351811,0.4255728565116974,-0.1522899028836406
1778869452631650560,14.954645156860352,9.24652099609375,-0.0443756580352783,-0.0234195992229503,0.0098875446305188,-0.825398880604527,-0.5639773459370596,-0.0753396886721564,-0.3024280798858481,-0.1243114410636985,-0.0153601683831591,0.0106265425744598,0.28269628792109,0.4255728565116974,-0.1522899028836406
1778869452731766272,14.95772933959961,9.233487129211426,-0.0429587960243225,-0.0224088120017283,0.0105498713810631,-0.8332694319024007,-0.5523120487691399,0.0309326555677573,-0.1307225119494557,0.0142103462334021,0.0024610822394177,-0.0058510352087286,0.251749245703102,0.4255728565116974,-0.1522899028836406
1778869452831257344,14.963995933532717,9.225876808166504,-0.039485216140747,-0.022585678072843,0.0108895670353583,-0.8401386647091913,-0.5417917759955658,0.0627716769654977,-0.0762316210903472,0.0347944093223853,0.0103993157244648,-0.0048404783111865,0.2520251073942053,0.4255728565116974,-0.1522899028836406
1778869452931708416,14.977362632751465,9.215758323669434,-0.0453225970268249,-0.0229315520596897,0.010867601921326,-0.8468962852149999,-0.531152258055679,0.1337231345081939,-0.1012273442588426,-0.0583983268142657,-0.0175829433375411,0.0068246997399655,0.2488427265373436,0.4255728565116974,-0.1522899028836406
1778869453031619328,14.979778289794922,9.199939727783203,-0.0402199625968933,-0.0220394192420446,0.0117145956729261,-0.853431356916264,-0.5206072908438352,0.024178110229429,-0.1583270092284008,0.0510718431830083,0.0106761664064554,0.0138826722059031,0.2742932418890899,0.4255728565116974,-0.1522899028836406
1778869453131054336,14.974987030029297,9.18262004852295,-0.0444599390029907,-0.0215621452438273,0.0111987695587087,-0.8605128548745572,-0.5088489835388239,-0.0479070787607449,-0.173176842630153,-0.0423948801707503,0.0029002138326223,0.0254445862601498,0.2300786364755775,0.4255728565116974,-0.1522899028836406
1778869453231674624,14.99270248413086,9.184308052062988,-0.0343573689460754,-0.0204084250604707,0.0106727887811907,-0.8663503587665078,-0.4989054455819522,0.1767725990672868,0.0168436423529876,0.1008078910075892,0.0208076732306906,-0.0114865013129044,0.2189287508283446,0.4255728565116974,-0.1522899028836406
1778869453331911424,15.006649017333984,9.17734146118164,-0.0423712134361267,-0.0213086763988521,0.0102799955043111,-0.8717685930093866,-0.4893462805059363,0.1391991387342061,-0.0695329395824244,-0.0799854870538755,0.0120218405025204,0.0283983253295516,0.2420377226094425,0.4255728565116974,-0.1522899028836406
1778869453432098048,15.01140594482422,9.159367561340332,-0.0414013862609863,-0.0202382951277749,0.0093176401123009,-0.8776659298182177,-0.478754747892261,0.0475373906237038,-0.1796185246762121,0.0096917712865663,0.0128517438931228,0.0104609170052498,0.2459104927386766,0.4255728565116974,-0.1522899028836406
1778869453532045056,15.013625144958496,9.138916969299316,-0.0396623611450195,-0.0199706821285623,0.0087511893614179,-0.8835043925918908,-0.467915138471619,0.0221837667285583,-0.20443003598075,0.017383798293737,0.0076091898069588,-0.003959149780233,0.2640703877170389,0.4255728565116974,-0.1522899028836406
1778869453632230400,15.023767471313477,9.11850643157959,-0.0453323125839233,-0.0202065279215219,0.0087706158886936,-0.8896103591021917,-0.456188756442286,0.1013267680421193,-0.2039111884943525,-0.0566455696801519,-0.0136395611816825,0.0170344266887485,0.2431830176054177,0.4255728565116974,-0.1522899028836406
1778869453732180992,15.04399871826172,9.11314868927002,-0.0467995405197143,-0.0190300950524639,0.0092335987195461,-0.8950997354246757,-0.4453639632701059,0.2023979623816264,-0.0536000637626085,-0.0146784795476634,0.0187028872175364,0.0040071093424047,0.2586371331190012,0.4255728565116974,-0.1522899028836406
1778869453831948544,15.02790355682373,9.080227851867676,-0.0421379208564758,-0.0191459480887877,0.0085543099800907,-0.9007825236145388,-0.4337638777067177,-0.1613427608619396,-0.3300084200363902,0.0467294838546966,0.0053376414780282,0.027964833442162,0.2441237733524697,0.4255728565116974,-0.1522899028836406
1778869453931982592,15.036243438720703,9.077655792236328,-0.0474150776863098,-0.0178959093027814,0.0079402426015229,-0.9060399431759676,-0.4227390570403275,0.0833680861584423,-0.0257111181668746,-0.0527521217561738,-0.0073205313144589,0.0155706604241068,0.264883116149922,0.4255728565116974,-0.1522899028836406
1778869454031764992,15.04192066192627,9.068042755126951,-0.0433430671691894,-0.0169304870421487,0.0081787258158936,-0.9115619327038488,-0.4107326501482051,0.0568546121144498,-0.0962698622734175,0.0407791925901107,0.0104567773506943,-0.0026569716927662,0.2968874737305042,0.4255728565116974,-0.1522899028836406
1778869454131308800,15.047843933105469,9.0497407913208,-0.0443846583366394,-0.0171425753805125,0.0080075061248802,-0.9175469537803504,-0.3971770380615968,0.0593664525362494,-0.1834328756437229,-0.010439429621548,-0.0098713373674258,0.0068448927395912,0.309765323467168,0.4255728565116974,-0.1522899028836406
1778869454231550464,15.045537948608398,9.034071922302246,-0.0504824519157409,-0.0165069013163156,0.0085885675576664,-0.9235858885046908,-0.382939767158285,-0.0230757949601823,-0.1567970683191878,-0.0610201128930545,-0.0070936795274325,-0.0025139321748187,0.3217519873878046,0.4255728565116974,-0.1522899028836406
1778869454331405568,15.047026634216309,9.006339073181152,-0.0472199320793151,-0.0163469659822595,0.0092283234280756,-0.929618020385036,-0.3680461260837944,0.0148956266240519,-0.2774918784288467,0.0326444193983866,0.001925937411968,0.0054361113325887,0.3448249406403986,0.4255728565116974,-0.1522899028836406
1778869454431386112,15.035802841186523,8.987574577331543,-0.0501688122749328,-0.0159685270766728,0.0093191588823766,-0.9358254004091352,-0.3519786632308964,-0.1123305265976378,-0.1877997655990417,-0.029513130219706,-0.0006041484072651,0.0306626861170574,0.3368036241397061,0.4255728565116974,-0.1522899028836406
1778869454531588352,15.052099227905272,8.978170394897461,-0.0486648678779602,-0.0143611266031223,0.0090749501057207,-0.9416530921880444,-0.3361560014278518,0.1626723583212735,-0.0938736028444568,0.0150125414953562,-0.0055606586468981,0.0425391132509428,0.297915971379465,0.4255728565116974,-0.1522899028836406
1778869454631806208,15.07027530670166,8.983963012695312,-0.0509503483772277,-0.0121231296113765,0.0088341380462621,-0.946592303801704,-0.3220838370933687,0.1813582596793982,0.0577978943959633,-0.0228041906354833,0.0122668033706441,0.0198517656484148,0.3041699069588981,0.4255728565116974,-0.1522899028836406
1778869454732115200,15.066679000854492,8.95400619506836,-0.0429888367652893,-0.011242689559157,0.0081150441990716,-0.951412174537157,-0.3076079032333233,-0.0358537418469339,-0.2986575812505673,0.0793731106798372,0.0146485585489241,0.0262177566205767,0.323178534707664,0.4255728565116974,-0.1522899028836406
1778869454832067584,15.086604118347168,8.949259757995605,-0.0513457059860229,-0.0100879778774551,0.0071954004176543,-0.9562790243561582,-0.2921932348491451,0.1992068075864794,-0.0474538018167763,-0.083550083932604,-0.0086322119805973,0.0237024175507019,0.2697452084688793,0.4255728565116974,-0.1522899028836406
1778869454932679424,15.095786094665527,8.956418991088867,-0.055597960948944,-0.0087232668696347,0.0073983393699231,-0.9601613540216232,-0.2792120044572794,0.0913248264601351,0.0712064262812873,-0.0422933400270857,-0.0179242907082083,0.0163053436470603,0.253400652395228,0.4255728565116974,-0.1522899028836406
1778869455032553216,15.107203483581545,8.94690227508545,-0.0512513518333435,-0.007595072112555,0.0081416219736144,-0.9636238713178068,-0.2670300797620499,0.114097069884918,-0.0951031289994652,0.0434368459963235,0.0027414899845865,0.0077897229308245,0.268883300016367,0.4255728565116974,-0.1522899028836406
1778869455132651776,15.121883392333984,8.934430122375488,-0.0551760196685791,-0.0071460708087163,0.0080068593662507,-0.9671318491205976,-0.2540488344623131,0.1467483712874051,-0.1246784382314483,-0.0392331193863249,-0.0206949950163228,0.0184342413155772,0.2658647257060237,0.4255728565116974,-0.1522899028836406
1778869455232648448,15.129700660705566,8.927637100219727,-0.0514978766441345,-0.0058863251138835,0.0088666114931909,-0.9704167776560462,-0.2412011857784666,0.0782710673165304,-0.0680157145901728,0.0368277212168764,0.0195903845927616,-0.0018707807812663,0.27551181383856,0.4255728565116974,-0.1522899028836406
1778869455332105984,15.142802238464355,8.926156997680664,-0.0472899675369262,-0.0060900507774,0.0080213852324887,-0.973645737599115,-0.2278432494403903,0.1314006026488237,-0.0148444995858912,0.042202687550949,-0.0166408944280772,0.0252057157831148,0.2445860771105806,0.4255728565116974,-0.1522899028836406
1778869455431393792,15.161227226257324,8.929479598999023,-0.0569502711296081,-0.0045788211634164,0.0086166582939687,-0.9763522573871034,-0.2159654071644485,0.1847298800502009,0.0333125725721998,-0.0968547031876818,0.0052515128753505,0.0070114878729085,0.251754991804584,0.4255728565116974,-0.1522899028836406
1778869455531764480,15.170530319213867,8.906783103942871,-0.0441034436225891,-0.0041852063189067,0.0083420851953994,-0.9789920592692074,-0.2036846620403646,0.0932149134329086,-0.2274138108446736,0.1287223420800136,0.0013808579088171,0.0134624279520836,0.2690774001274504,0.4255728565116974,-0.1522899028836406
1778869455631707392,15.17998504638672,8.89770221710205,-0.0566874146461486,-0.0034292002529172,0.0081932400647918,-0.981641807152996,-0.1905268323682163,0.0947349834140523,-0.0909891579653628,-0.1260895491117888,-0.0208694470136731,0.0231412477030612,0.2553536365942309,0.4255728565116974,-0.1522899028836406
1778869455730982656,15.195531845092772,8.89207935333252,-0.0516020655632019,-0.0019913721349032,0.0090392138597038,-0.9839859395641268,-0.1780056116809846,0.1556468938262671,-0.0562933435161128,0.0509120111315692,0.0200246839798794,-0.0134963426900193,0.2816132630993588,0.4255728565116974,-0.1522899028836406
1778869455831496704,15.214401245117188,8.886897087097168,-0.0481582880020141,-0.0027054231505616,0.0082021028335944,-0.9863995200160984,-0.164138335274531,0.1888748365675525,-0.0518723269942424,0.0344707793148042,0.0004875503666913,-0.0032934691521092,0.2456829837686978,0.4255728565116974,-0.1522899028836406
1778869455931428608,15.22585105895996,8.88022518157959,-0.0508997440338134,-0.0027709853084327,0.0082377475875792,-0.9883436246322616,-0.1519912523925866,0.1143427055275311,-0.0666284830810101,-0.0273773446507645,0.0245936998410761,-0.0153558419614115,0.2605171465225446,0.4255728565116974,-0.1522899028836406
1778869456031771904,15.244820594787598,8.881692886352539,-0.0478049516677856,-0.0036104375097256,0.0071728935350019,-0.990249265585998,-0.1390751823501069,0.1894073379020875,0.0146547631105179,0.0309009344633005,0.0178450864783139,0.0071739207663469,0.2373911563888262,0.4255728565116974,-0.1522899028836406
1778869456131767040,15.262104988098145,8.880215644836426,-0.0495060086250305,-0.0032934294015505,0.0062803779416617,-0.9918399246992484,-0.1272920812473279,0.1725647371659228,-0.0147485531819694,-0.0169830922877754,0.0121554019537186,0.0099751639951479,0.2410520741261977,0.4255728565116974,-0.1522899028836406
1778869456232200448,15.28503131866455,8.881861686706543,-0.0486504435539245,-0.0027989076451898,0.0056517100680861,-0.9933108048074336,-0.1152990431101157,0.2286726351006423,0.0164180103237815,0.0085336080600941,0.0179858284309751,-0.0103265895730297,0.2539724387297699,0.4255728565116974,-0.1522899028836406
1778869456331942912,15.305399894714355,8.88051986694336,-0.0506249666213989,-0.0033439085696489,0.0048524129502635,-0.9946989971419016,-0.1026604960485454,0.2035179965430917,-0.0134071458533631,-0.0197289676920913,-0.0070915502458436,0.0148075390553703,0.2505500389940351,0.4255728565116974,-0.1522899028836406
1778869456432399104,15.319923400878906,8.875605583190918,-0.0560774207115173,-0.0025090918945851,0.0051709589577508,-0.9959086747976602,-0.0901824656132789,0.1450727658409689,-0.0490879218844647,-0.0544636113698959,-0.0088372383933574,-0.0064483664656448,0.2516130152166369,0.4255728565116974,-0.1522899028836406
1778869456532096512,15.33204746246338,8.863743782043457,-0.051027238368988,-0.0027249135342793,0.0056708369617133,-0.9969603745275404,-0.0776558309226731,0.1213365979472179,-0.1187119173497598,0.0505418040139615,-0.008714487162927,-0.0054191077926397,0.2567646756920783,0.4255728565116974,-0.1522899028836406
1778869456632258048,15.35571575164795,8.861313819885254,-0.059257686138153,-0.002888091116266,0.006160525299828,-0.9978713810280256,-0.0648568715168678,0.2368059551643811,-0.0243122561753099,-0.0823472719218873,-0.0077750443130609,0.0074654671329734,0.2582137369975378,0.4255728565116974,-0.1522899028836406
1778869456732133888,15.369091987609863,8.8499174118042,-0.0530068278312683,-0.0024112753804257,0.0065604659275831,-0.9986231803407706,-0.0519893231725284,0.1339420348223981,-0.114117162136579,0.0625925472154148,0.0058016090535828,-0.0258616447038604,0.2789807593734238,0.4255728565116974,-0.1522899028836406
1778869456831654144,15.374494552612305,8.847604751586914,-0.0505303740501403,-0.0036212410796918,0.0063717330602278,-0.9992471000627304,-0.0380988273713985,0.0542323751613009,-0.0232150943982621,0.0248592974757472,0.0074066195457815,-0.0044128272895595,0.2424226140382231,0.4255728565116974,-0.1522899028836406
1778869456931762176,15.396167755126951,8.852518081665039,-0.0526741743087768,-0.0037783712519718,0.0060534210396806,-0.9996370506645836,-0.025977816363416,0.2166649110237087,0.0491180859629564,-0.0214313640070561,0.0251191767565024,0.0081326357282987,0.2576678904542176,0.4255728565116974,-0.1522899028836406
1778869457031318784,15.421839714050291,8.84636402130127,-0.0462223887443542,-0.0033265120019039,0.0048363421083233,-0.9998969188441,-0.0131032743612969,0.2568846530362184,-0.0615801725934365,0.0645593388930666,0.0154237385235578,0.004488419623528,0.2328700171534097,0.4255728565116974,-0.1522899028836406
1778869457131705600,15.43418025970459,8.862151145935059,-0.0544148683547973,-0.0030557048986408,0.0041007625589725,-0.9999858578314677,-0.0014596407337157,0.1234136709568577,0.157881754947436,-0.0819302493817968,0.0310882156251472,-0.0004898155877723,0.2469878442182318,0.4255728565116974,-0.1522899028836406
1778869457231737344,15.451568603515623,8.864468574523926,-0.0430014729499816,-0.0030315802207504,0.0025834942655002,-0.9999326901677548,0.0108972571146287,0.1738407150162121,0.0231685919755057,0.1141059113793649,0.0058161787692288,0.0151737431542325,0.2473423331426936,0.4255728565116974,-0.1522899028836406
1778869457331743232,15.4716157913208,8.860885620117188,-0.0603231787681579,-0.0022375085394983,0.0023382402318621,-0.999724143241649,0.0232629234599736,0.2004457078602075,-0.035824866772789,-0.1731944459149627,0.0001758878771072,0.0057964095204015,0.2163409054435051,0.4255728565116974,-0.1522899028836406
1778869457431681536,15.488207817077637,8.864141464233398,-0.0471519827842712,-0.0019217960290561,0.0023602804919156,-0.9994142435290068,0.0340867365314642,0.1657365419263885,0.0325223907424238,0.1315661214246092,0.0181993916440777,-0.0122079951750414,0.2482474129324376,0.4255728565116974,-0.1522899028836406
1778869457531952128,15.51257610321045,8.862139701843262,-0.0522626638412475,-0.0024720494026508,0.0014525943132573,-0.9989138204139564,0.0465076158011345,0.2433775685060542,-0.0199925452525911,-0.0510427825033622,-0.0066352538929729,-0.0007170299304919,0.2474258569080934,0.4255728565116974,-0.1522899028836406
1778869457631647488,15.53399658203125,8.86406135559082,-0.0550883412361145,-0.002505141769498,0.0018129111278289,-0.9982611666961037,0.0588649359507953,0.2141335245711715,0.0192101443395623,-0.0282473732228794,-0.0007321529296307,0.0037458388841255,0.2409211413140983,-0.7937007333018027,-0.961613603381333
1778869457731448576,15.544612884521484,8.86252212524414,-0.0534132719039917,-0.0022983040405132,0.0018905278482785,-0.9974800055149272,0.0708856988463311,0.1061573178849206,-0.015391476021044,0.0167497928523621,-0.0068210005954827,0.0516090448614286,0.170102043170303,-0.7937007333018027,-0.961613603381333
1778869457831940096,15.59009838104248,8.888679504394531,-0.0628165006637573,0.0002655303819078,0.0024326621210689,-0.99684350044758,0.0793539366637614,0.4552232225879377,0.261785565554921,-0.0941084175430771,-0.0016723074737377,0.0471942262654693,0.0619150975207128,-0.7937007333018027,-0.961613603381333
1778869457932098560,15.607413291931152,8.886516571044922,-0.0542911887168884,0.0026278435756504,0.002703475121887,-0.9965884365013048,0.082445581399442,0.1724775228075928,-0.0215454407208427,0.0849224518227198,-0.0172266603097609,-0.0585753339415999,0.0085683074285394,-0.7937007333018027,-0.961613603381333
1778869458032104704,15.706567764282228,8.918951988220215,-0.0584750771522522,-0.0003684450117474,0.0033208425293826,-0.9965536470465892,0.0828834411164868,0.9890128506125953,0.3235259453326887,-0.0417320503048329,-0.0053433731846434,-0.1145297149996949,-0.0263412464239857,-0.7937007333018027,-0.961613603381333
1778869458132386816,15.774394035339355,8.890480995178223,-0.0547795891761779,-0.0060986206597966,0.0031120293552164,-0.996642534129824,0.08158910014593,0.6786240643134817,-0.2848616135320747,0.0369745679787227,-0.0062318922592401,-0.0173834319860404,-0.0571810335302358,-0.7937007333018027,-0.961613603381333
1778869458232487680,15.825044631958008,8.874905586242676,-0.062523603439331,-0.0069987250262525,0.0033341035882821,-0.9968649260016356,0.0787414815013245,0.5067537484990359,-0.1558302841310887,-0.07747802628721,-0.0590154228601672,0.0316035230067471,-0.1361761249969454,-0.7937007333018027,-0.961613603381333
1778869458332310784,15.8866605758667,8.894522666931152,-0.0515441298484802,-0.0056797393261169,0.0063491268457608,-0.99737308571642,0.0719330038159855,0.6168020975288131,0.1963754143566327,0.1099092525570112,0.0434097382461099,-0.0256467884999973,-0.2192444341970214,-0.7937007333018027,-0.961613603381333
1778869458432404480,15.912299156188965,8.886709213256836,-0.0523986220359802,-0.0068727788885351,0.0040275713975582,-0.9981055670890432,0.0610067252427669,0.2561746333488378,-0.0780701819307777,-0.0085378839265198,0.0181975545481594,0.0374687314937903,-0.3201946656552725,-0.7937007333018027,-0.961613603381333
1778869458532250368,15.985516548156738,8.898494720458984,-0.0490005612373352,-0.0050150628409683,0.003125142998367,-0.998967110237336,0.0450532494944233,0.7337555444285917,0.1181096597552366,0.0340540120905791,-0.0274622796396911,-0.0049201080892956,-0.284262588094332,-0.7937007333018027,-0.961613603381333
1778869458631806208,16.054933547973633,8.907709121704102,-0.0610923171043396,-0.0053652629539919,0.0044093068557957,-0.9994984298984888,0.030897582380213,0.6967688903887906,0.0924889889809792,-0.1213702600303723,-0.0143928218593342,0.0500002844798397,-0.3216779986604852,-0.7937007333018027,-0.961613603381333
1778869458731540224,16.131929397583008,8.919775009155273,-0.0534668564796447,-0.0029670605285465,0.0051165609402445,-0.9998721345910542,0.0148570462842921,0.7725294741838419,0.1210617680758765,0.076509228960931,0.0038566672922453,0.0433392614932076,-0.2932194874257792,-0.7937007333018027,-0.961613603381333
1778869458830748928,16.21230697631836,8.925148010253906,-0.0576421022415161,-0.0008875428881381,0.0049133880405445,-0.999987492362266,0.0002932654282353,0.809676972223934,0.0541244875716006,-0.0420589970480903,0.0365664072933225,-0.0215954386031483,-0.3244709236024923,-0.7937007333018027,-0.961613603381333
1778869458930895104,16.275232315063477,8.92679214477539,-0.0435645580291748,-0.0020472770362929,0.0030682556325849,-0.9998662096154194,-0.0159360388241201,0.6287270674483801,0.016427593347898,0.1406576947539606,0.0437365488595639,-0.0305569356734318,-0.2906317480265495,-0.7937007333018027,-0.961613603381333
1778869459030703616,16.349300384521484,8.923558235168457,-0.0553253293037414,-0.003650927410309,0.0008803568134608,-0.9995299720451444,-0.0304258226570525,0.7421340899813329,-0.032402553229556,-0.1178384876397705,-0.0253008476835384,0.0202951343845776,-0.2930788892986878,-0.7937007333018027,-0.961613603381333
1778869459130731520,16.416290283203125,8.919611930847168,-0.0545064806938171,-0.0026103636415359,0.0020606714076568,-0.9989778768241978,-0.0450792773991154,0.6696829738765996,-0.0394503181182929,0.0081858456728659,-0.0259775657017117,-0.0383178313472642,-0.2859375950940026,-0.7937007333018027,-0.961613603381333
1778869459230929664,16.499706268310547,8.929950714111328,-0.0686818361282348,-0.0044985171744603,0.0034096143231795,-0.9982192884822844,-0.0593834149853354,0.8325464426718088,0.1031878628184602,-0.1414793786267103,-0.0468231645006039,-0.0317261583814233,-0.2824141344026255,-0.7937007333018027,-0.961613603381333
1778869459331208192,16.564666748046875,8.915786743164062,-0.0859456062316894,-0.0059950774875235,0.0057839472618683,-0.9972589712732072,-0.0735197199062606,0.6476616052960029,-0.1412160162348968,-0.172121282109493,-0.0612077823279799,-0.0483200213929467,-0.3190832432960866,-0.7937007333018027,-0.961613603381333
1778869459431743488,16.620492935180664,8.89145278930664,-0.0601763725280761,-0.0082830300721301,0.0089338095972907,-0.9959114854545644,-0.0895091704720063,0.5552823594649474,-0.2420408057007003,0.2563170015221283,0.0085028519562464,-0.062282730682972,-0.3116442923615031,-0.7937007333018027,-0.961613603381333
1778869459532206336,16.690994262695312,8.879988670349121,-0.0389376878738403,-0.0115750723149087,0.008657737469402,-0.994361558600778,-0.1050530916244111,0.7018939461462663,-0.1141339599954585,0.2114471416133316,0.0382234107018739,-0.0413430003282581,-0.3279522043215664,-0.7937007333018027,-0.961613603381333
1778869459632503296,16.773452758789062,8.86813735961914,-0.0818990468978881,-0.0139786018345554,0.006778101189833,-0.992488149717849,-0.121350437595635,0.8221791988272481,-0.1181673402089449,-0.4283601741021648,-0.0006148767327887,0.0197049847953924,-0.3140015964619983,-0.7937007333018027,-0.961613603381333
1778869459732043776,16.854032516479492,8.862236022949219,-0.0488734245300293,-0.0131010556782145,0.0064685188102373,-0.9904721005131784,-0.1369362578338198,0.8051647817995354,-0.0589670233362786,0.3299968725367504,0.0304686521477446,-0.0774381614209135,-0.287609973751887,-0.7937007333018027,-0.961613603381333
1778869459832203776,16.920093536376953,8.861482620239258,-0.0566910505294799,-0.0172269416557921,0.0053033093569791,-0.98835604218256,-0.1510875285133665,0.6620746020622661,-0.0075507281020526,-0.0783495566779294,-0.018610954213352,-0.0396745617954382,-0.3250815396336428,-0.7937007333018027,-0.961613603381333
1778869459932446464,16.978849411010742,8.828920364379883,-0.0703948140144348,-0.0191326491092271,0.0062428993248549,-0.9857256073841172,-0.1671526095916426,0.5869802186344505,-0.3253019410007251,-0.1369027035449451,-0.0517153952993265,-0.0282231631256698,-0.3048013683112834,-0.7937007333018027,-0.961613603381333
1778869460032239360,17.055927276611328,8.811436653137207,-0.0702994465827941,-0.0201819334799081,0.0087297239256303,-0.9830226234123344,-0.18216202496878,0.7724773646296379,-0.175222433567038,0.0009557761062948,-0.0085242913978793,0.0336604316856575,-0.3254758429258095,-0.7937007333018027,-0.961613603381333
1778869460131812864,17.126401901245117,8.784736633300781,-0.0624239444732666,-0.0185959681008079,0.0085134394017428,-0.9799702888441338,-0.1980907476453442,0.7077138888336457,-0.2681245195495897,0.0790866535779899,0.0252102489372086,0.0582012779943649,-0.3179114904722362,-0.7937007333018027,-0.961613603381333
1778869460231580928,17.196901321411133,8.760849952697754,-0.0663626194000244,-0.0161324717168865,0.0064098716380078,-0.9767653351377088,-0.2136074366102635,0.7065932504500582,-0.2394085972623587,-0.0394760852275139,-0.0025485881614936,0.0166830314305883,-0.3259142734268224,-0.7937007333018027,-0.961613603381333
1778869460330566400,17.252111434936523,8.735917091369629,-0.0816633701324462,-0.015394386516194,0.0060931020388246,-0.9731750811565492,-0.2294692754755602,0.5532696407348298,-0.249856309807424,-0.1533313431208044,-0.0131017096702374,0.0418525448515824,-0.3217339131005047,-0.7937007333018027,-0.961613603381333
1778869460431220992,17.31687355041504,8.693665504455566,-0.0718907117843627,-0.0133069418161388,0.0060021218659933,-0.969389966149774,-0.245091805984508,0.6486407142055185,-0.423181042029824,0.0978804358651672,-0.0027702237726991,-0.0332246338299239,-0.312993820226123,-0.7937007333018027,-0.961613603381333
1778869460531051520,17.382280349731445,8.683609008789062,-0.0758633613586425,-0.0149742881270067,0.0063342819421955,-0.965414724458546,-0.2602115627061871,0.6545790885160976,-0.100643539140357,-0.0397575384287861,0.003493540458489,-0.0419312061734097,-0.3246439848249297,-0.7937007333018027,-0.961613603381333
1778869460631324416,17.459522247314453,8.659383773803711,-0.0741345882415771,-0.0171483484753988,0.0064675093841393,-0.9610235072320572,-0.275858521735922,0.7710530399486345,-0.2418239538826976,0.0172571597669813,0.0158002312242794,0.0034637757278455,-0.3465546722055417,-0.7937007333018027,-0.961613603381333
1778869460732592896,17.516042709350586,8.627242088317871,-0.0796661376953125,-0.0173115138842817,0.0053471349351575,-0.9560371137460124,-0.2926854228949809,0.5574822865315399,-0.317025368726968,-0.0545597245040084,0.013924945956444,-0.0082218978269585,-0.3109753754499274,-0.7937007333018027,-0.961613603381333
1778869460831698688,17.59798240661621,8.586408615112305,-0.0967119336128234,-0.0179829345438159,0.0045397542829694,-0.9514124336720294,-0.3073603516241305,0.8272303811163884,-0.4122383988391573,-0.1720875317315859,-0.0557048586846874,-0.0305641994454843,-0.3153143471159694,-0.7937007333018027,-0.961613603381333
1778869460931836672,17.660886764526367,8.550492286682129,-0.1071200370788574,-0.018651817230621,0.0073827472750188,-0.9463899813488046,-0.3224028659290704,0.6273636498145743,-0.3582040996917325,-0.1038030749383823,-0.020745721845616,-0.0632661762672036,-0.3297296786987958,-0.7937007333018027,-0.961613603381333
1778869461031890688,17.69832992553711,8.522000312805176,-0.0921815037727356,-0.02143552695046,0.0090789876535601,-0.9408633074001074,-0.337985690459927,0.3736959373371402,-0.2843599364241353,0.1490918249309056,0.031148154292174,-0.0515452858370959,-0.3206632122260143,-0.7937007333018027,-0.961613603381333
1778869461132350720,17.759490966796875,8.466985702514648,-0.0959530472755432,-0.0245334593567157,0.0081386586136026,-0.9352706565218064,-0.3529882018669069,0.610795757648442,-0.5494133173995146,-0.037665198692699,0.0407136453682055,0.0135330783422774,-0.3288339002977379,-0.7937007333018027,-0.961613603381333
1778869461232332032,17.811561584472656,8.418695449829102,-0.0985452532768249,-0.0247495557386963,0.0055921398025925,-0.9293732660970452,-0.3682682714099551,0.5208328433050081,-0.483019997318542,-0.0259283657913631,-0.006494725512547,0.0034142398270328,-0.3185452332134886,-0.7937007333018027,-0.961613603381333
1778869461332198656,17.865158081054688,8.371380805969238,-0.1152708530426025,-0.0245572867092518,0.0054362107482204,-0.9233937731462938,-0.3830291464064213,0.5360788718591661,-0.4732469941200855,-0.1672915437650453,-0.0160651006357967,0.0243361707184012,-0.3399195739821866,-0.7937007333018027,-0.961613603381333
1778869461432013312,17.906845092773438,8.323282241821289,-0.1012740731239318,-0.0232176238667878,0.0052939881900155,-0.916788922242914,-0.398661495110452,0.4177127607853948,-0.4819578854825079,0.1402507241674939,-0.0047884984051444,-0.0072921490949696,-0.3142153782923947,-0.7937007333018027,-0.961613603381333
1778869461531828224,17.975801467895508,8.272599220275879,-0.1187419295310974,-0.0235361878512277,0.0052934267890932,-0.9104141688526668,-0.412994029795308,0.6907573799737394,-0.5077075340733049,-0.1749809311207438,-0.0328399610992888,-0.0491598409533907,-0.3569051246904839,-0.7937007333018027,-0.961613603381333
1778869461631498752,17.99935531616211,8.243239402770996,-0.1196221113204956,-0.0251842792874286,0.0073798260393934,-0.9028389101467894,-0.4291773439609301,0.2358373357378695,-0.2939706947131772,-0.0088129857094732,0.0130517233744903,0.05868715201628,-0.3722435347109851,-0.7937007333018027,-0.961613603381333
1778869461731451392,18.04211807250977,8.1806001663208,-0.0888507366180419,-0.022951657817465,0.0050650471427256,-0.8947827357873658,-0.4458827451671,0.4283051765302194,-0.6273849376640918,0.3082013462103284,-0.002961032624863,0.0347248369797672,-0.329234106308684,-0.7937007333018027,-0.961613603381333
1778869461831260416,18.115541458129883,8.104012489318848,-0.1224779486656189,-0.0214184858073231,0.0040489247608741,-0.8873894063938418,-0.4605050445912481,0.7371475350336029,-0.7689160182293621,-0.3376065576596334,0.0125569071647658,0.0336030736159667,-0.3439002183633593,-0.7937007333018027,-0.961613603381333
1778869461931421440,18.15018653869629,8.055213928222656,-0.1111221313476562,-0.0202813049690777,0.0023465130857352,-0.8793642135100685,-0.4757118272051985,0.3458938335777214,-0.487201100262564,0.113375611235469,0.0230607100494232,0.011535737249982,-0.311734630928994,-0.7937007333018027,-0.961613603381333
1778869462031358464,18.213592529296875,7.985104560852051,-0.1198485493659973,-0.0203566568081713,0.0007428604174539,-0.8718613738443164,-0.4893289276961825,0.634459463197138,-0.7015354726850405,-0.0873191703040649,-0.0107902560449669,-0.0225766742441135,-0.3302464811494763,-0.7937007333018027,-0.961613603381333
1778869462131517184,18.24844741821289,7.933012008666992,-0.1332169771194458,-0.0210875119991178,0.0014305006789452,-0.8636247947266319,-0.5036918546481344,0.3479618635778332,-0.5200481797693988,-0.1334591266494649,-0.0121921184535944,0.0544592987156444,-0.3426553316007395,-0.7937007333018027,-0.961613603381333
1778869462231387136,18.27772521972656,7.862442970275879,-0.1253320574760437,-0.0184479772053667,0.0002229312773956,-0.8549142513634383,-0.5184411685566335,0.2925204099627919,-0.705069471531489,0.0787798197735094,-0.0179429543338104,0.0407095535200652,-0.3154809723618565,-0.7937007333018027,-0.961613603381333
1778869462331800832,18.31317710876465,7.784340858459473,-0.133379578590393,-0.0162397783047045,-0.0003574631948044,-0.8466496833050318,-0.5319026749135294,0.3538467513998633,-0.7795403656491959,-0.0803226366887013,-0.002805434146127,0.0212468959620471,-0.3084774461043275,-0.7937007333018027,-0.961613603381333
1778869462431812608,18.356800079345703,7.717219829559326,-0.13836270570755,-0.0152581192404604,-0.0010543169043221,-0.8383604252157033,-0.5449017119125747,0.4361415005535151,-0.6710745708803119,-0.0498211953330302,-0.0114357077625866,0.0683857699124386,-0.2884557387732134,-0.7937007333018027,-0.961613603381333
1778869462531917568,18.40390968322754,7.646330833435059,-0.1390864849090576,-0.0120602427544115,-0.002659498369685,-0.8304548887091963,-0.5569489702226971,0.4706622764642237,-0.7082372497930465,-0.0072311278076858,-0.079241250212952,-0.0306539058833294,-0.2914539522602448,-0.7937007333018027,-0.961613603381333
1778869462631857920,18.433977127075195,7.588181495666504,-0.1548953652381897,-0.0110856482013178,0.001311514258393,-0.8222297563995787,-0.5690462336448563,0.3004729052895217,-0.5811036198656211,-0.1579828410401757,-0.0489638159282338,-0.0371690488834339,-0.2886805846679077,-0.7937007333018027,-0.961613603381333
1778869462732025344,18.47063636779785,7.526110172271728,-0.1361792087554931,-0.0112384125078462,0.0042238021419434,-0.8138972178963346,-0.5808848218712344,0.3663373192244911,-0.620281319659335,0.1870313311704707,0.0254494539434645,0.0176287653624423,-0.3112681348079643,-0.7937007333018027,-0.961613603381333
1778869462832037376,18.496028900146484,7.46243143081665,-0.1418213844299316,-0.0113245167777683,0.002501062878227,-0.8047743340802574,-0.5934675822737981,0.2539682339591658,-0.6368950243341628,-0.0564312913753817,-0.0048713640961324,0.0390917262205796,-0.3081386231874296,-0.7937007333018027,-0.961613603381333
1778869462933311488,18.507213592529297,7.372965335845947,-0.1449574828147888,-0.0096227762766177,0.0013478537480505,-0.7954369374214306,-0.605958467267039,0.1104397971201798,-0.883405375804767,-0.0309664367618,0.0101128902732317,0.0453678805521801,-0.3003283776626468,-0.7937007333018027,-0.961613603381333
1778869463031752704,18.533483505249023,7.309707641601562,-0.1442179083824157,-0.0081635027708941,-0.0005481622816567,-0.7863906779953089,-0.617675285488015,0.2662081337397083,-0.6410265960582924,0.0074945330616112,-0.057089568078638,-0.0124786809371189,-0.2951481096431512,-0.7937007333018027,-0.961613603381333
1778869463131834368,18.55158805847168,7.23766279220581,-0.1533063054084777,-0.0068828080217687,0.0019599792229796,-0.777188696198277,-0.6292269192722155,0.1811521946386941,-0.7208729439466305,-0.0909375142689857,-0.0572164515320789,0.0091133412178998,-0.3226717454217523,-0.7937007333018027,-0.961613603381333
1778869463231566336,18.58329200744629,7.19353723526001,-0.1391728520393371,-0.0047609691347637,0.0037838832905497,-0.7669384637084885,-0.6416918328018557,0.3172807246266907,-0.4415913201706279,0.1414420749298386,-0.0385455908459436,0.014865867555549,-0.2800996046765019,-0.7937007333018027,-0.961613603381333
1778869463331866368,18.602184295654297,7.110452175140381,-0.1588121652603149,-0.0030065529345961,0.004718047502792,-0.7578701802345905,-0.6523813996263245,0.1889001536136046,-0.8307506452786899,-0.1963695050309421,-0.0487574273242687,0.0124854088058659,-0.3144156106115215,-0.7937007333018027,-0.961613603381333
1778869463431802112,18.617305755615234,7.031045436859131,-0.1483550667762756,-0.001016833409306,0.0061104921285554,-0.747508700687242,-0.6642231329400052,0.1512103415261147,-0.7940450225044411,0.1045680402043512,0.050801652285927,0.0625157289233498,-0.3156405541182627,-0.7937007333018027,-0.961613603381333
1778869463531908864,18.632587432861328,6.966153144836426,-0.1318602561950683,-0.0004635911768365,0.0021174363079555,-0.7369421284550892,-0.6759523658178772,0.1527624134837064,-0.6486920896338034,0.1648894315567292,0.010342348423886,-0.0099765401497076,-0.2819170832423958,-0.7937007333018027,-0.961613603381333
1778869463631993600,18.637067794799805,6.894379138946533,-0.1526744961738586,-0.0012111534916275,0.0020667469570386,-0.7273335841918953,-0.6862799129879924,0.0447656867324626,-0.7171323895973823,-0.2079661775677097,0.0013299902384896,-0.0220857575583738,-0.2985522668646004,-0.7937007333018027,-0.961613603381333
1778869463731942144,18.64065742492676,6.822142124176025,-0.1310949921607971,-0.0020902453121233,0.0027575678126898,-0.7170116671719893,-0.697052577524492,0.035913217831662,-0.7227105732935897,0.2158967361292216,0.0026850207896653,-0.0561565607779429,-0.3208282779666234,-0.8396895711582237,0.3203470749853701
1778869463832090624,18.66150665283203,6.755301475524902,-0.1365104913711547,-0.0042441264657365,0.0045872469647797,-0.7057129788213965,-0.7084702788959168,0.2081831686840468,-0.6674155079655627,-0.054074701986113,-0.0093221720900911,-0.0741815634458398,-0.4701524896106195,-0.8396895711582237,0.3203470749853701
1778869463932391424,18.689022064208984,6.707278728485107,-0.1464002132415771,-0.0066449450557134,0.0074510781544601,-0.688791709173332,-0.724890548644154,0.2743408358484899,-0.4788080534995367,-0.0986049064312117,0.0008981828816146,-0.0589103077800537,-0.5244285659097255,-0.8396895711582237,0.3203470749853701
1778869464032551680,18.687824249267575,6.6566081047058105,-0.1261013746261596,-0.0089053733401619,0.0093835835993861,-0.6694733297387646,-0.7427234367198848,-0.011945123536503,-0.5053091590298419,0.2024287112532053,0.0083885896956531,-0.0900487426222984,-0.6657642789484618,-0.8396895711582237,0.3203470749853701
1778869464132933888,18.727632522583008,6.589559555053711,-0.1523488759994506,-0.0125474535219061,0.0121519204738089,-0.6442723247648655,-0.7645966673881004,0.3970267056416618,-0.6687068433110501,-0.2617787242111695,0.0276968460453132,0.0206730845959662,-0.7064310082419119,-0.8396895711582237,0.3203470749853701
1778869464232679424,18.71290779113769,6.605692863464356,-0.1287674307823181,-0.0133611318679243,0.010020143452089,-0.6169126851009559,-0.7868543803283657,-0.1473242530710166,0.161417382720362,0.2359376682591459,0.0207791845521293,-0.0194617622088801,-0.5559020469339542,-0.8396895711582237,0.3203470749853701
1778869464333422336,18.72269058227539,6.597348690032959,-0.1399374008178711,-0.0150645982149417,0.0097677614661336,-0.5946371936339703,-0.803793665478697,0.0971060020522278,-0.0828259860553682,-0.1108754258297765,-0.0143081016273235,-0.0700295057442952,-0.5380209398716611,-0.8396895711582237,0.3203470749853701
1778869464431761152,18.73273658752441,6.5947442054748535,-0.151398479938507,-0.0167961199149061,0.0125461120287579,-0.5731475442855934,-0.8191839707343886,0.1023547786454657,-0.0265360642187931,-0.116772407275509,-0.0201148407954229,0.0393418170822149,-0.7279703677737521,-0.8396895711582237,0.3203470749853701
1778869464531419392,18.783864974975582,6.626458168029785,-0.1413249373435974,-0.0152959990321888,0.0108977040795934,-0.5430847354514846,-0.8394678329626406,0.5131031329799225,0.3182680768425134,0.1010938643545344,-0.0340825918757633,0.1178026883319168,-0.5562435159573479,-0.8396895711582237,0.3203470749853701
1778869464630861568,18.796724319458008,6.638151168823242,-0.1560198068618774,-0.0109882581693151,0.0064742106142868,-0.5197239784404543,-0.8542390350559688,0.1293147937794386,0.1175859304753557,-0.1477730084896405,-0.0469210558172062,0.0235413499478,-0.4502081347105567,-0.8396895711582237,0.3203470749853701
1778869464730342400,18.79279518127441,6.6533966064453125,-0.1499587893486023,-0.0085283948697459,0.0064391950198895,-0.5004618406760821,-0.8656926413430747,-0.0394964346859971,0.1532500011869781,0.0609264859513802,-0.0498823814132907,-0.0422476156103199,-0.460029515357208,-0.8396895711582237,0.3203470749853701
1778869464830263808,18.819862365722656,6.699543476104736,-0.1489619016647339,-0.007573068685657,0.0093156557572402,-0.4803981792335033,-0.8769683327108395,0.27088473821588,0.4618316593319397,0.0099767177406908,-0.0049039922728236,-0.0228039313033577,-0.5476223066733193,-0.8396895711582237,0.3203470749853701
1778869464930351616,18.85029602050781,6.73905086517334,-0.1405713558197021,-0.0081601583700459,0.010225836340439,-0.4561045812811016,-0.8898300146774694,0.3031808708804908,0.3935736509003087,0.0835868387946671,-0.0049395357763939,0.0358929281169153,-0.477863576861345,-0.8396895711582237,0.3203470749853701
1778869465030990848,18.863365173339844,6.7497148513793945,-0.1485694646835327,-0.0073610420567297,0.0085377642851291,-0.4346498036347939,-0.9005289944477557,0.1302244704437123,0.1062587586472264,-0.0796952568180822,-0.051490871553196,-0.0727359087752276,-0.4703835406622805,-0.8396895711582237,0.3203470749853701
1778869465131716608,18.89206314086914,6.766757965087891,-0.1626644730567932,-0.0068181253813661,0.0127865622657066,-0.4131424142622475,-0.9105511311998192,0.2849039336094877,0.1691983981634705,-0.1399305830874975,-0.0066088957135698,0.0409731659506463,-0.534100697021881,-0.8396895711582237,0.3203470749853701
1778869465232401408,18.90970993041992,6.806247711181641,-0.1276752352714538,-0.0060045438422445,0.0108583935878528,-0.3885259781595699,-0.9213542234325988,0.1752948504159597,0.3922724365555589,0.3475665183233272,-0.0180257260116518,0.0085371402536092,-0.4717622937781415,-0.8396895711582237,0.3203470749853701
1778869465333057280,18.93842887878418,6.809499263763428,-0.1583335399627685,-0.0052579443833029,0.0106693842511992,-0.3665355162908466,-0.9303280247084708,0.2853181617091627,0.0323036551885299,-0.3045853568416821,-0.054359154373347,-0.0227999419699659,-0.4895902400481471,-0.8396895711582237,0.3203470749853701
1778869465433272576,18.961769104003903,6.830997943878174,-0.1547961831092834,-0.003398257008327,0.0126030721296908,-0.3435091086618258,-0.939058627929352,0.2323091724942054,0.2139799654955002,0.0352079054813618,-0.0205699661592444,0.0467373240028355,-0.485584420674755,-0.8396895711582237,0.3203470749853701
1778869465533378560,18.97964096069336,6.8471879959106445,-0.1446642279624939,-0.0019340852451249,0.0106748662358324,-0.320592720823504,-0.9471550104919968,0.1786280239217474,0.1618184977645435,0.101268220632211,-0.01710069764954,0.0486184492708737,-0.4800746811387707,-0.8396895711582237,0.3203470749853701
1778869465633476864,19.00892639160156,6.853472232818604,-0.1466620564460754,-0.0006020566201924,0.0085993037890613,-0.2977851213676832,-0.9545940032255618,0.2931522455721735,0.0629063020124344,-0.0199986098229453,-0.0298826338955674,-0.0022972016188533,-0.4804537741689432,-0.8396895711582237,0.3203470749853701
1778869465733183744,19.032039642333984,6.8707194328308105,-0.1469121575355529,0.0005801902429468,0.0091353744434216,-0.2748209740881056,-0.9614518399349626,0.2317816442683244,0.1729563887024528,-0.0025080349979108,-0.0096018257207569,0.0178122161179332,-0.4701295008753022,-0.8396895711582237,0.3203470749853701
1778869465832630272,19.066377639770508,6.8784685134887695,-0.1440649032592773,0.001068825921146,0.0084262321868148,-0.2522696485967841,-0.9676196983418328,0.3453212877679359,0.0779289041759252,0.0286335135036287,0.0097323130806069,0.0248449166304656,-0.489114833857833,-0.8396895711582237,0.3203470749853701
1778869465931985664,19.09733009338379,6.916814804077148,-0.1273739337921142,0.000707330603281,0.0071335583067739,-0.2286880471123776,-0.973473363342433,0.3115238714176225,0.3859398368816608,0.1679878271069563,-0.0183122779594679,-0.0328883194229945,-0.5100736196225252,-0.8396895711582237,0.3203470749853701
1778869466031548672,19.131183624267575,6.915810585021973,-0.1467328667640686,0.001038920451833,0.0089511542749888,-0.2038943794489579,-0.9789514183607706,0.3400456556219226,-0.0100869929395989,-0.1944530122186261,0.0519863325867881,0.0032466709892807,-0.5110078617769716,-0.8396895711582237,0.3203470749853701
1778869466130451712,19.164003372192383,6.938216209411621,-0.1200543045997619,-0.0016908527536704,0.0082884722362901,-0.178936447778219,-0.983824267794542,0.3294575357175112,0.2249164684182951,0.267809898091751,0.058670714225523,-0.0031420558396583,-0.4868081489158795,-0.8396895711582237,0.3203470749853701
1778869466230433280,19.19554328918457,6.940316677093506,-0.1401586532592773,-0.0048021139301217,0.0078750274729142,-0.1549921996513077,-0.9878726343468331,0.3157904469172148,0.0210307347404198,-0.2012928965456843,-0.0288227773828213,-0.015085848911203,-0.5828123050500654,-0.8396895711582237,0.3203470749853701
1778869466330777088,19.23983383178711,6.930598258972168,-0.142428457736969,-0.0037212758081411,0.0087014040736928,-0.1260832243733625,-0.991974524977896,0.4422193845609045,-0.0970336470946104,-0.022662886481342,0.011676992284839,0.0586771050746488,-0.5301475769387222,-0.8396895711582237,0.3203470749853701
1778869466430875136,19.24410820007324,6.942987442016602,-0.1322896480560302,-0.0041604440677596,0.0056115959151807,-0.0997243066127966,-0.9949905845620052,0.042681293054413,0.1237109946608387,0.1012401080690638,-0.0348854873346957,0.0186215398383818,-0.535021681731226,-0.8396895711582237,0.3203470749853701
1778869466531641344,19.30201530456543,6.929898262023926,-0.1543684005737304,-0.002475172210276,0.0047429733193282,-0.0729780480710267,-0.997319197762865,0.5771120035987726,-0.1304489830268964,-0.2200405842113979,-0.0197640443247358,0.0091311024939172,-0.543664604410295,-0.8396895711582237,0.3203470749853701
1778869466631927296,19.3210563659668,6.955565452575684,-0.134632408618927,-0.0015805739672917,0.0042888164897065,-0.0457231862277174,-0.9989436911459209,0.1895918200287821,0.2555681781155285,0.1965112425148696,0.0361036939379168,0.0274324522103917,-0.4818190027037439,-0.8396895711582237,0.3203470749853701
1778869466732390144,19.347864151000977,6.934945106506348,-0.1458690166473388,-0.0034289664194143,0.0027927430282649,-0.0215892528309524,-0.9997571439794136,0.2673305225192844,-0.2056286217684798,-0.1120528343445682,0.0075837331385008,-0.0096637400968893,-0.5384614147617376,-0.8396895711582237,0.3203470749853701
1778869466832171776,19.400859832763672,6.921812057495117,-0.1357876062393188,-0.0038931595112072,0.0031748889597761,0.0053777344149678,-0.99997292131421,0.5290669693101663,-0.1311099736255227,0.1006448275319224,0.0136387376391726,-0.012533566327512,-0.4391983638394655,-0.8396895711582237,0.3203470749853701
1778869466932064512,19.412097930908203,6.92365026473999,-0.1423361897468567,-0.0046399805183895,0.0037185880130585,0.0273211157158507,-0.9996090232285916,0.1124483425004548,0.0183930906457592,-0.0655250872236585,-0.0251871551078307,-0.0106274138112323,-0.5246470210691537,-0.8396895711582237,0.3203470749853701
1778869467032247552,19.46635627746582,6.913812637329102,-0.14321368932724,-0.0034622538752538,0.0040924347182818,0.0535473751624458,-0.9985509217808536,0.5423876853169898,-0.0983407770219602,-0.0087718295242432,-0.0073050962193256,0.0622819578680136,-0.5554264411198263,-0.8396895711582237,0.3203470749853701
1778869467132489984,19.486696243286133,6.892398834228516,-0.1447930932044983,-0.0033765940307042,0.0008660604341659,0.081243797758869,-0.9966881628060966,0.2034059068325911,-0.2141446095282728,-0.0157945239803603,0.002474538172666,0.0590630331169247,-0.5623565370794824,-0.8396895711582237,0.3203470749853701
1778869467232205056,19.526456832885746,6.888109683990479,-0.1441574692726135,-0.0037619055607581,-0.0021552068313739,0.1091582102974158,-0.9940149336276248,0.3985189826890277,-0.0429900010708026,0.006370836178697,0.009307729827568,0.0649966967250767,-0.5529990108314939,-0.8396895711582237,0.3203470749853701
1778869467332050176,19.544607162475582,6.895955562591553,-0.1361446976661682,-0.0045162007544674,-0.0054292663333148,0.1365164825834218,-0.9906126271055088,0.1819625986114533,0.0786573296961132,0.0803304830566115,0.0070800533133145,0.0305137315007518,-0.5198358858696199,-0.8396895711582237,0.3203470749853701
1778869467431668992,19.57710647583008,6.872138977050781,-0.1548987030982971,-0.0049308695202651,-0.0070015957671098,0.1621113340569755,-0.9867353138267404,0.3262501099686847,-0.239087009839279,-0.1882654032670399,-2.8634854183193725e-06,0.0248293067271709,-0.5181222215517344,-0.8396895711582237,0.3203470749853701
1778869467531319808,19.603174209594727,6.861525535583496,-0.1530849933624267,-0.0049488870922717,-0.0083475720840618,0.1875295473365349,-0.9822110238806137,0.2615074669495185,-0.1064724006614908,0.0181948551067509,-0.0301883022441456,0.0212817584138007,-0.4756440911447138,-0.8396895711582237,0.3203470749853701
1778869467631087872,19.628379821777344,6.846816539764404,-0.1572221517562866,-0.0034694607741272,-0.0097876918149437,0.2107623384948727,-0.9774821740589672,0.2526317179321995,-0.1474258532549102,-0.0414660602101635,-0.0209550116535081,0.013830581026967,-0.4858227054095002,-0.8396895711582237,0.3203470749853701
1778869467731104000,19.668148040771484,6.82719612121582,-0.1549882888793945,-0.0023526015284062,-0.0107655684866733,0.2344244997862917,-0.9720718706459692,0.3977605965102564,-0.1962428688801861,0.022343033027595,0.0107644947260304,0.0416930783421276,-0.4942429577384945,-0.8396895711582237,0.3203470749853701
1778869467830909440,19.690975189208984,6.8078694343566895,-0.1433892846107483,-0.0030962325534337,-0.0127167425606145,0.2583273846429891,-0.9659687676866864,0.2287065024392199,-0.1936351781910933,0.1162110854679399,0.0081566194345395,-0.0052185524493645,-0.4798072218102176,-0.8396895711582237,0.3203470749853701
1778869467931353088,19.710338592529297,6.7833452224731445,-0.1594159603118896,-0.0031168950022598,-0.012428690395668,0.2815335234359585,-0.9594658346196224,0.1927733695066616,-0.2441520677476634,-0.1595544040369499,0.0057695232153358,0.0051859861233613,-0.4780539664872879,-0.8396895711582237,0.3203470749853701
1778869468031438848,19.731739044189453,6.7692952156066895,-0.1410307884216308,-0.0031688520114875,-0.0126678714929125,0.3044534197186775,-0.9524377137799463,0.2133866853283491,-0.1400944448128299,0.1833209387892712,-0.0174869781944663,-0.0357537352518213,-0.4800269695352743,-0.8396895711582237,0.3203470749853701
1778869468131721472,19.760011672973636,6.747217655181885,-0.1664764285087585,-0.0014815149665457,-0.0112994506894048,0.3272914694617039,-0.9448547092252436,0.2818043143026796,-0.2200556525705672,-0.2536266157449868,-0.013454478856435,-0.0496175756591123,-0.4670261934388973,-0.8396895711582237,0.3203470749853701
1778869468232193024,19.78903579711914,6.726545333862305,-0.1479337811470031,0.0002343051245603,-0.0092021911381591,0.3493113774974807,-0.936961486044212,0.28954522107081,-0.2062274753414409,0.1849818069507018,0.0244754813531712,-0.0638890651103316,-0.4338656505229513,-0.8396895711582237,0.3203470749853701
1778869468332066816,19.814727783203125,6.691195964813232,-0.1569423675537109,0.0004034575759324,-0.0057671446920098,0.3696056669180241,-0.9291707207215304,0.2563620170907802,-0.3527261583702823,-0.089890262855149,0.005965377889012,-0.0395446162295242,-0.4843152824365773,-0.8396895711582237,0.3203470749853701
1778869468432657664,19.845277786254883,6.661200523376465,-0.1420048475265503,0.0009979094007537,-0.0038040726372191,0.3920454657491745,-0.9199374359127428,0.304821132890303,-0.2992878404892382,0.1490432511426118,0.0299786009596462,-0.011249173056598,-0.5048330379920014,-0.8396895711582237,0.3203470749853701
1778869468532483072,19.87633514404297,6.635859489440918,-0.1494075059890747,-6.54360567086343e-05,-0.0026719149170768,0.4151596501449756,-0.90974464630483,0.3103550878991771,-0.2532320639825872,-0.0739745065726643,-0.0174480328201094,-0.0201582595769737,-0.5336362505648133,-0.8396895711582237,0.3203470749853701
1778869468632607232,19.896394729614254,6.61430025100708,-0.1563130021095276,0.0012162834330619,-0.0021186860396496,0.4392510347900573,-0.8983610411521303,0.20083853292894,-0.2158532040818714,-0.0691385026400184,-0.0344053825224946,-0.0407405708292671,-0.5334656836323679,-0.8396895711582237,0.3203470749853701
1778869468731979520,19.92463111877441,6.5751051902771,-0.1616299748420715,0.003707146200718,-0.0010135242471942,0.4629981370372795,-0.8863509208748279,0.2829426337822985,-0.3927539619636142,-0.0532787057212496,-0.0084630851469281,0.010647361939729,-0.4924317615123822,-0.8396895711582237,0.3203470749853701
1778869468831762688,19.91819953918457,6.55933141708374,-0.1632707118988037,0.0038586932827745,-0.0015864498759224,0.4845600362534684,-0.8747480579738248,-0.0646772433795579,-0.1586242001034827,-0.0164995781297179,-0.0336413383676024,-0.0072181655578406,-0.559082256049731,-0.8396895711582237,0.3203470749853701
1778869468931679744,19.942371368408203,6.519699096679688,-0.1656731963157653,0.0055458631668083,-0.0019768733202048,0.5087911644102704,-0.8608698428866305,0.241963585240386,-0.3967253883700522,-0.0240492243112429,0.0222139124524939,0.0303348285720765,-0.5365752993078581,-0.8396895711582237,0.3203470749853701
1778869469031322112,19.923423767089844,6.498913288116455,-0.148610770702362,0.0038755817327861,-0.0025656686969935,0.5316249981312235,-0.8469670941496761,-0.1901961414221697,-0.2086480773287145,0.1712727358173643,-0.0129650452383509,-0.0168687543822061,-0.484064510462654,-0.8396895711582237,0.3203470749853701
1778869469133405184,19.920555114746094,6.468668460845947,-0.1617326140403747,0.0049588474809572,-0.0020904394950725,0.5524379421440847,-0.8335366578465442,-0.0280244820415679,-0.295468225886398,-0.1281901112135782,0.0052358743266125,0.0343858539220912,-0.5526271759167248,-0.8396895711582237,0.3203470749853701
1778869469230754048,19.91768455505371,6.471741676330566,-0.1361377835273742,0.0038764075555877,-0.0032104141416281,0.5746635274482925,-0.8183743012376352,-0.0294887424316533,0.0315705888657816,0.2629310815526629,0.0188496475705085,0.002633592685338,-0.4653508794020992,-0.8396895711582237,0.3203470749853701
1778869469330929408,19.9378662109375,6.401314735412598,-0.1610773205757141,0.0031027852891694,-0.0026853019639662,0.5935599157445749,-0.8047793413713504,0.2017215399236145,-0.7039378263055989,-0.2492779505974124,0.0400699722447087,0.0565075472323409,-0.5475465835275484,-0.8396895711582237,0.3203470749853701
1778869469431261184,19.939157485961918,6.386224269866943,-0.1360032558441162,-0.0001184967137468,-0.0036852477889975,0.6154089863456391,-0.7881993303932043,0.0128942320638239,-0.1506882430294812,0.2503810600528525,0.050529783910458,0.0148623231228798,-0.493755267503988,-0.8396895711582237,0.3203470749853701
1778869469531370752,19.92850112915039,6.342545986175537,-0.1540308594703674,-0.0024814436753159,-0.0027157733553513,0.634730022534757,-0.7727252199232245,-0.1063150800050033,-0.4357643336521527,-0.1798556632179238,0.012228946020464,0.0003894457103082,-0.5092916834388943,-0.8396895711582237,0.3203470749853701
1778869469631770624,19.934669494628903,6.30378532409668,-0.157569408416748,-0.0028974374091828,-0.0024041850967141,0.6542546721114353,-0.7562649329241962,0.0615113835439457,-0.3865241059165676,-0.0352866642205224,0.0291326782806109,0.0342308590970021,-0.4960967268320171,-0.8396895711582237,0.3203470749853701
1778869469732027648,19.9351863861084,6.281532287597656,-0.1658293008804321,-0.0050648430072889,-0.0028179294417132,0.6728649646953748,-0.7397426214058949,0.0051527426030997,-0.2218341252780969,-0.0823404940558522,-0.0150473801030635,-0.0012984741557798,-0.4817031896075318,-0.2849251962169354,0.236030857997683
1778869469831947008,19.92098999023437,6.250246524810791,-0.1653234362602234,-0.0043962449016156,-0.0033964635189871,0.6904589763122436,-0.7233502188402087,-0.1421593880942111,-0.3132883115762894,0.0050656099974622,-0.0123471136216502,0.0420499397385245,-0.4754091998857769,-0.2849251962169354,0.236030857997683
1778869469932327424,19.907939910888672,6.226475715637207,-0.1429591178894043,-0.0053227585106453,-0.0054546080364604,0.7075067754184939,-0.7066654641553746,-0.1300118656346662,-0.2368175063487922,0.2228052932103585,0.0324447188905431,0.0166022258222494,-0.3316026327508919,-0.2849251962169354,0.236030857997683
1778869470033348096,19.90138053894043,6.183366298675537,-0.1644495129585266,-0.0069819458757699,-0.0049761498398091,0.7192464462414928,-0.6947021231675795,-0.0649309870779904,-0.4267385685344493,-0.2127326481170252,0.0081701122178164,-0.0054097471779333,-0.2540737425667849,-0.2849251962169354,0.236030857997683
