t,ang_acc_x,ang_acc_y,ang_acc_z,a_vel_x,a_vel_y,a_vel_z,quat_x,quat_y,quat_z,quat_w,acc_x,acc_y,acc_z,l_vel_x,l_vel_y,l_vel_z,pos_x,pos_y,pos_z,mot_1,mot_2,mot_3,mot_4,dmot_1,dmot_2,dmot_3,dmot_4,vbat
0.0025,-0.415174915641958,2.111892549613716,-0.1906046553144756,-0.2781845418743985,0.2766610824893114,0.0062294744004366,0.0034461730587858,-0.0105206098879248,-0.0012516573993922,0.999938259133306,0.1838115280225207,-0.1169725725685075,10.862193635522697,-0.1133134721762206,-0.0867074416994016,0.7926050971388146,-1.1912425067531223,0.2067257857191635,0.1828387996064888,1172.3600629827524,1169.1308761238179,1197.5161997222224,1148.9415632425023,-677.9687580456994,177.07180836550833,836.4284189200589,-170.06582159947357,155.47283180314852
0.005,-0.5100253201500158,2.017934861134752,-0.5342258448136717,-0.2795806455875544,0.2833798858453369,0.0035610386252577,0.0031778082928661,-0.0101345870778847,-0.0012365519908203,0.9999427242231808,0.179022613799521,-0.1131316956877798,10.880458713260143,-0.1138400710757988,-0.0875816209305061,0.7950845566068214,-1.1915647863834933,0.2064963046176666,0.1848313223229529,1170.665141087638,1169.5735556447316,1199.6072707695223,1148.5163986885038,-826.9736831093725,184.34252545102936,892.6112939585892,-53.37290563925308,155.47441978530583
0.0074999999999999,-0.527123322553195,1.839516100444733,-0.792542061204827,-0.2822039147657529,0.2893136825807476,-0.0006124152040381,0.0029236929512407,-0.0097465748110007,-0.0012365696420152,0.99994709275871,0.1741774534372718,-0.1089399444182017,10.898735420191944,-0.1143689943162647,-0.0884400045139508,0.7975763135702691,-1.1918883334830632,0.2062674731482115,0.1868237181612757,1168.2251945672056,1170.052588751073,1201.979256192015,1148.6746987143063,-920.2994449065953,113.88747681176028,793.2773383319726,151.93496555857564,155.4759796745761
0.01,-0.4572006005891379,1.6899832981612803,-0.8590051047005786,-0.2842664582245505,0.2924181289294465,-0.0039938864093763,0.0026863102813392,-0.0093588482527019,-0.0012576096526376,0.9999512987177768,0.1693337268106263,-0.1042941870570891,10.917011676165682,-0.1148938338638673,-0.0892798548243924,0.8000901209428974,-1.1922129004215114,0.2060383011269605,0.1888161116281466,1166.0636438631052,1170.1429930287904,1203.5736574611824,1149.2760735162967,-838.6244405425258,-76.35406187487203,512.2634424560146,302.4573766256253,155.4770024923706
0.0125,-0.3110871631197958,1.5964740850059451,-0.7745415989536366,-0.2855018487382452,0.2940709575718116,-0.0071530185498365,0.002469039220976,-0.0089718127755094,-0.0013048705367784,0.999955290581638,0.1645081786733577,-0.0990637177391822,10.93526240301792,-0.1154110518909891,-0.0900963462226637,0.8026363882701139,-1.1925381959503365,0.2058088216183819,0.1908089704562985,1164.0320723644927,1169.6708184416987,1204.5405734042954,1150.1869855974344,-756.5836475556808,-294.7363263734588,267.4897340233202,383.4918871426908,155.4777504197271
0.0149999999999999,-0.1180097164374745,1.5709751211425027,-0.584310728829778,-0.2862295561543188,0.2953523353063374,-0.0098931161591397,0.0022660558764139,-0.0085740747386082,-0.0013743557070874,0.9999591510361716,0.1594557910923722,-0.0933174786993831,10.953447779839248,-0.1159377639886606,-0.0908965781448363,0.8052210811920281,-1.1928639821029847,0.2055789910074493,0.1928043417025334,1162.2807256253268,1168.6693113969231,1204.9111061312988,1151.19353295201,-603.8756966750497,-509.6362911847335,11.69382474076883,388.16917173171527,155.4782794996731
0.0175,0.1080576091988432,1.6169245244111823,-0.3075096201761424,-0.2862417602692333,0.2976058443459455,-0.0115811992761657,0.0020680697928563,-0.0081623375920381,-0.0014554927332444,0.99996290581013,0.1541052991989634,-0.0872024036386044,10.971504612904669,-0.1164796127757464,-0.0916910014929933,0.8078504870452687,-1.1931906303846906,0.2053488167686762,0.1948045451790087,1161.0126938811177,1167.1226369857748,1204.5990425279992,1152.1278314560927,-428.3456367853432,-748.8834042933374,-257.3215710294334,357.7844627080594,155.47855501719107
0.02,0.3852994199563748,1.7017522653919235,0.0555435625025065,-0.2850417280420588,0.3022338162279419,-0.0118957988731654,0.0018625093679098,-0.0077404452123695,-0.0015354848688506,0.9999665342050724,0.1485414546289068,-0.0809424640345621,10.989347123633348,-0.1170314734143047,-0.0924941526670916,0.8105305425599365,-1.1935188288106109,0.2051177825618244,0.1968107966831102,1160.1389974414,1164.9248943754565,1203.6244982761518,1152.9824552655505,-212.5033590340082,-809.063993311293,-415.60674650040727,255.43794184122828,155.4786049200091
0.0224999999999999,0.6007773731069446,1.746619078661384,0.3290988683169401,-0.2833726109437694,0.3075088459731654,-0.0105243866915789,0.001636968439449,-0.0073112103429789,-0.0016022821698505,0.9999700290605988,0.1428275983957707,-0.0747661875157714,11.006872553081816,-0.11759019966506,-0.0933198288874006,0.8132653031086697,-1.193847847352873,0.2048848503435142,0.1988228465338018,1159.9501770859476,1163.0773170192183,1202.5210087954972,1153.405021165299,24.56029864792981,-681.9923837393616,-445.9249311108122,110.159393508502,155.47842096315824
0.025,0.7836111645753062,1.7134393931057803,0.5158102197834394,-0.2814982615792812,0.3136886714110954,-0.0078203817507491,0.0013878732959017,-0.0068714763108544,-0.0016470509085931,0.9999734090458098,0.1368972814253566,-0.068718058461764,11.023966905500345,-0.1181624228831377,-0.0941676381535676,0.8160572014375855,-1.1941759085603043,0.204648864432435,0.200840345016987,1160.2617989346395,1161.5149324567597,1201.3948736205975,1153.5332522330928,192.41574641760047,-545.0052794475595,-415.8623672864905,14.165661975812323,155.47801210721894
0.0275,0.9317613817442808,1.5969280578662624,0.6042267139254947,-0.279152343420358,0.3197673893871649,-0.0046791653171198,0.0011115946226258,-0.0064220465407365,-0.0016718007688825,0.999976647894292,0.1307747232829175,-0.0628537056219241,11.040501650166522,-0.1187469917562398,-0.095039370851724,0.8189075328604372,-1.1945027607460892,0.2044094065396161,0.2028648791770598,1160.9122558180356,1160.3522906219807,1200.4416969590648,1153.475849475178,316.0400151287833,-351.8545850783086,-307.450004667635,-46.1469140940608,155.47742302857665
0.0299999999999999,1.0332193770995248,1.3890209471703483,0.5689664810112913,-0.2756239125272609,0.3244792476195016,-0.0018597615370159,0.0008081450737967,-0.0059703118336401,-0.0016816507083225,0.9999796697159244,0.1246314552792,-0.0571617416595891,11.056337337002148,-0.1193318562096483,-0.0959313438037736,0.8218176738287593,-1.1948286282576857,0.2041668536120153,0.2048982421586292,1161.8419990102836,1159.755659531368,1199.8576235972596,1153.3025176626227,428.4944253539833,-141.12007352791804,-158.50702088719115,-72.27296093824405,155.4766234947604
0.0325,1.1102675116288747,1.076580378514935,0.4083434893063914,-0.2706887489638833,0.3279355134209129,0.0005944398638272,0.0004809313018478,-0.0055230491405864,-0.0016803366816749,0.9999824097778752,0.1186271623112941,-0.0515712126440747,11.0713301554556,-0.1199064574188874,-0.0968339402997516,0.8247874329367036,-1.195153135876465,0.2039221514571347,0.2069412543311141,1163.0547279448056,1159.6466902543411,1199.6491618546288,1153.1144846704867,419.3251595509988,35.56954625942123,-8.536828106343812,-43.53424558780713,155.4754287264439
0.035,1.1635636055413368,0.8025048322787482,0.2100964417998158,-0.2671267112132351,0.3291652877212452,0.0016706952320687,0.0001326624984423,-0.0050858508197395,-0.0016691190788886,0.9999848267212342,0.1128971410204314,-0.046042691513758,11.085335218430876,-0.1204627360793189,-0.0977382477255154,0.8278143741127602,-1.195475671795544,0.2036757095410079,0.2089949484705196,1163.9386248080386,1159.9335072626652,1199.8149394567279,1153.0848464346836,272.3886609226612,151.46150144278187,94.27641553011203,39.558574762077136,155.4742422680017
0.0374999999999999,1.2573711379375268,0.5504924367690353,-0.0044875570371274,-0.2648424959778354,0.3292375504136943,0.0015604416586861,-0.0002324632391364,-0.0046631520448638,-0.0016493069722571,0.9999868942057119,0.1075531302389296,-0.0405192909316974,11.098210631382752,-0.1209944199950266,-0.098633223298182,0.8308945993149172,-1.1957963909528149,0.2034283595712063,0.2110603049437408,1164.4166712494189,1160.403997761555,1200.1205439322791,1153.312277544297,58.98371058460728,205.1763861456494,99.19028233998691,186.12731515718232,155.47286364560102
0.04,1.479067904901992,0.288027455657751,-0.2227424448563493,-0.2631882774878309,0.3288191266476483,0.0002486884328698,-0.0006072139133089,-0.0042492746992167,-0.0016225044444688,0.9999886408425412,0.1024837361936772,-0.0348918474150256,11.109823709390527,-0.1215117174620604,-0.0995032278069876,0.8340213615365266,-1.196116453484032,0.2031800654151036,0.213137347421428,1164.2335433609617,1160.9593891933935,1200.3108908684278,1154.0154830104696,-220.52446984021097,182.44762639815215,-7.143948789507697,344.6476736634847,155.4709935520908
0.0425,1.7822267871798678,0.0924520653721664,-0.3378345402303762,-0.2618619141759461,0.3287494852697874,-0.0015262845388511,-0.0009806078572938,-0.0038437845470147,-0.0015945225649416,0.9999900694541372,0.0976946686836246,-0.0289801889978101,11.12004864437287,-0.1220150040977889,-0.1003276989471783,0.8371894703426647,-1.1964366299412927,0.2029307892996889,0.2152262114101421,1163.3140489002178,1161.3162358935458,1200.0848241883318,1155.0355159126148,-531.1494064135788,116.55211122383668,-208.5116503428254,504.0998973733169,155.46925975292643
0.0449999999999999,2.2033368720260302,-0.1072483778774947,-0.3595016698481552,-0.259149584127803,0.3296756350702619,-0.0036581028491134,-0.0013465818809734,-0.0034476448373922,-0.0015697134422974,0.9999911824534742,0.0932224056643212,-0.0227256257819094,11.128768907998658,-0.1225022123814483,-0.1010942386130059,0.8403931884021776,-1.1967566203847244,0.2026801857827767,0.2173258242119821,1161.5777963288936,1161.5421497495126,1199.2683326167137,1156.535982497336,-808.4979436601776,76.86999723487138,-432.1180396347702,670.2245105062051,155.46734883355708
0.0475,2.6886448941169565,-0.329823924457697,-0.3008900687277911,-0.2543337979042049,0.3313231633077371,-0.0056794154302018,-0.0016971576710939,-0.0030601539100656,-0.0015516850078521,0.9999920016366558,0.0890651534431314,-0.0160372481297588,11.135880841667916,-0.1229738626006132,-0.1017875296756564,0.8436272622349316,-1.197075292176148,0.2024281728807636,0.2194347614167467,1159.2715591819167,1161.70058587972,1197.924233990158,1158.3866384651456,-1007.436704171322,62.430166634021525,-648.4120850628182,793.2565263470218,155.46529447857142
0.05,3.187094164979604,-0.5795274227878315,-0.1612822164419112,-0.2469243023135647,0.3326063477170974,-0.0069058853650352,-0.0020286862974517,-0.002685100945253,-0.001540793036302,0.9999925399878524,0.0853190850079811,-0.0089289843758235,11.14129237148353,-0.1234231331516933,-0.102399348084617,0.8468874136175754,-1.197392273231093,0.2021748668446223,0.2215519659449275,1156.5406128080372,1161.8543005826828,1196.0262721913996,1160.5022651290712,-1211.380176409512,84.23234868482726,-919.2439159562585,931.6936115955291,155.46307104599035
0.0524999999999999,3.712482694954325,-0.8645949902550194,0.0614798168107481,-0.2360837445736751,0.3316552581263221,-0.0069607841001457,-0.0023421174380162,-0.0023273454623928,-0.0015389176252288,0.9999928025415536,0.0821017148459528,-0.0015223262517516,11.14492517564458,-0.1238404375644243,-0.1029305316889,0.8501694676689036,-1.1977086519203715,0.2019211100460256,0.2236767867474359,1153.2146582998691,1162.1217476231443,1193.3280144103767,1163.0451065231234,-1160.2742968893842,121.26799939846939,-1020.1508695521175,883.0903702340041,155.46021216093024
0.055,4.033199606400346,-1.0324413908477899,0.2609183127748039,-0.2258231187570061,0.3282691197927585,-0.0058635705571108,-0.0026399582254835,-0.0019803703536233,-0.0015462496556905,0.999992825886538,0.079273031789174,0.0060231470897177,11.146719096112214,-0.1242352008622008,-0.1033852802415504,0.8534667602525757,-1.1980253888412242,0.2016672267728375,0.2258078181519625,1150.7392413235902,1162.460640579675,1190.9255178436388,1164.9177169802413,-860.9779376405633,168.24042956959588,-947.9601835737404,645.0707282573143,155.45767411455208
0.0575,4.180266878905163,-1.0608555827708948,0.4432927674761177,-0.21422332646257,0.3231666315248876,-0.0042157615123839,-0.0029242364088707,-0.0016363574913612,-0.0015625514938186,0.9999926504382052,0.0766591536484608,0.0135589264300729,11.14662997515662,-0.1246187639987143,-0.1037680611668107,0.8567727638968755,-1.1983428827661813,0.2014143367487198,0.2279446722319292,1148.9097686116663,1162.9629497709923,1188.588213492508,1166.27046016441,-610.4066184147999,267.3926922417651,-973.0678031164192,437.2469615708271,155.4549785901594
0.0599999999999999,4.125244594883515,-0.8953971244748339,0.6221417318565969,-0.199717106601126,0.3170313108090876,-0.0023466034746444,-0.0031972062528018,-0.0012915122952577,-0.0015875069220037,0.9999922735272566,0.0741706530782753,0.0209352392599262,11.144628816539052,-0.1249953477200687,-0.1040848437716651,0.8600819050524044,-1.1986616087090411,0.2011630396727717,0.2300886339104142,1147.6872082315163,1163.797604040884,1186.060178828057,1167.1039517880954,-282.08850954411,348.33935839756134,-862.7213103240596,166.53909543301788,155.45156684043656
0.0625,3.891604023180596,-0.6014076729434686,0.7306066078185948,-0.1884153071148051,0.3132924723846475,-0.0010022809803908,-0.0034626771361012,-0.0009402683375581,-0.0016196858036429,0.9999916872187936,0.0716732738825328,0.0279739909307898,11.140703950328655,-0.1253723578249624,-0.1043450123000879,0.8633875378320032,-1.198981321355108,0.2009134026414006,0.2322410831198045,1147.499326063946,1164.70464656298,1184.2746069408877,1167.103155641575,68.17020630014662,403.0702178938551,-639.7023769772198,-132.98896011947352,155.44857987149405
0.065,3.5011531376309346,-0.1970789431363106,0.788315629498798,-0.1789982141823156,0.3118593186949678,0.0003180024624842,-0.0037227655329233,-0.0005814758660473,-0.0016537513110374,0.9999908960875016,0.069126113158224,0.0345434585926435,11.134860250427316,-0.1257505280185637,-0.1045548905631105,0.8666840353529386,-1.199301918852656,0.2006656928655516,0.234402378168897,1148.0280592630168,1165.8129551303532,1182.8616669431708,1166.439006987498,288.68595667231574,465.0496534905865,-506.1560872845344,-358.31887072304164,155.44544827135104
0.0675,3.0241191322484675,0.2437197407776602,0.7926576101697091,-0.1712383967852926,0.3123882723391191,0.001880909516761,-0.0039757757562469,-0.0002174193704199,-0.0016847403923703,0.9999899184950533,0.0665596675433654,0.0406086199182945,11.1271199963073,-0.1261248437741715,-0.1047148811124746,0.8699669911164865,-1.1996229278707755,0.2004204996608796,0.2365723530419119,1148.9427558473076,1167.029894830433,1181.743826504465,1165.3115612879599,396.5100580071063,487.6809827059783,-386.79978712216285,-541.0937074385852,155.44220037927207
0.07,2.4987904846471007,0.6620884178937351,0.7125921057441824,-0.1655094784632772,0.3148969039249607,0.0040076407256761,-0.0042230289262622,0.0001547657003976,-0.0017072239373391,0.999988770361711,0.0638854633553456,0.0460802875765122,11.117525486967308,-0.1264997557444869,-0.1048308378441127,0.873229656175753,-1.1999436030349988,0.200177518300666,0.2387509307216564,1150.0106095530523,1168.251360043883,1180.92766800756,1163.733538450305,426.9387214621028,498.21159373355033,-309.52689708210585,-776.3536499327998,155.4388168640768
0.0724999999999999,1.8743616683614897,1.0726313969278063,0.4937374223300957,-0.1607527351251832,0.3193550702974803,0.0072160688124523,-0.0044663681284215,0.000537882036885,-0.0017224589615412,0.9999874632099996,0.06101202124303,0.0508739887125484,11.106138299423623,-0.1268788678801398,-0.1049113533992893,0.8764647742326651,-1.200263414560859,0.1999366250125274,0.2409384307489693,1151.077449454618,1169.5209527991008,1180.1961920190545,1161.4297930382959,310.41027403803184,406.5954550411342,-244.0902100412136,-900.1968624061662,155.43460607503596
0.0749999999999999,1.3887497659889625,1.312288475090561,0.2016163196912412,-0.1580210873184686,0.323642268133839,0.0099523024613507,-0.0047049789417052,0.0009338579013566,-0.001732260188357,0.9999860139054944,0.0578641696751514,0.0549800510636517,11.09303924747161,-0.1272647768766911,-0.1049604268590292,0.8796655035302486,-1.200582261165306,0.1996979796160636,0.2431349112010337,1151.5626609232427,1170.2843373190888,1179.707216957354,1159.2325541382743,80.14375951661344,229.51751168229728,-191.4182845355297,-919.5558976373824,155.43097627722602
0.0774999999999999,0.9531840001944792,1.4405994781635787,-0.1871331932006313,-0.1560217653017721,0.3279348510134472,0.0116364099164348,-0.0049367830264219,0.0013501960696829,-0.0017339208507328,0.9999843942403288,0.0542420332600072,0.0584311901517812,11.078329694072172,-0.1276714324741329,-0.1049783890738417,0.882823574152508,-1.200900095454634,0.1994603567248839,0.2453413994255884,1151.4781682522012,1170.6685403575123,1179.2391005963768,1156.8320135501087,-169.44251715053707,96.63457415758776,-223.19641491399105,-1074.2653466856143,155.42722659758505
0.08,0.4832069749435704,1.4859761980865585,-0.7073678900793132,-0.1543860363933401,0.3325058547559816,0.0113174631503684,-0.0051584617107419,0.00179299339798,-0.0017272231255901,0.9999825745704416,0.0499766549901592,0.0613035429459945,11.06212946772024,-0.1281104844217696,-0.1049635766170097,0.8859312162643186,-1.2012167786734735,0.1992231210220829,0.2475577948665325,1150.71544833749,1170.7675101898767,1178.591234882784,1153.8612274048462,-369.3639845986123,9.747685815545983,-265.7860082607383,-1074.251366065254,155.42259460100962
0.0825,0.1238295062141201,1.4569965816418156,-1.1254566134543056,-0.1536193769984702,0.3353096416790745,0.0087628732807486,-0.0053707675475215,0.0022575478554958,-0.0017134824298813,0.9999805247354308,0.0451387532232296,0.063598664249404,11.044574476889084,-0.1285746603994311,-0.104921526879297,0.8889827178056025,-1.201532341367274,0.198986258792467,0.249784057743217,1149.631348329208,1170.71727878659,1177.9101705550731,1151.4607567197827,-486.4464845598373,12.448402266818436,-315.176659751796,-897.8444090086659,155.41862870798235
0.085,-0.2186611288962194,1.3829986623082255,-1.452504953337287,-0.1530700032806017,0.3371594660167137,0.0040669482275169,-0.0055748043711127,0.0027381103905682,-0.0016947814642659,0.9999782260814504,0.0398227328210551,0.0653247449525222,11.025817592053539,-0.1290549753969639,-0.1048583914949997,0.891972991534632,-1.2018469604817967,0.198750451868934,0.2520192295530258,1148.2832159146908,1170.8297522012108,1177.0153515840248,1149.3720053598029,-550.8348278109675,121.65293630159783,-400.2493923165272,-742.5353672592784,155.41455805807345
0.0875,-0.5554777890587662,1.275705024360745,-1.6596911448544531,-0.1527481314357918,0.3389020182496776,-0.001765993970432,-0.00577152412588,0.003227710966449,-0.0016748050392785,0.9999756744426916,0.0341508571933887,0.0665067411509982,11.00602689486456,-0.1295402119592364,-0.1047803198178391,0.8948979313196747,-1.2021600463742652,0.1985160764553982,0.2542622751976179,1146.8771741901533,1171.325543468098,1175.9089235934905,1147.7480798834863,-548.5631406937512,339.0609334234802,-495.9873974195043,-485.39062454560826,155.41040431721044
0.0899999999999999,-0.8807466022342689,1.110138775562329,-1.6969551045102695,-0.1534210470135516,0.3413520250832921,-0.0078182508844423,-0.0059712947707408,0.0037215919665006,-0.0016550912869566,0.9999728212461076,0.0281991739702864,0.066973563794924,10.985384687503736,-0.1300237252733964,-0.1047096842046941,0.89775162923456,-1.2024706967187255,0.1982838467934626,0.2565137649038592,1145.540400211222,1172.525056868328,1174.5354145969275,1146.9450522370748,-562.2514698374299,715.1089229118511,-658.379861472987,-105.2922032634344,155.40615488026697
0.0924999999999999,-1.2287968971439076,0.8034048077889004,-1.5532041324466428,-0.1559087144537684,0.3450280221235174,-0.0140942097378754,-0.0061876453319503,0.0042109876110625,-0.0016365064540225,0.99996962861469,0.0221342738156943,0.0664960430300571,10.964083372355864,-0.1304918747835664,-0.1046743334868231,0.9005293968008797,-1.2027778499457586,0.198054611330139,0.258774493397806,1144.065916840966,1174.9010880826572,1172.6170242861256,1147.2216188671691,-531.621902562983,1008.1031460815202,-733.7163166318979,334.65173568038125,155.40095066006958
0.095,-1.4513909933421543,0.4305940365302459,-1.3059394546123653,-0.159283977922161,0.3478618544472424,-0.0179280162771012,-0.0064239129212822,0.0046811509281108,-0.0016218753737853,0.9999661430431332,0.0162547699860485,0.0650785488908326,10.942321401534112,-0.1309195976848679,-0.1046839724196697,0.9032312923728117,-1.2030809316449227,0.1978291005834703,0.2610450883360819,1142.8822906984071,1177.5655725987356,1170.866833013768,1148.6183109154767,-495.119880183483,1140.8930463171591,-704.1259409538263,803.4634803650071,155.39653046034647
0.0975,-1.5631045148053546,-0.0786656405213563,-0.9757649475969812,-0.163694633953992,0.3495402230500415,-0.0202630363381319,-0.006676483904037,0.0051286760115544,-0.0016144445597019,0.9999624067604348,0.0106120114564724,0.0628826570512792,10.920302632415565,-0.1313015797806253,-0.1047350539016262,0.9058572352437256,-1.2033805463067655,0.1976066307633279,0.2633247103614438,1141.5903174400487,1180.605553314243,1169.0963945813564,1151.238936268994,-561.0153110073038,1205.1077568048174,-686.5871460371632,1228.611280537642,155.39202824294068
0.1,-1.5579136023809248,-0.6956414509011606,-0.6142048637070495,-0.1685745379605655,0.3498069116239936,-0.0215839167706387,-0.0069417462539745,0.0055542492817373,-0.0016122841257488,0.9999584617285902,0.0051717329040067,0.0600704990354897,10.898231779564043,-0.1316400871636639,-0.1048214930326184,0.908407757355537,-1.2036778529267687,0.1973849646789757,0.2656116174627519,1140.0772141433706,1183.59111138276,1167.433897283582,1154.7613673181647,-682.1041824678099,1086.462383996376,-609.8062049707545,1572.17006741257,155.3874610614357
0.1025,-1.396293030758304,-1.4173913506046107,-0.2522637167380563,-0.1737009421264092,0.3479078252119162,-0.0219463210855585,-0.0072072697971239,0.0059553112854443,-0.001612599649676,0.9999544316652702,-2.6872405945468917e-05,0.0569953609124371,10.876309502309004,-0.1319306268418325,-0.1049195699368943,0.9108879524855898,-1.20397470433784,0.1971621244126786,0.2679035483772927,1138.1797965277096,1186.037865234225,1166.0473635565027,1159.099786606057,-932.7771417593812,851.9482744106898,-519.4918129846438,2004.9162673902667,155.38281888377324
0.1049999999999999,-1.0290125078522152,-2.354942582348029,0.1468949473241458,-0.1793581478080718,0.3426356744101858,-0.0214351613326303,-0.0074614252359463,0.0063334099340065,-0.0016153326168418,0.9999504124548376,-0.0050321384345612,0.0539891106878734,10.854730497261956,-0.1321745503993403,-0.1050064039757029,0.9133034370238357,-1.2042733710049864,0.1969375865731667,0.2701984744741071,1135.4133284345735,1187.850852754813,1164.8364382186587,1164.7859486551163,-1083.7008106684173,435.3618818360254,-361.82527841210754,2091.3290095473294,155.37716544398188
0.1074999999999999,-0.6082287679987609,-3.1537920389536116,0.4327919361003234,-0.1824292648953786,0.3356973053256899,-0.0203381920487067,-0.0076952200713832,0.0066876442425817,-0.0016231662500051,0.9999464964169535,-0.0098369532890634,0.0513207675511538,10.833679653498004,-0.1323674230537296,-0.1050637045090007,0.9156613078741596,-1.2045757485861548,0.1967117512466532,0.272495686618655,1132.7612924743676,1188.214674643405,1164.238237164442,1169.5564316537937,-1095.9929093576184,-98.88919490113032,-163.6689549519359,1832.608621326652,155.37238774225042
0.11,-0.1278113131550745,-3.9236039963349296,0.657751741167032,-0.1826034622717595,0.3266412835898374,-0.0186973948402771,-0.0079110435163238,0.0070155601946945,-0.0016355126080284,0.9999427032247032,-0.0143968366630358,0.0490048968689979,10.813329725181593,-0.1325023367515877,-0.1050927743549448,0.917967519637698,-1.2048818880799252,0.1964853399352009,0.2747965005523887,1129.9333638877856,1187.3564067803077,1164.0180934438993,1173.9489917617495,-1221.4090757361635,-617.3365556394849,-39.28521547477426,1769.7062534040908,155.36754367687809
0.1125,0.4449008020130493,-4.768748464113661,0.8507236384241877,-0.1800446359792223,0.3140206431066561,-0.0162604603467157,-0.0081137419369217,0.0073144961189717,-0.0016521381128899,0.9999390358232308,-0.0186595584631763,0.0469961494175633,10.793838955347924,-0.1325724020771625,-0.1050995520670322,0.9202278941973449,-1.2051906644701325,0.1962592173635163,0.2771025446535039,1126.6542470956867,1185.1279918652076,1164.0418110870683,1178.404962920814,-1131.8016356244232,-962.0182282390479,29.439231208652902,1461.3599689935184,155.36165676003415
0.115,0.8834796209836479,-5.378796776880988,0.9462818504985177,-0.1766937925662775,0.3021689646838464,-0.0139771553054533,-0.0083072069866964,0.0075849561731627,-0.0016713011531867,0.9999354844679282,-0.022636428169271,0.0452617991330998,10.775349784645886,-0.1325780154244518,-0.105088073673119,0.9224476549252312,-1.2055001510842351,0.1960342819378667,0.2794142775351414,1124.2743557096635,1182.5463156391124,1164.1652895999423,1181.2557916067171,-823.9289686423939,-1103.2428566394165,42.7649171265784,942.3747704075587,155.3566910084048
0.1175,1.2700706884609432,-5.855489947595107,0.9756925267151328,-0.1732666819643791,0.2886083347457843,-0.0114639226563533,-0.0084931984961862,0.0078346963026969,-0.0016898979506061,0.9999320025524444,-0.0264882474776595,0.0438062110922462,10.757988181439726,-0.1325349027113898,-0.1050583666278695,0.9246304780267252,-1.2058075482424995,0.1958105332407501,0.2817313579859268,1122.5346022524748,1179.6117775820103,1164.2556356727011,1183.116836772852,-561.3762588937344,-1169.4787376973204,18.63197877387396,584.3211482484105,155.35166477542083
0.1199999999999999,1.6221700472774807,-6.193475962513471,0.9534639770247044,-0.1700789315480668,0.2735082761340628,-0.0089036750868594,-0.0086725285670263,0.0080727056043617,-0.0017040752324851,0.9999285405232354,-0.0303934503449603,0.0426451931505794,10.741862968180106,-0.1324630698329589,-0.1050087361661529,0.9267797829593593,-1.2061105178337224,0.1955878962940277,0.2840530470824935,1121.4674744151948,1176.6989219506258,1164.258449493812,1184.1773973479592,-251.360739041093,-1087.437033043354,-21.41577491574939,253.60310673227153,155.346589540907
0.1224999999999999,1.9474852210400992,-6.335849146222019,0.876084277274852,-0.1668298204461944,0.2571310229738452,-0.0066473242887405,-0.0088455623685139,0.0083039992950461,-0.001713009015981,0.9999250739867984,-0.0344358790875754,0.0417962406923828,10.727065913973496,-0.132376110290838,-0.1049375942139288,0.9288998996308544,-1.206406973143382,0.1953664191714088,0.2863787043228021,1121.2777985572693,1174.1745924167935,1164.1485567981224,1184.3848523065133,109.81034032984088,-940.7681715015306,-63.95660517359824,-64.75567233142095,155.34145640555903
0.125,2.3118658614573975,-6.264591980598913,0.7314380089176715,-0.1621392650403978,0.2373884900426198,-0.0043844374903164,-0.0090152622838049,0.008533483935625,-0.001716594976433,0.999921551622432,-0.0386870089963287,0.0412129566115132,10.713672760055067,-0.1322881298231956,-0.1048485286006975,0.9309942172746541,-1.206696023696322,0.1951457828870248,0.2887079086206769,1122.016526116844,1171.995081093118,1163.938666467944,1183.853618986302,409.5809738901149,-614.9016539028247,-78.71329158415385,-292.73888424804653,155.33523100387742
0.1275,2.581159312545774,-6.010685384244083,0.5764692920887559,-0.1572335209955602,0.2215528459797176,-0.0026871964278166,-0.0091836623649037,0.0087651184922396,-0.0017155189123992,0.9999179344544784,-0.0431881068887609,0.0408614672367224,10.70174421568965,-0.132211341322318,-0.1047437978660529,0.933065893240328,-1.2069787143928992,0.1949252213313598,0.2910405391569728,1123.3257034267199,1171.1000841472796,1163.7549903402016,1182.921157885273,630.5357136561264,-141.27154550578769,-64.7195534957063,-440.22693665201547,155.3299892660943
0.13,2.781309348363175,-5.583852809975977,0.3965911016557475,-0.151188235784523,0.2067419433672636,-0.0012113629673176,-0.0093473406264335,0.0090015994803552,-0.001710712692625,0.9999142401459972,-0.04794429293534,0.0408177476044661,10.691327238687675,-0.1321547564482431,-0.104615782098939,0.9351186135237796,-1.2072572786067175,0.1947047371613387,0.293378062913625,1125.1692046851247,1171.2887233655892,1163.6150687004651,1181.652484303042,887.6128609729667,325.5541020288544,-50.65014751812664,-604.4635187235593,155.32469237217936
0.1325,2.8881632499201144,-4.927210860718575,0.1691567263639274,-0.1427784950270896,0.1906603811075786,7.405988449726841e-05,-0.0095032349912401,0.0092455809176501,-0.0017036507644864,0.9999104816723388,-0.0529518189906284,0.0411437854910486,10.682456515079224,-0.1321257712572871,-0.1044580010423335,0.9371548796740544,-1.207534234612266,0.1944848197806418,0.2957213309978332,1127.7637677315847,1172.727854657424,1163.5017396026108,1179.8988402916552,982.2931908582168,698.7231493569192,-41.958821295929695,-664.3806818581191,155.31827310258987
0.135,2.8254276817934745,-4.312552847137629,-0.0123203799404132,-0.134798940432102,0.1792671955224285,0.0006521017696186,-0.0096515287562927,0.0094983546891865,-0.0016969213968603,0.999906652330789,-0.0581716022033755,0.0418273201928839,10.675155751323047,-0.1321273218410883,-0.1042708057746146,0.9391757618668308,-1.2078118615534863,0.1942664952728607,0.2980721392383721,1130.0806706394155,1174.7823391123738,1163.4052745939855,1178.3305808937514,924.7583307185315,938.1984062857091,-58.190805419872,-634.1530208765556,155.312871886342
0.1375,2.567774905869455,-3.699708798275759,-0.1577955573212911,-0.1260876040051479,0.1704083133938577,0.0006209604351178,-0.0097965522280773,0.0097521903034872,-0.001691419984011,0.9999027895354922,-0.0633671287809429,0.0427637276377963,10.669438918211672,-0.1321440779910614,-0.1040624783500697,0.9411829756408528,-1.2080919478144692,0.1940497582398778,0.3004328135947593,1132.3875593851772,1177.4188466888525,1163.2107855755116,1176.7280751872725,900.775417312297,1095.8630490434634,-106.79965629810783,-636.8992729951054,155.30741850839976
0.14,2.141198157379673,-3.139936188630266,-0.2489807634030591,-0.1177640412470378,0.1633694611118749,-4.146564936319722e-05,-0.0099388824348263,0.0099957553385199,-0.0016876761209037,0.9998990013467663,-0.0682228717907119,0.0439258494822992,10.665310993615904,-0.1321527113734495,-0.1038346986322781,0.9431796226233212,-1.208374926416554,0.1938347336107901,0.3028045468347952,1134.5845477259772,1180.2616543575912,1162.8712763124952,1175.1460845287759,835.5794113870606,1122.2246443926442,-173.52407757248315,-614.6607044423939,155.30192398951027
0.1425,1.5394413986244913,-2.69205534826449,-0.2452303839276374,-0.1113795982196636,0.1579090877232594,-0.0016515342854244,-0.0100791147859092,0.0102177295629406,-0.0016840244035211,0.9998954006147164,-0.0724223159320348,0.0452838426309812,10.662767979582775,-0.1321295867974291,-0.1035891077240786,0.9451692197072364,-1.2086600913250367,0.1936227688123927,0.3051865976907712,1136.5654564421127,1183.0299699108157,1162.3431651876492,1173.6547716650605,811.4684462693314,1134.422203621994,-256.32246591053564,-613.6707412685638,155.29638355984335
0.1449999999999999,0.6968387230485411,-2.318944993517889,-0.1058119161144501,-0.1069857449100365,0.1523755566365786,-0.0043897924726177,-0.0102162688385797,0.0104106351391421,-0.0016826977757345,0.999892071556578,-0.0757321400858386,0.0468409017785187,10.66179600204934,-0.1320574664591019,-0.1033256278330766,0.9471558038800392,-1.208945736619475,0.19341462379121,0.3075758887997315,1138.6418899573239,1185.9337653757011,1161.5896639829425,1172.077730822433,711.6496257560844,962.3193586150637,-266.6460933833162,-524.7229887367691,155.28968823002828
0.1474999999999999,-0.0244947517226246,-2.1502703456021335,0.1206450036828854,-0.1062577744173612,0.1482764619064423,-0.0064787718434087,-0.0103492517993982,0.0105728136127765,-0.0016847165499559,0.9998890425327324,-0.0780439726185479,0.0486015974746394,10.662369966265015,-0.1319307086640897,-0.1030436718851335,0.9491436464938444,-1.2092303602775527,0.1932097904477252,0.3099701068450838,1140.123704570893,1187.8415667038907,1161.0099347207326,1171.0311567213766,548.5673892039354,632.733665125624,-177.16862594334071,-343.27693624240936,155.28407543303223
0.1499999999999999,-0.6622050445081404,-2.113301563684916,0.4256913544843862,-0.1084399002406216,0.144433854038296,-0.0069743483265928,-0.0104813940498374,0.0107092158385858,-0.0016886773564698,0.9998862308103774,-0.0793915489995795,0.0504752747761388,10.66445225886272,-0.131757241796234,-0.1027501861401812,0.9511362808552252,-1.2095126565358207,0.1930069371247369,0.3123670110973059,1141.3847269033436,1189.0974337013292,1160.7038208532258,1170.361346141221,476.2967012105488,381.9879670858878,-45.5011967776954,-195.99486453093945,155.27843607780932
0.1524999999999999,-1.161602119189383,-2.1576668592013513,0.7477403372445955,-0.1127448141759441,0.1401520741557502,-0.0053894745909882,-0.0106182786037004,0.0108299449499157,-0.0016967064557611,0.9998834688889756,-0.0799221506941782,0.0523234315746345,10.667991718090828,-0.1315547531546597,-0.1024568700763541,0.9531371489309453,-1.2097922377145724,0.1928043538859182,0.3147638180754079,1142.5051880769458,1189.7515065393204,1160.782428736844,1170.051182398722,424.92212812726353,103.6330418941815,149.11996965224702,-36.00669980905874,155.27278171756276
0.1549999999999999,-1.4374509701241123,-2.250798132510864,1.024862652147292,-0.1185412583462283,0.1347452513005144,-0.0016055589346731,-0.0107652319001699,0.0109468906271319,-0.0017088894308814,0.999880575969428,-0.0798246476572732,0.0540121787790559,10.672923231123544,-0.1313452075888668,-0.1021740942640617,0.9551504413065444,-1.2100693364350263,0.1926014398302665,0.3171588275983615,1143.5093375439799,1189.6155989108,1161.449420701487,1170.1813126421755,425.7574078233116,-254.45136939097188,436.9479441344079,147.83883148761547,155.26711878520783
0.1575,-1.4846718626115079,-2.3496869374614953,1.241122123357145,-0.1250724897510329,0.1272794126257814,0.0038800850406598,-0.0109226766350316,0.0110678741176944,-0.0017220749166225,0.9998774712505362,-0.0792054488905621,0.0555112168708489,10.67916801242586,-0.1311436667118838,-0.1019018922117139,0.9571826858771632,-1.2103442146362327,0.1923987851076152,0.3195525460514428,1144.6339751160624,1188.4792496923656,1162.9671684575162,1170.79037655616,404.0515093143309,-577.2246305723451,663.4721120905846,284.05026790351235,155.2603262008593
0.16,-1.3013232442094467,-2.376911424538101,1.3023139255972342,-0.1293562081681668,0.1204618657821436,0.0082728716176121,-0.0110892099286834,0.011198889043271,-0.0017299511507701,0.999874118335679,-0.0781371866853641,0.0568279767672213,10.686634412146223,-0.1309622661864034,-0.1016360138618926,0.9592405256848054,-1.2106171723954504,0.1921969817131182,0.3219475109029631,1145.5295950905515,1186.7294757579384,1164.76678126194,1171.6015639816933,353.92858688333,-841.0376405073284,799.3998148815982,366.794596135696,155.2546776486271
0.1625,-0.9269733260097174,-2.3100096078891155,1.2407477026244098,-0.1325297272815217,0.1130628188800737,0.0118448711837959,-0.0112610979786487,0.0113398568201942,-0.0017291284889715,0.9998705671309988,-0.0765707346092783,0.0580196547482324,10.695219663125773,-0.1308007443594826,-0.1013685157260426,0.9613311412378976,-1.2108885569707928,0.1919967849373263,0.324346923115908,1146.403618050479,1184.274061489829,1166.9641675319242,1172.6243495368385,385.9801366172629,-1177.288521784884,1011.7031840157769,474.2794316256091,155.2490529397878
0.165,-0.3189819499818319,-2.11002012215812,1.045912500281799,-0.1350960094863718,0.104407378330002,0.015246441060022,-0.0114338727273028,0.0114888448836211,-0.0017168870406721,0.9998668960276108,-0.0744256838762512,0.0591585774068266,10.704811854196956,-0.130654763295728,-0.1010902824443547,0.9634604269806792,-1.2111582647705157,0.1917993703880161,0.3267528268132213,1147.4594957736379,1180.843033149014,1169.8252971820189,1173.972961139821,394.84253448727,-1269.5544277232773,1052.5202871348474,495.73997160755374,155.2423443454566
0.1675,0.2665885229386345,-1.8622930912577025,0.8021922820039851,-0.1357071941296514,0.0984041591803758,0.017586687885523,-0.0116024897255882,0.0116378508157996,-0.0016956437763257,0.9998632494442856,-0.0715024969298407,0.0603299239163171,10.715292612486149,-0.1305068426313006,-0.1007922896732079,0.9656340513323868,-1.211426050133276,0.1916048163462,0.3291664796694725,1148.3778307229154,1177.9262893512123,1172.2267689675984,1175.1030493948763,382.62464632380176,-1085.0036823884684,932.2894777404136,428.1547890887392,155.23679806123133
0.17,0.8613822195479723,-1.5792657721441028,0.4983473040907245,-0.1339130626522813,0.0943190902866187,0.0192644023194174,-0.0117627240511017,0.0117795321601882,-0.0016695815231547,0.9998597536565796,-0.067626651058961,0.061600995263102,10.726539444312907,-0.130339793454624,-0.1004673197346801,0.967855660308645,-1.2116916671500026,0.1914127456801632,0.3315885703725852,1149.3726190052569,1175.4180147370716,1174.4867445707207,1176.113735085265,412.82379306999206,-871.4990247229699,867.0901578866042,364.8396860702175,155.23130980429596
0.1725,1.4084535622256162,-1.3120604337109432,0.1641777551315762,-0.1300307931484845,0.0917239629674334,0.020245603159166,-0.0119132070945842,0.0119112682846376,-0.0016443958679055,0.9998564470319512,-0.0627371661987839,0.0629772439648836,10.738428314155774,-0.1301445590184559,-0.100113728584733,0.9701257980382184,-1.2119562962459924,0.191222544840724,0.3340190114712271,1150.4419496882651,1173.5687942275977,1176.5622197570315,1176.9272478252271,442.4431226846078,-529.3393296996323,783.5164244766921,257.63329352876076,155.22587889954804
0.175,1.843457049074244,-1.1115786292559555,-0.1807729106787497,-0.124410576422498,0.0902594433137994,0.0203072131591941,-0.0120561853725867,0.012033702764014,-0.0016234586987967,0.9998532930044745,-0.0568559266236433,0.0643848551554691,10.750836274380925,-0.1299181356034145,-0.0997360089814378,0.9724425688647758,-1.21222103784832,0.1910335026673462,0.3364573752435554,1151.58483461868,1172.7713180885735,1178.4043266931044,1177.4019015529088,509.46880253468646,-89.45626853965264,768.5494512272761,115.13688212680844,155.22052824907195
0.1774999999999999,2.1948283015386716,-0.9860386787517542,-0.5713795490939529,-0.1166886024367272,0.0888934445035348,0.0191978908815388,-0.0121994012916422,0.0121537003149942,-0.0016058665012964,0.9998501200596553,-0.0501521498860293,0.0656291011765153,10.763643848756807,-0.1296698691216617,-0.0993481365753868,0.974800898570786,-1.212486217061776,0.1908450512214092,0.3389045795651163,1152.9892937009388,1173.1215128848994,1180.4049670131678,1177.5029322358614,511.2274906966856,324.2813478088935,714.2322080482278,-42.70861587806414,155.21421343978972
0.1799999999999999,2.3386273481034667,-0.9851363967482372,-0.8506095282324067,-0.1099062717305286,0.087853974281623,0.0171849433172697,-0.012344810967303,0.0122727234664098,-0.0015912651358198,0.9998468874507188,-0.0426954037388278,0.0666384207258077,10.776736236298776,-0.1293982918168557,-0.0989529010090661,0.9771981910824504,-1.2127510730066362,0.1906573806711764,0.3413598368373662,1154.140972072163,1174.392724827618,1181.9754877333455,1177.1883584735183,448.1439449672048,653.6536817578957,629.8325290953011,-200.7150807776723,155.20904786983172
0.1824999999999999,2.344390700191435,-1.0784327073389255,-1.0528877747137733,-0.1035205136080242,0.086878008485786,0.014042071073244,-0.0124943050718435,0.012388718670689,-0.0015783894577373,0.999843600836292,-0.0344955053858965,0.067341584270115,10.790004511664092,-0.1290951310202871,-0.0985528231633045,0.9796330307227388,-1.2130144510374128,0.1904711153144717,0.3438218261305717,1155.2300134257748,1176.3897812936889,1183.5541296586443,1176.499356831973,461.76320955983056,959.5373536256368,718.301533699286,-372.34549089343966,155.20399145386227
0.1849999999999999,2.233425714052864,-1.2534467914213758,-1.1857492477561036,-0.0971382682760865,0.0848966573061531,0.0094537066678556,-0.0126462274432135,0.0124965054100074,-0.001566130414615,0.9998403504072146,-0.0255110396743599,0.0677437454352276,10.803345917164652,-0.1287459025299525,-0.0981436758000518,0.98210594768941,-1.2132754407285007,0.1902868420116098,0.3462892354973347,1156.4497881199625,1179.190411595746,1185.566995401842,1175.326631019051,435.9178085522668,1032.5792206675478,765.7385760854132,-472.3484205344444,155.1980583262872
0.1875,2.077108801227338,-1.3994109368170156,-1.2037240196018355,-0.092971509566644,0.0817395948283744,0.0056379159255084,-0.0128002772497751,0.0125927244303247,-0.0015542797249578,0.9998371889776816,-0.0157557993123173,0.0678217506381574,10.81666472375776,-0.1283393822841688,-0.0977242819099937,0.9846171537406656,-1.2135341299158984,0.1901039946463034,0.3487611831567264,1157.409602468536,1181.5526773970266,1187.3828225390714,1174.1376147293008,379.95353050314367,893.7006313811245,748.6998190215666,-500.8215999255749,155.1932311906637
0.19,1.88505304688852,-1.4733238085914024,-1.141649009206758,-0.0893831617640712,0.0769547132457273,0.0025089835249133,-0.0129546344950225,0.0126776327706459,-0.0015421587638362,0.9998341474070536,-0.0053367806401208,0.0675867522039139,10.829872697049508,-0.1278713479003313,-0.0972905885608648,0.9871664728534166,-1.2137914183277008,0.1899217807524879,0.3512378592648999,1158.349555772478,1183.6589147526515,1189.3104944969496,1172.8225230194234,378.7174520315144,775.4355265361476,771.55614934777,-533.8531944653364,155.1885302955424
0.1925,1.6723319521618851,-1.441051772714378,-1.03378386801031,-0.0856458885603166,0.0714723479185087,5.408526456357238e-05,-0.0131077571642385,0.0127599850544996,-0.0015297557347961,0.999831141862872,0.0054404211619899,0.0670468242736686,10.84289042601083,-0.1273541268652136,-0.0968396019922032,0.9897515127815766,-1.21404900192482,0.1897389680192241,0.3537203853386494,1159.3031897286935,1185.4298550297071,1191.2406032858103,1171.468348756974,388.72833835439417,621.060416489035,738.6773694443939,-536.8818231033397,155.18393660450323
0.195,1.4326572239187858,-1.2500409983357517,-0.8967701648037923,-0.0814500378916166,0.0660083288288219,-0.0017870400420574,-0.0132547496038271,0.0128383752259782,-0.001518117131043,0.999828252481584,0.0164772087526338,0.0662880381793496,10.85564574295423,-0.1267798845362378,-0.0963625509757045,0.992372972486482,-1.2143079189959272,0.189555774706118,0.3562098105759399,1160.29319746425,1186.7642168350967,1193.0038813441715,1170.1381139039067,442.0713956326377,503.197229408624,690.3063719541018,-562.424762221553,155.17947412514687
0.1975,1.1119614235580952,-0.8399995953610915,-0.7255627840419246,-0.0765858647361677,0.0604890155780352,-0.0035445129182384,-0.0133891308722568,0.0129124018591385,-0.0015041083858252,0.9998255728534908,0.0276450053336144,0.0654352172692044,10.868074799913344,-0.1261438686791227,-0.0958474890078867,0.9950313598394052,-1.214568355849473,0.1893735964280663,0.358706008114394,1161.5135467068567,1187.9458411767505,1194.6921351455808,1168.6562249458664,445.8064364503567,388.8288473907775,521.440126391098,-511.1958612037138,155.17427219609868
0.2,0.8265780739580291,-0.3806056825805481,-0.5900620619249504,-0.0736530837146956,0.0577081048386813,-0.0046222255000481,-0.013504107777349,0.0129888934865181,-0.0014876017688793,0.9998231034618807,0.0386503451152041,0.0646283007571689,10.880123655685328,-0.1254561774677403,-0.0952836849783534,0.9977251621648208,-1.2148297979204468,0.1891952524287483,0.3612077258642533,1162.522229646502,1188.7083610720508,1195.6110819761273,1167.582134597888,387.2108237234439,295.8369019317158,255.44274459434723,-378.3263095506296,155.1700651060884
0.2025,0.5471613730433864,0.1333136976364135,-0.4687737223844236,-0.0724935717792299,0.0575193525446098,-0.0053281085211922,-0.0135988363901483,0.0130748043999804,-0.0014676386061025,0.999820765737297,0.0491940341089018,0.0638857913456499,10.891748185226485,-0.1247288523401579,-0.0946732220969707,1.000451399727806,-1.215091520238728,0.1890228655096657,0.3637152711831471,1163.449600825474,1189.425025686409,1195.9693488685523,1166.7645933981132,343.01123428858745,303.75978462161555,61.37198205783528,-268.38431446917616,155.16599034111442
0.205,0.2927458043415647,0.6333404904790859,-0.3574829994651461,-0.0724211483776551,0.0593195849537483,-0.0061373051195779,-0.0136752262865336,0.0131724151460306,-0.001444257443259,0.9998185053981185,0.0590793263918518,0.0631754062433942,10.902912899198096,-0.1239664066971816,-0.0940247457391049,1.0032073157516708,-1.21535227741961,0.1888569998390867,0.3662294126061763,1164.237285817945,1190.227159995159,1195.9179418864164,1166.2402130255423,261.9727456125927,357.6102995906691,-85.01180429498157,-117.22105159951742,155.16202447476516
0.2075,0.0821756447610825,1.0527591340530287,-0.2505780831299113,-0.0726559994941708,0.0629076233861251,-0.0072873388313664,-0.0137384137606425,0.0132758361070599,-0.0014187649558846,0.9998163293805116,0.0682931998420579,0.0624039313748336,10.913589642154768,-0.1231589295052171,-0.093353943342667,1.0059910622780912,-1.2156100766490983,0.1886970549415332,0.3687512030501163,1164.759464553537,1191.2130771843624,1195.5442898470776,1166.1784881401156,145.6196011256004,472.3209530799544,-181.01266356816356,105.05162818976763,155.15818826884114
0.2099999999999999,-0.1177209286915887,1.4056659715558908,-0.1206394742236357,-0.0725305660207537,0.0684636057070914,-0.008575898035118,-0.0137952333635242,0.0133766488973056,-0.0013948751205989,0.999814251694569,0.0768880179317813,0.0614502646568014,10.923758125611531,-0.1222931794881791,-0.0926801703945003,1.008800606920604,-1.2158626040546483,0.188542120094956,0.3712811605429572,1164.965383823573,1192.5887647605587,1195.0128785685756,1166.7654711664911,-5.5661159276951615,516.7919577931593,-169.44344782527955,335.61490398656287,155.15373177441043
0.2124999999999999,-0.2421965635306047,1.5554588176744597,-0.0137505500190666,-0.0721070091009369,0.0736373701276925,-0.0091988540433957,-0.01385074215722,0.0134715382149163,-0.001373924334942,0.999812245873292,0.0848206744501042,0.060237266045951,10.933407399015335,-0.1213685492361049,-0.0920178890759955,1.0116326580737491,-1.216108366803586,0.1883912983030169,0.3738188971107703,1164.7316339738986,1193.7970369733282,1194.6970726079512,1167.8565626600484,-178.8649730123323,461.0008512914188,-71.0991255455155,556.5699208857491,155.15013777475795
0.2149999999999999,-0.3165279048106671,1.5608508425517267,0.0791410650868439,-0.0717719292192934,0.0785391665833238,-0.009110635486109,-0.0139115015706007,0.0135598547220387,-0.0013528499157625,0.999810234611106,0.0920098335585552,0.0586570535487923,10.942535236679744,-0.1203920646516414,-0.0913825040956519,1.0144828504152714,-1.2163464471686223,0.188243828261267,0.3763640812988345,1164.0710589585112,1194.8937690170155,1194.657382940848,1169.5483207709199,-371.6085087511598,415.80764272730414,49.352113746135686,852.3796029997347,155.14666433991584
0.2174999999999999,-0.3204546832655544,1.4362055005382648,0.1550881407356933,-0.0725655024726831,0.0830517653316471,-0.0080827249278663,-0.0139795624842736,0.013646277336985,-0.0013306107244594,0.9998081274214008,0.0982777816907337,0.0567038540556472,10.951148041592532,-0.1193822605838024,-0.090779304446209,1.0173463522750363,-1.2165768854170946,0.1880985059283532,0.3789172590099044,1162.8735914301428,1195.8760751869647,1194.943833176682,1172.1184606750471,-481.4111500571466,282.6987638144599,144.5746047666033,995.444075336217,155.14263168769867
0.22,-0.2245250853872375,1.2584125073873729,0.178704277888716,-0.0744199092617611,0.0855163533166921,-0.006586456485845,-0.014052120677588,0.0137376831103453,-0.0013081942147811,0.999805869275237,0.1034205011488384,0.0544798932178,10.95925908085528,-0.1183622683984343,-0.0902025103613417,1.0202188256183211,-1.2168006926163488,0.18795433740611,0.381478566670566,1161.6640032082255,1196.307262836088,1195.380255964681,1174.5255411476007,-489.0516118381124,81.2771757742211,182.29862671219036,964.3653902000542,155.13938203037307
0.2225,-0.0010460798369227,1.0403881339488392,0.1632953790818573,-0.0766698980801246,0.0873335738285476,-0.0051796709592984,-0.0141268231392573,0.0138390482633708,-0.0012870148726937,0.999803425465144,0.1072990321088545,0.0520763205465773,10.96688600424676,-0.117351113607639,-0.0896457191642201,1.0230966073459875,-1.2170193012720019,0.187810073828003,0.3840488851846171,1160.4283333709523,1196.2824610658358,1195.8553263102428,1176.9402876260472,-469.44049595926987,-80.64715731502467,167.08741024485775,927.2303320402435,155.13624619260764
0.225,0.3270135379668485,0.8053539143021295,0.1305642373466177,-0.0782985628698979,0.0890669329992377,-0.0045091241738094,-0.0142009647318482,0.0139473241085815,-0.001267351422308,0.9998008770836476,0.1099744595298607,0.0495878745430519,10.974046879412763,-0.1163509019718941,-0.08910017919614,1.0259784937920493,-1.217233552562275,0.1876647311269919,0.3866282095603847,1159.3168007284291,1195.9040270495127,1196.2156930159051,1179.161692807802,-387.38180559121207,-216.6909188887528,82.18565935862891,803.7780286511854,155.13320463207853
0.2275,0.7493810250885568,0.55855534778942,0.1049498610455554,-0.0783451406447387,0.0906176064921195,-0.0049842255419844,-0.0142748386354587,0.014056198934325,-0.0012508842686857,0.99979830696003,0.111602054297402,0.047039002462803,10.980759655754428,-0.1153557574400157,-0.0885626028650944,1.0288642357883506,-1.2174439520326956,0.187517964510143,0.3892162227920344,1158.491424342996,1195.199006471392,1196.266254607036,1180.959177769303,-277.9606070614134,-348.45783261798687,-86.44689707462014,666.4189518950019,155.13027766294675
0.23,1.2918865328328784,0.2549831800669817,0.1127565882310675,-0.0758713627031571,0.0920544022961394,-0.0064463909121533,-0.0143518730425802,0.0141583324831026,-0.0012398719780184,0.9997957671839872,0.1123807827136216,0.0443789891250224,10.987040779307277,-0.1143563399224958,-0.0880358461649831,1.03175423192338,-1.2176506549526502,0.1873698401777198,0.3918120868589807,1157.926997693122,1194.1617378864228,1195.7834585305322,1182.4937875672772,-133.8147284064688,-381.6184919583517,-286.52173515110894,458.68843556058846,155.1269002828946
0.2325,1.707621390098246,0.0014676064047083,0.1574212652464631,-0.0717132294117949,0.0926649023256738,-0.0075161778520466,-0.014432543771731,0.0142546966484714,-0.001237988522949,0.999793230376065,0.112345045325227,0.0416154029300588,10.9929061263258,-0.1133589984142731,-0.087517053315691,1.0346486292951131,-1.2178539342272043,0.1872205859370107,0.3944147086298422,1157.8223507009639,1193.2909140116003,1194.8336459312804,1183.2526199471063,26.722498099616107,-314.09717886122024,-502.5681325932505,215.85581294275448,155.1242010839694
0.235,2.00895586976446,-0.2416881982253483,0.2245066420103095,-0.0658261921571924,0.0922765353055109,-0.0071867500867937,-0.0145154703969827,0.0143451613361502,-0.0012477967484407,0.9997907138196308,0.1115691421214557,0.0387892441165013,10.998366084630039,-0.1123667677216577,-0.0869998308439595,1.0375493247939271,-1.2180538344517904,0.187070861874803,0.3970228832626074,1158.06061018362,1192.591251992117,1193.270617867566,1183.5730666319907,170.78703958513856,-232.85295880864376,-817.9361276947469,80.75418434418673,155.12162591037887
0.2375,2.1709654436781607,-0.506798384573614,0.2949919472249079,-0.0573817999868967,0.090649021238414,-0.0051490946542948,-0.0145988764752497,0.0144314498883329,-0.0012670184490647,0.9997882219643026,0.1101002254618374,0.0359414156238505,11.003424915772943,-0.1113859770725183,-0.0864769372340016,1.0404588783895448,-1.2182506631390835,0.1869220458448952,0.3996365262729924,1158.6762858988895,1192.126649217557,1190.7439652928067,1183.6563908688272,272.2315880562304,-88.74007217737059,-1010.4533621692144,13.739027156816581,155.11868467559964
0.2399999999999999,2.114853231626152,-0.6986148457916121,0.3260948955364439,-0.0500768040750484,0.0885862940839796,-0.0031111141093383,-0.014677765102668,0.0145200734066347,-0.0012914911896577,0.9997857418480584,0.1078890683869646,0.0331783145644687,11.00808054584226,-0.1104319961912674,-0.0859352364676068,1.0433800858319326,-1.2184455995934365,0.1867755871060927,0.4022539805103685,1159.4217681239013,1192.14755163123,1188.21835105672,1183.641761767775,339.17735440291085,104.8805779262698,-1051.8206323327427,9.762067137762688,155.11636182432156
0.2424999999999999,1.86606808665083,-0.861383036064564,0.3260082688137367,-0.0438606729604584,0.0861361002457661,-0.0016049492396409,-0.0147451999771129,0.0146185118162882,-0.0013185271881371,0.999783274152428,0.1048694895662908,0.0306480833375666,11.012322765610673,-0.1095209801347992,-0.0853589929614165,1.0463161987341645,-1.2186394983870235,0.186631994335778,0.4048740780032632,1160.372172670904,1192.6510521071884,1185.484862131143,1183.705201204516,408.35167436143786,280.5261837742362,-1086.0888257935576,52.091725325908506,155.1141767337344
0.2449999999999999,1.4851846056675115,-1.0086596472766467,0.3114900774047579,-0.0390980088510058,0.083813805054476,-0.0006443044194801,-0.0148029295833258,0.0147300956562879,-0.0013426091658858,0.999780753609346,0.1010695237010865,0.0283063071941884,11.016131575405437,-0.108659916178501,-0.0847512301092976,1.0492696322571706,-1.2188323858557935,0.1864909914762979,0.4074976000052736,1161.4635264957085,1193.5501825501012,1182.787906927752,1183.9022203944044,457.76786854403286,441.0606225448187,-1017.7946151258302,111.3255826693602,155.11210934068805
0.2474999999999999,0.9949460890054036,-1.1525049423225795,0.3005863848998657,-0.0362377454463258,0.0819192518498813,-0.0002303955130311,-0.0148557039747631,0.0148490832134236,-0.001359651945178,0.9997782008108762,0.096715700384259,0.0260460702736347,11.019476605698207,-0.1078358236787171,-0.0841226947285644,1.0522433664683246,-1.2190237148065133,0.1863525044898365,0.4101268269548606,1162.6610120136243,1194.8563552199123,1180.3958890555139,1184.2618291178628,524.4647978694043,634.9679407460366,-922.6024388826764,178.28276899858776,155.11018798993035
0.25,0.3496710534337085,-1.33357381562356,0.3168929894499791,-0.0348869544561236,0.0799013484011377,-0.0001099153058551,-0.0149109345324549,0.0149663294838071,-0.001369836089704,0.9997756411439264,0.0921049667643976,0.0237089519246203,11.022320639055215,-0.1070273407988616,-0.0834916245671571,1.0552393147556538,-1.2192138418357803,0.1862170258678708,0.4127639740551704,1164.0858504850555,1196.7250222538314,1178.1748947333388,1184.7936342393975,495.77273836002814,701.8175403679372,-674.7798612505443,190.63043133905904,155.10805644462212
0.2525,-0.1890743927122074,-1.4860744333556888,0.3665308327851448,-0.0352664344797567,0.077826518783267,-0.0001058580652744,-0.0149682722054365,0.0150783419025207,-0.0013760050001013,0.999773125584806,0.0874032007477659,0.0213149853058787,11.024624545379828,-0.1062243453221282,-0.0828612840975839,1.0582580044258307,-1.2194026046007764,0.1860855574499861,0.415409709137572,1165.1398757054244,1198.3654429217522,1177.0219897492611,1185.214981274558,366.773876925026,628.7010388372886,-299.3930840677873,136.08922311964295,155.10642899165654
0.255,-0.6832574648974739,-1.61165907049845,0.4550110488322088,-0.0369377160837143,0.0744745431842574,7.36685774815575e-05,-0.0150227032006678,0.0151820298550911,-0.0013805936686812,0.9997707700649447,0.0827601673935978,0.0189941112643965,11.026347910093108,-0.1054176176427422,-0.0822255158044176,1.0612992813928395,-1.2195896754851603,0.1859589503440654,0.4180645000436593,1165.9197198696806,1199.8685274480179,1176.6779293129998,1185.4740803549955,262.58455644219765,581.112288315125,25.100635529406624,49.30681316936894,155.10496047610874
0.2575,-1.1848820558821287,-1.680375245093492,0.5903367948158187,-0.0402637119614783,0.0689397957864368,0.000822418336019,-0.0150743515516126,0.015273575966821,-0.0013848351290261,0.9997686268944336,0.0783336032803316,0.0167703329977647,11.027450744165897,-0.1045967050645039,-0.0815890228384364,1.0643611299563052,-1.219774645072058,0.1858364998354907,0.420728613947181,1166.4527984876352,1201.2710043633278,1177.147492926908,1185.4615153404047,130.83295020096543,420.5252886907597,292.1260124989655,-69.89103495861849,155.1033871147455
0.26,-1.5054589638060827,-1.6341938337113888,0.7055702703472452,-0.0440534309834196,0.0636267145578074,0.0021120228775764,-0.0151247907874806,0.0153496033366539,-0.0013887002139776,0.9997667234903655,0.0742624669254326,0.0146429621538437,11.02789600679768,-0.1037525533612596,-0.0809592825713732,1.0674403134631099,-1.2199567071095612,0.1857182370966365,0.4234022924108744,1166.5738846206855,1201.9711538914717,1178.1385593754947,1185.1246251802027,3.8246421526309824,167.16554303898178,470.7262519248612,-202.33001587098423,155.1022370600892
0.2625,-1.708966755343498,-1.4556677077650957,0.7899107650944223,-0.0487507170779601,0.0585373051347315,0.0042352843124161,-0.0151773873199275,0.0154081056219959,-0.0013915638051693,0.9997650413664472,0.0706455940459457,0.0125788221274334,11.027651674073352,-0.1028794601544815,-0.0803471345177055,1.0705324451200895,-1.2201347485702143,0.185603804775516,0.4260863881246119,1166.4719216983983,1202.1068320785228,1179.5011241865325,1184.44986526105,-49.36071049746711,-36.64588314354656,562.2193027365934,-315.1817375684911,155.10125858622547
0.265,-1.8122859912525344,-1.1660117450422067,0.823650261421282,-0.0538343631433833,0.0542052183333735,0.0069686968089581,-0.0152324713144235,0.0154505201183517,-0.0013931957227288,0.999763554639242,0.0674951594068623,0.0106180133527373,11.026692952531036,-0.1019793721292453,-0.0797563357455432,1.073632721364337,-1.2203081667997167,0.1854931853376456,0.428779966769865,1166.327081068198,1201.787924475754,1180.9496558891776,1183.54871649236,-29.38304740391684,-218.2357664559729,549.4831983040963,-391.73376846902073,155.10042565499364
0.2675,-1.8038355924174767,-0.7602584919874334,0.7749083339521511,-0.0588241992376756,0.0510954292945599,0.0102164108096106,-0.0152895069286698,0.0154789904382968,-0.0013922563722554,0.9997622419072776,0.0647973301582851,0.0088234688248402,11.025002659122208,-0.1010560518163278,-0.079187618886192,1.0767364870708582,-1.2204770801211176,0.1853861120820952,0.4314812175635824,1166.3250064613787,1201.015653246243,1182.2485401780527,1182.4911964187047,71.17442795097297,-407.40513487257846,490.8754516636232,-464.65672382682857,155.09977215251195
0.27,-1.6905598467682517,-0.1814393150842805,0.6151299691158886,-0.0637941913601622,0.0490543681662572,0.0139291162261925,-0.0153474040390626,0.0154970161637088,-0.001388149942195,0.9997610684437784,0.0624973191054195,0.0072728402611864,11.022572182507531,-0.1001160056882429,-0.0786394133273805,1.0798392246411255,-1.220642503394686,0.1852816877793964,0.4341897331775306,1166.682953207953,1199.750898801391,1183.4040331474955,1181.225432873226,201.4113275206908,-490.4406612600719,344.4733589597942,-437.23069710817936,155.0992004347214
0.2725,-1.53330463273163,0.336704643248828,0.4130516180099296,-0.0669977888477472,0.0488884845283733,0.0159959564495992,-0.0154098899024245,0.0155122449052081,-0.0013798973063529,0.999759860957131,0.060438336537131,0.0059367530389942,11.019402253705584,-0.0991745034700243,-0.0781191228663608,1.0829351721722376,-1.2208050577414904,0.1851785279027106,0.436904998662612,1167.3320630989824,1198.5634499399423,1183.970906972852,1180.305042933164,315.182785758179,-473.25340559705137,158.14825169954915,-315.25288035991224,155.09890474637913
0.275,-1.3317784708552127,0.8362827874505147,0.1768026609283928,-0.0697394980885753,0.0505510928938525,0.0164695630643211,-0.0154823662763082,0.0155340666154641,-0.0013694602256413,0.9997583886243984,0.0584138376616006,0.0047474762932095,11.015502675038714,-0.0982499957588528,-0.0776369708140847,1.086018254457992,-1.2209649550915866,0.1850757758490669,0.4396270267452072,1168.258867136744,1197.3846317734055,1184.1947744059935,1179.6491684714265,382.3044625297367,-456.77061371648006,59.443011352823255,-206.14619808734443,155.09880101333084
0.2775,-1.1004712018059335,1.27792656989066,-0.0553245708052629,-0.072353474224702,0.0538594976703788,0.0156782334451759,-0.0155677980252804,0.0155654409304597,-0.0013568391862934,0.9997565589010894,0.0563491781064251,0.0036844670804679,11.010890676920935,-0.0973469519213557,-0.0771964050841384,1.089084210485417,-1.2211224770369575,0.1849730329568939,0.4423566646592265,1169.243585411631,1196.27959687136,1184.268122029616,1179.2743119427273,347.7427575339331,-419.00962169638626,33.89002065055135,-72.87521346147507,155.09885957270976
0.28,-0.8338000448472135,1.6062518621504636,-0.2522954515633891,-0.074637314477646,0.0586653967329876,0.0139032409531883,-0.0156625961308671,0.0156058736638346,-0.0013409492166939,0.9997544335452276,0.0542359523671469,0.0028629423366937,11.005591666426527,-0.0964620971268834,-0.0767854164017296,1.0921305040487663,-1.2212780292040046,0.1848702889750229,0.4450940839657364,1169.9975809244136,1195.2895836649238,1184.3642245092462,1179.2847924041191,195.6233509331012,-409.45682078799985,92.9555529733988,103.75030678364956,155.0991172407543
0.2825,-0.4705452496585292,1.8346955340119993,-0.4327798264499012,-0.0766344185573614,0.0649356123231707,0.0119266151454628,-0.0157669898691779,0.0156573220314539,-0.0013195164457949,0.999751977018818,0.0520029254971904,0.0023031439126384,10.99963932777056,-0.095597289790287,-0.0763993669288063,1.0951535586272227,-1.2214320300392945,0.1847670205696315,0.4478398873675276,1170.2217021662966,1194.23231276742,1184.732899794483,1179.7930634766456,-79.68128060824702,-365.4695782744053,195.01723869825565,276.63671069135466,155.09966051765628
0.285,-0.1305481734265068,1.8789048229265752,-0.5413701385504026,-0.0777801694914567,0.0699986864579813,0.0111760057630098,-0.0158809919379271,0.0157280074761976,-0.0012931575413215,0.9997490553171924,0.0494321784895759,0.0020199301127615,10.993075780052399,-0.0947676612162081,-0.076033199787994,1.0981487442757742,-1.2215851116530312,0.184662982705826,0.4505935669331037,1169.5991745213723,1193.4622357735518,1185.3393107027375,1180.667975957576,-440.6486054153443,-279.95994955581386,300.3342376712223,450.46661393344,155.10031077814048
0.2875,0.2456605528791024,1.7758872086998427,-0.6157884226749297,-0.078290224840625,0.0748406288536772,0.0109706040212003,-0.0159992262275276,0.0158240696315125,-0.0012620049011346,0.9997456532518326,0.0463452632501096,0.0021340055519428,10.985948999494283,-0.0939840642240244,-0.0756698489058867,1.101112850208632,-1.2217380638347988,0.1845582529389854,0.4533546725892722,1168.0184591392199,1192.832513019641,1186.2345709828392,1182.0453965463128,-886.6353154641821,-236.4920664311764,425.6380566052528,719.6028435664704,155.10116857457388
0.2899999999999999,0.7247107375291783,1.4987904647161092,-0.6594384953497185,-0.0774448029024097,0.0803477415484765,0.0098837844708274,-0.0161167042951413,0.0159442263125043,-0.0012276840528101,0.9997418654151224,0.0427218685669394,0.0027457864508696,10.978310093890668,-0.0932412738884187,-0.0752935411296081,1.1040442014336775,-1.2218906592087408,0.1844530427631835,0.4561240161062227,1165.1659979440515,1192.279775441396,1187.4675009857635,1184.2659901754082,-1146.3249026343988,-166.61599094714063,440.6998998570133,896.349673198356,155.10244021053416
0.2924999999999999,1.1283541179787997,1.1600278395917807,-0.6401683067834063,-0.0753501848978531,0.0842542498141439,0.0077829262291169,-0.0162274565645823,0.016083699492295,-0.001192388442621,0.9997378605492072,0.0386156563711702,0.0039651530952934,10.9702127421549,-0.0925269634147004,-0.0748869922397906,1.1069421427797888,-1.2220425299487467,0.1843480435834979,0.4589021166424148,1162.286834626048,1191.9994330649051,1188.4380704821242,1186.5271449123045,-1158.185641213821,-81.11361708611177,330.63950407845334,962.6105588271904,155.10370314847316
0.2949999999999999,1.509858563623198,0.7443270428176099,-0.5411768827375509,-0.072197276152017,0.0869284009586342,0.0050800000129726,-0.0163251991619824,0.0162326230857856,-0.0011619512248375,0.9997338928146124,0.0341905831759471,0.0058993312917661,10.961711227568019,-0.0918180710844871,-0.0744336105731086,1.1098073553637846,-1.2221932576291015,0.1842444702587981,0.4616888309993558,1159.3750697379824,1191.8742073559652,1189.120698506156,1189.079042969544,-1092.5930717397468,-35.36016898679006,200.0297562409285,1041.563499132416,155.10517819955172
0.2974999999999999,1.8520915772201565,0.2980657861668144,-0.3706639238551345,-0.0682649902176932,0.0882789550199444,0.0027113229982455,-0.0164041156364743,0.0163804687975922,-0.0011422548507121,0.9997302230724094,0.0296273151215998,0.0086349439585255,10.952859369484168,-0.0910912347485703,-0.073918841588237,1.1126410996568168,-1.2223421545208712,0.1841434412606318,0.4644839649960188,1156.8238692673492,1191.8226322199714,1189.4382192633288,1191.7349624079663,-855.0299736447406,-17.974670461217087,27.779537300330023,1048.1399813012094,155.10682967341015
0.2999999999999999,2.1208560473056868,-0.1413965554373664,-0.1267059118182881,-0.0632610915858973,0.087772678513522,0.001328342149091,-0.0164655220630488,0.0165178514211347,-0.00113255253692,0.99972698545432,0.0250887054346071,0.0120903120433545,10.94370844210799,-0.090327721326055,-0.0733441131108065,1.1154441078886523,-1.22248719480533,0.1840454760578879,0.4672869220588257,1155.0999198697587,1191.7843340036593,1189.2595961926577,1194.3197428760502,-504.67629273657576,-26.955072574401104,-179.63274658977735,1065.9079117917815,155.10869411093756
0.3024999999999999,2.326458092590968,-0.6115016333445233,0.2146275905907467,-0.0561686716359116,0.085248725845895,0.0011130679829127,-0.0165105315625457,0.016637397859879,-0.0011287768814565,0.9997242910759718,0.0207026736921775,0.0161801609437037,10.93430572822634,-0.089515034212681,-0.072711015983057,1.1182176970677404,-1.2226261250626145,0.1839513375607249,0.4700968990416858,1154.3004878036663,1191.6878568570994,1188.54005553038,1197.0645019669255,-70.42235962057924,-45.678015305384136,-320.5140690129153,907.73711863876,155.11117738730476
0.3049999999999999,2.382568719461166,-0.9328189130619172,0.5052887596996349,-0.0497805535345849,0.0821713364858983,0.0021882613448221,-0.0165402865786992,0.0167412999621281,-0.0011259346481739,0.9997220936401024,0.016399172445892,0.0208133605174613,10.9246935225257,-0.0886633372711708,-0.0720219705082769,1.1209624807665328,-1.2227580615872993,0.1838611165039292,0.4729122722875649,1154.7478080716555,1191.5559439271324,1187.657025847593,1198.858428469244,382.15934080972113,-56.87069567056818,-367.43645269457346,576.2737381895016,155.1134511635513
0.3074999999999999,2.3090423940031735,-1.174884257488812,0.7613912283368351,-0.0431930065462099,0.0788905277836447,0.0044489356803331,-0.0165571263925549,0.0168315432072039,-0.0011217239219489,0.9997203299797331,0.0121251656542768,0.0258711895705496,10.914905730480085,-0.0877828136238221,-0.0712830830251721,1.1236799282325398,-1.222883946264816,0.1837749166250409,0.4757324204631139,1156.2112845077147,1191.4035033787463,1186.702873266907,1199.945870657873,803.5857580746317,-58.625624611795445,-385.46536164458263,288.98247576744296,155.11593591175313
0.3099999999999999,2.0776360417991686,-1.387654765540696,0.9915105956585684,-0.0354531172241619,0.0752902213217849,0.0080115979571925,-0.01656765927041,0.0169059476132305,-0.0011114149427253,0.9997189384149012,0.0079338780057773,0.0311393222376012,10.904966066641627,-0.0868747202058326,-0.0705100887474462,1.1263724188383106,-1.223004360092698,0.1836925679180696,0.4785570991868088,1158.7657368620287,1191.2628158040732,1185.72969903937,1200.3033408480812,997.0636696578814,-37.061127363403976,-302.49255637090727,-28.32428982023882,155.11915954332827
0.3125,1.7857154090346403,-1.5148868678707743,1.103068578380079,-0.0297232452633773,0.0725156401334233,0.0111405833217676,-0.0165786171377928,0.016968385325813,-0.0010909240533074,0.9997177501333068,0.0037610272541601,0.0364008464643337,10.894888721456075,-0.0859535963729722,-0.069719243968079,1.129041776818032,-1.2231195990384445,0.1836139215157152,0.4813863547376961,1161.1966028560043,1191.2181977419295,1185.1904104850523,1199.8042492087718,942.780214383901,-2.183617700075045,-150.98365836597608,-342.3052040688614,155.1220456605188
0.315,1.4341046655713308,-1.6009282863537004,1.1251506121867187,-0.0252391509566271,0.0693635681133127,0.0141856174069784,-0.0165952148062692,0.0170174006901831,-0.0010600696999016,0.9997167039752816,-0.0003285603552748,0.0414746469381407,10.884676578075323,-0.0850209389409142,-0.0689237730129954,1.131691203108521,-1.223230088990236,0.183538488529329,0.4842204883216951,1163.4796379339484,1191.251897715573,1184.9747807475403,1198.5918148277367,824.9463226790788,20.091388804439685,-44.15669606728439,-567.6829872628782,155.1251363718687
0.3175,1.076494302598655,-1.652532139209608,1.0748566887544686,-0.0218862757546769,0.0655843437507549,0.017325043312777,-0.0166176192961319,0.0170567664486454,-0.0010228646715833,0.9997157261631016,-0.0043726381834818,0.0462922063576191,10.874322523891395,-0.0840887278169422,-0.0681256104924485,1.1343236491156303,-1.2233368498650288,0.1834657311153309,0.4870591421296631,1165.3213344693995,1191.3186546859515,1184.969627004716,1196.9658342724574,568.0867297189702,22.842141828505167,18.891823072362946,-689.3018360102809,155.1283941649178
0.32,0.7718253480558958,-1.6568498104178269,0.9462520830166096,-0.0196862794182762,0.0610565533929999,0.0204455058591167,-0.016639953031831,0.0170913080957134,-0.0009814443846698,0.9997148270886258,-0.0084198811382417,0.0509163006880439,10.863809441933228,-0.0831704613637724,-0.067312068580625,1.1369423802388494,-1.223440754329894,0.1833950478557942,0.4899017903430821,1166.3200715825433,1191.3661084247155,1185.069239862902,1195.1453056476855,190.4392603958057,4.523027440154688,23.217398766973908,-759.095469702924,155.13184953279125
0.3225,0.5479204353481537,-1.6050306643422032,0.7248570237729802,-0.0185008891076603,0.0554169419195738,0.0232917525008682,-0.0166582979011064,0.0171231578774919,-0.0009374260772339,0.9997140323094242,-0.012451041758141,0.0553677405535732,10.853111392394302,-0.0822723633351155,-0.0664741177614011,1.1395501587216212,-1.2235425492757595,0.183325664943347,0.4927486422135868,1166.2735307713788,1191.3412698231523,1185.085713998551,1193.1703569239428,-241.21248380984048,-24.27735800611115,-38.83747244722141,-632.403381361973,155.13621825882464
0.325,0.5344582365153414,-1.5223136537711834,0.509167235412039,-0.019135667186323,0.0512313559993856,0.0245332141979836,-0.0166731514593085,0.017152976693545,-0.0008911008502337,0.999713321620328,-0.0164079306444461,0.0595723074254525,10.842196022447007,-0.0813961904771066,-0.0656120599672081,1.1421483667447507,-1.223642807194882,0.1832567195064014,0.4956006230608038,1165.114009163494,1191.2447216346848,1184.875052500666,1191.9832887408757,-684.7238401725001,-46.61283585037377,-149.5634766475176,-335.3529769110534,155.14003880352723
0.3275,0.745192752242467,-1.4183999406636123,0.2912882300422184,-0.021018107392087,0.0479456722786766,0.0248287512413325,-0.0166860331419397,0.0171826227598251,-0.0008437465829931,0.9997126381017084,-0.0202550763660511,0.0634362941014712,10.831027182742904,-0.0805452174239636,-0.0647283875434538,1.1447367818602217,-1.2237418398917854,0.1831875715291817,0.4984596930997845,1162.8499115705163,1191.1082056439006,1184.3378966153134,1191.4935920393875,-1054.5549412966911,-50.634445300784094,-270.70728637681873,-72.40070246816678,155.14403880363204
0.33,1.1421569983936843,-1.31348006922573,0.0886309744262156,-0.0227604901068164,0.0453751007777043,0.0245437709283956,-0.0166977677315671,0.0172149380085977,-0.000798238476625,0.9997119194590804,-0.0239779815596779,0.0668848467150221,10.819567407311476,-0.0797239229968092,-0.0638242790764377,1.1473137965358895,-1.2238400223019112,0.1831182960108878,0.5013270157500995,1159.8412344570106,1190.991549408181,1183.521516068782,1191.6212852285348,-1311.9532761330436,-26.9526776020484,-383.6698725247512,175.66526771688572,155.14818139817518
0.3325,1.7075227018873047,-1.2201564312861777,-0.0858868608035079,-0.022557350846648,0.0432044006699818,0.0238808077287515,-0.0167063496341819,0.0172479708935892,-0.0007614669949031,0.9997112289331276,-0.0274617638954354,0.0699103170165921,10.807780069179993,-0.0789247632599229,-0.062895336028248,1.1498777734442915,-1.2239373715972417,0.1830498777548396,0.5042033763167437,1156.290145189851,1190.9734422558904,1182.4195472526897,1192.371918377972,-1568.2367104287991,33.116376783527784,-528.0897255051509,405.9164065688034,155.15248748908215
0.335,2.4380054699898026,-1.1224358406922277,-0.2639508686878627,-0.0175999817626961,0.0402208387201959,0.0231286605014525,-0.016705108399853,0.017278580173692,-0.0007379982982787,0.9997107297065329,-0.0305691240440469,0.072610124631438,10.79563201156698,-0.0781372075899726,-0.0619268369355185,1.1524269753407763,-1.224033660713336,0.1829838134368889,0.5070884980823182,1152.0000509048666,1191.1571312920987,1180.881067441256,1193.6508672613788,-1482.7724268603547,111.36746743145513,-580.5123768126117,464.8720743968166,155.15783183671667
0.3375,2.95666046421955,-1.0451151030453847,-0.3931217644083064,-0.0085513245099058,0.0372513861635719,0.0225696054627361,-0.0166865140740359,0.0173090278559055,-0.0007292182220693,0.9997105086686322,-0.0332841238090076,0.0751053673122435,10.783096286800932,-0.0773632334181688,-0.0609025052972203,1.1549583935403405,-1.2241289610508348,0.1829211224109739,0.5099808861461456,1148.8762830555493,1191.5302795930477,1179.5169853686264,1194.696278749956,-1054.5053535252907,197.87882767504908,-540.3115599803637,330.47757390386295,155.16242400903573
0.34,3.2381340838529873,-0.9632361123420878,-0.510452265998433,0.0038648764311595,0.0341737319028383,0.0218061365073077,-0.0166474019812909,0.017344210912188,-0.0007346963678829,0.9997105356057656,-0.0356539856133964,0.0774306143890912,10.770154267474187,-0.0766111162019923,-0.0598167688218804,1.1574678457386007,-1.224223367752784,0.1828620621511904,0.5128801826207654,1146.72752413724,1192.146525430474,1178.1795096413543,1195.303255130898,-646.3859505468912,315.84622348454985,-563.284131674845,87.63649158695436,155.1671500144854
0.3425,3.2160598156120765,-0.8606392217585807,-0.6411147437868796,0.0187619525842799,0.0307294491404359,0.0204690773225694,-0.0165905262852254,0.0173841036205127,-0.0007479968591332,0.999710768057448,-0.037625514971817,0.0795012521708733,10.756797143089356,-0.0758784595374684,-0.0586779250465894,1.1599511592462568,-1.2243156707166052,0.1828060242595179,0.515786051593873,1145.6443533028148,1193.1095107104704,1176.7005647102524,1195.1344612078908,-137.56101912431393,372.147267660284,-515.1342083989671,-243.67904898176647,155.17296568864043
0.345,2.9038587404764833,-0.782096044147002,-0.7398291773213369,0.0291455594373244,0.0283481104175602,0.0189918760278273,-0.0165193345781893,0.0174296517152155,-0.0007605767345096,0.9997111367260384,-0.0391750898379501,0.0812296139575573,10.743026893895344,-0.0751655440950808,-0.0574965083750502,1.162404003107817,-1.2244044522846087,0.1827530779914119,0.5186974477530224,1146.0397190416184,1194.0072617687752,1175.6038385993595,1194.084859885989,385.0401556069752,349.1292901087488,-414.4865139155624,-610.0075333849867,155.1779258565738
0.3475,2.3587314546451226,-0.7327266971294871,-0.822199253186439,0.0360389371310367,0.0267311193457421,0.0171149016843849,-0.0164415980597179,0.017481599474405,-0.000764009938282,0.9997115039154764,-0.0402851093692944,0.0824493748359502,10.72885722031532,-0.0744723370477003,-0.0562939622803458,1.1648216775229483,-1.2244892125281452,0.1827036573010645,0.5216139269703126,1147.5695540808497,1194.855157161014,1174.6281321406743,1192.0844235409659,735.0233733233374,306.77401804882686,-381.0891266595714,-930.7527241564449,155.18299722750132
0.35,1.6991024719982435,-0.7258444502095343,-0.8854313575151286,0.0400844247510213,0.0257461994609349,0.0149897934907255,-0.0163615832818447,0.0175396025595862,-0.0007554288408055,0.9997118038528684,-0.0409281446480618,0.0830869661666952,10.714312989607928,-0.0737958287341614,-0.0550849250772138,1.1672000746812536,-1.2245702083540448,0.1826582937681061,0.524535052151137,1149.7148359082353,1195.5411318590195,1173.6983929660616,1189.431096265207,907.1900512237881,209.96446803142348,-379.46283322071776,-1156.958130981514,155.1881564046654
0.3524999999999999,0.994453348213884,-0.7850119190059485,-0.9192817632801272,0.0414179457766033,0.0250900174502301,0.0129090331037996,-0.0162847389137623,0.0176006081951726,-0.0007359852937615,0.9997119970895184,-0.041032140680411,0.0830605999344792,10.699430360336322,-0.0731261305170408,-0.05388774984691,1.169535232585851,-1.224648446757343,0.1826168735668302,0.5274613265483808,1152.1055043369684,1195.9049795011713,1172.7308179745708,1186.2996328860584,982.206520995088,63.35719081716953,-456.6719192786924,-1385.9712387448012,155.1934169996942
0.3549999999999999,0.1883553334333598,-0.9321072619308196,-0.9175903410844783,0.0409061301069226,0.0237698415488488,0.010397373882097,-0.0162176254616874,0.0176603265111371,-0.0007092723719832,0.9997120484530682,-0.0405117562891311,0.0822811670493046,10.684256083314907,-0.0724498651639589,-0.0527239720675708,1.1718230240865204,-1.2247248294555135,0.1825796664108725,0.5303941848105695,1154.6258685132107,1195.8579178131051,1171.4150333696682,1182.5012400714832,790.968940953143,-105.0962614427134,-516.8042059319755,-1322.218710825017,155.19984227208488
0.3574999999999999,-0.4102410238816687,-1.1028907582354377,-0.8731983516068214,0.0396731800464456,0.0217238596527679,0.0078311533048419,-0.0161664803816469,0.0177155984065845,-0.0006800983185862,0.9997119099241438,-0.0393184979920847,0.0806817766689042,10.668846157708643,-0.0717558179502767,-0.051614601243493,1.1740590118081486,-1.2248009027303823,0.1825466746527057,0.5333347901055069,1156.0603490417343,1195.3794981939575,1170.146796944911,1179.6885393319333,379.831785462056,-280.03745872911145,-538.9102174108752,-975.8589577076227,155.20528780011628
0.3599999999999999,-0.9095745678039666,-1.294487323395633,-0.7773437872776806,0.0380345696678978,0.0184417705197831,0.0050232624902148,-0.0161346320393888,0.0177667356751475,-0.0006526545294801,0.9997115215783172,-0.0374892895657157,0.0782706544059882,10.653263891935884,-0.071040795039218,-0.050573590069876,1.176238613492537,-1.2248771990241307,0.1825183277474896,0.536283624525746,1156.5250274405207,1194.4577305194598,1168.7204822826138,1177.621945282945,-35.55711928916023,-490.7825563849197,-640.9043807094343,-689.384682138188,155.2108256184318
0.3624999999999999,-1.3781667475081492,-1.5149192446048108,-0.6081106663055801,0.0348953724152833,0.0134448831304398,0.0022647911590189,-0.016126779055873,0.0178134517247019,-0.0006283599450497,0.999710815364372,-0.035057791449389,0.0750367644254955,10.637577926181539,-0.0703005431931554,-0.0496173764342917,1.1783576200905124,-1.224952907217646,0.1824952486551483,0.5392407949357727,1155.8825634452885,1192.9255854120331,1166.942275041364,1176.2416159212423,-417.55430030048007,-612.2227125261355,-637.3373134751995,-323.41149325884516,155.2175760949091
0.3649999999999999,-1.6470796740586433,-1.674878424169068,-0.4362090095848372,0.0310558788343369,0.0090025946084266,0.0007794169977233,-0.0161458026070662,0.0178500443826374,-0.0006115221180062,0.999709847338203,-0.0319536780925838,0.0710173697419645,10.621858915212531,-0.0695183193651422,-0.0487575846432716,1.1804136281573652,-1.2250265995045968,0.1824780417704714,0.5422058406948208,1154.4372559390183,1191.3966169568291,1165.5337957152378,1176.0048878166508,-720.3592530867802,-635.4235414275075,-515.069040545722,52.30214194980358,155.2232885896805
0.3674999999999999,-1.7751804787065937,-1.8036233802890749,-0.2564675252139199,0.0261999724202252,0.004900428062459,0.0001521712676248,-0.0161899338650479,0.01787337066124,-0.0006048185511377,0.9997087047038336,-0.0281694647330651,0.0663524697238827,10.606176316289568,-0.068684117732557,-0.0479933715749006,1.1824056057030392,-1.2250972515705012,0.1824660504013578,0.5451779311277563,1152.2807671798544,1189.7484677048956,1164.366929838635,1176.5031266309911,-935.2420642461758,-659.2746718191387,-406.8200742293808,264.8581569077121,155.2290917058475
0.3699999999999999,-1.7811730282749227,-1.9056556029125935,-0.0887989992015019,0.0207369070282183,0.0011162626473259,0.0001399223789032,-0.0162496713616342,0.0178886742829749,-0.0006084315704469,0.9997074483164856,-0.0238818151379836,0.0613450042033731,10.590595233865711,-0.0678085893272441,-0.0473034967948556,1.184333759083326,-1.2251654443316071,0.1824584749070727,0.5481556655250017,1149.7610456177877,1188.1002435977334,1163.4996953440907,1177.3291786011891,-1037.3275830138473,-641.7515071825612,-262.8131457744528,329.15892683645296,155.234970704675
0.3724999999999999,-1.6481660523142403,-1.9689122396441727,0.0465195906445051,0.0152394067496377,-0.0028029625184181,0.0007206177998563,-0.0163139005981232,0.0178967561187349,-0.0006213067334091,0.9997062452165651,-0.0191778780498265,0.0563268701616715,10.575172901090086,-0.0668926131338856,-0.0466604828498157,1.1862009431247182,-1.22523157969112,0.182453811323073,0.5511371919214512,1147.0941292647851,1186.5397101689828,1163.052864109763,1178.1489212651736,-1136.7320462273246,-653.5765329193958,-101.81226542458708,268.15102434666164,155.24094276422855
0.375,-1.3641088968910726,-1.9777071866669012,0.159090729480896,0.0098497685252639,-0.0084587170042059,0.0018670044941547,-0.0163753431926965,0.0178929588844489,-0.0006364416333768,0.9997053008246816,-0.0140311179078706,0.0515374000540303,10.559955075128368,-0.0659250354779863,-0.0460429548542753,1.1880122742910828,-1.2252945500061343,0.1824490962783611,0.5541213146327707,1144.077385386651,1184.8323609331364,1162.990634016968,1178.6699337229227,-1032.384069332328,-594.9211168338928,43.08199212014184,73.44853076538122,155.24821960270924
0.3775,-1.0661585384564676,-1.9073487057395513,0.2117936630225692,0.0067496365522395,-0.0141714503629409,0.0029281714874094,-0.0164246801948167,0.0178714015826788,-0.000648130078132,0.9997048750557695,-0.0083927188175498,0.0472471786469323,10.544972502919297,-0.0648922146442506,-0.0454225389404955,1.1897748769764922,-1.2253533844297255,0.1824414473039558,0.5571062790108517,1141.9322089181237,1183.5651045848133,1163.2682740703635,1178.5161639190003,-746.11364065372,-474.0227503573347,154.82952612528592,-190.08398978235144,155.25437792316876
0.38,-0.7636507080676911,-1.7389830717044945,0.2335119525955905,0.005264158455264,-0.0201839270810044,0.0036497722596168,-0.0164605929345376,0.0178293166612879,-0.0006552076788846,0.9997050353433504,-0.0022824554822461,0.0435447504982128,10.530238818894324,-0.0637880013456516,-0.0447885811562357,1.1914959693078129,-1.2254084204322833,0.1824288765750701,0.5600907927484173,1140.3468171833824,1182.4622471813495,1163.7647816475944,1177.7195137740107,-551.0634617144201,-448.93159770372176,237.4255844133129,-460.2133041155863,155.26063676710456
0.3825,-0.4579341949154199,-1.432149946465118,0.2457081817243052,0.0052296806921372,-0.0262537218567541,0.003820928266498,-0.016481056897277,0.0177700646321749,-0.0006565081792816,0.9997057517205789,0.0041516996605999,0.0405166981590275,10.515748845812544,-0.0626210538549983,-0.0441279344221646,1.1931826973056376,-1.2254604032282963,0.1824116455172,0.5630746475200424,1139.1768916095516,1181.3204465962947,1164.4554019924303,1176.2150973984224,-309.7167223024823,-391.4460133511508,249.01011586325671,-598.0063641616647,155.2682663708352
0.385,-0.2813562981271799,-1.1160508024213762,0.258497809435947,0.0060012743864405,-0.0297344780982725,0.0034752479883381,-0.0164852921277213,0.0176979334864437,-0.0006500809810454,0.9997069607490832,0.0107454186843875,0.0382052027421015,10.501477614584338,-0.0614023922775031,-0.0434305244012776,1.1948419320251569,-1.2255100777769512,0.1823917768834844,0.5660584663315292,1138.79823357187,1180.505017114594,1165.0098322269107,1174.7294819532024,-46.31910671523652,-304.9554279030869,199.4528312698092,-590.3577644162846,155.27472533082496
0.3875,-0.1957737356060124,-0.7831643381789554,0.2791277821601181,0.0065426514237878,-0.0314167273923778,0.0033457639043043,-0.0164732753475337,0.0176146256159361,-0.000637162967436,0.9997086330893185,0.0173917321127965,0.0366205030635229,10.487380250032887,-0.0601367796503966,-0.0426893336058982,1.1964800591145988,-1.2255574708381245,0.1823719633648163,0.5690435510089488,1138.9452960759754,1179.7956694567793,1165.4526661487791,1173.2633085763412,123.05783709884952,-274.8047625089382,148.69992834774152,-557.686438943028,155.2812909272152
0.39,-0.1749340684083507,-0.470285216098683,0.2989218809233436,0.006631153814699,-0.0318637309552929,0.0038938211532545,-0.0164450460713107,0.0175254019738581,-0.0006218365988747,0.9997106748621452,0.0239133265662399,0.0357563801122576,10.473394083532744,-0.0588374985735931,-0.0418991659882844,1.1981017488367935,-1.2256030265026725,0.1823542368728343,0.572030866631741,1139.4135227573643,1179.130993302049,1165.7533318686494,1171.9410497584875,230.20962943287464,-270.31828792441934,75.86413767658078,-487.28412881173375,155.2879460879832
0.3925,-0.206637953486856,-0.2099241069074436,0.3019489753509488,0.0061515016752183,-0.0314672814864763,0.0054329976861632,-0.0164008469241171,0.0174309874579322,-0.0006108500420911,0.9997130667553452,0.0302335563873172,0.0355892346742341,10.45943977475137,-0.0575071116716985,-0.04105706496729,1.1997105721215175,-1.2256469509680594,0.1823402397319567,0.5750212652913503,1140.0963442231396,1178.4440780171572,1165.8319868371623,1170.8268879322825,304.6195242507562,-331.9946447284107,-28.85825778985233,-461.072589945979,155.29471030107595
0.395,-0.2683838754774847,0.0278125914598249,0.2738481408223027,0.0048103808247102,-0.0306754969647118,0.0079760645359497,-0.0163466493528496,0.017335685639759,-0.0006048459042759,0.9997156353784205,0.0362103360198728,0.0359602509023261,10.445425346279682,-0.0561574266799724,-0.0401748104763183,1.201307414150214,-1.2256887105233796,0.1823304953646954,0.5780166168261834,1140.936620378618,1177.4710200784073,1165.6090405797,1169.6356868087576,283.5652150784424,-401.00488404718783,-141.95979108635572,-438.19855488341045,155.30295433776564
0.3975,-0.3167985287287572,0.1681580527507621,0.2311760054037099,0.0032973963656369,-0.030065054456137,0.0097545035556488,-0.0162928429978996,0.0172492476963691,-0.0006011021247421,0.999718041897645,0.0415975957228966,0.0366073999528437,10.431250125450973,-0.0548140453098118,-0.0392758337645675,1.2028905115328152,-1.225727540092903,0.1823241390637282,0.5810180534812817,1141.514170298532,1176.4390535969212,1165.1221878817305,1168.6358951578654,184.01680923202528,-479.34727218107537,-261.4499747591251,-432.4510511743024,155.30993049980123
0.4,-0.3467071672445616,0.2645207112357863,0.1992115790377253,0.0019234834514847,-0.0296227452369123,0.0099888073741142,-0.016243598718643,0.0171793691524243,-0.0005980422731709,0.9997200837056542,0.0462016145280099,0.0373930745791637,10.416807069294292,-0.053498254392804,-0.0383697192378875,1.2044574439977611,-1.2257626289569872,0.182320513349361,0.5840258859433431,1141.856704424778,1175.0742837175019,1164.3017907059043,1167.473431552886,92.63951188409,-611.079490652582,-381.75647194620944,-507.35637680068015,155.31701675527952
0.4025,-0.3589019687404664,0.338565201592716,0.2057995764331839,0.000843517756875,-0.0291747867086516,0.0088187289120915,-0.016199796992644,0.0171265492053999,-0.0005942163203448,0.999721736575028,0.0499887406372622,0.0382448381610817,10.401984995658768,-0.0522145846605086,-0.0374589417289247,1.2060057403816402,-1.2257934936006532,0.1823192409286596,0.5870394514724058,1141.9773678579525,1173.3836561436583,1163.2134055219994,1166.099113273862,-0.0022005004666425,-756.1463103896125,-491.7471782458501,-604.9495896952061,155.3241939033893
0.405,-0.3531743865461481,0.400096783061641,0.2799136988954041,8.396667814662726e-05,-0.0285198444033775,0.0070388004184873,-0.0161606909516898,0.0170897479781886,-0.0005881192416393,0.9997230312418836,0.0529672913603978,0.0391230576677861,10.386672735228547,-0.0509642390632936,-0.0365427558755652,1.2075324115147257,-1.225819989781212,0.1823202582325564,0.5900577279389436,1141.8566934222758,1171.2935521655538,1161.8430548146753,1164.44868360441,-93.38256876067126,-997.0100882313992,-650.3585222245869,-778.8939778494743,155.3314797097944
0.4075,-0.3309841918661589,0.4729823571250327,0.4334401960140236,-0.000636097214104,-0.0273834159328759,0.0063225122589006,-0.0161294882878229,0.0170680383771779,-0.0005776617121948,0.9997239335956298,0.0551533238556928,0.0399072437090278,10.370762494789915,-0.0497488865070208,-0.035630621411942,1.2090336112979017,-1.2258421410064817,0.1823235721063659,0.5930807441743902,1141.510455014149,1168.3986057025013,1159.9616129108765,1162.2046433846147,-149.06790691852606,-1103.135762065266,-711.9215146091385,-850.763042915377,155.3403464508096
0.41,-0.3013828245036136,0.5403391459548555,0.578050825348865,-0.0012146871251323,-0.0262411962976872,0.0077226441340165,-0.0161067949387359,0.017058656051903,-0.0005626767179308,0.9997244825275589,0.0566097933834182,0.0405363204652104,10.354152071144016,-0.0485656697421976,-0.0347265009981978,1.2105055069470507,-1.2258596968127635,0.1823297358765224,0.5961082782079152,1141.1113538876832,1165.7778733552275,1158.2834472416296,1160.1948683898331,-176.20519974302607,-1053.9596994812644,-669.509927083572,-809.0741674022405,155.3478367251954
0.4125,-0.2587105389099587,0.621971378504467,0.6851194466730821,-0.0018522669403901,-0.0251052335720639,0.0107438644426601,-0.0160913372884508,0.0170546813496438,-0.0005451084518029,0.9997248178554212,0.0574933633210235,0.0409955205185195,10.336746596364632,-0.0474013458644007,-0.033830497408622,1.2119445771430193,-1.2258724566367523,0.1823393771407701,0.5991401526664678,1140.629429015434,1163.1288072050947,1156.6140632754586,1158.1592725476035,-237.26950402624405,-1124.5673132225863,-700.5429286594784,-870.9915082184117,155.35542940250255
0.415,-0.1882631068669015,0.7413894840501845,0.7245286241400217,-0.0025736630737837,-0.0236510803463474,0.0147222912415698,-0.0160819977806442,0.0170475445854011,-0.0005259303007305,0.9997251055640448,0.0580018784925212,0.0412738425475947,10.318460994865818,-0.0462381561439638,-0.0329434539978985,1.2133473408355395,-1.2258803431242669,0.1823525546952134,0.6021760857125745,1139.925006367552,1160.1550367891143,1154.780732598332,1155.839910848741,-291.0751310877488,-1025.9776115122454,-619.1154241854811,-806.8142821666323,155.36465501481544
0.4174999999999999,-0.1107397420436866,0.8574953267761215,0.6721177161609647,-0.0030162774886708,-0.0222294772765109,0.0174707829604794,-0.0160768055034731,0.0170367210930289,-0.0005045951922193,0.9997253863193192,0.0581729738037994,0.0413854410286921,10.299223682149009,-0.0450771118264339,-0.0320643065234621,1.2147096614569133,-1.2258842008433233,0.1823694520824892,0.6052154029258675,1139.1740533599952,1157.9989191475336,1153.5184861545313,1154.1252011367703,-350.962579494675,-771.5406620317558,-420.9916003098485,-614.3456208419201,155.37243507661967
0.4199999999999999,-0.0115813338284748,0.9816089896163968,0.5409627637007312,-0.0033800564867111,-0.0204384065035041,0.0193076508702859,-0.0160735796394524,0.0170228842955595,-0.0004804586361269,0.9997256839996344,0.058024129727456,0.0413577563733348,10.278976281075575,-0.043921188459777,-0.0311915077166376,1.2160274639091904,-1.2258852155085591,0.1823901204278316,0.608257407766264,1138.1701934700786,1156.2973334789558,1152.6757745967827,1152.7681827445315,-452.4143600561725,-598.613025254553,-250.56903211298024,-467.08625906553567,155.38030674730123
0.4224999999999999,0.1052962746136273,1.0996504040087147,0.3616080983262823,-0.0036241018536912,-0.0181683898035255,0.0204478462008089,-0.0160707922548596,0.0170052431547846,-0.000455764183894,0.9997260360179157,0.0576047163789553,0.0412155273447296,10.257673934880035,-0.0427687165902184,-0.0303250299842961,1.2172969147355293,-1.2258843639751535,0.1824145868247507,0.6113025104185716,1136.9119815597144,1155.005854021261,1152.2656409939664,1151.7897698414426,-565.0179134573132,-424.13488280662887,-51.788661020782406,-288.3576998710393,155.3882515361764
0.4249999999999999,0.2390180580637825,1.1902138684617052,0.1482015259872274,-0.0033071564309742,-0.0150861864471463,0.0209218097739595,-0.0160659226158387,0.0169860597918129,-0.0004332835766584,0.9997264440290248,0.0569022292655276,0.0410126278110889,10.235286910399152,-0.041624531410288,-0.0294619953643707,1.2185141031022853,-1.2258822121262467,0.1824427300705016,0.614350116333708,1135.345103902792,1154.1766590649227,1152.416831291679,1151.3263942451763,-744.0464644377236,-283.20598272034636,184.3078548128231,-85.88569223479674,155.39628113740469
0.4274999999999999,0.4089624284434932,1.2430099914809685,-0.1172914712604419,-0.0020957937583638,-0.0105003591198114,0.0208824594354085,-0.0160562587329641,0.0169673965581298,-0.0004158306528686,0.9997269168814202,0.0559079716912408,0.0408142336538458,10.211800312398164,-0.0404922810074118,-0.0285983651475126,1.2196752486396083,-1.2258794955628582,0.1824742847278883,0.6174001975221449,1133.1917492375255,1153.5898241076593,1153.1871802680305,1151.3603413802687,-811.8877661922845,-174.7617515907676,355.7939772773349,96.00538802551446,155.40601043956204
0.4299999999999999,0.5522402106035253,1.2316953688447407,-0.3258943937294646,-0.0007619557432603,-0.00649788667569,0.0203606850720005,-0.0160430398710229,0.0169483927922057,-0.0004037160199207,0.999727449963664,0.0546720499122867,0.0406095777265642,10.187213790081234,-0.0393680933747973,-0.0277387645222542,1.2207766374436717,-1.225875941074819,0.1825084831309783,0.6204535256653056,1131.2856650718306,1153.3028503069688,1154.1958011780655,1151.8064211853039,-751.8579755522744,-109.79834334898432,436.3205646041474,231.68737115356612,155.41419324750348
0.4324999999999999,0.6935379384947715,1.169039161364963,-0.4977295260903644,0.0005565466133252,-0.0031375053351552,0.0192378815880174,-0.0160275650870347,0.0169318503470977,-0.0003967438231764,0.9997279757305392,0.0531671087198912,0.040391361640149,10.161543026512534,-0.038256906475902,-0.0268869924445177,1.22181433377016,-1.2258706283926655,0.1825442778295933,0.6235095348343568,1129.4324593597644,1153.0408323909144,1155.3687830910512,1152.5187782360365,-767.5590517959782,-146.5605432837036,497.83356071548,322.12515334017525,155.42245025782933
0.4349999999999999,0.8565248429937646,1.057665675739839,-0.6355180597847396,0.0022145546434755,-7.575023788603777e-05,0.0170468938961066,-0.0160109810013482,0.016920892343529,-0.0003926396506616,0.9997284254500562,0.051356904141917,0.0401575141128253,10.134818943337432,-0.0371645707610249,-0.026045463165307,1.2227845120097163,-1.2258625705508608,0.1825806784236348,0.6265674561526619,1127.4478698128507,1152.5700475905503,1156.6849689816431,1153.4170469520047,-670.1568395588305,-215.72316545616536,429.4316780502864,295.02382419245777,155.43244008375152
0.4375,0.978877715367596,0.9541765492247593,-0.6785061030959035,0.0041304914261373,0.0018550493154724,0.0145226477683168,-0.0159949902691636,0.016915851123506,-0.0003888983914751,0.9997287688472692,0.0492584665899318,0.0398961685374744,10.107086888600563,-0.0360902790273175,-0.0252171677741676,1.2236836179598984,-1.2258515825976823,0.182617073861514,0.6296267490199403,1126.0816751619702,1151.9622165636335,1157.5159414813027,1153.9938973569988,-479.5135035573817,-292.8036765829799,241.2945045304693,150.49012802796807,155.4408294190098
0.44,1.0713235882511047,0.8574737519466022,-0.641222224395926,0.0070157651864987,0.0034102392653027,0.0116828858166669,-0.01597682225108,0.0169203163715865,-0.0003839899885741,0.9997289895079584,0.0468191234612723,0.0396860801501544,10.078407534658902,-0.0350413512803302,-0.0243936518123795,1.2245080654471379,-1.2258382450677965,0.1826537072465483,0.632687209688752,1125.0503022950638,1151.1060292076354,1157.8914415042955,1154.1694975921444,-362.77675083979346,-376.57797416454713,56.4128574961614,-20.481449641783893,155.44928119854944
0.4425,1.1274986384440824,0.772814822262517,-0.5469351134004583,0.0105875233833734,0.0047658587041043,0.009336926530081,-0.0159551521421958,0.0169322741942125,-0.0003779357702658,0.9997291403783992,0.0440957877945194,0.0395753547276807,10.048854676081124,-0.0340115560157413,-0.0235697745263332,1.2252544392589895,-1.225823326353268,0.1826910654624878,0.6357498399231578,1124.2677914077713,1150.0793266928108,1157.7980057687835,1153.8914901087899,-273.14381727746854,-435.320026944009,-162.81668822425658,-232.90453322970257,155.4577809732779
0.445,1.1363964204497674,0.7010734928957846,-0.4117655891899649,0.0142167859235707,0.0061009330467446,0.0083875282277271,-0.015929187197308,0.0169479760709496,-0.0003717122364923,0.9997292955072266,0.0411766788227551,0.039598508800044,10.018515428247088,-0.032990687958098,-0.0227416840087307,1.2259192010378457,-1.2258072095529302,0.1827298049397643,0.6388154891989887,1123.6845832086765,1148.9294290729151,1157.077358063174,1153.004974925996,-251.43063725795375,-512.5871353361158,-468.66611996761054,-519.9535729291706,155.4663334700599
0.4475,1.1061793602292807,0.6177618649741637,-0.2439089538535853,0.0178371215006891,0.0076546727180162,0.0086964048122985,-0.015898868151405,0.0169675039270378,-0.000365104000724,0.999729452719259,0.038071203912645,0.0397704274769445,9.987490388152596,-0.0319784358573079,-0.0219074157692892,1.2264984318139702,-1.225789998594858,0.1827700691872547,0.641884620477082,1123.0106382214815,1147.5163910161302,1155.4546751689454,1151.291722244144,-280.4309020309572,-513.021295166754,-721.1976564054106,-709.2019925965808,155.47664998488807
0.45,1.065756766607256,0.5367345785094901,-0.1206964585305059,0.0202038566948336,0.0086726622031924,0.0094329479309307,-0.015864368205455,0.0169875227869881,-0.0003594727302342,0.9997296633528012,0.034855590099944,0.0400974814037775,9.95589106314754,-0.0309668297425936,-0.0210658227111182,1.2269885883703648,-1.2257704586125004,0.1828123069563583,0.6449565394462682,1122.2824286985217,1146.3643225970816,1153.4713697811471,1149.4589649630132,-373.3441716512058,-453.1746165769615,-918.8682010920265,-768.8019201848867,155.4852856689568
0.4525,1.032635657879201,0.4215628085079263,-0.0211582675279901,0.0221899151355748,0.0096748878116963,0.0097441397022509,-0.0158255334301506,0.0170048900015961,-0.0003556686386757,0.9997299818878518,0.0316019753396066,0.0405871229657803,9.923839056088434,-0.0299492503852906,-0.0202151872320071,1.2273865394376793,-1.2257472345069138,0.182856722987376,0.6480301954015028,1121.1439173632255,1145.2505179332454,1150.8603341634853,1147.4477126432196,-554.3619604165083,-444.7298909134584,-1139.061031888922,-795.5582068362211,155.49395349947727
0.455,1.0182005315724398,0.2580573052705603,0.065107798249618,0.0241294201837181,0.0111807357208276,0.009561243864941,-0.0157803540205214,0.0170181168362851,-0.0003518446220417,0.9997304659485632,0.0283513072944673,0.0412767181001044,9.891464430200317,-0.0289239825242519,-0.0193494237067279,1.2276897145751224,-1.2257193169017209,0.1829033495630096,0.651103894290005,1119.5106188964392,1144.1406731425143,1147.7760646217023,1145.481173928832,-794.8045111956155,-454.92116231516735,-1327.3520944703691,-740.278584652105,155.5026415065369
0.4575,1.0336422979819675,0.0164641177188296,0.1450642782814732,0.026321866369235,0.0130683477453507,0.0092733878502656,-0.0157272800261291,0.0170230566401344,-0.0003461563002412,0.9997312116685856,0.0251988933930841,0.0421887306857512,9.858902876562782,-0.0278833930931611,-0.0184637847872192,1.2278962847746353,-1.2256864836609913,0.1829523811143299,0.6541773183496099,1117.1698948072471,1142.9759121216696,1144.2235736911334,1143.746319719959,-1192.1705751603884,-541.4819540016192,-1632.8589077747424,-690.9073963116492,155.51134549884156
0.46,1.0886968751458104,-0.3659601154635472,0.2381124066635413,0.0291843873697785,0.0143665475866261,0.0094442362834932,-0.0156706138608016,0.0170149595671648,-0.0003368709707969,0.999732232098656,0.0222537016338661,0.0432250121269908,9.826293803813359,-0.0268186553664501,-0.0175680534150692,1.2280047721933423,-1.2256489555436014,0.1830037206582316,0.6572513720442509,1113.5497660206372,1141.433263372506,1139.6117700828288,1142.0266369472738,-1436.8578744707506,-598.8833462606175,-1715.0396299320148,-578.7494609563959,155.52179856238578
0.4625,1.1635593252292349,-0.741392653411122,0.3102997745627115,0.0313647873599072,0.0137723630255345,0.0100018192091772,-0.0156131301129245,0.0169908846753932,-0.000325680980805,0.9997335320569316,0.0195900303034697,0.0443149759920814,9.79377803566362,-0.0257253743002015,-0.016668372619676,1.2280142068315243,-1.2256068841503431,0.1830576692618855,0.6603261834381118,1109.9856054348936,1139.9814953903665,1135.6483755414731,1140.852572415177,-1482.4130302109083,-618.6699261721054,-1569.53692691104,-447.7062892646696,155.53050988259665
0.465,1.2612766018279027,-1.132954069942869,0.3700053371617949,0.033373204144256,0.0111805814581041,0.0109954657503061,-0.0155561844607512,0.0169486101731587,-0.0003131924084057,0.999735128304835,0.017270635199471,0.0454110352580786,9.76149481336686,-0.0246006075569322,-0.0157673444605236,1.2279242626425415,-1.2255606741880223,0.1831144645316643,0.6634007968718997,1106.1377008695827,1138.3399137416457,1131.7640854482736,1139.7881055009505,-1673.2225424549126,-756.5972434480493,-1654.4337817727396,-492.17436100034274,155.53921517124638
0.4675,1.3816257280809403,-1.5677410993125875,0.4199992194826509,0.0366862353639843,0.0063292151644352,0.0125543244512994,-0.0155014781797671,0.0168879702166147,-0.0002987417880071,0.9997369991067389,0.0153204237520843,0.0464541227666532,9.729579076233192,-0.0234458746534871,-0.0148682558188515,1.2277352088929838,-1.2255109282251684,0.1831734922612072,0.666474945168947,1101.619492722619,1136.1985091731262,1127.3762066326096,1138.3917006101751,-1577.1533875005375,-796.9286284070669,-1550.0835403115148,-563.6388276285737,155.54964852154228
0.47,1.4580867054673208,-1.8695928357373128,0.4421368319543327,0.0405337002425187,0.0013284946387605,0.0138221432824043,-0.0154489732205886,0.0168170320904459,-0.0002833597722165,0.9997390086882552,0.0136054099286283,0.0474160464005465,9.698159211034122,-0.0222821478887615,-0.0139699005123198,1.227447749048997,-1.225458572970508,0.1832335286473562,0.6695487032636788,1098.25193393208,1134.3552705996103,1124.013667746716,1136.9699113628076,-1202.6901788211023,-720.6473941225789,-1285.3540635976503,-643.6970600478611,155.5583287124181
0.4725,1.4786384836101243,-2.086155590163642,0.4472718218921399,0.044806320375957,-0.0042428469908647,0.014856220110838,-0.0153982511401486,0.0167461631409218,-0.00026740301608,0.9997409888519508,0.01194956519085,0.0482722951146121,9.667353187827798,-0.0211351534944159,-0.0130699394209062,1.2270633515519551,-1.225404327990322,0.1832937911269913,0.6726219008779462,1095.6060418285135,1132.5952722025131,1120.9494363146212,1135.173215309936,-909.6703871514812,-666.5175760634605,-1186.1656686763567,-780.537990533093,155.5669910865037
0.475,1.4369043113210271,-2.226204912989815,0.4422267454431239,0.0489332833032707,-0.010029235863007,0.0157012646704379,-0.0153477478044412,0.0166794114638426,-0.0002534877763337,0.9997428937483896,0.0102992794280514,0.0490189757951732,9.637264512855218,-0.0200142508584305,-0.0121632103473377,1.2265846867584687,-1.2253482717462174,0.1833541856703711,0.675694359528613,1093.7035819963223,1131.022682719293,1118.0828394033342,1133.067221410142,-571.7601538946833,-560.1545360817904,-1112.1019853761927,-897.6774831608956,155.5756372286793
0.4775,1.3113393326531446,-2.2780637757746716,0.4277151872361055,0.052750052218857,-0.0158589695158353,0.0165336332728227,-0.0152954344315886,0.0166218762266392,-0.0002422136099186,0.9997446682860404,0.0085797864343864,0.0496584497298487,9.607980446666856,-0.0189305620243655,-0.0112436548385545,1.226015309183294,-1.2252907865769715,0.1834152420431597,0.6787658096388385,1092.74724105904,1129.7944995221044,1115.3889263877404,1130.6848278941316,-219.35151056336727,-445.03568540013026,-1150.89483914868,-1071.33071596437,155.58426284854198
0.4799999999999999,1.0636740227559278,-2.2535797092085232,0.3986942795512008,0.0565675095715873,-0.0225909069904242,0.0176979471869223,-0.0152413081658942,0.0165776375231384,-0.0002293725431203,0.9997462446226592,0.006734730193417,0.0501517006138978,9.579569242453674,-0.0178919375619299,-0.0103106935164344,1.2253597434822308,-1.2252321487759927,0.1834774943492864,0.6818358058432594,1092.6068244435055,1128.7975042922924,1112.3283652075909,1127.7105678303203,87.04798026192383,-288.19166285275355,-1084.1743328852883,-1076.742350010374,155.59458911324143
0.4824999999999999,0.7825031840970817,-2.1762589339429392,0.3626781334778768,0.0589998565893015,-0.0276649144556611,0.0187564838777538,-0.0151872157852795,0.0165489168680132,-0.0002142868597755,0.9997475567113648,0.0047381265898794,0.0504275231221532,9.552077848530864,-0.0169011724410601,-0.0093689289603722,1.2246235553925466,-1.2251727077507868,0.1835414630916493,0.6849036005836892,1093.1824809603495,1128.3535412078406,1109.968054723314,1125.3011161440795,328.7128261893483,-115.00588162743942,-878.5698785305149,-916.2109223927009,155.60317346812124
0.4849999999999999,0.4352003914427322,-2.057402010868951,0.3128269029173593,0.061012463864522,-0.032258687912855,0.0197241820982113,-0.0151374394731946,0.0165319888935471,-0.000197057439806,0.9997485995830584,0.0026718768744769,0.0503722399974464,9.525529728938622,-0.0159461865161855,-0.0084296329545712,1.2238134576630546,-1.2251128804670877,0.1836071997731907,0.6879690777656989,1094.2503885744525,1128.2224748841552,1107.9355158149383,1123.1295132183568,531.0741848874836,-20.131135484871248,-780.6653266022743,-877.3706510824461,155.61173563593823
0.4874999999999999,-0.0363662592737419,-1.8794261749023653,0.2384247873020099,0.0625496102193643,-0.0376209351870574,0.0207154502139133,-0.0150943900896647,0.0165213379969893,-0.0001778698075296,0.9997494272788756,0.0006451362270874,0.0499133714775108,9.499924095290925,-0.0150104826867952,-0.0075002257956442,1.222937157291277,-1.2250523173927343,0.1836749264697284,0.6910309504534108,1095.8378518847871,1128.2528855304163,1106.0647280903027,1120.9142628886675,601.5794699341308,11.812568837422067,-569.4557892921689,-741.3440585204618,155.62198395804978
0.4899999999999999,-0.4492145169627288,-1.7056772614500073,0.1676397560468671,0.0623696542207333,-0.042083586359227,0.0213805140881286,-0.0150557287866598,0.0165134102944522,-0.0001562291292528,0.9997501337273578,-0.0012768316710114,0.0490748210532477,9.47523577150488,-0.0140825682512772,-0.0065772650745111,1.2220030929923467,-1.224990787529702,0.1837454493365034,0.6940867765696815,1097.2582859241231,1128.2815377283423,1105.0882368684775,1119.4227929257545,562.0978762802673,-24.78335550472364,-262.6092875699667,-526.1786989159641,155.630501825207
0.4924999999999999,-0.8420807693353107,-1.5093593536925412,0.094576783804375,0.0604536241429007,-0.0463604112102803,0.0217804065893704,-0.0150198444058911,0.0165044624307789,-0.0001310544922947,0.9997508058226896,-0.0030310092053166,0.0478736121069696,9.451415511004045,-0.0131508897947758,-0.0056597937698968,1.2210200126567003,-1.2249285315785507,0.1838193457609305,0.6971354448392106,1098.6483412661885,1128.1289687528927,1104.7516816524528,1118.2833693940877,537.8421285260624,-114.75322570809102,-42.48444205259144,-404.7213885255584,155.6389957511975
0.4949999999999999,-1.1873636634103066,-1.3007154903184412,0.0264828866506513,0.0574408796051613,-0.0501958737652271,0.0218857173048873,-0.014980875428584,0.0164898453772628,-0.0001027469135107,0.9997516098705465,-0.0045429386523933,0.0464158801273764,9.428391158222617,-0.0122023314783739,-0.004736977112081,1.2199964378057273,-1.2248652543437824,0.1838970301570544,0.700177735339668,1099.9474965667534,1127.7077715998018,1104.8758146582145,1117.3991859831267,483.87841390449427,-252.24913739484668,120.10041539401745,-305.6449303005135,155.6474692131417
0.4974999999999999,-1.4448871381266433,-1.0916491197612137,-0.0269780880447182,0.0535153675638715,-0.0531384490420444,0.021711323507317,-0.014931824273785,0.0164657226959815,-7.072961540453103e-05,0.9997527168427782,-0.0057573679519021,0.0448370235582672,9.406070256712855,-0.0112265278854605,-0.0037955173020518,1.2189399335521267,-1.2248000323624473,0.1839784093477573,0.7032149631569767,1101.0677333357107,1126.8677230659184,1105.352183729423,1116.7551447425851,429.5659962694568,-475.0497879632799,217.7305640243956,-252.40986659355235,155.65591704725819
0.5,-1.626783137195308,-0.8638200568696675,-0.0653011920931955,0.0481465163640568,-0.0552910568644611,0.0213859024130909,-0.0148736470608627,0.0164304367860771,-3.374445346485854e-05,0.9997541401970041,-0.0066625909276404,0.0431313308126122,9.384343553234052,-0.0102192757198163,-0.0028415463288152,1.2178565582319563,-1.224731853869626,0.1840625468243463,0.7062481431263994,1102.0953265481007,1125.3325226599854,1105.9644674783365,1116.1371366501587,304.0701690453225,-646.0972185601272,173.78314184165694,-224.43655837541607,155.66602301235585
0.5025,-1.6644720406933728,-0.7070320264190612,-0.0714945873671792,0.0433655335608918,-0.0565101509312364,0.0210549639141887,-0.0148050826795503,0.0163830960356689,6.494988167940505e-06,0.9997559133296852,-0.0072632912257505,0.0413454501392608,9.363088588058542,-0.0091791389562057,-0.001875508714866,1.2167507409938765,-1.2246600945338713,0.1841493871740962,0.7092777335785805,1102.5880841809376,1123.6372369731175,1106.2210994386312,1115.632961950708,97.06923849325896,-750.0478213152285,-7.807011707609483,-232.47241651970376,155.67441658289147
0.505,-1.5880394977994747,-0.5906098660822166,-0.0486720369902811,0.0386799662752519,-0.0578708782072014,0.02064621912262,-0.0147264445173502,0.0163218895313756,4.991364108068969e-05,0.9997580626912294,-0.0075463364512083,0.0395045749838721,9.342174195417412,-0.0081030528937276,-0.0009013393249134,1.215625138023801,-1.224584543498936,0.1842393974747692,0.712304069592975,1102.580672740567,1121.5822835534093,1105.9254324197984,1114.9747745675604,-100.1126150842082,-867.7905864701634,-236.4262051123658,-313.37913354968777,155.68277808294334
0.5075,-1.4303418888509247,-0.5064481540155121,-0.0027462079452443,0.0344472955996045,-0.0594138719811845,0.0202709471033194,-0.0146460991851301,0.0162508289527907,9.966787231281917e-05,0.9997603966534307,-0.0076053173761808,0.0374903139277733,9.321466079051108,-0.007002417772439,5.7913666907098704e-05,1.2144804838606211,-1.2245047737271693,0.1843320289439774,0.7153282906018159,1102.0875211055163,1119.2982840407667,1105.0389684130691,1114.0660662829596,-321.01363127812846,-952.2305407132072,-503.4459893868184,-446.64588114228496,155.69111023942327
0.51,-1.2013632342081109,-0.4600061649392661,0.0654981385288147,0.0309804486979273,-0.0608386166167384,0.0200608545735635,-0.0145670862020044,0.0161774565500806,0.0001588182748482,0.999762743417093,-0.0075969115842208,0.0352911892363701,9.300831565505396,-0.0058972855547998,0.0009928640370779,1.2133157965114705,-1.224420762938302,0.1844269900280081,0.718351460751079,1100.9756045841764,1116.8211308498433,1103.4082024728643,1112.7415451618488,-625.0626783449339,-1116.3670367683392,-866.1217001296974,-691.2554702185537,155.6994029782826
0.5124999999999998,-0.8872760194609499,-0.4512957933971905,0.160154729686036,0.0280509177546166,-0.0616731762382674,0.0201159638050098,-0.0144882761386388,0.0161067722139807,0.0002285165507752,0.9997650358772276,-0.0076274457605074,0.0329791294749531,9.280144235372575,-0.0048013794262173,0.0019050735091579,1.212128635716557,-1.2243337757821684,0.1845240123689327,0.7213727845925224,1098.962207713792,1113.7164488569251,1100.7083599124207,1110.609788931867,-836.7774428488693,-1149.9320765184157,-1078.303585135426,-865.7105949988355,155.70930253899766
0.515,-0.6261083775944679,-0.4848995424221246,0.2364735922445836,0.0268319031520812,-0.0616864689989956,0.0204915543650461,-0.0144094469911792,0.016039745043364,0.0003024762367934,0.9997672598573139,-0.007727024520366,0.0306149209013349,9.259288639514471,-0.0037185618314358,0.0027949566944334,1.2109152949801911,-1.2242446805436913,0.1846227255554013,0.7243905390493772,1096.791717369932,1111.0714704672512,1098.0166845471872,1108.4129921868548,-947.8692746845346,-1059.9840417952228,-1112.9279980393212,-941.4805191138375,155.71750386722533
0.5174999999999998,-0.3993325405337171,-0.5503585056213292,0.2917422432132008,0.0265699941355913,-0.0620324014512064,0.0212754945402188,-0.0143339884362608,0.0159710069568311,0.0003753575197723,0.9997694502106004,-0.0078054234354491,0.0281932485753144,9.238164364259967,-0.002636949823945,0.0036550503537256,1.2096708772891935,-1.2241537832891058,0.1847221352638441,0.7274051519702852,1094.2228613403693,1108.4165286479492,1095.1437199222244,1105.9023863362977,-1198.3555312799567,-1159.8563711243503,-1237.0289730682532,-1134.9917567479667,155.7256481007476
0.52,-0.1893276176138069,-0.6325023999650217,0.3130196208091846,0.0268942838855769,-0.063840334421132,0.0226626648011168,-0.0142656976411425,0.0158964362964445,0.0004424460555546,0.9997716176807172,-0.0077935040905545,0.0257008240539886,9.216690409815026,-0.001547357275289,0.004477725293187,1.2083892028404513,-1.2240615373375008,0.1848214929132102,0.7304174621455458,1090.7999397135322,1105.2721886116294,1091.831539681846,1102.7380334031147,-1299.024906517751,-1136.9560064137647,-1146.123516219449,-1152.4294191001889,155.7353472274092
0.5224999999999999,-0.0687460353716031,-0.6740576711309061,0.2821688822812595,0.0273536228700793,-0.0662142807309414,0.0240131439084002,-0.0142065137739352,0.0158123551886378,0.0004975501814801,0.9997737946271678,-0.007629007586683,0.0231573101028808,9.19480811716091,-0.0004415219585982,0.0052605476731203,1.207062879978392,-1.2239680287983608,0.1849210179314692,0.733428608383018,1087.7277368077805,1102.7317486158804,1089.4131023411271,1100.1402392407967,-1263.3353194790277,-985.7461829214561,-855.3900831570437,-997.1242147479632,155.74336326586163
0.525,0.0070323301374736,-0.6598657798070746,0.1967058557814921,0.027563447631221,-0.0687388407623283,0.0252050498973339,-0.0141607630133568,0.0157170204914254,0.0005379259946126,0.9997759468860518,-0.0072830698575874,0.0205337820063896,9.172483242753076,0.0006843826791213,0.0059956142681309,1.2056835869182607,-1.22387289942883,0.1850208575491139,0.7364396412031802,1084.483263116137,1100.343457697022,1087.5545892660607,1097.7524123293751,-1317.1039947585075,-918.3272754407418,-634.5641196662193,-904.2243685263649,155.75130547692646
0.5274999999999999,0.0614400359783041,-0.589582158591045,0.0707942594800891,0.0274493522289698,-0.071096602780831,0.0260496709156647,-0.0141281481892706,0.0156114371993323,0.0005627574188741,0.9997780610655472,-0.0067754509895418,0.0178810357611524,9.149707181001187,0.0018276565623444,0.006686293745752,1.2042424327125427,-1.223776118889851,0.1851211649254772,0.7394508585597847,1081.142216833988,1098.1401122386767,1086.240281742796,1095.6191173981647,-1342.1981563510587,-824.1659709634852,-395.84448678306177,-787.7813986829998,155.75918377342265
0.53,0.109742388981422,-0.4534742535885948,-0.0893681394154532,0.0270977860821713,-0.0730642092620538,0.0262596813400797,-0.0141054984884654,0.0154975563498236,0.0005748465993033,0.9997801481785814,-0.0061411178829466,0.0152951432136197,9.12649666652572,0.0029834519857557,0.0073426852826465,1.2027305095031573,-1.2236768063467252,0.1852226302201906,0.7424620978771715,1077.7722723343816,1096.2226278422047,1085.5753668321452,1093.81350533596,-1456.4490416467363,-767.1504867461401,-168.74971663323763,-732.2726295757996,155.76698272778972
0.5324999999999999,0.1779599900353606,-0.2317918694266053,-0.29532014550318,0.0267564771846655,-0.074590175974924,0.0257029019561718,-0.0140880629101287,0.0153767660623596,0.0005791238951066,0.9997822500792304,-0.0054033747013142,0.0128932240725021,9.102892268865341,0.0041483483211127,0.0079783874270555,1.2011394772744952,-1.2235740766085987,0.1853256954391908,0.7454728156451738,1073.8599716257543,1094.304359804946,1085.3965331596298,1091.957754250286,-1382.8583381644407,-637.231232126714,4.646067563862739,-647.131868612359,155.7762480295297
0.535,0.2473857418869334,-0.0197994584013409,-0.4578474254556537,0.0268144861589922,-0.0750016331253216,0.024661030328164,-0.0140730699582548,0.015249314643223,0.0005801928507511,0.999784399088846,-0.0045645135567952,0.0107490175548544,9.078955646199674,0.0053217189747051,0.0086019891128259,1.199462176273359,-1.2234677324836238,0.1854299343056879,0.7484828390223821,1070.8579806435596,1093.0364716815711,1085.5985971699647,1090.5778459928983,-1110.6812349140444,-442.1330723160732,105.70556888342242,-539.2555160941351,155.7838908388401
0.5374999999999999,0.3254075746139366,0.190489289620415,-0.5878496735403685,0.0272719702588234,-0.0748243718856495,0.0231778694161909,-0.0140556582751551,0.0151161814620191,0.0005792783951432,0.9997866477303824,-0.0036409037196383,0.0089680656177361,9.054766297196291,0.006501265662645,0.0092269787651799,1.1976931230881311,-1.2233587340277403,0.1855352564999822,0.7514914679530987,1068.306565451184,1092.0936944433656,1085.9250610040467,1089.2614766698152,-983.3634047564819,-350.6175483136755,117.74267014002352,-577.8265860244568,155.7914528223797
0.54,0.4163544622357154,0.4045654654459336,-0.6834846374699722,0.0281001566027123,-0.0739050557909482,0.0209312489903132,-0.0140314281362591,0.0149781059900865,0.0005785874489686,0.9997890459303588,-0.0026447550071952,0.0076395721576163,9.03041691842452,0.0076856980818863,0.0098653684506365,1.1958290256340327,-1.2232485227247845,0.1856419121058295,0.7544963702427053,1065.9411636197772,1091.2833839400028,1086.1873105206648,1087.688713062776,-735.7789970841615,-254.42151904758225,43.16780850913343,-574.4124369321976,155.8004348820536
0.5424999999999999,0.4774936688735668,0.5244573431380513,-0.7002053530372572,0.0290860457820281,-0.0722210651037238,0.0187339673545914,-0.0140002432052238,0.0148348742543762,0.0005784541879345,0.999791600069398,-0.0015722897933999,0.0067693415533019,9.006008100025971,0.0088762600255507,0.0105187353782147,1.1938691247692503,-1.2231379217324263,0.1857500861168409,0.7574945513821556,1064.6276704657632,1090.8215868481277,1086.1409000465926,1086.3894144851542,-387.4532537211959,-154.7716858177408,-94.9312420718342,-507.14761914578,155.80784389474343
0.545,0.5062266115922645,0.557145038223469,-0.6438921885219621,0.0304709578091933,-0.0697343178176307,0.0164317897814618,-0.0139633198470283,0.0146876990618589,0.0005776436292214,0.9997942789525852,-0.0004468558488676,0.0063333520673681,8.981643458618358,0.0100708903948576,0.0111852642133726,1.191815123425056,-1.2230267854605588,0.1858602685408715,0.7604843183877807,1064.0038973511712,1090.509525510914,1085.7126543103057,1085.1529749670472,-148.73248802409748,-111.32946459783842,-237.60017951353785,-475.0826523812971,155.8151750499081
0.5474999999999999,0.4957933993166807,0.5085260643698271,-0.5289651243537213,0.0321838719032014,-0.0669987510415479,0.0143632871321868,-0.0139227378900413,0.0145435163116849,0.0005765111466332,0.999796954629706,0.000604949309776,0.0062861354150091,8.957425012619515,0.0112540019657449,0.0118608595593151,1.1896709132723124,-1.222914446984644,0.1859726486598368,0.7634643727718894,1063.8840080256427,1090.2649395251383,1084.9528991490247,1084.0140012232475,40.44036692025653,-96.9209494202004,-374.0006721111509,-425.3200293155256,155.82244241114412
0.55,0.4288199893113527,0.371204687540701,-0.3559186524678371,0.034201297504238,-0.0645536602673345,0.0129282585410278,-0.0138829334591671,0.0144122578385922,0.000577537551217,0.999799421544734,0.0014034671737969,0.0065345727068202,8.933448150655847,0.0124029844692479,0.012535697690906,1.1874420406455328,-1.2228000258174008,0.1860863688394592,0.7664348867321397,1064.2060991857725,1090.024920763813,1083.84265094975,1083.0263748204695,186.92565004585032,-129.21180155003628,-545.0496369756816,-399.8807160991415,155.82963371435895
0.5524999999999999,0.2856589240139943,0.1439194721183689,-0.1071897381029183,0.0364825051334505,-0.063000286622526,0.0119711489083393,-0.0138453388180387,0.0142998592363982,0.0005809574553169,0.9998015751465344,0.0018406479611828,0.0070359987739546,8.909797109739621,0.0135045882627805,0.0132073124590537,1.1851348052102584,-1.2226833849433547,0.1862009224450822,0.7693972478407626,1064.818636275872,1089.6188805173883,1082.2276509641465,1082.014597642752,217.40188110293252,-190.90023469584577,-616.8118827728443,-348.7483649342718,155.8381763527563
0.555,0.1299581748283959,-0.0535036614379457,0.1107438431514226,0.0376717048759371,-0.0632740173321939,0.0120334148423927,-0.0138097523139011,0.0142047340265513,0.0005886006415826,0.9998034406054715,0.0019427070280149,0.0077722032486053,8.886541114003851,0.0145634312344555,0.0138770560435917,1.1827556468849656,-1.2225648639074316,0.1863158847137011,0.772353144696374,1065.2931085912871,1089.0704195903338,1080.7585915358857,1081.282632995798,134.01280280741037,-291.815657487177,-585.5602936013833,-282.38852474296414,155.84522340212942
0.5574999999999999,-0.029823353665918,-0.2046118388811589,0.3102737480193883,0.037972018732076,-0.0649373322102622,0.0129077473622006,-0.0137739453415106,0.0141213234064289,0.0005993503877512,0.999805129768497,0.0018049267739496,0.0087582073541933,8.863732255194764,0.015593193707525,0.0145511792293634,1.1803109074348888,-1.222444866963132,0.1864314131552394,0.7753027698831376,1065.488700289909,1088.1598022299524,1079.2998494961396,1080.6026550190372,-18.678388469834296,-511.8819928476564,-611.4714157009524,-302.04333277274566,155.8521964855933
0.56,-0.1778108815691166,-0.2876983441105096,0.4989232393429832,0.0374652404726432,-0.0676626132785481,0.0146245717499328,-0.0137336865712943,0.0140480351076347,0.0006124032028029,0.9998067254503734,0.0014514546831334,0.0100407980594499,8.841404679033536,0.016597965897809,0.0152404301743737,1.177806949717268,-1.2223240751460571,0.1865484452054036,0.7782450154691303,1065.199716648938,1086.5110096260955,1077.701234457381,1079.7724163319344,-208.3879579403854,-707.6156090561192,-546.211776480231,-314.04445493858447,155.8604790945364
0.5625,-0.2289655285132963,-0.264065070587812,0.5979109992381458,0.0362125324903322,-0.0698336566735947,0.0165506373076887,-0.0136883743015817,0.0139828976821473,0.0006285566602349,0.999808264358868,0.0009135594182688,0.0115988956944094,8.819572991733985,0.0175825158494442,0.0159466313351159,1.1752500964927308,-1.2222023590061868,0.1866671196646133,0.7811790720616482,1064.4467605002071,1084.6217241846718,1076.5687906137384,1079.0324327443443,-408.27020610645343,-860.0011059598265,-404.03441106832327,-307.8636212763737,155.86731047451704
0.565,-0.1705455105182269,-0.1579833597877141,0.6265798167912191,0.0343233076039936,-0.0713422611285566,0.0185813565108762,-0.0136401971135361,0.013919548048921,0.0006450219184294,0.9998098072199888,0.000299710670326,0.0133615679211157,8.79823192826429,0.0185612252007007,0.0166651145252729,1.172646260400391,-1.2220785568877528,0.1867871836119188,0.7841048034726797,1063.1583656184057,1082.2110040962964,1075.6810624020393,1078.2330982255523,-594.1403883142806,-1037.4172244608862,-317.54472307211444,-325.97288908314084,155.87406825041853
0.5675,-0.0087577460508287,-0.0103624659994242,0.5970380726767862,0.0326223842247435,-0.0719317368950603,0.0205082997628083,-0.0135898607791274,0.0138541346228247,0.0006604579724126,0.9998113984385422,-0.0003249789945892,0.0152824764909728,8.777358080874853,0.0195420964265167,0.0173945011394201,1.170000778389133,-1.2219519305627806,0.1869086432669499,0.7870224830614088,1061.4760585586355,1079.4346380623674,1074.9810669983779,1077.4025682989284,-747.4399554576842,-1170.9170318144504,-247.78711288436148,-331.6644405564145,155.88076468232248
0.57,0.2709160690813409,0.144502767328872,0.5052180879083777,0.0318833971779567,-0.0710569618408554,0.022257112129025,-0.0135374671296187,0.0137877235657513,0.0006773468246327,0.9998130188792518,-0.0009794287503904,0.0173239876547531,8.756911542516,0.0205214498097625,0.0181344420088669,1.167318312423933,-1.2218222217797314,0.1870312132374035,0.7899321588701553,1059.4211658411173,1076.356418937224,1074.4421268376175,1076.5747760227705,-957.6783710601823,-1377.8527706563625,-223.42949815333648,-353.1214494206321,155.88738647995564
0.5725,0.7095914717357317,0.2881080423396232,0.3419295505638724,0.03262640526692,-0.0688564493453534,0.0239827400321669,-0.0134808640832214,0.0137228737486945,0.0006967239848657,0.9998146600338856,-0.0017064549292608,0.0194882936663114,8.736837645151962,0.0214918626007632,0.0188897972359807,1.1646024769206724,-1.2216891319727334,0.1871551814099385,0.7928338492328365,1056.6876667033348,1072.5453742090856,1073.8639195076112,1075.6369610518254,-1020.2247034349502,-1379.2153596444666,-217.6591965494024,-329.4870240754332,155.89524509445744
0.575,1.1253162004661652,0.3502083609899113,0.1814602519011455,0.0347384169411564,-0.0669442171728727,0.024769514811243,-0.013418097663517,0.0136601592620311,0.0007172941472404,0.9998163397460502,-0.0025120231143038,0.0217750279325833,8.717069023141649,0.022450422743046,0.0196649523936299,1.1618556093989876,-1.2215529257604218,0.1872810123335952,0.7957288384908076,1054.3200423239423,1069.4603421390016,1073.3538308548705,1074.927340902393,-931.7583459673633,-1170.5025262156585,-224.4017881255784,-266.7792943430866,155.90171975506863
0.5775,1.545792389501299,0.3469720132445886,0.0239856970182581,0.0383630652011972,-0.0656416805286414,0.024529155844715,-0.0133462093321183,0.0135984694557803,0.0007388652286195,0.9998181121766256,-0.003370310527612,0.0242015631274325,8.697528536586372,0.0233984235600222,0.0204663937626186,1.1590786631031076,-1.2214140203865045,0.187408474033352,0.7986182109053616,1052.028874973498,1066.6928615780073,1072.7419105669833,1074.30306458011,-878.4027271826022,-1024.385765977535,-265.96401520164926,-235.95678706865831,155.90811562316568
0.5799999999999998,1.9367994499485972,0.2961746743029827,-0.1115684469037946,0.043152099962653,-0.0647780516848045,0.023600909562043,-0.0132629882184321,0.013537394359446,0.0007624453399826,0.999820011860894,-0.0042657706831264,0.0267728916715958,8.678132477113044,0.0243359678101209,0.0212986498222675,1.1562714826646083,-1.2212732565727644,0.187536975490841,0.8015018445123534,1049.9280286880296,1064.3384133091142,1072.0240107788622,1073.74755696705,-767.4881263630589,-813.4484366235475,-310.77119049100446,-206.5281186567516,155.9144448323293
0.5825,2.259823416582796,0.200445772902193,-0.2071809547224244,0.0487574121123796,-0.0641752864447928,0.0224214557731678,-0.0131677666591761,0.0134784104961593,0.0007893154803293,0.9998220272204704,-0.0052142286653798,0.0294687675560958,8.658793705960038,0.0252592520865814,0.0221625256111506,1.1534331098622557,-1.2211312994336416,0.1876662951231214,0.8043798973700613,1048.1914343416827,1062.6256193948896,1071.1880546145283,1073.2704239868262,-656.2757274199153,-580.4358477540057,-387.96326787141845,-192.75605954062468,155.92069238594635
0.5849999999999999,2.538748398528216,0.0504476551284558,-0.2743386551935806,0.0560195424407125,-0.0636357925209176,0.0212305474624045,-0.0130631793261973,0.0134189470047879,0.0008212117422585,0.9998241568197908,-0.0061605770149788,0.0322138900120592,8.639424017242547,0.0261742432739514,0.0230510025483068,1.1505618108858933,-1.2209882877744123,0.1877964921539644,0.8072526747883328,1046.64665005093,1061.436234070344,1070.0841944395052,1072.7837766693467,-470.82847149017607,-283.6397181070877,-416.2116825205426,-166.2343544990561,155.92809383643007
0.5875,2.6643763908719915,-0.0903921407292351,-0.29816099574936,0.0625879933254228,-0.0637333869373838,0.020535577398569,-0.0129527023309569,0.0133570832151619,0.0008568017792803,0.9998263815031884,-0.0070619411956075,0.0349224806000563,8.619937378197985,0.0270854231789639,0.0239551938421758,1.1476554590310923,-1.2208438978637584,0.1879283385916483,0.8101192313278781,1045.8372919842316,1061.207420804354,1069.1069962019255,1072.4392522143307,-232.66303351879267,63.084144744061575,-399.3642382916274,-133.14315933857858,155.9341814379986
0.5899999999999999,2.6649875426084977,-0.2310037511884713,-0.3010625959696792,0.069507126793144,-0.0646138945726158,0.0200955650127157,-0.0128344569231076,0.0132955296289632,0.0008954412622201,0.9998286876568429,-0.0079557667228448,0.0376041003286863,8.600252660878718,0.0279869101986082,0.0248782310255061,1.1447116771643395,-1.2206974060322935,0.188062568397318,0.812978436964311,1045.483334883336,1061.7516547940645,1068.087373248047,1072.118060872654,-76.29057188860307,395.16942770892416,-460.7604776194417,-155.16700866346568,155.94018532058652
0.5925,2.513950920674688,-0.3860993713694003,-0.2918581437674812,0.0777474117520219,-0.0660761992615551,0.019696143753413,-0.0127082768959218,0.0132344314718769,0.000936425671126,0.9998310741201792,-0.0088362854212864,0.0402416869282215,8.580294996332698,0.0288789420757609,0.0258191053613596,1.141727869054097,-1.2205491089032334,0.1881992566069128,0.8158294242722475,1045.4558391247888,1063.1832679428987,1066.8031938138283,1071.6634171710136,29.889610051486645,624.7791529344789,-487.96866037514474,-197.88842788470885,155.94729309302375
0.5949999999999999,2.264541844938573,-0.5010686065964258,-0.2772166908378585,0.0841255902255681,-0.0674829848724731,0.0193391567843201,-0.0125787531442551,0.0131698093757904,0.0009787626210487,0.9998335333506452,-0.0096289674565021,0.0427398795019615,8.559997539866005,0.0297713519003618,0.0267659442144658,1.1387012463562511,-1.220399048310288,0.1883381591687506,0.8186722474581288,1045.6327829335935,1064.875550558737,1065.6475299461713,1071.1286187332305,76.86430376497803,730.1551410843778,-494.8783999398525,-271.84886646132304,155.95313564089597
0.5975,1.9010006499290948,-0.6048174869653302,-0.2535364752820782,0.0896383239379884,-0.0689119040089347,0.0188409070189911,-0.0124484314191653,0.0131018614882113,0.0010202879191812,0.9998360292892654,-0.0103336603029282,0.0450424681062665,8.539303649170426,0.0306645566830645,0.0277118309868293,1.1356288769076515,-1.2202474139324964,0.1884792718133465,0.8215066973273243,1045.8401606436137,1066.8340436483206,1064.328801814129,1070.304172838707,61.326364492106165,781.1917046399678,-569.2491845954913,-394.46075575247016,155.95889493130835
0.5999999999999999,1.460713677031776,-0.7050445176966219,-0.2178647413033623,0.0942480840980375,-0.0702194367967095,0.0182073139067106,-0.0123198247467723,0.0130322253282275,0.00105958017753,0.9998385079910628,-0.0109769542931806,0.0470969147321699,8.518167758418894,0.0315560277786433,0.0286501378981991,1.1325075553029367,-1.22009501764069,0.1886222383601208,0.8243334132497105,1045.939414756054,1068.7815090819367,1062.8012840231938,1069.156314954468,-15.118647645613223,715.6938540021195,-679.4273750427232,-549.0517332438226,155.9645856288499
0.6025,0.9577218406668532,-0.8066670589066649,-0.1616945894940806,0.0973613464844931,-0.071349845387585,0.01753589904676,-0.0121969370378132,0.0129590304357024,0.0010950276969403,0.9998409439741252,-0.0115281261245317,0.0488284365527841,8.496555788510408,0.0324513492447838,0.0295712525858814,1.1293335457064733,-1.2199425333134326,0.1887668113580769,0.8271530047250758,1045.7645674053856,1070.4125129183312,1060.9316649389154,1067.558914172488,-167.48310324628605,571.1111876697028,-917.3803058873992,-806.2191455444456,155.9701943155694
0.6049999999999999,0.3275458774497991,-0.9275530241092323,-0.0657905253515466,0.0991387139506855,-0.0728422712195299,0.0169239234354934,-0.0120813811074884,0.0128776338918598,0.0011250846719714,0.9998433779655708,-0.011912086726643,0.05020575290746,8.474445508714146,0.033362306981955,0.0304713874846881,1.1261024437278668,-1.2197900014860135,0.1889124579439825,0.8299665180987259,1045.1019992398224,1071.6370650202853,1058.2143824937568,1065.125219226746,-327.6823748748481,283.8657512948428,-1075.593826373096,-965.5094333635581,155.97683100950545
0.6075,-0.1848978552463944,-1.0143698364820348,0.0381807030125236,0.0990948404705193,-0.0747419151714485,0.016556641159408,-0.0119752653921258,0.0127854023493582,0.0011484814388318,0.9998458192626816,-0.0120905032615888,0.0511914825551863,8.451826917795014,0.0342958335647981,0.031345987588645,1.122809840398871,-1.219637356198034,0.1890584730969828,0.8327740913724963,1044.1261555310111,1071.8318416748054,1055.55369580705,1062.73136700567,-474.0570384624785,-126.18869264756528,-1129.203239093248,-1006.9728036221921,155.98228437324903
0.6099999999999999,-0.6454948127398177,-1.0604540291850828,0.1628153563363335,0.0977095354133147,-0.0776962608257919,0.0164310990890331,-0.01188032542936,0.0126833341910791,0.0011663758669322,0.9998482323303024,-0.0120876304106134,0.0517560454048326,8.428701803925149,0.0352504032876048,0.0321913699894703,1.1194517029729392,-1.2194839908251836,0.1892045559430038,0.8355751776037128,1042.73171404751,1071.0061215570474,1052.5683662982904,1060.0903552086347,-685.9451852918477,-609.3680764422055,-1346.8778661529984,-1184.0062428788303,155.98765875484833
0.6125,-1.0999474108423795,-1.0386977134319575,0.3237765039838244,0.094665587693318,-0.0820472169707655,0.0168039917650801,-0.0117965595221782,0.0125727002929315,0.0011800805469198,0.999850599389548,-0.011932790085077,0.0519009822381012,8.40508242968574,0.0362232818847981,0.0330077820103251,1.1160243802675625,-1.219328816363098,0.1893507784878959,0.8383694593659659,1040.696429604552,1068.7850012925944,1048.8193064762847,1056.811335791276,-778.6221545326035,-1007.4334295425152,-1362.4027593149535,-1198.15610093592,155.99401814484563
0.6149999999999999,-1.3742379276020855,-0.9457374387622012,0.4536804182650466,0.0911625716813657,-0.0855033830251842,0.0176467633292408,-0.0117241005174898,0.0124539710154047,0.0011910502392647,0.9998529116152448,-0.0116415616413552,0.0516270753669702,8.380990106032577,0.0372128608036828,0.033794976566432,1.1125249159926442,-1.219171005624128,0.1894972070125488,0.8411565876361777,1038.8386032748472,1065.9689544093349,1045.7563525017158,1054.099574703955,-737.9954606361474,-1291.2115209474891,-1162.882702513433,-1062.3767540446343,155.99924383962698
0.6175,-1.5216726326405279,-0.7809635258333774,0.5598676859095528,0.0869258997042992,-0.0880529021314297,0.0190550786278933,-0.0116588746240978,0.0123294744686319,0.0012028013168023,0.9998551837803752,-0.0112590921564108,0.0510064176628367,8.356453547672107,0.0382130192781856,0.0345614586532811,1.1089511914657255,-1.219010187684824,0.1896444721471195,0.8439356729242923,1037.0064523013712,1062.3289436878567,1043.0048929637176,1051.4994520210528,-701.5868768642116,-1553.3118462714797,-1017.7877220234212,-1015.928460638178,156.00439430052816
0.6199999999999999,-1.5581770346880583,-0.5713105820700816,0.6324359656475581,0.0822438580543617,-0.0897535816611129,0.0207934575960256,-0.011594519536093,0.0122041449828496,0.0012183042775695,0.9998574262881352,-0.0108721127023924,0.0501502298920194,8.331507115787382,0.0392114779327274,0.0353202318525862,1.1053022815906992,-1.2188459385575836,0.1897937640441202,0.8467051985618302,1035.330668890526,1058.2023951779775,1040.6674138915987,1049.0199324007644,-609.3500295553889,-1710.4270988201715,-812.2063914297988,-963.8171030397633,156.00948363709668
0.6225,-1.4672641978537804,-0.3295517604994167,0.6513879552549457,0.0775191341826449,-0.0905781711515377,0.0227991809798162,-0.0115234594981082,0.0120812833283676,0.0012390791128217,0.9998596866265343,-0.0105376008446311,0.0491906034291617,8.306188576700217,0.0401993901875874,0.0360864605893441,1.101578230619442,-1.2186784633776655,0.1899467613913046,0.8494637887340301,1033.9597021535944,1053.776808193756,1038.9438610065688,1046.680366505854,-520.5553698328908,-1937.7933987714623,-610.3508039985168,-1002.7667460552028,156.01450146567868
0.625,-1.2396485993418058,-0.0285171806102582,0.6031072998198865,0.0727303023731039,-0.0907963464372357,0.0252511954964524,-0.0114412435763164,0.0119594611409564,0.00126525985865,0.9998620358081696,-0.0102317575930741,0.0482081620332067,8.280537118657564,0.0411783276677155,0.0368681333864009,1.097779950994812,-1.2185084449883727,0.1901043846572523,0.8522111857252148,1032.7278920413617,1048.51342818412,1037.615659871606,1044.0060986704884,-388.1363962878364,-1867.7376750701555,-376.0700348030692,-961.7742335746234,156.02044397689247
0.6275,-0.985221207434696,0.2158233615425026,0.5041817600726977,0.0699877655463687,-0.0904515446605513,0.0271344436437621,-0.0113517936850703,0.0118345047082439,0.0012973507229741,0.9998644787045604,-0.0098837453459691,0.0471455236517014,8.254592016228813,0.0421561218598658,0.0376549338765172,1.0939095335807214,-1.2183362521305043,0.190265750846326,0.854947880605509,1032.0190201721553,1044.4381198184053,1037.0635108325534,1041.8714953379808,-240.000953749586,-1512.7586103024883,-136.31290490493473,-835.2480339498462,156.02533375876973
0.63,-0.7105489846872461,0.4381952107255545,0.353982066101563,0.0687187925563543,-0.0895979175340776,0.0286025146069359,-0.0112580614629663,0.0117080681432735,0.0013317016687142,0.9998669648563852,-0.0095185111204545,0.0459643094006438,8.22839187543199,0.0431277893867966,0.0384398588494231,1.089970090249589,-1.2181623680880531,0.1904289353882096,0.8576731031344237,1031.5278872726135,1040.9496351326077,1036.9340953470814,1039.8298585007392,-186.78584003419,-1273.0450414446284,-11.77267388175095,-800.2329950457344,156.03016371239812
0.6325,-0.4502494682179524,0.6323114923310709,0.1748538923257066,0.0683670977996589,-0.0883088405788509,0.0295398231891559,-0.0111603040238868,0.0115829729969439,0.0013637665322549,0.9998694631175624,-0.0091784706488342,0.0446717647277337,8.201973529539094,0.0440862651058221,0.0392228175648821,1.0859650186112728,-1.2179871960576376,0.1905923486586546,0.8603852237009016,1031.0850909719843,1038.072894611182,1037.0046474631447,1037.870330362752,-204.54087900102405,-995.706592827627,37.680635257356656,-763.2847437221693,156.0349482276749
0.635,-0.2311073426990575,0.7807664756339928,-0.017120321750942,0.0685315106791909,-0.086533954920329,0.0297586586481713,-0.0110612697714385,0.0114622433302374,0.0013914602052708,0.9998719107105358,-0.0089073975755064,0.0432339330500374,8.175371936877758,0.0450248702876392,0.0399989073510984,1.0818979432728653,-1.2178112088202913,0.1907543333025909,0.8630836752902805,1030.5051828776086,1035.9711021684695,1037.1224985233682,1036.0134347821283,-338.71194254174924,-765.9308193994542,16.819988797169557,-795.4623086536222,156.03968365201592
0.6375,-0.0265272982330648,0.892016073554926,-0.2309695872716764,0.0687890624192739,-0.0839327672654033,0.0291793993330775,-0.0109606338483335,0.011347008839598,0.0014125247098057,0.9998743023597082,-0.0087171876197846,0.0416674546235878,8.148620315842816,0.0459415507394025,0.0407705283595953,1.0777715835326347,-1.2176347387409168,0.1909142343981299,0.8657688958888785,1029.3915312592756,1034.243240514185,1037.0887474071303,1033.893018819484,-510.7197919843652,-533.5508270135501,-69.12858570517523,-762.9689935588423,156.0453174629706
0.64,0.0979651608518806,0.9201176230094956,-0.3734805289901488,0.0689601596154657,-0.0813774625804141,0.0280288118255945,-0.0108556720879186,0.0112310521064186,0.0014275967217805,0.9998767376353664,-0.0084997580190875,0.0400268467679481,8.121750649648817,0.0468507142949493,0.0415450204643645,1.073586762731945,-1.2174580562075783,0.1910726892000552,0.8684425456454056,1027.9515839176868,1033.3033480334016,1036.7768555948423,1032.198589814334,-706.5386562696553,-321.4026380967039,-208.0325974820015,-666.6865211827059,156.0499774801122
0.6424999999999998,0.1831002059175019,0.8749501289452568,-0.4581281966505,0.0693343492501977,-0.0788624492967058,0.0263432172422081,-0.0107461442994553,0.0111146047097318,0.0014404673102248,0.999879209636748,-0.0082529674648604,0.0383253207712673,8.094796278985037,0.0477532846423452,0.0423236598249168,1.069343730931467,-1.2172817542064085,0.1912304167837834,0.8711061566003602,1025.8588379779271,1032.6362273237014,1036.0485844197203,1030.5595862135704,-1071.700793928675,-285.02624501802507,-434.4011036131629,-710.6064206298463,156.05460698801363
0.645,0.250726245947749,0.7366186260190499,-0.4806554797129036,0.0697517618432738,-0.0763390513989651,0.0240953624140587,-0.0106349764495975,0.0110003603853178,0.0014531504232141,0.9998816523955296,-0.0080158169281396,0.0365262706292937,8.067793033226115,0.048644717780543,0.043100535632743,1.0650418383611753,-1.2171051955299177,0.1913886988361546,0.8737604102175893,1022.5930799480432,1031.8782168083117,1034.6048500767763,1028.645557711185,-1302.1297109628435,-299.83315698259474,-630.2576636860971,-693.1992364518914,156.06013174552365
0.6474999999999999,0.2851242033881727,0.5551891983308033,-0.4347912126472805,0.0700096115260219,-0.0744913295233518,0.0223518814204411,-0.0105203211125235,0.0108894921921496,0.0014668090454588,0.999884069926442,-0.0078034675108902,0.0346722170092859,8.040780298116758,0.0495234694762142,0.0438792319598687,1.0606786131274024,-1.216927354138316,0.1915491915295964,0.8764058595554723,1019.3481894231132,1031.1370615387884,1032.89729610129,1027.0935900313111,-1361.228069633147,-335.7659764192701,-785.3895409946283,-611.4047859070064,156.06471224080343
0.65,0.29996557817435,0.3133711974682738,-0.334958839027252,0.0703455933305804,-0.0728665038819727,0.0210779967436653,-0.0104042531251884,0.0107803207058405,0.0014843464121421,0.9998864548810882,-0.0075860943801374,0.0327442894747272,8.013802150173676,0.050393894420618,0.0446539702619342,1.0562506144979116,-1.2167470869396684,0.1917127009268912,0.8790430012559036,1015.7869395998777,1030.1993869262153,1030.6779023718032,1025.5885337816499,-1435.0090825267428,-407.8139212139828,-962.5287017374367,-593.959974395147,156.06926929185687
0.6524999999999999,0.296142683562183,0.0329852940404493,-0.2066960114116549,0.0708818701342138,-0.0716678237292687,0.0203104028493161,-0.0102933125995069,0.0106692449364466,0.0015081145132621,0.9998887757366144,-0.0073048864812428,0.0306560531865159,7.986908117988572,0.0512639747514564,0.0454091183191614,1.0517539567842913,-1.2165638123594031,0.1918790305959011,0.8816722052792277,1012.1731440104794,1029.0979919327183,1028.0846525926029,1024.1237901593352,-1408.581998026692,-472.0991815015164,-1104.4279070370055,-576.1174663465221,156.0738064062626
0.655,0.2626462891266094,-0.2696726760024687,-0.067401335323367,0.0717750921669061,-0.0714560258644382,0.0201529799181288,-0.0101896501988517,0.0105565718643392,0.0015358795028071,0.9998910105085944,-0.0069656249601867,0.0283974868998845,7.960153891685015,0.0521327818401221,0.0461387103121419,1.0471845776108737,-1.2163782327329256,0.1920474435537177,0.8842933310044656,1008.744029609744,1027.8388910187075,1025.1557628366184,1022.7079464499172,-1415.3152452978006,-580.2558089227199,-1325.796065244616,-611.5981215004689,156.07831743124106
0.6574999999999999,0.1798640980736165,-0.6150327301984664,0.0834628107174584,0.0732455391587546,-0.072769492754127,0.0206054941189947,-0.0100914392124914,0.0104467156891331,0.0015673016810928,0.9998931317209104,-0.0066396211173051,0.0260259968830462,7.933600914189099,0.0529911253690645,0.0468448019283865,1.0425387985731298,-1.2161915573070998,0.1922177210205429,0.8869057760964179,1005.0965677839904,1026.196712888105,1021.4556722663796,1021.065799551833,-1237.2577866883137,-621.1442428376353,-1354.3177589183404,-592.1259616052106,156.08369601274416
0.66,0.0759021060108517,-0.8526285083746548,0.1781187228828218,0.0745710846713734,-0.0752847673319269,0.0214420971219108,-0.0099942771408697,0.0103424802165947,0.0016016144393378,0.9998951567771236,-0.0063725093847146,0.0236438446771693,7.907314730420474,0.0538333909942769,0.0475347934153476,1.0378133165739423,-1.216004911792901,0.1923895158469343,0.8895083354223956,1002.5577406763026,1024.7331698045195,1018.3841740420266,1019.7473166418912,-905.7456866332577,-607.6591888614979,-1187.8923922880165,-515.7037386112502,156.08814497522698
0.6624999999999999,-0.0493486814814126,-1.0029558559090155,0.227284509331608,0.0753254505163009,-0.0790120958360356,0.0225783684759144,-0.0098982415567874,0.0102435608238693,0.0016377211044427,0.9998970910030002,-0.0061611183749779,0.0212860715306982,7.881362876390627,0.0546604301695719,0.0482068149923728,1.03300605506342,-1.2158181628390332,0.1925624323473008,0.892100409154315,1000.567839350824,1023.1584169437974,1015.5162103049396,1018.4872808587768,-766.42382471125,-723.5262599170021,-1178.832116257398,-539.4435481533715,156.0925539902409
0.665,-0.1884888227768043,-1.0658960344544113,0.2309220749393592,0.0747194889031588,-0.0837944089882974,0.0238911632487976,-0.0098033687027757,0.0101467910138162,0.0016742340406175,0.9998989701045476,-0.0059579008541498,0.0189922576668856,7.8558125864355715,0.055478751559742,0.0488592797812131,1.0281160172715051,-1.215630547021398,0.1927365577822714,0.8946816830913149,998.7256215527464,1021.1155385049344,1012.4900134607396,1017.0500989011244,-609.1269389264193,-774.2900742759723,-1022.463768562965,-514.2658132529273,156.09779229458735
0.6674999999999999,-0.2653654856368299,-1.0297501764835764,0.1942531157207961,0.0730650028816444,-0.0871334818471239,0.0246512762334655,-0.0097094783686655,0.0100542980429662,0.0017129260713433,0.9999007711255504,-0.0057988464560802,0.0168078466159134,7.830728862934189,0.056283988894665,0.0494908412114421,1.023144364009228,-1.215441116290612,0.1929124247961422,0.8972506639708666,997.522204656192,1019.2869665724176,1010.4038914621248,1015.915951792512,-446.8232498185212,-747.8513937713379,-733.3565746895366,-441.6081883501416,156.10210920880604
0.67,-0.2775470722299449,-0.9323511603255868,0.13064193493886,0.0712663762666026,-0.0893452124644125,0.0249023030605128,-0.0096177171222252,0.0099677752670914,0.0017563598472012,0.9999024613267178,-0.0057130340005031,0.0147594758038286,7.806171071351427,0.0570725495208682,0.0500976158068493,1.0180940462203223,-1.215249424503094,0.1930901813479392,0.8998056044262416,996.4915053036536,1017.3762815360778,1008.823230587292,1014.8420579593736,-406.54744423784416,-763.1040899146675,-547.6897453717806,-421.30848651652246,156.10637051386803
0.6724999999999999,-0.2323796305486256,-0.8121425119830595,0.0562947305640008,0.0699721140657501,-0.0907011579584341,0.0247992663280775,-0.0095299184078991,0.0098876031873237,0.0018044988498554,0.9999040195363272,-0.0057094094700719,0.012864805663015,7.782190134715042,0.057843085750712,0.050675144186093,1.0129695309525888,-1.2150552882904897,0.193269875531483,0.9023449413816657,995.4894674350029,1015.4714461228442,1007.665442735266,1013.8094093599296,-411.5397740966952,-736.9226951669582,-366.9635654110376,-405.9473412304666,156.11058165284985
0.675,-0.1275304112030857,-0.6914796527840376,-0.020544153733101,0.0693275639808723,-0.0914959117202571,0.0245579583908187,-0.0094467371249623,0.0098098904352982,0.0018552351721136,0.999905481916016,-0.0057310992976161,0.011159884030811,7.758825932063713,0.0586026280744192,0.0512222921402951,1.0077759419680334,-1.214858393596908,0.1934510607788744,0.9048687045277324,994.4338064331703,1013.691668060243,1006.9884127602368,1012.8123212532212,-482.25324344514274,-723.1382386946045,-200.49722405606167,-434.9171615539031,156.1147273872063
0.6774999999999999,0.0468246556258039,-0.5633350561015513,-0.1081557865518305,0.0691014121314985,-0.0924242969930416,0.0244209799518463,-0.0093688900746188,0.0097253693921868,0.0019060407742926,0.9999069368643246,-0.0056393347502135,0.0096775445794515,7.736105274701795,0.0593689790691743,0.0517386270507831,1.0025186273125284,-1.2146588458275576,0.1936328307239907,0.9073782058065796,993.078201217777,1011.8557549293712,1006.6629566149855,1011.63482355216,-503.32152319301673,-604.4871349228282,-51.884839476451766,-432.3086399353083,156.11962031200565
0.68,0.2154716393847806,-0.4705420383583718,-0.1735503782531452,0.0692872528816793,-0.0934541474347694,0.0243111696658767,-0.0092927604586697,0.0096271597059683,0.0019555228628134,0.9999084870359776,-0.0053343990550362,0.0085133149862691,7.714041651156869,0.0601553817126273,0.0522330370765164,0.9972032847530068,-1.2144575049520856,0.1938144717187465,0.9098729201191041,991.9171988172051,1010.6692323856288,1006.7289885628544,1010.6507780535449,-450.48814459744295,-390.30603704270527,76.08768565364691,-398.59743973156554,156.12362514065566
0.6824999999999999,0.3864187105031069,-0.3843260708501113,-0.2243152743186632,0.0698812943873687,-0.0947702395031642,0.0238078969705572,-0.0092137000042128,0.0095131679415577,0.0020027403940222,0.9999101973862782,-0.0047924524614594,0.0077722397801485,7.6926348712914,0.0609659329422012,0.0527169920714045,0.99183633519486,-1.2142556480106874,0.1939957538083284,0.912350519354195,990.8257604947897,1009.9042247441575,1007.0433950432538,1009.641836353502,-407.610535274716,-235.55800005101423,149.02627722931342,-410.1350980914045,156.1275507207924
0.685,0.5413271422336978,-0.2977464706711902,-0.2564829823229033,0.0708977307672666,-0.0961490120882625,0.0228987807893612,-0.0091282845221399,0.0093876709689928,0.0020459508301651,0.9999120612480212,-0.0040892614328902,0.0075329154599294,7.671871489963651,0.0617925493052837,0.0532001029249607,0.9864249642939716,-1.214054250237386,0.1941770239382018,0.9148100173608874,989.8791461408317,1009.4914423853738,1007.474119949001,1008.6001025630876,-327.95723075003,-91.6761182893878,175.9335337898845,-425.38672960415585,156.1314088893697
0.6875,0.6535486858761476,-0.2102256508230226,-0.2611044402661374,0.0725308541499362,-0.0972958323279428,0.0218505865309461,-0.0090351846051789,0.0092562128209427,0.0020842091127232,0.9999140394550888,-0.0033209010575518,0.0078326146163689,7.651725522376891,0.0626253533223434,0.0536881345352668,0.9809760079046648,-1.2138538699615151,0.194358314665854,0.9172518034364996,989.1859743410398,1009.4458441527108,1007.9230627122032,1007.5149027054814,-240.8129428698201,36.800493517625874,168.1196233093486,-485.01861549016166,156.13518518952245
0.69,0.7101263912777397,-0.1144863226725389,-0.2358320130347604,0.0751720867805131,-0.0981896604873977,0.0208222307324796,-0.0089367803721387,0.0091203332634887,0.0021173532551024,0.9999160954296452,-0.0025231776517546,0.0086418998155176,7.632159878486342,0.0634627436373558,0.0541798660221697,0.9754948179261564,-1.2136544795872863,0.1945390846959018,0.9196774302484916,988.6750814264824,1009.675444852962,1008.3147180655478,1006.1750094856368,-143.04209721894935,105.34976135834305,94.51572437703808,-493.9555075102585,156.13962320545437
0.6925,0.6765401721800152,-0.0565675679949266,-0.194688825616851,0.077782951429196,-0.0984443345209169,0.0202475481295832,-0.0088384222704481,0.0089797718175569,0.0021470010623318,0.999918178727674,-0.0017056749433355,0.0098757461592537,7.613129301887534,0.0643067234379412,0.0546684574668645,0.9699849487165674,-1.2134551630143808,0.1947185257326861,0.9220896685589755,988.4707638549448,1009.9725929595024,1008.3956413340884,1005.04512516793,-61.173459121960086,108.20154834893845,-44.886907177647075,-451.1498432122604,156.1432457218772
0.695,0.5532488118943266,-0.041664349012589,-0.141981853049321,0.0805193759154228,-0.0981773764289186,0.0199472638518262,-0.0087403701377603,0.0088389097980057,0.0021741740260644,0.9999202417415062,-0.0009493757245378,0.0115170126761191,7.594584536571833,0.0651498760401627,0.0551572903322453,0.9644479335129348,-1.2132549019700891,0.1948962547251045,0.92449097129159,988.3692141308728,1010.2164525947067,1008.0902835296596,1003.9192602695756,-60.90348568995972,60.44961292843704,-244.97580297936543,-494.802745348306,156.14679360766263
0.6975,0.318381977641009,-0.0935059292829469,-0.0756340126110449,0.0830618774238873,-0.0975079631555177,0.0198286660966701,-0.0086416072006151,0.0087023398612998,0.0021996865364948,0.9999222476922353,-0.0003380398399152,0.0135576577368874,7.576474838455311,0.065984014000032,0.0556520061375289,0.9588833601410144,-1.2130533213510688,0.1950729136681286,0.9268826281801084,988.1662464264951,1010.2748410241446,1007.1707623191916,1002.5711114411883,-116.99171239702072,-39.00700092156054,-435.1498993710716,-497.6689428863433,156.1509713978898
0.7,0.0791876553188226,-0.2016162247045469,-0.02336268723772,0.0839180643684738,-0.0969683442281586,0.0198803377099989,-0.0085410261932505,0.0085732182030054,0.0022255991459323,0.999924172311704,6.76823444873409e-05,0.0159808341678319,7.558750704185272,0.066803484447554,0.0561576653646318,0.95328928228424,-1.2128502082870225,0.1952497460701346,0.929263862612242,987.7842555688877,1010.0214175900988,1005.9145340328042,1001.4309155551438,-223.65585140378224,-183.98220905016825,-596.768582690151,-466.3797625976709,156.15439208917667
0.7025,-0.1586440280433152,-0.3717122421607262,0.0220192433755948,0.0831608425246923,-0.0968579941068722,0.0200481315687012,-0.0084368448138768,0.008451235229808,0.0022532158520981,0.9999260303064532,0.0002613887341801,0.0187711525015072,7.541366230247376,0.0676087072854221,0.0566799725143788,0.9476624253771284,-1.2126455267365583,0.1954273824095502,0.931632901014116,987.0479671694761,1009.3549299788936,1004.1869194057408,1000.2392126282002,-363.47451428872176,-344.39728986552205,-752.9236541148,-489.6474937678354,156.15775611620631
0.7049999999999998,-0.361760757549594,-0.5783881413538072,0.0610805042824248,0.0813085176922295,-0.097478273115124,0.0202933665274914,-0.0083292913886423,0.0083313372166021,0.0022805779170153,0.9999278675612868,0.000310152642623,0.02187605211745,7.524280894456471,0.0684080941512296,0.0572205290999141,0.9419987030108508,-1.2124391913006127,0.1956059141361877,0.9339889925240844,985.966882997444,1008.2994311407712,1002.1499157622304,998.9826780863048,-513.8706097362497,-517.9347629930585,-859.940117233281,-520.1829134344957,156.1610774735998
0.7075,-0.4968455983303196,-0.8012901368290384,0.0942298189567547,0.0789289250082771,-0.0991071999302673,0.0206015286313595,-0.0082209845610313,0.0082037132440014,0.0023050722892684,0.9999297503882488,0.0003549602670052,0.0252014003748858,7.507460999788125,0.069218191106427,0.0577758820131768,0.9362934937262002,-1.2122311868176947,0.1957853119328487,0.9363327312107774,984.4786141207949,1006.7652561639284,999.8872188195744,997.6382980610275,-729.6662266327523,-774.6399942960799,-1004.666314342784,-609.3854744327922,156.16435196632983
0.7099999999999999,-0.5721464491651442,-1.0468534642640528,0.1319802053284537,0.0766457013169848,-0.1021319616910989,0.0209526199723503,-0.0081135114846433,0.0080664244251884,0.0023258241428837,0.9999316813912472,0.0004217888390604,0.0286647368063916,7.490881876730125,0.0700403085577837,0.0583437317698651,0.930543232314088,-1.212021552591417,0.1959656296458211,0.9386647566365404,982.3185518642802,1004.4262311692908,997.1265841905165,995.9357507141409,-830.5184331971524,-924.2172362515012,-990.0254874002019,-634.9818877071351,156.16823227895387
0.7125,-0.5704420699432392,-1.2053663369147083,0.1662676573216086,0.0753913325691639,-0.1054851046940758,0.0211327991477432,-0.0080080615838565,0.0079213138882605,0.0023442066057442,0.9999336300879051,0.0004846404860075,0.0321871870956511,7.474527508646186,0.0708686693206872,0.058921631593029,0.9247452924125088,-1.2118102235205432,0.1961468119948188,0.9409843595835776,980.3260219548093,1002.1441699826707,994.9370913825736,994.463388622492,-801.7499242423347,-957.1001764692473,-824.9732516824672,-593.976651568027,156.17142808782344
0.7149999999999999,-0.5153501344052319,-1.2910994988937396,0.2075827035176364,0.0743287220837254,-0.1093619917478901,0.0212188364661705,-0.0079003235338436,0.0077698257186771,0.0023620962705416,0.9999356132297816,0.0005287792395541,0.0357715548998868,7.458389566213899,0.0716981900760757,0.0595166147679529,0.9188971356582636,-1.2115968032868332,0.1963291812203048,0.9432898983297922,978.3098022430685,999.6407302869446,993.001717932104,992.9658674563007,-849.9648496029059,-1123.513480825044,-774.8872248956097,-656.9476615210073,156.17458765639387
0.7175,-0.3994777732499008,-1.2973917745944554,0.2641974077509469,0.0730779833256755,-0.1138460496194343,0.0213773144988339,-0.0077857184834105,0.0076154194737218,0.0023820651502381,0.999937634294634,0.0005144762486885,0.0394252729979576,7.442466512682504,0.0725201718631118,0.0601353509426785,0.9129974411634608,-1.211380836983008,0.1965136895340267,0.9455801399399404,976.0761977067946,996.5266025785456,991.0626552580953,991.178650314887,-759.7524378395512,-1140.9590084352194,-644.2505787048498,-647.332191070995,156.17833977764013
0.7199999999999999,-0.2679875990001772,-1.2236994909115186,0.3106836921626123,0.0720832314604447,-0.1170345522195631,0.0217795944006281,-0.0076654181859302,0.0074610853122797,0.002408274755183,0.9999396516941897,0.0004137069524833,0.0430722519177309,7.426762076090879,0.0733272058877898,0.0607731950607546,0.907046486516108,-1.2111619702373695,0.196700335326251,0.9478542070211988,974.5110400538707,993.9359352447683,989.7804650385797,989.7292065009456,-538.2486673280249,-1014.998602970876,-450.6659120283071,-563.3183474639504,156.1814351716849
0.7225,-0.1088924350018964,-1.076425550659542,0.3425271067317305,0.0713178808809949,-0.1195328389130561,0.0226892326282325,-0.0075452816178121,0.0073024592868082,0.0024426587100453,0.9999416466559454,0.0003108845614458,0.0465714738438396,7.411283159640168,0.074125289156517,0.0614172143974803,0.901044889863344,-1.210940538588819,0.1968882272000011,0.9501120427136264,973.3849543701544,991.4516095636912,988.8093256979539,988.3620585775672,-366.3106451295786,-962.201897267004,-347.6197473590216,-527.684046989702,156.18449963479523
0.7249999999999999,0.0635614276602325,-0.8739819967353836,0.3504979731046862,0.0709420720605009,-0.1216495071349895,0.0240067955455786,-0.0074289436553129,0.0071379329125688,0.0024822740159951,0.9999436090164656,0.0002509015021182,0.0498218849016423,7.396039246077836,0.074915206584801,0.0620594454933869,0.8949940404569534,-1.2107173591752602,0.1970770329017601,0.952354076479206,972.6794868282227,989.1249257584336,988.0423663017847,987.0907862659972,-181.0874546701141,-877.0966728486874,-273.6311754556252,-481.66086366527406,156.1875397189804
0.7275,0.235802172932184,-0.6083719486833902,0.3201688235653367,0.0711275971499451,-0.1236031969374465,0.0254989564600207,-0.0073161756580275,0.006969511662751,0.002521799966104,0.9999455390404708,0.0002258518199782,0.052786534115759,7.381040753930674,0.0756916716514644,0.062699350807734,0.8888958697258234,-1.210493222927504,0.1972669468717683,0.9545806903646432,972.4795170968042,987.066126199448,987.4411698206756,985.953754259241,8.20114380460381,-825.7954773001749,-247.3398122677279,-470.8361516981309,156.19055199880293
0.7299999999999999,0.4163884920070007,-0.2210151346612791,0.239115449215832,0.0719503116851315,-0.1258548239196825,0.026969762095416,-0.0072080421512017,0.0067994440679966,0.0025576308499971,0.9999474241774604,0.0002241054220546,0.0554156612205083,7.366297314173178,0.0764500878752665,0.0633338363990111,0.8827529016510985,-1.2102685813015748,0.197457724849981,0.9567918209124185,972.7204925472461,984.9959483719326,986.805667240446,984.7366055075064,140.54703794274687,-680.9408101531284,-233.10675054769925,-428.1183156660059,156.1941367038768
0.7325,0.5241420414409914,0.1480762889839593,0.1429404289907191,0.0730554417782347,-0.1272916632149878,0.0276795264558244,-0.0071094497752415,0.0066335142981579,0.0025904152475853,0.999949188778995,0.0001806960652747,0.0576094553816247,7.351817003817872,0.0771811230854765,0.0639524509696911,0.8765690398359453,-1.210043485488411,0.1976489599598122,0.9589869964001376,973.1822522865176,983.6614221486823,986.2756360679373,983.8131626809108,196.6154923710972,-442.83662018988207,-227.380250319038,-362.89637394208927,156.1971005033809
0.7349999999999999,0.5616218280946013,0.5337434233689802,0.0340136520304603,0.074773772344741,-0.1272917055130508,0.027847659678859,-0.007020034015017,0.0064769571813402,0.002622126591414,0.999950795378373,3.62459967945955e-05,0.0593530462091086,7.337604520406642,0.0778776337876183,0.0645539016179359,0.8703477201579529,-1.209817998611445,0.1978409245469144,0.961165440814352,973.7035700091014,982.7817652709832,985.6687659888509,982.922123637796,194.07912658650713,-279.55177933379196,-299.0292604338944,-400.4978382612304,156.20004185189987
0.7375,0.4997138015159103,0.9564011386766812,-0.0894692469516507,0.0776281873497488,-0.124734153002727,0.0276812039869218,-0.0069361466238929,0.0063288631310648,0.0026529285735712,0.999952275506334,-0.0001830498911505,0.0606870852922769,7.323659857139842,0.0785437821651773,0.0651427611991085,0.864091107715556,-1.2095920434984735,0.1980341742864123,0.9633270302321724,974.1526479194503,982.2636632520131,984.7804897657678,981.8106734896048,106.71194300266497,-108.81153019952296,-359.1351504161136,-423.5664346060498,156.20354771694764
0.7399999999999999,0.3511035101454065,1.2282299481522188,-0.1710381337421389,0.0801934162785849,-0.1207725774836724,0.0272466303738252,-0.0068571792127247,0.0061819207262597,0.0026829147016825,0.9999536801210956,-0.0003635702396765,0.061614302621053,7.309978177299544,0.0791952367804403,0.0657181488484732,0.8578006472069853,-1.2093658256420787,0.1982289043936137,0.965472814444696,974.2371297241149,982.2377076199857,983.8730902367703,980.8042914647658,-45.48541742983612,48.54591983983023,-399.58460944383165,-423.1816236549317,156.20645101962404
0.7425,0.114583321650017,1.375290090584541,-0.2139267210619902,0.0820687281305346,-0.1159829234443203,0.0264274401654281,-0.006781765408549,0.0060333065250373,0.0027136171936802,0.9999550328179184,-0.0004643223830009,0.0621551103697541,7.29655068636221,0.0798403902126451,0.0662802323416084,0.851478156206589,-1.2091401931963943,0.1984250990067628,0.9676029307317726,973.925220832301,982.5063928512125,982.7825667185487,979.6947653713299,-191.72100911930536,127.11976525029048,-462.9158445111212,-457.81608375852966,156.20933690863671
0.7449999999999999,-0.166978964381433,1.4069267169597612,-0.2152993121202906,0.0829337118464596,-0.1110434334680842,0.025299057490238,-0.0067081896372401,0.0058846274408645,0.0027465782072118,0.9999563323259392,-0.0005159258622975,0.0623412980897903,7.283364826019209,0.0804803726487758,0.0668298086395313,0.8451258670019538,-1.20891640830802,0.1986223112784935,0.9697170975199204,973.2785246785182,982.8733064462369,981.5585110142146,978.5152110459732,-325.9794101077202,129.1244775505901,-512.4909520727665,-478.8484198975535,156.2122091644731
0.7475,-0.4521660164239159,1.3099019044721367,-0.1626436973442028,0.0819935288910551,-0.1065726982449911,0.0240578356651857,-0.0066334237454946,0.0057362799690774,0.0027806682074769,0.99995760102549,-0.0005380711712485,0.0622295587610633,7.270404091096114,0.0811180977285624,0.0673703977225724,0.8387453955684395,-1.208695017921304,0.1988207761801437,0.9718153026599295,972.2953237817624,983.1520152389654,980.2201119581848,977.3005232718423,-479.65089657636736,53.42631448102106,-600.6515051708669,-526.8099710105612,156.21506552416307
0.75,-0.7274351046503159,1.085580228064773,-0.0458908677868086,0.0787130816973039,-0.1026075683822355,0.0231304893252116,-0.0065519514841697,0.0055900830291729,0.002814489992026,0.9999588704840972,-0.0005766093345076,0.0619171182976861,7.2576489290446755,0.0817537266817499,0.0679097765124377,0.832337970504159,-1.2084754130389215,0.1990210142205831,0.973897281078893,970.8802701956366,983.1404380186419,978.5552534883603,975.8811611909204,-531.7764012731909,-86.55910498584937,-610.2030281884703,-504.27381746608216,156.218474913956
0.7525,-0.8598441140776517,0.8501259419885413,0.0802297820150995,0.0749494130685215,-0.1005973940771531,0.0231526395524547,-0.0064628132826757,0.0054490328567714,0.0028480003332394,0.9999601307141656,-0.0006984776578975,0.0614380126257877,7.24507797998603,0.0823849382123558,0.0684480087707175,0.8259053190956029,-1.2082566035343645,0.1992229374641522,0.9759628824145974,969.6364417753965,982.719219714036,977.1690968172423,974.7791541845119,-483.5054416103953,-264.4015933891749,-545.4621506628196,-418.0633191607281,156.2213005519706
0.755,-0.8697553764222722,0.6141350211834788,0.2130636344222327,0.0712333845250213,-0.0996719619951317,0.0239509460155857,-0.0063668536120561,0.0053134600812907,0.002883238099999,0.999961368873708,-0.0009339348619848,0.0608020726075979,7.2326685458417375,0.0830131072428465,0.0689822289705725,0.8194486307840804,-1.2080379100843073,0.199426016554251,0.9780121723857648,968.4627429875843,981.8184300516963,975.8279427350462,973.7908445951168,-445.2372556270116,-433.65209223181824,-525.5914791786149,-376.84235453593794,156.22410919222528
0.7575,-0.7842688193102397,0.407918443306159,0.336576416476,0.0680370963600776,-0.0993579148998943,0.025094724655073,-0.0062678951677052,0.0051799235547486,0.0029226712335238,0.9999625724555908,-0.0012590935090696,0.059977260276939,7.220397659066623,0.0836444877179394,0.0695052212363461,0.8129684849051068,-1.2078186045497294,0.1996297108547758,0.9800454651947222,967.4102554972615,980.550959252877,974.5411394213492,972.894942411832,-389.21542178827593,-576.6621037038016,-500.8705577649148,-340.83905156539885,156.2269026849959
0.76,-0.6130519749531178,0.2607218223253746,0.437973194816715,0.0658773972939771,-0.099462348783717,0.0263939366280208,-0.0061690315805909,0.0050444183138762,0.0029682267614939,0.9999637386684576,-0.0016403387482278,0.0589425875337078,7.2082434071049715,0.0842845899216483,0.0700117893801219,0.8064648469551601,-1.2075974455488323,0.1998333802464132,0.9820626554275276,966.516665878643,978.9351195331773,973.3235899462215,972.0866493372896,-367.4812314630568,-763.4834813089348,-521.3909510286835,-343.77320166133785,156.2296762141292
0.7625,-0.3619691993948336,0.1641481409684936,0.5283609141707776,0.0649690370894646,-0.0997533481241037,0.0279297385840541,-0.0060713998380132,0.0049079611659985,0.00301797113528,0.9999648608069662,-0.0021129480626517,0.0577053894096802,7.196186646464793,0.0849287757758825,0.0705012233294959,0.7999378429095189,-1.2073736112021158,0.2000367530356821,0.9840636952599742,965.572849339946,976.7335418463325,971.9341846662061,971.1760764035255,-338.9534121761014,-832.8990666333985,-499.32584418033866,-329.8262778693467,156.23297888211067
0.765,-0.1541970650172533,0.1473688205139218,0.5768855256517438,0.0654124525266194,-0.0999611162668384,0.0290710226544508,-0.0059756652490316,0.0047702316523992,0.0030696603328358,0.9999659427036064,-0.002686706197686,0.0562779023436308,7.1842115878643655,0.0855733993616674,0.0709740539879186,0.7933869193245751,-1.2071461730239632,0.2002398824107758,0.9860486496972236,964.8218988177624,974.7706242000103,970.82696072532,970.4375179479428,-311.12754099101465,-794.2903592255782,-433.57971225043417,-296.4910395914782,156.23570787102645
0.7675,0.017951495007691,0.181934700144446,0.5961555360082849,0.0662860589806944,-0.0999648176406801,0.0301636603435289,-0.0058815525118416,0.0046330253571151,0.0031233944114829,0.999966977561246,-0.0033937500284297,0.0546829204979844,7.172307183420625,0.086211043221803,0.0714321545401697,0.7868113785235226,-1.2069145731593358,0.2004428304492631,0.9880173044375372,964.0172116349912,972.7620900502045,969.7662861049538,969.6936212055682,-383.08671079300854,-875.6119071554615,-454.38500061247805,-331.82872472782464,156.2384103081458
0.77,0.1662311476630013,0.2552138088770197,0.578481334488893,0.0672096551527331,-0.0995536813948606,0.0316933385343073,-0.005788054710041,0.0045009681839261,0.003181109011484,0.9999679446747602,-0.0042977712153694,0.0529503960539389,7.160468102884272,0.0868299269086143,0.0718782993848211,0.7802105583156456,-1.2066790074922988,0.2006455126124956,0.9899694309948632,962.9064652637975,970.3925646642329,968.5550357222576,968.7783743243039,-439.04460408656206,-846.905500403518,-430.63630007655775,-339.67053631248103,156.24161952618329
0.7724999999999999,0.2398760668828262,0.3185883438171713,0.5213225482323259,0.0678392881754142,-0.098745430086634,0.033319000342747,-0.0056937183313565,0.0043767273383132,0.0032426329402086,0.9999688425218836,-0.005425503478733,0.051113550695355,7.148694967796409,0.0874213814707553,0.0723162307640183,0.7735830515554875,-1.206440197523452,0.2008479935594396,0.991905092114782,961.8219886145584,968.527562548187,967.613104604571,967.9952685240056,-470.0465061966266,-703.6505792316569,-357.9441385695187,-315.1688678854495,156.24426345689227
0.775,0.2659591609114829,0.3552099906172644,0.4114028597694179,0.0685639932749744,-0.0973789839053996,0.0352797727522283,-0.0055995474188597,0.0042599825944796,0.0033064044288624,0.9999696741003878,-0.0067527545197505,0.0491672642490048,7.136994792189356,0.0879818096401559,0.0727459219701315,0.766926937362833,-1.2061987356343002,0.2010504126455365,0.9938249640256358,960.5562327328144,966.8743117680746,966.76531502941,967.2025299848766,-534.5058315549289,-612.9135917286015,-320.742927537253,-315.123851234716,156.24687286640153
0.7774999999999999,0.2574713691265115,0.3519390712943735,0.2581055099963001,0.0693739594678456,-0.0956272326537111,0.0371650901271755,-0.0055090003882242,0.0041446607749571,0.0033699747046769,0.9999704557348402,-0.0081663814072679,0.0470685076265422,7.125380845043164,0.0885170986870914,0.0731635371328841,0.760239367327943,-1.2059550277215334,0.2012531813686156,0.9957308994713138,959.1494594567837,965.4629945895441,966.0093899668848,966.419649267832,-589.8915204183589,-495.63167627420574,-279.4781644341808,-305.7151742103312,156.24945131015863
0.78,0.2153853402631862,0.290435100768418,0.0675411133665176,0.0701225735005684,-0.0937828903443213,0.0382562308157424,-0.0054224863840072,0.0040260897871373,0.0034325495307713,0.999971209022312,-0.0095678512569193,0.0448154254767,7.113872939264988,0.0890321374578496,0.0735693821076029,0.7535172684633287,-1.205709893221591,0.2014566661842372,0.997623458499408,957.6067751307224,964.3961533867036,965.3679242072391,965.6739541138248,-697.1639524513415,-386.3724310471067,-258.3709482370066,-315.26778111387983,156.25198934216493
0.7824999999999999,0.1400009553242086,0.1560738288460417,-0.1676443386033026,0.0708053090690201,-0.0921229250946057,0.0380813508081426,-0.0053402433897327,0.0039073926048809,0.0034921599891479,0.99997192648521,-0.0109663593828102,0.0424075824347159,7.102497419632082,0.0895210659820487,0.0739639310429729,0.746759331374617,-1.2054648353926491,0.2016606582538319,0.9995009380653946,955.6636396945268,963.5311324343085,964.7175352256995,964.8433103622627,-716.3050698159616,-253.72366497351757,-222.16302582721687,-294.1407835736524,156.2549837053678
0.785,0.0689126766493291,0.0123413390331949,-0.3373855847205111,0.0710730423444348,-0.0915632534793013,0.036647954234967,-0.0052603934409418,0.0037927857121667,0.0035451232849968,0.9999726132048288,-0.012385044098815,0.0398741164028091,7.09128550799312,0.0899776304901079,0.0743507703595256,0.7399649149113567,-1.2052210607523748,0.201865065715398,1.001361573165966,954.0252497816429,963.127535061836,964.2571090781028,964.2032501959568,-644.5601296405124,-111.2506489815586,-172.20657666869087,-249.73897302465932,156.25743242370172
0.7874999999999999,0.0052687049541146,-0.1320631861201864,-0.4495517872474965,0.0708195094511634,-0.0920124510214744,0.0345449121318988,-0.0051805147443535,0.0036822725937858,0.0035885694296338,0.9999732911652484,-0.0137878100342075,0.0372515164007049,7.080271664928043,0.0904032339264253,0.0747336548260164,0.7331334668022347,-1.20497877896529,0.2020700148795064,1.0032048478019204,952.4408390463245,962.9748791894007,963.8565023423563,963.5946154971393,-667.6254008311156,-34.2460092058445,-168.76026406978312,-268.33081500913045,156.25982753724347
0.79,-0.0475528771202607,-0.2682311555449912,-0.503568427149196,0.0700114753606063,-0.0935828388073031,0.0321566367921799,-0.005099169804326,0.0035716877443758,0.0036213114741614,0.999973987437454,-0.0150825636836133,0.0345627680402197,7.069492227782155,0.0908064359137761,0.0751140869737631,0.7262647195761763,-1.2047374610067492,0.2022760494034533,1.00502980987188,950.6871227774872,962.9563050158067,963.413307757754,962.861596120911,-606.609999339866,2.0207740348496355,-162.0076123203033,-273.49943802528264,156.26263277102848
0.7924999999999999,-0.0679845210587443,-0.3311507302996788,-0.4853462863232365,0.0693328247983191,-0.0953994923944759,0.0305726345660593,-0.0050173564615723,0.0034573843129332,0.0036445460478516,0.9999747062622348,-0.0161897279943342,0.0317980134404548,7.058984282890177,0.0911957691016819,0.0754892323797835,0.7193596142471995,-1.2044968106121068,0.2024834057912688,1.006835516404779,949.407789049625,962.9849830595747,963.0464642807549,962.2271183070129,-461.26628099796073,3.535327649069583,-155.24217914780803,-258.59567256259174,156.2649074274734
0.795,-0.0691164019175165,-0.3346470343070356,-0.4165822778426512,0.0690831003031905,-0.0970692541961777,0.0294351863927788,-0.0049351310885343,0.0033372079944086,0.0036642422305856,0.9999754334058812,-0.0170570823685642,0.0289629618469417,7.04878427555132,0.0915785797485097,0.0758565530405352,0.7124197229820566,-1.2042574233526324,0.2026920100163127,1.0086219171486777,948.3807913724972,962.9739816540522,962.637096862015,961.568617758098,-361.6153726421086,-17.381902747047192,-178.3968353118551,-261.84481832513006,156.2671092678624
0.7974999999999999,-0.0624272245706428,-0.2964186715276441,-0.3203093076733455,0.069155915475454,-0.0982523188847853,0.0286071635256961,-0.0048512130886335,0.0032078645884856,0.0036843170063257,0.999976172944627,-0.0176239743987677,0.0260856531487772,7.038926575944441,0.0919635517539485,0.0762156866542242,0.7054464072844698,-1.2040192846465303,0.2029015532532296,1.0103899016703488,947.5997121864144,962.8980735458397,962.1544801041955,960.9178942153872,-248.69929544490765,-45.76505731210996,-217.81212582329752,-244.68463257526287,156.2692446951583
0.8,-0.0551263493444363,-0.2268777822369,-0.2082073700936015,0.0693622392890895,-0.0987591301042632,0.0281437938052139,-0.0047656375253217,0.0030644659193515,0.0037065645026751,0.999976935517564,-0.0178155599413725,0.0231793576942849,7.029442349556983,0.0923609898181049,0.0765647701554694,0.6984409056858456,-1.2037815299503678,0.2031120272280684,1.0121410914253477,947.1372948952728,962.7451563674915,961.5480362328984,960.3451945952216,-131.5559638296689,-78.96236373696857,-297.06053252104965,-209.28652179700276,156.27129216695712
0.8024999999999999,-0.0511115115053342,-0.1340134176150827,-0.0752458507628053,0.069545985763119,-0.0987639004801872,0.0281288275775606,-0.0046789374887148,0.0029109670502949,0.003733367756102,0.9999776964040747,-0.0176892181478246,0.0202545813883927,7.020359379848128,0.0927685342985388,0.0769012785450191,0.6914060921200682,-1.2035436778899375,0.2033233052510668,1.0138762482832975,946.9419323672661,962.5032617271548,960.6691774415903,959.8714616064024,-19.134334244813527,-94.28515625040735,-341.14826005866206,-118.08382484291532,156.2736369906517
0.805,-0.0511831502757297,-0.0643589955352189,0.0233051588386877,0.0695610506521916,-0.0985183113592579,0.0284874056175013,-0.0045913801620862,0.0027559940846043,0.0037660132396891,0.9999784219562144,-0.017374761888133,0.0173298082779114,7.0117011198748855,0.0931771257212692,0.0772234674079683,0.6843457483001437,-1.2033062971662007,0.2035347672140361,1.0155947729001231,947.0416232240487,962.2737305862398,959.8422949326051,959.7547754710072,77.55786761506435,-97.55976491251197,-334.41619007032807,31.116205827061066,156.27549000195344
0.8074999999999999,-0.0505877232736213,-0.0133471661973034,0.1025873140151691,0.0693988663962351,-0.0982421138877391,0.0289343484724507,-0.0045064252360189,0.0026067813577576,0.0038043334247401,0.9999790740488133,-0.0169883937142689,0.014382587711807,7.003485676028904,0.0935793642444715,0.0775257263666896,0.6772641504900992,-1.2030700074274354,0.2037458258320646,1.0172959107639379,947.3297217053416,962.0154629025922,958.9970964912386,960.0270426355376,128.26326911256263,-112.23616915062838,-325.21168160424133,179.74961242161936,156.27722929588927
0.81,-0.0455179011869172,0.019848583966426,0.1656771155949735,0.0691131557543429,-0.098008836970521,0.0293305571657736,-0.0044254472532705,0.0024686373933481,0.0038472862636512,0.9999796338671256,-0.0166238010029322,0.0114232044919186,6.995725635217055,0.0939700775319651,0.077805705401635,0.6701652247868966,-1.2028347429969544,0.2039566353787163,1.01897857625381,947.6829395696116,961.7125497404865,958.216236524584,960.6535235331152,130.7629805060741,-139.45053831607754,-277.8475572289833,325.8385860929817,156.27886776164485
0.8125,-0.0319177093903969,0.0333189892358735,0.21179220132233,0.068785518785032,-0.0978298134533722,0.0296519357134321,-0.004344844026475,0.0023428189342646,0.0038945039624199,0.9999801134358922,-0.0163208875497347,0.0085341638546929,6.9884280383948285,0.0943490660245786,0.0780676184527971,0.6630516307601351,-1.2025993870237792,0.2041682289434269,1.0206423424401658,947.983536607872,961.3182102110119,957.6078587050938,961.6562355660024,87.59576369593553,-202.41509286709044,-210.3757134014357,487.9320331054028,156.2803768604642
0.815,-0.0057534297775799,0.0321412082528908,0.2499079142133523,0.0686206419622688,-0.0977131743448349,0.0300397825988826,-0.004260605229786,0.0022278728299865,0.0039464293916612,0.9999805317117362,-0.0160833683815277,0.0058054925824036,6.9815945115081375,0.0947189289823308,0.0783158813093634,0.655925553360106,-1.20236313465882,0.2043813189694912,1.0222867871450452,948.1209183880912,960.7004742761509,957.1643579575768,963.0931836986424,-4.469596920171167,-252.38410454071504,-110.13716848417506,519.6401017336707,156.28202830466807
0.8175,0.021876062346757,0.0215900715377767,0.2663744362427177,0.0688398287899993,-0.0976981737672169,0.0304677188802856,-0.0041704690737714,0.0021201599890718,0.0040031715637136,0.9999809080432318,-0.0158846280171646,0.0033040442839204,6.975221617316674,0.0950839965139194,0.0785526275353609,0.648788921389241,-1.2021257790128763,0.2045956300994377,1.0239119773555103,947.961188623271,960.0562896883084,957.0571728626728,964.2544360746707,-129.6101857809616,-281.2349771476645,6.805895673414846,393.11937872623696,156.28326447391473
0.82,0.0536422486093954,0.0065961570629116,0.2621865689865239,0.0692312293350398,-0.0977400314379933,0.0311221034030171,-0.0040746109192655,0.0020140189708864,0.004064934209899,0.9999812560259058,-0.0156684748752288,0.0010630913234365,6.969301498238363,0.0954501143786434,0.0787770286187535,0.641643313647914,-1.201886791358097,0.2048104657596866,1.0255182037255899,947.4728674591864,959.2942993904127,957.198387435944,965.0587805922735,-283.5023516372528,-352.7160586043916,102.6426502292451,206.62666968980807,156.284346912458
0.8225,0.099621362144409,-0.0115663231834361,0.2259449666771578,0.0695642892888623,-0.0978822658835901,0.0322143587517658,-0.003975276198106,0.0018972853642342,0.0041274952921784,0.9999816087028314,-0.0152852757800175,-0.0009132470601802,6.963822494219664,0.0958295983440837,0.0789868988625329,0.6344888438745939,-1.2016453508185423,0.2050255469215625,1.027106087949275,946.5436768650848,958.2927093952864,957.570386113819,965.28756942312,-382.435797196808,-371.29311746875794,152.66455555497473,-67.36102424815721,156.28545879959424
0.825,0.1495583505682528,-0.0245713674864705,0.1668004556163998,0.0695677565961454,-0.0980786816886509,0.0332715116853396,-0.0038733968604079,0.0017647661729762,0.0041847935376701,0.999981995300268,-0.0146784156392412,-0.0026034438193366,6.958771513705376,0.096224550880414,0.0791826996904862,0.6273260552145477,-1.2014011134679992,0.2052406379488867,1.0286764007665063,945.5606884732025,957.4378338030688,957.9617102137187,964.7219754710328,-410.6394918777365,-330.30764894569955,150.02265167743175,-387.1293833901514,156.28622312995273
0.8275,0.2159398142843108,-0.0349238543429037,0.0817393960640614,0.0693296145960098,-0.0982210252169274,0.0340626503351681,-0.0037693404537024,0.0016171489419723,0.0042317979879901,0.999982432429432,-0.0138681159149374,-0.0039805101502196,6.954135209338324,0.0966294935371765,0.0793659585975912,0.6201558309381084,-1.201154574110067,0.20545530883201,1.0302300999288294,944.490479405696,956.6411711505577,958.3204993722062,963.3519225061693,-422.07629772215074,-296.1691291172198,121.36614298481152,-662.5107607851982,156.28681196712944
0.83,0.2933185413448634,-0.0442478951744981,-0.0147878101493635,0.0693867906296749,-0.0982467686240893,0.0342523581593713,-0.0036620849463267,0.0014581071047995,0.0042682222967753,0.999982918260436,-0.0129108130842166,-0.0050021573459133,6.9499011403478095,0.0970362613404379,0.0795394511357387,0.6129788312828217,-1.2009061835470731,0.2056693083695449,1.0317676459747456,943.4503069845916,955.9569881574829,958.5685409286428,961.4094216671067,-388.88304550498526,-233.8763485663092,56.31671624294081,-872.823500852177,156.28725036323684
0.8325,0.3716060760871331,-0.0537675062924579,-0.108479600799634,0.0703582948683131,-0.0982509308150557,0.0338039134646798,-0.0035527358252954,0.0012964016692678,0.0042970442184996,0.9999834221740556,-0.0119287647053138,-0.0056604237364235,6.946058890981355,0.0974316612364252,0.0797030366435679,0.6057966825387702,-1.2006566214810888,0.205882518454611,1.033288698009235,942.5460641781712,955.4717894077264,958.6020829534208,958.9878050019084,-352.6799598199507,-160.45540435375528,-47.42491376428107,-1108.7460665239414,156.28750186750858
0.8349999999999999,0.4477356606703384,-0.0654453947616887,-0.1986108004000852,0.0722208087855106,-0.0984878837995961,0.0327872762686312,-0.0034434289871174,0.0011415229027871,0.0043235436718899,0.9999839004670708,-0.0110500039285807,-0.0059673737058322,6.942600870074868,0.0978030710425515,0.0798551686614063,0.5986111832416787,-1.2004060259777871,0.2060948452009502,1.0347918145693182,941.686907185492,955.1547111357139,958.3314163598214,955.8656913344872,-277.4105840078389,-75.45482116647683,-153.1873129037193,-1129.0114884386855,156.2875810933728
0.8375,0.4879054914311825,-0.0750097240573738,-0.2467454838751829,0.0738363616473964,-0.0988598668362753,0.0317958414891191,-0.003333854310624,0.001000883229275,0.0043493138184264,0.9999843380066292,-0.0103700140630077,-0.0059070826140623,6.939523199051144,0.0981409598194813,0.0799981212066936,0.5914232900403159,-1.2001544824677013,0.206306488986532,1.0362762949862157,941.159011258132,955.094515301894,957.8361463889024,953.342747559715,-182.657559379936,5.730235829287261,-248.60232034877728,-936.3903391687237,156.2874572761355
0.8399999999999999,0.5030142357942478,-0.0861796002876049,-0.2649020243157176,0.0752270122970976,-0.0992179089426201,0.0309675935148665,-0.0032232030530295,0.0008787960292586,0.0043750321065823,0.9999847308027024,-0.0099391225382273,-0.0054635627483909,6.936826049822997,0.0984404609190196,0.0801348885016864,0.5842331643938607,-1.1999023182838575,0.2065179441977783,1.0377422807717103,940.7736193885921,955.1833623148605,957.0884047580776,951.1837396386435,-157.1997721906881,53.97307439384344,-373.48810357875624,-817.8823182712216,156.28713173564216
0.8425,0.4985685897097271,-0.1074081544015326,-0.2568873161465787,0.0765265838513856,-0.0995219820049604,0.0302543932098311,-0.0031121879192581,0.0007735808059031,0.0044026463697596,0.9999850709590032,-0.0097240849237444,-0.0046494675132096,6.934513578962757,0.0987048927952332,0.0802663202961772,0.5770398223399354,-1.1996501771469503,0.2067296576150822,1.0391906080583446,940.3730123971784,955.3643806738633,955.9687058710083,949.2533359683587,-153.28172706140307,64.81360614491217,-435.1236427809905,-580.0071486439714,156.28650334727655
0.8449999999999999,0.4812998888460901,-0.1373242071739624,-0.2301419450138076,0.0773482516803778,-0.099681775902663,0.0298490586641428,-0.0030047810671617,0.0006763474491879,0.0044353737230016,0.9999853398828382,-0.0095929178235487,-0.0035303238530645,6.932593813127284,0.0989466945876716,0.0803892575019538,0.5698411471560314,-1.1993986479060315,0.2069417912176314,1.040622854439305,940.0072107532851,955.5074303455849,954.9127865441726,948.2837038954236,-170.606968521315,41.1316199561497,-433.16689310852286,-256.4185409606123,156.28577902383455
0.8475,0.4521418366806027,-0.1858321478774753,-0.1863206159945814,0.0782337036730728,-0.0998277635026607,0.0295427246806248,-0.0029061678702453,0.0005800872056895,0.0044750976415699,0.9999855196233606,-0.0094421330686675,-0.0021952355883999,6.931079478636144,0.0991761724657537,0.0804996775057758,0.5626354933424828,-1.1991479746606146,0.2071536294541473,1.0420390242483895,939.519977554572,955.5700387736439,953.8028714054659,947.9712432635555,-223.75213772020268,2.676009785932363,-443.30318932845745,-31.331683128882982,156.28484430075693
0.8499999999999999,0.4109191274190059,-0.2518851181510744,-0.1287319908037828,0.0792864450697435,-0.1000590508220106,0.0292570367772061,-0.0028173916056914,0.0004807490769126,0.0045196410126172,0.9999856195457322,-0.0092122770229729,-0.000682090186038,6.929988045127232,0.0993998616014509,0.0805992954313613,0.5554212948983263,-1.1988984691627027,0.2073646199699313,1.0434383161027867,938.8884500646842,955.5208103945146,952.6962705975304,948.1270454797792,-289.4089344521032,-55.123511432725486,-432.0390221961584,145.44442455821795,156.283734218888
0.8525,0.3508339408025303,-0.3376138739258064,-0.0527726834368211,0.0805761695075744,-0.1005298780308868,0.0289796323768358,-0.0027341425198535,0.0003721558905582,0.0045643907944177,0.9999856752600847,-0.0088182256084788,0.0010391337310164,6.929340517712015,0.099626387264132,0.0806961884672641,0.5481960878164429,-1.198649954250511,0.2075748852771905,1.0448207793474753,938.0729328823113,955.2944212164801,951.6426762944851,948.6984653863469,-390.77597211851264,-147.54545656596733,-440.4450536581176,303.88022329987024,156.28241245787737
0.8549999999999999,0.2558243371290028,-0.4561776294351026,0.062064949877988,0.0823863765340789,-0.1015264054690853,0.0287539853575923,-0.0026507836433771,0.0002512635199206,0.0046079094610872,0.9999857098157254,-0.008222926786811,0.0030110258616738,6.9291604490204595,0.0998613195579105,0.0807988599383683,0.5409583758268603,-1.1984024791819983,0.2077847237546152,1.0461861651762887,936.9345702040915,954.7830831116848,950.4940453292397,949.6464465962785,-426.8980970734215,-229.19036333378224,-394.8423286398107,361.0767260577401,156.28058242967586
0.8575,0.1651771107636105,-0.5603288126954844,0.177421324985601,0.0836313286850455,-0.1027557353987046,0.0287605807709671,-0.0025614473761645,0.0001182826153088,0.0046519670561722,0.999985731424414,-0.0074391049282314,0.0052744760506058,6.929472556840128,0.1001070692543266,0.0809148829087073,0.5337079814575219,-1.1981562405988486,0.2079943402265336,1.0475333209380735,935.9384423969443,954.1484693998112,949.6684646512861,950.5038490166355,-378.9900139781136,-295.3041597688977,-294.8694547962984,327.29098029778896,156.27885551929603
0.8599999999999999,0.084590831836779,-0.6599989096605434,0.3091118988533021,0.0838969727162368,-0.104235074614508,0.028972588860327,-0.002463526603332,-1.991788076573412e-05,0.0047015432863152,0.999985721276375,-0.0065762005415579,0.0078216154798981,6.930301434965124,0.1003593116650946,0.0810471692592451,0.5264473321634546,-1.1979113448338587,0.2082036774306825,1.0488602150417379,935.039620134201,953.3065623128404,949.0196980552582,951.2829014977676,-317.6954096582219,-367.57413577654427,-224.09303634160528,282.82428081222383,156.27692161823785
0.8625,0.033819666019374,-0.7486543678782351,0.4472418066708101,0.0832805512627173,-0.1055969736360268,0.0293832623830491,-0.0023575653038485,-0.000158661773491,0.0047582809383282,0.9999856679654048,-0.0057167652725655,0.0105985854222833,6.931669443125593,0.100615348813766,0.0811955487241569,0.5191795097027058,-1.1976676997299036,0.2084122892707673,1.0501664030694289,934.3499653486533,952.3105987209286,948.5479994695779,951.9179704206966,-194.92922291663015,-429.6598610497536,-139.01317054787785,208.64611263264104,156.2748185117426
0.8649999999999999,0.0389428251437655,-0.8126441777806931,0.5778441285044023,0.0821427418767288,-0.1068636227417616,0.0301899135137479,-0.0022461985747453,-0.000299639643098,0.0048193655376533,0.999985576259008,-0.0048574289862171,0.0135213429275848,6.933595080798083,0.1008778093432668,0.081358221193776,0.5119069014770607,-1.19742483266261,0.2086201931447602,1.0514532685457851,934.0649740196179,951.1582630075917,948.3246322025187,952.3261320609308,-1.09365929758951,-533.3432945290265,-34.256846444077354,123.7755011926764,156.27251455274742
0.8675,0.1152271000014435,-0.836738529799372,0.6970893351412463,0.0810922008487982,-0.1091944076514776,0.031897073683044,-0.0021338901720393,-0.0004514373629876,0.004881216801119,0.99998544795756,-0.0039001433776695,0.0164802535051227,6.93609173381238,0.1011551393161363,0.0815313305123086,0.5046307665235001,-1.1971817312348536,0.2088277572454038,1.0527230206552143,934.3444970521651,949.6438822482835,948.3767152373576,952.53684792666,217.19119466256396,-566.8969568075222,74.21581584690094,34.64391595180129,156.2695218362291
0.8699999999999999,0.2249749355723046,-0.7905501467264265,0.7402492576866315,0.08094693805469,-0.1120479146348272,0.0340990201260342,-0.0020209089511529,-0.0006165935843294,0.004943479672244,0.9999852792116928,-0.0028296059194642,0.0194255402324103,6.939168041665094,0.1014488404107395,0.0817142578955653,0.4973528093122044,-1.1969373612145633,0.2090355309687015,1.0539761846160687,935.1509299929309,948.323778223554,948.6957112817532,952.4993516406896,436.9771407451704,-521.7569015935846,182.27493752090123,-49.68987936083518,156.26684111778377
0.8725,0.3544595484463567,-0.6560565398942441,0.6984459518687853,0.0816060042344987,-0.1150963063631437,0.0370400261119899,-0.0019083490190581,-0.0007912812942183,0.0050059981447738,0.9999850681966228,-0.0017164503490072,0.0222994245077587,6.942826765683988,0.1017531360818322,0.0819049747704733,0.4900762404200151,-1.196691462796276,0.2092436283502706,1.0552124110565684,936.5293827558912,947.0350977403156,949.2880899249619,952.2883985298558,709.9455996542922,-530.5473614532043,315.2054692330236,-119.68991280127727,156.26397043502607
0.875,0.4937202318362985,-0.3934260075329437,0.5374072141830336,0.0833547871580673,-0.1178540843507687,0.040662258519326,-0.0017999018085861,-0.0009674117838605,0.0050696788559355,0.9999848077874252,-0.0006868773633784,0.0250125920399601,6.947063781408608,0.1020577590511982,0.0820982149856125,0.4828058568224599,-1.196443925479376,0.2094518247249854,1.0564313990397431,938.7006579912022,945.671041416288,950.2717386279184,951.9009020766832,848.7187117273371,-446.0137093127965,396.9653803705111,-155.9628758282996,156.260310707979
0.8775,0.5706828599116637,-0.1075562162295179,0.3212686137498561,0.0854587654445794,-0.1190079661118742,0.042907667088014,-0.0016971982929176,-0.0011365885644357,0.0051342946343463,0.9999845037921328,0.000133644668022,0.0275099008104238,6.951867135943561,0.1023518724150513,0.0822905273425362,0.4755466403016034,-1.196194753568582,0.2096602933592519,1.0576330494236414,940.7729763145278,944.8050291937517,951.2729168268147,951.5085841507145,835.9102502039142,-264.8840205070426,425.4519308363793,-164.85630919480613,156.25708540210755
0.88,0.587358080921137,0.2141135138493605,0.0555877491998204,0.0875504300586969,-0.1188443848770364,0.043586056036878,-0.0015963657713338,-0.0012904125279745,0.0051984064898996,0.9999841800833124,0.0006256671195642,0.0298192398098553,6.957216474758337,0.102624581539134,0.0824833847465679,0.4683032342229659,-1.1959438475713495,0.2098702309454535,1.0588167828593444,942.8802092422218,944.3466213137528,952.3989982821005,951.0766205307091,814.0520901280972,-102.93820838244292,461.309919908626,-177.99858040125383,156.2536822857786
0.8825,0.5491509169367625,0.5366063663372612,-0.2147983424079669,0.0893328143169475,-0.1176254778468029,0.0428360908106826,-0.0014910650590963,-0.001424190402326,0.0052634806229356,0.9999838469280556,0.0007276681175328,0.0320094689405128,6.963082260749599,0.1028692401430182,0.0826792464888214,0.4610797217849242,-1.1956906092286883,0.2100830472823482,1.0599815211939068,944.8432367651683,944.2903381518393,953.5794664263577,950.618591248708,717.5787322019453,79.55737216364007,473.3686750832245,-191.4959171209601,156.25013502455
0.885,0.4474094840999335,0.8279894534151961,-0.4494431456542533,0.0906934568584197,-0.1153462844987736,0.0409412950654141,-0.0013792533963546,-0.0015354739897302,0.0053290730918183,0.999983515963968,0.0004153785446486,0.0340970406528218,6.969426023061893,0.1030812912044606,0.0828765180789632,0.453880954476047,-1.1954349429346078,0.2102989229772676,1.0611257916815215,946.4681029032316,944.7444081745709,954.7658416575165,950.1191409451043,611.9964591122647,310.04968925269594,507.7306561572864,-233.61269804438487,156.24641778533842
0.8875,0.2606999341450368,1.1101738224754252,-0.6533798878674959,0.0918775852852658,-0.1118494727920993,0.038264237379138,-0.0012632440036693,-0.0016281032240143,0.0053931098592135,0.9999831913944698,-0.0002421202654632,0.0360443158681347,6.97620069434598,0.1032620677657369,0.0830701313304442,0.4467114506179341,-1.1951775204843904,0.210516841583736,1.062248373682376,947.9032190607296,945.8405865981027,956.1181197071442,949.450527758486,436.2618276902136,478.7739720893565,472.6931540748178,-257.80350952700223,156.24176528911963
0.89,0.0598033134443161,1.2746438252135375,-0.7462145163196715,0.0924363012331551,-0.1083876754182124,0.035949112416324,-0.0011456533928609,-0.0017103920704429,0.0054561101961122,0.9999828565027344,-0.0011077169416291,0.0378149302272203,6.9833521360075546,0.1034177318510561,0.0832549098770087,0.4395746051318851,-1.1949199775006367,0.2107357560881048,1.0633492673910139,948.6494120416826,947.1382780350176,957.1293074278906,948.8301233974696,214.93098757227904,573.1019469276812,368.60860415663376,-255.27769794805383,156.23773162044589
0.8925,-0.1756986293222159,1.3586610379468824,-0.7573461220766913,0.0923694359383013,-0.1044996750664785,0.033566486833104,-0.0010293561603245,-0.0017951955112549,0.0055158043045119,0.999982501273822,-0.0019761717737005,0.0393737550454455,6.990820999257248,0.1035582239368683,0.083426942118967,0.4324721028845017,-1.19466282371019,0.2109552078512378,1.0644303411282512,948.977873998591,948.7060963327411,957.9611627279273,948.1741392687458,72.12349213227746,718.9030207724038,314.6616416302547,-277.34280034089784,156.2335391042511
0.895,-0.4813660787797458,1.3725875084135664,-0.6874024784589327,0.0916063782253893,-0.0998386587955402,0.0310112147229258,-0.0009171425994131,-0.0018916504593769,0.0055714030200822,0.9999821139807122,-0.0026905459881655,0.0406906277392273,6.998545893911452,0.103690605948072,0.0835831465575922,0.4254051234633526,-1.19440565023929,0.2111745936129338,1.0654941175459711,949.010029502344,950.7327931388796,958.7026156360417,947.443409395765,-27.865830876181143,744.8581058366858,225.03117548160867,-238.2898527748972,156.2283284987897
0.8974999999999999,-0.741272685906177,1.3256510566484363,-0.5746434537935157,0.0904589968033635,-0.0964050864412182,0.0293132183066327,-0.0008108337226262,-0.0020031276592027,0.0056201646948984,0.9999817054518064,-0.003172604031293,0.0417517677215676,7.006466192306437,0.1038169924396863,0.0837227280796475,0.4183744706928437,-1.1941484465468748,0.2113934314244755,1.0665415973100738,948.8385448442099,952.4303868619246,959.0863186053354,946.9826900048714,-87.76405492251334,659.757653931751,103.8770222018683,-129.79703193930152,156.223839502827
0.9,-0.9861390921370992,1.2411081136814437,-0.427779422894269,0.0886547030773886,-0.0937755209396325,0.0281118953844469,-0.0007126201818897,-0.0021247480960814,0.0056606242598617,0.9999812940158725,-0.0034596029189744,0.0425396285225236,7.0145250821360365,0.1039334189982414,0.0838452815739246,0.4113814015927412,-1.1938916907082764,0.2116112146749042,1.0675726712017923,948.5712092277314,954.0315814085386,959.2220007470513,946.7944242360686,-111.34157228723313,613.920458808729,15.158080113997116,-17.90017819416788,156.2192013419343
0.9025,-1.199567756716312,1.1414749988214328,-0.2706212852085755,0.0861656656151446,-0.0916973892701027,0.0273955456391813,-0.0006251730114203,-0.0022490807100086,0.005695730142603,0.9999808785919126,-0.003626268134676,0.0430294105184954,7.022671857914512,0.1040354886595646,0.0839499022976153,0.4044266371529582,-1.1936363227201494,0.2118271690593823,1.068587640474824,948.281836982774,955.4999891559681,959.1621090059054,946.8931891139005,-114.579924233817,548.083709820457,-65.64417695512924,113.68734352654418,156.2144417319246
0.905,-1.349095887177437,1.033597136667605,-0.1216843263053026,0.0828568056548048,-0.089944995300905,0.027384919021081,-0.0005482174040842,-0.0023715733984154,0.0057297172402892,0.9999804477031888,-0.0037096891126061,0.0432359649000577,7.030864060627648,0.1041221943068659,0.0840383248901481,0.3975088347052229,-1.1933825711509498,0.2120411409375418,1.0695864715470031,947.9983096065624,956.771999957641,958.8937798622756,947.3628609537011,-123.50441400908483,509.40929018256566,-155.8674712642413,287.34460292018844,156.20953799324755
0.9075,-1.422741436234481,0.8911151577617819,0.0271022071956157,0.0781362455403246,-0.0877561788972435,0.0279833949745245,-0.0004744531443938,-0.002491232994013,0.0057638704926283,0.9999800016716088,-0.0037002825113202,0.0432709421932097,7.0390697664724,0.1041953155918501,0.0841184910001657,0.3906239254100222,-1.193130157764261,0.2122538136876267,1.0705688893108183,947.6643149127283,958.047035606881,958.3827716495841,948.3299121285016,-125.8564039686006,423.4227313213746,-209.25910406913297,411.7736640580912,156.20348930470436
0.91,-1.378493076830149,0.749356487563818,0.1188492285517648,0.0736419929555085,-0.0855623317666677,0.0286360862565405,-0.0003985092630409,-0.0026037418887757,0.0057988575376665,0.9999795514056984,-0.0036398756485943,0.0432171626091274,7.047270416701997,0.1042540089156664,0.0841964858129356,0.3837681963318144,-1.1928788715088865,0.2124656606330862,1.071534791654898,947.3690275867192,958.8891136142477,957.8474843419299,949.4217292739917,-128.9317723526891,288.5280390063596,-223.7422110664736,478.72909238797047,156.1983132636363
0.9125,-1.2183253998555323,0.5668887621783766,0.1777912219076532,0.0691640108063766,-0.0829320157749544,0.0291849919748529,-0.0003185846194031,-0.002706187603696,0.0058353582104809,0.9999791035421944,-0.0035557772165745,0.0431048624506114,7.055461868029246,0.1042985004600687,0.0842751079277373,0.37693769465001,-1.1926285512550518,0.2126770213878903,1.0724839540039206,947.019656050965,959.489675801913,957.2640605942519,950.7235575904413,-172.71433664020591,206.26492359472175,-252.28506130563323,596.7543669160698,156.19299779049905
0.915,-0.911481720272552,0.2951712655490725,0.2185143334822553,0.064793973985789,-0.0799523399136077,0.029659513127049,-0.000236533990802,-0.0028032974427578,0.0058756532431004,0.9999786335965938,-0.0033727174977317,0.0429098715598812,7.063654632323272,0.1043347097379171,0.0843535831538998,0.3701270245269691,-1.1923788581332704,0.2128880845763268,1.073416941622769,946.5054559035184,959.9204382322212,956.5860590354016,952.405501108572,-205.13213431443077,110.7541295116788,-234.58543263766367,617.5358799181362,156.18645885278133
0.9175,-0.5918951071518638,0.0387633024773873,0.2339057410261821,0.0626001350435784,-0.0785299861407069,0.0299492956329257,-0.000159562040988,-0.0029043438675714,0.0059199948409063,0.9999781127396872,-0.0029561546883059,0.0425303742664328,7.0718743296977085,0.104370753447549,0.0844272747991264,0.3633303968488071,-1.1921286396360156,0.2130990333185914,1.074335931925088,945.9939953793928,960.0434464494712,956.0911334310637,953.811236990032,-216.11954542522636,7.685281155818296,-173.19043755583138,541.326274008929,156.18087636205152
0.92,-0.255802081745849,-0.2112974052173563,0.2348013697838818,0.0621385044621366,-0.0790430471808771,0.0302387897465874,-8.856863128855662e-05,-0.0030129077201448,0.0059647879791899,0.9999775483568724,-0.0022556855555536,0.041953212551787,7.080161853146919,0.104409073034252,0.0844967438724004,0.3565420682643176,-1.1918774660875846,0.2133101364596651,1.0752415293393023,945.424858176392,959.9588646380004,955.7201068476224,955.1121324786167,-228.0826263023071,-57.416394108690795,-121.65582607519796,488.98663161635295,156.17515539428922
0.9225,0.0572212734204867,-0.4226037644741658,0.2238403999223405,0.0629068767345037,-0.0810656400849511,0.0306170769077562,-2.069738140445616e-05,-0.0031272439812149,0.0060062573694031,0.9999769648011904,-0.0013001365451967,0.041218947041781,7.088571970799591,0.104447790539706,0.0845647699499189,0.3497571611061331,-1.1916253576992943,0.2135215876995667,1.076133172147924,944.8535822478813,959.7563644789278,955.4828543006877,956.2561701481137,-214.18486306640696,-91.3865712175947,-55.88947772885144,407.51781987032666,156.16931949287525
0.925,0.3098732683985889,-0.5585533264412021,0.195329550814552,0.0643384705119549,-0.0838691618428802,0.0311776882040981,4.726277514727216e-05,-0.0032437715859681,0.0060437963185943,0.999976374097248,-0.0001484076739025,0.040374368901133,7.097170862999706,0.1044841628151689,0.0846330799070159,0.3429720056412827,-1.1913724860945736,0.2137335137610489,1.0770105983809304,944.35393386106,959.5019317819123,955.4406594589784,957.1497215779683,-183.69173371015657,-98.11049967543104,35.46639011979093,327.2715631170283,156.16334522981043
0.9275,0.5210283831976718,-0.6267050031278735,0.1357819779675977,0.0661621924547321,-0.0868323518394074,0.0320467489552112,0.0001189611015999,-0.0033600493254826,0.0060789050016934,0.9999757733128884,0.0011528755735388,0.039474440431689,7.106032923896008,0.1045166702304771,0.0847026384752581,0.3361839392307627,-1.1911187334392852,0.2139460609366015,1.0778729326766396,943.9351235793306,959.2658119805506,955.6601862512864,957.8925279636989,-111.54284574461134,-57.0663606542666,132.01566641830584,218.08702119567425,156.1560171114058
0.93,0.6145267950634439,-0.6174723472303985,0.0641058001875167,0.0678864875835221,-0.0885886427592178,0.0327784116567596,0.00019658264791,-0.0034734260327934,0.006114393149583,0.9999751535619714,0.0025502331900583,0.038556227818382,7.115237438955534,0.1045440452766626,0.0847726062038555,0.3293922411196469,-1.1908642849190447,0.2141592410922519,1.0787186056464995,943.7962196323369,959.2165999786409,956.1007377910697,958.2401566839466,-2.7209160856727954,28.175348629747507,235.70382455939105,90.81187503793437,156.14977903625174
0.9325,0.6229658321880416,-0.5663130212633707,-0.0247544014717048,0.0700797490593511,-0.0896292907226527,0.0331187918685401,0.0002831796755057,-0.003581071478475,0.006150997100049,0.9999745200328152,0.0039840312386897,0.0376728320625207,7.124864708184804,0.1045648664369638,0.0848427319050568,0.3225978796145052,-1.1906095124977916,0.2143733304422804,1.079546222221055,943.9215189989022,959.4066887236994,956.8387053740834,958.3465873388886,96.78649329539431,123.38588932711887,345.94057670749373,12.984442964807373,156.1434067018336
0.935,0.5678532030965331,-0.4999813673701917,-0.1184771647454515,0.0723171626508033,-0.0902672903320873,0.0329241787867885,0.0003814576323564,-0.0036828428939856,0.0061869345207916,0.9999738849335524,0.0054293494900716,0.0368763661991787,7.134991739272507,0.1045793824519199,0.0849127254721629,0.3158030589665817,-1.1903548861923818,0.2145889839167036,1.0803550075947654,944.280152098814,959.8335294252767,957.8304406746072,958.3050788987708,199.10361433478536,228.60892271978608,453.76165346428894,-36.206269640047104,156.13692503077635
0.9375,0.4558401333031928,-0.431145780115359,-0.2046694938782507,0.073836545558554,-0.0907052412372696,0.0322474483685346,0.0004904854616378,-0.0037831061647101,0.006220392561678,0.9999732459250408,0.006922069594451,0.0361707715239953,7.145688107956587,0.1045908857000179,0.0849799082247532,0.3090111773049268,-1.190100778418835,0.214806354142253,1.0811449142293095,944.917037070576,960.5497333372984,959.1075136414048,958.1655559906883,340.29342982807947,371.92350696218415,613.8500607649115,-61.112902987792886,156.13031454016226
0.94,0.2912519221113814,-0.3528062027303516,-0.2854916629344804,0.0744890042481388,-0.0913233305387845,0.0313106311958506,0.0006052260987336,-0.0038894512316225,0.0062521464599761,0.9999725737709226,0.0085410367427864,0.0355045194760195,7.15701245820625,0.1046050359812657,0.0850388728807073,0.3022268885011692,-1.1898470271523292,0.2150247095828078,1.0819166873107395,945.9816192479544,961.6931469600877,960.8996909784319,957.9995143838316,435.70839746068896,453.3366365444404,684.422522724571,-44.036157444975245,156.12223773535197
0.9425,0.1544001271236031,-0.288380069950577,-0.3271831145724148,0.0742730263436756,-0.0920640642992112,0.0305752984912949,0.0007182655691385,-0.004001498597245,0.0062845496353904,0.9999718581192955,0.0102483375014018,0.0347955524943682,7.169010775493023,0.1046227998318731,0.0850832286227461,0.2954578817162763,-1.1895940066590929,0.2152428503705726,1.0826701027761287,947.0955790578797,962.8164165200204,962.5296262550276,957.9453752034636,485.6220449590178,466.7235015561342,656.3179794873116,12.86288138819599,156.11539077674703
0.945,0.0384884335695974,-0.2177153922966187,-0.3357385830809839,0.0736685742503943,-0.0930331951239136,0.0298744581446298,0.0008261090689504,-0.004114084900658,0.0063188069402912,0.9999711112788424,0.0119350725038951,0.0340206372863566,7.181713722404878,0.1046422957161646,0.0851100143461767,0.2887129072478278,-1.18934219364112,0.2154602035421271,1.0834047112503344,948.4097294727496,964.0267644678681,964.1812808758684,958.0638287907728,614.2494066373041,534.8813844640284,701.3363951859668,104.77725316084152,156.10842768074593
0.9475,-0.0695406007409709,-0.1210278007320763,-0.2991736268218695,0.0728770335789651,-0.0941825217798275,0.0289561684841925,0.0009271841638472,-0.0042227727163107,0.0063550870788737,0.9999703491307546,0.0135003526317517,0.0331857829246687,7.195134417253894,0.1046620878210138,0.0851182068366377,0.2820007008361924,-1.1890915367729176,0.2156771629351578,1.0841208216285672,950.1668260910659,965.4908234423408,966.0363082309576,958.4692614692675,665.4750375274483,529.5041081051289,638.1689600491194,195.65237948297616,156.09994241133182
0.95,-0.1390955599460084,-0.0337607378003019,-0.2226834663108037,0.0724930822640911,-0.0948155804077403,0.0280625510034909,0.0010222651764146,-0.0043257006641592,0.0063938876158171,0.9999695742810346,0.0148787247463928,0.0323314445812884,7.209267446022434,0.1046822097345446,0.0851084623765236,0.2753292356046834,-1.1888415437295394,0.2158939711269106,1.0848185343499133,951.7371046603869,966.6742850083939,967.3721256761139,959.0420906881875,638.6882718094961,457.73005353182685,471.5451253797251,274.39386959051694,156.0927664274332
0.9525,-0.200322308435606,0.048223847899284,-0.092200090746281,0.072518359476522,-0.094670911544089,0.0270989783040746,0.0011125759722625,-0.0044236197619011,0.006436252940427,0.999968775905948,0.016041693428263,0.0315044980336875,7.22408898653997,0.1047038934553081,0.0850818532772684,0.268705755266495,-1.188592071817866,0.2161102103843388,1.0854974756342983,953.3602674501136,967.7794737099998,968.3940338578561,959.8412308172204,649.3313158465975,423.25308411745897,349.4508885085449,350.40013930565664,156.08548471096196
0.955,-0.2628083055172487,0.1142315451852186,0.0825639650702758,0.0727072377601207,-0.0938557452295212,0.0262719950241305,0.0011980258044529,-0.0045200453274956,0.0064824188341227,0.9999679382893047,0.0170011547121389,0.0307319505461749,7.239557822020237,0.1047291385817865,0.0850391454129909,0.2621367223166314,-1.1883426463370652,0.2163255612313605,1.0861568595933115,954.9837612396195,968.7905504289813,969.1193801186567,960.794091384716,639.3497287307349,373.68636119540463,221.69416037204408,407.0028809250513,156.07811737828447
0.9575,-0.3276860630994206,0.1526413256944317,0.2994458689404383,0.0726389628499847,-0.0927196284852366,0.0259352242113706,0.0012829837543529,-0.004621447542031,0.006531363039405,0.9999670353245697,0.0178142558591228,0.0301036924098382,7.255617295938622,0.1047605200875783,0.0849838497710111,0.2556263727712475,-1.188092545102524,0.216540261042306,1.0867967075935079,956.5570160937674,969.6479055159768,969.5025046597165,961.8762452218456,668.6832955424876,332.1547992098502,110.52334345274866,489.4382796956384,156.0706489561514
0.96,-0.3957535252555257,0.1705724238189235,0.5779251272303848,0.0718590979139515,-0.0916082730171163,0.0265941120702634,0.0013705846188699,-0.0047360004532185,0.0065791081621735,0.9999660536696786,0.018566359652992,0.0296898633391129,7.272198196914138,0.1048001075852962,0.0849193625946613,0.2491774893988006,-1.1878414369070507,0.2167548857624796,1.0874190622715612,958.327177717332,970.4513244250304,969.6719968359204,963.2412827831939,621.9269149684118,253.3628540076049,39.97577236591493,498.4752480808988,156.06157237178442
0.9625,-0.4289253387658953,0.1744116329930415,0.7935052359830232,0.0704913565161075,-0.091081152626487,0.0281974138577831,0.0014602290677737,-0.0048640433702302,0.0066225159774257,0.9999650137363596,0.0192330236793357,0.0295041713806634,7.289223483989215,0.1048454768097653,0.0848470467909876,0.2427934713822609,-1.187589157756671,0.2169694131685244,1.0880255078072207,959.6666506686092,970.9147197860148,969.7023835215459,964.36862146225,500.7393902033068,144.9495864930212,26.90180297959157,432.8872617737484,156.05391475304916
0.965,-0.420662481115009,0.1869814313065904,0.949815127423677,0.0685494739877215,-0.0909541328328556,0.030786683935272,0.0015489862362172,-0.0050001848071908,0.0066606857344684,0.99996395184627,0.0197104080899613,0.0295228809674249,7.306611888377307,0.1048916013353929,0.0847668378166815,0.2364775302849358,-1.1873356779268345,0.2171833468457448,1.0886166712510903,960.8308746683487,971.1760723574956,969.8065058508184,965.4057190920627,467.86561786414,79.7608014472643,103.06022547815692,419.41499929523576,156.04616198542107
0.9675,-0.3571428485470515,0.2335845913490516,1.02497926938811,0.0661189143978568,-0.0910424706235846,0.0348479437415192,0.0016316481130592,-0.0051368700323152,0.0066963519729636,0.999962894936632,0.0198672014659369,0.0296842674224295,7.3242814775217795,0.1049332497223716,0.0846770819761766,0.2302319613278419,-1.1870815070806127,0.2173963758924299,1.089193055652332,962.0059787579299,971.3135237932513,970.2176846489368,966.4656964587263,394.9544392571621,33.093915878839624,218.0248164817156,350.7164958957671,156.0367519826192
0.97,-0.2698088688549893,0.3080009151267766,0.9724882348279414,0.0645941808605294,-0.0910553475715452,0.0387529507225727,0.0017060625071587,-0.0052667935224613,0.0067312417814318,0.9999618719431628,0.019580894674226,0.0299662273304786,7.342153362519576,0.1049655459264145,0.084577950860966,0.2240568315444533,-1.1868270221054675,0.2176089262284791,1.0897553029028724,962.8056468646344,971.3415419368896,970.896629933227,967.1593015715416,288.9120913454687,8.60904214496258,348.8256510061089,237.8197297875884,156.0288243858381
0.9725,-0.174722028848689,0.4199603656643375,0.7961189707623282,0.0642647903257907,-0.0907594030508926,0.0423394273740603,0.0017742397564475,-0.0053846303098041,0.0067659392616699,0.9999609041009668,0.0187638657881179,0.0304026540918249,7.3601551600272,0.1049847471266908,0.084471695846558,0.2179495990750709,-1.1865722792046411,0.2178215890972418,1.0903042616039111,963.4505392146574,971.356569003976,971.9618129039673,967.6547951076642,239.72730905911683,14.608659211444307,484.73247921312986,171.81525616715575,156.02081183605185
0.975,-0.0984113464370275,0.5555695363948204,0.5327131994090302,0.0649102032341256,-0.0901162146704409,0.0449205822676549,0.0018403889565844,-0.0054882433676735,0.0068001711476712,0.9999599994752352,0.0173816571035023,0.0310548651108316,7.378224023576888,0.1049887072718017,0.0843615090954841,0.2119054452114284,-1.1863173618376937,0.2180347719384116,1.0908401121801738,964.0042834099299,971.4145852329469,973.3202923292927,968.0183778523774,208.98007789505732,45.25846879112119,599.0336009213019,127.8812024052512,156.01273254352785
0.9775,-0.066240638385508,0.7021797979095523,0.2019087128461815,0.0660108212302421,-0.0888949076725312,0.0460523112081623,0.0019059275112648,-0.0055808109565695,0.0068344303941608,0.999959137779186,0.0154846434826149,0.0319377442311844,7.396308925650784,0.1049778436172956,0.0842490717233031,0.2059179854914457,-1.1860625829246887,0.2182482348850535,1.0913635335083935,964.4954396041328,971.5828613479315,974.9569809085738,968.2942011196905,211.23679359632183,112.32597408545632,761.2852118017821,124.04196204026891,156.00457794051675
0.98,-0.0834347749829863,0.8605100634648865,-0.2132539863785773,0.0669801254948225,-0.0865664391294625,0.0458198688463782,0.0019683699643075,-0.0056715854323178,0.0068706588645692,0.999958261067166,0.0132201754575911,0.0330026272687034,7.414372492710261,0.1049552339248987,0.0841342286223112,0.1999796604926334,-1.185808210492053,0.2184613711022162,1.0918754886775448,965.0604673779117,971.9762151033742,977.1267183883018,968.6385876625789,207.64323429459617,182.6297661968054,814.1136756670442,145.82108527779369,155.99471293730988
0.9825,-0.1314703571638893,0.9539729562360157,-0.5300904460306431,0.0672547112483327,-0.0838838655383857,0.0443556526906064,0.0020285433106316,-0.0057658932394673,0.0069088354671858,0.9999573390454628,0.0106858551381855,0.0342451138993182,7.432393429123904,0.1049217842417497,0.0840188067128192,0.1940830506801478,-1.1855540488647165,0.2186735496327663,1.0923758504659344,965.5336557756056,972.4960101789155,979.0275492869091,969.0233065460793,193.159738199938,250.82291250851063,764.5631540945026,192.17456017154277,155.98643183667275
0.985,-0.1863869977577426,0.9842038551053596,-0.7707757123539392,0.0670252574397546,-0.0804439880419456,0.0416964950674266,0.0020879375366331,-0.0058626170923672,0.0069484642934113,0.9999563797844346,0.0078908935108102,0.0356665361589439,7.4503667242148035,0.1048757225368181,0.0839050627664602,0.1882223429908443,-1.185300103793862,0.2188842552311451,1.0928641930405667,966.0262660689112,973.2303296659168,980.9495341587742,969.5994604634365,202.3549154294868,328.0615113750852,763.7015980510789,271.74914246597814,155.97809496242294
0.9875,-0.221328014714742,0.9545342215286056,-0.924380744005588,0.0663203709902746,-0.0766250137426516,0.0383121135972731,0.0021484645878592,-0.0059562448775788,0.0069924353535323,0.9999553929388674,0.0047852608478971,0.0372704969865112,7.4683023165656035,0.1048143360804771,0.083794613422538,0.1823933809660583,-1.185046736599846,0.2190936319084357,1.093339770402296,966.5454303527533,974.1363177357911,982.8460572771645,970.3820522584093,217.4240361746568,399.2286793375112,743.5525681667278,367.6949047071727,155.96971631614576
0.99,-0.2017094667872648,0.8635156617417618,-0.9627746506291036,0.0649882186635599,-0.0733767164025024,0.0348019834664621,0.002211673069688,-0.0060380764362593,0.0070453661281935,0.99995439544951,0.0012767479188329,0.0390517238127609,7.486223067498648,0.1047343155781266,0.0836883112818455,0.1765938818526682,-1.1847942346698184,0.2193020935736009,1.0938017785929397,967.1133862497846,975.2264730626044,984.6672969996076,971.4379349869724,267.59774821041424,514.9297475943736,772.1769778777336,524.4131362882395,155.96129199934387
0.9925,-0.0868924782015332,0.722304616156712,-0.8879947359105562,0.0630779359106743,-0.0709834321273206,0.0312829528974546,0.0022812974872406,-0.0061048161401841,0.0071071658538078,0.9999533985842928,-0.0026405001381028,0.0410341318201138,7.504161316754217,0.1046337190934824,0.0835883253798766,0.1708214235284858,-1.1845421469176165,0.2195103876401301,1.0942492120064005,967.8834190938052,976.7109664737628,986.7069421665533,973.0041179398504,303.13546518893844,568.7663191369888,714.158910111086,615.1851590104565,155.95113522593817
0.995,0.0906446715153356,0.6146107575023309,-0.7477242522877549,0.0615832225378234,-0.0700875307198099,0.0291652717512339,0.0023623730522143,-0.006158549779222,0.0071734426152165,0.999952408369056,-0.0068859182497366,0.0432584138724425,7.522156141543777,0.1045116522033892,0.0834975916082441,0.1650736648335296,-1.1842898591949687,0.2197189231025527,1.0946815766093627,968.6290635757293,978.0703046582893,988.2380915501632,974.5138607820246,327.0009835081734,564.1056404864453,565.6242434870587,630.30432438893,155.94263479118203
0.9975,0.3369005088291867,0.5554751062180158,-0.560593675607235,0.060561397891139,-0.069875014105279,0.0279028703626517,0.0024562219017988,-0.0062045926854504,0.0072383213073769,0.9999514306146596,-0.0113252021240022,0.0457075053336742,7.540250671422715,0.1043677416648843,0.0834175841066313,0.1593495859205676,-1.1840372239131107,0.2199275374633134,1.0950990276938997,969.5184240113459,979.5314946761952,989.5350633839885,976.1556395617952,428.7587730782657,660.6622210429344,503.78072023881896,731.5720747710877,155.93409967241956
1.0,0.6605559392433018,0.5645863396729272,-0.3196408373129629,0.0609398632570887,-0.0698394359089413,0.0271667066049675,0.0025595026505603,-0.0062508433322918,0.0072975066094967,0.9999504548622544,-0.0157804067385774,0.0482924378374081,7.558489169046547,0.1042023343759582,0.0833476521232287,0.1536496911717577,-1.1837837965563203,0.2201361977993755,1.0955022370076732,970.7728574411207,981.373615763504,990.7569951513572,978.17172115588,488.8779453723932,685.289373618426,385.44559303482765,732.2434289020903,155.92382030394998
1.0025,0.8987804198031548,0.6385541445264717,-0.1274090747524738,0.063334124003311,-0.0695889579700561,0.0270700179106912,0.0026670870549604,-0.0063005123152822,0.0073492299193355,0.9999494851366324,-0.0201402591655307,0.0508968435923773,7.576914524212872,0.1040144852541952,0.0832860012695066,0.1479769726426072,-1.1835294864390502,0.2203446483256422,1.0958907448517863,971.962813738208,982.9579415442872,991.4622913491625,979.8168567063055,495.8906328273656,637.1201880294019,214.4527443809189,636.8342416443137,155.9152247758636
1.005,1.0361313051560788,0.7598603637464147,0.0372255317384075,0.0678905016473721,-0.0686559790583756,0.0273766818699954,0.0027773554641368,-0.0063534475993586,0.0073912181533488,0.9999485406026216,-0.0243413837943815,0.0534577760120313,7.595564971919875,0.103802274745802,0.0832319420013741,0.1423356735122927,-1.1832744465975886,0.2205530448517899,1.09626355077286,973.2523106052575,984.559216703651,991.8292588732619,981.3558923641018,520.3520127848712,637.9355347315902,94.55986689463096,590.9523390035565,155.90660037829315
1.0075,1.0553245397549158,0.8916624369868541,0.1705564186172361,0.0731540599528393,-0.0668712679797907,0.027897020630637,0.0028897927037555,-0.0064112001368233,0.00742531380833,0.99994759655135,-0.0282934482427644,0.0559301840604553,7.614471304855527,0.1035653231734262,0.0831840722623955,0.136730474218852,-1.1830189248214102,0.2207618000479371,1.096620478948095,974.5645738021325,986.1476192179452,991.9350906836355,982.7716184013234,514.0086352863473,625.9376691930944,-7.518037655086278,531.9448257786802,155.897953180597
1.01,0.9282029669586448,0.994319426658656,0.261220055473055,0.0775633333693825,-0.0639030085982593,0.0286171406019898,0.0030025115315328,-0.0064752570606726,0.0074560065835924,0.9999466140903726,-0.0319076530214361,0.0582503181515641,7.633655277978119,0.1033041420097441,0.0831399189734861,0.1311670096146594,-1.1827629478682056,0.2209712465181087,1.0969612255350976,975.8223537816892,987.6889050496163,991.7916686849863,984.015616492995,522.7846150712251,658.7547130654598,-94.56779998459044,506.05168590708394,155.88927983778353
1.0125,0.648136142193558,1.036205572551036,0.3188384018497132,0.0808608190197868,-0.0593374682776437,0.0296209506925556,0.0031134666912731,-0.0065447224347089,0.0074880228279376,0.999945569520838,-0.035133890488121,0.0603548673165315,7.653128537643811,0.103019295986806,0.0830969144826996,0.1256518082962222,-1.1825071401531937,0.2211812128020534,1.0972852588807178,977.1784968774883,989.4413927832724,991.4622516837129,985.3018768308589,463.9777687693716,619.4403031757331,-124.41226537953013,438.95226475989506,155.87884335114256
1.015,0.3594377723712741,0.9834640097254032,0.325134170025835,0.0816834138491512,-0.0555081568550754,0.0305173797405652,0.0032234861252038,-0.0066181467324812,0.0075232069703208,0.999944455745064,-0.0379347406034953,0.0622274991512315,7.67289200589177,0.1027115548392659,0.0830538673084386,0.1201909985077237,-1.1822522413566985,0.2213913966077594,1.097592536240691,978.142242625536,990.7861065654952,991.1696073580889,986.2103778167944,349.8539377934468,506.205416929026,-94.93224776340192,334.96320225751015,155.87012386395426
1.0175,0.0774117140458663,0.8396281117905066,0.291352556272857,0.0806115669858982,-0.0525497530459104,0.0314592586410794,0.0033370194777542,-0.0066994296828903,0.0075615225536211,0.9999432321669472,-0.0401966571917693,0.0639106300666177,7.69293613060849,0.1023834583431601,0.0830108225208864,0.1147885322758092,-1.1819982484650289,0.2216017336368168,1.0978845171542626,978.9277665664557,991.9724198679176,990.9875904448957,986.9766928421463,312.13747653317324,482.39250728282633,-31.358185104978233,314.2775687930065,155.8613827625775
1.02,-0.2005065215895517,0.5848459650711206,0.2116933552758088,0.0779771175260021,-0.0502674222513679,0.032529884226445,0.0034581745180245,-0.0067888022003135,0.0076033147658635,0.9999418808512482,-0.041870336827975,0.065446519498341,7.713242636352648,0.102037382070516,0.082967597530042,0.1094483231888326,-1.1817454491005783,0.2218121476795789,1.0981619057674987,979.702930008202,993.1980691019091,991.012816432564,987.7817656607597,266.07035189943525,422.0279582169813,60.14694866019127,284.59803329852247,155.85087052464132
1.0225,-0.3692467354318531,0.3277885678657396,0.121436747428714,0.0757446171762184,-0.0493137968709153,0.0331235609099489,0.0035857789393439,-0.006883710838929,0.0076504756630376,0.9999404093670732,-0.0429600573806856,0.0668011486045011,7.733786697429341,0.1016760453894193,0.0829225534977998,0.1041746332545332,-1.1814944228025739,0.2220219650805974,1.0984253151473495,980.2581183259528,994.0825596590024,991.2883251881968,988.3996830086387,217.5439420631893,343.8620176533123,167.4832569699028,245.75899335639477,155.84209284397738
1.025,-0.4888318418977986,0.0525438341679854,0.0207069752601002,0.0743283115208488,-0.0491458961974614,0.033083606940161,0.0037142407314111,-0.0069770674593084,0.0077044871255174,0.9999388749700192,-0.0435527926001748,0.0678768026746742,7.754539444042166,0.1013018696431953,0.0828734173963621,0.0989721094577286,-1.1812455012837035,0.2222308957096083,1.0986753497480397,980.7906497185179,994.9173791901757,991.8502327174134,989.0105606275416,220.48353597846872,346.98856953120065,271.1323770275095,248.9405034419348,155.83329890668767
1.0275,-0.5929666303545869,-0.2194180580524034,-0.0779040592292076,0.0736343245831629,-0.0495330178726412,0.0325628820747296,0.0038403996596715,-0.0070623086638632,0.0077662097381921,0.999937328818198,-0.0437408083367495,0.0686173071344011,7.775470306031939,0.1009179553466564,0.0828187428439785,0.0938435105951307,-1.1809985292509984,0.2224394204668973,1.0989123436605384,981.3605360058451,995.8175025066585,992.6439870733344,989.6443855258486,249.16127212742927,404.33219856310166,369.360630567931,264.6621509572408,155.8244927782579
1.03,-0.707458961139152,-0.4689515916916269,-0.1659633944536603,0.0733110963071787,-0.0505695218389986,0.031834969865244,0.0039622194444858,-0.0071381376886646,0.0078363913284254,0.9999357836444316,-0.043548474215467,0.0689878407186836,7.7965500394268945,0.1005287851407869,0.082757351312603,0.0887889375468481,-1.1807535909135292,0.2226478807262651,1.0991368817816296,982.0364560791551,996.9390401829912,993.6970358702531,990.3338713823276,333.31454694026235,574.5538686440236,517.4669006894757,323.95791937161226,155.8156733735334
1.0325,-0.8750715161419169,-0.7225984660173647,-0.2579137037323846,0.0724354444258423,-0.0525850470529356,0.0310617115231613,0.0040726549286871,-0.007208227622358,0.0079139070812203,0.999934250607218,-0.0429368035650119,0.0688793733039956,7.817754108644632,0.1001394249269387,0.0826875484617497,0.0838069583177389,-1.1805109383046934,0.2228555778216183,1.0993507275773944,983.0271087405464,998.6902718498785,995.2313215767816,991.2641751227065,396.96121778409565,721.140268914989,603.5814059531632,365.20489592133674,155.8050764544925
1.035,-1.0359260629232467,-0.8843825226573865,-0.3260017961196289,0.0708031251192666,-0.0548462564470722,0.0305447381281127,0.004167815397082,-0.0072739046036406,0.007994767513242,0.9999327674180138,-0.0419158734392312,0.0682366142175816,7.839064930081096,0.0997537557422492,0.0826088140825229,0.0788948748828429,-1.180270634707572,0.2230619769848242,1.0995547604724851,984.0212621680755,1000.5447415275662,996.7149429000189,992.1598958619344,430.9459058482744,822.3748845335459,629.826960865088,391.69076238451,155.79623552026155
1.0375,-1.1985798508476937,-0.9861544262554632,-0.388297601179246,0.0680038281057147,-0.0576047506836517,0.0300566150051685,0.0042513995213646,-0.0073357320106766,0.0080729661692764,0.999931361742992,-0.040519070682566,0.0671285431524305,7.860473812523914,0.0993747489049353,0.0825219968568086,0.074047984855076,-1.1800323800985069,0.2232675702225337,1.0997494259322682,985.181838269788,1002.8021462725465,998.3804563811073,993.2226289346291,486.03989024185256,957.8278587622211,688.656762198259,456.2317324071168,155.78738542574652
1.04,-1.3436540425850976,-1.0370640167807137,-0.4447077045369906,0.064331037824603,-0.0606979435100515,0.0294541227797619,0.0043278595893501,-0.0073966231003145,0.0081446980837465,0.99993002405515,-0.0387538327459596,0.0656424688246699,7.881983084936586,0.0990054361640461,0.0824270305245624,0.0692605098069989,-1.1797951530551525,0.2234737174772739,1.0999344398462623,986.4514616192848,1005.3338808213774,1000.1582267110102,994.4410545239699,522.851267598696,1053.4441217642322,722.8546150559778,521.6515613323847,155.7785287825477
1.0425,-1.4501865265909275,-1.0343521196218888,-0.4868302164123409,0.0600220546586519,-0.0638158427802008,0.028542189288314,0.0043997194748767,-0.0074577975662876,0.0082081195734165,0.9999287506405056,-0.0366639274132742,0.0638423066201058,7.903607393027237,0.0986481352729321,0.0823226292042651,0.0645272299123571,-1.179558105673044,0.2236814114992547,1.100109059141934,987.7960946077811,1008.0693668813676,1001.9947294563868,995.8308867412912,591.3111318907467,1207.2011197370812,794.8839792892555,636.2653921015316,155.76966545494295
1.045,-1.5271660501280815,-0.9917830200954793,-0.5058258135439374,0.0550777871606614,-0.0668990676336737,0.0269763356144589,0.0044679101222401,-0.0075213281921954,0.0082617331573711,0.9999275363098296,-0.0342876609858952,0.0617728151163101,7.925373894713645,0.098304602052301,0.0822069137981258,0.0598432171944697,-1.1793208951222829,0.2238906896886176,1.100272837307455,989.4080172787386,1011.3698864200626,1004.1326466074564,997.6223814844776,577.4782461314638,1176.1405160429103,751.4777575160051,661.2611490737056,155.75902257427475
1.0475,-1.5550513738504674,-0.9455371358940922,-0.4836507113291584,0.0515057086372727,-0.0687632582530831,0.0253473189508689,0.0045319997789864,-0.0075940729776733,0.0083031654629645,0.9999263528419556,-0.0315931778616567,0.0594618250384399,7.947321592684797,0.0979763427349914,0.0820780026411808,0.0552032264647593,-1.1790835967719107,0.2241012924954119,1.1004260508073935,990.6834858384387,1013.950069461582,1005.752118243967,999.1371924866595,482.0644884446098,951.3549403266104,592.0437617774814,589.574172658954,155.7501474744496
1.05,-1.5562211522325142,-0.9114594447815508,-0.412757218895066,0.048250468393247,-0.0701642164610729,0.0235963044727269,0.0045929692495173,-0.0076807907112502,0.0083314450633187,0.999925169663356,-0.0285846933860552,0.0569645012038231,7.969500210770784,0.0976641945062653,0.081934180966828,0.0506027460306694,-1.1788468028623138,0.2243128199876695,1.1005695097400168,991.8183397209616,1016.1266611216957,1007.0928654163438,1000.5702523477725,455.65079952719833,819.9706087536644,511.1329249904993,590.9973056884736,155.7412646459802
1.0525,-1.5332108693663156,-0.8979847301789863,-0.2725827912490034,0.0441420581495615,-0.0718557833597016,0.021769401336854,0.0046508616609048,-0.0077792914651215,0.0083493595449472,0.9999239806995236,-0.0253786840859972,0.0543258552281396,7.991968831544011,0.0973684295588969,0.0817733812488763,0.0460395266071679,-1.178611459645216,0.2245247608178813,1.1007031507262828,992.9617398360746,1018.0499225053504,1008.3077828689196,1002.092179015102,380.17963480889097,570.6125906214205,379.9495647224229,514.9934327702223,155.73059325563077
1.055,-1.4929661035925033,-0.9080212161137668,-0.1206090762803276,0.0403677021196162,-0.0736420187421243,0.0207834021642521,0.0047040212416951,-0.0078851237388136,0.0083632634194402,0.99992277474068,-0.0221282826069088,0.0515663559974459,8.0147934931853,0.0970893851886482,0.081593348192321,0.0415130189029226,-1.1783779726708778,0.2247366099397457,1.100826192231413,993.7192378950061,1018.9797240748028,1008.992613239956,1003.1452195116236,268.1410609850611,229.809801869823,219.82242439123127,372.30510343446485,155.7216873352797
1.0575,-1.428692484938881,-0.928615880226109,0.0449055252229373,0.0365588601622826,-0.0760044790121697,0.0205419237265415,0.0047508878390377,-0.0079967219948532,0.008377191219327,0.9999215371931276,-0.0189383981014469,0.0487078080957033,8.038044034672806,0.0968268457727849,0.0813930637494858,0.0370232545510779,-1.17814556867579,0.2249477954347944,1.1009379700871746,994.302445141,1019.1989715146996,1009.4068949908756,1003.9537045322744,215.7283772037495,-14.965504334622544,140.32406325436244,285.99665096714284,155.71276314163543
1.06,-1.345618921547031,-0.9475908973596806,0.2000161123523301,0.0329635871697086,-0.0786262736733983,0.0209580770282622,0.0047906779265662,-0.0081143406404247,0.0083926977977927,0.9999202568509404,-0.0158798359100321,0.0457830080494166,8.061790953965897,0.0965796855095372,0.0811728178488308,0.0325710038390745,-1.1779137832784,0.2251581102823579,1.101037964957977,994.7978797810249,1018.9048965531296,1009.6942335562278,1004.5752027664593,197.12777249963403,-205.61400653833044,115.05119230201008,214.17016089626944,155.70381959134113
1.0625,-1.2455883130505516,-0.9560490384669476,0.316246667596222,0.0297455840412919,-0.0811195521099554,0.0221332971347098,0.0048212120008105,-0.0082419931840718,0.0084106404003241,0.9999189044425132,-0.012955671935003,0.0427991713251276,8.086101985818697,0.0963461335709243,0.0809336444034294,0.0281577263038546,-1.1776820480670491,0.2253672278413897,1.1011266669967343,995.2880840034979,1018.170901482008,1009.9821509523856,1005.0245553367556,242.54899844300388,-364.62281581703667,169.01006834100733,177.63688305217707,155.69484685307094
1.065,-1.1169486675518747,-0.9487026001629152,0.3840857560168228,0.026444831903919,-0.0839359631230515,0.0241894809511521,0.0048403570052337,-0.0083772891078071,0.0084328252775088,0.999917492815614,-0.0102630807596234,0.0397610588324682,8.111039534197864,0.0961234010437257,0.0806770530680544,0.0237872151736899,-1.1774500216863046,0.2255745252240165,1.1012040991098335,996.0106247732397,1017.0817824740446,1010.5392838979328,1005.46338718172,304.8960076488286,-387.2392495635178,267.73446579326736,160.60356694190062,155.68403821020092
1.0675,-1.010914816356932,-0.9261081800665608,0.3715389435575988,0.0241822221714535,-0.0861423957744155,0.0260531886469708,0.0048503679318949,-0.0085163990003068,0.0084604203304108,0.9999160309794842,-0.007911696006983,0.0367396606283788,8.136657281669406,0.0959079810070777,0.0804053405836804,0.0194638780668535,-1.1772170512313913,0.2257798592967842,1.1012701948217287,996.8125640417423,1016.2347052341904,1011.320823281352,1005.8275731714652,375.6442818852433,-275.415300432649,404.02666745082087,164.7473824674724,155.67499184024263
1.07,-0.9127771544595304,-0.8843259474001434,0.2916093696163166,0.0223181973610553,-0.0882247614517655,0.0275892271643019,0.0048575516969735,-0.0086558579054758,0.0084925222612207,0.9999145241814814,-0.0059930650291564,0.033866575044113,8.162997356679698,0.0956956879671662,0.0801214601154918,0.0151923878017827,-1.1769829544892236,0.2259837469913412,1.101324712753989,997.8888461826659,1015.7047059718813,1012.5594172351869,1006.2871240940576,540.8003255830752,-115.49799474480795,665.5637968453135,243.72687336534065,155.6659005742381
1.0725,-0.8040414069279564,-0.8082146825590361,0.1409335333963444,0.0204262975741106,-0.0905908743579327,0.0286977983705498,0.0048671407153213,-0.0087910334780684,0.0085261175515097,0.9999130122914012,-0.0046053315970442,0.0312507088331132,8.190088138735158,0.0954818110050704,0.0798285602261594,0.0109786922929187,-1.1767481133245012,0.2261864118877455,1.101366826311988,999.5165656696576,1015.6572152604662,1014.6486422655784,1007.046207538292,648.4139082925051,99.96748777846493,866.186710315715,323.65213203727996,155.65493602160117
1.075,-0.7143251201540058,-0.7192956273136065,-0.005195374309188,0.0189436548348201,-0.0925632941987579,0.0288458207199555,0.0048817525405754,-0.0089181930036152,0.0085598684826797,0.9999115263764536,-0.0038196136437535,0.0289522504625957,8.217942155510478,0.0952619894969403,0.0795291590420399,0.0068296461017122,-1.1765129338574352,0.2263878814641304,1.1013960826263087,1001.1309157241284,1016.2045434107736,1016.8903507867655,1007.9053847542438,688.0821611599072,346.41750121722106,987.4701299710749,398.4736755067296,155.64575196982824
1.0775,-0.6106174557369928,-0.5999226721218806,-0.139772656302278,0.017257294835316,-0.0946040967073155,0.0281736179662455,0.0049009700360725,-0.0090415919197517,0.0085918583727685,0.9999100451755656,-0.0035627451623978,0.0269738199148564,8.246554109892326,0.0950319976757681,0.0792255804568317,0.0027514132905008,-1.1762771874940017,0.2265882554085206,1.101412911331528,1002.9569764754572,1017.3893027665524,1019.585992915434,1009.0385759158256,755.4563291259054,570.6047418539905,1136.2132229894735,501.20226768775615,155.63651943113533
1.08,-0.4823043132419329,-0.4558929943435082,-0.2431759724316902,0.0152793425460886,-0.0965114914395584,0.0269448030288399,0.0049254728744006,-0.0091662514496439,0.0086203461392025,0.9999085351089724,-0.0037344196840019,0.0253291352852922,8.275901185277299,0.0947876811960355,0.078919864057268,-0.0012501806298936,-1.1760403612062948,0.2267881466117832,1.1014174607975715,1004.908197369758,1019.0575671200436,1022.5714169017128,1010.4113960926828,800.0717220602097,758.3086708064844,1238.2679197626694,607.3431836649108,155.6272479898071
1.0825,-0.3146068582874911,-0.2911877035601578,-0.2926311429046093,0.013155373291305,-0.0977830556219768,0.0254272282853333,0.0049571439612305,-0.0092948808908174,0.0086455152912168,0.9999069628824891,-0.0042590416110025,0.0240459675637585,8.305943792989781,0.0945254181938604,0.0786133711490681,-0.0051694402001679,-1.1758023998547795,0.2269881312620848,1.1014095109527289,1006.9573350857582,1021.1808461205848,1025.7773325142473,1012.07529183415,915.8353918437763,993.6922325468896,1428.2968535325003,797.797598725691,155.61793258235184
1.085,-0.0741347683875201,-0.09109156203564,-0.2848786898012169,0.0114009428516149,-0.0982062038542974,0.0239333053399645,0.0049948284798785,-0.0094255880278468,0.0086703569301002,0.9999053282390692,-0.0051265413316356,0.0230967402190048,8.336626849696781,0.094242619068492,0.0783067037107141,-0.0090000875895651,-1.1755635187570193,0.2271881316582538,1.1013892954402025,1009.4873743289768,1024.026028282778,1029.7129011693753,1014.400384086311,937.8760965133107,1056.9219072053313,1437.1022657692388,904.3044994635256,155.60670812270672
1.0875,0.1386386841539246,0.0600105167498471,-0.2291265409688117,0.0113827457373742,-0.0976291222908623,0.0231607186291689,0.0050342209603066,-0.0095560033158591,0.008694752055252,0.9999036780035668,-0.0063257899607273,0.0223954342930989,8.367881127961843,0.0939370912044879,0.078001033089739,-0.012736423763704,-1.175324254601927,0.2273878033965467,1.1013587450618083,1011.6467155683248,1026.4654556566115,1032.9628438430937,1016.5968143314678,876.7178845676223,953.215894474966,1276.2444585899334,925.5664821869245,155.59731976059848
1.09,0.3308533664444002,0.1801370122019787,-0.1359228103198802,0.0127540248613405,-0.0963421164678598,0.02277827130641,0.0050709460948719,-0.0096836174803332,0.0087221106533049,0.9999020312968022,-0.0078412150121264,0.0218494393526121,8.399625636252038,0.093608246517379,0.0776969337148508,-0.016374148829522,-1.1750856909997687,0.2275867258102354,1.1013200521299953,1013.8709637518152,1028.7921077551528,1036.0941234623251,1019.0282164972458,998.2840302765438,970.1195254164963,1339.202131329313,1110.9612595187864,155.58789976560487
1.0925,0.5065412608380988,0.2886743950787715,0.0022207726791171,0.0151264295541685,-0.0946648517814783,0.0226533533912232,0.0051020821106008,-0.0098034777735365,0.0087571447460177,0.9999004118322108,-0.0096932703070139,0.0213862822998742,8.431770586972776,0.0932568882562975,0.0773947605391362,-0.0199101848488612,-1.1748490680622747,0.2277840936672815,1.1012740008621555,1016.6381357197076,1031.316053283694,1039.65885449974,1022.1516206290617,1031.7995451039899,872.0701991924402,1271.282328155921,1166.4162486978075,155.57656421976583
1.095,0.5968754550217495,0.3626828914921284,0.1276608932953821,0.0172137433872857,-0.0937241300159268,0.0228776966623556,0.0051290465618696,-0.0099176006870582,0.0087989564723003,0.9998987987027744,-0.0117806844301618,0.0210019183902142,8.46421958036982,0.0928836829090007,0.0770956798991782,-0.0233446911477727,-1.1746148248858024,0.2279798758324493,1.1012203937216103,1019.0299614773348,1033.152458751115,1042.4505351031044,1024.8602977407347,968.1936665313949,680.1736842286718,1077.5680767315637,1087.5249547062826,155.5670953345333
1.0975,0.6316169218395271,0.4439161618175992,0.2512417850435356,0.0190494190398755,-0.0934942558737637,0.023437852812402,0.0051565856520284,-0.0100264081686486,0.008843797579914,0.9998971941315492,-0.0140260135924108,0.0207472908002664,8.496873339454508,0.0924895964866312,0.0768009307293741,-0.0266790948509863,-1.174382989765385,0.2281748150300195,1.1011592096132754,1021.4791040523644,1034.7169217048372,1045.0466948833975,1027.5892454025927,977.6420419321084,587.4469659587113,1004.6642585411286,1081.736999065081,155.5576074885036
1.1,0.6297038801179538,0.54627045332261,0.3650629985980112,0.0206582466925307,-0.0936309464687061,0.0241678332969024,0.0051853457377083,-0.0101298471042771,0.0088886936892351,0.9998956197617452,-0.0163602323623336,0.0206038865842471,8.529632218563988,0.0920762092424559,0.0765113905598084,-0.0299149830554231,-1.1741537905342865,0.2283691993039813,1.1010905073208963,1023.9181716869956,1036.0896935809087,1047.4738563958103,1030.2689827360603,953.059672385212,515.0800344207136,927.4705498249443,1046.3438414691823,155.54810736874268
1.1025,0.5985552456389831,0.676586970402264,0.4578965444553827,0.0220968145563491,-0.0935029976429148,0.025118251243681,0.0052140190550168,-0.0102312478153433,0.0089325359781895,0.999894057412561,-0.0186580190951472,0.0205198129484112,8.562398569653038,0.0916453738113868,0.0762273562901305,-0.0330550149347569,-1.1739273311600251,0.2285626082891323,1.101015196861296,1026.2444024142903,1037.2923218769408,1049.6840476325226,1032.8209646099388,970.5796036261725,507.8893456698205,917.8394393016074,1080.506620717074,155.5385967051915
1.105,0.5470563110056585,0.8421184808314806,0.5326406028433843,0.0236523154885273,-0.0919451008343319,0.0266330354811748,0.0052451020846805,-0.0103331554287792,0.0089736090467001,0.9998924829520468,-0.0208082083175482,0.0205096482079757,8.595079503296997,0.0911987395100727,0.0759486448344407,-0.0361028675992339,-1.173703341600021,0.2287551393276387,1.10093417960602,1028.7710697051264,1038.6291403092575,1052.0630535923183,1035.6715158396455,867.5156672817777,486.3541723169068,823.3187158487173,1004.8752682260542,155.5271765936178
1.1075,0.5059343263987462,0.9573354895739924,0.555459841754877,0.0247512882489561,-0.0891569869408932,0.0281628547970685,0.0052813124485209,-0.0104345328329365,0.0090129262378317,0.9998908838821668,-0.0227640210254578,0.0205957470869725,8.627588792826552,0.0907382601959778,0.0756741106456161,-0.0390619216052007,-1.1734812305632627,0.2289471401374357,1.1008476633119568,1030.5819807506991,1039.724092738525,1053.800641211766,1037.8453409510691,656.6773376135492,450.49404227260175,641.324511997467,827.003614704453,155.51765622608107
1.11,0.4807232235107349,1.0138210418311249,0.5291580014999651,0.0256639062147522,-0.0853549707779357,0.0297436468807037,0.0053237359802514,-0.0105337678031978,0.009053860507689,0.9998892416933344,-0.0244929502282754,0.0207767729299959,8.659848008750998,0.0902658137537891,0.0754018655436403,-0.0419352344220328,-1.1732602161583434,0.2291387861914198,1.1007552902124365,1032.054456393194,1040.8816105206208,1055.2696761523057,1039.8065339131679,538.4385918598913,484.3649200425149,543.5906158109321,752.0353379892011,155.50813366268807
1.1125,0.4765041203585282,1.0079716785921533,0.459150630414188,0.0263531595626941,-0.0813725346649054,0.0313006826931055,0.0053717197543425,-0.0106333694092765,0.0090980134406534,0.9998875203554995,-0.0258952347401501,0.0210248956091684,8.69178727030385,0.0897821040554669,0.0751301236869054,-0.044726107865962,-1.1730393373998087,0.2293304769666722,1.1006566639053412,1033.2741737099989,1042.145917338738,1056.5185942908208,1041.6055176410152,446.74936821589694,541.07124027056,453.14700065497215,685.9906915161138,155.49860940295787
1.115,0.5013555934723848,0.9333168462700964,0.3378389724257216,0.0268618226622382,-0.0779606078403313,0.0327814471231325,0.0054223073210751,-0.0107355054939126,0.009147585929236,0.999885695075258,-0.0268811383747951,0.0212769508576958,8.723346150612711,0.0892873938244272,0.0748569407740506,-0.0474370215113119,-1.1728180225063067,0.2295223416822329,1.100551890347805,1034.2882032342736,1043.5869667219736,1057.5354111555805,1043.2364873707484,437.234456347833,680.8663268133532,412.80669365929464,685.8740847081809,155.4890820368785
1.1175,0.5582544344059928,0.7979511678649798,0.143811342259328,0.0276139258976751,-0.0753492320303332,0.0341857402865169,0.0054715677251731,-0.0108357351387973,0.0092058728846984,0.9998838050194954,-0.0274810941978302,0.021458456973418,8.754474339789702,0.0887823878646037,0.0745801637162916,-0.0500686323863845,-1.1725963351814312,0.2297145680217466,1.1004399495445214,1035.460345991738,1045.5502489728046,1058.5826277591173,1045.034888064556,454.85306864146736,758.0953224461433,376.89168255141374,637.2694790602361,155.47764274563224
1.12,0.614100674264152,0.6800559897614401,-0.0422725674057276,0.0286652744974387,-0.0743233233988081,0.0346355055195326,0.0055192365552602,-0.0109314024182718,0.0092727096850168,0.9998818812472168,-0.0276995341237901,0.0215630358899005,8.785131436845182,0.0882670631604093,0.074297916891585,-0.0526219818898826,-1.1723741239677024,0.2299073688013983,1.100319906666797,1036.562468577481,1047.3774433342044,1059.4198695683376,1046.4228347660496,502.6524669277817,763.6115381058339,360.42304127735486,536.7170371692613,155.46810150093725
1.1225,0.6534298923364859,0.5905899217384715,-0.2270056549965099,0.0303389696566209,-0.0737423236574181,0.0341060220815195,0.0055680857236927,-0.0110218020409609,0.0093436432417401,0.9998799573581904,-0.0275121067063733,0.0216420638317625,8.815286954399287,0.087740729016588,0.0740088668209921,-0.0550985767269202,-1.1721514397007624,0.2301010033135895,1.1001915892930432,1037.9736083263767,1049.368306663334,1060.384742965504,1047.7184732504024,720.787374469334,900.4250722414519,493.7570880488798,554.3347404389016,155.45854655728186
1.125,0.6502174111928094,0.5371889296533742,-0.4150212730630449,0.0330357558673395,-0.0730430344332081,0.0325045817275672,0.0056178858662148,-0.0111083989379971,0.0094125590227499,0.99987807636109,-0.0268634450226046,0.0216986524497127,8.844920126970063,0.0872026141379733,0.0737125404728866,-0.0574997888017956,-1.1719286766820922,0.2302951337913415,1.1000552118825269,1040.1664054498276,1051.8795686954115,1061.888655008582,1049.194508468244,894.9995255097939,931.0225562214072,631.9857625357279,532.6814112153556,155.4470581622494
1.1275,0.5886181690428445,0.5409943838089905,-0.5255740702983596,0.0355383944631515,-0.0724086616308349,0.0306162532887156,0.0056648260435309,-0.0111947748003826,0.0094745928702195,0.9998762667695776,-0.0256691085763652,0.0216762278346811,8.874019858393964,0.0866524777345543,0.0734091282830283,-0.0598270572883649,-1.171706213904388,0.2304887372835426,1.0999122302463693,1042.4486059539258,1054.0234194444408,1063.5446717781826,1050.3818803064792,998.3617529206865,859.5444067412046,757.9830833301281,471.44769047907903,155.4374606800814
1.13,0.460085892655799,0.5869662702203743,-0.5781082199918921,0.0376800401947726,-0.0713911759312249,0.0285302003112998,0.005708757055608,-0.0112830152232268,0.0095261803839368,0.9998745411151096,-0.023879395882101,0.0215862618650757,8.902585040374058,0.0860911614770104,0.0730987664725433,-0.0620825461100169,-1.1714845146108543,0.2306812415097588,1.0997637550879409,1045.1582142144312,1056.1772907291177,1065.6785704252327,1051.5517469206395,1134.4915815342313,860.6260168459158,927.6323966606255,467.8200244091733,155.42783220104823
1.1325,0.2839080914979273,0.6554013058868426,-0.5846812254453653,0.0393303375988183,-0.0698308324633069,0.0265276015008682,0.0057481705812892,-0.0113712742840886,0.0095668363776557,0.9998729349573175,-0.0215256707452349,0.0214194046832564,8.930624491323755,0.0855213139959312,0.0727817704296967,-0.064268035700426,-1.1712641622912572,0.230872334194212,1.0996109297641357,1048.1210638615971,1058.3265495286705,1068.1828337614859,1052.720980428525,1208.4922425722907,858.8570890255779,1068.5627358244571,468.04320432485014,155.41817322415008
1.135,0.0723599568923049,0.7339607772973322,-0.5488224041262508,0.040116306224892,-0.067687907685145,0.0250329342508964,0.0057807021927951,-0.0114566239694059,0.0095964660229772,0.9998714980518854,-0.0186712076234307,0.0211522519031282,8.958156676789347,0.08494672305466,0.0724589897834102,-0.06638539587441,-1.1710462318976012,0.2310615287208143,1.099454630118872,1051.2006754272925,1060.4715761742455,1071.0213841043549,1053.8919629422635,1323.867828497242,943.00446446525,1281.0327791773307,512.875417899806,155.4084715809764
1.1375,-0.18338425560074,0.8241430465921699,-0.4801414849425695,0.0397271916747472,-0.0647222099221125,0.0241319422631716,0.0058064460970111,-0.011540458194041,0.0096151821911561,0.9998702142504104,-0.0153147215623163,0.0208047454781091,8.985209083129437,0.0843714701862312,0.072131277138437,-0.0684377456866578,-1.1708312805564387,0.2312489674867111,1.0992955450947224,1054.7404030040832,1063.0415718509967,1074.5879976573724,1055.285357518024,1228.263891839532,938.9204472878429,1293.411924890749,505.74383464107734,155.39677261086322
1.14,-0.3682501188865578,0.8921789484320563,-0.4159868023608315,0.0382263844113813,-0.0622805733213742,0.0238640847707612,0.0058293499022252,-0.0116201480330259,0.0096246525157663,0.999869075201891,-0.0115401119956867,0.0204666715170647,9.011818214738335,0.0838009882790878,0.0717988661503609,-0.0704279184948092,-1.1706198280761912,0.2314351092039708,1.0991326706333957,1057.3419948864903,1065.1661784106848,1077.4884437288088,1056.4206821154692,921.3615801030543,838.573747988429,1092.331866407878,445.25421258039273,155.3869703626136
1.1425,-0.4971568173465758,0.9569370100101736,-0.3507336715989679,0.0361118680077784,-0.0602717238881481,0.0234201428620139,0.0058546653692782,-0.0116935627771673,0.0096291394311439,0.9998680344275862,-0.0074365020937381,0.0202511110335957,9.03802844525239,0.0832413442570918,0.0714613868395132,-0.0723585790109395,-1.1704121359588948,0.2316200520394006,1.0989648246365649,1059.3472109045983,1067.234440590939,1080.049656989412,1057.511628580926,703.7786215694417,884.2522447063591,991.9601805087251,467.49078107178406,155.37710631982867
1.145,-0.576728831309602,1.037444832136232,-0.264592919651646,0.0335988848591797,-0.0582975609419746,0.0223754935197237,0.0058894884040323,-0.0117614316817286,0.0096322746269975,0.99986700770765,-0.0030542987199114,0.0203029936111342,9.063890742274237,0.0826980529770778,0.0711182578330908,-0.0742325701961488,-1.1702076267569024,0.2318043010276508,1.0987914220429105,1060.8608879943374,1069.5874396342165,1082.4482446313523,1058.758136020828,390.1273257757194,831.4633414928898,736.9174257561255,446.8317046782981,155.36519008972567
1.1475,-0.5861355751466184,1.1047068008119572,-0.1791212486751586,0.0319086421853358,-0.0564552008652575,0.0213576864341782,0.0059354416321383,-0.011826246801712,0.0096364257013365,0.9998659339333767,0.0015754841299439,0.0206661215118697,9.089461231621236,0.0821757867137289,0.070769841290474,-0.076051706555228,-1.1700055903708009,0.2319878802065367,1.0986125748351965,1061.2978475334771,1071.3917572984033,1083.7342441181925,1059.7457871043175,3.8130060326238007,678.619992026627,352.13131463391716,387.9884330864935,155.3551874886111
1.15,-0.5525147570773136,1.1570277942512883,-0.0761674537755275,0.0307892865056946,-0.0538660355947196,0.0205473515288261,0.0059897389489344,-0.0118895298133415,0.0096428884839502,0.9998647999379928,0.0063936742974364,0.0213013136470033,9.11480016346084,0.0816785351901,0.0704173573414942,-0.0778165983122263,-1.1698059505018004,0.2321704876753925,1.0984289282589228,1060.8799530245003,1072.9805395943497,1084.208901204522,1060.6980781862603,-293.3825566225483,593.2310287135668,63.618758225855686,381.02662555724265,155.34510157419933
1.1525,-0.4958667080941239,1.1798469608469984,0.0374590753542291,0.0300419799344957,-0.0508230777723036,0.0200459734452393,0.0060479038065096,-0.011947981734241,0.0096520810431712,0.9998636677655086,0.011244980147989,0.022135490878584,9.13997121042776,0.0812100462342357,0.0700624949200551,-0.0795265152909541,-1.1696087328408555,0.2323519516583029,1.098241173626425,1059.8309347503643,1074.3579124419712,1084.0523379093215,1061.6509202321035,-534.8864429604076,495.048644607106,-183.70631482621712,392.7137838304672,155.33493999641544
1.155,-0.4208566829876692,1.1471594419302726,0.1519155579295772,0.0295132755456761,-0.0474968943589008,0.0200064239345285,0.0061042900727833,-0.0119985127973083,0.0096650227417242,0.999862598765623,0.0159715587834915,0.0230700057942348,9.165039716866785,0.0807731038117951,0.0697070780097197,-0.0811803032696046,-1.169413462878625,0.2325320580294937,1.0980494919519659,1058.2055208096983,1075.4557828173852,1083.2903696303908,1062.6616471054128,-781.3513231121019,419.74284517519646,-417.35917627721375,475.1856198403504,155.32467867948117
1.1575,-0.3108704833080336,1.0261532632566015,0.2677240438357631,0.0288296876626953,-0.0434550418264857,0.020589300249483,0.0061535803523998,-0.0120384223105718,0.0096821080442582,0.9998616545578523,0.0204198542737378,0.0240077816471981,9.190071390668402,0.080369144018488,0.069352973344101,-0.0827765869349213,-1.1692193210129795,0.2327105710696611,1.0978539429852845,1055.924178134804,1076.456626667847,1081.9655420279355,1064.0268483313055,-833.5218969054217,323.8570618351856,-507.3356709901981,535.8598763378836,155.31223817406925
1.16,-0.1971356617040259,0.8535622830835305,0.3276728958025466,0.0280608850455273,-0.0404995667033211,0.0216586888816584,0.006193758428711,-0.0120666768657162,0.0097024613673246,0.9998608691516992,0.0244681296009122,0.0249080750890943,9.215130852137204,0.0799978470046699,0.0690015956642663,-0.0843143422394697,-1.1690255135441228,0.2328878932453782,1.0976546948065766,1054.0379113251715,1077.075068126561,1080.75369127544,1065.3409464871022,-680.5971460436765,226.0401414765004,-455.3835232399601,564.984866540986,155.30175641747735
1.1625,-0.0525982988942839,0.6143939417169718,0.3304203255008699,0.0270583437952193,-0.0384470990857093,0.0233159132117579,0.0062238022570459,-0.0120841020558809,0.0097264723990399,0.9998602364361038,0.0280329931362778,0.0257450602545756,9.240280248021332,0.0796574611204831,0.068653752627386,-0.0857925595117958,-1.1688313125704035,0.2330645271126279,1.0974515021004776,1052.5211924045855,1077.5868273752296,1079.6886244117359,1066.8517726640105,-498.96801526609784,211.0388914959864,-370.90092356924333,629.8485457376355,155.2911446249765
1.165,0.118317850812871,0.3324524967312214,0.2787748175025109,0.0260417281921861,-0.0370268833930923,0.0252732557481035,0.0062451139727112,-0.012092797126542,0.0097561447709221,0.9998597046107776,0.0310624515621032,0.0265349399395911,9.265578207980935,0.0793450404251315,0.0683093054989622,-0.0872103464626852,-1.168636427398346,0.2332405827509161,1.0972438291172768,1051.5430712488408,1078.130262584041,1078.8991866575936,1068.4901892157905,-221.48915126809257,255.4337844171696,-224.790700617182,668.1859624840088,155.28041705006828
1.1675,0.3082792928226188,0.0185568520400874,0.1691502816913993,0.0255704260208819,-0.0361347850939865,0.0269451212563129,0.0062609634508526,-0.0120970552007434,0.0097901800745249,0.9998592157222094,0.0335568481253858,0.0273260598372357,9.291078705533833,0.0790557774077366,0.0679680454763525,-0.0885670644238898,-1.1684409473689672,0.2334162413971327,1.0970314802083203,1051.413746648245,1078.8639962973155,1078.56467090865,1070.1927024764304,164.09998447439088,399.6392548039779,-26.429323220827992,737.2289623612845,155.2695421011389
1.17,0.5213165283403302,-0.3621181088144656,0.0034750256699204,0.0264598463778016,-0.0361894075559418,0.0273808861289364,0.0062742066062912,-0.0121052629526796,0.0098264668761054,0.9998586718978972,0.0356066593166717,0.0281570160889006,9.316829941397907,0.0787831914753324,0.0676297133255344,-0.0898624560655462,-1.168245197755183,0.2335913364111114,1.0968148686206647,1052.3635711712127,1080.1284588580609,1078.7670400414895,1072.1763340275968,530.5875801342941,543.2207312419325,177.31407215687386,702.2430590079076,155.25631489078546
1.1725,0.6504302313932984,-0.6523525357124481,-0.1297741940438701,0.0285596430993771,-0.0376071437913953,0.0262566306930899,0.0062906884725993,-0.0121216626503313,0.009865245554809,0.9998579821986412,0.0372419539328368,0.0291220466066171,9.342875340599116,0.0785211622005999,0.0672929284164506,-0.0910959854258586,-1.1680492360942094,0.2337659700387314,1.0965942073241433,1054.0666845489163,1081.5800999535252,1079.4512412694344,1073.70391777147,847.8049464892852,669.2257118110165,379.086939979234,577.9263365233741,155.24514176328975
1.175,0.690244258571145,-0.8772047982210049,-0.225568124236315,0.031604092425458,-0.0402236541567329,0.0245150331758913,0.0063175103257704,-0.0121470265525923,0.0099040340625702,0.9998571162307875,0.038445844068166,0.0303391722180443,9.369253209662377,0.078263316318773,0.066956334875653,-0.0922668505642983,-1.1678525746320607,0.2339406766592254,1.0963699595958103,1056.6025959036594,1083.474587417116,1080.6624747413855,1075.0659657102135,1263.89398379777,926.0213850748383,653.9126708369762,567.9950572462196,155.23381199868828
1.1775,0.6123546589060672,-1.038641596361361,-0.2838850141417447,0.0355163482332776,-0.0441507971228456,0.0227425660948368,0.0063571625581,-0.0121831778646332,0.0099399189538778,0.9998560641022166,0.0392380053230429,0.0318397071817519,9.395995804135053,0.0780027341572487,0.0666194034526373,-0.0933740114473576,-1.1676548157257067,0.2341155983954793,1.0961426755990031,1060.3861544679053,1086.2102068788993,1082.7208046236192,1076.543893057701,1471.9129599954472,1063.0221418934295,856.6587191592771,528.541473423786,155.22003822205377
1.18,0.4486561468454065,-1.0710812832504393,-0.2910374150256065,0.0382298118805438,-0.0478367242013352,0.0218387782634594,0.0064054032667528,-0.0122337084037749,0.0099710291028529,0.9998548253752364,0.0396880455788905,0.0335269934937026,9.423129279182067,0.0777322406418026,0.0662827778461014,-0.09441609320905,-1.1674554824831207,0.2342900981718276,1.095912946042217,1063.9621607036363,1088.789698126583,1084.945768337182,1077.7086730773326,1470.0266028671765,1065.280339065951,994.924409503096,471.73754964950416,155.2084163115928
1.1825,0.2159014108400111,-1.001461794386996,-0.2711304276676503,0.0395921911978682,-0.0513885811255061,0.0214926921837427,0.0064588860384698,-0.0122989072888343,0.0099950115371788,0.9998534387747448,0.0398212124392904,0.0353195312717869,9.450674850754046,0.0774454232970171,0.0659472401128928,-0.0953916487083356,-1.1672539675488462,0.2344642348936248,1.0956810348764012,1067.736287482241,1091.5366085742291,1087.6954266711348,1078.9025808059487,1508.3535490264346,1101.1240445721996,1179.5116011877508,497.4513226859357,155.1966535874441
1.185,-0.0357387468374254,-0.8643304263577125,-0.2403895138026387,0.0394595031019999,-0.0543903235420951,0.021373691135542,0.0065139496460951,-0.0123764789439337,0.0100106010552996,0.9998519665430416,0.0396294482956851,0.0371280737663114,9.478648820762812,0.0771371244558009,0.0656137424610548,-0.0962990842729248,-1.1670502446367448,0.2346380363202326,1.0954471651508764,1071.5039284487689,1094.295318349444,1090.843326343121,1080.1959296907623,1470.5048950267014,1073.8117148225003,1333.6655996706495,556.3512551584272,155.18478229396723
1.1875,-0.2623242874016024,-0.6802245640703447,-0.2043540206987483,0.0376581190123576,-0.0560969690238844,0.0211616468089833,0.0065688886975965,-0.0124621886549852,0.010021615580666,0.999850431328032,0.0390810307968143,0.0388986675339985,9.507062543337316,0.0768042678875252,0.0652823978037013,-0.0971370201327747,-1.1668458555594503,0.2348107956949276,1.095211970602901,1075.0888119573747,1096.9056671483415,1094.363754669488,1081.6843370817408,1502.9696786304933,1075.2573562795762,1593.4858975609925,710.8926723919618,155.17279097956725
1.19,-0.4626935592938531,-0.4541920626453254,-0.1570332071589981,0.034825566086302,-0.0562815983286117,0.0207335845172953,0.0066231885663947,-0.0125514028676371,0.0100329285472734,0.9998488431195656,0.0381473112418475,0.0405980832464616,9.535922111711379,0.0764453401386674,0.0649532527617339,-0.0979043276278213,-1.16664228285986,0.234981890857752,1.0949762562981606,1079.0187768419212,1099.671605130842,1098.8107558309257,1083.750393052722,1367.719747879178,931.587047090012,1633.0378476793687,803.6570751016186,155.15827686139016
1.1925,-0.5598624865212987,-0.2876540091862,-0.1128544598638153,0.0327203382668627,-0.0556008757500643,0.0203665692905879,0.0066778806116191,-0.0126448101328709,0.01004845135791,0.9998471448537818,0.0369095021976707,0.042219794747536,9.565227200568904,0.0760591086431345,0.0646264490239924,-0.0986008658371397,-1.1664404780137159,0.2351511694090359,1.094740191424432,1081.9274106967707,1101.5636023837917,1102.5289439078847,1085.7026224572487,1089.9519327177788,659.262027808639,1451.5882803067718,817.3484017395177,155.14608841857887
1.195,-0.5926550151275071,-0.1508061955488168,-0.061818483214431,0.0312156594852207,-0.0551219080137476,0.0200757757294927,0.0067344018498642,-0.0127439567610451,0.0100678323830423,0.9998453093643204,0.0354716827460751,0.0437633285277375,9.59497171327094,0.0756449777911184,0.064302805686501,-0.0992264208328982,-1.166241138776916,0.2353188690576717,1.0945034590605207,1084.4685365055102,1102.9679152698852,1106.0686972324595,1087.8371350614195,1054.032794183672,511.39477782595526,1481.4636942284185,958.0169616487841,155.133815679593
1.1975,-0.57771380506653,-0.0015720988203328,0.0082747428331335,0.0299906543903606,-0.0551941892138332,0.0198480253449237,0.0067918775054984,-0.0128482640396438,0.0100896248557984,0.9998433639371122,0.0338997387882048,0.0451831326963577,9.62514409968272,0.0752038224621492,0.0639837158174555,-0.0997797149399363,-1.1660448528854914,0.2354848969343005,1.0942659170591251,1087.1975746676887,1104.1205762729214,1109.9362623790269,1090.4927072654928,969.5752268617731,349.7120408550547,1336.3643239639089,969.8094588035226,155.11900579118975
1.2,-0.5326653151073558,0.1323654982474934,0.0732227697548189,0.0292294411972731,-0.0556881441775159,0.0197744928697203,0.0068483712284028,-0.0129542886015349,0.0101141088622591,0.9998413630019848,0.0322035452015457,0.0464129165569826,9.655727145727846,0.0747382331346396,0.0636703446494485,-0.1002583492562174,-1.1658518166603444,0.2356490583205588,1.094026779693782,1089.3164126398187,1104.7164754741605,1112.7505188522791,1092.6861823554373,840.9748064921392,189.3224749638604,1026.2471221706835,852.2047437250678,155.106606427734
1.2025,-0.4604482386036662,0.298021062075327,0.1414929813923921,0.0284593766184877,-0.0563730406922544,0.0198571670505858,0.0069047268519539,-0.0130581626653505,0.0101402615475918,0.99983936161272,0.0303819160648424,0.0474397967654559,9.686697159770668,0.0742513085717636,0.0633631945847004,-0.1006596480365374,-1.1656614383039787,0.2358120819950986,1.0937850448691115,1091.4024487001495,1105.0671886477407,1115.0674979898804,1094.753730984118,840.7270611974387,120.69342549202425,839.0269778568189,795.0919401633472,155.09416055928986
1.205,-0.3641368563993545,0.4948350864583989,0.2077308156370941,0.0275491467138691,-0.0568070564897596,0.0201162681318215,0.0069620474174265,-0.0131567111433659,0.0101679018249099,0.9998373966336448,0.0284413116353553,0.0482570026209211,9.718023700366878,0.0737464276009981,0.063062169151848,-0.1009806317586821,-1.1654729166953028,0.2359747027867773,1.0935399449835295,1093.5200479458063,1105.3199426016204,1116.945653741563,1096.661642056254,854.6118672250669,98.89138457815744,648.3168734245876,719.1122176835205,155.08168641166952
1.2075,-0.2329505805777767,0.715305995938856,0.263162813064868,0.0264994730780497,-0.0562731353206243,0.0206590566473549,0.0070161772946316,-0.0132489327278235,0.0101966618839017,0.9998355140395861,0.0264222283413911,0.0487570210401208,9.749669621697088,0.0732266444932427,0.0627678250915335,-0.1012178118447329,-1.165285842605201,0.2361369770625011,1.0932922144687105,1095.675508036275,1105.5616455706315,1118.3090823570033,1098.3492920725355,940.4346196560001,122.23790973166876,500.65425768954066,692.8072893522004,155.0691907198405
1.21,-0.0307818926661657,0.967041459883133,0.3047799486641661,0.0252394867105785,-0.0537790318819249,0.021697110542676,0.0070653526435304,-0.0133341895597952,0.0102244818856482,0.9998337555716637,0.0243648815672409,0.0488808662572396,9.781591579609037,0.0726947375410827,0.0624801069433916,-0.1013682220551955,-1.165100126566618,0.2362987404748534,1.0930427780743883,1098.222221044086,1105.9311321502787,1119.4489250300107,1100.125678503015,908.221608008468,155.2558520796502,362.1091398414963,613.6188457419252,155.0541872612538
1.2125,0.1705618104843767,1.130528279813704,0.3107360055148725,0.024250171082329,-0.0500747796066089,0.0228389506632971,0.0071088637097273,-0.0134121165437485,0.0102499836194672,0.9998321458805454,0.0223062203109516,0.048593921763321,9.813740762301505,0.0721534920001551,0.0621982875976449,-0.101429472190422,-1.1649160043654447,0.2364597958479445,1.0927926820828147,1100.2166160763175,1106.3379248310296,1120.1196280562108,1101.4173863012454,749.4366260069281,185.33116654247831,253.47298994556107,481.6251945135152,155.0416891425092
1.215,0.3849147791206206,1.2143533919218288,0.2823217047835427,0.0238151769170528,-0.0453746550278516,0.0240176970989037,0.0071489624457486,-0.013484848996739,0.0102709541599997,0.9998306640596432,0.0203240489854611,0.0479243164958831,9.846063480230212,0.0716050093838452,0.0619208262832139,-0.1014004216875334,-1.164733756258972,0.2366202375028482,1.0925429635620738,1101.9694041741209,1106.857787982991,1120.7162899797388,1102.5338044755827,650.536741677902,226.90533174227795,260.96243058714765,419.34838236271366,155.02921037906484
1.2175,0.5798336930683488,1.2276800236814756,0.227495947434184,0.0246941640893902,-0.0407775995619561,0.0249442263872225,0.0071895920246751,-0.0135513044729608,0.0102862525375457,0.9998293094571236,0.018424403789034,0.0469411628055235,9.878503271995923,0.0710520385234505,0.0616453470491162,-0.1012802073807294,-1.1645536828716152,0.2367799660422422,1.0922933729361344,1103.469299784707,1107.4724514897412,1121.4244402091465,1103.5141282130587,536.6351264470837,270.8955908433894,345.28423587094767,361.19885713483967,155.0167585800324
1.22,0.7046330911022893,1.1776211996010617,0.149174463073247,0.0277602376935278,-0.0373605395668699,0.0252722324697609,0.0072349632075704,-0.0136103112605171,0.0102985180219892,0.9998280422277384,0.0166022488810915,0.045727560033189,9.9110018381274,0.0704975782686863,0.0613685581061222,-0.1010685085988504,-1.1643756533412106,0.2369390789026161,1.0920432442542907,1104.6525798063562,1108.2122659372083,1122.4427111590935,1104.3397987612568,456.77957984258745,362.18302941952834,546.5223496161914,332.2640879646386,155.00435273571912
1.2225,0.727656296250128,1.092567808716581,0.0401362666456057,0.0327774242782884,-0.0348835601869709,0.025087037685369,0.0072904170248251,-0.0136619075019693,0.0103109307172281,0.9998267928454488,0.0148684412719534,0.0443979474168054,9.943500330084605,0.0699440887903345,0.0610865883239609,-0.1007659047880133,-1.1641992561706183,0.2370982628323124,1.091792380467078,1105.7531976839196,1109.2833666368388,1124.1570519572272,1105.175448652882,363.4649018384068,433.073130774018,713.1837014855881,287.17206352024976,154.98953657639888
1.225,0.6363866936302184,1.0351209108662356,-0.0581206217102737,0.0364618974018356,-0.0335493110911939,0.0247651398063904,0.0073558656818078,-0.0137105697355023,0.0103259579736807,0.9998254766853852,0.0133142394171036,0.0429672585393438,9.975940581659055,0.0693926425340285,0.0607965533593849,-0.1003736566656139,-1.1640241549681862,0.2372576151224618,1.0915418891211288,1106.4699043155483,1110.3776315910784,1126.0086296665215,1105.775659078858,264.83138927614453,495.9188071933908,811.1712528625316,232.76661282834,154.97726200787886
1.2275,0.4630094895292273,1.0162196539035087,-0.1639235822217824,0.0383100231476048,-0.0321322702350866,0.0244889606880214,0.0074291736350182,-0.0137604331229831,0.0103421330519776,0.9998240692530446,0.012019298644736,0.0414175204285546,10.008267103182495,0.0688434699140392,0.0604964342275523,-0.0998935828356165,-1.1638502745333519,0.2374172289156392,1.0912930404881949,1107.0773546303003,1111.7629606728055,1128.21290822154,1106.3392817170238,266.82762159489926,699.1220576926174,1010.698072500121,259.73243028566327,154.9650782847371
1.23,0.2251584931180606,1.042423628843307,-0.3027554440361756,0.038316180317377,-0.0300979431649561,0.0242796431363335,0.0075046789948546,-0.0138101005183362,0.0103588788404589,0.9998226385086724,0.0109476718291493,0.0396691583186329,10.040428988118432,0.0682976104439924,0.0601847976211412,-0.0993271783125453,-1.1636777527064504,0.2375766843560813,1.0910474208341976,1107.8040424235228,1113.8732418795414,1131.062120029022,1107.0743212302864,282.8508265443876,863.044636689274,1040.1882089985288,296.07556926071715,154.95058133456487
1.2325,0.04751656848766,1.0951791639479744,-0.4279020412890849,0.0371146769896268,-0.0279863431001543,0.0241555046566749,0.0075766555215626,-0.0138567234439977,0.0103766685051542,0.9998212631772224,0.0100302267397328,0.0376484713609076,10.072380270533433,0.0677560984089451,0.0598602011086821,-0.0986764320598102,-1.163507084631647,0.2377355709584327,1.0908062320385508,1108.4916087630224,1116.078183856252,1133.4138492665327,1107.8196595633271,306.8957638449248,983.0791644736336,886.0845263681562,344.501530277322,154.93861705186808
1.235,-0.0751308272303745,1.1580965652429291,-0.5528081702255533,0.0355684031462183,-0.0252608182958568,0.0236418174989193,0.0076447698549733,-0.0138947105529666,0.0103961122349643,0.99982001816755,0.0091406810993772,0.0353973930223607,10.10408071730682,0.0672200409720316,0.0595203317259914,-0.0979439613126806,-1.1633384810935463,0.2378939061872375,1.0905695971207783,1109.3385212427474,1118.7886377019097,1135.492542660863,1108.796828881673,370.46433314662,1162.3900577265163,751.0132719116252,439.6659553898997,154.92679006081096
1.2375,-0.1465584027833854,1.2100285858061268,-0.6609070729147346,0.0341671079339292,-0.0220789024565896,0.0224298652934602,0.0077088814695672,-0.0139150088347897,0.0104216492531947,0.9998189847620071,0.0080797853564475,0.032969613783333,10.135496256547944,0.0666911246591235,0.0591625926210466,-0.0971318655165031,-1.1631714226098204,0.2380516510090178,1.09033691045161,1110.3439304287556,1121.8901341448848,1137.168915626091,1110.0179893402767,438.7877244376434,1309.605044258279,541.2251928648972,552.8217100035025,154.91508929442773
1.24,-0.1698146567275769,1.2280258773849455,-0.7217238771806112,0.0332419753962605,-0.0187566878122415,0.0204091974961398,0.0077690275588308,-0.0139112964131417,0.0104525994211107,0.9998182571082797,0.0067026819850445,0.0304263925783262,10.166598044047827,0.0661692697348865,0.0587853989318619,-0.0962421845129187,-1.163004771289312,0.2382091137965685,1.090106897104104,1111.5324598649356,1125.3366629232007,1138.198668625187,1111.5609374316905,554.4011740784417,1542.2891082950503,284.9267672978446,750.9131770938599,154.90355594827616
1.2425,-0.1754066548918112,1.191110512097218,-0.7071394792273532,0.0329671426906149,-0.0151401758635332,0.0173077480220918,0.0078253946467726,-0.0138867651094087,0.010486980210428,0.99981780760437,0.005058589041576,0.0278336579324706,10.197361187281851,0.0656518965849798,0.0583877288187409,-0.0952775647088817,-1.1628378388621763,0.2383662246770017,1.0898788865229905,1113.1159362991475,1129.6015796863599,1138.59354946258,1113.772555225746,594.3388100041692,1536.7873728651475,12.2328874241245,863.8136326161003,154.88992948993342
1.245,-0.1883043599155185,1.1010300649203115,-0.606637764524063,0.0333264790663427,-0.0122038956667054,0.0143707069560205,0.0078786068205085,-0.0138483331480848,0.0105238797668472,0.9998175433893004,0.0032757078211453,0.0252678173561455,10.227764782568727,0.0651355746857158,0.0579688354171955,-0.0942404732022056,-1.1626706499310466,0.2385227939258294,1.0896522761676464,1114.5041539149563,1133.0205997875269,1138.259833062308,1115.880005594771,551.8966267302276,1282.2818431021165,-236.55381731968555,886.1341045554377,154.87876678567412
1.2475,-0.2332125590641572,0.9391308064702948,-0.4148827620025558,0.0339829895938005,-0.0090000176938395,0.011646244822734,0.0079271563458346,-0.01380273328378,0.0105623594261936,0.9998173929474504,0.0014820069594386,0.0227619542956895,10.257791464906992,0.0646169120423998,0.0575289507471322,-0.0931324759949729,-1.1625035456961867,0.2386783182753921,1.089427405604685,1115.8754194327987,1136.0129889018704,1137.4107803759816,1118.2032257485234,578.9776375466896,1167.6433437188982,-427.59903342376674,1057.44414495241,154.86782115830772
1.25,-0.3301177872897852,0.660242599981877,-0.1104133033712811,0.0348213612466108,-0.0053611180572246,0.0095710199114715,0.0079669097670351,-0.0137589239006426,0.0106024637588263,0.999817264808113,-0.0001456131330147,0.020292721246818,10.287426155657004,0.0640924609395132,0.0570692593954913,-0.0919546421921719,-1.1623368544622914,0.2388325881960653,1.089204857063456,1117.39904210269,1138.8588165061212,1136.1218378951892,1121.167226319533,526.0926325339027,901.2056220208898,-460.8044572945444,1105.1973594624324,154.85495618590306
1.2525,-0.4328081299554344,0.3696348472693909,0.1639217224821489,0.034886174184082,-0.0029933958311908,0.0094044742544394,0.0079971509939367,-0.0137237078430086,0.0106419873367871,0.9998170937134284,-0.0014695536886816,0.0179026224017365,10.316655782309512,0.0635593264646517,0.0565912014124954,-0.0907078025704867,-1.1621706810598145,0.2389858954295175,1.08898443719552,1118.5058825954684,1140.5190170119747,1135.1067580895087,1123.7292125458355,401.41108583960875,520.2904581556475,-324.46849732913665,1029.7033739004053,154.84447327310954
1.255,-0.5217696658653033,0.05202867239071,0.3994784030648572,0.0334307554616694,-0.0018191862522332,0.011196062749701,0.008018084108109,-0.0136993100149268,0.0106803269374908,0.999816853651782,-0.0024442415989977,0.0156486257917915,10.345468687091817,0.0630161878618649,0.056096452934171,-0.0893920765523878,-1.1620049532725087,0.239138107450026,1.0887660743410807,1119.406097531888,1141.4602687968995,1134.4994954085435,1126.3157431890352,328.64639787093586,277.3771330776007,-128.9327239440324,1027.2593287629425,154.83425217838928
1.2575,-0.5669092450830355,-0.2511970683648311,0.5626750972776676,0.0310392669463624,-0.0019153055135418,0.0140661718302556,0.0080306467464235,-0.0136853533988308,0.0107179413340667,0.9998165383874628,-0.0030773519681266,0.0135962144101653,10.37385377158753,0.062462969533943,0.0555870674692178,-0.0880072647300764,-1.1618401301011108,0.2392886771398121,1.0885499169734822,1120.149114584823,1141.9059026773627,1134.4620944697888,1128.8655091896503,275.98574759627485,98.92839173544627,163.55106837059233,998.1524173433384,154.82425881393152
1.26,-0.5304381425266765,-0.4864805926570772,0.611471340379271,0.0284673133274205,-0.0036409515497852,0.0170156533338062,0.0080393548336912,-0.0136794542206611,0.0107534032160049,0.999816161176509,-0.0034179593487916,0.0118764314467831,10.40180014293112,0.0619004691928735,0.0550653582443368,-0.0865534109944582,-1.161676627084882,0.2394372338543633,1.0883366849006295,1120.7860262698691,1141.9549107555767,1135.3172507503964,1131.3065052757515,292.7888898477312,-6.029889501360359,607.5863331092153,1037.310050321252,154.81455233547644
1.2625,-0.3787397624892043,-0.6331826065922412,0.5348407825788007,0.0257680777799089,-0.0073494871762023,0.0198273603918757,0.0080488909276551,-0.0136797581438626,0.0107863514164912,0.9998157162147208,-0.003506601861696,0.0106142850196862,10.429296530707816,0.0613302988612073,0.0545340737982884,-0.0850308523688342,-1.161514716655932,0.2395834700342611,1.0881269800092748,1121.6130590340615,1141.875753229856,1137.5000261353348,1134.0520594412565,346.74291670343445,-3.359714955467929,987.3441385483372,972.9168037530828,154.8032514104274
1.265,-0.1696497986541544,-0.6189658487541854,0.3738641607580767,0.02421021415759,-0.0111625579936137,0.0214475701873354,0.0080642143368935,-0.013687723458054,0.0108161932730361,0.9998151520591562,-0.003317609949787,0.0099291252365915,10.456330945633448,0.0607542761519684,0.0539964344432261,-0.0834406049632346,-1.1613552234203908,0.2397271022881632,1.087922148260628,1122.5197408533863,1141.9381121807994,1140.253971443138,1136.1710892945173,443.9446311501695,101.83903643260003,1260.2214295842423,813.8452028101069,154.79413361393017
1.2675,0.0995157393625599,-0.4694630731005852,0.1428544493754619,0.0239204054124363,-0.0143723142169222,0.0222642059307007,0.0080907678799428,-0.0136985967196304,0.0108432536852428,0.9998144857739074,-0.0029588595580227,0.0099407061618665,10.48289168229292,0.0601760598467893,0.05345579600016,-0.0817831636409106,-1.1611993185744984,0.2398677165552632,1.0877221362290643,1123.8327821898126,1142.3849484120192,1143.801133283256,1138.121285455307,695.1109419708848,323.5809235718603,1674.5448330172524,821.6961295061712,154.78533877513036
1.27,0.4505040812778661,-0.1859354400187778,-0.171909398537579,0.0252090535104797,-0.0163104532518139,0.0222751375917627,0.0081289009871964,-0.013709269592938,0.0108660516485724,0.9998137716534548,-0.0025094132162127,0.0106495933460691,10.50896643688482,0.0595992853856818,0.0529166796312554,-0.0800587382827552,-1.1610475773105715,0.240004911744425,1.0875260980138803,1125.9952955632407,1143.5560167986587,1148.6266956082243,1140.279569942048,887.869036235016,545.9424604610492,1804.1218397194757,760.5206412046916,154.775171121588
1.2725,0.737543614212365,0.0795084114001037,-0.4320802028371455,0.0273823053432484,-0.0160476942488612,0.0214825021456528,0.0081757459938493,-0.0137188958325335,0.0108812842714199,0.9998130798624908,-0.0020056587530287,0.0119754628925241,10.534542648424896,0.0590271280415432,0.0523841253714817,-0.0782674835020415,-1.1609006849250707,0.2401388172776793,1.0873338774609167,1128.2721273709876,1145.1146607143244,1152.821742481853,1141.9238886613305,978.8712335945776,737.0007326931784,1645.0312466146063,622.1572782053811,154.76702849800938
1.275,0.9950277708073152,0.3034316538134216,-0.6507725458397248,0.0302441562524089,-0.0140581137725589,0.0198939325047467,0.0082285075290427,-0.0137279118321378,0.0108898186700903,0.9998124184424912,-0.0014614877449751,0.013827861052705,10.559608215060027,0.0584626565081236,0.0518621324222831,-0.0764097706401097,-1.160758270712932,0.240270062371329,1.0871452326273732,1130.889651731214,1147.2410204621247,1156.8518518412975,1143.390356333075,1063.7434830188095,925.9416157614182,1542.161505344812,554.4220512840965,154.75923834605223
1.2775,1.220032662777834,0.4508065489526373,-0.807944436402075,0.0333182075787275,-0.0112322201219969,0.0176416850977197,0.0082859098204742,-0.0137382603010818,0.0108956408765119,0.9998117301105264,-0.0008617092694899,0.0161378035795295,10.58415206513662,0.0579082196537525,0.0513533718643857,-0.0744864474514079,-1.1606186014660445,0.2403999609135325,1.0869604803590707,1133.5908447860816,1149.7443687931316,1160.5325500085776,1144.695998917751,1043.4726844821166,1057.6827965994423,1350.6010472616997,483.0218192079531,154.75174702034212
1.28,1.4053293968596692,0.4813309686545533,-0.864306974609357,0.0362231966269232,-0.0084406826650831,0.014618372740682,0.0083453800952394,-0.0137545047820128,0.0109010562459489,0.9998109505306272,-0.000136330229501,0.0187987642915887,10.608164525362184,0.0573644942369817,0.0508601060254945,-0.0724987683213463,-1.1604803039947995,0.2405292697185571,1.0867803243035918,1136.1070151536244,1152.5294344451215,1163.6048570776059,1145.8054654291147,1000.0478917477936,1238.1771692163775,1179.0282719580116,446.20563169502054,154.74462329562732
1.2825,1.5818489776402895,0.3866367346623691,-0.7967184845628318,0.0394768483712167,-0.0057952153730587,0.0105683559408043,0.0084048715678603,-0.0137730588092427,0.0109057644610626,0.9998101481886688,0.0006131720743891,0.0217092220124871,10.631639205476407,0.0568318550380724,0.0503840441898201,-0.0704474384039293,-1.160342641805903,0.2406582156707409,1.0866051064910616,1138.5910842448206,1155.935254639213,1166.4276913683675,1146.927027076226,794.3431870719165,1221.3574795227748,878.2425353608421,380.0449501455286,154.73650838733224
1.285,1.6824501150025712,0.2211065545475605,-0.6311003193051384,0.0424811463245242,-0.0044694142293533,0.0076349621497335,0.0084628495480313,-0.0137924309991244,0.0109106006810981,0.999809346477009,0.0013310669839516,0.0247728128631141,10.654572641127555,0.0563092759575319,0.0499260359112445,-0.0683338286746849,-1.1602046648770363,0.2407867791778629,1.0864352614438448,1140.078731088984,1158.6362218427355,1167.99606975441,1147.7056901798423,472.86392493564387,1013.0018529269583,462.08336723574416,283.0008397249392,154.73011294903392
1.2875,1.7095254136901448,0.0073282494773017,-0.3779144226637901,0.0462225302791184,-0.0045033841852788,0.0058646752835164,0.0085169761066888,-0.0138152960562626,0.0109157272932591,0.9998085259980044,0.0020536785742855,0.0278715546484499,10.676964679140712,0.055794114196371,0.0494865925445312,-0.0661600530687724,-1.1600660360297455,0.2409145059965095,1.0862712424299112,1140.9554038694987,1161.0002639038482,1168.7381082045463,1148.3420312748508,269.8184879940919,868.5450321514763,167.86075750619216,233.1653474076066,154.72410436735495
1.29,1.6483679617772748,-0.2129826501120279,-0.0831446442937891,0.0505155055699509,-0.00563832715965,0.005053881754989,0.0085679573741232,-0.013838375108008,0.0109216672060214,0.99980771834418,0.002695722236708,0.0309525482694408,10.698820191501248,0.0552838682878466,0.0490653456995744,-0.0639281912849912,-1.1599268548339383,0.241041065445198,1.0861124831742195,1141.4278235289544,1162.9789470034927,1168.8353735419407,1148.8715169168804,131.9346900700594,684.5805327759681,-94.70223340759023,189.2615241246444,154.71842028943377
1.2925,1.4472179198607305,-0.4099897007824646,0.2180395043105137,0.0553726044321401,-0.0075173889871886,0.0054768719524138,0.0086177765988173,-0.0138607033328082,0.0109315163465022,0.9998068843685118,0.0032263196369232,0.0339912484697588,10.720148530266563,0.0547755658407219,0.0486611217582831,-0.061641030957919,-1.1597870478130892,0.2411666263433753,1.0859582514776343,1141.6150773198492,1164.423166567728,1168.2645970375083,1149.288338895474,71.06823059193782,508.24993151196566,-363.1849724924982,164.01813346301773,154.71313110077543
1.295,1.0158151600367615,-0.5995545102171118,0.5312784139058627,0.0615444956456188,-0.0096358774419127,0.0075874210407929,0.0086676761112722,-0.0138856976751942,0.010945945400475,0.99980595750198,0.0037148154194686,0.0369488385012232,10.740963492919883,0.0542653894303375,0.0482727819249708,-0.0593021646499749,-1.1596465359722163,0.2412912135065012,1.0858094533865368,1141.783164681914,1165.5201966610528,1167.0194486794785,1149.6916075841955,83.54919504176712,301.8489657917983,-510.7315603960952,138.03215324118946,154.70724411578237
1.2975,0.5012150974828731,-0.715878995289486,0.7194664025576313,0.0661451517278015,-0.0110130681741289,0.0103321938200647,0.0087167383365895,-0.013913848376581,0.0109662376226952,0.999804924084118,0.0041733614811347,0.0397455741520562,10.761284170271324,0.0537502273597642,0.0478990245764118,-0.056915150304923,-1.159505783652926,0.2414144965727986,1.0856672261723819,1142.032823295058,1165.932411396687,1165.7109392355278,1149.97849966168,142.9244008565514,75.17469883455132,-527.8116689395907,111.25805223068453,154.702723444954
1.3,-0.1289386619822795,-0.7889343332650555,0.8111539770498863,0.0686429951422924,-0.0123732528653572,0.0133132043241278,0.0087646927201446,-0.0139459317767785,0.0109923697720172,0.9998037763600114,0.0046260135224188,0.0423214014561564,10.781134283939943,0.0532273490228499,0.0475382316268816,-0.0544841193397865,-1.1593654686150603,0.2415366310310018,1.0855325141804624,1142.4977866861968,1165.8960701552255,1164.3803903347805,1150.2478978453487,257.3779493879611,-91.45373917722476,-532.3300030472296,117.74227001442593,154.6986037750789
1.3025,-0.9147107428316608,-0.8199158322110641,0.8109566918340997,0.0676656899938925,-0.0147265992977169,0.0165750571118219,0.0088088055879624,-0.0139835381519637,0.0110234072790652,0.9998025273675905,0.0051183636132802,0.044570324978175,10.800541436654289,0.0526946144192984,0.0471887283192979,-0.0520133619993852,-1.159226497143592,0.2416576140721163,1.0854064505488283,1143.3197130419978,1165.4751427008007,1163.0492892202917,1150.567211011752,339.4947406964165,-186.69567726379168,-407.60064671281685,115.345263959173,154.6941240782482
1.305,-1.5000187709678439,-0.7905052983938402,0.733392766688242,0.06286085314964,-0.0173117161046453,0.0187891502150291,0.0088491161189199,-0.0140229643909211,0.0110559509607414,0.9998012659352856,0.0055857248264693,0.0464556394018434,10.819536528322418,0.0521510372924572,0.046848355902399,-0.0495068865561913,-1.1590892455347883,0.2417779476078154,1.0852894744053343,1144.1952603896789,1164.9625917689063,1162.3423871012164,1150.8246241651448,381.1595060970288,-189.937729006938,-166.99553528801127,98.41434138838622,154.69077713164623
1.3075,-1.914118627511356,-0.6998423736904508,0.6020514289699803,0.0548755256184824,-0.0197698747711619,0.0203307784330287,0.0088870656055356,-0.014060652613025,0.0110869495031712,0.999800063220656,0.0059677205959843,0.0479810055115748,10.838151410836732,0.0515964366137281,0.0465143879558024,-0.0469684562190762,-1.1589537745358052,0.2418981098380003,1.0851815331700587,1145.225510572483,1164.5254540557662,1162.2143115438516,1151.059282718694,433.10069829439186,-119.94552052464945,59.233903673019526,89.84725430654883,154.68782985182497
1.31,-2.1479926186123897,-0.5637748691712424,0.448100805792865,0.0463706210960365,-0.0216460976159148,0.0213303477062718,0.0089206095290846,-0.0140977740601154,0.0111148577869906,0.9997989378443852,0.0063049377766149,0.0490843832455834,10.856416281249691,0.0510311316425445,0.0461839666878535,-0.0444011567828073,-1.158820288603821,0.2420181883609301,1.0850825102152544,1146.360763881151,1164.362864166283,1162.6385566195815,1151.2738604366775,475.06816499031726,50.67145220718993,307.242564561154,85.9721501215081,154.68521284776298
1.3125,-2.175351709886729,-0.3872460263670997,0.290877363197127,0.0393038746917667,-0.0227970564460846,0.0217420920575139,0.0089483608617016,-0.0141340216195401,0.0111396274345552,0.9997979072924212,0.0066042740458283,0.049729311090475,10.87435771378294,0.0504565161036114,0.045853814184866,-0.0418067394784426,-1.1586892486298948,0.2421381552594834,1.0849916675798257,1147.6008513974343,1164.778811316802,1163.7505243666571,1151.4891434693016,561.5668736817162,362.3429763939007,636.1455740759218,109.3346141230109,154.682992378958
1.315,-2.0357708615835,-0.1502474912477604,0.1217799258988904,0.0331403817466037,-0.0234236396747156,0.0217759533887236,0.0089679388242838,-0.0141648488710187,0.0111618162030559,0.999797050656045,0.006776896595335,0.0498695343037477,10.891996184104784,0.0498750585370315,0.0455206168327709,-0.0391848826203914,-1.158561208538458,0.2422580150647427,1.0849073595886831,1149.1685982495594,1166.1745790482528,1165.819284489961,1151.8205335072923,578.412012690101,671.2593721109744,859.626229954236,149.2891604598719,154.680783584092
1.3175,-1.8379212847052209,0.0531622866317992,0.007566930448203,0.0297061701439335,-0.0232494626724032,0.0215414183246385,0.0089786877538356,-0.0141888784052173,0.0111809042271177,0.99979639830274,0.0067989792830948,0.0495056320433004,10.909342222332429,0.0492893293885304,0.045181116663661,-0.0365340521427032,-1.1584362922373923,0.2423778346522473,1.084828389032474,1150.4929114608851,1168.135108177357,1168.0486555164287,1152.2355892716007,518.6567119783712,927.3997712924269,958.2368539214943,216.61070189028987,154.67932048886996
1.32,-1.6191908164266464,0.2485997548342896,-0.0738907889098882,0.0273198567267245,-0.0223489546092403,0.0211949668318983,0.0089821136989651,-0.0142037640425506,0.0111968642326811,0.9997959701861828,0.0066209597022815,0.0486953483246143,10.926394199826571,0.0487022856466456,0.0448321083630003,-0.0338511979980321,-1.1583146900432613,0.2424974552258531,1.084753649807751,1151.761881809451,1170.811577904715,1170.6104687595687,1152.903587016744,529.2547115983438,1277.642680979652,1147.8973354244563,374.59281127722414,154.67824628645317
1.3225,-1.374518855135672,0.4664747138881804,-0.1349444062109545,0.0247389305691091,-0.0209199379066976,0.0208224089882735,0.0089832146808014,-0.014206958441362,0.0112096968274595,0.9997957579748208,0.0061842746601322,0.0475816336711498,10.943135999711457,0.0481168992046759,0.0444706020177428,-0.0311322167639702,-1.1581964659047388,0.2426169341564312,1.0846822139324834,1153.1391850188768,1174.5233215822552,1173.7881421935508,1154.108553327987,472.93804730644393,1380.324356375406,1138.9160337557555,516.7611152664105,154.67740292585367
1.325,-1.1931793370414743,0.6348912958253555,-0.1582747273018421,0.022461990067859,-0.0198306145316516,0.0205512686976569,0.0089854548980776,-0.0141993552914531,0.0112201763865428,0.999795709925738,0.005499940541752,0.0462808328560821,10.959535227922936,0.0475357524219318,0.0440942578409027,-0.0283722659562824,-1.1580812986401292,0.2427361279125105,1.0846139704137148,1154.1265720459835,1177.713199686592,1176.305048928347,1155.487392593076,358.79709804352467,1218.270798221164,932.9201695098858,622.0057887695787,154.67706838202983
1.3275,-1.0251162920376282,0.7916129396058688,-0.1563587348333382,0.0200420867935199,-0.018690662212614,0.0202076883186447,0.0089918374259313,-0.0141828332756669,0.0112261498970309,0.9997957980709408,0.0045966786528017,0.0449040756716491,10.97554281050521,0.0469606736154349,0.0437017747334422,-0.0255661444475261,-1.1579685785724418,0.2428549468802667,1.0845487386015968,1154.9331705090945,1180.6146755733612,1178.4527430411003,1157.2185822718347,294.09971645340426,1065.2845565377656,772.9444013030211,732.6596095221987,154.67711183300733
1.33,-0.8533099471435244,0.935249006449457,-0.1352017387182368,0.0175249453628831,-0.0170843416896447,0.0196995198505343,0.0090058107870634,-0.0141584839519653,0.0112265200660871,0.9997959907119996,0.0034826426860918,0.0435763966612061,10.99109349033362,0.0463930114992327,0.0432925591431239,-0.0227087871119809,-1.1578579887294038,0.2429728465080282,1.084486360884117,1155.5970706282503,1183.0396224692809,1180.1697709348623,1159.1506906406871,234.02065834689483,819.1316582481878,571.2125215060163,789.823637897251,154.67746505403375
1.3325,-0.6594122834874429,1.051239407485831,-0.0938232190646543,0.0149329717254894,-0.0145450961783162,0.0190963211076309,0.0090262418616375,-0.0141311449862055,0.0112211707445682,0.9997962332762204,0.0022450995682909,0.0423229992841329,11.006106718841048,0.0458333098548735,0.0428670084352244,-0.0197958527256986,-1.1577492748142046,0.243089267398611,1.0844277822681812,1156.103273800829,1184.710333864602,1181.3088056486304,1161.1677004613211,188.9617338456032,541.6610574926042,378.3659592899848,867.8492275703505,154.67818667739795
1.335,-0.3896554638565665,1.1408885099100883,-0.0296104602301353,0.0122100039290329,-0.0104678858813723,0.0186535324124439,0.0090516937500621,-0.0141080159700723,0.0112118054569113,0.9997964217943234,0.0010228355347039,0.0411613690449797,11.020489005097316,0.0452814494840792,0.0424261606972765,-0.0168245279988802,-1.1576417272961983,0.2432037847553162,1.0843746420874214,1156.5418792974783,1185.7479277567438,1182.0616007313124,1163.4899367785388,134.50638738945287,220.79997959949145,196.8400857578172,816.2750884888093,154.67947101907407
1.3375,-0.1386231655704527,1.1680398859834067,0.0256473706937491,0.0109106980658952,-0.0068207336145536,0.0187197764554209,0.0090790958080807,-0.0140963028247289,0.0112011428873813,0.999796455475103,-4.419286973439407e-05,0.0400704650641007,11.034137298654755,0.0447367156473929,0.0419717202355546,-0.0137935891581299,-1.1575346800022024,0.243315634583009,1.0843287977693323,1156.775805737776,1185.8143337625995,1182.2930060774195,1165.2490759037653,71.21198282224958,-125.3966043660028,47.14082258137642,663.2797360140859,154.68088385346647
1.34,0.1199095114376768,1.152385879920642,0.0690886753977943,0.0108950122229927,-0.0037753760889946,0.0190734584327797,0.0091102603455124,-0.0140926529972126,0.0111897961032314,0.99979635568457,-0.0010446333095965,0.0391348129569831,11.046943706184155,0.0441978483575131,0.0415060018396154,-0.0107032056789039,-1.1574279841701147,0.2434247048761451,1.08429065650606,1156.8979392115898,1185.1209447349136,1182.2973048442193,1166.8063354586093,38.39949754092313,-387.1187366063705,-7.971489896317677,600.7331813148668,154.68264420370545
1.3425,0.36525746418758,1.1138266351569714,0.0944056243008063,0.0118026037862645,-0.0013853784044245,0.0195012276566588,0.0091474341790448,-0.0140947964914149,0.0111803112890209,0.9997961025516804,-0.0020401217811867,0.0384434072959434,11.05879839285401,0.0436630646256603,0.0410315566870344,-0.007555634109358,-1.1573214887910535,0.2435310842291386,1.0842606807088475,1156.9678032254808,1183.8787400795677,1182.253148627938,1168.2527418103396,31.72614986360781,-602.588395875695,-0.6029528190993134,576.2317028376524,154.68468616660823
1.345,0.5737416126855321,1.0623646276969136,0.0913749641165249,0.0136513004429925,0.0005135227893045,0.0199316870405721,0.0091885187507441,-0.0141044734803683,0.0111742930601457,0.9997956702645334,-0.0029998075030775,0.0379816279347652,11.069593550268637,0.0431300246630132,0.0405512607385398,-0.0043550059304914,-1.1572148397207318,0.2436348365683132,1.0842408237744623,1157.0565699609078,1182.1080027555352,1182.2942900801238,1169.6874939727975,69.96458273329303,-855.6233171217809,65.87962731146176,658.8746594391209,154.68705910585203
1.3475,0.7650904509890694,0.9939076779750932,0.050905622091779,0.0164620407705155,0.0028227580162358,0.0204151951993413,0.0092299539438797,-0.0141180088707096,0.0111731658776011,0.9997951243263656,-0.0040073582763668,0.0376965635121558,11.079228394789036,0.0425962662109353,0.0400679042137859,-0.0011065582955524,-1.1571081693595031,0.2437360920371676,1.0842318226536498,1157.3176261391473,1179.600623493959,1182.5825467644952,1171.547115107535,139.51944113959732,-941.3756733709998,159.69145362900775,715.3786804645114,154.69027764470624
1.35,0.8739410235700552,0.9282920460807084,-0.0133895409994907,0.0188818524137247,0.0051336323105859,0.0207695414179161,0.0092724016059057,-0.0141328853101455,0.0111772117329655,0.9997944883852744,-0.0051136108312393,0.0376209510767596,11.087612185325533,0.0420592248193438,0.0395840697419269,0.0021826987898872,-1.1570021317302879,0.2438352906531083,1.0842338792393649,1157.7541671666058,1177.4011243886803,1183.0927473482689,1173.26438737512,231.69104906500624,-846.7888568053953,269.3533760643215,710.7361429132943,154.6932604244595
1.3525,0.9385514602005368,0.8455982739936915,-0.1048019047896023,0.0210837033012732,0.0078948715004124,0.0209953246521174,0.0093164239832415,-0.0141497423543177,0.0111876310122844,0.9997937333258656,-0.0062934006334691,0.0377778023584687,11.094667251163399,0.0415166616136144,0.0391019048028822,0.0055046306297989,-1.15689725382005,0.2439327705672883,1.0842473867988685,1158.4760813844723,1175.3666792099318,1183.9293136448168,1175.1007958221016,377.0235688082346,-793.8050946861664,440.9181627830188,790.672831406408,154.69654520227127
1.355,0.9796074874442994,0.7239871907492498,-0.2332695422659626,0.0233540316797286,0.011091178798542,0.0208975912803772,0.0093628093202836,-0.0141643574964829,0.0112051399722583,0.9997929028501736,-0.0076231988877149,0.0381897460902377,11.100332215156111,0.0409666194159219,0.0386231780406096,0.0088510902665943,-1.1567941917485551,0.2440287839655038,1.0842717647659694,1159.6392850106467,1173.4320989152495,1185.297338162184,1177.217751532152,457.2659209565342,-586.1780244559337,548.0561761418475,713.4449491893217,154.7008244536576
1.3575,0.9912537726643496,0.612356979203262,-0.341788980149817,0.0250134432968661,0.0130725537195817,0.0202851674885113,0.0094115460374795,-0.0141706891171535,0.0112301699025596,0.9997920784878535,-0.0092145536837359,0.0388562402672111,11.104563383444892,0.0404073800842617,0.0381492103606897,0.012214170399944,-1.1566933451153587,0.2441231904513403,1.0843063824740429,1160.7624109892547,1172.4357890876522,1186.669594525526,1178.668020568048,447.2830573284124,-239.0289287428404,563.4211443284455,453.1437289021037,154.70466332125048
1.36,0.9791768895278632,0.5098613050738364,-0.4316486835961278,0.0267577618602569,0.0140572969062842,0.0190106836658124,0.0094599863944849,-0.0141675498536349,0.0112594392402127,0.9997913393342428,-0.0110662989071565,0.0397111421990369,11.107335122286463,0.0398373160310556,0.0376810326326447,0.0155861548109742,-1.1565943481202527,0.2442160057696593,1.0843505404792555,1161.875700297289,1172.2369542715353,1188.114443883826,1179.4834701766626,414.9261100840608,63.179993991842274,554.4282416224504,183.31519426310052,154.70877533299853
1.3625,0.9386426682536206,0.4304273288179351,-0.4924143531016634,0.0289285351827798,0.0142509415617122,0.0172232168806802,0.0095079008757707,-0.0141571811719937,0.0112885713653556,0.9997907059742012,-0.0130961639898965,0.0407367949440453,11.10864025820471,0.0392551584648309,0.037219243284076,0.0189594970385441,-1.1564967546606366,0.2443075625386493,1.084403026777312,1162.8370415396753,1172.7516890576114,1189.4417357336383,1179.5845965393637,315.10434729417045,373.7331465467457,455.7001943321308,-153.76013482669222,154.71310636514326
1.365,0.8475114335850455,0.3876274466800078,-0.5095983308503063,0.0317776779128158,0.0140514669575019,0.0150086657076007,0.009559212728893,-0.0141392884521486,0.0113145551976482,0.9997901799195558,-0.0152743793333037,0.0420056251926497,11.108490171191415,0.0386600253304894,0.0367639836158213,0.022327262245042,-1.1564007911840828,0.2443988725184667,1.0844627905537148,1163.45122203376,1174.1056200042688,1190.3929448554868,1178.7146695025292,156.35602076918408,763.2090166929338,282.53764631873,-596.1985253231105,154.71769242786095
1.3675,0.6653540749695555,0.3688674733787636,-0.4860419247210364,0.0352066419703052,0.0144859250088716,0.012568017704523,0.0096126413997082,-0.0141138224794688,0.0113366990474566,0.9997897813345328,-0.0175656369533883,0.0434727054083157,11.106913755029748,0.0380515701208404,0.0363146131912913,0.0256835390186408,-1.15630626164588,0.2444904405548448,1.0845301853110159,1163.6188216435212,1176.567734141076,1190.854423965232,1176.6036039127482,-47.68177144323889,1008.373597036438,37.8818377285816,-914.4801732261628,154.72347856679824
1.37,0.4550323916085599,0.3610114670170194,-0.4474509646002588,0.0373091992102122,0.0157209572500185,0.0114527627557121,0.0096666956351715,-0.0140855628997687,0.0113555016255599,0.9997894507467484,-0.0198270328505283,0.0450860426661007,11.103955769977471,0.0374301991951387,0.0358701136238988,0.0290225941950549,-1.156212808415213,0.2445821148855642,1.084605985586298,1163.2128131765437,1179.1474879894513,1190.5823540441295,1174.1422686363983,-275.67831866703546,1085.2808710848626,-240.50536058979915,-1056.7679144710592,154.7285269752264
1.3725,0.2016242097452802,0.3365414655000802,-0.4175990706736408,0.0382515846981749,0.0172772205117652,0.0113197017273842,0.0097188559710906,-0.0140596800638163,0.0113717494873197,0.999789130702662,-0.021908059034415,0.0467699465428899,11.099675584292193,0.0367969481823295,0.0354293268314776,0.0323392353772962,-1.1561204826584437,0.2446734392772895,1.0846909142641143,1162.240430050186,1181.9941384965005,1189.6518971622827,1171.3197643403928,-534.530532756537,1234.3571935877471,-527.1384604826038,-1220.9071037661747,154.73379927024868
1.375,-0.1220332868880157,0.2707450984899302,-0.4152406667003902,0.0381087171397035,0.0188466977522827,0.011169244675493,0.0097671069263888,-0.0140345188058909,0.011386518642653,0.9997888510687652,-0.0238116655014413,0.0484613125518811,11.094145616010827,0.0361530678214987,0.034991220798694,0.0356292701788607,-1.156029869489192,0.2447634868866917,1.0847843847801764,1160.540160512761,1185.31927395739,1187.9466617417168,1168.0377331175675,-680.5176364969757,1142.357466687851,-685.7892686901015,-1112.8680057558777,154.74037104076547
1.3775,-0.3863158757774318,0.1822624031446218,-0.4455476848547331,0.0370938003655017,0.0197111373797486,0.0106371300675396,0.0098114397677045,-0.0140076018293334,0.0113996884500965,0.99978864804359,-0.0255612306313349,0.0501412928095681,11.087448654674416,0.0355002135405986,0.034555207141887,0.0388890156762001,-1.1559421520926234,0.2448521697172219,1.0848858774887342,1158.8378418677012,1187.7059258299396,1186.2229508188325,1165.7554243116135,-693.7037908118167,807.7186882080509,-703.662542504737,-755.2977115204893,154.74604116081272
1.38,-0.6247322450548107,0.0624619323087439,-0.5028027829768084,0.0352804039169103,0.0200631825517787,0.010031121069167,0.0098506097818411,-0.0139793930718621,0.0114125191366429,0.999788513333813,-0.0271192856514724,0.0517631103471526,11.079675414063471,0.0348408415770395,0.0341207494849949,0.0421152972962624,-1.1558580585701497,0.2449393226435639,1.0849955877366546,1157.071641558702,1189.3578673984302,1184.4283490291928,1164.261244559965,-684.202313983708,501.7649500695254,-698.144474652174,-447.24864947192015,154.75189914499143
1.3825,-0.8329783034994999,-0.0780041488864953,-0.5708999152152857,0.0331322484229997,0.0199967114430741,0.0093717570385481,0.0098850973478531,-0.0139481488454855,0.0114255233823006,0.999788461783901,-0.0285012357070891,0.0533184342524435,11.0709223118258,0.0341774769157506,0.0336877394230058,0.0453056263938019,-1.1557776667679591,0.2450250169041159,1.0851133382218454,1155.4168302977823,1190.2147505802873,1182.7322284455715,1163.5191810642539,-607.5707660464234,130.8523479956903,-630.8667539661335,-130.79269686873255,154.75790267046196
1.385,-1.0018711910473843,-0.2369637838801086,-0.629450126620847,0.0309039672566767,0.0194340260305361,0.0078517339465236,0.0099158036624984,-0.0139096204048554,0.0114392981015081,0.9997885384782452,-0.0297825904929906,0.0548085911472738,11.061289025469854,0.0335124013335106,0.0332563401789632,0.0484583163505427,-1.1557006770561056,0.2451090718682664,1.0852382962076577,1154.0337877284699,1190.0121291384087,1181.2740152593624,1163.6072810756211,-533.2361737161705,-325.25792464058,-578.3718213565529,167.32873114274653,154.7640687547537
1.3875,-1.158904009170093,-0.4433561789576651,-0.6550529033583412,0.0281155697550768,0.0182158597865194,0.0046832677637797,0.0099408596109974,-0.013865820945325,0.0114525692644559,0.9997887481489024,-0.0309054299041563,0.0561711911146902,11.050875810432403,0.0328480936252688,0.0328267405057231,0.0515720780146416,-1.1556269658372291,0.2451913947659442,1.0853704822933838,1152.7506494292015,1188.5884609570844,1179.8403693387888,1164.3558247199676,-415.82355047866207,-691.3845716233321,-481.106881172116,316.10480663102135,154.77163878138495
1.39,-1.2496776364008049,-0.6269274450006006,-0.6232243928585207,0.0255328078280399,0.0168510446683593,0.0018409678889827,0.0099598183257902,-0.01382178339401,0.0114638529973374,0.9997890420119522,-0.0317496148874708,0.0573741860374752,11.03978123322169,0.0321869494305907,0.0323993566994608,0.0546459036371094,-1.1555560016728827,0.2452716946453633,1.0855096788132017,1151.9546699760765,1186.555206280292,1178.8684808535015,1165.1878051087765,-286.62222822371655,-941.5547680084964,-361.9208688781698,295.67294262441686,154.77807684583783
1.3925,-1.2914773954549554,-0.823351466850974,-0.5378045818608816,0.0224485218950909,0.0154570240723445,-8.73220274053824e-05,0.0099736166979992,-0.0137851075694744,0.0114697409483861,0.9997893445268694,-0.0321423881895645,0.0584145658681829,11.028100011392853,0.0315310356862295,0.0319748861408317,0.0576790421130045,-1.155486796385007,0.2453499951981867,1.0856561963843623,1151.3175382880831,1183.8806871170418,1178.030764994398,1165.8341894330897,-251.92967728090107,-1136.1145237880253,-329.4480014035869,179.6505805563849,154.78463471876907
1.395,-1.2851680970959047,-1.0297775201712902,-0.4213864160864141,0.0190173594068469,0.0141788817658166,-0.0012917174234519,0.0099838966733054,-0.0137615413547237,0.0114692846288702,0.9997895711628512,-0.0319563768917175,0.0593056427838857,11.015921198522118,0.030881836928941,0.0315538942107634,0.060671278095279,-1.155418580270994,0.2454269794874834,1.0858106487328691,1150.695021589672,1180.874633661352,1177.2212408464839,1166.0860580115584,-269.66663567791903,-1233.8782540864747,-334.690299318352,-25.999119012658966,154.7912809800313
1.3975,-1.2145426889532476,-1.2376379908838884,-0.288544513937222,0.0154893393833468,0.0122923808982246,-0.0019266451938987,0.009991749332409,-0.0137551669715604,0.011463967411576,0.9997896390669904,-0.0311049119285342,0.0600494678895884,11.003326430181035,0.0302402672043329,0.0311366337898515,0.0636230109639649,-1.155350760323354,0.2455030685846174,1.0859735815608649,1149.9692051096936,1177.7112958466096,1176.3573134978062,1165.7041938380264,-358.92479380912926,-1367.9449353542307,-408.1012771845868,-316.5539311071752,154.79802066499738
1.4,-1.0562401165492379,-1.4575799687355504,-0.1352013138945516,0.0113658298707713,0.0083534581443214,-0.002220860697663,0.0099965684499757,-0.0137702676555862,0.0114551077845026,0.999789482105484,-0.0295000025598195,0.0606108085675686,10.990388387234372,0.0296068690132086,0.0307230479976176,0.0665353142982423,-1.1552829601931722,0.2455782925437915,1.0861449013404332,1148.9003976206263,1174.0349089845806,1175.1807344605609,1164.5032883560225,-421.65803024617094,-1286.499337888624,-458.4968762160664,-540.6546334885081,154.8061993846052
1.4025,-0.8724522968786292,-1.5878605782145467,-0.0274237168225432,0.0081599904530098,0.0037956172674181,-0.0020356761041996,0.0099977660338559,-0.0138037838492048,0.0114438441694384,0.9997891360489892,-0.027217036777413,0.060957248562302,10.977169872923694,0.0289810044006148,0.0303130187967628,0.0694103961640123,-1.1552154186758916,0.2456523392220532,1.0863229897508295,1147.8609149584627,1171.2787991571663,1174.0648291167258,1163.0009206705838,-426.9461124392001,-994.619606166064,-468.7508657507906,-657.4884231958689,154.81307860685922
1.405,-0.6594267531547405,-1.637483860041677,0.0473084178158252,0.0057039289538326,-0.0012054426370497,-0.0015071547268942,0.0099964050336062,-0.013847756110906,0.0114304783821608,0.9997886963766422,-0.0244393875868731,0.0610946125061015,10.9637229721769,0.0283612088263492,0.0299066598415484,0.0722513428900339,-1.1551484425765504,0.2457250704784095,1.086505862233314,1146.7656670584304,1169.0618109537504,1172.8369801318067,1161.2158462400432,-460.4052697228424,-813.4349407239542,-547.3588954016694,-787.397520402254,154.82000926448723
1.4075,-0.4145296649932847,-1.5957230811362075,0.0940455474780597,0.0043013908034578,-0.0068425792684675,-0.0008350544625151,0.0099946107223791,-0.013899420047408,0.0114163668131427,0.9997881625884494,-0.0212369821023297,0.061052299656191,10.950088347001758,0.0277468922429389,0.0295041337229869,0.0750613684753525,-1.1550823775566623,0.2457963732713901,1.0866924442117112,1145.5588886098485,1167.2116244535466,1171.3280346397175,1159.0639330685726,-399.1667079215489,-529.6157580332987,-539.5247097449216,-749.2699598121521,154.8283695674737
1.41,-0.2556156454001702,-1.484442014230665,0.1000137892677115,0.0044390065735846,-0.0109789668266182,-0.0003852112299221,0.009994282884496,-0.0139546056859203,0.0114018659771878,0.999787567531954,-0.0177114154859069,0.0608566286579021,10.936295875586344,0.027137475280009,0.0291055685217231,0.0778438672865504,-1.1550178285452095,0.2458661557927382,1.0868827553764695,1144.7698335188227,1166.413732163584,1170.1393565830824,1157.4694964409823,-247.70421147131285,-167.73915531329817,-434.1757726283404,-560.7438341306859,154.8353630558754
1.4125,-0.17761195139827,-1.313699057234652,0.0801732621920553,0.0053626900886244,-0.0144732150369424,-9.52106093879852e-05,0.0099983711419603,-0.0140090772440629,0.0113880389869591,0.9997869273852146,-0.0139666445479177,0.0605594003057564,10.922365354558051,0.0265327296823001,0.0287111092361753,0.0806017643151217,-1.154955531183602,0.2459346949583893,1.0870766863525236,1144.320367552492,1166.37292867698,1169.1571557765756,1156.2602138979191,-115.58548819775484,92.33736185696912,-338.93969146142024,-405.6494875122459,154.84237546704793
1.415,-0.1772962321573006,-1.112461536754684,0.0471618809962824,0.0063229548771596,-0.0174005690250441,7.471264910058285e-05,0.0100079286135317,-0.0140609863476968,0.011376190725868,0.9997862420650838,-0.010056395630562,0.060173365037442,10.90830779363756,0.0259331196409291,0.0283204354044975,0.0833370787911938,-1.154895809121385,0.2460021153932303,1.0872757010752867,1144.191906077834,1166.8754189728688,1168.4446581257753,1155.4412490034213,22.197339109516648,296.90400011437026,-202.65687770520776,-231.6777453939316,154.8493992759263
1.4175,-0.2620370670919293,-0.8983127744358782,0.0088942379776357,0.0065724209899789,-0.0196320352072559,0.0001294655670579,0.0100224087636263,-0.0141087255597631,0.0113688126286174,0.999785511287794,-0.0060316352882591,0.0596803191886595,10.894127252238237,0.0253394377029461,0.0279327128484556,0.0860506563210517,-1.1548384338022084,0.2460687024825477,1.087481247916376,1144.4313542480395,1167.857448677552,1168.1438713880495,1155.1018251709495,171.70149375311124,486.10480060980206,-32.46264915924326,-53.377906823380954,154.85643423516893
1.42,-0.4303564946476168,-0.6553070279669324,-0.0294062623298746,0.0056455266680098,-0.0213934958757375,9.026942966811744e-05,0.0100396836624468,-0.0141523587375866,0.0113647404691435,0.9997847686092132,-0.0019089189949965,0.0590309416068683,10.879822673380314,0.0247526820545994,0.0275468107219956,0.0887419415767663,-1.1547833744418448,0.246134472881546,1.0876944853331176,1145.0504135465994,1169.3059429759176,1168.282344879979,1155.1743594693044,265.0394415420062,531.4589854727151,119.892145685887,86.0658941176078,154.8648889980889
1.4225,-0.5972759880681494,-0.4815686404621066,-0.0450920709261714,0.0040596023924089,-0.022093755724448,-2.287616204220972e-05,0.0100549215288113,-0.0141914361183469,0.0113625278936864,0.9997840854512768,0.0022809009790008,0.0581225747067648,10.865390135304947,0.0241737826597878,0.0271609266492107,0.0914092059461193,-1.1547309596102486,0.2461990424283832,1.087916590665014,1145.7565514557496,1170.5147436049156,1168.7433321164792,1155.5321546415375,307.5970474204425,431.7516909272754,217.96944364800265,173.56389535811613,154.87194758283133
1.425,-0.7604206651897656,-0.3489652304102338,-0.0324094595229791,0.0018879973881933,-0.0222606388228853,-0.0002228050660037,0.0100630336762832,-0.0142294190277927,0.0113618964996843,0.9997834674359508,0.0065890859125322,0.0568524549605189,10.850824091266796,0.0236043866183918,0.0267729246943629,0.0940494392892676,-1.1546805126085873,0.2462620834649925,1.0881479315528744,1146.5883987837017,1171.4647014305542,1169.372192098219,1156.0421789460947,395.0603171368669,304.7753944333245,254.24705635719508,221.6473325183917,154.8790249756644
1.4275,-0.9251774238587014,-0.2345002205315583,0.0275413747602298,-0.0012142374189481,-0.0223214564198426,-0.0005594864342325,0.0100600179410826,-0.0142721972177915,0.0113621738298445,0.9997828796093516,0.0111169490161282,0.0551473433018266,10.836118839584032,0.0230465064633259,0.0263806485498202,0.0966587428823141,-1.1546314465527168,0.2463235380412581,1.0883890040748725,1147.7318530414339,1172.038620577082,1170.0145673982652,1156.6403913041295,453.42891571905113,87.48758786914736,172.99064287263178,193.24387588276707,154.88754764966836
1.43,-1.0250056244365156,-0.1638153284329389,0.1208355020398278,-0.0040853088825605,-0.0224382041706429,-0.0008887566808482,0.0100441031311609,-0.0143202385051952,0.0113648416780839,0.9997823163854128,0.0158455706407438,0.0529908553170504,10.82127047831465,0.0225011407358102,0.0259820389598159,0.0992330814843629,-1.1545837702983608,0.2463833022911607,1.0886391325595808,1148.8555433622969,1171.9021393699,1170.2371453125822,1157.0083983255088,498.5568059143928,-195.77971924722533,-11.117027879526828,101.87978830854028,154.89467990672455
1.4325,-1.081454734049043,-0.0953132346499099,0.2598463398485726,-0.0068213012585689,-0.0227586776039912,-0.00115471969308,0.0100169202253604,-0.0143709565985289,0.0113711074265009,0.999781784743673,0.0206886979531295,0.0504475468201289,10.80627731071873,0.0219685202787344,0.0255754760264658,0.101768541683183,-1.1545376689131095,0.2464417139463864,1.0888975687020297,1150.2246370710059,1171.059721980846,1169.9589822588675,1157.149790245672,590.8348486914609,-445.10614454501473,-199.9875249894512,15.453116821208466,154.90184786630834
1.435,-1.1035713734201262,-0.0085652444008013,0.4296794797906806,-0.0094241777871254,-0.0232657872104871,-0.0011943063417942,0.009981024258692,-0.0144218776375666,0.0113824613632256,0.9997812783442404,0.0255611390978201,0.0476082438642671,10.791139618636045,0.0214487324142915,0.0251592708237452,0.1042616827180818,-1.1544935438380763,0.246499132668878,1.0891636472629933,1151.8097176057543,1169.6766086471748,1169.2372076876347,1157.0856639096148,671.8095162474272,-651.3724545938342,-375.3861693888292,-67.99183221546772,154.9090475341095
1.4375,-1.0877726741694391,0.12141300333351,0.6159511561119015,-0.0119637429037406,-0.023784867896619,-0.0006096982092269,0.0099414049308901,-0.0144676106782858,0.0113971347487747,0.9997808452435444,0.0303148888579764,0.0446224149050687,10.775859622149932,0.0209408778896549,0.0247321656404352,0.1067098581233169,-1.1544516169299759,0.2465561814353087,1.089436569734725,1153.5836846522427,1167.802859707877,1168.0820514119234,1156.8098310845949,782.8918633436101,-880.6023624831782,-556.0461893933852,-153.61158881465016,154.91628639285753
1.44,-1.0283248207377642,0.3440101474690046,0.8168301260341102,-0.0150129551199065,-0.0242176031179613,0.0013887605670885,0.0099020715722954,-0.0145016797732892,0.0114140868402989,0.9997805508941892,0.0347778987289713,0.041624022440597,10.760440482264034,0.0204435179830866,0.024292554382204,0.1091114754742241,-1.1544117154470463,0.2466133208748,1.0897157939655333,1155.7241769224722,1165.273596834759,1166.456976740668,1156.3176059655416,744.8649523423056,-932.5629004897347,-588.4180252885335,-196.40542445758453,154.92501750621346
1.4425,-0.9467458615880514,0.5859024600572105,0.929601460132765,-0.0176500134514503,-0.0241688852618419,0.0042762184923877,0.0098660127547486,-0.0145227168518411,0.0114304635920209,0.999780417568922,0.0388883024015443,0.0387280334374535,10.74488393965325,0.0199558379439401,0.0238386953824778,0.1114658355976638,-1.154372777424137,0.2466712507646685,1.0900011433665135,1157.3080094139543,1163.140045205428,1165.1399612854807,1155.8278039623067,537.1212669551245,-823.0517991645949,-466.62581444956066,-207.6350180799588,154.93232839253184
1.445,-0.8360284696844118,0.8708526874329636,0.9494142767840448,-0.0200956751322464,-0.0231057718599398,0.0078867689072979,0.0098352060339885,-0.0145321748466954,0.0114443803567751,0.9997804262108368,0.0426445037164419,0.0360304869074603,10.729189132469312,0.0194773870214209,0.0233688458640201,0.1137732746992457,-1.1543338047511589,0.2467305344273254,1.090291796593169,1158.409783257248,1161.158337838936,1164.1238476684202,1155.2794308751415,315.44387702620713,-821.9811804157137,-338.8112987614549,-262.7303567989713,154.93967123312729
1.4475,-0.6803154086246512,1.2260627421529495,0.8466315576739493,-0.0224455308563907,-0.020221396839843,0.0120528847687423,0.0098077321697769,-0.0145297202623422,0.0114558635505063,0.9997806002952218,0.0460055161549892,0.0335463566731737,10.71335205630262,0.0190072353100628,0.0228808995418424,0.116035439720262,-1.1542950454005703,0.2467909419369644,1.0905866242237996,1158.8852287990856,1159.0301393033496,1163.4459047916735,1154.514152178312,2.947734783265395,-744.3488441074054,-152.4484055710705,-311.28549884784417,154.94851264846207
1.45,-0.5426713901088972,1.5006804185724143,0.6605180229887624,-0.0236666379028975,-0.016485733477683,0.0149916702774578,0.0097802248867172,-0.0145183217016111,0.0114653264675062,0.9997809253292363,0.0490014012455687,0.031259112272821,10.697363421103425,0.0185452482034742,0.0223732922682262,0.1182548033356775,-1.154257015635472,0.2468513348129518,1.0908849739206932,1158.4245219311642,1157.436593618399,1163.361605640565,1153.7230033809024,-374.9578758656212,-618.8711127529443,45.39089253635105,-365.6642973949062,154.95590004800405
1.4525,-0.4090512812353661,1.717865913913804,0.3964454880060739,-0.0240230169708783,-0.0116218149089176,0.0168951164807764,0.0097503452552359,-0.0145001565710758,0.0114734135665869,0.9997813863976152,0.0516462866609518,0.029172566617044,10.681208690825937,0.018091295446361,0.021845861269025,0.1204344293566197,-1.1542200065135113,0.2469103285017026,1.0911859784863076,1157.0104394197574,1155.9357837395848,1163.6728592543552,1152.6858306913375,-712.3524454413945,-602.0788602807304,158.50696753413646,-464.7930730738955,154.96330142536436
1.455,-0.2816377481637958,1.8701887465610103,0.0989761973293007,-0.0239486165717225,-0.0062952385850627,0.0176246045938349,0.0097198624528539,-0.0144758461301567,0.0114794073198239,0.9997819660818688,0.0539236051277642,0.027374137042111,10.664868118338623,0.0176450398186152,0.0213007791039673,0.1225774949651863,-1.154184544891077,0.2469668514061837,1.0914893715938685,1154.8627597039572,1154.4261993169953,1164.1541404782356,1151.399038015533,-998.8198600605059,-623.8030684013344,186.7725685639965,-575.6800041334495,154.9707098345481
1.4575,-0.1523083098438171,1.938927680473672,-0.1952493092225966,-0.0239473045201224,-0.0009834207522167,0.0169314907471258,0.0096880705406208,-0.0144472329100705,0.0114843084973753,0.9997826330979884,0.0558435220433547,0.0258913720716435,10.648316480814154,0.0172066863351856,0.0207408081953448,0.1246870600047746,-1.1541512900395847,0.2470201009181165,1.091795693505622,1152.0163401194548,1152.8167683975782,1164.6067220971752,1149.8074306706703,-1346.1109358693025,-744.050788263637,137.0932476487753,-756.3503919673328,154.97812136917793
1.46,0.030830631578261,1.9351318000496511,-0.4937393901359622,-0.0244931490496767,0.0052755206462232,0.0148739047628829,0.0096560779343681,-0.0144144243288302,0.0114883333891106,0.9997833725112792,0.0573818461333181,0.0247820255369033,10.631524629258772,0.0167760461539115,0.0201702148376335,0.1267655888369601,-1.1541204562798828,0.247069688960222,1.0921054883850703,1148.1322050246108,1150.7059453756772,1164.8396067164795,1147.6172860556965,-1446.6138059070663,-803.2634662405869,4.683094478968888,-829.4479094008046,154.98701207316742
1.4625,0.2269551251836821,1.8768857375685928,-0.6702021206626653,-0.0252882281435051,0.010396523773617,0.0127374344159255,0.0096237459569765,-0.0143729113245822,0.0114926847353304,0.9997842356020504,0.0584184464947761,0.0240680373516762,10.614461518990675,0.0163516407760039,0.0195936702314043,0.1288148598235622,-1.1540917766836971,0.2471153736078299,1.0924189550345296,1144.7832710899195,1148.8004510663752,1164.63013756957,1145.6601911236662,-1298.5675178381523,-780.4594990246006,-184.31825639044771,-777.9629552610733,154.994413546311
1.465,0.4805299571268238,1.7907768938080588,-0.7537246262386915,-0.0257977958056606,0.0149866435707981,0.0106359205746705,0.0095928181926827,-0.0143223873691598,0.011497008674698,0.9997852114317884,0.058926819701071,0.0237986322178424,10.597094123491628,0.0159326561433356,0.0190167475030251,0.1308353198828788,-1.1540644008741832,0.2471573172556616,1.092737347911456,1141.63936743542,1146.803647880554,1163.9180154345272,1143.727471279391,-1182.2230033689973,-798.671442966696,-367.73690848627535,-742.0888250182246,155.00180160288707
1.4675,0.775468007331686,1.7084642700501007,-0.7542624932822005,-0.0255482469752284,0.0188455977775035,0.0083825214382943,0.0095660864768299,-0.0142631090142246,0.0115028035722294,0.9997862499201448,0.0588959679605395,0.0240330686355463,10.579390267079987,0.0155180873682698,0.0184452989917749,0.1328261500661169,-1.1540377859852144,0.2471957459008375,1.0930612217169187,1138.8721560730746,1144.8070938515418,1162.7914530271387,1141.9497469985752,-979.95267717972,-776.482374016103,-537.2820258391245,-642.9382860063153,155.00917436514627
1.47,1.0927152012759211,1.662047189233522,-0.6541634079049365,-0.0239390918015763,0.0219676416459723,0.005764144247835,0.0095463590207881,-0.0141959493638214,0.0115107067979866,0.9997873030703318,0.058332348415526,0.0248185661073432,10.561320748995175,0.0151066651846338,0.0178849517095784,0.134785335065489,-1.154011409493373,0.2472308835383028,1.0933907090560455,1136.7396040495214,1142.9212360104736,1161.2316053053316,1140.5127798493595,-768.9482918875619,-775.1300159451312,-759.2596757085336,-523.8979595006753,155.01652390883575
1.4725,1.4457024028243615,1.6750587587700219,-0.4309817908248356,-0.0201290963873874,0.0252544922653455,0.0029722729256995,0.0095356384993079,-0.0141252805740727,0.0115209507233648,0.999788285891712,0.0573207451800899,0.0261730785979079,10.54286080069647,0.0146977661496035,0.0173405622002277,0.1367097118855165,-1.1539847327578698,0.2472629337216275,1.0937263838490927,1135.027414613637,1140.9314437718162,1158.995154648596,1139.3302572010718,-489.358634762391,-665.0900265340016,-858.1561417561971,-333.5931246998748,155.025310809496
1.475,1.6738969872972191,1.7475542753647884,-0.1827061827241522,-0.0155626617472296,0.0279433260915418,0.0015597820932226,0.0095332488565952,-0.0140539482846771,0.0115340509587431,0.9997891579256772,0.0559176246946669,0.0280485962009879,10.523993093836111,0.0142902669684952,0.0168154148027703,0.1385953520944759,-1.1539579738432308,0.2472922458285196,1.0940685451028462,1134.2928108757092,1139.5957858778036,1156.9408245965503,1138.84481422586,-173.91601430299087,-450.349794412558,-835.4515608701865,-95.98482888068024,155.03260224904443
1.4775,1.7908890410565157,1.8666861845362936,0.0880578856415256,-0.0102085756839665,0.0311283084052714,0.0014411420806353,0.0095377077319929,-0.0139815528594566,0.0115496599123535,0.9997899430439396,0.0541162622958205,0.0303730703325982,10.504709687966702,0.0138821833769519,0.0163115114221309,0.1404377716412703,-1.153931839071484,0.247319416766325,1.0944176292812513,1134.157834542122,1138.6796947997534,1154.817896844245,1138.8503330566684,33.95220098755162,-296.23868759504774,-924.8333362880854,88.9773844695829,155.03985727805173
1.48,1.7747504743966591,2.016161618350372,0.382964993594856,-0.003843477690635,0.0362467388225627,0.0028698509804094,0.0095461819117162,-0.0139079430264401,0.0115670428875579,0.9997906798747738,0.0519204946283041,0.0330404169211153,10.485012307305565,0.0134717490006633,0.0158292297086361,0.142232156010465,-1.1539067824763765,0.2473455391585433,1.0947737682822862,1134.4625718806471,1138.1145924398284,1152.3166579151102,1139.289701148208,151.18168135250335,-118.79519030035478,-896.1257719951126,204.14555442503547,155.04851666569883
1.4825,1.6260565484987783,2.100499166631869,0.5671037025200297,0.0011568186214001,0.0419273127961049,0.0052282776607046,0.009557881585022,-0.0138309308017157,0.0115827527637465,0.9997914477485031,0.0492981186223218,0.0359843983426976,10.464913297389664,0.0130567559457962,0.0153683158803451,0.1439736813820592,-1.1538831791236503,0.2473718070943694,1.095136698341778,1134.9137429488844,1138.0857188482516,1150.3372679842696,1139.8710608287936,175.8084668499537,69.2150313489476,-761.6468104248092,239.64108526333249,155.05569085433672
1.485,1.3474605660217531,2.091856542712853,0.659552351914756,0.0058776962074145,0.0487127746945794,0.0082425348325876,0.0095736130816764,-0.0137510772356663,0.0115937804417127,0.9997922678440364,0.0462803769322008,0.0391701521115787,10.444434437662999,0.0126359997952707,0.0149278372884304,0.1456577882865147,-1.1538612080039223,0.2473991707692507,1.0955057963795551,1135.3416142148967,1138.460667596573,1148.508423862986,1140.4879065745247,136.26884852669403,200.92366824268984,-705.6758750879291,228.33521885631325,155.06281802426983
1.4875,0.9820042250329508,1.983152163908696,0.6727097910235424,0.0099030290603071,0.0556184422056189,0.0111599604751671,0.0095893970563904,-0.0136720760635286,0.0116002478118319,0.9997931261141648,0.0429671730887247,0.042462983538469,10.423606292507491,0.0122094409078823,0.0145045576449113,0.1472807090569062,-1.1538404501606832,0.2474275162991088,1.0958803481476795,1135.595087191518,1139.0903371894651,1146.8088886088299,1141.0127369230752,27.694040649249157,285.16501063118693,-651.7478085916675,167.52500469561159,155.0699037742598
1.49,0.5549939555510327,1.754821228600578,0.6081436054440194,0.0122191544264735,0.0615928283742275,0.0134293607933497,0.0096018538226493,-0.0135936278761085,0.0116036728693529,0.9997940409317764,0.0393796539490481,0.0457447170202795,10.40246845209698,0.011776047417955,0.0140948816401024,0.1488397140227235,-1.1538211035328108,0.2474565928434906,1.0962586661330103,1135.4800844181432,1139.886492649729,1145.2496848200278,1141.3255315980027,-166.64019201471447,344.1714368638332,-660.3263149338233,74.35211628285447,155.0769367939518
1.4925,0.0429997767955512,1.3780071759847758,0.4833290427154634,0.0125051637994653,0.0666540568719617,0.014875419043059,0.0096103459491586,-0.01351747311305,0.0116077713338078,0.9997949515826252,0.0355864616720477,0.0489580465400331,10.381066664618656,0.0113355343850357,0.0136958002285948,0.1503329816777536,-1.1538033573375146,0.2474860666926759,1.0966390896523248,1134.7618862314444,1140.8111943737842,1143.5072570341608,1141.3844975044894,-373.0745009029674,299.205395895426,-623.7454425474281,-34.803385428494146,155.08531202096796
1.495,-0.3308642018296586,1.018168783395037,0.3753400514352263,0.0107334161271193,0.0690351667195681,0.0149678165648263,0.009614915443188,-0.0134487857378021,0.0116152821750298,0.9997957555740487,0.0317319383839874,0.0520634753140818,10.359450824830896,0.0108886738816105,0.0133046322850895,0.151759527956282,-1.153786859288723,0.247515648560818,1.0970220927518897,1133.6147119136283,1141.382519629206,1142.1309576072906,1141.1515146708603,-574.5061863090408,150.62000622183055,-543.6249356384326,-151.15953780400207,155.09223529653715
1.4975,-0.6039889193949863,0.657371999002147,0.2962989011269781,0.0077944137231422,0.0699438373094318,0.0143370038827805,0.0096156188330663,-0.0133872406220477,0.0116282137466832,0.9997964324059015,0.0278500959270764,0.0550280326667082,10.337674601343451,0.010434569916238,0.0129190657477183,0.1531192381394686,-1.1537711552361427,0.2475450833457288,1.09740789411709,1131.889355299899,1141.5642944048934,1140.7891323559686,1140.6286998154694,-875.9492088512801,-36.40812195130898,-592.6699575215151,-292.88470374236283,155.0990975535121
1.5,-0.796626731105183,0.2603000076174759,0.2477007904523513,0.004280255940383,0.0700592566131104,0.0134201417070326,0.0096132368160028,-0.0133297128435505,0.0116451914999717,0.9997970318639776,0.0239216260127688,0.0578389941618184,10.315792826404008,0.0099713749341609,0.01253756503818,0.1544126331953321,-1.1537562330933187,0.2475737943363531,1.09779648333975,1129.234965869372,1141.2004790194496,1139.167607819683,1139.6870911521485,-1046.1930312572115,-235.11311705283836,-601.9987363859528,-392.9371994323075,155.10725851377055
1.5025,-0.8524625075477353,-0.0285338546538688,0.2345936227986328,0.0017537470622364,0.0698621662898444,0.0132264000114928,0.0096066029584441,-0.0132750234972058,0.0116643439273036,0.9997976029579064,0.0199705735741277,0.060447660350943,10.293858960650835,0.0094978462376184,0.01215855934934,0.1556407474338716,-1.153742507498539,0.2476010352183713,1.0981881762822134,1126.6583901436131,1140.3887288196293,1137.779138674039,1138.664013818308,-1065.96450769732,-418.84065578145913,-564.799655316379,-450.4599694275281,155.11399552827172
1.505,-0.8241544150592898,-0.272095459641552,0.2179493208000169,-0.0004917344516432,0.0695682573924118,0.0140644120953161,0.0095949966034354,-0.0132230039617113,0.0116830243260942,0.9997981869717296,0.0160447311776736,0.0628187076675061,10.271923498631104,0.009013109105854,0.0117811656351491,0.1568050503355925,-1.1537300885022848,0.2476263342594024,1.0985828192739175,1123.9051433308853,1139.1062757405423,1136.3436095431011,1137.4347913050108,-1096.3765606098807,-571.7831418117253,-578.2714962815456,-517.1742505978153,155.1206635355813
1.5075,-0.7495918587094667,-0.4799453199993138,0.1706572908828647,-0.0025752206997702,0.06896453210969,0.0154123401233087,0.0095809952823187,-0.0131742153190908,0.0116998850374155,0.999798768361245,0.0122093994166344,0.0649883944651415,10.250032356584972,0.0085166351730405,0.0114059692225952,0.1579073849531951,-1.153718540607022,0.247649640954753,1.0989799504217896,1121.1765073405636,1137.5298131105703,1134.887781192631,1136.0781425653188,-1047.056527126892,-668.8981801009191,-577.0110901753137,-560.9680999049607,155.1272721899779
1.51,-0.6507887275129073,-0.6442151975333287,0.0618267025491874,-0.0040747618022246,0.0676880943805297,0.0169097292596662,0.0095650928339211,-0.0131251818471543,0.011716207200685,0.9997993727889676,0.0084475164006736,0.0669545970092438,10.228226523153294,0.0080067591487136,0.011033207188721,0.1589501553045926,-1.153707535875039,0.2476705748479743,1.099379104238908,1118.6698606952507,1135.7617848400375,1133.4585540922246,1134.629950805486,-1015.5096251902467,-773.8134768202309,-606.4781840773451,-644.7349324708422,155.1338066251298
1.5125,-0.5445376086032767,-0.7868016868266586,-0.1503053396334243,-0.0051887574919966,0.0651937046884,0.0183263625009073,0.0095515459108123,-0.013071005078864,0.0117331880667798,0.9998000088393868,0.0047148236710649,0.068795159551775,10.206540336676536,0.0074815070732102,0.0106644688008839,0.1599360662664896,-1.1536972423586747,0.247689595123792,1.0997798793732823,1116.0989592146125,1133.6607457264695,1131.8553902722444,1132.8544679029646,-856.9807967514209,-731.3866135239836,-559.1552079148967,-652.5869108120181,155.14155859503143
1.515,-0.4907057765252845,-0.8589896941493725,-0.3846055110180268,-0.0058514426967512,0.0624714877992761,0.0188113007247777,0.0095437395778702,-0.0130092426235248,0.0117526657368936,0.99980065374009,0.001016964773652,0.0705714795300856,10.185000746199602,0.0069399222897315,0.0103010440446541,0.1608680609923764,-1.1536877996982076,0.2477072065212206,1.1001819880500323,1114.3849567114935,1132.1048517724175,1130.66277805265,1131.3670162514259,-597.1157600071682,-545.5327126778103,-442.2765372563288,-598.8797271002429,155.14794140568293
1.5175,-0.4926200737285577,-0.8907680877151458,-0.6459495462604372,-0.0061642891913326,0.0596646480805025,0.0182552340761423,0.0095421820730957,-0.0129374106858148,0.011774146623592,0.9998013405501363,-0.0026430457058668,0.0722877722954075,10.163627674360868,0.0063813001922817,0.0099431884373357,0.1617492493784223,-1.1536793731642871,0.2477236469182209,1.1005845562633159,1113.1133804145763,1130.9330821630804,1129.6440075859628,1129.8600692674631,-444.8280646034258,-387.1137652567623,-382.3212791329833,-611.6993134080208,155.15424072852912
1.52,-0.546479216778286,-0.904310503979408,-0.893481343070996,-0.0062881198214512,0.0572530009373282,0.0164183794717104,0.0095456895044105,-0.0128566622109983,0.0117961777041478,0.9998020830893148,-0.0061912984873971,0.0739148147346503,10.142433905647074,0.0058064772858625,0.0095903867076571,0.1625826125772953,-1.153672157615446,0.2477391918628106,1.1009870699576088,1112.1608163884766,1130.169282946134,1128.7511716569852,1128.3085196843858,-322.84953484732574,-202.21579875451857,-339.7102567683832,-637.7471099723743,155.16046813816362
1.5225,-0.6547534773096934,-0.9215227528259858,-1.07550542510232,-0.0069686909863738,0.0556600270721894,0.0128426301659119,0.009550506678167,-0.0127712505062564,0.0118174029815548,0.999802878771781,-0.0094961740497696,0.0753726574440337,10.121426028653296,0.0052177357739411,0.0092410218357569,0.1633707499038947,-1.153666274504118,0.2477538530473829,1.1013898141532696,1111.49913274034,1129.9220031693076,1127.9454563021209,1126.6713337176016,-253.70922957976612,-7.940047339707051,-355.62993247589566,-740.1823953623817,155.16660538475108
1.525,-0.8188346731300775,-0.9750905245873304,-1.168567316847852,-0.0089431712716932,0.0543343749950032,0.0076168561886445,0.0095551986500445,-0.0126849614379334,0.011834223052504,0.999803735596042,-0.0124408307295754,0.076630291499861,10.100605453404205,0.0046176513818313,0.0088939967748814,0.1641155527339955,-1.1536618264539733,0.2477681255501904,1.1017939945583552,1110.8922702405775,1130.1295827094355,1126.9730219946057,1124.6076077075738,-215.86101337270023,129.43921151208698,-370.3198378817802,-763.4605778619793,155.17386110286063
1.5275,-0.9568545744108315,-1.0553437118815456,-1.1258723626229132,-0.0114916486614211,0.052971490118329,0.0035554587688111,0.0095580970982293,-0.0126029172672809,0.0118440010780535,0.99980463525089,-0.0148888523364523,0.0776536915230404,10.079969714866587,0.0040097308177584,0.0085479297820015,0.1648180788837847,-1.1536588544668045,0.2477824411623519,1.1022005257482352,1110.4198276734764,1130.5691992268682,1126.093857112712,1122.8540308282916,-212.66551086064732,179.36097222723603,-372.2619542463314,-683.1775202843037,155.17981305552073
1.53,-1.06672811710366,-1.1631981326154974,-0.9647506442386284,-0.0148207715175883,0.0508498029393629,0.0003698473170103,0.0095569417822082,-0.0125237690533043,0.0118467084211879,0.9998056146648284,-0.0168428656179746,0.0784006898489759,10.059514488063112,0.0033958476137618,0.0082011794613408,0.1654786182988448,-1.1536578371198134,0.2477966713702562,1.102609732228618,1109.8289426862743,1131.0263875705716,1125.111712223374,1121.1917201061524,-318.9066019352663,137.3205952208111,-450.2246679762816,-666.5510851702635,155.18566248339857
1.5325,-1.146083129248112,-1.296476228314006,-0.6632633152516806,-0.0189481292559579,0.0473516323600235,-0.0024217649113899,0.0095516752664265,-0.0124453314436585,0.0118439415214108,0.9998066814065832,-0.0183301556805229,0.0788755122627715,10.039234290641655,0.0027780263896604,0.0078529055559807,0.1660966929742898,-1.153659004726062,0.247810724869322,1.1030217588856188,1108.8252946638,1131.2558022029723,1123.8427337728303,1119.5212754024403,-431.5462082196418,-14.162654517712909,-470.2193019886527,-523.1214056196557,155.19255818147855
1.535,-1.1659380412609395,-1.3860823142541827,-0.3503497277259003,-0.0220109145630375,0.0435918380030742,-0.0039129932730589,0.0095407714869376,-0.0123687851578108,0.0118379158461892,0.9998078080765972,-0.0193197320577808,0.0790533314356492,10.01912391606071,0.0021597225868883,0.0075019778799998,0.1666712779747188,-1.1536631253791838,0.2478239844071549,1.1034369570162528,1107.6712116451763,1130.955574297983,1122.7606157134308,1118.576113078054,-527.1345748103946,-258.3431632267943,-424.97191541246065,-251.85870209715503,155.19819793479832
1.5375,-1.1438913373963195,-1.4285218555442378,-0.0121875798095975,-0.0245594753074317,0.0392174797133606,-0.0043022759361202,0.0095238357944513,-0.0122956754418769,0.0118306239908591,0.9998089554908166,-0.0197827345663795,0.0789328109929157,9.999179643645014,0.0015446776619438,0.0071479302670055,0.1672010151018264,-1.1536703039922191,0.2478362871989765,1.103854595090682,1106.189621789748,1129.9640863868383,1121.7178741957682,1118.2619818919543,-630.6187371011808,-517.9516323762183,-404.261040393621,-12.385204117436196,155.20372266982767
1.54,-1.0925095761225783,-1.4228414713336703,0.3163807280021966,-0.0269361042505835,0.0348537777620846,-0.0036321873822444,0.0094994407098786,-0.0122274184198001,0.0118253313757704,0.9998100820297988,-0.0197031334834224,0.0784927702471652,9.9794004064784,0.0009365491299841,0.0067902717920612,0.1676844609587535,-1.1536799928980284,0.2478476433028642,1.1042738164446757,1104.5181179596705,1128.365816136102,1120.7393105114627,1118.5141870574669,-677.6967994978949,-764.4967534673177,-374.994275979824,218.81315544033447,155.20914882538304
1.5425,-1.008334024686633,-1.3630055149202152,0.5992293581181501,-0.0293773338483255,0.0311150864164261,-0.0020375672119665,0.0094650058843361,-0.0121673676662983,0.01182548850456,0.9998111314159572,-0.0190362556760531,0.0776890424471795,9.959788325827077,0.0003394005281454,0.0064284370853344,0.1681202105158391,-1.1536913274790852,0.2478575367483939,1.1046944433486159,1102.8011377922587,1126.1416026195016,1119.8429028158691,1119.356047669156,-707.5560955165353,-1063.464818005309,-380.7972492458784,444.1927577286701,155.21445223416532
1.545,-0.869236694320967,-1.2462407334083658,0.8498976277679409,-0.0324454846357298,0.0275746421978007,0.0006131103067585,0.0094214138633021,-0.0121152080749759,0.0118322629423672,0.9998120847513836,-0.0178187830336611,0.0765471556679641,9.940349045364858,-0.0002442837985571,0.0060633066389608,0.168506907222453,-1.1537038617294353,0.2478656668972259,1.1051161218123908,1100.9803374820879,1123.0484920460756,1118.835324265233,1120.73515084611,-586.080641044132,-1147.161796659903,-363.34388991184886,500.37559473929593,155.2206693847382
1.5475,-0.7230678868354583,-1.1258536239529546,0.9651776894330478,-0.0351122619049958,0.0251992592341506,0.0033956390209186,0.0093687879747845,-0.0120735367870182,0.0118448598398586,0.9998129175905188,-0.016037730121036,0.0750764077482408,9.921091780220227,-0.0008114044318046,0.0056956533849201,0.1688433276977102,-1.153717466364533,0.247871671134155,1.1055388263003019,1099.870734587038,1120.405793636202,1118.0261833663099,1121.8579256428527,-321.7265552838779,-1001.8361063141808,-320.82149980487145,355.4729642542416,155.2257242105476
1.55,-0.5561582305281231,-0.992874575913742,0.9689523815210808,-0.0375738268361072,0.0231043022445239,0.0066506318063543,0.0093082104711369,-0.0120465975096143,0.0118604808803935,0.9998136013251612,-0.0136546590937009,0.0733045232152605,9.902029061528632,-0.0013586207058028,0.0053265562519142,0.1691284022863624,-1.15373232245811,0.2478753393109042,1.1059628066589529,1099.3717047056684,1118.0393115145043,1117.2312167662087,1122.5125156673814,-60.98016914734347,-917.4387877458424,-344.4756375028265,93.54058790986728,155.23064387579137
1.5525,-0.3622282693853713,-0.8221315731864048,0.8444484286798767,-0.0394548965202095,0.0207533440864517,0.0104778623937668,0.0092411532513961,-0.0120359391138503,0.0118764169384369,0.9998141368641632,-0.0106909576999699,0.071267950686226,9.883176683616073,-0.0018837790545789,0.0049570361317504,0.1693612763280227,-1.1537489735220463,0.247876865986424,1.1063882201990762,1099.5658337413013,1115.818599697473,1116.3038051787955,1122.325628582402,195.01070093893264,-689.3533186785736,-330.5381795238716,-266.31408165654307,155.23638668451224
1.555,-0.238254172593456,-0.6683379177070077,0.6468509765372462,-0.0397659852018756,0.0189247506199154,0.0129879942038862,0.0091696291521942,-0.0120412166668465,0.011891783735163,0.9998145232863928,-0.0072103364788465,0.0690153358706052,9.864553068058408,-0.0023856676616014,0.0045879222758727,0.1695414042954644,-1.1537673543237872,0.2478764881785883,1.106814832845126,1100.346758210363,1114.5925449211115,1115.5785258685896,1121.1809452590987,406.8062310495768,-364.0496360069762,-272.2749457190667,-662.0776013420102,155.24103532211998
1.5575,-0.1923648455925477,-0.4983563110023906,0.3825570704909979,-0.0390270057998136,0.0172192394734958,0.0145181591312573,0.0090964017515488,-0.0120624290578616,0.0119037820190862,0.999814773649254,-0.0032725024095664,0.0666110220909633,9.846178308782122,-0.0028633447347203,0.0042197270311293,0.1696686781207436,-1.1537867558145596,0.2478752313109519,1.107242655322053,1101.5998648965492,1113.998351517438,1114.9424304502004,1119.015240575692,540.1213000437896,-154.89426111011747,-234.36545940125512,-1002.4090717004352,155.2455383734322
1.56,-0.230438234114727,-0.3137738836296412,0.0925526918782474,-0.0378710342408792,0.0157056918480884,0.0152386861220285,0.009022636103154,-0.0121000547397671,0.0119102424077283,0.9998149031076548,0.0010701749722217,0.0640897344843981,9.828073368427809,-0.003316099887324,0.0038518001498832,0.1697435815487402,-1.1538070373292355,0.2478740183439263,1.1076718492070976,1103.047364710582,1113.8180736155612,1114.406698571583,1116.1688999005964,569.9126834991724,-15.371548034045516,-186.68677654605233,-1234.1959189758463,155.24991839537392
1.5625,-0.3707231599634593,-0.1165973521277326,-0.1894226365444955,-0.0368678447207636,0.014838248980966,0.0146599956445663,0.0089457244925887,-0.0121435733776083,0.0119117712343677,0.999815055380102,0.0055482038603991,0.0614176693270882,9.81026045518364,-0.0037473298327878,0.0034817266539625,0.1697672590079335,-1.1538289743094683,0.2478730057401339,1.1081015163446544,1104.449428314045,1113.9214937772679,1114.00899656747,1112.8442609808128,535.8675641312971,47.6099541923769,-143.91034097480167,-1471.8311823184051,155.2541474997832
1.565,-0.6248048882030504,0.1195214837664914,-0.4720738340978568,-0.0366318811923018,0.0150642292466597,0.0124789318693821,0.0088687578345956,-0.0121802871091387,0.0119097540356315,0.9998153388689592,0.0098537249064917,0.058676602154215,9.792760889621672,-0.0041615405674824,0.0031086471847365,0.1697415681005601,-1.153853122156614,0.2478726676152664,1.108529944647761,1105.7267025312383,1114.056123386523,1113.687146866709,1108.8097439890043,358.1508762241728,8.331808702769,-96.54728992800078,-1419.2208614582469,155.259044905838
1.5675,-0.8619845959276456,0.3036108725926224,-0.6378070096916028,-0.0379849484617472,0.0161023759146233,0.0099193488153637,0.0087976003140476,-0.0122008631833045,0.0119075492023875,0.9998157735410762,0.0137499273514782,0.0560046281806822,9.775593866805826,-0.004562578991584,0.0027324701188704,0.1696690896098835,-1.1538791910079218,0.2478733029957873,1.10895545191316,1106.240182695166,1113.9631528207815,1113.52626011783,1105.7481566735214,58.14689674480044,-117.30863452293944,-50.374238054654334,-1105.7927342279272,155.26297613233828
1.57,-1.0556640308558232,0.4662488121931301,-0.7224803510420909,-0.0414414851190498,0.0174644520700743,0.007443937151117,0.0087348636080041,-0.0122066269551898,0.0119062341009019,0.9998163021794249,0.017213385564201,0.0534757676073724,9.758774904664932,-0.0049513281771119,0.0023519999056393,0.1695529621647644,-1.1539059257073159,0.2478748239818411,1.1093775367896097,1106.0174370149623,1113.4695802139083,1113.435275676436,1103.2807803178648,-219.3400500192685,-278.29628675318094,-31.057385346003436,-870.7450429010081,155.26674974717525
1.5725,-1.1646296506353415,0.6111536143941336,-0.7470341676686199,-0.0461099653128833,0.0189635869662805,0.0055291157417116,0.0086803300872233,-0.0122003543700845,0.0119073275261254,0.9998168703533232,0.0202540315963032,0.0511108217130144,9.742316339046488,-0.0053288654275933,0.0019654159655652,0.1693963697090703,-1.1539322739530185,0.2478766749909001,1.1097962722431087,1105.1434824450696,1112.5716713870158,1113.3709731911,1101.3944314590165,-495.41739766069594,-457.13540925390646,-23.94724144110165,-622.7961010642636,155.2703916145919
1.575,-1.136705281904158,0.739756361938885,-0.7151748001747475,-0.050931135766444,0.020644088418919,0.0041270623862711,0.0086318683142139,-0.012181676534206,0.0119128959247082,0.9998174735417036,0.0228269497119284,0.0488959739255461,9.726227907750047,-0.0056979159879797,0.0015708283405372,0.1692020157596269,-1.1539581953440616,0.2478782617242109,1.1102126662930536,1103.540350026659,1111.1839031676388,1113.3155394692303,1100.1667998125436,-833.9077256958526,-706.4006603570598,-23.724284749732213,-425.29841685453835,155.27387387363436
1.5775,-0.9406583748903052,0.8841175739730976,-0.6298000028684801,-0.0559098580182212,0.0226215038487172,0.0024181696174749,0.008585482826923,-0.0121523715524069,0.0119230973413179,0.9998181205668372,0.0249369445553813,0.0467816473822971,9.710516312965954,-0.00606087487729,0.001166379221776,0.168971805720487,-1.1539836925196216,0.2478788448416912,1.1106284861152467,1100.9739438165902,1109.0396680852305,1113.2523517673515,1099.2679393747435,-1003.669595827318,-843.865050338653,-22.058572978675727,-268.95238701899245,155.27786776232435
1.58,-0.665129673098077,1.0007481328199663,-0.5286395006162544,-0.0589517568004632,0.0243423725622799,0.0009868231027636,0.0085359925730206,-0.0121128980249949,0.0119373155395936,0.9998188565899336,0.026571606733278,0.0446957602702701,9.695186224717071,-0.0064207801092194,0.0007505423325952,0.16870664994389,-1.15400922121558,0.2478773569694671,1.1110448244107016,1098.5220020475224,1106.9645779159455,1113.2052466043372,1098.8220378774483,-983.1029282363696,-857.2257612454177,-18.409794387207903,-153.00237042802436,155.28104222289224
1.5825,-0.3238872094398698,1.11199243860476,-0.4059194355092716,-0.0601745411355457,0.0265177374519283,-0.0002307534492597,0.0084805166326746,-0.0120651109819344,0.01195317345854,0.9998197117185992,0.027755280635012,0.0426095060716942,9.680240418449038,-0.0067802123966479,0.0003231892034048,0.1684065580947179,-1.1540347325263847,0.2478734988886124,1.1114620213318531,1096.0584291754085,1104.7535392790035,1113.1603027954154,1098.5029275226036,-1016.6669010771092,-965.4470384981073,-23.778466346084823,-139.13834701416204,155.28405787459732
1.585,0.0906682971127399,1.2279295866634667,-0.2461961238033937,-0.0595546995055139,0.029863465805488,-0.0013218963095105,0.0084177600521608,-0.0120141081553934,0.0119681823445687,0.9998206650760092,0.0285839855700851,0.0405217705710564,9.665680080961897,-0.0071405396384178,-0.0001148087637725,0.1680708873456748,-1.1540598619602636,0.247867570472357,1.1118805697152037,1093.4386675421367,1102.137342723455,1113.0863542726067,1098.1263461423775,-865.3225188999186,-928.5306413934688,-35.340561398606134,-145.16735428400926,155.28749464515127
1.5875,0.3939724367919581,1.2988718449512504,-0.113470220536586,-0.0576443121471892,0.0332773075771211,-0.0018046798251925,0.0083490455772954,-0.0119635022848017,0.0119811520544506,0.99982167662729,0.0291331836761805,0.0384789819558128,9.651505964331408,-0.0075033550585506,-0.0005613694211563,0.1676985782070696,-1.1540846090943022,0.2478599386603651,1.11230023979132,1091.7318165809088,1100.110886072036,1112.9835999884224,1097.7770907511836,-559.5321456674681,-757.3082135231568,-54.54540922564649,-144.2773395851385,155.29020851798978
1.59,0.6167606492560357,1.3332698242438568,0.0046808265625826,-0.0548923079499759,0.0372691664865756,-0.00170063568274,0.008278099773782,-0.0119137734250686,0.0119904807713034,0.9998227293900523,0.0294255580629907,0.036570038778098,9.637718821605427,-0.0078708394108927,-0.0010134317961747,0.1672884521581806,-1.1541091355100974,0.2478510786337946,1.1127206747496183,1090.6410068137995,1098.3508016558392,1112.8136272264785,1097.404959444452,-334.6266793859812,-650.3533899309472,-80.05135431844961,-144.49843802604244,155.29276894534803
1.5925,0.7636251502171959,1.3374680225984927,0.1011463624060423,-0.0520433838076309,0.041377570233055,-0.0012578846144073,0.0082061343862968,-0.0118636433739755,0.0119948586805821,0.999823845988312,0.0294554681378675,0.0348304400248873,9.624319006523024,-0.0082451393358801,-0.0014686667001426,0.1668395162696356,-1.1541339395104306,0.2478410521199129,1.1131417511302404,1090.0586831839787,1096.8591191223811,1112.58334321683,1097.0545985610531,-131.27867573175814,-526.286596498005,-102.98993415895202,-122.7346704864002,155.29520423557395
1.595,0.8287586360973521,1.318576367176988,0.1639809581607336,-0.0495104166045143,0.0448469771907191,-0.0006592235247922,0.008133007808483,-0.0118122729919749,0.0119953055043224,0.9998250280592136,0.0292299595959787,0.03326420355298,9.611305509712713,-0.0086275157734773,-0.0019250746338001,0.1663512659763887,-1.1541598086116152,0.2478294696897933,1.1135634509587051,1089.9846134351408,1095.7193686733492,1112.2986775556835,1096.79128609202,39.53210240256249,-415.85244387464576,-127.81521601050076,-82.09766966947238,155.29749159141852
1.5975,0.8422660345079281,1.2974451504350557,0.1966640624751769,-0.0470970624574644,0.0478896879615481,9.454117159952204e-05,0.0080636856308109,-0.0117568619076898,0.0119944698466121,0.9998262381373028,0.028722702526692,0.03196842196125,9.598675532338621,-0.0090190909820007,-0.0023788797988067,0.1658239356344073,-1.1541874062652595,0.2478161768950548,1.1139845560220263,1090.2563436959915,1094.779856903008,1111.9442671367776,1096.644110212706,120.57428029752094,-270.1393812042562,-123.29468127595362,-19.041533516974155,155.30006973694378
1.6,0.825765238914231,1.299413394998138,0.1887697368760017,-0.0457687160395353,0.049775348554474,0.0007184810187734,0.0079990066364351,-0.011695225873468,0.0119951239898792,0.9998274632188588,0.0279202103588764,0.0309550052888514,9.58642306713112,-0.0094200946262321,-0.0028277291319127,0.1652586974699445,-1.1542171256398468,0.2478007349946934,1.1144040657194485,1090.5874848366284,1094.368671767328,1111.682204149304,1096.6960784244352,110.48170463091319,-83.60056962765334,-90.5524497433836,60.461378626224736,155.30208282132574
1.6025,0.8057664097767123,1.3278742365565748,0.1478818224514197,-0.0448392371385046,0.0516500499310395,0.0012907326947924,0.0079382091219034,-0.0116271325475521,0.0119955079744115,0.9998287351823388,0.0268472504718273,0.0301993212991055,9.574537624807995,-0.0098295272676355,-0.0032700784986115,0.1646577339215555,-1.1542486474282772,0.2477833250738206,1.1148207203049134,1090.8087522191463,1094.3618540548698,1111.4915048880607,1096.946417105837,37.587357332677925,92.26871144869816,-69.75053652154351,152.94184284435104,155.30396002566837
1.605,0.7888620929251072,1.3731238435501112,0.0681679494539397,-0.0433968208933518,0.054694208649589,0.0017395057250084,0.0078814211698347,-0.0115587498222378,0.0119935522358231,0.9998300054941708,0.0256503612873139,0.0296878320810668,9.563002680066301,-0.0102438919288117,-0.0037044382353079,0.1640242433330155,-1.1542818364438352,0.2477645091599249,1.115234374756264,1090.7754216232915,1094.8300153245711,1111.3334514666963,1097.4607876386567,-69.94239423957119,247.1308697347065,-57.89970778128132,216.86018030018664,155.30606146806787
1.6075,0.7763838448507985,1.3916287493745807,-0.0163364184584963,-0.0417577111723388,0.0582597608599436,0.0017164590217612,0.0078282671774792,-0.01148930174025,0.0119885964712355,0.999831290781182,0.0243406372153939,0.0293952882091676,9.551797177065591,-0.0106617591805073,-0.0041298376277581,0.1633619681453897,-1.1543166036272978,0.2477446964637749,1.1156442110878124,1090.4590402479485,1095.597508403543,1111.2020063491543,1098.030718007338,-174.40536326216312,370.07700830585287,-76.64609349248897,242.66155025588327,155.30769124940943
1.61,0.7524095448299604,1.3524987888991489,-0.1105730986169416,-0.0396700908669585,0.062698424177362,0.0013399717839957,0.0077826926271365,-0.011415920488631,0.0119805429606634,0.9998325915184846,0.0228876525703248,0.0293765648630603,9.540894523861853,-0.0110822408044449,-0.0045443129980382,0.1626750231920722,-1.1543529159336272,0.2477246620548251,1.116048842844926,1089.9033948069807,1096.6804003661007,1110.9502209992338,1098.6740953899364,-241.56195208537963,465.48287797962814,-141.47347698458034,254.99945508217343,155.30920031346068
1.6125,0.7087429816401021,1.245693923515349,-0.2080797920412446,-0.037303390461748,0.067182570369652,0.0008457169161222,0.0077467261837418,-0.0113375329410317,0.0119697155503758,0.9998338992706652,0.0212919397000742,0.0296473806475796,9.530262162227512,-0.0115038531604122,-0.0049469159346521,0.1619674958840118,-1.154390903185012,0.2477046248657246,1.1164478781471168,1089.2512304875215,1097.9249227934415,1110.4946389642312,1099.305715282749,-256.7522214562414,506.50249972474,-251.37404525926823,229.45356145256065,155.3106126788896
1.615,0.6356591249393417,1.0523739581378733,-0.3062859137204082,-0.0350951034443502,0.0709974643588547,0.0002834741853092,0.0077188430461819,-0.0112572379499897,0.0119587937576085,0.9998351586306145,0.0196292931525884,0.0301539649936772,9.519861982625821,-0.0119239142748232,-0.0053380693266813,0.1612429511393896,-1.1544306777331608,0.2476837721314573,1.1168428181795191,1088.6196336996995,1099.2129128647243,1109.6933507729375,1099.8213631971992,-248.45663810347637,540.2089396411726,-442.9096458307507,172.92737330204005,155.31191172705823
1.6175,0.5187329444787557,0.7377453140273286,-0.4211073782187554,-0.0329614720975622,0.0742290711075716,-0.0005029510877439,0.007695970969032,-0.0111771079701884,0.0119512243389614,0.9998363304672888,0.0179524101921503,0.0308136622541861,9.509652385096095,-0.01234035171662,-0.0057188376652944,0.1605038854782757,-1.1544721315921969,0.2476616947163391,1.1172355268845027,1088.008947297004,1100.625967491647,1108.2800907350777,1100.170352149259,-195.0015925832259,477.0938154512695,-588.2009770598735,64.86773279088844,155.31334275760756
1.62,0.4075674608572452,0.430934298274068,-0.5094478238136694,-0.0317691162836819,0.0753778994009899,-0.0013024938817499,0.0076731224783171,-0.0110962072251382,0.0119491657450875,0.999837440451228,0.0162540503100845,0.0315093435569464,9.499590147276798,-0.0127524330857143,-0.006091081951493,0.1597514533510794,-1.1545153635863439,0.2476384049751916,1.1176271049832165,1087.6446257367836,1101.5983819419807,1106.752345887638,1100.1457018611536,-127.80131158446852,334.5730732102233,-666.1622824074885,-91.06118133772513,155.31443030448042
1.6225,0.2987458274864033,0.1087724161374043,-0.5798815800147608,-0.0312415870676271,0.0750063633620277,-0.0022636936738712,0.0076450218680593,-0.0110184636214604,0.0119503725352297,0.999838511902358,0.0146182166686063,0.0321193249083056,9.489631150110824,-0.0131583058648216,-0.0064570912993667,0.1589856999221091,-1.1545600309652784,0.2476138406577361,1.1180186661620524,1087.3699407390818,1102.2988328576985,1104.94927932304,1099.7150462425705,-129.89628058149083,239.2272716933854,-831.9767855671848,-288.59321347668515,155.31540980477203
1.625,0.187546623445304,-0.2732789355798916,-0.6246667753758379,-0.0311330496381936,0.0738306438928391,-0.0037890790270284,0.0076108777010091,-0.0109419555537431,0.0119523378435429,0.9998395986293966,0.0130177842800363,0.0326113976586344,9.47973372799666,-0.0135585543811526,-0.0068179656124484,0.1582055596796538,-1.1546056866443304,0.2475883037408616,1.1184105975146357,1086.995144333876,1102.7945183004476,1102.5924619598022,1098.7027357937702,-170.39253614935114,119.01917434188616,-880.4461977672605,-446.42054860229143,155.31646018483303
1.6275,0.1174755812779213,-0.5843137725993747,-0.6110453100922327,-0.0311535277898835,0.0727285513176362,-0.0056963971381981,0.0075702925417511,-0.0108625398012246,0.0119540891843732,0.9998407582275352,0.0113834131898299,0.0329649331693299,9.469859810525696,-0.0139551009859135,-0.0071749219600575,0.1574092064273322,-1.1546519075879986,0.24756195880958,1.1188027861128436,1086.517978058335,1102.893928729408,1100.547048334204,1097.482943499559,-251.37606417437712,-37.13018877651761,-821.2179915201242,-544.108160353686,155.31723049741268
1.63,0.0710208677512967,-0.8911311855403152,-0.5253272438413003,-0.0309528245655272,0.0715426303789916,-0.0082628038842414,0.007525754663361,-0.0107800680564843,0.0119537294652108,0.9998419941634688,0.0097230848296904,0.0332169480853378,9.459975625932431,-0.014349171812816,-0.0075286075779419,0.1565946080342045,-1.1546983398154052,0.2475353891450984,1.1191947764255623,1085.7382640130043,1102.608867356565,1098.4863720022015,1095.9821949920015,-373.74947112956806,-190.5061281925056,-819.4552384778301,-623.1824362912758,155.3178902969246
1.6325,0.0414077122521421,-1.1943384646236757,-0.3752568696581473,-0.0306439991528066,0.0700280256175711,-0.0108095891277916,0.0074790450834392,-0.0106977791336138,0.0119500202106649,0.999843271231092,0.0081097872975772,0.0333945454709457,9.450053049311528,-0.014741475809759,-0.007880132607819,0.1557597884884816,-1.1547446320657873,0.2475089361782629,1.1195860967328943,1084.6492307026872,1101.941398088445,1096.4497721418147,1094.3670313181024,-510.842877294328,-374.6575501020368,-800.8268817342638,-641.818829176932,155.31845719230432
1.635,0.0299021683533287,-1.4810587705766702,-0.1622192065434709,-0.0304075144601961,0.067622870433834,-0.0122417078202687,0.0074324304363779,-0.0106166684271029,0.0119434145580182,0.9998445555754106,0.0065753812814521,0.0335390102826729,9.440071237264664,-0.015133853553777,-0.0082305237352459,0.1549029264581699,-1.1547900829945195,0.2474825478429668,1.1199753961093568,1083.1840496265327,1100.735579606055,1094.4822375935303,1092.7731008461171,-715.8062184096405,-664.7049863704666,-837.8696166009555,-659.7029116950266,155.31891047092356
1.6375,0.0374965015403846,-1.7728224674305315,0.1258685429677834,-0.0302574695743153,0.0631265205492968,-0.0120804239084538,0.0073880766328587,-0.010536004941838,0.0119331185495065,0.9998458490394287,0.0051209117726301,0.0336942335099026,9.430017147110464,-0.0155288260203017,-0.0085808664353603,0.1540224566759926,-1.1548336225199127,0.2474565196204857,1.1203614441866623,1081.070199610639,1098.617873156593,1092.26042405881,1091.0685167596275,-813.9184129451036,-880.68271942823,-781.9715361170712,-571.0994153003735,155.31932092385904
1.64,0.063462456106166,-1.9409180176385945,0.3591840274473754,-0.030295856692206,0.0579399232065777,-0.0107590205350408,0.0073462823019243,-0.0104559920039084,0.0119184008345841,0.9998471583448743,0.0037660023775461,0.0338725824796625,9.4198855820226,-0.0159284512413699,-0.0089326606554888,0.1531170426491298,-1.1548751519697988,0.2474307530027578,1.1207437261818212,1079.114457561807,1096.3321660089136,1090.5723799129448,1089.9176037696152,-792.5355334968388,-990.5939327805072,-631.52258512558,-393.0230120212309,155.3195501167374
1.6425,0.1110308586027056,-1.9985694163686036,0.5535131469534667,-0.0306555544947741,0.0518424778278725,-0.008738697779221,0.0073067956027233,-0.0103808595819676,0.0119006611553353,0.9998484272427772,0.0026062901472836,0.0340787603634849,9.409679033068992,-0.0163330214275419,-0.0092871869301445,0.1521855109137,-1.15491606890083,0.2474045793305995,1.121122782821206,1077.1075219431548,1093.6649034926904,1089.102811133182,1089.103401699521,-787.6541057003293,-1090.2680078744884,-547.428431836818,-269.8550531820786,155.31966016694935
1.645,0.1730865184634679,-1.9532705353823567,0.702144222737702,-0.0310127471180575,0.0455976106403673,-0.0063073372058938,0.0072694908940001,-0.0103133782329131,0.011883100246737,0.9998495937665592,0.0017091023169528,0.0343229894586279,9.399408290583139,-0.0167424366219755,-0.0096451739512719,0.1512265181253397,-1.1549577226388863,0.247377822219869,1.1214994938983267,1075.1761870333055,1090.880825969541,1087.8352377537608,1088.5683285037048,-727.9366108486256,-1081.3284981730023,-458.6890079772372,-155.67690605244357,155.31966985954227
1.6475,0.2389730692288557,-1.7920315405864,0.7937034282448434,-0.0306856045592744,0.0398207575521105,-0.0039885882630706,0.0072334044052729,-0.010258010823685,0.0118711439948716,0.9998505596399082,0.0011713218717513,0.0346012644696293,9.389091864110492,-0.0171551290354892,-0.0100070243553823,0.1502385659113455,-1.1550009017234193,0.2473499571634287,1.1218745888667672,1073.4678388889115,1088.2582610018255,1086.809366093296,1088.3250171692591,-672.190494629588,-1039.0980676198283,-402.97577231357513,-60.39912195578697,155.31955659046542
1.65,0.2968361624394767,-1.5023814820931198,0.8488528174493039,-0.0295986299977308,0.0343996556079389,-0.0018296499337633,0.0071948692206029,-0.0102204189677806,0.0118673501599908,0.9998512669300906,0.0011089722059612,0.0348590699318725,9.378755587256064,-0.0175681541800744,-0.0103735482023469,0.1492200189496683,-1.1550463273189255,0.2473203772291935,1.1222489520341727,1071.8152345601575,1085.685335631442,1085.8203588921929,1088.266332893926,-525.0193670429204,-804.3043281652259,-331.12567386196275,-2.650321407827444,155.3192760998771
1.6525,0.3093931499326958,-1.2217520509409183,0.8597169106009295,-0.0285785931108124,0.0314475259180305,-0.0004811402939855,0.0071555107677029,-0.0101966330102137,0.0118726800746809,0.9998517318225324,0.0014546178710491,0.0351429082741988,9.368433060165268,-0.017980553897709,-0.0107435661429612,0.148169087724361,-1.1550948565670056,0.2472891021317345,1.1226224182995708,1070.842742053697,1084.2367393609993,1085.153737723986,1088.31176556222,-294.74230147939755,-412.28881380744474,-244.29942407605787,11.498679141914426,155.3189203674338
1.655,0.2682899320301708,-0.9507674724928414,0.8390404281907216,-0.0275451903089614,0.0298628609813645,0.0007594189713257,0.007116707812829,-0.0101800612656123,0.011889754110651,0.9998519791901648,0.0020869211207314,0.0354937922002027,9.358163963984392,-0.0183915612895931,-0.0111156060964277,0.147084202440214,-1.155147304733715,0.2472560145898678,1.1229944168081591,1070.3415230527603,1083.6238915624049,1084.5988617718126,1088.3238262896355,-108.93717987687756,-92.28889971023105,-224.59446732819313,-30.350582395840966,155.3184365543554
1.6575,0.1444990190632842,-0.6808347635510126,0.767386021028277,-0.0262826739785746,0.0289378397256335,0.0026280436397711,0.0070785659852516,-0.0101672839499048,0.0119158964508712,0.9998520740854164,0.0029393053321554,0.0359253146481832,9.347992284365391,-0.018799097495694,-0.0114886169857448,0.1459644254797319,-1.155203178641509,0.2472213592508928,1.1233641503917524,1070.2980561543127,1083.775294862448,1084.0307653873451,1088.1600126502408,72.5444937042977,168.32252890521497,-190.60471118791168,-104.98348617656787,155.31770666225887
1.66,-0.0234157322470635,-0.5185375368779523,0.6525513969679054,-0.0253810902280711,0.0285506116498742,0.0047646150597321,0.0070429743551523,-0.0101599452152375,0.0119453118627259,0.9998520545084318,0.0040351140508879,0.0364799048349969,9.33796471753872,-0.0191996821660284,-0.0118611103316955,0.1448097598488136,-1.1552612483811135,0.2471859070499721,1.1237316743628911,1070.704245521282,1084.4655042069307,1083.645838215873,1087.7989088587526,240.0963005235953,335.3952636712542,-126.6324027852959,-200.2155595999692,155.3169733803979
1.6625,-0.2508863542771647,-0.4219198470117786,0.4616735254487293,-0.0249183737418551,0.0281851293209348,0.0074538890050263,0.0070117214283866,-0.0101565837250064,0.0119727045469319,0.9998519856050356,0.0053339777487072,0.037195029836253,9.328130079848666,-0.0195912156235419,-0.0122315866849486,0.1436209075018133,-1.1553205954274923,0.2471503850697989,1.124096029400061,1071.4985376569307,1085.4522711808045,1083.3976033734186,1087.1589348522407,363.96722370187354,397.48394712201775,-65.95649039382037,-301.27012686217046,155.31610994297196
1.665,-0.5122604192113802,-0.3684521206027393,0.204319929878015,-0.0250069095313416,0.0276936529734811,0.0100991078152233,0.0069853408680284,-0.0101562513459157,0.0119944836206346,0.9998519175849822,0.0067996856150761,0.0380805351879447,9.318537431665613,-0.0199720895415932,-0.0125987601548763,0.1423993884172973,-1.15538088445074,0.2471145101740881,1.1244557858567548,1072.5240816397911,1086.452923942541,1083.316055763904,1086.2925582244416,435.0212055568229,353.4148918318881,21.021353018614256,-390.16089765892417,155.31513856522818
1.6675,-0.7834404567885815,-0.3440590139950169,-0.1129727356684654,-0.0260830189604906,0.0269201702985982,0.0116127508983214,0.0069637628420733,-0.0101574275673388,0.0120102718691597,0.9998518731061306,0.0083807127150974,0.0391309366253184,9.309234813498973,-0.0203415845991745,-0.01296119686272,0.1411473721685283,-1.1554416077847502,0.2470776611997185,1.124809935244058,1073.6736436847148,1087.2193456399639,1083.5027101385117,1085.2081303639463,486.3696160864596,234.8896093561102,154.61093663425675,-502.77893527537515,155.31403733202177
1.67,-1.0676817155587972,-0.3140947181396951,-0.505273300049281,-0.0290183609114359,0.0255790830879221,0.0110180005662315,0.006940051232356,-0.0101607850196327,0.0120203366255196,0.9998518905992858,0.0100616392931191,0.0402080527252627,9.300267787663252,-0.0206990296129022,-0.0133191458672743,0.1398673289172153,-1.1555025642374679,0.2470389138730781,1.1251591970850543,1074.9559297202236,1087.6273719893215,1084.0891104470752,1083.7786635480647,417.8996029602689,44.71421914995413,273.55948721955707,-523.0824863018704,155.3125663463677
1.6725,-1.2298886210780895,-0.2654167524490666,-0.7876724106397776,-0.0328037630387123,0.0242728075315197,0.0084937191128657,0.0069103203754009,-0.0101644294403746,0.0120219140989773,0.9998520479379398,0.0117782624942216,0.0412268154908257,9.291679007329556,-0.0210449418967071,-0.0136719413458196,0.1385617820208424,-1.1555637660819067,0.2469981567842963,1.1255039862882152,1075.763141699516,1087.4429167357137,1084.8705075746095,1082.5927179324367,233.13872401226408,-185.9419256468712,357.3339228600989,-447.3348217089903,155.3112163845991
1.675,-1.2772919473690127,-0.1725766233589194,-0.9657891068431212,-0.0372524551295431,0.0231186209983282,0.0048009146175296,0.0068734898689513,-0.010163219094602,0.012017519119786,0.9998523719052071,0.013405276686484,0.0421514704758583,9.283507657654768,-0.0213813394974176,-0.0140178986262447,0.1372330437177546,-1.1556250421545626,0.2469556120978153,1.1258446525119228,1076.1216233402847,1086.6976623610872,1085.8757800613755,1081.54198943952,33.51066411551145,-436.904676611912,460.7372803012011,-409.3751486292691,155.3097380471646
1.6775,-1.1845198370493817,-0.0007837567636148,-1.0189684098197345,-0.0421983260063058,0.0221669920180255,9.516122870509443e-05,0.0068269802287881,-0.0101540222894525,0.0120110918518239,0.999852862993047,0.0148546250804899,0.0429146190987077,9.275788427463278,-0.0217100897763869,-0.0143558653762399,0.1358831617615462,-1.155686022587326,0.2469112292168361,1.12618183415767,1075.9306950200937,1085.258393352654,1087.1741939761155,1080.5458421892906,-169.80151898670007,-589.9926546621499,461.9743788577224,-314.36929672477834,155.30781612005217
1.68,-0.9885154194706136,0.1908487619779401,-0.9223056909947632,-0.0457411231753473,0.0217378664146876,-0.0036998283631887,0.0067682192586453,-0.0101387885617419,0.0120044328797935,0.9998534962897138,0.0161339163646987,0.0434452266288731,9.268550824062483,-0.0220318600155173,-0.0146851277325084,0.1345140408351594,-1.1557459995312862,0.246865295256777,1.1265167954771307,1075.2726157453515,1083.7476990877765,1088.1856519556643,1079.970142955896,-340.2404260049856,-625.2663064711979,356.18647929872253,-180.7289653620004,155.3060915690414
1.6825,-0.6938425552087242,0.4203475515908835,-0.6959938596019106,-0.048520700354838,0.0218635202097875,-0.00699291056447,0.0066996953661027,-0.010119936180585,0.0119972037316486,0.9998542333097552,0.0172625066125308,0.0437643580175366,9.261819591992808,-0.0223471882737064,-0.015004199127952,0.1331274799788102,-1.155805569230101,0.2468182536700608,1.1268492725165715,1074.2294928900687,1082.132061820298,1088.9551263726091,1079.6421973624806,-448.8881161717369,-629.9725786389754,248.7044786737385,-98.57418707192436,155.30423975472527
1.685,-0.3465964465904748,0.6638907463502164,-0.3926498034228216,-0.0503540007971626,0.0226753637833087,-0.0092787243160718,0.0066253939462782,-0.0100976350212211,0.0119897478403524,0.9998550410733704,0.0182207065083917,0.04392088531851,9.255615196712464,-0.0226571046973805,-0.0153117812361937,0.1317250957256214,-1.155865729791308,0.2467706045205393,1.1271783563700013,1073.0281751644927,1080.5978361945815,1089.429174349033,1079.4772720205365,-473.82056389834463,-560.2466636536184,108.56285453751528,-38.40784052258722,155.30228264593435
1.6875,0.0185599996900004,0.8951065015767609,-0.0507135239448637,-0.0507688839174731,0.0245827401944636,-0.0095158155317808,0.0065517520265459,-0.0100729264365954,0.0119819577074183,0.999855867196691,0.0190084616153678,0.0440096649935816,9.249953496652676,-0.0229621543025694,-0.0156066218540643,0.1303085708563363,-1.1559269913097292,0.2467228356817254,1.1275035058156524,1071.860390070577,1079.33082850203,1089.4979406452967,1079.4501581598677,-453.28828866227974,-468.68925373556607,-55.93900933354354,10.380919305726133,155.30019883835655
1.69,0.413587991699943,1.1168139669006716,0.3290670275617865,-0.0493332859495935,0.0282879570080615,-0.0075497279265748,0.0064796242606853,-0.0100471160152321,0.011974822392638,0.9998566797943748,0.0196325024458388,0.0440244492953603,9.244846124597887,-0.0232626576587419,-0.0158894968041697,0.1288793705296326,-1.1559893765266323,0.2466749506912989,1.1278252204705659,1070.7617337211811,1078.2543899259035,1089.1494793023653,1079.529176617065,-324.65037473274765,-314.96284324088447,-180.4492326009453,47.10208578026032,155.29755213535293
1.6925,0.664637409133102,1.2297685999895691,0.5766664500411669,-0.0466499958058515,0.0322015382451045,-0.0049720165130279,0.0064082947139988,-0.0100165932032045,0.0119686762785612,0.9998575151383902,0.0200119876807505,0.0439346585050394,9.240301310880092,-0.0235600260774699,-0.0161621042482994,0.1274386078807916,-1.1560529177872945,0.2466266712015757,1.1281439012503431,1070.2371381969133,1077.7560142858256,1088.595694482292,1079.6856685887687,-114.47534752159945,-124.5453866294582,-242.92019272542697,86.57759552124644,155.29522502002172
1.695,0.8021605540579652,1.2532162866792835,0.7252077386120883,-0.0431249847797312,0.0363180351696004,-0.0023581628926713,0.0063393839613489,-0.0099748525228784,0.0119613812414247,0.9998584542009478,0.0200173552296037,0.0437581947301389,9.236323664894734,-0.0238561813559425,-0.0164260931579262,0.1259872968065502,-1.1561178593128407,0.2465783639420447,1.128459279916396,1070.1893569835731,1077.6316629927564,1087.934878338738,1079.9620645946711,54.607635546473176,-1.45439361467655,-255.95923794781447,134.5054481439121,155.29277206600597
1.6975,0.8412234763070066,1.2054857933634089,0.7876105663042163,-0.0396668310399811,0.0402615169844469,6.058715798275467e-05,0.0062736073452789,-0.0099177663713858,0.0119521197643404,0.9998595449527288,0.0195668974747219,0.0435013512496127,9.232913574120237,-0.0241524379249402,-0.0166836597989895,0.1245265530340154,-1.1561844044768699,0.2465302882511854,1.1287709913608808,1070.5101763746457,1077.7487423177522,1087.315898292553,1080.3581958294883,192.62782331102653,84.00560642153502,-213.39964940153092,186.76884857041327,155.2902150005749
1.7,0.7810635553787599,1.0918277962279743,0.7540640531435597,-0.0369961161458422,0.0433612035238385,0.0022755134249471,0.0062103697869389,-0.0098504045662022,0.0119432677830723,0.9998607106665742,0.018752497176444,0.0431505261492814,9.23006631593272,-0.024448052430316,-0.0169374454009988,0.123057944712674,-1.1562518832798103,0.2464824651871616,1.1290791019010071,1071.1524961001285,1078.051691024864,1086.8678800917305,1080.8959088375232,308.7994751804146,149.51327723183223,-143.41735477127835,257.45933931956955,155.287532710066
1.7025,0.6401702150280825,0.9173042054069264,0.622298196269222,-0.0350285402364443,0.0457669341027212,0.0047063295748772,0.0061525374752855,-0.009777412869912,0.0119359837117986,0.9998618709380535,0.0176635368557904,0.0427625318894401,9.227773484553742,-0.0247426164924578,-0.0171894233540627,0.1215832213585278,-1.1563195710503469,0.2464351319540024,1.129383781679344,1072.0541737505475,1078.4963087039112,1086.5988115186965,1081.6454925260864,312.3460576400176,160.90854642943296,-56.37404062153889,275.8734194245726,155.28416965270117
1.705,0.5036631013547244,0.7673296004254194,0.4555522000064806,-0.0344154018008898,0.0470063193607177,0.0063070366359716,0.0061028767687118,-0.0096988083517288,0.011931509951746,0.999862991729716,0.0163086653417692,0.042399707556694,9.2260237615535,-0.0250371157266482,-0.0174415785320649,0.1201040054068073,-1.1563874994763983,0.2463885623669358,1.1296847753857826,1072.7142263883284,1078.8562337570113,1086.5860098886228,1082.2752759346463,201.5940880041896,131.45479350478408,24.741958466302616,228.8982953435656,155.2812472306873
1.7075,0.3854132410533356,0.6346583950967932,0.2581257900970805,-0.0345702312957546,0.0478939010516256,0.0070986415465622,0.0060619180745349,-0.0096153267852238,0.0119305666017949,0.9998640538730448,0.0147142784475169,0.042088882638248,9.224802291554273,-0.0253325273450975,-0.0176962780526353,0.1186219798187351,-1.1564558903820887,0.2463425733070564,1.1299816253434327,1073.0621441905687,1079.1535826714353,1086.722521311028,1082.7899840028042,48.038556566372,117.3995130628125,73.07632239408278,175.47092620202795,155.2782009155443
1.71,0.2875375218773206,0.5041168337076701,0.0210319934277606,-0.0347038478707968,0.0489513845922482,0.0069781478124192,0.0060279967885367,-0.0095322525022553,0.0119323135995598,0.9998650265126752,0.0129953052527355,0.0418204805980821,9.224090327543689,-0.0256288442504607,-0.0179561086419073,0.1171390550709527,-1.1565242497601695,0.2462969127937455,1.1302748837074883,1072.9544191711605,1079.4432313223251,1086.9513915005932,1083.1526305656564,-134.39048409349795,104.04098129610917,81.44575097730734,81.21225666954882,155.2744030945003
1.7125,0.2440901337042342,0.4165211595832209,-0.1544365707996988,-0.0343666564770289,0.0498561322871381,0.0060247089470908,0.0059985088279506,-0.0094506396970573,0.01193633677437,0.9998659206556468,0.0111932499426366,0.0415725859800189,9.223866603190082,-0.0259271696277811,-0.0182232726893947,0.1156569494938683,-1.1565924278859743,0.2462510603542316,1.1305644768568126,1072.3901917701012,1079.6737875779158,1087.1297500659143,1083.196045286152,-313.0312744680778,107.99764151510976,59.875082145298144,-32.5310832212828,155.27112106332774
1.715,0.2314423727064531,0.3419028036677203,-0.2910173922908381,-0.0339335010446476,0.0507280304993927,0.0047383309266481,0.0059688342125051,-0.0093662205654235,0.0119431657002109,0.9998667999184384,0.0092555470174361,0.0412899792601739,9.224107673531487,-0.0262298203524156,-0.0184996904785193,0.1141770730811673,-1.1566604372049363,0.2462044149023767,1.1308498765889337,1071.38926279882,1079.983219529901,1087.2507669113195,1082.98997514955,-452.69992609620255,152.88776818902403,37.65566979896074,-109.32646463043288,155.26771997721167
1.7175,0.2348160241721627,0.2696599382088372,-0.393400794683298,-0.0334519275889136,0.0515432141861855,0.0036172745068468,0.0059360604831078,-0.0092752156024599,0.0119497822296444,0.9998677557936227,0.0071435642411249,0.0409497687248257,9.22478740776972,-0.0265386395553629,-0.0187863688583092,0.1127009148780759,-1.1567286127629126,0.2461569768387917,1.1311308632169776,1070.1266921396202,1080.4382264188607,1087.3180284149091,1082.6494129629998,-536.3063423744849,234.92696387893875,16.62679774522111,-140.53352621540697,155.2642228193153
1.72,0.2445201360722972,0.1904811244747444,-0.4601658476575857,-0.0325902327409624,0.0521686663455176,0.0027072940039622,0.0058983452111741,-0.0091817555777899,0.0119552273815363,0.999868772301164,0.0049682686812953,0.0405466517535291,9.225876603738008,-0.0268534761530381,-0.0190832994024739,0.1112303320262658,-1.1567972213634592,0.2461088751338852,1.1314074960282183,1068.7077310869477,1081.1578543492956,1087.3339009000458,1082.2873075184727,-619.4314081050236,392.2930094187814,0.0496376511364348,-124.00601894491668,155.26061392640085
1.7225,0.2492967754144491,0.0763766138414892,-0.5076182380111727,-0.0313118144060754,0.0525686287927883,0.0015729106473946,0.0058551549708595,-0.0090878578639427,0.0119596502710664,0.9998698320220826,0.0028047807012581,0.0400979242826692,9.227344815287424,-0.0271744156095394,-0.0193894604821086,0.109766939320018,-1.1568665621865273,0.2460598399434429,1.1316796153723925,1067.029535099095,1082.399691465955,1087.318276603165,1082.0293828682752,-586.3721770372059,519.2422122350644,-8.639189925679403,-40.56674001835651,155.25616056280887
1.725,0.2427665057444527,-0.0420864365272046,-0.5236949525073026,-0.0304550915202115,0.0527506402371119,0.0005630984628516,0.005811194868926,-0.0089947685494187,0.0119612266795936,0.999870917282416,0.000717502456666,0.0397140974901596,9.229160774157053,-0.0275013139242272,-0.0197021776825583,0.1083122167624041,-1.1569366923834257,0.2460102551876451,1.13194702110693,1065.7758702017616,1083.7540654104707,1087.2907049504174,1082.0844738183812,-451.22465044579303,595.7848539376881,-12.526701849810973,93.72605020603461,155.25235276715435
1.7275,0.2260050502331666,-0.1926050488100011,-0.516037746124452,-0.0299705759314493,0.0528222521164973,-0.0005436079244554,0.0057672186619343,-0.0089007442138193,0.0119592167233561,0.9998720472775176,-0.0012840419896435,0.0394287494141904,9.231293417126407,-0.02783442471006,-0.0200189942345388,0.1068668894578736,-1.1570079009103191,0.2459594918472045,1.1322102602522433,1064.773411846866,1085.3786157356433,1087.255643093916,1082.4980131193051,-373.0747681653236,747.9445782731704,-17.634934196167173,261.4048235264419,155.24845231345836
1.73,0.1969205811533303,-0.4140410807147585,-0.4761677266648957,-0.0296193278321,0.0524912752736262,-0.0021013030907574,0.0057197781706185,-0.0088086691541185,0.0119543357730883,0.9998732061812184,-0.0031056110507586,0.0391912209378225,9.233711788247566,-0.0281728113358171,-0.0203377004933579,0.1054312162109752,-1.1570801702141058,0.2459062916798715,1.132470569735376,1063.9104963609348,1087.4937883018367,1087.2025302794364,1083.3914979360131,-261.7182938243842,774.5868021502412,-22.603621900225814,377.95453285626434,155.24367442144737
1.7325,0.1652043216989152,-0.6295279974307996,-0.4147087039936643,-0.0293515607292955,0.0517657991527618,-0.0036003021681099,0.0056681066517862,-0.0087205233825783,0.0119486621768169,0.999874355355846,-0.0046696973821936,0.0389942816804869,9.236386255594237,-0.0285156008489402,-0.0206549990030731,0.1040049902555777,-1.1571535525809924,0.2458499602865885,1.132729119729566,1063.4648203777442,1089.2515497463944,1087.1426249844149,1084.3877857835867,-134.21422951787153,663.6751883031894,-29.525333594391892,420.6382123211272,155.23961888262943
1.735,0.1224062829966993,-0.8654812222448575,-0.3252224643191558,-0.028961464685973,0.0505112766481922,-0.0050424211912467,0.0056123439349562,-0.0086375782362383,0.011943608338749,0.9998754672719392,-0.0059130246747081,0.0388410523773905,9.239289053913048,-0.0288619155376947,-0.0209673196865889,0.1025876595382217,-1.1572281098012656,0.2457906254948192,1.1329855263236044,1063.2394252133456,1090.8121642433528,1087.0549036114646,1085.494688997619,-68.96375882697453,562.8344431390685,-41.882040039262336,434.7854303870362,155.23549490940303
1.7375,0.0669872512401833,-1.1029515504354688,-0.2196269127805231,-0.0284269941790026,0.0486251623142834,-0.0060286338335019,0.0055557738068073,-0.0085645566324237,0.0119376610481748,0.9998765019066772,-0.0067098341186354,0.0387856067929779,9.242394264206462,-0.0292099785335092,-0.0212708711069547,0.1011788999323596,-1.157303504993989,0.2457288021038233,1.1332391822190269,1063.120001583609,1092.0657219620898,1086.9332147842183,1086.5617129355219,-42.99540924098529,396.80410012893776,-59.40472725774397,387.4526769453578,155.23132026283474
1.74,-0.0050546790198078,-1.3159038981140063,-0.109791345588021,-0.0278012550487763,0.0456933539671794,-0.0060726097132656,0.0055035754253531,-0.008504718921093,0.0119315827260713,0.9998773941512455,-0.0069642534372038,0.0389121865434374,9.245678474247267,-0.0295584057714324,-0.0215619214434843,0.0997784648611607,-1.1573792994919543,0.2456651114291795,1.133489294478873,1063.0244481671407,1092.7961847439974,1086.757879975176,1087.4319523823456,-58.658380017960894,171.09999917707137,-91.5114689329604,309.4958665809438,155.227091699045
1.7425,-0.1036933904699731,-1.50538171870662,0.0083120022004917,-0.0273122061494164,0.0408850650468516,-0.0053464483218772,0.0054562862989521,-0.0084591951054981,0.0119267233297416,0.9998781157959868,-0.0066247931039419,0.0392155620882429,9.249120852485584,-0.0299062511404231,-0.0218384351990886,0.0983859256917797,-1.157455380144874,0.2455998083334902,1.1337359743252593,1062.8267096835195,1092.9212219579751,1086.4756574395535,1088.1091922684263,-94.90888303775827,-90.77338720885352,-115.43136973964197,177.78211399458587,155.22196419127408
1.745,-0.183010302161756,-1.5852044506851934,0.0895278564596174,-0.0275346205750824,0.0362264851444552,-0.0048122459215362,0.0054145129267077,-0.0084282481140301,0.0119228601779163,0.9998786651218416,-0.0056606020408581,0.0396890972253338,9.252702813626707,-0.0302525662675464,-0.0220993985413565,0.097000959536285,-1.1575318170428304,0.245533515341517,1.1339798408932196,1062.549903751952,1092.3423178079531,1086.1807231264777,1088.3208629523187,-131.96689031810516,-371.9766353719848,-128.68337749536903,14.387188878162881,155.2176534315449
1.7475,-0.2382121702731359,-1.569978711161726,0.1558731676550956,-0.0285704142811738,0.0316500874898637,-0.0047535543673543,0.0053769365879582,-0.0084111129469994,0.0119204094786761,0.9998790523592253,-0.0040659075020453,0.0402896789807384,9.256407766902898,-0.0305964542549165,-0.0223451654503908,0.0956233042663565,-1.1576086377207755,0.2454668186281938,1.1342211280382333,1062.1668752319288,1091.0613387811152,1085.8322405520769,1088.1811282128172,-159.77086699799997,-614.8633245871355,-146.13386897263211,-103.14723994292982,155.21331106040543
1.75,-0.2597863188667428,-1.4766760059706436,0.2137619911954307,-0.0300670511267269,0.0273642024259327,-0.00488121573094,0.0053432398641058,-0.0084025961377325,0.0119199649770661,0.9998793168054624,-0.0019230874224808,0.0409942539485228,9.260221067466436,-0.0309376060565047,-0.0225769108129308,0.094252775801396,-1.1576861547415656,0.24540070219372,1.1344589148469924,1061.751049416962,1089.2680011850175,1085.4500537816143,1087.805126752604,-151.52068693287544,-807.0980403465627,-157.77280454576947,-188.54319485204033,155.2089481208579
1.7525,-0.2352499556661272,-1.3010678413718624,0.2601456539126639,-0.0316582814024042,0.0234857440719608,-0.0045684224665709,0.0053122385771475,-0.0083994977718676,0.0119212583133035,0.9998794957429534,0.0007151237787481,0.0417653640260995,9.264129049850462,-0.0312749623625569,-0.0227969613468589,0.0928896203702904,-1.1577642019618464,0.2453360716778884,1.1346926737341114,1061.4092717972646,1087.0258485793825,1085.043376529348,1087.2384122385572,-98.47912295208289,-1027.4958003359407,-179.1938273093323,-270.70134421641626,155.20456713420725
1.755,-0.1642700435123999,-1.0220070128596364,0.2929406820116918,-0.0330722911870486,0.0195971545419731,-0.0034144494619195,0.0052818058595153,-0.0084001999270839,0.0119227931899781,0.9998796332929086,0.0038174883902505,0.0425511257933837,9.26811864555637,-0.0316067684514767,-0.0230085884208989,0.0915344469656885,-1.157843187410183,0.245273072559581,1.1349222934138103,1061.2586538022015,1084.1305221833377,1084.5540846450679,1086.451620031522,11.762018450371851,-1041.5935739562187,-173.83382889820095,-295.3985423166091,155.19929774321955
1.7575,-0.0912297748301558,-0.7592981072171433,0.2945641021606493,-0.0336464298206166,0.017381018669349,-0.0022081276366334,0.005250659278826,-0.008405555256306,0.0119236911505001,0.999879740823468,0.0073905878292652,0.0433191963635741,9.272176861271344,-0.0319305144041676,-0.0232152486235179,0.0901882715536099,-1.1579236754795095,0.2452115630100279,1.1351477556980891,1061.4680818895165,1081.8178807096012,1084.174207384857,1085.761419526974,172.6306488821174,-841.3291133216896,-136.01136387628975,-278.9767054243444,155.1949026922168
1.76,-0.0364773458847662,-0.5013560887664403,0.2684112580457442,-0.0333869991317176,0.0165203686392046,-0.001195163137089,0.0052214325003664,-0.0084139044335582,0.0119228117091027,0.9998798321182292,0.0113869819833381,0.0441153448690298,9.276291001398606,-0.0322438697076706,-0.0234197786965376,0.0888522330250056,-1.1580060000924173,0.2451514719659631,1.1353687424042953,1062.121807046612,1079.923876616729,1083.8740278256864,1085.0567365044003,394.8525881194285,-681.9394381646962,-98.01356628763853,-316.05527806760387,155.19051107324267
1.7625,-0.0281567111604921,-0.2329409207829927,0.2125513285155451,-0.0321986023150246,0.016484320724937,-0.0003667608652143,0.0051948543372001,-0.0084222852295239,0.0119204441842455,0.999879924629155,0.0157260986137955,0.0449553660383469,9.28044857285395,-0.0325446704037879,-0.0236250522476089,0.0875272461061511,-1.1580904081312495,0.2450924020860071,1.135585321179488,1063.4423448301136,1078.4081835187778,1083.6841395534188,1084.181143136636,563.3565683974991,-410.3960710186944,-28.762251619718217,-328.35511659526827,155.18525376402533
1.765,-0.0848518362985694,-0.0589662437138911,0.1543831859278671,-0.0310484099858944,0.0169002061596946,2.0823454058077575e-05,0.0051704864945503,-0.0084277527510254,0.0119176508079255,0.9998800330221896,0.020319159129173,0.0458378661827563,9.284637183936692,-0.0328308285797937,-0.0238336038068001,0.0862139435066358,-1.1581767858205996,0.245034059031832,1.1357969515509456,1064.9385898885996,1077.8718962616358,1083.7302165675878,1083.414960921424,655.0519370121796,-69.08058866188026,73.80517064920981,-311.67009325489926,155.18088953877475
1.7675,-0.2064349197956164,0.0589407782721121,0.0950186433443935,-0.0303429744634518,0.017629933928437,0.0001799991838503,0.0051459518963541,-0.0084298853202995,0.0119157551246317,0.99988015759314,0.0251161253072025,0.0467283822019532,9.288844346729972,-0.0331000842804826,-0.0240475657067217,0.0849126059896598,-1.1582646261920768,0.2449760476681079,1.1360048177460529,1066.7176045151743,1078.0627805754684,1084.053165406665,1082.6227926703616,733.3149665628908,173.5733661798841,180.6932398154497,-313.90803038407955,155.1765504162804
1.77,-0.3658810541374155,0.1366373160356241,0.041596456132936,-0.0303396473758885,0.0184012043186864,0.0002182661705642,0.0051180561443843,-0.0084255618537975,0.011916507978161,0.9998803205502916,0.0300097728786132,0.0475800452963822,9.293058437066557,-0.033351077237647,-0.0242682776319198,0.0836227285153249,-1.158353434928911,0.2449177540634129,1.1362096953283545,1068.605164721414,1078.7397630925352,1084.633682766665,1081.8454207695036,749.6612008723947,342.32366337997337,292.870087147964,-293.9315445726669,155.1722377430579
1.7725,-0.5384136917567371,0.1830740868969666,0.001694069691834,-0.0314432454433948,0.0189723348700287,0.0001730647950145,0.0050839283631838,-0.0084117639365622,0.011921568094081,0.9998805431579252,0.0348889941593695,0.0483526773030998,9.29726855141982,-0.0335829180900442,-0.0244960507214517,0.0823432365182057,-1.1584427246582087,0.2448583024843021,1.136412543902518,1070.4659105195365,1079.7743988923683,1085.5175158424047,1081.1531349474983,777.3742743766254,467.08419432969833,444.206154733173,-267.54342920157177,155.1679633465157
1.775,-0.7128500487086797,0.2315230506725443,-0.0245074445550676,-0.0339441480409143,0.0193483062885414,6.986259603897892e-05,0.0050444029155738,-0.0083867132118357,0.011929482796631,0.999880853480102,0.0396621069366037,0.0490740226419514,9.30146434995889,-0.0337948748388561,-0.0247298633440712,0.0810728486483401,-1.1585322762053503,0.2447972767155258,1.1366141515180337,1072.4920360932972,1081.0751840641835,1086.8547135403307,1080.5077036234957,689.9461130121676,435.37650276101783,516.369631148188,-196.79964493152056,155.16288570573442
1.7775,-0.8004264577470332,0.2868331553045088,-0.024895820579054,-0.0366348298158978,0.0194684326411646,-4.1298835337687615e-05,0.0049988936324319,-0.0083535799473656,0.0119388104255143,0.9998812431691768,0.0443258804095607,0.0497422595663863,9.30563543080316,-0.0339859396626108,-0.0249681427151717,0.0798103276360056,-1.1586216260696338,0.2447340874971825,1.136815604797307,1073.9156410845972,1081.9512814061732,1088.0993639981457,1080.1691367228407,502.3267122369468,258.7643077371068,492.518207425484,-90.43134809153537,155.15870213005056
1.78,-0.804090217538142,0.3768191278856842,0.0001339112946659,-0.0394955892457918,0.0195612797995896,-0.000170063892528,0.0049483196539263,-0.0083124560372912,0.0119502492897937,0.9998816955924748,0.048818187161373,0.0503808185939957,9.309772470265523,-0.03415618368575,-0.025208331830261,0.0785544645418193,-1.1587104795957637,0.2446682636257471,1.1370163573853647,1075.0036696544819,1082.3690056028693,1089.3173045774583,1080.055546883038,398.74064551114253,50.80681335516709,488.07136390683934,-2.5215945890977847,155.15457312202457
1.7825,-0.7032562757048809,0.5341434706651018,0.0616074406016322,-0.0428750759756626,0.0199360892939033,-0.0003271480721084,0.0048961086367328,-0.0082621550110017,0.0119624602358534,0.9998822169537118,0.053053273040139,0.051055874056472,9.313866582790473,-0.0343061168690514,-0.0254473181981251,0.0773046425010082,-1.1587988545993773,0.2446002737862853,1.1372147396808332,1075.909344312153,1082.2053154729492,1090.5397208176798,1080.1565287498952,270.14328772337933,-167.41252197170593,381.94304461784697,69.40526853963841,155.1496862670175
1.785,-0.5394089360096856,0.7024654933985639,0.1384091715176143,-0.0452327851362558,0.0207288050575164,-0.0004262746959644,0.0048435926395346,-0.0082028452640368,0.0119735022590489,0.9998828206256414,0.0569709934377987,0.051789422280875,9.317908458359785,-0.0344362373881216,-0.0256823418891445,0.0760610185761295,-1.1588873238335655,0.244530801149735,1.1374091793346879,1076.3543860930988,1081.5319429930107,1091.2270198005476,1080.4025732257362,125.45231376511477,-352.5570500561035,188.0876334150755,122.51390368223556,155.1456734982671
1.7875,-0.3176935292022908,0.8925209525687076,0.2365133681918406,-0.0465821104501379,0.0223333637168959,-0.0004085029310858,0.0047888470117338,-0.0081376900651768,0.0119822829371227,0.9998835009907396,0.0605683866403228,0.0525368368354323,9.321887482206266,-0.0345468199110221,-0.0259112469520144,0.0748245840565693,-1.158976607622636,0.2444599766075556,1.1375993172144645,1076.5366058809786,1080.4425302226687,1091.4801589847552,1080.7690982683064,41.31935202494876,-471.40045291608754,30.3425363510548,161.29167790927912,155.14172550609095
1.79,-0.0745520864015786,1.081383671484614,0.3435497248282222,-0.0468995517224359,0.0247616668078473,-0.000189534015523,0.0047313324102484,-0.00806663720671,0.0119872947922064,0.9998842770038746,0.0637862999411912,0.0532748894815111,9.325792505572547,-0.0346388231332361,-0.0261319811884709,0.0735968356738337,-1.1590667703313655,0.2443881191002157,1.1377846524675683,1076.5609828532235,1079.1749407284303,1091.378732482303,1081.2090316152824,-12.774489369531056,-503.65663259645936,-105.532046759165,191.27203510088697,155.13783296847498
1.7925,0.1611440937234187,1.243773671547142,0.4438304787944314,-0.0461452202440697,0.0280942877068452,0.0004453074954787,0.004669419354266,-0.0079891809030885,0.0119892721259104,0.99988515079115,0.0665612670479925,0.053955244787818,9.329611189661032,-0.0347136874601093,-0.0263428929689146,0.0723795990245629,-1.1591569847027348,0.2443152250889029,1.1379643403245172,1076.4727334341308,1077.9242470596864,1090.9524987509594,1081.7254584438108,-49.21155554161592,-489.1800920524124,-216.73051957637207,245.1136681236728,155.13400910363555
1.795,0.4011039069949922,1.3824345769199515,0.52616396539209,-0.0443722195066535,0.0328208511400691,0.0019234146015317,0.0046030075122987,-0.0079071217686071,0.0119895031832867,0.999886093636995,0.0688787704917989,0.0545535400724701,9.333329333765795,-0.0347728978580209,-0.026542556338282,0.0711750304210302,-1.1592468399052802,0.2442413886181529,1.1381386995465097,1076.3149250755155,1076.7290402681683,1090.295079884421,1082.4345999559007,-61.60415947838232,-353.11229983562134,-225.14691380155844,273.7476165591425,155.12950197843583
1.7975,0.5505313091103999,1.4418713793544051,0.5391942350619429,-0.0424378729311527,0.0371534579970199,0.0038538071199391,0.0045358492530806,-0.0078255359104944,0.0119875013583637,0.9998870537147134,0.0707930049330602,0.0551138406880285,9.336930906347872,-0.0348177256743446,-0.0267297067527222,0.0699854593240808,-1.1593363670889956,0.2441672616053799,1.138309199872852,1076.164712636739,1076.1586855605083,1089.8267641819516,1083.0941965266063,-66.9305559567404,-113.43909143906524,-126.16742781328576,269.8680943062692,155.1258153875466
1.8,0.6434293935386052,1.4467725056666438,0.4721512915436666,-0.0406837509569773,0.0413668890572135,0.0063623796849574,0.0044698436294633,-0.0077452021246853,0.011984137634875,0.9998880053050906,0.0722849029904591,0.0556447691175805,9.340400893631514,-0.0348504339599686,-0.0269038650252214,0.0688123164174738,-1.1594256403692467,0.2440930504122302,1.1384766669203403,1075.9802722957315,1076.1618448109728,1089.6642427453546,1083.7839404274323,-100.29322959494706,142.31540225582953,34.0680328281458,290.3999716461902,155.12220233703235
1.8025,0.6966884774881079,1.411965023646875,0.2940945801920567,-0.0389309694060782,0.0455288125034604,0.0091912459732015,0.0044042556031155,-0.0076657749021578,0.0119818926389028,0.9998889259977624,0.0733217236248732,0.0561053202957566,9.343725687249153,-0.0348737610415632,-0.0270653783658895,0.067656202327673,-1.1595143404762667,0.2440189493373167,1.1386407887950152,1075.6632464887643,1076.8702625717874,1089.9971043460923,1084.5461963848375,-141.71885603264246,368.38466907311937,218.71039060352368,250.4500781478836,155.1179533589957
1.805,0.6986933143636997,1.3709631128914783,0.080319780027495,-0.0373578438513191,0.0479996534283114,0.0104098854551482,0.0043363480512213,-0.0075854434328772,0.0119826339247525,0.999889822308172,0.0738512940193874,0.0564181392819657,9.346894414735136,-0.0348907636694782,-0.0272154041591599,0.0665168424646952,-1.1596024362126631,0.2439450350533459,1.1388018924881955,1075.2716780155683,1078.0037681563383,1090.7577946983722,1085.0361908181717,-191.19372796653363,540.6401511384377,393.46388775751615,148.2628711361906,155.1144859090988
1.8075,0.6616536220271753,1.33656991563141,-0.1637393022681221,-0.03558553787755,0.0500381623140769,0.0101014287468663,0.0042621145414875,-0.0075085586138602,0.0119877548650452,0.999890662839538,0.0739449234349316,0.0564826395172616,9.34989833837747,-0.0349037253167127,-0.0273557193873704,0.0653936163529981,-1.1596900854026904,0.2438712014544844,1.1389608025286173,1074.7072778489317,1079.5734633274797,1091.96442378488,1085.2875107405184,-254.9776167319974,672.873861506362,534.5925861736636,56.25478718325082,155.11109587876322
1.81,0.5959715864537589,1.3088929450068345,-0.4006440558396666,-0.0338766772982483,0.0526446346357495,0.0090165678577882,0.0041831417796169,-0.0074361907006902,0.0119942779614632,0.999891466769076,0.0736225869295211,0.0563069513543821,9.352734268958809,-0.0349151237284898,-0.0274880175554121,0.0642853145155373,-1.1597770415008664,0.2437978074057491,1.1391174956107075,1073.9967899319083,1081.3681374638704,1093.4307576292404,1085.317464754088,-310.0453446479671,733.6201324856276,612.7342606358656,-33.515849532251,155.10777100109297
1.8125,0.5027321543296621,1.277599265744608,-0.5945334004423283,-0.0323528278556012,0.0564558464515291,0.0072002262346653,0.0041050549123014,-0.0073688797901803,0.0120002375679713,0.9998922285370486,0.0729034578695361,0.0559786280243653,9.355405231792068,-0.0349274516727014,-0.0276136930117115,0.0631903228836236,-1.1598628814572252,0.2437254282978437,1.139271634660387,1073.1570511256919,1083.2415639899075,1095.0280950880592,1085.1199314928572,-373.36972743774714,792.010641226551,684.4262393539939,-114.81719769017462,155.1045260675913
1.815,0.3719748308914806,1.2237379063422864,-0.743651305394931,-0.0309584860907203,0.0614171202663917,0.0041924979307529,0.0040308917358647,-0.007305258545973,0.0120043330072983,0.9998929607949444,0.071778149035711,0.0555416752005345,9.357922197790298,-0.034943245372025,-0.0277345772917008,0.0621062146768964,-1.1599479502820087,0.2436539234609322,1.139423337067534,1072.1299412947199,1085.328190670003,1096.8528888260105,1084.743378765637,-353.7645844889457,705.3543731972533,623.5739338629484,-137.89421339583575,155.10072680037712
1.8175,0.2590829408141626,1.169805742595517,-0.7844106402965761,-0.030239071956502,0.0648440681157899,0.0013931050192516,0.003962914462398,-0.0072477265121295,0.0120045412964137,0.999893661205566,0.0703146420932731,0.0550296171500302,9.360303378609341,-0.0349641562168656,-0.0278526194806456,0.0610302939824309,-1.1600326775392655,0.2435829883876137,1.139573834429627,1071.388228203247,1086.768335855894,1098.145964757374,1084.430460425878,-241.64178939608416,486.21473440815646,445.8707507330825,-98.0457420893322,155.09764159016063
1.82,0.1566824650441455,1.1264464072230804,-0.7378050188075624,-0.0299278044765591,0.0670993357763984,-0.00121448605833,0.0039018899571965,-0.0071952460563234,0.0119986341817478,0.999894361873934,0.0685224474668919,0.0544536554880988,9.362576471773238,-0.0349918010526065,-0.02796976997175,0.0599591970358616,-1.1601179041798175,0.2435121621216846,1.1397237954529476,1070.9217323477394,1087.759264342044,1099.082242579676,1084.2531500551904,-124.35861944332184,313.6616529276647,307.5805786149951,-33.49526214615324,155.0946430636818
1.8225,0.0725292384269501,1.1079912513688708,-0.6294861275715448,-0.0298796780803419,0.0686252702419715,-0.0034113019928763,0.0038462817354982,-0.0071421882158007,0.0119865936614583,0.9998951108054068,0.0663296865819455,0.0537873822282089,9.364778881662035,-0.0350280095543867,-0.0280877913516337,0.0588890243713891,-1.1602042762808442,0.2434412223546399,1.1398728072056759,1070.7664351060305,1088.3366441205324,1099.6838676504487,1084.2629841151472,17.521511574614497,139.62657047368637,161.44008586793805,56.86600001986456,155.09171881174123
1.825,0.0187700208044678,1.1265526323674884,-0.4698865920145179,-0.0300616611172476,0.069946685934535,-0.0048927562697391,0.0037975676723303,-0.0070866970126523,0.0119677239937495,0.9998959243528112,0.0637399633367806,0.0530644861299317,9.366954929069571,-0.0350737507809388,-0.0282077874648827,0.0578165096126167,-1.1602919139585992,0.2433700712236154,1.140020494969599,1071.0093399056125,1088.4573971944124,1099.8894430090156,1084.5374800552895,182.47140842908755,-20.197234585156806,9.797500314743731,177.5716498786055,155.08888742275963
1.8275,-0.0049604982823086,1.1755846002602193,-0.2554746329206135,-0.0304453113357646,0.0723518351992365,-0.0057211105908719,0.0037540215003863,-0.0070301632310338,0.0119441023899955,0.99989677363495,0.0608200556564705,0.0522616474143565,9.369155304148608,-0.0351296024100912,-0.0283306712079634,0.056738880057024,-1.1603801081109086,0.2432985677659044,1.1401671012913328,1071.678792148176,1088.2356579476063,1099.7328551520227,1085.1508423645403,283.5455672158267,-109.47316494389015,-113.28279538715572,260.59438425626774,155.0856018873304
1.83,0.0089858142913915,1.2118946068219,-0.0842379377775114,-0.0308176910509331,0.0755390897230686,-0.0055087400907132,0.0037154737233296,-0.0069697292943681,0.0119202929665237,0.9998976239332914,0.0575595824196898,0.0513889701125667,9.37143716804024,-0.035196715603394,-0.0284566132307441,0.0556538338537045,-1.1604680984352551,0.2432265078942774,1.1403119294974828,1072.4270677416916,1087.910031369693,1099.3230290320798,1085.840451976571,302.95596231349657,-120.67759139795528,-206.16792765013528,294.94131736483445,155.08296100834954
1.8325,0.051660112612177,1.2078979657352806,0.0546890658169301,-0.0310839899543585,0.0796561966040463,-0.0046775600588199,0.0036812206499295,-0.0068986422554852,0.0118993790404138,0.999898488492794,0.0538762031815565,0.0504506026741424,9.373862187516524,-0.035276519031215,-0.0285855932011367,0.0545596169721146,-1.1605549344169754,0.2431538800852747,1.1404536087176802,1073.1935719597432,1087.6322699906168,1098.702015513772,1086.6255489513644,305.54866376410894,-80.30529102275239,-300.98530848550314,350.2852872295154,155.0804244988933
1.835,0.1212329914640426,1.1316595132155631,0.1714382671229343,-0.0309585392631962,0.084486119189137,-0.0036495121416613,0.0036476015728148,-0.006812610646236,0.0118825943943256,0.9998993968879216,0.0497332310289247,0.0493973499690757,9.376493014332793,-0.0353698631581131,-0.0287177339875063,0.0534553602200243,-1.1606403964040024,0.2430803003815526,1.1405915905048527,1073.954811060512,1087.5085049145791,1097.8181024896523,1087.5918784127186,237.22960527238132,-2.0875148253252944,-330.2633408172293,352.11513080556966,155.07750404408932
1.8375,0.1805140569085868,1.007919207147113,0.2281410860240818,-0.0302485540659596,0.0877087008812682,-0.0030658869401885,0.0036119840528311,-0.0067149383301505,0.0118735157169414,0.999900291717312,0.0452357647948244,0.0481994113397447,9.379389901698762,-0.0354765541752296,-0.0288526444108335,0.052341587883877,-1.160725469279155,0.2430051882271418,1.1407266945288352,1074.379719986105,1087.62183241649,1097.0506988096859,1088.3861246053923,123.97177846082457,84.91856640143656,-293.44027277629044,315.593256346885,155.0751740734545
1.84,0.2266401839954084,0.8367348837466108,0.2498122947746438,-0.0290698426471888,0.0899315836153673,-0.002656884913209,0.0035758731790658,-0.0066053217111013,0.0118745202114318,0.9999011374187587,0.0404206067117462,0.046907184975359,9.382610676426241,-0.0355962323499983,-0.0289894965090028,0.0512195476664532,-1.1608111546221844,0.2429287492075932,1.1408594169170243,1074.5746699528163,1087.9330977465863,1096.3509011257709,1089.169844694453,48.57096655882846,146.56302468479535,-256.76260137238927,314.8165972021683,155.07295171212428
1.8425,0.2574507837458667,0.6422058717393093,0.2475332833371482,-0.0278482640618714,0.0914805525178416,-0.0022445090505133,0.0035410388864636,-0.0064842233795883,0.0118855583257988,0.9999019222228444,0.0353366413210925,0.0455774894781816,9.386207613926675,-0.0357278197555852,-0.0291277130633287,0.0500912995474124,-1.160898467143088,0.2428514476977856,1.1409893135941782,1074.6225748188995,1088.354647539914,1095.766885802824,1089.960207591403,2.0572213448304395,181.25200157606216,-199.12077037875372,319.92229147945864,155.07081764464067
1.845,0.2745941668121296,0.43727624286303,0.2198006375417826,-0.0269825750880882,0.0924267083317162,-0.0018280797074879,0.0035077454243553,-0.0063560887934458,0.0119020344072129,0.9999026674977844,0.0301043413651046,0.0442394531306214,9.390224766417695,-0.0358692198385482,-0.0292674165792451,0.0489598566957491,-1.1609874009153285,0.2427737975842355,1.1411157103667595,1074.5849560595404,1088.8393577544666,1095.355297273877,1090.7694561518504,-11.461616986070757,214.8864950120192,-147.11008845319725,356.48863481314123,155.0687878391194
1.8475,0.2936585095597619,0.1963388967962885,0.1583045016843564,-0.0265069757682406,0.0929143326152493,-0.0011294821557164,0.0034756973886015,-0.0062240834882997,0.0119203413074107,0.9999033942581081,0.0248166018856541,0.0429129222636973,9.394696945892974,-0.0360183844394235,-0.02940896360025,0.0478288202284245,-1.1610776225092116,0.2426960849154107,1.1412383522529934,1074.565266733969,1089.4290800149743,1095.031335360558,1091.7426507654689,10.235370146437836,213.84927165913228,-105.29204490376044,349.25490256459045,155.06646840728592
1.85,0.3182517897628907,0.0072263196722416,0.0842214755875398,-0.0263582477286734,0.0926949748002797,-0.0003077667268183,0.0034440081256979,-0.0060907222601633,0.0119391888817728,0.999904104079601,0.0195502268694516,0.041607634886337,9.399647863736595,-0.0361735084072335,-0.0295528270620466,0.046702300574945,-1.1611691829782889,0.2426183978518965,1.1413570238665782,1074.6361329102726,1089.9086041127623,1094.8288370493583,1092.5157306646731,51.493602826986894,193.17282924608165,-92.62029868700863,290.05328060080205,155.06462854717293
1.8525,0.3562713268840884,-0.1679772604356352,-0.007278219341313,-0.0261748595473012,0.0918924197824577,0.0004523183122831,0.0034130131097143,-0.0059598097393335,0.0119564696226341,0.999904797688964,0.0144029629282261,0.0403569336985661,9.405088498327217,-0.0363328232885831,-0.0296996030017587,0.0455850064934079,-1.1612620117300074,0.2425408579669762,1.1414719155619155,1074.822734748104,1090.3949441612046,1094.568233867123,1093.1929171684728,100.32702539952182,231.03490939388885,-157.46210797574685,268.16737841341484,155.06288004333075
1.855,0.409488643106465,-0.3716314885052557,-0.1171661810351822,-0.0257262052269911,0.0905986674769583,0.0008077427170889,0.0033810060262304,-0.005835164395656,0.0119704631069459,0.9999054791309864,0.0094689792711723,0.0391564930899388,9.41101651633954,-0.0364949475293637,-0.0298501573469169,0.0444817952772218,-1.1613554781487376,0.2424633782064525,1.1415831209725131,1075.1377680372702,1091.0637786597315,1094.0415265094796,1093.8565675567404,117.44789884019404,276.8703111064101,-242.89860409294823,220.47274413912888,155.06088154338414
1.8575,0.4459313315044275,-0.5501427314270533,-0.1860943550154746,-0.0250230604805966,0.089462908240297,0.0002816007809977,0.0033477556312965,-0.0057166664062162,0.0119817002529917,0.9999061442112304,0.0047654833593367,0.0380310895299965,9.417416332941968,-0.0366594270490203,-0.0300050880359146,0.043397435488814,-1.161448970712829,0.24238594999673,1.1416899626510066,1075.4099742423048,1091.7792957167367,1093.353740846658,1094.2952808891685,92.50606827645028,342.30299498966934,-330.05099325936646,163.4170737331677,155.0592950486932
1.86,0.4499097437800157,-0.7589157652435665,-0.2020515919811674,-0.0236779798970812,0.0884095045906937,-0.0011613893223316,0.003315785674531,-0.0056057820137885,0.0119902251396291,0.9999067767136472,0.0003374439480191,0.0370572893435094,9.42425856393929,-0.0368260620554572,-0.030164766814981,0.0423368766173187,-1.1615419321801344,0.2423090201288258,1.1417921794915502,1075.6002983786525,1092.77529363468,1092.3912715431827,1094.6736529254063,51.817701956859935,458.55021594087555,-422.9635344563933,154.16311491898895,155.05778568699304
1.8625,0.4080547896482993,-1.005955895367506,-0.158754320876759,-0.0217778605949516,0.0872942072773572,-0.003064031865216,0.0032864790636569,-0.0055030959551627,0.0119968040365583,0.9999073617470272,-0.003789372433045,0.0362902189884115,9.431501135350569,-0.0369951166465765,-0.0303294966349412,0.0413045627452062,-1.1616341067507596,0.2422327861051269,1.1418899419166728,1075.6690627520893,1094.072046796441,1091.238923174376,1095.0660964637634,-5.702671167137063,595.3722918602252,-488.4362189513117,174.57841622645364,155.05633685740057
1.865,0.2968041576686289,-1.303474159222637,-0.0442421194022734,-0.0197342263091251,0.0856506709358344,-0.0049435943578644,0.0032582051447134,-0.00540877458127,0.0120039438847145,0.9999078762100562,-0.007599853366944,0.035727455773331,9.439090475104976,-0.0371671839812777,-0.030499440465256,0.0403040638767592,-1.1617253605104079,0.2421564206199359,1.1419843061193888,1075.5717850228168,1095.7521550939812,1089.9490904484262,1095.5465450065385,-71.90793176059896,811.5855131488106,-568.7598261749948,240.97558655653816,155.0549570499207
1.8675,0.0857666551576967,-1.70307984642416,0.1442892177427289,-0.0179965312288067,0.0826778454884192,-0.0059554022457033,0.003233304942334,-0.005319039350944,0.012012868643562,0.9999083203720704,-0.0111541848179362,0.0354408234671574,9.446963503539472,-0.0373430775308697,-0.0306741694220101,0.0393380314519738,-1.161815658136839,0.2420798084437515,1.1420757030476327,1075.3095230932863,1098.129974362185,1088.3951240435013,1096.270974396546,-104.54046778131428,905.2725761248229,-546.7715421968808,288.0646708651445,155.0533761789315
1.87,-0.1370848924136481,-2.0437415842613897,0.3024708200764724,-0.0176972481704865,0.0788908235951115,-0.0048127157540328,0.0032138728961783,-0.0052284113071922,0.0120248753207985,0.9999087049261112,-0.0145466267671772,0.0354956161778578,9.45504945957416,-0.0375235143170733,-0.0308528842808631,0.038407982554283,-1.1619056486635069,0.2420029240122379,1.1421646060969384,1075.0490826839102,1100.2785179746052,1087.2152327374415,1096.9868683608643,-88.02041074186286,850.8317752898877,-421.7661882843816,298.03224043316044,155.05211773711386
1.8725,-0.376565016895795,-2.3439880990200974,0.4094502653359753,-0.0187862573749675,0.0732104466957639,-0.0017506814467745,0.0032006398214197,-0.0051357120845354,0.0120395875755917,0.9999090432660293,-0.0177922218393539,0.0359271921986429,9.463271788751927,-0.0377083970452434,-0.0310346106999568,0.0375146202729009,-1.1619961245690635,0.2419254844870189,1.1422513958082787,1074.8694210395768,1102.3841332386346,1086.2862931020793,1097.761135598712,-40.328244493276486,801.2364664085623,-315.1461845393054,307.5282091578694,155.0509160934317
1.875,-0.6060234014495692,-2.5720807156203596,0.4517771437713932,-0.020753048105117,0.0661249174197951,0.0015140112037057,0.0031920881508508,-0.0050478289830521,0.0120549196077014,0.9999093316298664,-0.0207553847473706,0.0367223799362028,9.471550522072178,-0.0378965247521711,-0.0312182584325604,0.0366580771574749,-1.1620876277799272,0.2418471955778015,1.142337365609856,1074.8474414614439,1104.284700306648,1085.6395018147452,1098.5245094066536,44.51914556716569,675.9881846600964,-181.79561088182183,289.67486459615134,155.0497578346506
1.8775,-0.804269668039593,-2.67873314393124,0.4228700962982341,-0.0232517436956337,0.0581291432449436,0.0034770462820672,0.0031829388163356,-0.0049683088697291,0.0120711528039086,0.9999095651460989,-0.023366128492315,0.0377925791055437,9.479805642719446,-0.038086774626634,-0.0314024330502628,0.0358370890099657,-1.1621802676753774,0.2417676265802306,1.1424229099961647,1075.0920167674128,1105.764074161935,1085.3773150476702,1099.2095099216926,176.04461089503775,522.3659139147792,-27.63792023724754,272.8224303723373,155.04864681898192
1.88,-0.9972285872455546,-2.651198736348038,0.3441918709378695,-0.0262520493363713,0.0487283261910721,0.0043225226367331,0.0031650946645221,-0.0049017105609563,0.0120857921517271,0.9999097772545515,-0.0255372911360601,0.0389896131846089,9.48795910226412,-0.0382775357653045,-0.0315858291363599,0.0350495958159061,-1.1622737698881251,0.24168634891617,1.14250830005961,1075.727664515919,1106.896529876222,1085.501312213559,1099.8886215585153,285.85748369159114,296.65198218216796,110.36324618926047,223.63676112917736,155.0473609324295
1.8825,-1.1221646327339443,-2.509829346714531,0.2748736917422309,-0.0286390985626829,0.0415605860390391,0.0042383520939013,0.003132396168887,-0.0048527787189796,0.0120939382121307,0.9999100243927038,-0.0271790690496424,0.0401955933018186,9.495936952124055,-0.038466872234888,-0.03176701543767,0.0342932581470473,-1.1623680801777787,0.2416034247583259,1.1425939158225171,1076.5213041858708,1107.247334072846,1085.9291312786163,1100.3276937273383,359.3410695325551,17.167793084673033,224.42069995013773,154.220660997638,155.04632296705122
1.885,-1.2133691056045208,-2.279017091134132,0.2316912340339362,-0.0311174221227872,0.0355950387939212,0.003712150679811,0.003083282849127,-0.0048188145037087,0.0120920195254918,0.9999103672864668,-0.0283434508067196,0.0413754180656228,9.5036714322015,-0.0386533386982819,-0.0319441642280397,0.0335653420006561,-1.1624636210603358,0.2415191281388915,1.1426783190067555,1077.5243698635816,1106.9823688416454,1086.6234157133097,1100.6597248635035,469.0361987508013,-243.2142446118684,350.612717777911,132.09694655388657,155.045312307413
1.8875,-1.2828100320161466,-1.9502299394125855,0.223735685153254,-0.0343276989894156,0.0300968559212796,0.0030165334966999,0.0030198248934856,-0.0047931193530678,0.0120838889337765,0.9999107830636662,-0.0291594400952674,0.0425583067586235,9.511102185712232,-0.0388361989771081,-0.0321148287192299,0.0328631136623084,-1.1625609264514731,0.2414340955209096,1.1427602373120076,1078.8664851796248,1106.0312628497863,1087.682194867506,1100.988178460108,497.8945949661805,-434.70718569736977,415.6788524119651,116.4996282196144,155.04412152963735
1.89,-1.30184934689687,-1.6687772852921772,0.2474504801347739,-0.037154919971765,0.0266236357526309,0.0027209114669541,0.0029459099958347,-0.0047702173931932,0.0120740719638206,0.9999112300640364,-0.0297334793527037,0.0438023292353402,9.518177248815457,-0.0390148067531157,-0.0322766924299078,0.032184137362727,-1.1626599891590688,0.2413488299662807,1.1428395717178637,1080.0138428384128,1104.8088329131583,1088.7018099753695,1101.2422230046016,443.26232048687297,-550.4655185654756,426.86142828437295,102.62652390729033,155.0431401988103
1.8925,-1.2690158060330596,-1.410123553757318,0.2784300948332733,-0.0403234052373607,0.0238965860199137,0.0032185526804793,0.002863828740017,-0.0047488593691306,0.0120674691354241,0.9999116473690912,-0.0300922403398816,0.0451291585040273,9.52485399447413,-0.0391886099575311,-0.0324278314978892,0.0315261915502445,-1.162760336726316,0.2412634191168861,1.142916861081996,1081.0827967820592,1103.2789352569591,1089.816502008928,1101.5013110796444,399.3520374033409,-642.9358340669888,456.35857898301833,103.18259173796145,155.0421616404198
1.895,-1.1829831776350588,-1.1815100068891784,0.2904489764004309,-0.043951613311696,0.021673634675941,0.0045361783024481,0.0027782119856221,-0.0047275934794459,0.0120656442877645,0.99991200923479,-0.0302649889864499,0.0466003581683149,9.53110005314396,-0.0393573663970209,-0.0325667181114401,0.0308870895574035,-1.1628610478239825,0.2411782260819831,1.1429918511110584,1082.0106030254294,1101.5941537428237,1090.9836028702844,1101.7581359632911,323.32290144496034,-690.7487073080267,475.48572030383286,93.80130767194913,155.041179406878
1.8975,-1.0263332548288049,-0.9882708507994986,0.2533789893312015,-0.0474775668616273,0.0198926056424185,0.0066134380515748,0.0026945139496423,-0.0047033259455987,0.0120696757891241,0.999912302341156,-0.0303107717862655,0.048289655712822,9.536893938436313,-0.0395214758452136,-0.0326920392059221,0.0302643770387874,-1.1629615141147212,0.2410934300461109,1.143064481042392,1082.699411289284,1099.825191720419,1092.193930610447,1101.970317618004,240.62183752498083,-774.6324263263709,540.7302815938567,66.76537999473868,155.04018615749155
1.9,-0.7641504683531719,-0.7794956402105673,0.1397483677998168,-0.0507949813457021,0.0178404456725425,0.0089594928157916,0.0026129234050701,-0.0046743171876101,0.0120775240249792,0.99991255889212,-0.0302619724529221,0.0501666475190715,9.54222541649054,-0.039681582738218,-0.0328031882250332,0.0296550557311974,-1.163061648605711,0.241008142095042,1.1431355638074059,1083.2137122130544,1097.7209916111915,1093.687254278254,1102.091962863265,141.03226727706567,-751.6144093084048,555.0619127413355,11.178792954114867,155.03897383471246
1.9025,-0.499845144367137,-0.6031795801614298,-0.0006775400485661,-0.0527474069534346,0.0159080744309135,0.0097834429124271,0.0025340619366499,-0.0046446199075113,0.0120858885015999,0.9999127976730258,-0.0300377149280611,0.0522051225689517,9.547095296917616,-0.0398383394333405,-0.0328997338850351,0.0290562597842719,-1.1631611493332852,0.2409218044124561,1.1432062206161553,1083.4045726256693,1096.0671196738767,1094.9692401741538,1102.0262115827747,43.501001243658735,-619.7439749373775,522.7960292466944,-66.48769740641143,155.0379415022294
1.905,-0.215628786204159,-0.3975286509615542,-0.1562798891375811,-0.053781044586499,0.0136765114099221,0.0091024396037644,0.0024588635941212,-0.0046174564915307,0.0120936135914712,0.9999130158670227,-0.0295698374887415,0.054383282656694,9.551515506334562,-0.0399929086658408,-0.0329812243464802,0.0284648070820607,-1.1632599724251296,0.2408343913646959,1.1432767633494094,1083.4312172192726,1094.622271736505,1096.3012344244871,1101.759524376233,0.4133914856083808,-564.4372386571041,600.8453883840176,-152.60579716919307,155.03688092399798
1.9075,0.109966791959869,-0.0998085788903935,-0.3212244616303617,-0.0535801845302005,0.0112617908310955,0.0075056123964462,0.0023862564301842,-0.0045967147869252,0.0121003487710053,0.9999132049869712,-0.0287747692463313,0.0566399039162564,9.55550855359595,-0.0401466346693732,-0.0330475425001617,0.0278773340544291,-1.163358006806105,0.2407463226013546,1.143347109264498,1083.406639583097,1093.2449334805915,1097.9734671160738,1101.2631825969288,-0.8624793733815551,-433.14514731868167,627.5779134590576,-190.27626839733344,155.0355702740511
1.91,0.3409493614377223,0.1853558884125262,-0.4207032096492584,-0.0522327419564039,0.0102193053956523,0.0061065647098741,0.0023143605531313,-0.0045878476457048,0.012104242070869,0.9999133697965608,-0.0275362661562198,0.0588977526659982,9.559106526076391,-0.0403006729395911,-0.0330991165692453,0.0272906573582411,-1.163455153863917,0.2406580504770798,1.1434180686123916,1083.4269048224055,1092.4565459999114,1099.4391239917827,1100.8081430342463,27.95619293287863,-234.1182124925072,601.9022101833204,-155.9129844272284,155.0344431714884
1.9125,0.5069407488210051,0.4810005958456478,-0.4681764163352355,-0.0501552128606669,0.0108021128327382,0.0045444660574918,0.0022430553019167,-0.0045881985678991,0.0121054366264288,0.9999135205766762,-0.0258903450782465,0.0611159364838742,9.56235011882616,-0.0404565584915991,-0.0331365359636525,0.0267014222781799,-1.1635515534274832,0.2405702361551851,1.143488718055255,1083.5464205477615,1092.0743424181287,1100.9829781669905,1100.4836176747926,63.41639788961537,-87.44097637009149,627.5863874873855,-83.18827411085472,155.03327667554208
1.915,0.613512753535585,0.7550589720725108,-0.4696191312770859,-0.0477513838774328,0.0129078647348954,0.0028347520197328,0.0021732918259146,-0.0045969971123457,0.0121052855374712,0.9999136417430072,-0.0238352970120063,0.0632752895944561,9.565286522287517,-0.0406154018266692,-0.0331606310543099,0.0261070762619918,-1.1636472490811545,0.2404830933924136,1.1435581711361071,1083.7439868118538,1092.0193411180608,1102.5770559292196,1100.392201663692,87.45231818384313,47.11930652638429,639.4259806879882,37.44235944182117,155.0320756836603
1.9175,0.6580624177411343,0.9695631456411072,-0.4203834711466171,-0.0452784940714953,0.0162251544982398,0.0011914078480375,0.0021081014825984,-0.0046145765877541,0.0121037006690768,0.999913727223737,-0.0213474753259425,0.0653985067571594,9.567967390162627,-0.0407775881677067,-0.0331725507940133,0.0255060025290593,-1.1637424010954032,0.2403968654699961,1.1436267964416524,1083.9836821386807,1092.3099389507609,1104.1801080704304,1100.6708294720015,97.31589540606574,188.02724439970407,684.8220833100786,206.58619436836017,155.03083154418235
1.92,0.6718466622794954,1.1341253263728273,-0.3203923084689707,-0.0429962632037761,0.0203570530489644,-0.0003986626549086,0.0020495358923926,-0.0046412879794636,0.012099557679384,0.9999137865353928,-0.0184040826681228,0.0674925029293796,9.570446850939144,-0.0409427147738642,-0.0331737684964456,0.0248973189333284,-1.1638376967940491,0.2403116216388505,1.1436952602287842,1084.230566288884,1092.9594773400595,1106.00116634577,1101.4251326355338,73.53209003876884,270.992306255942,629.3972566489483,327.7151730914663,155.0292875413355
1.9225,0.6826100835938281,1.1916034525992611,-0.2231678766628847,-0.0422531992028796,0.0234763524876213,-0.000892975882182,0.001996264392896,-0.0046698776726709,0.0120913435501903,0.999913873651135,-0.0151310531693632,0.0695046199444144,9.572779939376046,-0.0411099185517028,-0.0331659956540161,0.0242802356939364,-1.1639341114390789,0.240226935624886,1.1437627802701809,1084.3513425888748,1093.6649004820404,1107.3270943536752,1102.309405337459,27.786547090681136,296.47285096106543,464.2284926572649,370.4483250080472,155.02795811777847
1.925,0.7262815807079924,1.1742413847448547,-0.1378714658787108,-0.0423088820930595,0.026337995677981,-0.0004638367752418,0.0019487195461556,-0.0046935101572873,0.0120793114880179,0.9999140155137062,-0.0116497209281443,0.0714195181117386,9.57501958585801,-0.041277620364958,-0.0331506252566616,0.0236551716229753,-1.1640323416066092,0.2401428191478978,1.1438281435295852,1084.3694990243375,1094.4418415948649,1108.3223088090563,1103.277374260574,-4.229726716812456,312.40014632376847,326.1746095915511,371.4386339593681,155.02658478387937
1.9275,0.8061990276007359,1.103164046871926,-0.0760642812351723,-0.0420008311422362,0.0291100038355194,0.0001300986187892,0.0019088766200415,-0.0047065684110252,0.012067054243211,0.9999141904277464,-0.0080626821726048,0.0732548641983176,9.57721435013051,-0.0414437451914045,-0.03312852982262,0.0230237989917561,-1.1641324312147916,0.2400589894795882,1.1438900554811444,1084.3301939552907,1095.2269012136594,1108.957967401633,1104.166598507256,-17.091592633096663,313.6047510351158,153.90611958687586,307.5684599171902,155.0251759403269
1.93,0.9158144045636128,0.9778572519704886,-0.0460278642468993,-0.0404766687170977,0.0317761060035001,0.000532864629814,0.0018780724038654,-0.0047093078494006,0.0120571323598549,0.9999143623242585,-0.0043662867998543,0.0750183875296022,9.579406170172607,-0.0416054396295685,-0.0331004701296939,0.0223891063247014,-1.164233840182662,0.2399750331169468,1.143948583452622,1084.284041061172,1096.0098653500404,1109.0918394069906,1104.81521656016,-5.297229181951357,355.3398744589604,-62.28612061895402,208.04542593963987,155.023726030904
1.9325,1.044247428949362,0.7806333968543034,-0.0376355654739312,-0.0373720951179577,0.0347933343772676,0.0007504036765209,0.0018566663262716,-0.0047026378570393,0.012050783675121,0.9999145107262392,-0.000551375451815,0.0767025113123607,9.581629187675421,-0.0417595016916894,-0.0330671219464972,0.0217546847503781,-1.1643364218138035,0.239890733412666,1.1440036904711968,1084.3037078093807,1097.0036005859542,1108.646536798538,1105.206825636954,28.14258141447616,389.07389821532894,-257.8886848824763,76.13768982505286,155.02194147253735
1.935,1.1191492787777324,0.59292567048303,-0.0411247799155907,-0.0341235856443207,0.0368844308016946,0.0006552938078718,0.0018449458831322,-0.0046835760203897,0.0120485986494583,0.9999146421722644,0.0033094344942689,0.0783026236534284,9.583909110356393,-0.041902769903441,-0.0330290188541616,0.0211241261557496,-1.1644405102939537,0.2398058390461586,1.1440550794388888,1084.4247539682444,1097.955234841117,1107.8023959825782,1105.1959050092853,72.7122511783834,425.32323036958576,-416.35767270996416,-64.6335662308061,155.02041920828043
1.9375,1.1332594896022163,0.4065191401138807,-0.0382728966073583,-0.0306306165508825,0.0377885742401697,0.0001197797212636,0.0018414771064921,-0.0046492578203039,0.0120517612746191,0.999914759518388,0.0071382076782342,0.0797843684698288,9.586262538226984,-0.0420321815810755,-0.0329865954554132,0.0205009368425832,-1.164546428737931,0.2397204898529925,1.1441029594629188,1084.6672690652729,1099.130216737802,1106.5647484349884,1104.8836578058,127.93520738601092,577.9524799158148,-599.6046552001317,-184.75040850499167,155.01886287284503
1.94,1.0635710253935156,0.2151496759561853,-0.0124641013570472,-0.0267722036174093,0.0372600324145389,-0.0009720735118438,0.0018422089913021,-0.0046026345927677,0.0120624520958772,0.9999148309809957,0.0109611762458748,0.0810649513273883,9.58869641733544,-0.0421447792092395,-0.0329402671009409,0.01988865168458,-1.1646538385925123,0.2396348017077896,1.144147995530092,1085.0644300051745,1100.844997240696,1104.8043727065776,1104.2721529667604,153.57482652225016,670.7455271238205,-658.404423039686,-245.14534470549168,155.0169585384479
1.9425,0.9311060843501447,0.0944548755442031,0.0293333446898927,-0.0239870001434053,0.036334504615039,-0.0017295361164706,0.0018432191846045,-0.0045496152302836,0.0120807930264098,0.9999148360814236,0.0148552851178307,0.082066407163571,9.591208568273613,-0.0422378573100209,-0.0328906408050484,0.0192905376668302,-1.1647622124627313,0.2395488942646078,1.144190625863777,1085.435143197884,1102.4839443734213,1103.2727263197899,1103.6579310822726,142.66215990068883,667.2433678636326,-583.4400329593201,-248.75176387508296,155.0153428481661
1.945,0.7268560864284445,0.0068337757439273,0.0803399212330842,-0.0214444182962047,0.036060160451908,-0.0016072015455219,0.0018419808296706,-0.0044934459225953,0.0121046715830207,0.9999147914765786,0.0188417988681446,0.0827412555982588,9.59378930560131,-0.0423093284310653,-0.0328385386304042,0.0187090345897555,-1.164871004709375,0.2394632800974137,1.1442312449513448,1085.777740804678,1104.1812140800143,1101.8871725417807,1103.0283941473847,122.53925493924076,651.8158614136294,-500.14352262766056,-246.05762692327127,155.01369946590853
1.9475,0.4730349705962758,-0.0701493726364687,0.1245633675401123,-0.0191537345260108,0.0366227831762714,-0.0008055719342661,0.0018348659742806,-0.0044373002809964,0.0121321346605097,0.9999147145084984,0.0229368684097991,0.0830239565031782,9.596422839734846,-0.0423578521257964,-0.0327849103559007,0.0181456969649848,-1.1649799348426775,0.2393778125057207,1.1442708394810444,1086.0478394725803,1105.7430236804892,1100.7720087066516,1102.4276429476563,81.57190437973614,542.0787482177391,-353.5598997853943,-230.64044028547448,155.01203466614655
1.95,0.182175207978746,-0.1526300137247757,0.1472451420201157,-0.0177066654009622,0.0377683257126673,0.0001957465827445,0.0018218608578922,-0.0043802618014787,0.012158012080522,0.9999146715584594,0.0270768346757596,0.0829225916571769,9.599089184047692,-0.042382773571256,-0.0327309393408279,0.017601155057043,-1.1650888958633174,0.2392925749670161,1.1443096634519037,1086.1856003265766,1106.8916078211028,1100.119373042854,1101.8751919459576,23.85084652369132,355.97349612129705,-162.83542725018003,-233.02209441430395,155.01034584010984
1.9525,-0.1656652656505798,-0.2603089277208284,0.1446639640272932,-0.0177081723546594,0.0384054613028384,0.0010221132100164,0.0018039561829008,-0.0043220163503421,0.0121803423229415,0.9999146854391072,0.0312096382225125,0.0824673806507583,9.601765692575892,-0.042384357617515,-0.0326775962361802,0.017075396722532,-1.1651973033122167,0.2392074507946072,1.144347653408239,1086.1670937051988,1107.522891161096,1099.9578315704007,1101.2625324755847,-37.92257312975293,86.99639350183841,41.79399659387757,-215.7880962673012,155.00829355253595
1.955,-0.4176578846557177,-0.3413310780817543,0.1212879031106241,-0.0191604294777945,0.037475080652703,0.001394030659051,0.0017814460514927,-0.0042599822834798,0.0121982490248428,0.9999147772438882,0.0352407691485708,0.0816787360906268,9.604429657166614,-0.0423636991027316,-0.032625877662959,0.0165674941576754,-1.165305073759698,0.2391221192394496,1.1443848118450983,1085.9959874609278,1107.326589788612,1100.3283430258234,1100.796251464621,-97.81272249497513,-219.70868546819037,232.87249688178727,-171.1237452763762,155.0065630717434
1.9575,-0.5932659898327909,-0.3872430212228127,0.0834180043568797,-0.0215658096812867,0.0353528244379723,0.0016441234972875,0.0017542365568049,-0.0041970703232242,0.0122095765855706,0.999914959475714,0.0391836813363545,0.0805714856228611,9.607058844919816,-0.0423222224506459,-0.0325770169675975,0.016076356005306,-1.1654120769928211,0.2390370503494506,1.1444217121354736,1085.678030092724,1106.4243477337548,1101.1221940548096,1100.4069137492029,-167.9197001612501,-509.3081197891133,409.14603985948776,-139.6779527815427,155.00481251000625
1.96,-0.6935149147338641,-0.3868599039568151,0.0306571118875839,-0.0248785206271227,0.0328417643341158,0.0018368479582367,0.0017228674996798,-0.0041344329066256,0.0122145265179065,0.9999152227082108,0.0430222990938023,0.0791757223427851,9.609634297033704,-0.042262071020421,-0.0325321480646203,0.0156002966974952,-1.1655183020913895,0.2389526937521164,1.1444584540115863,1085.1563889601216,1104.7800491896667,1102.3740732251208,1100.097861700713,-209.08503936561343,-640.5881161885952,478.0316342114364,-76.0569547928281,155.0026891126388
1.9625,-0.6858283192641144,-0.3466135159592078,-0.012296728023734,-0.0274414032684943,0.0314614755319378,0.0017582594267777,0.0016888324458656,-0.0040741702420039,0.0122139435049797,0.9999155457914272,0.0467639260991728,0.0775422309182972,9.612141357714975,-0.042185799836334,-0.0324923918348212,0.0151374244338778,-1.1656237352567047,0.2388694744287197,1.1444945368984625,1084.6326048958958,1103.221407152812,1103.5123522258668,1100.0266289752387,-219.21081385193648,-588.9559015940313,441.8667353232093,18.316498154126325,155.0009006574728
1.965,-0.6023710918640987,-0.2865634545764504,-0.0464248782049573,-0.0293550330586997,0.0309235037837235,0.0013640296785068,0.0016540006083731,-0.0040232128713199,0.0122084128837427,0.9999158897848204,0.0505143763238592,0.0757302566813223,9.614570138093407,-0.0420960957834888,-0.0324588351222107,0.0146860393689159,-1.165727582611686,0.2387875507528127,1.1445298038584568,1084.060334890862,1101.8352696816964,1104.583406901737,1100.189444191484,-228.1559879191312,-476.8360150576529,398.8487651973713,103.1902798808482,154.9990920568027
1.9675,-0.4787022162727889,-0.2286010663738684,-0.0700234170318484,-0.0306486086492178,0.0308965144725305,0.0008985333147017,0.0016183840001463,-0.0039836231559095,0.0121980426510351,0.9999162435580212,0.0542913051720455,0.0737664627847016,9.616918483682115,-0.0419958959158526,-0.032432453377165,0.0142437340846047,-1.1658293503215145,0.2387064796613785,1.1445636834856308,1083.4918249563002,1100.8372270775235,1105.5065960518536,1100.5425803746427,-213.61663762755143,-265.46320152183966,320.911198618212,176.2687766516175,154.9972660750585
1.97,-0.336576948270631,-0.1893399518780731,-0.0819693525445958,-0.0311920214898571,0.0311295049809879,0.0005160790886705,0.0015820599419357,-0.0039550105606632,0.0121860545304999,0.9999165683218216,0.058071066683364,0.071680271798043,9.619191986425816,-0.0418882901405858,-0.0324136123484753,0.0138077278626772,-1.1659292247685769,0.2386256321120405,1.1445962277925743,1082.992251702724,1100.5079536740873,1106.187962894828,1101.070788074742,-186.79130002373793,28.197750704202267,238.01903512411988,248.09200859194212,154.99541794318623
1.9725,-0.1784183242307945,-0.1714226257746738,-0.089237414865894,-0.0310718759490574,0.0311650389152828,0.0002279403157105,0.0015442747884278,-0.0039364474474493,0.0121747006815926,0.9999168418334808,0.061824621022684,0.069486064062284,9.621403856659093,-0.0417759377224269,-0.0324023743250456,0.0133749484359437,-1.1660277959735688,0.2385444343865964,1.1446287092473189,1082.5578684561815,1100.9782158310447,1106.6966912274743,1101.7830404176027,-120.9801445476359,303.8688746373212,135.72392423720572,252.17367222944048,154.9931727505979
1.975,-0.0732973458544881,-0.1778161631339828,-0.0957459708478094,-0.0306958968031486,0.0308286554981321,0.0001241179529598,0.0015034888863945,-0.0039276111553412,0.0121644847170758,0.9999170625586769,0.0655387082744579,0.0671832943520566,9.623574384808185,-0.0416607862455104,-0.032398579575059,0.0129422040043282,-1.1661257827582443,0.2384624393380454,1.1446623974666057,1082.387350979986,1102.027298047274,1106.866582516014,1102.3316564358893,-20.083742960014636,511.81416313962654,18.950845367180996,185.82178230326855,154.99127753167804
1.9775,-0.0032684145950678,-0.1981939343162473,-0.1095457513704943,-0.0303732261779126,0.0302512653521559,0.0001184730239212,0.0014636089237972,-0.0039242966540026,0.0121548807967536,0.9999172469825608,0.0691299543090532,0.0648768461810101,9.62573088647963,-0.0415441255138802,-0.0324017151198714,0.0125064593080752,-1.1662236026022703,0.2383797953301139,1.1446969636886912,1082.4574497413814,1103.5372866467428,1106.79144545431,1102.712149329119,87.87309746376383,693.038021495173,-82.29319652114273,111.29960010125852,154.989355574368
1.98,0.0433434613761672,-0.2297978266066998,-0.1385651353636731,-0.0301119015475662,0.0294060671483345,0.0001495777267452,0.0014276497526925,-0.0039183960320634,0.0121451615159102,0.9999174307432726,0.0724417636264009,0.0626544578612272,9.627907173423855,-0.0414266149846984,-0.0324111263364763,0.0120647192582095,-1.1663218553636283,0.2382967908165093,1.1447311130241804,1082.8267164673048,1105.4924881547497,1106.4551165334083,1102.8881544363956,177.26245038915795,677.378568885463,-155.6750074001648,16.09524633204236,154.98701651896533
1.9825,0.0573743020772789,-0.2578236473700531,-0.172017113815246,-0.0299909207939478,0.0286446630357534,0.000137430055957,0.0013951331706815,-0.0039036186645828,0.0121348882834728,0.9999176446089226,0.0753525726892663,0.0605347277728242,9.630140739346112,-0.0413082345011278,-0.0324261113204643,0.0116145278380758,-1.1664209481895431,0.2382135658299071,1.144763839114151,1083.3437619933272,1106.9241794911702,1106.013070417309,1102.7926255607792,235.39387899354008,464.49464291353087,-195.3380971399338,-77.92445401923761,154.9850387845891
1.985,0.0545816020608277,-0.2857076491436204,-0.2079600619661592,-0.0299416459461465,0.0279830563836138,-1.6752020005147514e-05,0.0013621310396695,-0.0038797179163661,0.0121224625694598,0.9999179144224531,0.0778561018402959,0.0584667910971987,9.6324695530493,-0.0411882403975811,-0.032446071066198,0.011154367231165,-1.1665207134493127,0.2381299959398029,1.1447957862611002,1084.0036858622725,1107.8149613693174,1105.4784260477084,1102.4985321662991,271.79305242062253,232.66583077766464,-215.63944163468028,-137.04377680315085,154.98302999526953
1.9875,0.0439950017242185,-0.3134071512541793,-0.2363616210496866,-0.0299292481335774,0.0275941053920123,-0.0003772213657835,0.0013240780229225,-0.0038485951686467,0.0121077527290798,0.999918242046725,0.0799861087720523,0.0563846385732795,9.634930516300338,-0.0410656042788416,-0.032470257549999,0.0106835453277538,-1.1666210563830888,0.2380458479140085,1.1448277019855306,1084.7027272554303,1108.0875086450585,1104.934873209136,1102.1074066767635,268.7329974650823,-54.52133212406923,-203.81627225161063,-163.9511909034844,154.98099442124703
1.99,0.0299289712295454,-0.3382478568046574,-0.2404229021186808,-0.0299407011477263,0.0274502479908259,-0.001086713841554,0.0012779818685129,-0.0038155572865927,0.0120928397555616,0.9999185886793484,0.0818403537825694,0.054249084472994,9.637556613318493,-0.0409391925701231,-0.0324977278553681,0.010202547376969,-1.1667218394975083,0.2379611061654891,1.1448595273401887,1085.347350849598,1107.542354708697,1104.4593446864503,1101.678776211782,251.94767110870623,-414.56431857051,-178.40264359015617,-184.52312109871335,154.9789253738426
1.9925,0.0145865919798405,-0.3513683479186942,-0.1975695282187257,-0.0299661969950029,0.0270099947411822,-0.0023921682397087,0.001222726987098,-0.0037882091635438,0.0120787429607388,0.9999189169449476,0.0835587731126964,0.0520544831736608,9.640374748068048,-0.0408077207818743,-0.032527691705722,0.0097131258532186,-1.166822846840344,0.2378759220904778,1.1448913012877364,1085.9624656109738,1106.014687052206,1104.0428599911852,1101.18479107127,195.2660488299398,-676.7260937919062,-121.18035304797279,-175.56723088586799,154.97640251704524
1.995,0.0058760680836952,-0.3306886839112777,-0.112748163408905,-0.0299923411973954,0.0261761905004975,-0.0037544936463229,0.0011583508025852,-0.0037638397996841,0.0120664816648324,0.9999192235342657,0.0850798619851119,0.0498176142251381,9.643406872425906,-0.0406701764766359,-0.0325595131926956,0.0092173972207154,-1.1669244107045702,0.2377903754618822,1.1449220836682044,1086.3236810937476,1104.1587242397375,1103.8534429212107,1100.8009400573524,122.85835823240348,-815.5788294128154,-41.80245142592769,-151.47237483483528,154.9742661966512
1.9975,0.0036470146543042,-0.2522067952266915,0.0210985073402042,-0.0300225615144861,0.0248753910664221,-0.0049540035126605,0.0010870096121301,-0.0037367856815355,0.0120566454853334,0.9999195201943676,0.0862826299284918,0.0475948107172976,9.646665930806586,-0.040525727623743,-0.03259278339478,0.0087185969433177,-1.1670263471137283,0.2377049699644534,1.1449502372992526,1086.5767574021359,1101.9367929051418,1103.8338477340556,1100.4274291970955,99.43966825890341,-908.8907535157624,17.949874201713484,-151.9860057949732,154.97209445204572
2.0,0.007874154312647,-0.1105517352635697,0.180955169589707,-0.0300563514644719,0.0233769951337639,-0.0054427633775391,0.0010133303049263,-0.0037023597485937,0.0120504912936335,0.9999198055044444,0.0870626448428282,0.0454877978341286,9.650153013213192,-0.0403738347377238,-0.0326272327792316,0.0082213253156703,-1.1671283013061884,0.2376205589051448,1.1449743766653924,1086.820879435042,1099.6142704721588,1103.9431922922192,1100.0410100283775,118.91671486878548,-903.3569924675896,69.68836106548373,-160.8255154066717,154.96989359137137
2.0025,0.0205089634210558,0.1130679864501319,0.3406650324454784,-0.0300917416201997,0.0222423064872895,-0.0047275642380501,0.0009408050411444,-0.0036648526711407,0.0120504634198911,0.9999200281748813,0.0874861501939232,0.0435722999529218,9.653853936549575,-0.0402142499023355,-0.0326626639878102,0.0077316351269411,-1.1672294819901368,0.23753726148948,1.1449941311572631,1087.1713409764795,1097.420007942804,1104.1822895393827,1099.6233016200624,203.29911735430392,-877.2994630888846,128.7289668537624,-189.98421139217905,154.9676584364812
2.005,0.0450096671014762,0.4617624815860612,0.4862144078365727,-0.0301229821843164,0.0221005345022976,-0.0025803358661485,0.0008738959075934,-0.003625093435936,0.0120558111119956,0.9999201866735888,0.0875512967845695,0.0419425140068082,9.657742048195576,-0.0400469576024919,-0.0326991081655518,0.0072557224566809,-1.1673297217263312,0.237454819566112,1.145009578491172,1087.8373750218136,1095.2277731567144,1104.586837126488,1099.0910889714169,293.174310049796,-697.3914606197617,165.3729591341779,-195.6712144895888,154.96493830811204
2.0075,0.0716920671571158,0.7948601274055521,0.5417682572011613,-0.0301193264835725,0.0233494848810408,-6.0368739303605486e-05,0.0008154689576886,-0.0035784117151956,0.0120647318706079,0.9999203150927992,0.0871488818678597,0.0406615847403103,9.661779074696303,-0.0398722642473586,-0.0327365300078906,0.006799114065805,-1.1674288426093753,0.237372830309949,1.1450207332081188,1088.6372125267287,1093.9330506397052,1105.0091543350538,1098.6449455476145,365.1154343385068,-385.2907335231261,187.54541341557896,-169.491768558862,154.96264163574168
2.01,0.1010558951268624,1.1344461860847483,0.5143143429130631,-0.0300443892844646,0.0261193115430453,0.0024874291547175,0.0007625776506172,-0.0035192897716159,0.0120746792599315,0.9999204651282088,0.0861519588019234,0.0396787879484467,9.665914843605906,-0.0396906521565358,-0.0327747414894872,0.0063662771846638,-1.1675273061482498,0.2372904228455587,1.1450281107817266,1089.6629521935063,1093.3013194890987,1105.524564193566,1098.2436301286225,478.9696062898333,-122.4634685993723,253.8302161744752,-151.62661821249344,154.96031654751255
2.0125,0.1320875725365524,1.5080869287389895,0.395656995498784,-0.0298069692847531,0.0308568154559647,0.0046519042799077,0.0007141747113758,-0.003447919648303,0.01208306514984,0.9999206673793753,0.0845453424356539,0.0389766118662722,9.670087097119817,-0.0395026824379257,-0.0328132119614637,0.005961209743225,-1.167625317213125,0.2372075273869958,1.145033267316096,1091.032060558178,1093.3207332967083,1106.2783054159263,1097.886812456552,499.4421258730305,124.86746225336256,304.2423793938789,-98.97566453023713,154.9574971117133
2.015,0.1475420969924562,1.7697281940477787,0.2470215671593665,-0.0294368173594655,0.0356219875495075,0.0054072441081796,0.0006722736116255,-0.0033700230297847,0.0120892358825844,0.9999209066239592,0.0824236075050775,0.0385928048771825,9.67422409366955,-0.0393091362666678,-0.0328509575829881,0.0055871983080623,-1.1677230023740999,0.237123901662597,1.145037302611747,1092.1601628228711,1093.9256568003655,1107.0457760905351,1097.748751805971,416.93755975380526,338.50398769059933,340.99171472845046,-12.72651025706209,154.95512566289557
2.0175,0.1435823749735743,1.9681446829223053,0.0781836517570946,-0.0288571280554437,0.0407436951527289,0.005352927754516,0.0006351266638104,-0.0032892979817071,0.0120937549087091,0.9999211622046464,0.079844533810062,0.0384903295503928,9.678249820625512,-0.0391110842545088,-0.0328867659799001,0.0052456498898723,-1.1678204577682623,0.2370391915969463,1.1450409186765207,1093.116748356947,1095.0132532351613,1107.9832639895685,1097.8231799052667,335.3591311475683,489.96747551569706,403.98379378012527,65.48226563100027,154.95273422418944
2.02,0.1186328403280677,2.115122534022987,-0.086590879490013,-0.0281399842834626,0.0457954508376423,0.004914840647103,0.0006004178700827,-0.003207707516175,0.0120968485680823,0.999921424684096,0.0768363592732664,0.0386193483086038,9.682087188291712,-0.0389098042292435,-0.0329193995041387,0.0049363448443922,-1.1679176397661934,0.2369534886457464,1.145044729257135,1093.8369584786092,1096.375494177944,1109.065695059436,1098.0761631341263,219.2410554479512,576.3379700428353,463.2843600651184,133.64209742271953,154.9503280856187
2.0225,0.0673133495977188,2.207272122400626,-0.2280230960834791,-0.0274464741838692,0.0506948324414479,0.0041394926223072,0.0005666067853334,-0.0031225555820606,0.0120988924017171,0.9999216976938586,0.0733423475018919,0.0389439954095226,9.685662172899486,-0.0387068747125279,-0.0329476854799049,0.0046574087190399,-1.1680147035200823,0.2368670141349121,1.1450487187347251,1094.2129536341868,1097.8949430853754,1110.299685789894,1098.4913903923803,86.13903554319405,658.8616230724397,563.8867239346956,194.60145953158147,154.94790627708167
2.025,-0.0174092613133047,2.261924359090397,-0.3551371461944922,-0.0270103918342309,0.0567959148213599,0.0029160068608497,0.0005340070554358,-0.0030316527156601,0.0120992913171996,0.9999219943285654,0.0693218785560527,0.0394625968101005,9.688905762503248,-0.0385040892215452,-0.0329707167708311,0.0044059281840066,-1.1681113149391893,0.2367803307237206,1.1450530597278925,1094.2676536563251,1099.669802293306,1111.8851286791091,1099.0491704317842,-36.181333958348525,613.0414821717881,582.737578993068,192.6936102696841,154.94498438739262
2.0275,-0.0963992151947837,2.262127209515388,-0.4191353705791494,-0.0270913178400894,0.0622373882790404,0.0016814720562182,0.0005021959991041,-0.0029342137770875,0.0120997368071341,0.999922296450333,0.064768073977918,0.0401570779250596,9.691756914315166,-0.0383036939577547,-0.0329876935136932,0.0041779939796211,-1.1682069789659053,0.2366936099789404,1.1450578790818056,1094.032046964395,1100.9601504962343,1113.213373684859,1099.4548584437287,-133.34099375987543,453.8349879872988,507.71688193232177,129.09484111363818,154.9425379497478
2.03,-0.1682645148500111,2.2143863470064535,-0.4372192305370843,-0.0277644691571476,0.0677611711348799,0.0004072337842287,0.000468187785085,-0.0028328529596223,0.0121035486265858,0.9999225566974528,0.0597467756345715,0.0409576904741563,9.694164950961252,-0.0381083033245203,-0.0329980119242211,0.0039688918047452,-1.1683014383608734,0.2366067413897001,1.145063910007934,1093.6009486875255,1101.9389772332427,1114.4237130887711,1099.6946446373524,-208.3035655645604,354.6247583205729,471.3935723179611,57.184353782664175,154.9400812230531
2.0325,-0.2312415225553239,2.1024394458725943,-0.4089626778982925,-0.0291462782869326,0.0742792145483319,-0.0010645680263055,0.0004310417738149,-0.0027277276896273,0.0121125158590505,0.9999227516481703,0.0542846092772076,0.0418347503680672,9.69609319312555,-0.0379206547489825,-0.0330014762974258,0.0037731859105481,-1.16839462205721,0.2365201438719309,1.1450717086404851,1092.990529136572,1102.7332742878373,1115.5703415464493,1099.740780212642,-220.30886242842385,240.25229665845077,344.49440054073244,-19.250389773560936,154.9371231049143
2.035,-0.2607791106202935,1.9670321796756316,-0.3492222040241294,-0.0303262010481368,0.0796246680242453,-0.0022061732953418,0.0003895653956366,-0.0026151918079113,0.0121274414637717,0.9999228800817246,0.0483424704977806,0.0427547644141913,9.697520782448414,-0.0377435344617506,-0.0329982626077367,0.0035847705924795,-1.168486644603289,0.2364339133627401,1.145081337804214,1092.4994043753836,1103.140238716535,1116.1461850914748,1099.5983926884846,-174.15022921273163,136.32726302903683,126.16211823392672,-77.35347620560043,154.9346511164244
2.0375,-0.2730499538979894,1.7978848329717267,-0.2619614555314295,-0.031072650803535,0.0845015889595358,-0.0030803890809669,0.000343663400462,-0.0024957134318854,0.0121447272505521,0.9999229807395807,0.0419692672268646,0.0437055525412797,9.698441896634945,-0.0375793698891929,-0.0329891237556757,0.0033978941817461,-1.168577331885727,0.2363479365643839,1.1450923288012975,1092.1197779905085,1103.4149106029824,1116.2011521376187,1099.354012831614,-124.66869072082127,109.32435021805082,-76.46904788953344,-94.48474238079345,154.93217400514436
2.04,-0.2806943905809053,1.6135864703396559,-0.1617773497205478,-0.0314972876445102,0.088632374801419,-0.0034363568923417,0.000294765519928,-0.0023707095551896,0.0121614800644813,0.9999230808416446,0.035240336644926,0.0447046592314607,9.698866808960998,-0.0374304658334041,-0.0329749516586254,0.0032072583964759,-1.1686667349017417,0.2362626347036276,1.1451042838211607,1091.8760609217795,1103.6868604676251,1115.763839852027,1099.1259689765807,-62.10828564071694,127.29078021530128,-295.595274585964,-56.63941689272299,154.92969436665615
2.0425,-0.293521488457015,1.4295399736958587,-0.0576978961835031,-0.0317955937867054,0.0918993267255398,-0.0031618173863584,0.0002438762871338,-0.0022408697452207,0.0121757913770012,0.9999231988732432,0.0282238384943939,0.0457620283039743,9.698821858791543,-0.0372988992419146,-0.0329567021995645,0.0030080103560656,-1.1687551773348497,0.2361783109400963,1.1451166022819763,1091.8092365623047,1104.0513645040587,1114.7231757646891,1099.0708157471504,5.171803948314956,192.87465038860728,-580.272917673086,58.158682612021366,154.92721402250496
2.045,-0.3222811278719235,1.2290281297643015,0.0639032689873413,-0.0321329843963464,0.0950715327382397,-0.0027432310660679,0.0001920908723493,-0.0021055446998049,0.0121850831507785,0.9999233660402308,0.0209680747163181,0.0468903289342471,9.698348465874469,-0.0371862914876787,-0.0329353984987646,0.0027959061792177,-1.1688426456936987,0.2360952893406846,1.1451289097182955,1091.901919941521,1104.651233719568,1112.8624752636615,1099.4167623896408,52.42194951924942,246.28157535640253,-758.0121533461057,223.7622605830486,154.92424016323943
2.0475,-0.3567030816770577,1.087108547758152,0.1630211420334698,-0.0324252048742134,0.0971444516422562,-0.0026088244549824,0.0001408695697349,-0.0019653426749992,0.012188637202209,0.999923589200638,0.0135508127722551,0.0481091783141547,9.69750112570419,-0.0370938544150276,-0.0329117796672714,0.0025676285025097,-1.1689293448200109,0.236013536780299,1.1451411233575155,1092.0713463099012,1105.2827723808407,1110.9331149979587,1100.1896270500656,69.5302817596272,273.3067392797751,-807.968546575802,432.9521371663396,154.92176679012127
2.05,-0.3929214540552178,0.9704033086625232,0.2622986889803416,-0.0330428671618363,0.0987689725917466,-0.0026529981570876,9.215076218739615e-05,-0.0018182012626153,0.012187282898623,0.9999238632540464,0.0060018160433705,0.049448042106137,9.696345958428807,-0.0370223063496108,-0.0328861522157839,0.0023205746404372,-1.1690161309677318,0.2359322640355944,1.1451528664048196,1092.2495713503192,1106.017767415967,1108.8226325307828,1101.5815230754724,57.17535240177836,305.57749371471556,-840.122358349288,664.2601491473222,154.91930199637494
2.0525,-0.4185501755125447,0.8641098360171461,0.3594684542381466,-0.0341311915144312,0.1003006970981483,-0.0025367620934223,4.760257178384509e-05,-0.0016631623130381,0.0121827190606701,0.9999241725935316,-0.001625559530038,0.0509305112445977,9.694957822209968,-0.0369717907724878,-0.0328583319272309,0.0020531240673859,-1.1691035596126547,0.2358505720089636,1.1451640057410375,1092.35722307191,1106.8106598494146,1106.732503206212,1103.5109277958024,5.420023327223678,326.43099957974823,-794.9882326059113,887.7443428019288,154.9168471478042
2.055,-0.4155768139169687,0.7461241286830652,0.4424700808844936,-0.0356854357410855,0.101940430962656,-0.001663464582294,8.016037038503733e-06,-0.0015001736555449,0.0121756925207961,0.9999245131282432,-0.0092599203150907,0.0525622429612774,9.693417905786948,-0.0369418441281531,-0.032827779998217,0.0017645863944969,-1.1691923470280252,0.2357680585561927,1.1451738425036837,1092.2766714669551,1107.6499224138659,1104.8476913677528,1106.0202447894824,-105.25575393485492,376.19828581278733,-749.2634044190413,1194.419099993709,154.9144075595451
2.0575,-0.3657758171756643,0.5507715712171004,0.5042063138470769,-0.0377777538317443,0.1041079958518834,0.0003885546167255,-2.7102798774284928e-05,-0.0013390422645798,0.0121663920713096,0.9999248664889018,-0.0166399225992939,0.0543204018480924,9.691810564819136,-0.0369315633388243,-0.0327936640704369,0.0014557779688857,-1.1692818989354927,0.2356848622530993,1.1451821198479544,1091.8309443022358,1108.6916512784785,1102.9861861841168,1109.4830232957709,-237.24273440248504,384.8232209680273,-604.3980511124247,1296.960917049892,154.9115013575023
2.06,-0.2858408343741848,0.3135125854777206,0.5118806498714384,-0.039288858147469,0.1058990023331057,0.0024374952931543,-6.03748373245559e-05,-0.0011853289580197,0.0121572790333348,0.9999251905190504,-0.0235893246993143,0.0561401741359512,9.69022226919506,-0.0369400160468512,-0.0327547644977868,0.0011278331884889,-1.1693712545553732,0.2356012024689259,1.1451890528181137,1091.0904577949427,1109.574038518706,1101.8257011121907,1112.5050493747317,-380.70489681022895,349.9347589427163,-382.715724740282,1169.5251374194663,154.9090995247466
2.0625,-0.1790595030235739,-0.0281155306646282,0.4714948008351083,-0.0399177801043193,0.1073536047779238,0.0041251159397157,-9.517354631406567e-05,-0.0010428179205576,0.0121502612968873,0.9999254548681288,-0.0299702092214867,0.0579407621730482,9.688738594712369,-0.0369660907812864,-0.0327097776562879,0.0007823762203607,-1.1694597206343111,0.2355170576688065,1.1451950144466727,1089.9274198181847,1110.441325073192,1101.0726075604155,1115.330648982868,-596.5862950071951,367.0634896284433,-247.7683685384416,1122.2179489775283,154.9067206476287
2.065,-0.0433548406728242,-0.5698989835928713,0.3785768756881825,-0.0394596229194241,0.108701256995002,0.0053206848696793,-0.0001341061917855,-0.0009137040131066,0.0121442817992899,0.9999256694960234,-0.0356803957977983,0.0596546445461324,9.687441642792633,-0.0370082595993407,-0.0326575826605947,0.0004215806997187,-1.169547105243304,0.2354324925263423,1.1452003691820283,1088.107526319907,1111.409355966848,1100.5868592694987,1118.1161391196192,-711.4146293173841,332.90142236420047,-118.34187506474588,878.0957973084429,154.90389447476232
2.0675,0.0630574544085959,-1.118124471457109,0.2755867764692008,-0.0383914276726187,0.1090100401120049,0.0056181455543349,-0.0001782330952231,-0.0007958555490837,0.0121381889116045,0.9999258517618868,-0.0407073658108325,0.0612432208763155,9.68640781212458,-0.0370646204301028,-0.032597123178396,4.8012644533454535e-05,-1.1696342419971775,0.2353475109956168,1.1452043456989032,1086.3703466715979,1112.105832185013,1100.4808981850915,1119.72112796941,-692.333258941577,243.9983685618297,11.23254175868193,468.3933775241812,154.90156408897516
2.07,0.1616047405080492,-1.7164761512843443,0.1551584448057423,-0.0375549525980724,0.1069362606032927,0.0054902798134771,-0.0002263011033321,-0.0006875759662837,0.012132578409809,0.9999259994454232,-0.0450368051066148,0.0627107561568741,9.685705652877367,-0.0371329010764799,-0.0325273653674632,-0.0003350084252484,-1.1697220915618458,0.2352621863522439,1.1452059837691708,1084.6458600251992,1112.6293478096572,1100.643021978292,1120.45810600724,-646.4333274066138,174.4991190107949,108.054273247164,155.04766509556111,154.89926017369572
2.0725,0.2636154801422924,-2.2949195729652474,0.0198607628494062,-0.0373649876429901,0.1018291101323738,0.0054476379053104,-0.0002755776394362,-0.0005878250971667,0.01212690332118,0.9999261250125688,-0.0486496435050841,0.0640886182090182,9.685394513500672,-0.0372102841089628,-0.0324475989417537,-0.0007235896742036,-1.1698111674600833,0.2351767713133805,1.1452052389049308,1083.1381800345644,1112.978327780067,1101.0211695513276,1120.496366294888,-507.0285127349165,97.02575894170222,207.2801484849466,-122.6335248616041,154.89697849417632
2.075,0.3837283071283147,-2.767611862709236,-0.1406723830100615,-0.037593983539984,0.0932581999728132,0.0056933470260636,-0.0003275138855841,-0.0004993462915859,0.0121220393157807,0.999926219406967,-0.0514634436894648,0.0653254135398595,9.685523921820415,-0.0372936967204796,-0.0323572951310629,-0.0011136135346322,-1.1699014934942424,0.235091552500639,1.145202467958222,1082.1107174615245,1113.1144766043656,1101.6794227207167,1119.844938382932,-305.8765462295534,23.112741238583602,360.4930807343939,-385.64669825701367,154.89472382561763
2.0775,0.5528164264450341,-3.1375758612029614,-0.3697040666353617,-0.0372317611573531,0.0810709914633956,0.0060330771945266,-0.0003838631464578,-0.0004222877923017,0.0121193120523494,0.9999262698617885,-0.0534556020417132,0.0663643744360922,9.686132936719732,-0.0373799001596752,-0.0322561959564358,-0.0015011501874855,-1.1699932191419202,0.2350065116463311,1.1451973112176448,1081.6087973034168,1113.09389148626,1102.8236349549995,1118.568132803603,-56.65107811769424,-19.66862880667619,478.8086310611209,-501.6546894376568,154.8920497049949
2.08,0.7043383644377477,-3.266300472288479,-0.5868800037059531,-0.035990012132193,0.0710337751884351,0.0061403374461301,-0.0004428393276334,-0.0003571184486485,0.012117929411135,0.999926290582368,-0.0546063949849194,0.067217803368411,9.68724976091612,-0.0374655011279853,-0.0321445243884498,-0.0018821923959521,-1.1700866005687087,0.2349216605359082,1.1451899063101796,1081.827462070936,1113.0161334603324,1104.0734658760225,1117.3366649357436,203.20322573498265,-15.299311956369236,552.0929150090642,-475.3210926974235,154.88984771042408
2.0825,0.8456711178238917,-3.2368347117099985,-0.8084280754589194,-0.0338485705990943,0.0622479857896563,0.0057412229451535,-0.0005033726148195,-0.0003084334420176,0.0121180498649458,0.999926281135444,-0.0548259961499541,0.0678845839993714,9.688892357173458,-0.0375473625678997,-0.0320227583221772,-0.0022528529813852,-1.1701810210923147,0.2348367183560598,1.145181038767166,1082.6248134320915,1113.017394926478,1105.5840995300448,1116.191527340116,444.7055445604386,48.23951531075284,700.6544858383371,-442.47767116326975,154.88767343608978
2.085,0.9789140566471454,-3.087102150511675,-1.0257521190246484,-0.0308586788629681,0.0536865227243992,0.0036114257966051,-0.0005623393459974,-0.0002759511316353,0.0121173190655256,0.9999262728006548,-0.0541281728839796,0.0684067631245991,9.691068920548355,-0.0376225093880474,-0.0318919286256846,-0.0026099971417694,-1.170275494906825,0.2347520385412968,1.1451709266684509,1084.050989793738,1113.257331036886,1107.576738305214,1115.1242765799275,565.6896343318415,139.35132403298965,735.7624731530608,-326.09719954876493,154.885096729783
2.0875,1.0457613776619992,-2.9206564366710714,-1.114726970468386,-0.0282957706359144,0.0479681214307576,-0.0003306039897045,-0.0006157277075074,-0.0002538265633006,0.0121145090633942,0.9999262854203276,-0.0526431571157797,0.0688480043547778,9.693778964232429,-0.0376883971217808,-0.0317533652408365,-0.0029514563280286,-1.170369719534786,0.2346683161639052,1.1451596081672795,1085.453261603751,1113.714151546643,1109.26291189581,1114.561041342372,563.9708276901849,233.08976514254525,646.459765564182,-160.27016596631597,154.8829768118997
2.09,1.0539790247842749,-2.757883710368753,-1.0544065215457694,-0.0255692626993435,0.0429079754339617,-0.0058347913706688,-0.0006635098093776,-0.0002332700525071,0.0121098168882931,0.9999263196935748,-0.0505674455499952,0.0691992276468976,9.697015005471943,-0.0377428975037164,-0.0316086025887521,-0.0032762084167589,-1.1704639963723544,0.234585592281666,1.1451470711521563,1086.870843932189,1114.4227798625989,1110.8090371330347,1114.322925750096,544.2809130581369,310.3527434381039,571.4202457584703,-55.63284314302643,154.88088571150368
2.0925,1.0061944301511938,-2.6126722393693,-0.8563698111896207,-0.0226995222743089,0.0378523142571035,-0.0109412669849275,-0.000707136565124,-0.0002115421257891,0.0121019651985742,0.9999263906907953,-0.0479882727428147,0.0694255015363577,9.700763831765991,-0.037784128564644,-0.031459509243246,-0.003583584339518,-1.170558228492872,0.2345040637171834,1.1451344188244836,1088.1746661690415,1115.2659152638337,1112.1200131246023,1114.282877126657,474.13110345529714,340.91099987133447,444.53041851112806,5.476811581638316,154.87881887744047
2.095,0.8865490408741022,-2.482201502013446,-0.5186910250997274,-0.0199090801406499,0.0321929537860675,-0.0140119258674934,-0.0007471228386026,-0.0001897786102397,0.0120919074205165,0.9999264864872364,-0.0449238663861443,0.0695137097228988,9.705007606604381,-0.0378106589767638,-0.0313079069403099,-0.0038732392122441,-1.1706520549190895,0.234423798575043,1.1451224682696457,1089.2414994494657,1116.1273348619557,1113.0316892255908,1114.350309808004,403.7129639923564,342.058565209034,289.98289722526965,18.817284233773936,154.87678165435045
2.0975,0.6635786367279781,-2.3174547423786582,-0.0263017135873612,-0.0169332375192417,0.0246522827985037,-0.0147274823304155,-0.0007845261712526,-0.0001692577678942,0.0120831138664896,0.999926565347434,-0.0413951128767972,0.0694448091483727,9.709725165826647,-0.0378214477621957,-0.0311554085409968,-0.0041453733048903,-1.1707454466636746,0.2343447898472089,1.1451113690481682,1090.1932309890035,1116.9762080898788,1113.5699276107289,1114.3769635478259,296.5456504262938,254.34298989935627,100.74546146438692,-20.959996562624372,154.8743713197217
2.1,0.4224117147886137,-2.1558301237036064,0.3926776993734488,-0.0150100057924197,0.0184458433734903,-0.0131302803978958,-0.0008200085212692,-0.0001524822088776,0.0120791958318871,0.9999265845415573,-0.0374034959017236,0.0692116556415306,9.71489295030338,-0.0378156272597373,-0.0310034737360994,-0.0044003633937836,-1.1708384817078674,0.2342667505880744,1.14510155848147,1090.724227701597,1117.3990498114524,1113.5354165329127,1114.2455098251908,171.15052130261938,90.1944682570066,-105.6979773820808,-100.70959963345771,154.87239111405515
2.1025,0.1467320827716122,-1.9597822258130249,0.7554479180087276,-0.0142692153379671,0.0131077423947316,-0.01016298577991,-0.0008521968108289,-0.0001369122281831,0.0120831413299753,0.99992651047221,-0.0330515094467667,0.0688520861541941,9.72048587610671,-0.0377923415696575,-0.0308533806971586,-0.0046388713621972,-1.1709319887037044,0.2341890082578679,1.1450921671001346,1091.0489835955163,1117.4271804311638,1113.0414377238185,1113.8734155496586,111.1400264693226,-58.448796763515354,-257.3750130879544,-192.59073122566812,154.8704398295199
2.105,-0.135771791282506,-1.7366542322494332,1.04028168937345,-0.0148100501724933,0.0086545804300289,-0.0067335351540856,-0.0008801857482752,-0.0001193017246807,0.0120931865727977,0.9999263663363788,-0.0284585056137964,0.0683990987478997,9.726478080974754,-0.0377505314563166,-0.030706477136007,-0.0048614707413268,-1.1710259557701075,0.2341114593985141,1.145081757029046,1091.2799278339437,1117.1068058276348,1112.2485414674727,1113.2825561690627,91.60227234506432,-204.49113927320903,-358.6508385480177,-284.7816776309234,154.86851187399313
2.1075,-0.404103576956962,-1.4860471061389968,1.2152109793878871,-0.0164002611779582,0.004961127763738,-0.0032261874383585,-0.0009021991189152,-9.677380665379678e-05,0.0121072347251447,0.9999261801531318,-0.023738078147809,0.06790605325994,9.732843142781908,-0.0376892905995612,-0.0305638677656325,-0.0050684389853319,-1.1711202675745065,0.2340340815716053,1.1450692011094492,1091.506994957242,1116.4047247347978,1111.2481835310784,1112.449507161504,126.51885095483792,-374.20024822723354,-440.93778984080046,-409.21897805984327,154.86661098456318
2.11,-0.6960769543899296,-1.1585387089775168,1.2974421892216028,-0.0185534272142549,0.0013334076283666,0.0008287911754994,-0.0009211486646796,-7.126350771527148e-05,0.0121252177749751,0.9999259488476367,-0.0189115614193541,0.0673366205655904,9.739554260898414,-0.0376081345693747,-0.0304262047290476,-0.0052599006512642,-1.17121479553321,0.2339567928926057,1.1450554039955425,1091.9125220887179,1115.2358045864987,1110.0438525182687,1111.2364612787635,187.5202937955277,-460.88055254609645,-408.478478752531,-467.8108650027852,154.86435949319073
2.1125,-0.9143581067161548,-0.8648580693720013,1.2670862007724144,-0.0202755997997109,-0.0010356342709267,0.0041677019703615,-0.0009393596539577,-4.4720588766609656e-05,0.0121456240282511,0.9999256875033422,-0.013999182913077,0.0666678317953774,9.746583970802538,-0.0375068135703523,-0.0302940228393094,-0.0054360174239615,-1.1713094792920267,0.2338802357691857,1.1450410995540967,1092.4445964262195,1114.1003219720671,1109.2057911373158,1110.11045283649,266.0232029457168,-461.4919934408733,-269.89005104622265,-458.29689671069536,154.86250646192244
2.115,-1.109066205759033,-0.5494586351888605,1.1480333034208992,-0.0221670797813464,-0.0029184059631462,0.0074853200073459,-0.0009609423424587,-1.808431232517504e-05,0.0121662820977251,0.9999254183144748,-0.0090394681953833,0.0658433307369433,9.753904163245885,-0.0373854101929307,-0.030167639651154,-0.0055972715423726,-1.1714043026490226,0.2338045495542157,1.1450273741747892,1093.2426381034463,1112.928344619294,1108.6944022630375,1108.9449767952099,416.6310011518081,-501.3215448715644,-132.67892422553828,-502.26316038489375,154.86067610091183
2.1175,-1.3103689444145399,-0.1472258388956068,0.9259489198654643,-0.0249701805324698,-0.0046743050907899,0.0108272128856554,-0.000990518947146,3.218014319754152e-06,0.0121854537613602,0.9999251570932576,-0.0039805515460445,0.0647959331245882,9.761485136726776,-0.0372445269352814,-0.0300470269534978,-0.0057438990400048,-1.171499204534978,0.2337290776248199,1.1450155452639623,1094.5277514319787,1111.5937142477092,1108.542396516188,1107.5991370345655,520.6990602859717,-467.7314182192376,19.870576869243877,-469.0430654880956,154.85850535073143
2.12,-1.439324605114154,0.2006546071734136,0.6969865749077079,-0.0280194768198119,-0.0054389014830338,0.0124630527376151,-0.0010291155059795,1.5776683020619724e-05,0.0122003969693845,0.9999249350681884,0.0011948829404135,0.063528759012664,9.76929527345959,-0.0370851829760227,-0.0299319395190761,-0.005875887260129,-1.1715934393585172,0.2336532587364248,1.1450053792036328,1095.8461334048764,1110.589687528198,1108.793755147384,1106.5997614677694,562.754939679656,-374.18381340713375,165.0455376509434,-354.62237304341966,154.85671827829742
2.1225,-1.5070154555967856,0.5411334070427918,0.448378442750119,-0.0320784738025532,-0.0049354275187334,0.012986756608709,-0.0010770980786217,1.901961694985085e-05,0.0122108231402798,0.9999247548783766,0.0064538045316789,0.0620572639839981,9.777300767841439,-0.036909003569132,-0.0298216786175299,-0.0059929154896881,-1.1716859354373377,0.2335770561116694,1.1449955477751004,1097.341526130377,1109.7227951806735,1109.3676242044428,1105.8260251693484,608.4004287398459,-323.1143956686606,267.70597388277224,-257.9228329359067,154.85495553806547
2.125,-1.5094085583123589,0.8520673098198953,0.1956640915834724,-0.0367417863061083,-0.0031657278915042,0.0131225666913316,-0.0011346349913174,1.6531138708959617e-05,0.0122186638099751,0.9999245924715068,0.0116872576687992,0.0603998980334775,9.785465242216839,-0.0367180701427029,-0.0297152086271325,-0.0060942823727631,-1.1717767866605955,0.2335003819751825,1.1449847625213134,1098.8881355485755,1108.9741155498548,1110.1322850167978,1105.31014730309,600.7483657142203,-270.3767144863435,333.25169974942384,-130.5985126532078,154.85321496372876
2.1275,-1.427389248473348,1.0967970747257223,-0.0585738310760468,-0.0412832521733843,-0.0001649092978157,0.0131684251496745,-0.0011968422247654,1.2007443562913384e-05,0.0122249282768722,0.9999244401399938,0.0167905026229368,0.0586721269848771,9.79374846907296,-0.036514602048151,-0.0296115607452408,-0.0061783127727671,-1.1718662542905922,0.2334236744239719,1.1449720501902887,1100.345267958948,1108.370911608242,1111.0338827031899,1105.1730326060824,577.1243495968641,-228.57970426335245,409.89942201568704,36.8672445573801,154.85150447911604
2.13,-1.2444540206801655,1.2827112102859533,-0.3677920813517339,-0.045681144636728,0.0043793639618655,0.0131371404360613,-0.0012596402878974,7.211947313833834e-06,0.0122299848608097,0.9999242976808804,0.021701791449344,0.0569712665463006,9.802105854804337,-0.0363008359560455,-0.0295098227717635,-0.0062427421124927,-1.171954219655774,0.2333472347554781,1.144956903331966,1101.7737572965596,1107.831217028538,1112.1817821268762,1105.4944835258768,440.80811416848553,-162.4628818262443,424.6979128968268,198.78883987599207,154.84949224888183
2.1325,-1.0416132688715811,1.3361202060822919,-0.6277904612029299,-0.0483384468747232,0.0085889179734551,0.0128869688831621,-0.0013225430668371,4.270823119296863e-06,0.0122314771222937,0.999924194354383,0.026356493015669,0.0553224567680025,9.810488475777449,-0.0360787247656146,-0.0294092851598816,-0.0062853387676666,-1.172040480748148,0.2332709696164689,1.1449398838560663,1102.5493085297903,1107.5585971991109,1113.157372267674,1106.1669768054624,198.5659108362008,-64.92952011521555,392.8748001136872,344.0556913067434,154.84785387903625
2.135,-0.8130733636109999,1.287100676178548,-0.8768775268261673,-0.0500043477505086,0.0126576641519965,0.0120385558182679,-0.0013871165053496,3.0441708343479017e-06,0.0122284383115427,0.9999241401916728,0.0307388892852757,0.0537073987383595,9.818842516412433,-0.0358500504803297,-0.0293091734752594,-0.0063039099227817,-1.1721251221288596,0.2331946717799062,1.144922279470171,1102.7665868507409,1107.506569427962,1114.1461561274448,1107.2147619824107,-43.23968011267133,35.25001517873296,440.59729650609125,528.0857143743203,154.84626151885672
2.1375,-0.5329195363263853,1.1344498135015,-1.1274039836155947,-0.0508527008422533,0.016611608885412,0.0096633603430233,-0.0014520813572813,6.036545416206224e-06,0.0122218563411472,0.999924125236962,0.0347863883297691,0.0521615135728718,9.827110140751042,-0.0356162289842229,-0.0292087066055187,-0.0062965426466711,-1.1722084083798527,0.2331182454789968,1.1449042378484535,1102.3331101292267,1107.7348472750043,1115.3603587502043,1108.807405377334,-266.30825049138025,133.4319982948756,449.2771153778999,622.265121249861,154.84441028244356
2.14,-0.3014002146224982,0.9562556026748952,-1.259537031283191,-0.0510186034123522,0.018880160921064,0.0062373214150093,-0.0015136773991844,1.5430868013841027e-05,0.0122108121748065,0.9999241670985308,0.0384464893133781,0.0507670973641535,9.835229783131838,-0.0353779871218384,-0.029107421822087,-0.0062615073949198,-1.1722911199925157,0.2330418266752918,1.144885640491324,1101.435045598284,1108.1737294194363,1116.3925417043342,1110.32608758866,-443.17814436513834,221.50424600272817,409.1732121097808,627.2884734191528,154.84292137770615
2.1425,-0.0649333746377655,0.7584421717461717,-1.2699759823214396,-0.051286832956055,0.0202658212815062,0.0015684234391011,-0.0015696543642236,3.216799900815127e-05,0.0121953289569704,0.9999242703976362,0.0416932702090256,0.0495745045082556,9.843137088665667,-0.0351354890421373,-0.0290049641606091,-0.0061975197356437,-1.172374025870604,0.2329657577096756,1.144866205382021,1100.1172194074013,1108.842368505018,1117.4062248107534,1111.9438477444298,-565.7079856410412,295.91021371862274,390.44220019828487,651.8263901347066,154.84149259619784
2.145,0.1878280146006269,0.5636634195291081,-1.161230323834868,-0.0519258897475795,0.0212041655306265,-0.0034309296721783,-0.0016211014618389,5.098641444423029e-05,0.0121764651489005,0.999924420265598,0.0446239093927436,0.0485650098821574,9.850765196600529,-0.0348884586744167,-0.0289010724843788,-0.0061036213351127,-1.172457573651169,0.2328900390036524,1.1448465329820277,1098.6065056700788,1109.6532804880292,1118.3447527053256,1113.5852195393331,-606.2431779817091,342.25014798822303,338.1494744423507,651.5429909152912,154.8401164032351
2.1475,0.4701509682175889,0.3857654773105002,-0.9149978431022104,-0.0526490114567031,0.0219222810327047,-0.0078763254607354,-0.0016679566740293,6.953574461662219e-05,0.0121559408752927,0.999924594955346,0.04727979102408,0.0477416029646943,9.858047724378723,-0.034636192798511,-0.028795647939721,-0.0059796522964383,-1.1725419228900824,0.2328150415161047,1.1448273132868403,1097.0860035174928,1110.5536192449592,1119.0969721829651,1115.2015626990062,-613.9029028430872,392.8164972827828,264.0934267350132,691.4183491077586,154.83880636210594
2.15,0.8320907176356915,0.1986125252482325,-0.5083304436099183,-0.0524868159974191,0.0227418533663846,-0.0111220901804448,-0.0017113438388911,8.542406968935837e-05,0.0121363098182489,0.9999247618664586,0.0497034291508545,0.0470824730252432,9.864919995296129,-0.0343778047344893,-0.0286886714588415,-0.0058262049348541,-1.1726269691075615,0.2327406276215186,1.144808909211532,1095.5369911558635,1111.6173629744433,1119.6652198390007,1117.042311284872,-486.39370545325744,370.0171304907678,141.5850436259946,644.8186596656934,154.837313611468
2.1525,1.1235893358690976,0.066616221031064,-0.132830802964879,-0.0505179739478263,0.0233330433034706,-0.0114305130636387,-0.0017517806696336,9.496774763475722e-05,0.01211914738206,0.9999249022650244,0.0519631681129245,0.0465765897060048,9.871320476019546,-0.0341123393071401,-0.0285802947209699,-0.0056443868697976,-1.1727124186171736,0.2326667330436175,1.1447918912726243,1094.6540349902264,1112.403704897413,1119.804897401095,1118.4256559973346,-240.17450943181956,276.531553338536,-13.187050628811468,499.94888765928664,154.83613728332543
2.155,1.3543870158508844,-0.0359010271956339,0.2099022922895447,-0.0462720031513771,0.0236080734619394,-0.0096037353693956,-0.0017883886287249,0.0001005318570361,0.0121061101478454,0.9999249975467586,0.0540084748258293,0.0462410528482561,9.877194048009937,-0.0338389378082546,-0.0284707270163797,-0.0054361774150898,-1.1727983444256072,0.2325933278722412,1.1447753252600918,1094.3361186087043,1113.000020741136,1119.5992845858564,1119.5420557231687,-0.4911741561045014,206.34806215483397,-151.56742555572123,400.2058222757298,154.83503240427513
2.1575,1.5126714690626493,-0.1140922303984574,0.5247651966261878,-0.039728511666533,0.0232425678281302,-0.006330236776036,-0.0018210086716785,0.0001058430873716,0.0120993952878746,0.9999250217377944,0.0557619771701443,0.0460781973322165,9.882492855533197,-0.0335570951411938,-0.0283601397818499,-0.0052041692128633,-1.172884512583012,0.2325205365049779,1.1447584177378016,1094.651579119446,1113.4354452081873,1119.0470602733164,1120.4266851087134,220.32946650747832,111.12475537211375,-230.80574516180184,230.71638605493297,154.83378985393395
2.16,1.5336629324121136,-0.1330161836955601,0.6894776800228481,-0.0343695948605263,0.0223844828336066,-0.003659022598373,-0.0018471434730191,0.0001141447742417,0.0120980272009611,0.9999249911375712,0.0571568996909688,0.0461363683942485,9.88717738942731,-0.0332666247722519,-0.0282488974364281,-0.0049513308442201,-1.172970367507343,0.2324487523550094,1.144740943668639,1095.4377659412417,1113.5556445179964,1118.4452558600476,1120.695637653443,389.9831133569561,4.632519427241376,-239.98912674219864,1.604277270507771,154.83282383761264
2.1625,1.4568996470257252,-0.0990760881209717,0.7583288528386402,-0.0300788060222322,0.0214391734721684,-0.0015530362546434,-0.0018683232332463,0.0001238164741075,0.0121001716279608,0.9999249241561752,0.0582230253819207,0.0463824715417091,9.891217010551264,-0.0329679320653888,-0.0281372515539515,-0.0046812213568956,-1.1730555330811778,0.2323777127613029,1.1447242578598904,1096.6014946862308,1113.4586078053235,1117.8471146396055,1120.434706495066,493.5359331076248,-63.189039707368906,-219.08825650212304,-185.82392362027744,154.83192934981793
2.165,1.3281613504761787,-0.0253328874854047,0.7625782067221247,-0.0269106825015549,0.0207397995610238,0.0001091850712876,-0.0018875687795101,0.0001333061933311,0.0121039120161243,0.9999248381843538,0.0589906756816545,0.0467528308769536,9.894592030278048,-0.0326620374125068,-0.0280252357731149,-0.0043982343822615,-1.1731396151130116,0.2323072982719788,1.144709795946572,1097.9054456067795,1113.2396993194595,1117.349814577537,1119.766518035342,511.3411621146606,-96.97241828066785,-159.6410851872895,-342.24196821579244,154.8310933388573
2.1675,1.1758879884441948,0.0823107643551334,0.7084773731548708,-0.0249759765449435,0.0205411276662763,0.0014724648868087,-0.0019090337809915,0.0001413573869913,0.0121100299877155,0.9999247168809332,0.0594871632729711,0.0471594487653367,9.897294507242755,-0.0323507011877477,-0.0279124348336428,-0.0041074657736123,-1.1732219352778164,0.2322371845594807,1.1446985162766423,1099.158200496804,1112.97374571392,1117.048909213669,1118.723496653987,492.61169445581936,-99.79122624581792,-81.89160203310341,-502.80129962794655,154.83032631317158
2.17,1.0029149328449007,0.2248065040682642,0.595263818170717,-0.0234330102727436,0.0210145343418097,0.0030398729951938,-0.001934878598039,0.0001453470849995,0.0121198807324779,0.9999245411470068,0.0597709123950528,0.0475517643525781,9.899328084092817,-0.0320362079506033,-0.027798137590101,-0.0038141311834918,-1.1733018190106224,0.2321670522833259,1.1446908708342112,1100.3685040790588,1112.7407431882307,1116.9403565673715,1117.2525115372023,374.59642312051864,-53.59616825803756,-3.9547267109356583,-542.2288968759974,154.82948300706232
2.1725,0.8767046479792596,0.3340293357621672,0.4698039055076224,-0.0222559945911906,0.0220244034242642,0.004316734183997,-0.0019638756320934,0.0001495780450646,0.0121334733916661,0.9999243120241436,0.0597679275400306,0.047946604958692,9.900709553379464,-0.0317209994225552,-0.0276814927553292,-0.003523616539543,-1.1733792138683916,0.2320968077982771,1.1446862572124197,1101.0311826124066,1112.70576487263,1117.0291355801144,1116.012352169607,188.82082393487144,31.31819886107012,56.94151844563364,-464.21261640818153,154.828842138576
2.175,0.7601134484732217,0.4120900032531504,0.3204646795040727,-0.0207512255216512,0.0235545470378872,0.005463739612735,-0.0019951849981098,0.0001609014421319,0.0121505541442371,0.9999240329253604,0.0593577319551197,0.0483521052622197,9.901467172507711,-0.0314075365413929,-0.0275614668538172,-0.0032410093564743,-1.1734545666694385,0.2320261726821808,1.1446838835846216,1101.3126081987332,1112.897334182536,1117.2250641595997,1114.9314484551612,59.82608139324435,115.59728065716756,81.96385572754835,-388.24607237740673,154.82826211330558
2.1775,0.6344388142174588,0.4544761476148937,0.158610331531434,-0.018905913221589,0.0252879913589866,0.0064323277022098,-0.0020279106105763,0.000180849786549,0.0121669598706049,0.9999237550796792,0.058528970245838,0.048775453945642,9.901637556332144,-0.0310979280461376,-0.027437168239158,-0.0029702868704957,-1.1735282733069168,0.2319550843256731,1.1446829545484862,1101.3303130193729,1113.2837512759158,1117.438954858752,1114.07112180772,-32.05518750814986,195.17294377647391,74.9735811553835,-282.06984690733094,154.82772960066615
2.18,0.4750088934714132,0.4521064854136793,-0.0051237697259936,-0.0167351734461684,0.0268943662472617,0.0067123477925523,-0.0020622239692053,0.0002066417596342,0.0121801153229825,0.9999235092403388,0.0573592855540163,0.0491997814141214,9.901264209078793,-0.0307940499060497,-0.0273076078190132,-0.002714275168596,-1.1736007009025766,0.2318835284735782,1.1446829912341543,1101.1523322611924,1113.8731989014184,1117.5999320653766,1113.5210992206244,-86.70247326858956,292.82351708116664,45.95202758419062,-173.09530983430164,154.8272503299908
2.1825,0.226316446575607,0.4070364751889978,-0.1823290332824789,-0.0140886471223422,0.0282841801939683,0.0057397848405612,-0.0020989739667108,0.0002376686006841,0.0121893075792044,0.9999233027770412,0.0558863923027837,0.0495937241389237,9.900396933205402,-0.0304974131762447,-0.0271718190448842,-0.0024749472548202,-1.173672441511011,0.2318114075539361,1.1446833641063663,1100.89680065303,1114.7478688613216,1117.668714996673,1113.2056452585484,-77.50381184705638,339.01885110277175,0.3107265178641748,-67.43370075737546,154.82673089814642
2.185,-0.0261778329129138,0.3457642073375589,-0.3017629237728502,-0.012482874088623,0.0289774639744338,0.0042069072265453,-0.002137562218335,0.0002710284059865,0.0121922325214726,0.9999231670654772,0.0541959746031057,0.0499536951730287,9.899088579359535,-0.0302089601007827,-0.0270292135642828,-0.0022530260669585,-1.173743280085372,0.2317391483873914,1.1446840822949123,1100.7648132019572,1115.5682931569322,1117.601485697966,1113.1839307168375,-20.898638113385903,339.0607822242218,-52.4375052706557,27.172444420785393,154.82633972611612
2.1875,-0.2996782205518173,0.272686371875382,-0.3906402835358047,-0.0125697361624902,0.0294045382175913,0.002739297719628,-0.0021804115675704,0.0003020214237043,0.0121873922684756,0.9999231176291768,0.0524100158325692,0.0502156248383955,9.897393086586527,-0.029929169440794,-0.0268795205245317,-0.0020482924838784,-1.1738128316264265,0.2316668969348351,1.1446856520682258,1100.7923074624628,1116.4431727724427,1117.4065274703198,1113.3415074806524,45.94963675122114,391.798304883204,-108.8889529486119,96.71154236925965,154.82598566115476
2.19,-0.6044139811854248,0.1805789536480683,-0.477366909805865,-0.014777402521011,0.0297889140216516,0.0014759876449528,-0.0022292281271302,0.0003349279066163,0.0121765419179939,0.999923126695866,0.0504735871477626,0.0503317845441532,9.895365472434642,-0.0296581009265714,-0.0267227383041087,-0.0018600159876827,-1.1738818850570591,0.2315946980047948,1.1446875597196444,1100.9945613857133,1117.527284681348,1117.0570409332229,1113.667488428684,87.63801663281086,399.8698398318169,-139.28405083352413,136.6279162063649,154.8255958675102
2.1925,-0.8071324242110415,0.1030658120867255,-0.548813191854637,-0.0175501443221552,0.0299916342800277,0.0008282273981218,-0.0022808428131006,0.0003778224542098,0.0121611163561786,0.9999231804033492,0.0482574315991657,0.0503533362381357,9.89305856602301,-0.0293952222584836,-0.0265594203008225,-0.0016864158723583,-1.1739514290943147,0.2315229118596401,1.1446887144555349,1101.230497545627,1118.4425219716015,1116.7101072161522,1114.024647061684,81.49928444177193,364.50306085704005,-138.4289694513911,159.98831438005595,154.8252941364809
2.195,-0.934867315384048,0.0250699923025351,-0.6333024057252039,-0.0204286795023865,0.0300552318800024,0.0003679229324852,-0.0023299643667995,0.000436389934588,0.0121424075782583,0.9999232735735344,0.0456788863808877,0.0503749135968061,9.890520245100209,-0.0291395448957729,-0.0263906643739783,-0.0015245743690401,-1.1740221783166875,0.2314522210079888,1.1446874350988803,1101.402057807922,1119.3497999856331,1116.364896085966,1114.4674300005843,36.61930355642406,358.705277104876,-129.58625171553683,194.1585553054534,154.82500853581018
2.1975,-0.9962676217117448,-0.0546337586541813,-0.7294324097705557,-0.0231999469318869,0.029995319118455,-0.0002049267753069,-0.0023715871671575,0.0005059320322144,0.012121131996444,0.9999234082871998,0.0428585914243028,0.0504856750876985,9.887790988873213,-0.0288898295540058,-0.0262180651875236,-0.0013704338595869,-1.1740936253470409,0.2313834946914549,1.1446829136687886,1101.4135940634092,1120.2360483571263,1116.0621759575745,1114.9954398382115,-53.30024672743643,345.9634498967483,-105.23411761231927,235.76017452631504,154.82473006728372
2.2,-0.9822097148587576,-0.1388905112852654,-0.8250421640606596,-0.025806805460857,0.029772246827535,-0.0012809138239756,-0.0024030197896401,0.0005822258286953,0.0120983557316495,0.9999235772426323,0.0399046293691162,0.05073198811817,9.884905781698247,-0.0286448177357575,-0.0260434808878595,-0.0012200268057951,-1.17416502867685,0.2313171219964883,1.1446754523217275,1101.1355565742847,1121.0796172351172,1115.8387254979043,1115.646230873216,-197.9756183366632,354.1325669828514,-80.69151112440694,315.76776515635845,154.82445217816323
2.2025,-0.8904571850281287,-0.2485765817363756,-0.9023526737771816,-0.028795588868139,0.0293051983874908,-0.003567765030239,-0.0024254475496625,0.0006613802817165,0.0120751556738038,0.9999237657067124,0.036914676125702,0.0510867705859433,9.881894307683034,-0.0284033620552466,-0.0258687945919835,-0.0010700667604931,-1.1742364008491073,0.2312528508949026,1.1446658746353708,1100.4237159717259,1122.0067111920405,1115.6587184019525,1116.5742786639933,-316.2877569760962,315.324072294204,-56.723805947014014,360.1324257658311,154.82410842567887
2.205,-0.7638962683974653,-0.3489030766361562,-0.9017074756293812,-0.0310979565096518,0.028773999044444,-0.006428840867977,-0.0024437103744249,0.0007349013869582,0.0120519099881393,0.9999239617543476,0.0340734086938942,0.0514528099159842,9.878780836705012,-0.0281644847908661,-0.0256956933304907,-0.000918087379823,-1.174307403434011,0.2311899903761293,1.144656089828086,1099.5541177894045,1122.656237596588,1115.5551064681692,1117.446893002045,-380.7139450601962,212.00060584538275,-39.90874958249236,356.418999030628,154.82380497564228
2.2075,-0.6044163122912036,-0.4584514728692823,-0.7975833633733681,-0.032793809054857,0.0281899483958298,-0.0099465325831559,-0.0024630392217416,0.0007963657958482,0.0120287269110146,0.9999241555738428,0.0315214429342942,0.051728436242969,9.875586556444334,-0.0279274384785681,-0.0255254522145801,-0.0007628791589592,-1.1743779427858831,0.2311278081071819,1.1446475495406898,1098.5201462464247,1123.0667142212671,1115.45917465404,1118.3563736591464,-452.0600226818357,87.75434366862288,-44.79345215627386,384.6113379412682,154.82347334361387
2.21,-0.4007986294586209,-0.5943524223382928,-0.5346472339847888,-0.0336860281893848,0.0273106030383392,-0.0138861191074828,-0.0024872471225585,0.0008396220917355,0.0120056322750753,0.9999243435228432,0.0293915473179474,0.0518421773922573,9.872330622318845,-0.0276917443632561,-0.0253588282195109,-0.0006042870365902,-1.1744477230065162,0.2310659865122506,1.1446410046659468,1097.2938176759951,1123.0950093149313,1115.3311392073879,1119.3699496917511,-415.66940679987033,-96.68474959630863,-45.43699357555039,337.19016451864974,154.8230299347436
2.2125,-0.2367739060009406,-0.700055851546805,-0.2097216370365207,-0.0337584686503388,0.0261186724267498,-0.0161905050333586,-0.0025209208141646,0.0008614387539556,0.0119846360815318,0.9999244949036414,0.027756311890006,0.0517089732557825,9.86903221306925,-0.0274572865526448,-0.0251959246261448,-0.0004432894139322,-1.1745164583040388,0.2310043207246992,1.1446369264026839,1096.4417992124256,1122.5832904732858,1115.2319896861623,1120.0423244817396,-273.97662440158126,-342.65952489846126,-25.290813597803748,206.98145081055807,154.8226127633595
2.215,-0.0873527428028444,-0.7769876335842256,0.1882441551026234,-0.0335271268311495,0.0242527992722287,-0.0168973990173718,-0.0025655975700595,0.0008666886261134,0.0119682909039462,0.999924572342838,0.0265270488174672,0.0513063258289018,9.865712689407104,-0.0272241925797439,-0.0250363073157403,-0.0002818124673147,-1.1745840901837736,0.2309424444206619,1.1446343436077848,1095.9239345539875,1121.381711690439,1115.2046851393989,1120.404856945804,-137.17038389940154,-600.8931803236968,14.459077015452683,78.03386159575366,154.8221346372902
2.2175,0.0518951895163194,-0.8123823202427778,0.6055062610516048,-0.0331616459953408,0.0218628611788517,-0.0161879990983124,-0.002617722167807,0.0008647735025398,0.0119574558247449,0.9999245674359376,0.0255251623412719,0.0507132462780753,9.862396285236729,-0.0269926643288918,-0.0248791977328907,-0.0001221909141478,-1.1746507021915562,0.2308800064192377,1.1446326577177803,1095.7559472929283,1119.5788245716672,1115.3042850712395,1120.4324937897184,20.75881432610773,-849.1780022198208,86.13049450036088,-76.74399295241919,154.82159881645308
2.22,0.189120821886429,-0.7806789432229922,0.9891196250168351,-0.0328800285232753,0.0191932591865517,-0.0137463615859708,-0.0026728254028245,0.000865085421623,0.0119525965196108,0.9999244788124464,0.024571151857376,0.0500257077508083,9.859110718489395,-0.0267629799575587,-0.0247235184224685,3.299655800593014e-05,-1.1747163774025824,0.2308167375717948,1.1446315245392853,1096.027728625618,1117.1358216793396,1115.6353376119007,1120.021136981042,207.74707741857569,-1169.3106547126058,212.01201785125247,-270.60863603942954,154.8209874120264
2.2225,0.3680717291448309,-0.6557655473807187,1.3410439816645692,-0.0326721933934638,0.0162318248597461,-0.0088369005388486,-0.0027285861820236,0.0008708291414585,0.0119541388026057,0.9999243049343972,0.0236058599190221,0.0492942321865692,9.8558872015504,-0.0265354463863005,-0.0245680422655723,0.0001811568439047,-1.1747810610755118,0.2307527812198688,1.1446310600096938,1096.7946826800214,1113.7322712981043,1116.3643451604955,1119.0794506095212,333.3986565221565,-1269.964745112138,324.4264104795162,-396.77033663611775,154.8201620083608
2.225,0.5374946770335576,-0.4831657103414253,1.5060171869344972,-0.0323160855527193,0.0144303343110268,-0.0037023487336803,-0.0027806370979692,0.0008810956833673,0.0119611255323907,0.9999240699810648,0.022650394362317,0.0486069980211797,9.852761105762871,-0.0263102640762557,-0.0244116354220134,0.0003198159465662,-1.1748446014804343,0.2306887676826345,1.1446317829199644,1097.6947219082288,1110.785997953779,1117.2574696642982,1118.0372852978614,379.47749208434186,-1125.5520055659658,409.9858948954621,-431.94593728313527,154.8193970462594
2.2275,0.7276674411254067,-0.2538092843871144,1.5182930799402052,-0.0314050524406216,0.0136122328021098,0.0013795482490484,-0.0028256060866147,0.0008922886198339,0.011973468822125,0.9999237879608158,0.0217773964126148,0.0480296818701152,9.849772291936516,-0.0260875594062196,-0.0242532583170766,0.0004464741681688,-1.1749071066599623,0.2306250334602533,1.144634156373666,1098.692070140443,1108.1045112702743,1118.414274634973,1116.9197209231056,386.69955737423976,-975.9674072857005,495.5013883196094,-429.4295432843774,154.8185541341223
2.23,0.926244303791548,0.0092869067660033,1.4097593763324614,-0.0299496209031476,0.0132904794138741,0.0057929496181951,-0.002864226427081,0.0009014237934082,0.011987019337453,0.9999235091345202,0.0210448103706151,0.0475459013251255,9.846965199665114,-0.0258670693528056,-0.0240922834704762,0.0005584511149906,-1.1749687782283138,0.2305617169055888,1.1446389862794595,1099.6282196951,1105.9061609173507,1119.7349766058962,1115.8901375814396,329.35719460711675,-715.5259770127184,547.3610986521752,-360.1268428928583,154.81765034617126
2.2325,1.1155670366220396,0.2970898023369329,1.1803997920254048,-0.027686332353306,0.0132305699599205,0.0090638745114666,-0.0028968863377803,0.0009117119588208,0.011997328178429,0.9999232825370996,0.0203872753167132,0.0471458382433172,9.844388531633308,-0.0256482859520094,-0.0239283108078785,0.0006530897458142,-1.1750302804325228,0.2304986600533446,1.1446461351127744,1100.3388561134786,1104.526881385211,1121.1510801282338,1115.1190867086411,233.77769194262825,-387.30649946611186,610.8923391882985,-253.56712355288067,154.81668034481655
2.235,1.300420607509752,0.6454692468947834,0.8070922326084748,-0.0238660290030569,0.0139513557399109,0.011848149068354,-0.0029239413844729,0.0009297357033288,0.0120032824002873,0.9999231146860624,0.0196719705387828,0.0468191701765472,9.842093363388996,-0.0254306420071894,-0.0237609997102583,0.0007282092060991,-1.1750920686909374,0.2304357691988666,1.1446551629834745,1100.797108154813,1103.96962842002,1122.7894383018377,1114.6223019636752,94.33799393745448,-23.4316967772868,561.882991693854,-103.22471676367272,154.8154514947324
2.2375,1.3966501847315609,0.912515278295801,0.4451717551401277,-0.0197667108860081,0.0157039289508249,0.0136382926261171,-0.0029428318215335,0.000958552234932,0.0120055481718179,0.9999230021853064,0.018834873438102,0.0466108722448968,9.840130200041886,-0.0252135077713367,-0.023590174745024,0.000782866966828,-1.1751542046075445,0.2303736020044827,1.144664635019007,1100.810546083166,1104.4097229013244,1123.9604950867033,1114.6029631248227,-66.20897621609865,336.22933556755476,392.74152833374575,69.6083580870389,154.8143819006579
2.24,1.415849897041467,1.1192708406573126,0.0684262421718751,-0.015175457612666,0.0184596924293636,0.014562628848417,-0.0029548116315363,0.0009958487790344,0.0120070440406802,0.9999229072911732,0.0179153779066593,0.0464887540888946,9.838546719676886,-0.0249963256062329,-0.023415810675076,0.0008172689523514,-1.175216331636109,0.2303122135710853,1.1446740460136295,1100.4660632737323,1105.650775097858,1124.7531459435063,1114.9703437541104,-212.2974243364342,677.4764770008604,225.0506162711238,230.81836056531336,154.8132738491692
2.2425,1.352351726571427,1.2578866039998648,-0.3507968279139799,-0.0101412988922724,0.0225742871421148,0.0139503997938589,-0.0029620510491447,0.0010400038309916,0.0120089278516463,0.9999228110044583,0.0169373715019905,0.0464031183115354,9.837386209796442,-0.0247785267632019,-0.0232381892079396,0.0008326242355913,-1.1752776796688684,0.230251549402929,1.1446828998758558,1099.7490589614836,1107.7971052863288,1125.085748168059,1115.7570549276495,-288.7680808713019,850.7177822769064,1.58490789358442,323.85280619865404,154.81190821360912
2.245,1.244041135417384,1.2591472835173396,-0.6350593981071149,-0.0068057353854468,0.0265365990723384,0.0120014531994828,-0.0029662599427767,0.0010903033526905,0.0120120165719711,0.9999227002140963,0.0159055647700539,0.0463141455672515,9.836685144245465,-0.0245596213011694,-0.0230577713301712,0.0008311445385931,-1.1753378292792875,0.2301919018211252,1.1446910114657725,1099.022222869376,1109.9043640092425,1124.7610704829744,1116.5896077851037,-281.445098521505,854.7187328623476,-257.14996917832286,338.62540610708305,154.81074524338268
2.2475,1.1072462053572725,1.1271172305140005,-0.8150429504247713,-0.0044263985890761,0.0306952764314277,0.0090186571632802,-0.0029697847619539,0.0011414981279382,0.0120178882933069,0.999922554720528,0.0149125826431566,0.0461692840265072,9.836470160673922,-0.0243391780944375,-0.022875085644697,0.0008161656653041,-1.1753967911901484,0.23013287606829,1.1446991525234465,1098.3418334688763,1112.0706989506405,1123.7999983221673,1117.4501819581849,-236.11531163533573,839.7294939695436,-475.06499548936614,326.31710683877606,154.8095610326697
2.25,0.967590504329545,0.8875445020209303,-0.8935870626938969,-0.0027410009659887,0.034661399937088,0.0057034831072927,-0.0029721479974933,0.001193316509098,0.0120265469083055,0.999922375139308,0.0139527198543297,0.0459743062755585,9.836757216985728,-0.0241166453172611,-0.0226907849999083,0.0007917888016593,-1.175455151639814,0.2300744550009913,1.1447071374012623,1097.8416463111992,1114.10301147909,1122.3857455055277,1118.2211933192975,-126.80143862926612,744.4846734812176,-637.880546618012,266.558842424962,154.80836166318736
2.2525,0.8400105168253906,0.5436481704046239,-0.8507168273801559,-0.0014638340884351,0.0378194280573698,0.0027032245233312,-0.002973693180451,0.0012478841272314,0.0120368015253576,0.9999221729509812,0.0129721928053924,0.0457212409997826,9.837549603274685,-0.0238913236982158,-0.0225056061536347,0.000762816442636,-1.1755139636425356,0.2300165192864555,1.14471411701941,1097.70782627573,1115.7931223180465,1120.610595589077,1118.7829761703097,50.53198457672005,631.5070781303937,-800.9748836787081,187.39538467771527,154.80714576728712
2.255,0.7040031908942742,0.0724201478387194,-0.6810521335763035,0.0001730044774465,0.0394659731129172,-5.5031818489145176e-05,-0.002973476201576,0.0013048843456217,0.0120466548709123,0.9999219779287956,0.0119652501928017,0.0454288923644517,9.83883606355716,-0.023662450421434,-0.0223203325765401,0.0007349790774632,-1.175573739681246,0.2299590293966749,1.14471836111676,1098.0943062340828,1117.260546869742,1118.3808710871342,1119.158170242686,236.6217846783052,431.552988196163,-785.4894793267872,90.20985482407204,154.80566862846132
2.2575,0.597466871464109,-0.3087279688251516,-0.4668630438164318,0.0017339237498828,0.0384788029937241,-0.0015906235207606,-0.0029688554125197,0.0013571861285118,0.0120542197886514,0.9999218308472292,0.0110608815112863,0.045149906939307,9.840589702904431,-0.0234294112957817,-0.022135742596467,0.0007148683157087,-1.1756339480973994,0.2299020712204621,1.1447191829184928,1098.8909351991215,1117.9508872590272,1116.6831481924435,1119.23402544443,402.3141004077571,162.4101076126753,-597.3225293661523,-7.604095851911039,154.8044230513228
2.26,0.4849800462378794,-0.6070106504456043,-0.2124741972575805,0.0034790645632561,0.0355950868023282,-0.0022897426192162,-0.0029598603809564,0.0014020783251467,0.0120598807549167,0.999921730803004,0.0103015166326098,0.044887233782563,9.842769708921725,-0.0231920310746846,-0.021952506184336,0.0007087613386687,-1.1756937081994188,0.2298454765002049,1.1447167208433995,1100.105876736122,1118.0725974078055,1115.3942584403032,1119.1201497634263,592.8571803188843,-69.14731386295432,-440.37729492694535,-78.63347756260205,154.80316275070908
2.2625,0.3328747384353541,-0.8135799473747766,0.0979865539090172,0.0054681325766243,0.0313102335153661,-0.0020798890804369,-0.0029487603847539,0.0014382144062738,0.0120638964258625,0.999921671736822,0.0097036306595143,0.0446022310700344,9.845321844769984,-0.0229505436496857,-0.0217712989234904,0.0007222949528742,-1.1757523933895804,0.2297892897459949,1.1447117215768234,1101.855221100716,1117.6051506897124,1114.4812617178084,1118.8408580566168,653.8048364724232,-261.1945316331968,-224.98358341627437,-117.90391432291725,154.8016338760412
2.265,0.1926099495405153,-0.8447441637296507,0.3339130931595992,0.0066509857516333,0.0277230464049553,-0.001197622971408,-0.0029398508670254,0.0014614127984688,0.0120651599056439,0.9999216613685004,0.0093409775668217,0.0442179194311745,9.848179586939544,-0.0227055123213939,-0.0215928667635151,0.0007602323177118,-1.1758099740052819,0.2297335889689421,1.1447054447258045,1103.374900918484,1116.7666247496395,1114.269340523222,1118.530630191812,577.5512122064024,-407.9827885623304,13.326791017562128,-136.2308551031703,154.80034641039757
2.2675,0.0496975294833019,-0.7411744157121678,0.5199383593379371,0.0072081424719088,0.024692554751894,0.0002127395736747,-0.0029338496554755,0.001476181988134,0.0120644818210476,0.9999216785837656,0.009119734463433,0.0437313728060313,9.851267766834372,-0.0224579194789395,-0.0214178686345221,0.0008258909006209,-1.1758664369501508,0.2296784608123212,1.144698873440125,1104.742977161748,1115.5652367469008,1114.5478956728964,1118.1597037811011,496.03694798903376,-520.8911229282987,170.00157878497157,-159.37077661897433,154.7990454509603
2.27,-0.081450987395634,-0.5522686469213101,0.6497969984433303,0.007392176785281,0.022562716353625,0.0020166473473405,-0.0029282006970684,0.0014895676315886,0.0120648484567872,0.9999216826930152,0.0088998339597816,0.0432060895314318,9.85450468444253,-0.0222090841667561,-0.0212468580581054,0.0009212659069063,-1.175921573177994,0.2296241992241755,1.1446923925660817,1105.855085658429,1114.162169134998,1115.1193484171467,1117.733776308717,363.8950901614485,-580.3566153240023,266.9484632027036,-186.68232406321687,154.7977336117622
2.2725,-0.1776827954918164,-0.3051845814843681,0.7001011074777486,0.0069930644862583,0.0217969908840282,0.0042063802570235,-0.002919130517036,0.0015064500343925,0.0120686947219331,0.9999216476536708,0.0085871227514262,0.0427305238827012,9.857804817089848,-0.0219604420451935,-0.0210803703315968,0.0010470947698126,-1.1759754381045062,0.229570894456975,1.1446860719650396,1106.5624526125553,1112.663453670281,1115.88263798891,1117.226292160785,208.82170988862063,-639.2098551260142,343.67252583829946,-244.6895575521064,154.79640903069287
2.275,-0.2250822389809882,-0.0009807697927448,0.662921735759106,0.0056257316545995,0.0223972391477286,0.0068297720866608,-0.0029068593676498,0.0015258971439107,0.0120757610119271,0.9999215755212908,0.0082040330106366,0.0423143923407359,9.86108187001833,-0.0217133387603627,-0.0209189589592542,0.0012027729978181,-1.1760277971665312,0.2295184337360169,1.144680582371584,1106.899194207872,1110.966119859368,1116.837711046338,1116.5103285209564,41.05390359091049,-575.4015441485203,339.5062969109476,-279.3030121500638,154.79480530103513
2.2775,-0.1928204731433124,0.2235616667612132,0.5544458591278177,0.0039458064044912,0.0238891232098899,0.0085423472085872,-0.0028903416434518,0.0015464211752392,0.0120851057235185,0.9999214815470052,0.0077873678538885,0.0419927174379746,9.864252716671091,-0.0214690048196394,-0.0207630228377459,0.0013863831253682,-1.176078887084656,0.229466845600608,1.1446766595735556,1106.7677221305098,1109.7864459495383,1117.5801694734644,1115.8297771000348,-126.31102971330677,-393.53076882154784,279.5199155105631,-283.45341639776865,154.793457375198
2.28,-0.0835734548973468,0.3940474101926865,0.3766427202868022,0.0024311928686083,0.0258017427589587,0.0097418215589348,-0.0028711523760719,0.0015672033395849,0.0120958319361521,0.9999213730375957,0.0073629672019766,0.0417487661267452,9.867240799713294,-0.0212284720120264,-0.0206127169973392,0.0015946050282063,-1.1761289651284323,0.22941616609715,1.1446749129058806,1106.2676390593056,1108.99846601526,1118.235310623891,1115.0930614389677,-247.22994840324796,-235.16120239067507,251.575947806515,-295.3274092455359,154.7920979978215
2.2825,0.0763726406469275,0.5172447387155737,0.1517816033424731,0.0015660771394612,0.0276049692396739,0.0108568830549985,-0.0028536822565763,0.0015877080989653,0.0121057659621347,0.9999212647760424,0.0069526688940467,0.041509605423989,9.869978902070732,-0.020992430837929,-0.0204679445381998,0.0018229569376675,-1.1761780812010143,0.2293662796015946,1.1446764891828685,1105.5315723884935,1108.610639937585,1118.8380492124973,1114.353140053807,-329.8673175497768,-48.92576804763953,237.33431922083176,-281.81356591604214,154.79072949403724
2.285,0.2660737968242884,0.594856189442619,-0.1128357979409773,0.00180048155238,0.0290948463917879,0.0116843264091265,-0.0028404866020522,0.0016129000397962,0.0121136988306532,0.9999211560104744,0.0064719343631107,0.0412381504216019,9.872411997282542,-0.0207612846177747,-0.0203281859935967,0.002066115200726,-1.176226542525693,0.2293167541595431,1.1446810751169496,1104.6183024715567,1108.753837175022,1119.4219822199952,1113.6839936093875,-413.1426949989961,190.24990096691403,259.38688751953674,-255.7223480707817,154.78935046210773
2.2875,0.4783423552885265,0.6577915811475175,-0.4417128721235436,0.0034762477485689,0.0304371341974484,0.0112269579042199,-0.0028322484423774,0.0016487013652652,0.0121213698140142,0.9999210145216368,0.0058188449843079,0.0409320117316123,9.874498380599988,-0.0205351855575323,-0.0201923974475783,0.0023184875641335,-1.1762743925203822,0.229266852909867,1.144687609236157,1103.4658589134983,1109.5618894424194,1120.134983650095,1113.0745283134531,-412.5579921122696,401.5040346418204,260.2891616705675,-175.94499539627952,154.78768411385215
