t,ang_acc_x,ang_acc_y,ang_acc_z,a_vel_x,a_vel_y,a_vel_z,quat_x,quat_y,quat_z,quat_w,acc_x,acc_y,acc_z,l_vel_x,l_vel_y,l_vel_z,pos_x,pos_y,pos_z,mot_1,mot_2,mot_3,mot_4,dmot_1,dmot_2,dmot_3,dmot_4,vbat
0.0025,0.4594508201918179,-2.504511003021426,-0.1082204023372167,-0.1010307139818712,0.171382459533797,0.0286198230869475,-0.0051662105052456,0.0047235616306107,0.0695702342084889,0.9975522479045604,0.0636063751264589,-0.146736676978917,10.824363942228837,-0.1007368586085378,-0.058895408570194,0.9212264091018144,10.980621231527566,-0.0105284703793454,0.3545626167485196,1161.945064732439,1163.640166032978,1146.3495637510064,1163.286556704708,624.5979934070419,-346.05209008086604,-420.19360124913874,-145.84424296353973,155.78453778730892
0.005,0.3229956094271417,-2.4463068971296,0.0104262840467366,-0.0997398257963046,0.1675861167014415,0.0276326319253256,-0.0052904873802489,0.0048530257698872,0.0695702123166356,0.9975508704365637,0.0614220155860872,-0.1450650429608673,10.829277789091059,-0.1004301544627399,-0.0591091488264478,0.9236848744533122,10.980417503820346,-0.0106805634010439,0.3568767474126385,1163.5065597159567,1162.775035807776,1145.2990797478835,1162.9219460972993,593.5283015889582,-268.23406850376165,-400.49560421589376,-63.73675722052213,155.78093590019455
0.0074999999999999,0.1370752887662129,-2.435301777005422,0.151869468917008,-0.0980761971493816,0.1632131488264527,0.0276677111207851,-0.0054167850243681,0.0049868155411617,0.0695813665852404,0.9975486847463776,0.0591202421394864,-0.1434160234023776,10.834177126877892,-0.1001312336648776,-0.0593231865914963,0.9261468663661993,10.980212911602086,-0.0108341851345918,0.3591946270105575,1164.9127062403838,1162.2989956904592,1144.3470857299271,1162.9678729186055,507.91717296469864,-125.67401765772956,-327.314002792491,100.71025754264156,155.77725516875688
0.01,-0.0848806168737149,-2.431537439603334,0.2811599588959287,-0.096975234118011,0.1576340216831274,0.0288922041458165,-0.005542696005476,0.0051288719840385,0.0696067112356442,0.9975454738079838,0.0566030283083343,-0.1417155498136459,10.839045093772267,-0.0998451008334039,-0.0595306044789092,0.9286150459934638,10.980007244676584,-0.0109900803534989,0.3615187340188939,1166.04614558078,1162.1466657194871,1143.6625097339213,1163.4254973850125,358.04346285976857,17.841186153555096,-173.59597123581804,286.5674245772879,155.7735151778206
0.0125,-0.3281902000628813,-2.38489815994411,0.3626759131643231,-0.0972905656837638,0.1505213258180948,0.0312758141136665,-0.0056723117199931,0.0052708518056014,0.0696403940364486,0.9975416527650676,0.0540240494166414,-0.140041971668104,10.843851662484466,-0.0995537381376127,-0.0597397962282743,0.9310938656545912,10.979800892946752,-0.0111474789018315,0.3638494787914909,1166.7029235546827,1162.3882016212272,1143.479105873748,1164.400710041492,158.40984714295703,199.66161502497928,56.92911661253675,535.8927612738627,155.76971158377614
0.0149999999999999,-0.6052886782269009,-2.2257249502138166,0.3866218843904798,-0.099244021649234,0.141259203933619,0.0341613366669966,-0.0058106190053006,0.0054043676295628,0.0696746814904812,0.9975377639402172,0.0515326514667101,-0.138490441282254,10.848557906240508,-0.0992390503884174,-0.0599615193506706,0.933587927954543,10.979594663419435,-0.0113056440326935,0.3661864061902433,1166.8381948164947,1163.1449737946123,1143.947155316984,1166.1049611913816,-56.07934615577504,356.31630347384083,279.29451658014835,690.9832059388008,155.76508448028943
0.0175,-0.7971726621178039,-1.9933462126078607,0.3537167171972536,-0.1017228931404675,0.1340380171331699,0.035669678431792,-0.0059641951806421,0.0055233237414601,0.0697064887883784,0.997534007960957,0.0492227781052658,-0.1371877956903744,10.853116601148047,-0.09888834520478,-0.0602088589934926,0.9361014210568792,10.97938855508166,-0.0114636603510398,0.3685268719475793,1166.4225268239038,1164.1697831385964,1144.8755784566488,1167.855626071186,-250.5423637906005,487.79865416108794,448.4624249202169,729.3985909085221,155.7611843638614
0.02,-0.9281431987243908,-1.6779529729928175,0.2943778007424658,-0.1044880849782538,0.1285367106084471,0.0360253013852375,-0.0061331522610334,0.0056277350946255,0.0697345860454838,0.9975304621893872,0.0470641397243924,-0.1361119416119915,10.857475370928528,-0.0985004204496599,-0.060482274419918,0.938638245157587,10.979183090093072,-0.0116211239956349,0.3708703389839855,1165.585482997542,1165.5839670654177,1146.189467441585,1169.7519541459244,-373.8876696155332,619.8545587273205,550.3563017617128,750.4580373414686,155.75724798260634
0.0224999999999999,-1.0030122357932603,-1.3306993610094493,0.2364144312007864,-0.1070814016030103,0.1249828727448695,0.0356681937929626,-0.0063154634699474,0.0057222450261769,0.06975842090272,0.997527147639454,0.0449294091902236,-0.1351877338878932,10.86157674946628,-0.098083524217155,-0.0607779443633916,0.9412012893792576,10.978978657043053,-0.0117772240992504,0.3732168741119782,1164.553088475826,1167.2690559322327,1147.6273599654571,1171.6079162578933,-417.7910873023392,713.9564152606907,555.3209765728296,700.1208548959764,155.75328849726216
0.025,-1.0108740324765715,-0.9976891426054068,0.197516684067335,-0.1095373504774936,0.1235209215508016,0.0351948870506434,-0.0065021370457351,0.0058134249986062,0.0697749607874292,0.997524292346516,0.0426619679446198,-0.1341858841272743,10.865360348749059,-0.0976494871299152,-0.0610794246064198,0.9437931001753668,10.978776104442744,-0.0119305777583832,0.3755672437449713,1163.4965275610302,1169.1537491417212,1148.9660723244492,1173.2525584204043,-421.49007488592355,825.5479222942083,517.2510853304174,650.3756828766652,155.74930933532312
0.0275,-0.9465192555858932,-0.6672100889964041,0.1756203787062956,-0.1127344710810288,0.1231645565512124,0.0353765587953456,-0.0066861145291373,0.0059069875729414,0.0697832929661233,0.9975219712592762,0.0401243078442432,-0.1329224847733874,10.868763133809525,-0.097210149898951,-0.0613735289121917,0.9464147651366142,10.978576228770583,-0.0120810983546535,0.3779229100324277,1162.4456381013963,1171.396795543704,1150.2136153921094,1174.8597946722766,-323.51184013296023,774.0172875820466,382.7384894459557,526.1130350790611,155.7445218851983
0.0299999999999999,-0.8365639613535503,-0.4664398294955595,0.1708739245339922,-0.1153289986966025,0.123283696324675,0.0362511856223342,-0.0068646781335841,0.0060018701487164,0.0697827406003273,0.9975202559346846,0.0373245626195875,-0.1313206353649731,10.87172064601401,-0.0967661014290502,-0.0616557387636889,0.949066358812556,10.97837932296021,-0.0122288608369444,0.3802845625080688,1161.8789683603654,1173.0238355796312,1150.8797647716788,1175.8831235957996,-148.1707395411831,544.18423206057,201.49454816901195,358.8998512403577,155.74052927709667
0.0325,-0.6805917791727208,-0.3363240442147029,0.1730150800444384,-0.1171782618558385,0.122969139502141,0.0372681191423196,-0.0070373203490544,0.0060948726244517,0.0697746064486784,0.9975190801013882,0.034320584130862,-0.1293592080472146,10.874171893123316,-0.0963150065216829,-0.061924996340824,0.9517461755936536,10.978185192745064,-0.0123738016478265,0.3826523498526557,1161.7047844036906,1174.1177167040069,1151.2210881329545,1176.6542939284784,10.00172642702636,302.79893824977046,122.99513427383305,312.49769076975974,155.7365419917448
0.035,-0.4595335345640342,-0.2314918474099877,0.1863566939505464,-0.1183167380505035,0.1214246092590348,0.0376961642441845,-0.0072077675098465,0.0061817255520228,0.0697591454232753,0.9975184285847412,0.0311948120703826,-0.1271153679087215,10.876062553494563,-0.0958532742775245,-0.0621877060835988,0.9544501505121527,10.977994412477242,-0.0125171790000768,0.3850273124746591,1161.9289769925003,1174.5378302708802,1151.494740443048,1177.4456120496484,140.31369854828887,-20.01312115876318,124.18215175675874,290.5051188989093,155.73177300987615
0.0374999999999999,-0.258336205781377,-0.1648503428753627,0.2122512174290262,-0.1185398234152332,0.1197032454126065,0.0374708731787016,-0.0073766486476046,0.0062656495717721,0.0697398660868225,0.997518032130248,0.027879881823182,-0.1245953864880559,10.877351013913575,-0.0953916249523307,-0.0624417086011774,0.9571713351201356,10.97780824292703,-0.0126614467399881,0.3874129273602728,1162.406352896432,1174.017651098213,1151.8419988917383,1178.1068195229727,226.21580769969125,-393.0220383806956,215.26197053476616,281.56851731178006,155.72781877964596
0.04,-0.0436084395520642,-0.109477641622534,0.2537823590642167,-0.1184696247645569,0.118632365069926,0.0372891978548183,-0.0075428559567875,0.0063489819944299,0.0697203375677667,0.9975176361153976,0.0243382805169592,-0.1217766897225811,10.878008333780718,-0.0949387121681618,-0.0626805888778819,0.9599016247891508,10.97762775641804,-0.0128085189584298,0.3898125512413788,1163.060056030999,1172.5727200789768,1152.571050295722,1178.8534546362073,269.4528285606791,-711.2662709995668,379.1738106558111,315.5874484136345,155.7238928615646
0.0425,0.1863623080444355,-0.068927092185944,0.2993885501450352,-0.1185680074963121,0.1183684450587802,0.0375863341380765,-0.00770015778649,0.0064348829546265,0.0697018890403307,0.9975171743638191,0.02052987873577,-0.1185317224838402,10.878020476001295,-0.0945032007458135,-0.062887712267588,0.962632741447235,10.977452585803483,-0.0129588346243188,0.392227082899446,1163.7536170392355,1170.4613197432152,1153.7378679450171,1179.6847567650411,262.137982537388,-951.3365533444816,574.8311349432246,348.60318751702846,155.71999573033906
0.0449999999999999,0.4408202797652949,-0.0591927984546736,0.3308868471863414,-0.1185764823085269,0.1186261822143951,0.0388553374718937,-0.007846643127688,0.0065242136438226,0.0696885153808876,0.9975163752060864,0.0164642041028329,-0.1148396914085391,10.8773864954998,-0.0940891092090955,-0.0630544362330862,0.9653565916394888,10.977280221700955,-0.0131111146030158,0.3946535759429273,1164.370745943686,1167.8160373122544,1155.445205970438,1180.5964705737924,226.64286171830113,-1185.8128906937516,844.1606949962083,411.38253590779664,155.71613929100766
0.0475,0.7717328459807956,-0.0957743212997966,0.3304406953443065,-0.1170960946174076,0.1189784920778038,0.0412592684010826,-0.0079816427465889,0.0066188361796468,0.0696832949124188,0.9975150167666031,0.0121321854833441,-0.1107132975639497,10.876119131204652,-0.0937010337433565,-0.0631749949795028,0.9680660539937652,10.977108426146584,-0.0132637011525688,0.3970890059588738,1164.8868313478267,1164.5322552897464,1157.9586714199984,1181.74166944458,137.8118689708116,-1135.0405274152752,955.4423069271245,421.73832926291607,155.71156572913594
0.05,1.0597670506222223,-0.1694711960549485,0.2946445215558317,-0.1146650974054758,0.1190544453664905,0.0430592735329448,-0.0081079221984396,0.0067215221073853,0.0696924277988165,0.9975126281724804,0.0075033469565053,-0.1062470687394593,10.874242931968203,-0.0933447535541533,-0.06325037700895,0.970755259205982,10.976935873269678,-0.0134156626221018,0.3995313051115705,1165.05980528854,1162.140834675178,1160.2224175050735,1182.705162220107,8.474119784341386,-784.4522626260189,876.2075253446714,376.97001020578693,155.70780432538479
0.0524999999999999,1.3502289811423087,-0.28433568224014,0.23710041759779,-0.1119311607547516,0.1187518686156587,0.0436469239767239,-0.0082313670003488,0.0068348892875604,0.0697230072242565,0.9975086540667152,0.0025479875308405,-0.1016100996341826,10.871791991798219,-0.0930251484133161,-0.0632884015138313,0.9734199857962816,10.976761162159343,-0.0135660433472003,0.4019775723632089,1164.9292019467487,1160.6099939766164,1162.3397090467215,1183.626519495609,-122.03320259573051,-390.6084386485419,824.6839315292624,380.2723161412816,155.70409989369807
0.055,1.6902499105812696,-0.4587018463825625,0.1707301984057597,-0.1082047185434333,0.1179439851012882,0.0428869429947738,-0.0083516480266643,0.0069641588848885,0.069777349152803,0.997502904826919,-0.0028099230562005,-0.096836082488279,10.868808945859776,-0.0927501017505301,-0.0632860963543386,0.9760582796026648,10.97658376575742,-0.0137153631076142,0.4044277460339552,1164.4496392755611,1160.1877924819353,1164.34583716272,1184.6065238008134,-215.41163836104693,105.09412994874756,605.7920762016687,326.6559706802124,155.699725840398
0.0575,1.9528990791401344,-0.6231195214130718,0.1294896936514829,-0.1043225377900481,0.1168613828653494,0.0417387526262796,-0.0084659379393001,0.007108339456243,0.0698490559913098,0.9974958612134152,-0.0085085625650824,-0.0919146943194579,10.865340209685982,-0.0925139541693119,-0.0632385016400025,0.9786710952064404,10.976404271629503,-0.0138640957668137,0.4068825552012583,1163.8521437549434,1161.13546462636,1165.36866942773,1185.25979934901,-252.4047044374585,625.7917099995216,253.08193674518415,215.67430349227843,155.69614373576408
0.0599999999999999,2.169319411756843,-0.7905751270003459,0.0944577177902436,-0.0994761189369429,0.1149963203194201,0.0413756969577751,-0.0085690334021828,0.0072628315653443,0.0699295749528248,0.997488201404892,-0.0144055701579608,-0.0867909315863647,10.861433961273908,-0.0923037472146089,-0.0631372663396103,0.9812614396175212,10.976224164260104,-0.0140124424136357,0.4093430288462339,1163.187615753374,1163.3167510319329,1165.611246846446,1185.6848953182748,-251.46015935647492,1025.310694809787,-22.94119808125289,127.85818252118592,155.69263077671815
0.0625,2.324932263967761,-0.947542368084882,0.043973308151535,-0.0936218520264824,0.1123468451380029,0.0420900690375833,-0.0086631096650281,0.0074142194056592,0.0700089871761378,0.9974806962112692,-0.0201803233144898,-0.0815829481403957,10.857136612929354,-0.0920907330880186,-0.0629903408185687,0.9838336712950424,10.976045607078188,-0.0141602127303214,0.4118087584592857,1162.594842958161,1166.262018100409,1165.2539634373238,1185.899090261616,-190.17916274742657,1273.2087708016923,-247.21949431395817,38.902742232630736,155.6891777064682
0.065,2.382954787383173,-1.0818687170387615,-0.0507783328412254,-0.0867759249193758,0.109183324135392,0.0433865553398607,-0.0087555391657235,0.0075529298686361,0.0700832968926165,0.997473629486142,-0.0256042835548372,-0.0765155511962855,10.852493386318702,-0.0918557542034024,-0.0628149381434678,0.986391397012454,10.975869508924673,-0.014306801793053,0.4142793451272796,1162.2367199396367,1169.6827948859411,1164.375149374876,1185.879409029438,-76.35889405978553,1491.4065615292188,-432.32843769601413,-42.285367857994025,155.68579956792252
0.0675,2.3258388753670367,-1.2169932506870271,-0.2294030500698198,-0.0784648451396059,0.1056425800864627,0.0443681820196601,-0.0088562846117031,0.0076745407855478,0.0701525376915556,0.9974669450480396,-0.030564610028629,-0.0718589076469104,10.84754734257896,-0.0915912862303744,-0.062632693608085,0.9889373881194324,10.975695486767057,-0.0144518922906853,0.4167537563216198,1162.213048487862,1173.7190509080551,1163.0923212488435,1185.687663422326,65.9922577793622,1387.5583253881348,-450.44720639029913,-72.59625731676344,155.68183547747492
0.07,2.180071538118212,-1.3144205899163814,-0.4248512710213561,-0.072266910191543,0.1029436130837071,0.0443768170019282,-0.0089668815935824,0.0077795808646056,0.0702154239663994,0.9974607149888804,-0.0350426946045619,-0.0676870514799079,10.84233911537638,-0.0912989104163288,-0.0624488217661382,0.9914748181898432,10.975523714669595,-0.014595017860202,0.4192317435751001,1162.5666812285335,1176.620586512882,1162.1229133429247,1185.516427742854,210.62088069820717,993.4139648356468,-309.906924088819,-32.16077156330363,155.67860870468868
0.0724999999999999,1.9586981699414368,-1.4027621502547627,-0.6433940466095923,-0.0672250419809454,0.1000570514231239,0.0435144294036534,-0.0090909016604621,0.0078713117082073,0.070274768819549,0.9974546862465296,-0.0390807743493239,-0.0641077582406888,10.83690561633658,-0.0909868898867604,-0.0622719912138598,0.9940057992761144,10.97535470087022,-0.0147358128692468,0.4217129489335874,1163.2661528913532,1178.6861207322331,1161.5427866283997,1185.5268595645096,319.7788144022531,658.5582649325273,-141.49192372133282,62.64848368505239,155.67546339139787
0.0749999999999999,1.7003264308403896,-1.4841553961396123,-0.8541738605901937,-0.0631182919583933,0.0967920229615806,0.0416522789077262,-0.0092278134848449,0.0079531734132772,0.0703339308849274,0.9974486087531048,-0.0427172712843558,-0.0611313452635233,10.831280716342592,-0.0906636874693223,-0.0621030037501592,0.9965322269517086,10.975188761562572,-0.0148740789621793,0.4241985171594933,1164.165575300545,1179.9133778375447,1161.415453724318,1185.8296701612794,377.3307226724679,284.7714346879909,65.21767361546148,215.13040163836172,155.67238679958757
0.0774999999999999,1.4268431371107744,-1.5536122335917086,-1.0205012897134886,-0.0599171212933534,0.0929483723441069,0.0386167387879979,-0.0093704954004676,0.0080270027336274,0.0703925351733848,0.997442572584946,-0.0459451439739964,-0.0586178261750144,10.82549628918552,-0.0903333149428531,-0.0619305607269522,0.9990560552824896,10.975026049793955,-0.0150110878539791,0.426690839953699,1165.1528065047155,1180.1099779056733,1161.8688749964767,1186.6025115727011,410.25354656508136,-120.04410001518396,313.75184577400404,454.3542906132184,155.66939410066843
0.08,1.1107971918759283,-1.619164812280864,-1.1326955723838987,-0.0566315400035,0.0878308097977884,0.0345367933656186,-0.009500142519537,0.0080922075094569,0.0704438519355881,0.9974372354745816,-0.0486872831334452,-0.0561674025717348,10.819583826869456,-0.0899923403390417,-0.0617213952098326,1.0015799928937847,10.974866124006619,-0.0151463475383075,0.4291911653070255,1166.2168430333704,1179.3131573374687,1162.984212953188,1188.1014416143455,340.19446201000363,-418.7870748297879,473.65230582631693,626.2739030207734,155.665900000815
0.0825,0.8732113281727785,-1.6607930689822636,-1.1383612078651717,-0.0541808504867349,0.0833790914014522,0.0313088485485623,-0.0096077142110287,0.0081501374786897,0.0704858787512101,0.9974328080811564,-0.0509227537279763,-0.0535796216217446,10.813575551563405,-0.0896425017584124,-0.0614605201043782,1.0041039474430675,10.974707679886446,-0.015278996612603,0.4316986996571616,1166.8537788147655,1178.0160425315244,1164.2371365256083,1189.7338810878052,177.0608425862518,-578.3529121209534,522.5373599134849,681.9131483414816,155.6630680500252
0.085,0.6788926834107812,-1.699530644179474,-1.046140894175473,-0.0523599782547628,0.0791575931004857,0.0283155604034204,-0.0096917514865058,0.0082075960506665,0.0705220486076275,0.997429002882842,-0.0527596914164874,-0.050800452623183,10.807506485779413,-0.0892974225570285,-0.0611464053443509,1.00662494000995,10.974550279019635,-0.0154096261847851,0.4342138776138874,1167.1021472463017,1176.421392776864,1165.5968997527555,1191.5110073560527,4.925997785812792,-680.6148647660387,571.2006157895297,729.1980775992664,155.66031598360803
0.0875,0.5151066011460957,-1.7625022256179623,-0.8241144101259585,-0.0510251401399837,0.074759494198412,0.0248204514874138,-0.0097515551392807,0.0082709311112207,0.0705562132519155,0.9974255041026568,-0.0542989882084549,-0.0477829427789583,10.80141590437241,-0.0889693083304655,-0.0607789814812862,1.009139243583636,10.974393436496952,-0.015538634899071,0.4367371503116432,1166.8784088036944,1174.612968207694,1167.093139604556,1193.3798714758016,-170.79595841078148,-587.7800030103128,496.50104327647654,573.4753649808692,155.65710047143324
0.0899999999999999,0.4483256954854448,-1.841100512041164,-0.5549642171637253,-0.0504406147083311,0.0714607510950126,0.0220686679490223,-0.0097869920920335,0.0083418692644402,0.070586788555438,0.9974224146911111,-0.0555465083761695,-0.0444887325592586,10.795348367473627,-0.088659930199359,-0.0603607346062489,1.0116433524097692,10.974237004939596,-0.0156655001800622,0.4392689976194402,1166.2481674542476,1173.4824927618124,1168.0794049691378,1194.3783841809573,-338.76216727753734,-326.16684683030206,320.86301916215297,218.1576556102304,155.65448814820815
0.0924999999999999,0.4606536613241649,-1.9489337122418324,-0.2233385431855091,-0.0500386512329379,0.0677315866742372,0.0201223159137332,-0.0097976949382434,0.0084204166961924,0.0706142388268981,0.9974197105355777,-0.0564744731633102,-0.0408692797611726,10.789354613670191,-0.0883671430998521,-0.0598934046719301,1.01413392419378,10.97408034340694,-0.0157902878061331,0.4418106451219002,1165.184597967307,1172.9821339735427,1168.6974547003667,1194.4706597538527,-487.75962016356925,-79.74303491214407,185.60147653820405,-136.03485614044064,155.65193808405297
0.095,0.535807182821106,-2.070822171859146,0.1281052495204082,-0.0494702380989977,0.0630056803928774,0.0195436041182845,-0.0097911555023762,0.0084984136183254,0.0706376866273365,0.9974174501674312,-0.0568968253004342,-0.0370504728008681,10.783491517351807,-0.0880727168038207,-0.0593957834331575,1.0166082322189118,10.973923077480299,-0.0159129342699671,0.4443611775105675,1163.80936935343,1173.0837775872517,1169.0074123518289,1193.698209900255,-604.9860608909961,180.97854076968343,66.1780231658667,-500.77693674293135,155.64943300477094
0.0975,0.6735537142585701,-2.190650164810192,0.4536250899334214,-0.0483178932781789,0.0571258464942233,0.0206600043546781,-0.0097782653125263,0.0085684937228968,0.0706565996420075,0.9974156293251776,-0.056655999934819,-0.0332248690590071,10.777822345708852,-0.0877601296335843,-0.0588931440290126,1.019063719489668,10.973764881438472,-0.0160328937810156,0.4469185901830814,1162.159667662852,1173.887026677391,1169.0283448161963,1191.966775070138,-749.4135902153622,482.626831150264,-20.045894306394967,-904.7547325871155,155.64697305279253
0.1,0.8857196453123202,-2.3154320838937954,0.7506155555860218,-0.0458812418281543,0.0496477238668722,0.023406210773068,-0.0097726752943579,0.0086239727400346,0.0706717044220187,0.997414124320818,-0.0556197641110494,-0.0296402987294063,10.772415990828163,-0.0874146327491308,-0.0584156931581739,1.0214983593181206,10.973605133539476,-0.0161493826351955,0.4494797275138557,1160.0623014023531,1175.496911743003,1168.907182880297,1189.1744362373195,-750.1589674592643,658.8692692407216,-37.2805120264729,-1055.3693106097844,155.64406138170727
0.1025,1.0821183107309151,-2.402896058876239,0.8821923928373834,-0.0429211739956869,0.0435907268682202,0.0267322894749884,-0.0097821446679472,0.0086628196830451,0.0706812820416195,0.9974130025687424,-0.0537542304951166,-0.02640942611704,10.767345753004268,-0.0870300821027876,-0.0579806559005016,1.0239110056145486,10.973444722983318,-0.0162629794445577,0.4520441600087783,1158.4088728255556,1177.1813730235947,1168.841942256064,1186.6899285170891,-590.1091555351297,688.6922738093302,11.90347389019737,-913.5325470344033,155.6416603754735
0.1049999999999999,1.2825408134408962,-2.483045690122302,0.8671020757140931,-0.0393937097982944,0.0380509285932747,0.0307664438936577,-0.0098123586691435,0.0086857042428915,0.0706854003787153,0.9974122039502356,-0.0510865766242272,-0.0235986296621306,10.762687717668566,-0.0866062779631344,-0.0575992722543892,1.0263008644444656,10.973285320640096,-0.0163753571272002,0.4546128187570322,1157.1117556246775,1178.9403731120497,1168.9667002497479,1184.6067735021475,-433.4339323949288,726.1576618277571,113.88939544790468,-722.3247450662725,155.6392766703129
0.1074999999999999,1.5227094477922736,-2.5831204557904286,0.6844518178956238,-0.0350574050994501,0.0318081530511946,0.035489428103994,-0.0098599465126494,0.008693330775691,0.0706845185883342,0.9974117288119256,-0.0476370900752185,-0.0210846217571099,10.75851875151164,-0.0861425162623141,-0.0572628974818764,1.0286684830164239,10.973128245729708,-0.0164878191757092,0.457187282842388,1156.2417031635807,1180.8121613327335,1169.4113892333035,1183.0783047917575,-176.33748627968072,605.9799181565717,207.298035382564,-365.1617903891289,155.63642661583006
0.11,1.725615693264818,-2.670218056601533,0.4273368734945617,-0.0315233162935162,0.0264955950167374,0.0383082399542322,-0.0099185399858813,0.0086893449860075,0.0706806898800388,0.9974114690675528,-0.0434901584465116,-0.018683179765265,10.754914959075451,-0.0856444887883399,-0.0569547740313987,1.0310143370895417,10.972974187295048,-0.0166014315720338,0.4597686847221492,1156.230068193279,1181.9702727028323,1170.0031904266607,1182.7809645502018,156.67260523086935,344.49336915677094,262.22937949978564,66.10710447230298,155.63405376667967
0.1125,1.9343662074486063,-2.746012520314575,0.1293403478624125,-0.0279147897942637,0.0204253852630845,0.0385670409003577,-0.0099726888364737,0.0086755367610945,0.0706736192076965,0.9974115830425084,-0.0386826129226402,-0.0160270568399786,10.75194926988737,-0.0851130048155911,-0.0566390510223787,1.0333404552564216,10.972823927580356,-0.0167166252913043,0.4623591894389841,1157.0250661897353,1182.534628178517,1170.7225361308024,1183.4088403141193,445.0744712146384,112.7599084931261,288.61319721527224,353.72775006189806,155.6316761329328
0.115,2.143312610438827,-2.7917625775533415,-0.1436335568782492,-0.0239665479062301,0.0135890610177433,0.0365632423579522,-0.0100148499767962,0.0086547326421097,0.070666763827793,0.99741186874044,-0.0332900029681446,-0.0129292924037073,10.74969016883411,-0.0845527019417463,-0.0562948103234921,1.035648121932563,10.972676857602549,-0.0168332855990114,0.4649581421624488,1158.4554405493523,1182.534072245298,1171.446256412737,1184.5496033005113,699.2371626612105,-137.12590396944495,268.028812986631,491.6793789641356,155.62928979417592
0.1175,2.333691976272356,-2.774409673552336,-0.333548914076832,-0.0192993157311727,0.0064567091651927,0.0335119734012077,-0.0100392618631936,0.0086267114010016,0.0706594392716327,0.9974124256789788,-0.0273314176766265,-0.0092565980853668,10.748199021801392,-0.0839617141523354,-0.055905835535237,1.037939713714432,10.97253204289397,-0.0169495922012747,0.4675627678200127,1160.5212520030411,1181.84899865867,1172.0626801957355,1185.86723720894,1005.6103509243732,-438.5412236107194,226.85826999477328,503.03046867388827,155.626887936195
0.1199999999999999,2.5005079645748407,-2.6528491654809616,-0.4421763310138832,-0.0123388529558117,-0.0017739449590548,0.0305496267270949,-0.0100430165608867,0.0085926293371562,0.0706520794322136,0.997413236043208,-0.0208647539770224,-0.0049473204703179,10.74752818553504,-0.0833412624020534,-0.0554617480210225,1.040218039268446,10.972388873635552,-0.017064182255655,0.4701707885021069,1163.483492303974,1180.3413661272443,1172.5805477627107,1187.0647556438807,1124.9123610256922,-637.9966699973023,147.0461293345582,304.32366567979494,155.6239824194206
0.1224999999999999,2.553590475141229,-2.4529116647886675,-0.4447446784517554,-0.0051861237325865,-0.0083790421181952,0.029032824677127,-0.0100246164285742,0.0085575448389082,0.0706471976772028,0.997414089579288,-0.0140383405121866,2.3178748979696406e-05,10.747719135784166,-0.082700705292792,-0.0549546561568969,1.0424859974905476,10.972247243103515,-0.0171773345343278,0.4727826609914625,1166.1458138081698,1178.6590153086836,1172.7979108424083,1187.3888555373387,1060.5987817405085,-714.9274334006343,44.84690218914689,-62.64247648000486,155.62153882479723
0.125,2.48557943429344,-2.139777034231983,-0.3863499504120876,0.0027968891528141,-0.0146086589722944,0.0283445003182116,-0.009986010011956,0.0085283932680489,0.0706495797012416,0.9974145663805644,-0.0070505133168735,0.0055962452881713,10.748800668917296,-0.0820536551209116,-0.0543837194478241,1.0447464011799437,10.972106740854864,-0.017289483208209,0.4753990063000935,1168.7864862126767,1176.7667289602412,1172.8047822736567,1186.7515432614807,1030.480138624579,-751.623073749169,-24.472175842220143,-425.3390387590112,155.61906975106055
0.1275,2.31207299112154,-1.7321717509761683,-0.3015475977742151,0.0105168809748864,-0.0201157749174071,0.0280522263401721,-0.0099295472367009,0.0085125674677782,0.0706635053931862,0.9974142768226352,-0.0001152846458706,0.0116948893302429,10.750786954506472,-0.0814143508539767,-0.0537495229717802,1.047002374811068,10.97196705140305,-0.0174009034366861,0.4780211456369272,1171.2982145012927,1174.9008999399375,1172.6755499631972,1185.2621603435439,963.5010088657501,-691.7298175557784,-69.81102953909607,-781.2291797808023,155.61657865915825
0.13,2.0347836209968166,-1.2218753232725748,-0.2075792023872935,0.0165847170174052,-0.0243438137239316,0.0279909913288566,-0.0098568995000346,0.0085140049671531,0.0706931535190718,0.9974128759742809,0.006623453042234,0.0182422434805979,10.753675434458167,-0.0807894250470671,-0.0530524395620217,1.0492580221306647,10.971827454899037,-0.0175118186970891,0.4806501016497114,1173.6039912570054,1173.3080798724625,1172.4557271259612,1182.8453973625767,969.364481157253,-589.1759311257823,-95.52189383725808,-1217.3979044709984,155.6140609061016
0.1325,1.6388312262627347,-0.5204122553016368,-0.1025743614377914,0.0211566880361725,-0.0274799338526593,0.0280657677546336,-0.0097701433359677,0.0085306529082336,0.0707361181685086,0.9974105308283848,0.0131430855202126,0.0251385264397663,10.75744523330464,-0.0801722780904004,-0.0522963130368292,1.051518741090942,10.971687384062532,-0.0176216921044662,0.4832849249894858,1176.1450369070787,1171.9550202843088,1172.1979404940107,1179.1751708211889,900.136670145229,-386.27502868785047,-79.15161310506838,-1413.3723166757122,155.61101001828732
0.135,1.2994169930431458,0.1078806567355422,-0.0278576382819497,0.0232634674470007,-0.0282409825047271,0.0281589931256537,-0.0096729994650791,0.0085570526473381,0.0707902264645343,0.9974074055832376,0.0194877771609266,0.0322378864638018,10.7620568806814,-0.0795494578050985,-0.0514897822626651,1.0537907442193557,10.971545856829975,-0.01772925262348,0.4859237450921417,1178.1046746077316,1171.3767047290232,1172.0599690604358,1175.778535779198,756.3039875395126,-124.1789814293496,-30.23794286814333,-1349.921431530537,155.60844489402703
0.1375,0.9839526471621582,0.7392500451284162,0.0319904867025942,0.0246369810089524,-0.0271004302106512,0.0282540476464074,-0.0095731231076195,0.0085846977296279,0.0708504383715101,0.997403855131863,0.02575756808805,0.0393026947826425,10.767452641959304,-0.0789017935694601,-0.0506514805217756,1.0560806332620503,10.97140320863046,-0.0178335183549619,0.4885652172265045,1179.9265568447763,1171.334125377162,1172.0467507796702,1172.425563663536,770.3529376155977,69.75704792066603,18.39155606271559,-1384.2755292860136,155.60585963917896
0.14,0.6425459548298357,1.4499493947644275,0.0884302644076198,0.0261467950836146,-0.0236093197768209,0.0283358416258891,-0.0094745012406216,0.0086082938104875,0.0709106953099025,0.9974003149509914,0.0319876830506174,0.0461774047072158,10.773557087691811,-0.0782169773276618,-0.0497926461543273,1.0583949936539063,10.97126087791285,-0.0179344218598864,0.4912094912142584,1181.9564392958096,1171.7254899686263,1172.1519268407494,1168.857158132768,716.6573761020111,183.93562463802465,45.58349487087976,-1191.6610373590163,155.6027389956572
0.1425,0.3814389880888784,1.9686000538799495,0.1240009530293441,0.0272693222087235,-0.0187761551270632,0.0283805474547939,-0.0093804690449345,0.0086238892228828,0.0709668908756878,0.9973970791493008,0.038186863295031,0.0527215279217396,10.780278385143603,-0.0774866253330036,-0.0489230376113612,1.0607399036653746,10.971120327699811,-0.0180324880680495,0.4938574547689348,1183.5098437252866,1172.2538035003522,1172.2746682540246,1166.467258476741,592.5472936695796,219.4809914791232,33.17861568143614,-814.2085633863226,155.60012713699757
0.1449999999999999,0.128573627693642,2.3789000743234703,0.1468373257057565,0.0277553660131826,-0.0120344255616911,0.0285823365317457,-0.009294572397107,0.0086298980953978,0.0710157427028151,0.9973943635842404,0.0443156231473287,0.0587946183813275,10.787510575520603,-0.0767085771267155,-0.0480525552983771,1.0631203094569768,10.970982118276313,-0.018127649560716,0.4965091770220417,1184.9191757641574,1172.822894926022,1172.3178199191564,1164.7861153158365,543.2095150938519,221.06595130949347,-14.77454092487285,-559.6965102769472,155.59750861807075
0.1474999999999999,-0.1309961525264402,2.689475815284273,0.1562780406604114,0.0276454124842927,-0.0044247821381824,0.0290477231371202,-0.0092193582879873,0.0086283804756469,0.0710566234602404,0.9973921748722572,0.0502631036494048,0.0642848197881162,10.79513619031518,-0.0758895553001551,-0.0471881077550642,1.0655396683750469,10.970846986368883,-0.0182205270578636,0.499165660648501,1186.2258913007558,1173.3591332568997,1172.2007955494003,1163.6687759253564,506.44868576723593,207.74705873877772,-103.95757702040092,-334.6424450554875,155.59488864721493
0.1499999999999999,-0.4166212215979673,2.890990471068866,0.1459863342796733,0.0273803092940297,0.0030612143846301,0.0297484389138679,-0.009154179579926,0.0086225889975947,0.0710898009375122,0.9973904754563228,0.0559042830667741,0.0691544717478498,10.80302821159225,-0.0750393722011203,-0.0463294827531884,1.0680003357584082,10.97071609580416,-0.018312142596087,0.5018299255530322,1187.4514191929936,1173.861630219716,1171.7980320340544,1163.112903090559,532.8609290377694,231.0292304797256,-253.83662518152028,-156.7628470163525,155.5922722237966
0.1524999999999999,-0.809169929550642,3.0432349471462707,0.1107582696412095,0.0268642408583423,0.0113963987968455,0.030382027570446,-0.0091046965893613,0.0086121707084752,0.0711205636046329,0.997388839568804,0.0611919518595701,0.0732273067648647,10.811054309252771,-0.0741621812150582,-0.0454898731954197,1.0705032938341783,10.970588938672035,-0.0184026505508587,0.504501192741409,1188.8901959459447,1174.5142794092983,1170.9316124234927,1162.8849616902746,527.2119275655764,264.738469089252,-375.6968320923985,-41.86172374734266,155.58914396831474
0.1549999999999999,-1.1815612766692996,3.126149561667804,0.0662520687552011,0.0255441768786392,0.0179979654799425,0.0305701944297419,-0.0090761442409708,0.0085980132583615,0.0711537803111387,0.9973868647880504,0.0660618079061251,0.0763441779507014,10.81908008078108,-0.0732650571650546,-0.0446817890816404,1.0730483107767543,10.97046413617048,-0.0184911593278582,0.5071772211253645,1190.0874788308215,1175.1853225651623,1169.9195478735924,1162.9035944718223,473.5714588624883,309.19812853194315,-441.3580532351257,19.36396682476696,155.58655236971427
0.1575,-1.5878822379990631,3.1915092730286307,0.0122501591927775,0.0226466651922612,0.0243007376665077,0.0305169598088409,-0.0090704700959562,0.0085820665931519,0.0711911591190943,0.9973843959729568,0.0704401352763566,0.0784271025742526,10.82697186822301,-0.0723568598686466,-0.0439113960958896,1.0756342087693989,10.97034142046642,-0.0185773000524217,0.5098575592943281,1191.2580532402571,1176.060270051958,1168.724822157317,1162.9817815243985,486.9434775181157,429.0307812539591,-526.0868630708042,23.763355572145866,155.58398390436997
0.16,-2.0837673858977874,3.259949026885712,-0.0581259425480623,0.0172366854456492,0.0321760621477301,0.030264613146298,-0.0090838081806238,0.0085654540020911,0.0712289076597675,0.9973817278516972,0.07428764384236,0.0795335054835115,10.834599071241737,-0.0714436027533568,-0.0431735660688177,1.0782591106988029,10.970221513069331,-0.018660134989491,0.5125429393962585,1192.522196218412,1177.330476471432,1167.2891135582383,1163.022411249683,416.0476639333861,483.5906680080366,-494.6469788428199,-4.185908707540872,155.58093725015615
0.1625,-2.478872900502419,3.2984467214977724,-0.1196367316563221,0.0114345087080464,0.0396265785525846,0.02991066870884,-0.0091125490832489,0.0085558218225504,0.0712653818235226,0.9973789407021384,0.0774341472102761,0.0797338075360684,10.841841118157836,-0.0705456552746163,-0.0424626271094525,1.0809185774688244,10.970105556598188,-0.0187393910144072,0.5152341817108447,1193.338291559924,1178.478223391998,1166.2515872631027,1162.9608519808608,245.9393879593788,440.4872417520433,-351.6430771278007,-49.913785486205555,155.5784344118393
0.165,-2.8294748272739016,3.291997253442348,-0.1846422053807069,0.0049280257115302,0.0479922086877018,0.0293896403427997,-0.0091518411787227,0.0085615240284274,0.0712997289916677,0.9973760642868305,0.0797050554621426,0.0791360771268827,10.84858866372324,-0.0696847699957668,-0.0417700609338471,1.0836064341536356,10.969994180892408,-0.0188147415551,0.5179328202993424,1193.7518931582088,1179.5329126801923,1165.5308981725996,1162.772842322252,79.16143711399846,376.95499637402423,-223.7914892702063,-95.41085444138835,155.57597673674078
0.1675,-3.1272449699624345,3.228760690009992,-0.2548727213770973,-0.0020608319897765,0.0565235538587798,0.028725978857869,-0.0091958263488708,0.0085889746775214,0.0713319651193656,0.9973730938364096,0.0809772245996533,0.0778771554133438,10.854745319313947,-0.0688780336738645,-0.0410852266523265,1.0863151341220532,10.969887523831668,-0.0188864872607017,0.520641739718206,1193.734098745494,1180.3629983738683,1165.132629816752,1162.4837977086538,-123.76356394474884,255.30759408893553,-82.33237536019253,-130.21662974474555,155.57356235582475
0.17,-3.3421063617369726,3.0822567696640366,-0.3365177627841082,-0.0100338123405645,0.0646962104116657,0.027965711246958,-0.0092387270331458,0.0086423638280805,0.071364192299784,0.9973698946724848,0.0811825203599396,0.0760981094506227,10.860229442773134,-0.0681370195908367,-0.0403974736466465,1.0890360357642144,10.969785001330887,-0.0189558870451389,0.5233635813390253,1193.1330753384852,1180.809450650637,1165.1192362957986,1162.1217591735283,-397.3030454520991,110.44654340648766,66.18316245139789,-148.44878321182463,155.5712073214512
0.1725,-3.480405196791067,2.8042456439171426,-0.4559791834068617,-0.020837193169743,0.0739868047721086,0.027188177868968,-0.0092785161904088,0.0087287096799618,0.0714017527171677,0.9973660401927464,0.0801913209747494,0.0738716996634716,10.864977140291884,-0.0674789993569234,-0.0397032149011325,1.0917591527062251,10.969685469304999,-0.0190242327776853,0.5260994854942783,1191.7475835182336,1180.9152310909008,1165.4635456290089,1161.7415537925947,-604.589115806811,-5.542098598380102,167.56124137395983,-100.86983358751232,155.56845921759268
0.175,-3.4860207985412126,2.492354696510311,-0.5776827836414685,-0.0302215526217349,0.0811354394403375,0.0267070753156771,-0.009316578216586,0.0088493036124888,0.0714471129233661,0.99736132555621,0.0779938018342551,0.0711991656391932,10.868939054154012,-0.0669076997282519,-0.0390074767494009,1.0944753285858675,10.969587154157654,-0.0190914383563673,0.5288491577006184,1190.1101297594512,1180.7817401576451,1165.9570425026684,1161.6174100055907,-727.3586386530985,-46.35282289195879,217.80403004086213,27.24560489455156,155.56624096691496
0.1774999999999999,-3.3815909514621354,2.1152704202352446,-0.7185904432779434,-0.0391272216491101,0.0871329578639857,0.0259976498208239,-0.0093518115069369,0.0090030100812621,0.0715005865499101,0.9973557438738604,0.0746361477906084,0.068142223273151,10.87207828836096,-0.066419545157605,-0.0383106516231377,1.0971773995167775,10.969488386175229,-0.0191569616929618,0.531611542830555,1188.110790324968,1180.6834669764407,1166.5525657792132,1161.8777818170674,-834.353414978845,7.862802693580343,242.7779980198932,188.69388199805232,155.56410558906668
0.1799999999999999,-3.199772988018682,1.7059120799419596,-0.8624544305661213,-0.0471627538162709,0.0919160318799431,0.0246295781862046,-0.0093906535043656,0.009182262267124,0.0715585687097282,0.9973495521694156,0.0702895108836184,0.0645996350363696,10.87436916160397,-0.0659965478423514,-0.0376313639159187,1.0998607893041614,10.96938839259376,-0.0192192993486278,0.5343830873437871,1185.9383626845568,1180.821054171113,1167.1709324927679,1162.5608794155808,-878.817731115577,144.3868071490213,246.57659078688968,385.1725769917717,155.56204511187255
0.1824999999999999,-2.94737888980236,1.2890902202013717,-0.9837958250353096,-0.0538930460790139,0.0952094887781544,0.0222677896457211,-0.0094408136733966,0.0093773567830226,0.0716180037268127,0.9973429780536036,0.0651672761088565,0.0604463530399136,10.875793864902688,-0.0656153170652001,-0.0369916174716178,1.102524125663387,10.969286151462809,-0.0192771131369236,0.5371585909784382,1183.7167016693902,1181.405401012186,1167.7854487331476,1163.8036447020263,-950.622889715486,363.3907645864834,271.76729209882046,667.1418503856324,155.56008220323474
0.1849999999999999,-2.5864117856316198,0.8193347354845,-1.0667635725758027,-0.0610121801486363,0.0974630856910527,0.0185793774657227,-0.0095099161731041,0.0095759070320753,0.0716750195963084,0.9973363372217776,0.0595378160396675,0.0555616075278937,10.876338766651068,-0.0652460326227114,-0.0364137738176204,1.1051694030377643,10.969181799408211,-0.0193307482093563,0.5399347524049835,1181.1852482359795,1182.6380079940454,1168.529768953262,1165.8965886675091,-882.0649222277544,512.7327613084158,280.0056625745581,845.8435888071554,155.55784853450635
0.1875,-2.244708973421155,0.4753004813231858,-1.0622790615195896,-0.0667421871196722,0.0981894436463492,0.0150963831236427,-0.0095980760976268,0.0097668122468539,0.0717250802658868,0.9973300526409292,0.0536500634640074,0.0499945605701562,10.875991005409444,-0.064860535452317,-0.0359030839042201,1.1078014532774476,10.969076611345168,-0.0193812432478487,0.542710882802796,1179.3063770582514,1183.969064818728,1169.1854770460204,1168.032862646062,-682.6532163136557,536.0724639981522,276.27690309764125,895.248994528628,155.55609500673788
0.19,-1.8624806848321656,0.194029011822652,-0.9689032497358712,-0.0723015741571073,0.0983471428680714,0.0116368818813717,-0.0097050474771483,0.0099436821701069,0.0717688618656988,0.997324132686525,0.0476508699786165,0.0438099502896184,10.874738509669342,-0.0644418417599932,-0.0354618327541195,1.1104259570148756,10.968970895005471,-0.0194293284625941,0.545486444104115,1177.7719821544113,1185.3183703140362,1169.91115346875,1170.3728336401523,-583.6294333549171,518.8136860956542,338.2999240682236,1019.5629521210312,155.55446073420393
0.1925,-1.3652733913193988,-0.0708234217795357,-0.760691873863288,-0.0780263793366806,0.0982968413541992,0.0078254658839321,-0.0098285476416855,0.0101043855879574,0.0718070087465183,0.9973185697113136,0.0415966987477713,0.0371243724709122,10.872567931816596,-0.0639830751790146,-0.0350860613450168,1.113048582482198,10.96886532331798,-0.0194757535699857,0.5482625629905971,1176.3882298914768,1186.5631332492064,1170.8769766663615,1173.1306774066672,-432.76004007116126,347.69767679745166,368.9642966080552,962.6206398762398,155.5526456070648
0.195,-0.9362005756709676,-0.236387076854325,-0.5270142900253594,-0.0813924539489961,0.0979103862468602,0.0052496473692693,-0.0099684392467933,0.010250622522863,0.0718405844757612,0.9973132708418976,0.0354584415510676,0.0300125573742117,10.869464731946566,-0.0634876014970998,-0.0347747822406532,1.1156737263049032,10.968761706729689,-0.0195217560170581,0.5510419667049887,1175.6081819540555,1187.0568586980235,1171.7559749517904,1175.1859368395335,-249.3065479383856,60.42703476659875,364.4775893609673,735.8437155758104,155.55126038697233
0.1975,-0.5249262872704791,-0.3528244852870935,-0.2723436399112351,-0.0826620716015776,0.0970047973909229,0.0042070761690378,-0.0101233465229286,0.0103844171113055,0.0718694122301546,0.9973082454354008,0.0292044819352494,0.0225739736081789,10.865412388631349,-0.0629608227572855,-0.0345233168454258,1.1183045046837483,10.96866107390056,-0.0195674884666972,0.5538264756531713,1175.141697151785,1186.8652684230394,1172.6993646131664,1176.8098959845463,-153.94898516315135,-180.52948853637628,386.4835100419892,566.0334195923947,155.55001398060256
0.2,-0.1546893105058599,-0.4357987498075656,-0.0389818601354519,-0.0821659997431433,0.0957576277603715,0.0046403928966702,-0.0102936414675915,0.0105081518965273,0.0718938492267811,0.997303445380782,0.022798216538583,0.0148653735247126,10.86039452156768,-0.0624108013400836,-0.0343299660735096,1.1209420975376807,10.968563303006976,-0.0196121479873541,0.5566151422114957,1174.8384370282397,1186.1542112553416,1173.6883925020004,1178.0161039374955,-111.47459527983293,-369.92225457865936,405.16871671816233,387.5380850543021,155.54888743426386
0.2025,0.1480181702159136,-0.4908517752414623,0.1273314227519766,-0.0803731309508347,0.0944613866537133,0.0059265524370803,-0.0104709244250318,0.0106208844485093,0.0719107288183053,0.997299197471424,0.0162951681846568,0.0071230368853476,10.854395441815022,-0.0618380095430975,-0.0341736553704274,1.1235866862689547,10.968469065874952,-0.0196552580982402,0.5594088993879335,1174.5843241753855,1185.015657150146,1174.7252081967572,1178.7475864098178,-137.02804139315947,-531.0738716654664,463.6646094164458,239.0104214909568,155.54791095196762
0.205,0.4411755920837858,-0.5452703982342025,0.2163310916437578,-0.0782650803937665,0.0930692651781483,0.007851679300573,-0.0106465364249935,0.0107212678235031,0.0719186758390242,0.9972957082320896,0.0097696738715797,-0.0004211246547727,10.847405116270147,-0.061243224123027,-0.0340319432183025,1.1262361778515735,10.968380013960216,-0.0196973857800655,0.5622109641679623,1174.153296821274,1183.4988418970142,1176.0067155490826,1179.2111560449503,-196.20123791542008,-531.4404064640707,469.9761613186179,124.828509610188,155.54691953447815
0.2075,0.6529918402143041,-0.596549736766596,0.1908206930687325,-0.0772889288304071,0.0918985408662408,0.0097125734711782,-0.0108105804530646,0.010807077080954,0.0719155501983919,0.9972932654129116,0.0033268128206598,-0.0075189938678886,10.839422008999284,-0.0606258124647118,-0.0338792811223688,1.1288863697909317,10.968297616165914,-0.0197387325153233,0.5650233726058415,1173.6033179858086,1182.3584551178255,1177.0750890033503,1179.3717289578688,-259.0478954274216,-382.98471490197875,413.14140914342,37.11260379332106,155.5462484790893
0.2099999999999999,0.8681348178291589,-0.6701923370222762,0.0744381992300526,-0.0769939787478308,0.0906610174237954,0.011280240490429,-0.0109574188553474,0.0108764406225416,0.0719006737132787,0.9972920049966916,-0.0029320282247066,-0.0140246151736378,10.83045633879818,-0.0599869301488528,-0.0336992037507404,1.1315307884442032,10.968222112663375,-0.019779889978242,0.5678470806691723,1172.8580573441368,1181.5839183225044,1178.0724225947995,1179.3967190639169,-342.5193745917129,-222.55683072307977,395.7704483530069,-18.482980994758776,155.54574397705565
0.2124999999999999,1.153190230452953,-0.7980321580306599,-0.1278247618569381,-0.0760836525845611,0.0890758629345623,0.0117471556831835,-0.0110834529945018,0.0109257570537925,0.0718734254580845,0.9972920570143972,-0.0088617933767691,-0.0198484535753843,10.82053144735916,-0.0593237324186298,-0.0334801930667697,1.1341617375804451,10.968152772608018,-0.0198203327790735,0.570681616918143,1171.89072111285,1181.2456709642104,1179.0539412451153,1179.2793140528947,-330.50831286031973,-15.804010732790616,300.1360382545042,-79.25266058705341,155.54533728589803
0.2149999999999999,1.4067405204749903,-0.9422275440026646,-0.3054174248703176,-0.0737189514042384,0.0876093481244186,0.0105326177914589,-0.0111933048776083,0.0109569396713791,0.0718359498337963,0.9972931983428132,-0.0144406529516483,-0.025079643941483,10.809686084073448,-0.0586462520718956,-0.0332286129576478,1.1367696948891912,10.968088226200672,-0.019859344998162,0.5735255521562583,1171.2055157798352,1181.5048982688404,1179.5731027860722,1179.0004557609816,-203.89384916738877,210.9622094224958,118.5537426319114,-168.89539588669308,155.545168293795
0.2174999999999999,1.6490686811211734,-1.1223861442571184,-0.4433596246539926,-0.0696841560553025,0.0858888892261233,0.0082021094392695,-0.0112893536958457,0.0109734798547798,0.0717912786740723,0.9972951506370245,-0.01967115485889,-0.0297639000009078,10.797973374795832,-0.0579662902645835,-0.0329461446983394,1.1393451419845646,10.968027427121228,-0.0198964452504847,0.5763776494258169,1170.8712518670131,1182.3004820113229,1179.6467099582749,1178.4348370734615,-52.10964051889272,391.7626832880156,-57.770854370482944,-283.74185190300494,155.5451806538086
0.22,1.8583897099315247,-1.3214031147116498,-0.5249203423996691,-0.0650384798049597,0.0836863123519563,0.0057860920401611,-0.0113728633844374,0.0109815092739793,0.0717447658729624,0.9972974534498356,-0.0246072495582821,-0.0339253416112547,10.78546040224368,-0.0572997448074688,-0.0326320806682951,1.1418787655348217,10.967969414126165,-0.0199321198961376,0.5792384640067624,1170.9449675772407,1183.4637116852805,1179.2842485142198,1177.5817465014663,133.06000276052134,522.5358432303888,-250.99657535765775,-406.6890612291896,155.54534711956435
0.2225,2.005161164326135,-1.518686078895457,-0.5305624380650439,-0.0600410794003953,0.0804814890959438,0.0037414152477238,-0.011441776845669,0.0109858882720074,0.0716997155692938,0.997299845388017,-0.0292708389282275,-0.0375219314612435,10.772226184012789,-0.0566569609728969,-0.0322793479111592,1.1443624116121855,10.967913726129343,-0.0199667682777813,0.5821093627902625,1171.5365518808155,1184.9131612274748,1178.3917270814864,1176.4013917673155,354.50957014754715,651.460032668046,-492.5529634587288,-565.5741848318935,155.54570408623235
0.225,2.0875061487155695,-1.713360393437742,-0.4589229521435037,-0.0536803318371956,0.0752995622602869,0.0017629142108319,-0.011496115908062,0.010997165243803,0.0716618891302974,0.997301800249242,-0.0338120162543914,-0.0405508660474684,10.758359884475938,-0.0560595855356283,-0.0318853255186847,1.1467884064971772,10.967858300402652,-0.0200003493209908,0.5849899536878636,1172.7175154279785,1186.7210118486207,1176.821483696926,1174.753875577307,474.4808730275959,633.4940688114324,-626.451851104411,-606.7859371831668,155.5463589686543
0.2275,2.067599395002276,-1.8129781242816665,-0.3495421527596818,-0.04812345430714,0.0701977123794281,0.0005998139037065,-0.0115367207270662,0.0110236556334316,0.0716350566229705,0.9973029506423096,-0.0383407843964528,-0.043030112559753,10.743956566453498,-0.0555222342758775,-0.0314507768428711,1.149151054602207,10.967800845464463,-0.0200318759068776,0.5878781135917788,1173.9089562459535,1188.080631571532,1175.2594678259643,1173.3674620813997,465.01346716941,472.3698407483876,-626.7735058744614,-508.2476233911616,155.54709823690743
0.23,1.9515628289370717,-1.8262158539244673,-0.2125592426197899,-0.0422904481511398,0.0645667576431263,-2.2660027476529444e-05,-0.0115663676339809,0.011074414554479,0.0716249423667826,0.9973027578515448,-0.0429945561716085,-0.0450172633513171,10.729113482426047,-0.0550599797515322,-0.0309815697805639,1.1514466162930332,10.967739065533616,-0.020060923843983,0.5907720563984779,1175.0425827638255,1189.0828610523627,1173.6876161675539,1172.2126374603513,404.1700582496102,322.8072154423441,-591.1754061020468,-391.847904351334,155.5480442603712
0.2325,1.76245762138012,-1.7652622883437978,-0.0716027786293726,-0.0367878179008035,0.0587173334424416,-0.0002332286432513,-0.0115885259879582,0.0111491290774254,0.0716321102794398,0.9973011444375564,-0.0477236551498887,-0.0465944015100088,10.713925133958412,-0.0546652958925493,-0.0304879489571772,1.1536745861412467,10.967672487155872,-0.0200874425862135,0.5936709285048491,1175.9298065372016,1189.6946676487437,1172.3035907954543,1171.408222559643,258.8708223675892,144.6611369744913,-469.95368974607993,-216.7763367214318,155.5491662629684
0.235,1.508746539430064,-1.633308267611306,0.0527296980761185,-0.0325788781597211,0.0534557122727475,5.469252720060697e-06,-0.0116057321765282,0.011245753059055,0.0716563201836934,0.997298120216337,-0.0524533416840329,-0.0478219871576478,10.698479709295318,-0.0543262280413567,-0.0299789050684429,1.1558369400194053,10.96760187187942,-0.0201113854487948,0.5965751218122903,1176.3369368756635,1189.8061667372351,1171.3378477188235,1171.128755776744,43.866232012669535,-56.76357079773874,-301.50751488831673,-5.96447755683584,155.5505061307749
0.2375,1.1722901107858408,-1.4432058609863108,0.1591541839584683,-0.0290797152597792,0.0490838643515177,0.0007738378922063,-0.0116258893507164,0.0113530798523642,0.0716943478723586,0.9972939448796404,-0.0569361007890312,-0.0488834027605983,10.682854648440872,-0.0540110164095662,-0.029477856173861,1.157938390440426,10.967528557594875,-0.0201322481135398,0.5994828803920126,1176.1491376972651,1189.4108497947548,1170.7960532210127,1171.3784001718589,-181.04364996897945,-219.26614387503025,-97.10055617983971,164.16672057189393,155.55237326025195
0.2399999999999999,0.896367888600363,-1.3031834470789672,0.1995031310998676,-0.0270149041485068,0.0469802029746958,0.0017772133615527,-0.0116565788723739,0.0114621867197119,0.0717406127450378,0.9972890259108832,-0.0609868949084799,-0.0499457843498984,10.667113877196853,-0.0536941902788774,-0.0290073303236971,1.1599854053075522,10.967454460889432,-0.0201495152644377,0.6023923861988622,1175.4317186258183,1188.70983601786,1170.8523449379243,1171.9495893796036,-384.4765490034224,-342.20607123647983,101.31640518616268,256.54378895756173,155.55414999948658
0.2424999999999999,0.6557608160847002,-1.2249231842747124,0.1826912680835069,-0.0253801538212437,0.0456299571924681,0.0030040015270116,-0.0117041402154711,0.011565371922888,0.0717907433603566,0.9972836876339672,-0.0644564359160253,-0.0511437458874476,10.651304934263607,-0.0533545611449154,-0.0285863745560695,1.161985974739378,10.967381270594387,-0.0201634749503507,0.6053017498648221,1174.226754952248,1187.6998194385726,1171.3026352469435,1172.6611191166467,-607.488988756449,-507.4859985797498,233.32149643183564,285.2323698803955,155.5561592011424
0.2449999999999999,0.4366533909245745,-1.221385192587141,0.1027070902889333,-0.0238809735268288,0.0436532498260411,0.0042578374460121,-0.0117666660608304,0.0116569284397228,0.0718402912892665,0.9972783329394522,-0.0672346897179727,-0.0524303903258065,10.635457450661985,-0.052975978447215,-0.0282139174304464,1.163949334174606,10.967310945018703,-0.0201750526537511,0.6082117123772721,1172.3942736820363,1186.1724060249612,1172.0189524200835,1173.3757512290056,-708.8869844509638,-612.6543990039403,243.19920415796307,203.3614609447339,155.55883928565547
0.2474999999999999,0.331447098645414,-1.2865044001257087,0.0012861662378017,-0.0233437880173274,0.0409764522699089,0.0046468891911777,-0.0118438788933261,0.0117350282758813,0.0718856283752989,0.9972732433553586,-0.0693028315403157,-0.0537866550832023,10.619582460881212,-0.0525532991424597,-0.0278910097615967,1.1658844173451983,10.967244917848006,-0.0201853069799086,0.6111231516343497,1170.6823200299932,1184.636547443553,1172.518631267733,1173.6779264213703,-695.2054883081468,-669.3999168492604,125.1744231559768,38.664391931888495,155.5612948745301
0.25,0.3260304913355544,-1.4001760397163936,-0.110269586800444,-0.0236720098459192,0.0371685224360339,0.0040758181028361,-0.011935593547891,0.011799306633489,0.0719239960434308,0.997268623209914,-0.0706764856129349,-0.0551939654193775,10.60367325938482,-0.0520862419995004,-0.0276176486730118,1.167799605485176,10.967183122208194,-0.0201941026234201,0.6140357005045732,1168.9182462404956,1182.8254064407147,1172.644824535863,1173.569073188665,-699.3909674223681,-764.4092009366879,-41.00781091683526,-108.7648902796899,155.56397597837915
0.2525,0.408930190849183,-1.5386971495402169,-0.2115257886923757,-0.0241059473113432,0.032998828667393,0.0029922850858816,-0.0120402452734912,0.0118546682464686,0.0719544810221712,0.9972645008071837,-0.0714809597286691,-0.0565995262028561,10.587707774934216,-0.0515876451754686,-0.0273886891679392,1.1697018959289442,10.96712556891013,-0.0202016008907293,0.6169492654140851,1167.1853651928811,1180.8145014388695,1172.3135922131491,1173.1341019699719,-675.277550909322,-832.6380477432385,-258.0274238229774,-228.8039872421448,155.5668381660898
0.255,0.5868371240854685,-1.6979248744445496,-0.2864028813951096,-0.0237844924581537,0.0290099578142144,0.0018216803318591,-0.0121526259116143,0.0119076795568841,0.0719767003090007,0.9972608922713572,-0.0718690173586968,-0.057875921539141,10.571652177619733,-0.0510742715488346,-0.02718930879734,1.1715968572263145,10.96707180563256,-0.0202079746390084,0.6198639181503997,1165.5418584859488,1178.6622162019987,1171.3546874167484,1172.4250532524543,-695.3513914561421,-937.0167842796029,-559.1613420073368,-330.05859023610327,155.569908960467
0.2575,0.8743461627170708,-1.9079437136380113,-0.3402298056421234,-0.02209082288291,0.0245246757625911,0.0006004471302311,-0.0122685018284163,0.0119590373106225,0.0719926747221873,0.9972576986109059,-0.0718670639538271,-0.058932801338412,10.555465268639322,-0.0505496500009603,-0.0270069868081513,1.1734885142942963,10.96702054006494,-0.0202133591236141,0.6227792873352159,1163.7086082356007,1176.1294175174714,1169.5177855031125,1171.4838090187911,-644.6568413224207,-880.8473350475643,-765.2847590662526,-326.97826316798427,155.57381929258605
0.26,1.1409049038603956,-2.0916369669144808,-0.3569492901481721,-0.0195457347639536,0.0205760528524931,-0.0002647843946964,-0.0123782264332327,0.01200338060942,0.0720002333295351,0.997255260496394,-0.0713625843883259,-0.0595825502933787,10.539104123010455,-0.0500020140421904,-0.0268171338708387,1.1753791432276168,10.966971026240278,-0.0202172886566942,0.625695798133806,1162.3185742793369,1174.257979526761,1167.5282636214172,1170.7901619366144,-519.8527502323482,-650.0748614324033,-850.3502565945374,-231.69798060712287,155.57725278193507
0.2625,1.3928426835580812,-2.263879913126537,-0.349158200423278,-0.0158703631964023,0.0157852463803978,-0.0010691537051178,-0.0124719440717139,0.0120339674923061,0.0719974863376667,0.9972539202111746,-0.0702098041137787,-0.0596459061438979,10.52252962283348,-0.0494160645552396,-0.0265941380844664,1.177267928131588,10.966923671323318,-0.0202204182570424,0.6286163182724916,1161.109344484439,1172.8790432103094,1165.2660342201395,1170.3253191157555,-478.84297135483354,-445.4548200577842,-1002.581027232326,-147.44628263861145,155.58085263914984
0.265,1.637324690532822,-2.4202735525116608,-0.3168119294792798,-0.0104299691670959,0.0086230783941831,-0.0020411593576953,-0.0125394372625026,0.0120443052793811,0.0719832123843564,0.9972539765422171,-0.0682637515545823,-0.0589474336856247,10.50571208298259,-0.0487767041751212,-0.0263107546151038,1.1791505022356732,10.966878235560944,-0.020222740169055,0.6315435414760957,1159.9243594225627,1172.030705426472,1162.5153584852555,1170.0529305234213,-382.8820721659664,-155.35479566824492,-974.4006506336509,-68.8723491306518,155.58534830701365
0.2675,1.773892099615172,-2.480945429785899,-0.2743178613079184,-0.0055773764032409,0.001670499101288,-0.0027922469522344,-0.0125749259586774,0.0120318047319362,0.0719601066638939,0.9972553434662674,-0.0654637234696115,-0.0574119694089982,10.488636185732087,-0.0480785037344328,-0.0259486905392343,1.181018427987802,10.9668349845597,-0.0202251867052866,0.634480882276876,1159.194934123609,1172.102269231968,1160.3940309669715,1169.9809573701025,-234.17914840183565,191.93822046559015,-773.9550050540394,-33.50407648449615,155.5892299652198
0.27,1.8324672277784468,-2.4484391262977727,-0.2203832936604159,-0.0008846090356867,-0.0054101454975656,-0.0033997065906401,-0.0125728188228989,0.0119975908393469,0.0719292072313784,0.9972580075455064,-0.0618241317344704,-0.0549738420570992,10.47130537207536,-0.0473244283946337,-0.0254892822442813,1.18286006788961,10.96679490071624,-0.0202282932096004,0.6374309577290473,1158.7534636805535,1172.9903965288,1158.6455834599851,1169.8854101409988,-129.8552734189342,469.848788691797,-619.2727429096516,-74.06041571398411,155.59323955301227
0.2725,1.827707897587023,-2.337333500299763,-0.1607903130068545,0.0037662997756646,-0.0119356542925348,-0.0039857074974504,-0.0125357895144788,0.0119500464121642,0.0718937441843313,0.997261599571955,-0.0575203112716883,-0.0517404106596749,10.4537445608876,-0.0465356596196324,-0.0249320690671166,1.184660860875281,10.966758232632,-0.0202323723038201,0.6403948826886053,1158.5456577565144,1174.4515131754272,1157.2976672524233,1169.6106552915323,-31.630372444851645,668.6768164069684,-435.2873872457162,-183.96776200456756,155.59734662331698
0.275,1.753209337039444,-2.144695049430553,-0.1001147589160512,0.0085881187878999,-0.0174603540579821,-0.0044152289353314,-0.0124700394683658,0.0118921544289116,0.0718543879491529,0.9972659527212206,-0.0526189304546623,-0.0479082236070819,10.43600123956714,-0.0457206846572384,-0.0242866234308792,1.1864061241770871,10.966725001238231,-0.0202370974646501,0.6433725532029757,1158.5953118183293,1176.3337806108348,1156.4691465237568,1168.965571330976,72.59716870566983,824.688050099939,-251.0294382120262,-385.6114355231508,155.60156168149018
0.2775,1.5998504248222418,-1.84484684165413,-0.0358042450396706,0.0142261943014284,-0.0229506033344048,-0.0043422158104093,-0.0123843802793849,0.0118281309626049,0.0718146134663961,0.997270651212461,-0.0472159203869914,-0.0437328276250344,10.41814483654152,-0.044890711203363,-0.0235693911199356,1.1880819577223232,10.966694089487708,-0.0202417552291849,0.6463627380995373,1158.9086436000428,1178.5749534259269,1156.0425200613631,1167.6825981139168,149.48541866519903,732.0565253668058,-74.80411076303417,-545.5864314902096,155.6067332994361
0.28,1.439632481544601,-1.5559863773223228,0.0043705503651673,0.0180303527387368,-0.0267236657350106,-0.003902505352003,-0.0122914635414868,0.0117569178036919,0.0717775189849957,0.9972753213473574,-0.0413055626629387,-0.0395598984801306,10.400263540428284,-0.0440442564968844,-0.0228083162474742,1.189677112418425,10.966664363583089,-0.0202454462644634,0.6493622739651917,1159.3427389116553,1179.9940632376688,1156.0951259699416,1166.2376391735247,198.12054995691125,374.5068717200408,84.95106293826206,-621.9125817551679,155.61113018116347
0.2825,1.277620022284938,-1.2435253081079087,0.0291626300236971,0.0204917466005954,-0.0297095097633274,-0.0033613553603248,-0.0121997096848787,0.0116780070354664,0.0717447908828689,0.997279739120334,-0.0348921250987114,-0.0356451837823778,10.382459838610995,-0.0431795216179173,-0.0220229610739032,1.1911839584589672,10.966635308479258,-0.0202472051613863,0.6523683590400859,1159.8992463498273,1180.447487784527,1156.4672753760544,1164.5730352051407,232.24243838521923,-34.58959262543428,184.51437067046737,-667.8325955423128,155.6156098965742
0.285,1.1344704208314995,-0.9197170620891976,0.0463315685379376,0.0222185262809196,-0.0320907623492508,-0.0029986035615889,-0.0121160066797676,0.0115926819550308,0.071718697106925,0.9972836402128292,-0.0280208939062443,-0.0322065518789112,10.364844326154389,-0.0422979523545306,-0.0212305624413428,1.1925988680945656,10.96660668184327,-0.0202467186335585,0.6553782007857855,1160.5039511035811,1179.8211152745416,1157.017697823294,1162.8984761958131,238.94197537488236,-537.4815281958486,241.2591995529508,-634.5806920776334,155.62015351677823
0.2875,1.023799554891333,-0.587628945811504,0.0663556781013478,0.0238519661114553,-0.0338175135179166,-0.0030709557960096,-0.0120436358204613,0.0115035974559925,0.0717000602287508,0.9972868955216306,-0.0207682369301554,-0.0293780930690731,10.34752861570582,-0.0414030215053089,-0.0204411675710706,1.1939225590843527,10.966577615845411,-0.020242870652401,0.6583873361899065,1161.0939562267015,1177.7600801435478,1157.6735713738192,1161.4001317447528,238.0204997674379,-1211.7541359782658,284.12916796797,-590.2905657134003,155.62476954449738
0.2899999999999999,0.9204774636924846,-0.1837958141278799,0.1092504037617374,0.0264869822868101,-0.034933658548548,-0.0034760877989654,-0.0119854422532022,0.0114153881108844,0.0716893365980483,0.9972893865726544,-0.0132597053956079,-0.0272724090830036,10.33061818606082,-0.0405024535914323,-0.0196647800799916,1.1951595926919123,10.966548246988276,-0.0202357743568671,0.6613933698804633,1161.6940536024183,1173.7623445946504,1158.4383436631335,1159.9470233672464,190.69900670842995,-1661.2758370213385,256.15006152598005,-472.202862327554,155.63038789671876
0.2924999999999999,0.8454460196331329,0.154323389759861,0.1666116866147706,0.0293498115403976,-0.0349418837025716,-0.0037360255219361,-0.0119361401723621,0.0113314739401266,0.071683332501494,0.9972913682796236,-0.0055942955217962,-0.0258230427725875,10.314204912546723,-0.0395994754817712,-0.0188934367715405,1.1963182326482455,10.96651995475154,-0.020225900218167,0.6643970985003793,1162.0474512602439,1169.4537009584412,1158.954321681449,1159.039117433115,99.92431166074304,-1827.7676995744043,159.1547391186849,-311.63389551757035,155.6351334467264
0.2949999999999999,0.7711066408983962,0.4911070715388323,0.2437436630282286,0.0323836488475916,-0.0342990469562687,-0.0036509607524683,-0.0118889180344114,0.0112537258894525,0.0716812830354492,0.9972929595889904,0.0021534707709926,-0.0249219019825089,10.298360964533956,-0.0386933416788489,-0.0181164080439485,1.197409251763752,10.966492384419247,-0.0202123686127791,0.6673977612751034,1162.1936751607223,1164.6235060967783,1159.2341173587272,1158.3888538896583,5.333106074385792,-2125.8321836065966,48.91362717007719,-247.80681066786175,155.63994337479204
0.2974999999999999,0.6898285840154784,0.8889829954423853,0.3453380447337369,0.0352245346665093,-0.0327985322815249,-0.003087004846915,-0.0118393008685936,0.0111855684886641,0.0716839522500992,0.9972941268866328,0.0098638792216676,-0.0244922210329734,10.28313460922779,-0.0377874490320562,-0.0173287064846162,1.1984446525856887,10.966464421051894,-0.0201942648429101,0.6703947037904263,1162.0741167906156,1158.8245400404082,1159.1988898172995,1157.8000833797755,-101.27401240674764,-2054.63491698856,-83.61637931193393,-200.78946105754747,155.6457892125245
0.2999999999999999,0.6464056813027756,1.207696306534194,0.4228066146117449,0.0363306867008149,-0.0305577363634846,-0.0022257988810914,-0.0117873920523497,0.0111376926458769,0.0716941755726483,0.9972945487152974,0.0172527796526524,-0.0245251146069849,10.268548263735841,-0.0369035514866477,-0.0165351238263299,1.1994362996491474,10.966435906549515,-0.0201721221262748,0.673389391286023,1161.6873050986885,1154.3503315118355,1158.8160354621675,1157.3849065843708,-224.00084800792663,-1661.9122119046083,-230.75271274014972,-171.89142892834738,155.65072266093463
0.3024999999999999,0.6505477316686787,1.4983880593183114,0.4728572300780011,0.0365571906132749,-0.0271344179852375,-0.000859101269902,-0.0117355959804448,0.0111145397810377,0.0717131310653054,0.9972940635956768,0.0241527615101957,-0.0250505144008614,10.254594681531668,-0.0360492800821958,-0.0157469229180959,1.2003962005843587,10.966406482219684,-0.0201458388608631,0.6763821777950346,1160.954112550576,1150.5149789808852,1158.0451262535987,1156.940626235134,-355.59849997212007,-1414.1375881149074,-372.2453548236441,-199.37275276720337,155.65572092042203
0.3049999999999999,0.699842300062902,1.7540372341391135,0.4865230779733738,0.0369380099075252,-0.023166152143863,0.0007878766258707,-0.0116850826783052,0.0111169869247571,0.0717410515722499,0.997292632961,0.0304645626029296,-0.0260614976666054,10.241236925048083,-0.0352242380135726,-0.0149724907646368,1.2013357179383835,10.966376133861756,-0.0201161427599202,0.6793745199389993,1159.909312598828,1147.2796435712607,1156.9548086880493,1156.3880428205348,-492.0550693105265,-1155.4678816061812,-509.89848037506766,-265.3810904116651,155.66077319317017
0.3074999999999999,0.791116337178727,1.9547930498758237,0.4458127413408426,0.0381180466430228,-0.01875279143433,0.002522651377405,-0.0116419255226147,0.011136804473624,0.0717743174703633,0.9972905346356864,0.0362622503466402,-0.0276477202510179,10.228408707956806,-0.0344080823458398,-0.0142327832500085,1.2022651381205438,10.966345858270053,-0.0200834136784483,0.6823659328296923,1158.4938372040235,1144.7376395728543,1155.4956338517231,1155.6137207830757,-694.7374881936861,-978.9454853467296,-721.3307437798442,-406.8837152556167,155.66589070310437
0.3099999999999999,0.9156383920678136,2.116105169499469,0.3317469031909686,0.0406436032825039,-0.0127873508358264,0.0044178746194323,-0.0116097514701056,0.0111663597805554,0.0718085779349762,0.997288121383502,0.0416087342932007,-0.0298340932970126,10.216018852671175,-0.033582801606719,-0.0135416344319915,1.203192751628681,10.966316705972332,-0.0200476285801243,0.685355609700427,1156.4356251578595,1142.384916144527,1153.34815496915,1154.3536242442567,-795.1080824112971,-762.5167812566808,-848.0587848714086,-519.1337912720878,155.67210696203335
0.3125,1.0035476280774187,2.1725524493058432,0.1896163971279568,0.0433497069592456,-0.0072874170213896,0.0056717519680834,-0.0115868185874861,0.0111978148951459,0.0718402263179395,0.997285759688555,0.0465798630134452,-0.0325260050135763,10.203955315245135,-0.0327304578717924,-0.0128985842998801,1.204124441247959,10.96628994653338,-0.020009778994961,0.6883449711979565,1154.518296791967,1140.9250556665709,1151.2553399273663,1153.0180518267152,-775.9500528001802,-496.0780290676207,-891.0225048351997,-584.8743951154114,155.67734951775455
0.315,1.045569709130712,2.1379044532973794,0.0178580468413768,0.0466892460270445,-0.0014801432387082,0.0062872361656117,-0.0115667025051415,0.0112267172802783,0.0718663492295262,0.9972837843028626,0.0511933817491202,-0.0355214858432875,10.192091328497808,-0.0318419330977223,-0.0122897628754672,1.2050629441447516,10.966267294212843,-0.0199712988379961,0.6913375657065066,1152.5558748938583,1139.9045259991892,1148.893042444974,1151.4292522686796,-827.9638286594029,-363.7950864779665,-1085.5109907197848,-736.4494227046628,155.6826560362412
0.3175,1.0230644885865259,1.989952304136472,-0.1896198623397307,0.0516147720791356,0.0055339440371742,0.0060523281373705,-0.0115443357257858,0.0112522439638298,0.0718861569097175,0.997282321691075,0.055398603972588,-0.0386376773333118,10.180291434351068,-0.0309184100681138,-0.0117023949946873,1.2060075676585462,10.96625034342832,-0.019933589979331,0.6943366443749067,1150.37847764867,1139.106080234181,1145.8277849737672,1149.335804713192,-735.0670978479222,-235.33225186351936,-1145.9144912713773,-778.3682408153246,155.68909653441534
0.32,0.9471359574322884,1.7881302481254095,-0.3368834821779022,0.0556218138490509,0.0110169779362218,0.005079424536854,-0.0115141725632204,0.011272974498871,0.0718961937427692,0.9972817026992026,0.0591666245576612,-0.0416800248097862,10.168416064727571,-0.0299605543325853,-0.0111216299546956,1.2069549131248687,10.966240110303668,-0.0198969005357517,0.6973443944772832,1148.8805394046187,1138.7278647398716,1143.1634699886172,1147.537411064603,-500.75907069422055,-112.66477344656768,-1064.1540044020066,-703.5185758192705,155.69452310322615
0.3225,0.8438668626371235,1.5321668953987055,-0.4286275669711546,0.0580341389329539,0.0153648088331626,0.0034553624284515,-0.0114716840619334,0.0112942578234721,0.0718974958652267,0.9972818441107512,0.0623422094458324,-0.044468088203439,10.15632874862882,-0.0289859980170619,-0.0105330999564881,1.207899193478536,10.966235883942607,-0.0198603648187791,0.700359801890354,1147.874682295199,1138.542756366948,1140.5070149517571,1145.8182118340956,-307.4270863021408,-60.95082116057705,-1041.0414042488346,-654.3368643421667,155.70001038429209
0.325,0.7549889064017515,1.2605332532616018,-0.4591763781812774,0.0587234476820981,0.0184535533053461,0.0015263597052455,-0.0114142775696181,0.0113209776407334,0.0718940530637117,0.9972824342763899,0.0647905064803221,-0.0468661510014191,10.143898758068044,-0.0280115837887204,-0.0099269261999016,1.20883355138838,10.966235996303473,-0.0198228112576839,0.7033815194491394,1147.3434039731083,1138.4231106340687,1137.958262967373,1144.265726742892,-100.36912213063252,-55.98212560034876,-969.8047280905021,-558.3651205563906,155.70554757042973
0.3275,0.7206638035118944,1.0060267789007415,-0.4096708981620452,0.0578719989713162,0.020185575290235,-0.0005647048162425,-0.0113411510531713,0.0113576192224507,0.0718896954037623,0.9972831582527064,0.0663959025025904,-0.0487801720466824,10.131004650264163,-0.0270531309997545,-0.0092977551618731,1.2097508103080838,10.966238809729612,-0.0197841754250902,0.7064088876750692,1147.3728366845455,1138.2628457389465,1135.6579913113048,1143.0263862313136,115.63469858479029,-106.40662447231068,-929.5104062739475,-449.9906146596909,155.71114479603276
0.33,0.7505587883222264,0.7536206013346957,-0.268863998205257,0.056780090209767,0.0211996408136886,-0.0029625809472505,-0.0112574297419188,0.0113999325520912,0.071883050825678,0.9972841018015172,0.0672234820007978,-0.0502518410082319,10.11753449369952,-0.0261058962560886,-0.0086564613058596,1.2106443900833872,10.966244052750344,-0.0197435609952829,0.7094397106405563,1147.9215774660322,1137.8910775117072,1133.3107109360033,1142.0157736695935,253.24900567388767,-177.7981292655111,-780.0385207443006,-282.8459186603593,155.71793114700904
0.3325,0.8025123887399344,0.595778067386122,-0.1078417247649767,0.0574491272242671,0.0216917239288095,-0.0041200575081694,-0.0111696603286689,0.0114466930379097,0.0718738469167571,0.997285220355256,0.0672883334164583,-0.0513542970262686,10.103390992380996,-0.025172083713873,-0.0080170809636385,1.211508133224694,10.966251269468385,-0.0197002595361171,0.7124719293740963,1148.6390817129152,1137.373855092619,1131.757798707583,1141.6121566380118,292.0806647111928,-248.86284785447944,-533.9824628555557,-75.96874096484491,155.72364498051004
0.335,0.8112858689129303,0.481952593475851,0.0539976850397485,0.0607874905481736,0.0225391456326697,-0.0034977638474477,-0.0110852784383823,0.0114976206416282,0.0718648249664947,0.9972862331786734,0.0665981401545122,-0.0521861034890919,10.088492096009555,-0.024255746095406,-0.0073957521634569,1.2123365077842803,10.966260078833075,-0.0196546259548958,0.7155041915341155,1149.381980789588,1136.6467632724348,1130.6407986217255,1141.6359299647695,263.76292116938174,-311.7966488455292,-381.14871374041246,63.70470585002289,155.72942047223813
0.3375,0.7304710948451479,0.3862722456216836,0.1822338837034223,0.0652754088272489,0.0238765755890261,-0.001720367807373,-0.011005700947491,0.0115495056949096,0.0718555982858767,0.997287185840311,0.065238979163766,-0.0527352383244121,10.072770548548393,-0.0233523280123741,-0.0067946344527605,1.21312472536578,10.966270875612734,-0.0196065638351508,0.7185362072059815,1149.957896318762,1135.8148718483912,1129.8520551388813,1141.930680167262,149.83921506427563,-328.06648925184135,-255.25344634406767,151.39715196737583,155.73524800712997
0.34,0.5069985695124021,0.2891368909391348,0.2450742680791728,0.069064796493717,0.0253004211017531,0.0003162090059046,-0.0109289967112177,0.0116026851895963,0.0718458706366584,0.9972881158561564,0.0632402380631754,-0.0529264154215113,10.056175759158865,-0.0224648180171336,-0.0062069616834134,1.2138680637809047,10.966284970641071,-0.0195570964504318,0.7215695722180832,1150.1311768649095,1135.0064308261756,1129.3645313900051,1142.3929157246064,-55.19957880906072,-305.04357911613596,-178.80623071596327,194.25827016548263,155.7411396350587
0.3425,0.0780666307105244,0.1503881409510016,0.2428562419397383,0.0717895422996332,0.0265737239618214,0.0022633419802038,-0.0108512795317346,0.0116600931211631,0.0718358017922961,0.9972890225393422,0.0605906751164926,-0.0526514958848603,10.03867302542652,-0.0216016635095527,-0.0056204870039044,1.214561717558806,10.966302539512998,-0.0195070665073638,0.7246061441873956,1149.6818984247168,1134.2896539528103,1128.9580239853015,1142.901971518089,-288.81103627472805,-191.99718205127263,-146.20548049110752,145.25808980115457,155.74828542768472
0.345,-0.382669881458212,0.0095791217966569,0.1930724264799627,0.0724974984706537,0.0272155971168909,0.0030824251570369,-0.0107714079618814,0.0117270859291284,0.0718277386807551,0.997289689789945,0.0572342361127856,-0.0518651627604322,10.020242451032573,-0.02077704008011,-0.0050289511512764,1.215200813223145,10.966322617271638,-0.0194566670266009,0.7276460359082612,1148.687121683536,1134.0464449159192,1128.6335039875496,1143.119206173612,-526.1115752820838,-6.064813781676998,-154.9510145580824,12.061007739794139,155.7543045885171
0.3475,-0.8923882028182593,-0.1571589186955995,0.1246440954546995,0.0713926525439205,0.0272807297043466,0.0028629139648896,-0.0106910038712068,0.0118001946441773,0.0718215608292832,0.9972901475565962,0.053292526177597,-0.0505984978461138,10.000874667007844,-0.019983573759345,-0.0044343264875668,1.2157811069760425,10.96634504706799,-0.0194062737700409,0.7306890612791687,1147.0513405483064,1134.259329883902,1128.183268912511,1142.9622765567883,-846.7250423776924,189.8869566381107,-248.51762778766877,-175.1967946414878,155.76039167582644
0.35,-1.4773230423133215,-0.3795173342731704,0.0537464675941756,0.0675605892689714,0.0266240482991761,0.0020453823310517,-0.0106075645766589,0.0118776593071247,0.0718183680926735,0.9972903611308807,0.0488622985256399,-0.0488078483117544,9.980572280938967,-0.01921660715737,-0.0038284115018529,1.216298870396042,10.966369213003468,-0.0193558415707187,0.7337350666412825,1144.4534964716474,1134.9958796991095,1127.3909158486113,1142.2432222004047,-1032.6492683573736,323.3240754381801,-338.76794782186494,-352.8661102962396,155.76777576295677
0.3524999999999999,-1.880830287506884,-0.575276669867842,0.0171886547540564,0.0623281255967496,0.0255574430684199,0.0014012586622985,-0.0105206017264275,0.0119573712597541,0.0718219545328739,0.9972900861935592,0.0440465155049174,-0.0465007986223799,9.959347401361917,-0.0184703375160465,-0.003208264042676,1.2167511406693252,10.966393994214817,-0.0193048687830498,0.7367828096831288,1141.8880942065196,1135.875950261093,1126.4894291734015,1141.1979460053071,-1070.8942539788604,358.66608605042893,-407.12031609478305,-496.2453441290614,155.77399603726775
0.3549999999999999,-2.1373946903852628,-0.7709965731331039,0.0057665817186601,0.0556865206957761,0.0240795862492285,0.001109258616865,-0.0104326878901724,0.0120325695604417,0.0718335158406319,0.9972892888847016,0.0390358678053882,-0.0437593265968333,9.937218706330288,-0.0177278181852807,-0.0025796865717222,1.217136037584422,10.966419035726615,-0.0192528090359437,0.739831576180695,1139.0990252017532,1136.789210129362,1125.3553142681371,1139.7619954797594,-1120.76323722108,330.5594586541244,-482.7491485704281,-619.6607328889053,155.7802860827472
0.3574999999999999,-2.24638098707116,-0.9572749150983698,0.0094508399460152,0.048634334947553,0.0222693594997372,0.0011858698490052,-0.0103477832753511,0.0120988635507387,0.0718537958814969,0.9972879263397672,0.0339704796204312,-0.0406963796954013,9.914211237527613,-0.0169779462037756,-0.0019519636100974,1.2174525862638628,10.966444684160487,-0.0191993474310581,0.7428812252900066,1136.284278020414,1137.5287475543637,1124.0756834305496,1138.0996423408626,-1092.3953713301207,211.6925829538557,-530.7847414984276,-691.0384097665424,155.78663402017688
0.3599999999999999,-2.173907037110974,-1.1178175114902,0.0224370066147277,0.0417540254544333,0.0197566524423528,0.0016510617378715,-0.0102709539811945,0.0121508647368373,0.0718814533140564,0.9972861086393662,0.0290060928444841,-0.0374532313319773,9.890353680900873,-0.0162075313525693,-0.0013377420189337,1.2177008531033167,10.96647180596364,-0.0191438528443634,0.7459307347920746,1133.6370483451024,1137.8476730441312,1122.7013905606452,1136.3068034309267,-1078.23531435124,7.4713633307055645,-606.0146412010903,-783.6208633597373,155.79305149258084
0.3624999999999999,-1.9056951859689757,-1.2602751456286168,0.042625573815552,0.0344585934730547,0.0155871680829772,0.0023799949649153,-0.0102071651796016,0.0121842284283206,0.0719153267453222,0.9972839236759176,0.0242750897454681,-0.0341728609773566,9.865677118011101,-0.0154061648656953,-0.0007496327002229,1.2178818063513817,10.966500667262572,-0.019085450661608,0.7489781386092005,1130.893101448658,1137.5661043710172,1121.045610224544,1134.181538024064,-906.5261283672489,-223.0110355786108,-597.5067359990584,-754.940641249231,155.80083205731216
0.3649999999999999,-1.5715766232844184,-1.3267888668101273,0.065733754005427,0.0296605386997209,0.0113826107836828,0.0027434894095586,-0.0101593639225971,0.0121991329817153,0.071954169030477,0.9972814321053834,0.0198206514878541,-0.0309565490667064,9.840214231337164,-0.0145743960810617,-0.0001947547999082,1.2179969651358367,10.966531498678712,-0.0190240130078486,0.7520225207345576,1129.1044177032663,1136.732617866238,1119.71385688065,1132.5321002246803,-596.4077539126714,-450.3719420948524,-518.5866295172668,-622.1958601837736,155.80738129065665
0.3674999999999999,-1.1855727684706188,-1.341428150663704,0.1048468710897404,0.0265194336691596,0.007294168121087,0.0025001984757893,-0.0101228285586262,0.012198893817717,0.07199537236229,0.9972788309533004,0.015632468555157,-0.0277545805023508,9.813997751936034,-0.0137193813153542,0.0003390102112231,1.2180480422576576,10.966565034077856,-0.0189597664035063,0.755064423128537,1127.9110626790944,1135.3142446605427,1118.4526770769576,1131.070558723145,-399.2789522105792,-736.7352534732157,-546.3072641856338,-600.6288408537324,155.8139969619913
0.3699999999999999,-0.7400470528384719,-1.3227966887708948,0.1789826108838019,0.0247609089589249,0.0034074069956797,0.0020298005637985,-0.0100936012519173,0.0121852667684043,0.0720372068528616,0.9972762654231374,0.0117274923485761,-0.0245400202110975,9.78705931579239,-0.0128448065253174,0.0008619333658086,1.21803660007477,10.966601002603111,-0.018893331769155,0.7581037881484379,1127.1080229422134,1133.048941598872,1116.9823205597215,1129.528956020412,-218.96381626697783,-905.3350706091795,-544.9453086648641,-538.1018363495964,155.822010295308
0.3724999999999999,-0.4331803282782764,-1.3010119560189848,0.2612946317348731,0.024756879727144,0.0010204915028232,0.0020109161614319,-0.0100687583592604,0.0121630423908666,0.0720762081337806,0.9972739594151404,0.0080590327433611,-0.0213057627162871,9.759430600211616,-0.0119620397540591,0.0013827478394448,1.2179635386018404,10.966638984555187,-0.0188256707778246,0.7611411342174255,1126.8162435977597,1130.787569307497,1115.7279505336335,1128.380049541397,-90.78710102576215,-960.3405759067293,-528.7153666608442,-445.21395018314206,155.82874810589547
0.375,-0.232930886784286,-1.29502266856241,0.351581252824291,0.0256046546831683,-0.0009948156212486,0.0027257196416671,-0.0100490092260764,0.0121390152624138,0.0721105998843195,0.9972719540857232,0.0045344922226793,-0.0181172058419638,9.73114396790357,-0.0110879374179037,0.0019021793414685,1.2178288168737714,10.966678345560856,-0.0187573210468903,0.7641761275727683,1126.6540874370846,1128.2472387193384,1114.3387437264175,1127.302886269496,-86.30461894822467,-1046.4695243389988,-594.3986684317217,-429.65187482636753,155.8355452387236
0.3775,-0.1314741255215275,-1.3072032969983851,0.4345296021121423,0.0266044498327388,-0.0032152639901399,0.0040853415753021,-0.010039362216357,0.0121147822553328,0.0721387963503092,0.9972702942290732,0.0011539743398134,-0.0151329371815012,9.702232600460173,-0.0102275146593439,0.0024100019061996,1.2176313313805416,10.966719262338124,-0.018689240797695,0.7672087071112086,1126.3847205030183,1125.555221685802,1112.7559571914749,1126.2317901672652,-176.02029325125824,-1091.5952932413338,-695.0516193909147,-438.79319872685267,155.84238892520304
0.38,-0.1381961307034191,-1.332256884621604,0.4948225977387807,0.0272400763249116,-0.006176598353981,0.0059130995036124,-0.0100373516253354,0.0120930529737272,0.0721579205912409,0.9972691769907016,-0.00209702801629,-0.0123660504057573,9.672732306837315,-0.0093872987999236,0.0029145836928275,1.217368442918138,10.966762773222712,-0.0186217895847673,0.770241025079795,1125.7739859708283,1122.7892622531317,1110.8634856294627,1125.108920275862,-376.7804977997454,-1200.3440805264731,-911.1977483448745,-519.3983061226841,155.84928508905278
0.3825,-0.2342445070258604,-1.3555800544916703,0.5346184968428223,0.02714018389815,-0.0106935974822985,0.0077285943206753,-0.010037478501423,0.0120748542079225,0.0721659357922433,0.9972687911998184,-0.0051997995820187,-0.0097754361641132,9.642682442063741,-0.0085692478221957,0.0034312812687047,1.2170359275332685,10.966809827396313,-0.0185550318828901,0.773275749501307,1124.5008180140198,1119.5535012831697,1108.1999684497505,1123.6347986366516,-557.1016119778501,-1144.7433080412327,-1034.5741182472002,-570.0786588269234,155.85761622926807
0.385,-0.3513192830312524,-1.3561408361811769,0.5430849926983328,0.0262507011307694,-0.0147635688529919,0.0084111852875432,-0.0100316466723353,0.0120594714791603,0.072161236693801,0.997269344453055,-0.008103057428648,-0.0072735736430421,9.61212688164011,-0.0077705563005745,0.0039809968547455,1.216628218202268,10.966860888402415,-0.0184883468190679,0.7763142771219863,1122.988477910939,1117.0655457129255,1105.6906150382267,1122.2585269817273,-678.8766889468656,-919.4629040770443,-1039.239378525689,-590.2780549564335,155.8646018325086
0.3875,-0.4625608896028942,-1.3330686742584037,0.5260706786027058,0.0245458971707143,-0.0184809662528112,0.0088217969088798,-0.0100111604758485,0.012042161943075,0.072145641609491,0.9972708527731032,-0.0106825561200136,-0.004768114619382,9.581114311838196,-0.0069781270979009,0.0045845125297012,1.216139020949072,10.96691564446713,-0.0184209793174822,0.7793570344273025,1121.1064345692855,1114.9561867627845,1103.003771557122,1120.6834083618696,-790.5381537068472,-761.8967697311283,-1076.141968276851,-668.9793496734177,155.87162811459712
0.39,-0.5414702207316067,-1.2960183196920527,0.4787450928463884,0.0223861233126081,-0.021803589594446,0.0098368990254084,-0.0099748344487244,0.0120182062910926,0.072123915039292,0.9972730426823004,-0.0128316033228126,-0.0023087796043225,9.549699150016554,-0.0061795772367388,0.0052432490912486,1.215562072292331,10.966972827112752,-0.0183520987463671,0.7824032879210103,1119.0357871424048,1113.25606186427,1100.3099051968427,1118.9136302333602,-841.9942258968596,-570.9627858661856,-1039.7254204711307,-758.9049967406473,155.87868531332688
0.3925,-0.5611255407761555,-1.2541326520648697,0.3758666262132527,0.0201660419209498,-0.0247280690693637,0.0117677732853476,-0.0099224676662394,0.0119859715438563,0.0720994935332713,0.9972756914898524,-0.0145119244828051,4.66468488042604e-05,9.517940443419288,-0.0053694624030904,0.0059555927444565,1.2148918728686684,10.96703139375867,-0.0182808090807053,0.7854522442941579,1116.8964634398012,1112.1013728334535,1097.8051444547664,1116.8888833781664,-918.3164469664908,-389.87438945887294,-1009.9843595448864,-945.3496615654321,155.88577650839153
0.395,-0.5084564555784469,-1.2137753903167208,0.1721858840259379,0.0177991173259436,-0.0277614135048067,0.014483967788045,-0.0098605649286041,0.0119446883474689,0.0720775161486409,0.997278376935307,-0.0157185291825597,0.002122066694314,9.485900249624434,-0.0045447408901569,0.0067026193024296,1.2141245179855236,10.967090182702565,-0.0182066926481128,0.7885017250463722,1114.4442049075724,1111.3066899169755,1095.2599833991183,1114.186881925533,-855.4910781066602,-213.744017607314,-829.122995083889,-1022.2334732399748,155.8943211186789
0.3975,-0.4065770275591653,-1.1957431084955363,-0.0581163187002059,0.0159206542270146,-0.0299843616007369,0.0162928289082591,-0.0097973531979248,0.0118903061886446,0.0720580010158969,0.9972810671633668,-0.0163966309977042,0.0037177218424981,9.45364044636668,-0.0036941966397995,0.0074597800173119,1.213258216069438,10.967148560956792,-0.0181292679580335,0.7915484652325018,1112.619008049268,1111.0326527454167,1093.6595294793467,1111.7777160119665,-662.5733400450366,-66.64223564375783,-514.7017623597088,-966.678867134623,155.90146798867988
0.4,-0.2632855469935431,-1.1933311267916409,-0.3162239164742896,0.0144548295761739,-0.0322463034482507,0.0164272823217126,-0.0097308677961104,0.0118259533661726,0.072040765749282,0.9972837518847816,-0.0166221937255928,0.0048484516609047,9.421220066866585,-0.0028217267481936,0.0082277293555675,1.2122931683545253,10.967206807433737,-0.018048124277347,0.7945912618942632,1111.1313382073472,1110.9734787387567,1092.6864745873197,1109.35348758986,-564.3787551583041,-26.195070519361227,-285.99772274401374,-1024.8971808316119,155.90863873436507
0.4025,-0.0802952199435327,-1.1943677106113997,-0.5936549965802596,0.0144862080286496,-0.035394578838037,0.0141062455538589,-0.0096639229415783,0.0117577936615335,0.0720279732667123,0.9972861658129372,-0.016541879747333,0.0054543144493168,9.38869330568438,-0.0019390073517997,0.0089955766852565,1.211231683067566,10.967265160784393,-0.0179634541399636,0.7976288534406973,1109.7971142734764,1110.90167739282,1092.2295408656269,1106.6532301078084,-417.4914883154084,-60.582991869432526,-66.91401450825646,-921.1347613676016,155.9172671910664
0.405,0.0529346279214098,-1.1822071595261832,-0.7526598348180644,0.0159898982584637,-0.038389402087316,0.0106033938323541,-0.0095987170618978,0.0116883657864417,0.0720188836290191,0.9972883041418122,-0.016241173001669,0.0054960075638961,9.356105850521665,-0.0010488178034864,0.009753258460885,1.2100778380087107,10.967322834977546,-0.0178749743004747,0.8006604472668392,1109.04388076577,1110.6705637794096,1092.3519045147784,1104.747813783022,-247.1744346197281,-160.70732119760564,116.0421029234384,-656.3457129457214,155.9244742347408
0.4075,0.1492552932960828,-1.1363512318717868,-0.8062070204518781,0.017637728318058,-0.0415614835542449,0.0067837087471964,-0.009538737274737,0.0116180548446455,0.0720132359074088,0.997290143865612,-0.0157736776292948,0.0049198847819424,9.323493257024952,-0.0001490579259575,0.0104874700107216,1.2088370528634396,10.96737942287995,-0.0177833021110749,0.803686253040014,1108.5612421003775,1110.098140786832,1092.809751380244,1103.3715015430798,-173.69841107301895,-301.82902858259666,202.6410624488106,-447.6890453633128,155.93169496736425
0.41,0.2211889518778671,-1.0507152820287327,-0.773972702231204,0.0186131534931218,-0.0449147426200915,0.0036065987605988,-0.0094885360078079,0.011542343022736,0.0720086958467771,0.9972918598026131,-0.0151096862670953,0.0036589886999301,9.290879363449983,0.000773477878347,0.0111821527930988,1.2075156022928633,10.967434849289134,-0.0176888936701984,0.8067046758789631,1108.175388710405,1109.1614186364964,1093.3651098270225,1102.5093685562051,-168.37469167262483,-471.4723300510737,199.0673805900768,-222.29511887580864,155.9389242892786
0.4125,0.2859511948008561,-0.9115336823823575,-0.6649447626793011,0.0186128784855704,-0.0482533782011286,0.0015924715475588,-0.0094469567307208,0.0114607689031543,0.0720027322191898,0.9972936479110256,-0.0142917262396735,0.0017685458280231,9.25827633577714,0.0017223770503024,0.0118366007150731,1.206119872802888,10.967489299884386,-0.0175917880682963,0.8097143543833696,1107.7193686420146,1107.7407791365767,1093.8050882831944,1102.2600259487008,-263.1917257732764,-735.8210365940971,113.21949788207338,0.8246761910413616,155.94616051316044
0.415,0.3817791387776967,-0.6928287831217194,-0.4939433051375442,0.0180156278744762,-0.0515749038670058,0.0004367772779438,-0.0094135352634201,0.011375439169642,0.0719940965451152,0.9972955771031878,-0.013411815004168,-0.0006980096519281,9.225685778889604,0.0026938353539414,0.0124499152545976,1.2046557948431382,10.967543467255128,-0.0174931288150792,0.8127153893023169,1106.8594300815387,1105.482313453526,1093.9312073164328,1102.5134919371603,-393.1455276650508,-910.5659627147454,-49.07496626829066,143.80718358011256,155.95484731844442
0.4174999999999999,0.4821849310877706,-0.4881361315244188,-0.352408592586221,0.0179824847979128,-0.0533862834742698,0.0002799151200998,-0.0093865117908706,0.0112884920696014,0.0719803949042827,0.9972978132133866,-0.0125594376516939,-0.0036569576790333,9.193099907245427,0.0036827354820373,0.0130255481370556,1.2031280276960983,10.96759927667526,-0.0173939053800523,0.8157087914729498,1105.7536410036892,1103.187949323003,1093.5597134518528,1102.9790618666011,-537.7419707502268,-979.8610741763341,-263.52290570885356,177.0475941257264,155.9620855697318
0.4199999999999999,0.5901965174323643,-0.2950925503179773,-0.2416268917379064,0.0192218616318714,-0.0540418579945823,0.0005920822937369,-0.0093596991572222,0.0112017678154279,0.0719600659543173,0.9973005080578232,-0.0118082638108428,-0.0069407806887173,9.16050374744368,0.0046839463067697,0.0135786312014998,1.2015391965910212,10.9676584105902,-0.0172941493701103,0.8186965854872492,1104.1707202277876,1100.5830080826445,1092.6135927878884,1103.3987299077892,-800.1618923457947,-1177.0712595831344,-545.192458103747,100.14773379093631,155.9693186364338
0.4224999999999999,0.7007377475782387,-0.1185567101193072,-0.1584561995027174,0.0216557671542367,-0.0536221344531525,0.0010172336440141,-0.0093296760439424,0.0111165033566752,0.0719344740129692,0.9973035832122232,-0.0112173094590778,-0.0104338182355718,9.127878675862794,0.0056920092217624,0.0141183993992422,1.1998896507024308,10.967721658835124,-0.0171937161999664,0.8216802709726652,1101.7528315419604,1097.3025930250872,1090.8337511613342,1103.479800535556,-954.1107443354113,-1195.251172687948,-745.5238530336367,-86.91001761872022,155.9779871556067
0.4249999999999999,0.7596076409730251,-0.0398979688715543,-0.1277533137647471,0.0240964947742592,-0.0525951921547947,0.0010372484443996,-0.0092902417184728,0.0110319872192189,0.0719059355183996,0.9973069398933424,-0.0107976943068589,-0.0139737785110457,9.09520507845036,0.0067055023416011,0.0146611428064763,1.1981771666749943,10.9677893509114,-0.0170921748651845,0.8246616731798122,1099.4001665061105,1094.6067522192047,1088.8859735227204,1102.9641798196956,-978.8002685193069,-1038.4754166318535,-850.1270971295971,-363.3416965354169,155.98519794373976
0.4274999999999999,0.7733420112825818,-0.0415943428212584,-0.1235237174767785,0.026682384612099,-0.0515462283971745,0.0006114164105221,-0.0092390060055702,0.010949855055451,0.0718792638194725,0.997310237426478,-0.0105976632722726,-0.0174683084180651,9.062466388920173,0.0077160693050387,0.015214943115257,1.1963973536026409,10.967861900108694,-0.0169901079141162,0.8276434117906213,1096.8588301993639,1092.110215941928,1086.5831156756863,1101.6630920528787,-1022.8527910508536,-955.0041576082086,-958.8363175394979,-658.2440748640232,155.99239098462343
0.4299999999999999,0.7509069058261023,-0.101765140286134,-0.1292318571976023,0.0290853042022568,-0.0509281176331786,-9.380871783477711e-06,-0.0091797572558982,0.0108692448672193,0.0718576356235297,0.9973132222335406,-0.0106173564982358,-0.0209425574113382,9.029651068985357,0.0087198293573534,0.0157732473156834,1.1945442314025068,10.967940161330196,-0.0168884805443435,0.8306269746774445,1094.2859025508562,1089.8317314311637,1084.091791935023,1099.6729594453755,-1014.5549691862007,-865.7071141925819,-1017.907997248266,-945.875886736666,155.9995661741365
0.4324999999999999,0.696490017038146,-0.2078992420909112,-0.1357870165436069,0.03105327748809,-0.0511835994020507,-0.0006789160554959,-0.0091136270460635,0.0107908101012368,0.0718434171678272,0.9973157077552418,-0.0108695287409139,-0.0243744191552699,8.996754448704062,0.0097098361956834,0.0163363868104742,1.1926108607467851,10.968023535120972,-0.0167873357535057,0.8336124521825415,1091.7860553534329,1087.7816803709652,1081.4935756894447,1096.9337126191956,-1072.7299637147544,-876.9087880224099,-1142.3735939970802,-1329.7210247726969,156.00671608708697
0.4349999999999999,0.6167548485332774,-0.3488234413234017,-0.1370009186427486,0.0327557985227606,-0.0527840126556223,-0.0012887905918248,-0.0090435494738773,0.0107182422662536,0.071840380810201,0.9973173564128192,-0.0114121378409978,-0.027774206552056,8.96378001877084,0.0106723195335532,0.0169007498424189,1.1905905129212089,10.968110803555472,-0.0166865386761802,0.8365979473294359,1088.9222527322825,1085.4471874910516,1078.3799239650375,1093.024354321512,-1035.0905594854785,-860.539137508612,-1127.4266575230731,-1488.9857084375294,156.01526193023216
0.4375,0.5553133522897004,-0.4526741055689336,-0.1307691664590137,0.0335995404937559,-0.0550272665648039,-0.0014635794847774,-0.0089715181377492,0.0106511585091725,0.0718467521416035,0.9973182815977206,-0.0122193540800784,-0.031141804201349,8.930738276985073,0.0116040855299548,0.0174641169426089,1.188477356383923,10.968201299786472,-0.0165859957627375,0.8395819753315746,1086.6106025560055,1083.478984683422,1075.8564424018296,1089.488784077008,-932.9915998902371,-817.7273555564163,-985.0338886474666,-1412.3418144853515,156.02235155060896
0.44,0.51319851267707,-0.5294786252187553,-0.1153412551753234,0.034233617825965,-0.0571412808341129,-0.0014554876981353,-0.0088974491115857,0.0105897304608103,0.0718606029915227,0.9973186214578438,-0.0132643028641617,-0.0344419447158714,8.897646247609748,0.0125021981370121,0.0180286177212239,1.186267174531439,10.968294231119549,-0.0164851133369818,0.842563771806121,1084.2572947328313,1081.3585507132696,1073.4547545218,1085.9626452490852,-970.6252516222313,-883.590379342194,-938.5221643981814,-1372.0865471333116,156.0294038167624
0.4425,0.4900005983846085,-0.5886850854298725,-0.0882724375584452,0.035215806105914,-0.0583837743865415,-0.0015617094442023,-0.0088268140789387,0.0105366517785415,0.0718825957523894,0.9973182492054956,-0.0145652090933154,-0.037737220833039,8.864526006345177,0.0133583312478921,0.0185826522853658,1.1839582218692875,10.968387872282676,-0.0163829971103964,0.8455399669089465,1081.7574762978943,1079.0610327867112,1071.1638315798386,1082.6283513413412,-1056.2599957305329,-959.6931331657281,-893.5274590749478,-1261.4792432336787,156.03642206574804
0.445,0.4867048735833388,-0.6388018032127094,-0.0390209293205142,0.0368440930016467,-0.0588347738783323,-0.001965817207119,-0.0087620255079138,0.0104918393197541,0.0719112685778863,0.997317247273889,-0.0160832387189807,-0.0410384753455767,8.831401550971645,0.0141725202388976,0.019120607909991,1.1815510157836122,10.9684811060021,-0.0162789203314184,0.8485070437573906,1078.9759947541786,1076.560085047441,1068.9871172264254,1079.6552490329168,-1295.165551288618,-1128.1307553797424,-942.3625494477155,-1218.9288076911896,156.04339588532457
0.4475,0.5051305950644621,-0.6918129013861095,0.0545915716489387,0.0387144144515327,-0.0595751406827059,-0.0027376210777788,-0.0087012700623554,0.010451883313825,0.0719436777172291,0.9973158779688368,-0.0177145980803371,-0.0442849220737105,8.798296475812942,0.014954437170224,0.0196455179523261,1.1790480177768567,10.968573845112028,-0.0161730327671491,0.8514639340122081,1075.2816485414512,1073.4203790098125,1066.4520188326,1076.5337073028854,-1399.3859560911449,-1153.0262399999162,-926.5302341603264,-1083.2915409838267,156.051709029527
0.45,0.5447808507590657,-0.7181257420287922,0.161274561270915,0.0393741715499933,-0.0611326698334987,-0.0033513808643171,-0.0086445871815146,0.0104075555732727,0.0719764514386635,0.997314479158132,-0.0192579165807561,-0.047454046096859,8.765231618114123,0.0157279207912232,0.0201543798013929,1.1764532519688227,10.968666623760146,-0.0160657810992004,0.8544104808326994,1071.9790649737229,1070.794953847441,1064.3544660556236,1074.2387913279977,-1329.595683724982,-1027.6574798374886,-846.2644841355988,-881.6455686261171,156.0585876830187
0.4525,0.6146060733765756,-0.7022671940540332,0.284731382604366,0.0391224253139888,-0.0642110758902705,-0.003331175750061,-0.00859205371367,0.0103498924421151,0.0720062979622751,0.9973133801916028,-0.0205217062332213,-0.0505208125401082,8.732224107502585,0.01651668232844,0.0206435875327562,1.1737717598821336,10.968759080009,-0.0159568776791476,0.8573459919944624,1068.6336701228263,1068.282091610625,1062.220696411922,1072.1254794597548,-1422.924760287286,-1062.9677655834703,-954.5065601229901,-920.4777674684002,156.0654124150021
0.455,0.7151247289198319,-0.6205995070119604,0.4224794206673391,0.0392135982697954,-0.0686902280729382,-0.0022402049489725,-0.0085427355742199,0.0102772277296404,0.0720314229447834,0.9973127332014886,-0.0214464366195235,-0.0534304598965204,8.699287163396377,0.0173279054346137,0.0211126119450819,1.1710091160849216,10.96884980646532,-0.0158454288229406,0.8602698182377536,1064.8644411722864,1065.480115019524,1059.5819332550088,1069.6364024906557,-1298.5327103219777,-989.6220098547464,-981.2735264184076,-921.1942964563597,156.073536398047
0.4575,0.7767921866099581,-0.5156499525536188,0.5036079191349033,0.0408339930517118,-0.0713867043867341,-0.0007029257651865,-0.0084971985064093,0.0101878262654848,0.0720512978236818,0.9973125868030984,-0.0219791143600159,-0.0561512789087586,8.66642901453713,0.0181688492470836,0.0215571026386215,1.1681706428031526,10.968938765819937,-0.015731345574984,0.8631829234549617,1062.1410065712164,1063.3339815613513,1057.31432877983,1067.519507977473,-964.9908921255235,-825.7385984885325,-914.7322036700637,-861.093831767811,156.08024932003715
0.46,0.7582561226855324,-0.4203127330148341,0.5243120193579269,0.0446070198255706,-0.071748473203918,0.0012577823094212,-0.0084558883793726,0.0100795215371155,0.0720644189349307,0.9973130660003084,-0.0220658413983852,-0.0586463242796501,8.633653547008093,0.0190474334347807,0.0219730774649613,1.1652606617999504,10.969026622310132,-0.0156144274042871,0.8660850881528201,1060.0394867116588,1061.3514220270813,1055.0082722366585,1065.3309333318164,-725.8140520779754,-774.1939527412336,-917.2524431838601,-880.988088352796,156.0869003325068
0.4625,0.6401551797721216,-0.3738866144209322,0.4830086541441178,0.0495398562893004,-0.0706345057815023,0.0034743021527469,-0.0084147756039381,0.0099557324736442,0.0720688656816888,0.9973143052462226,-0.0217498076009859,-0.0607923115778163,8.600962539136587,0.0199586904583802,0.022368333849477,1.1622819257732873,10.969114758615996,-0.0154945567303946,0.8689777305327727,1058.5119363108265,1059.463011797645,1052.7280665639107,1063.114567535709,-481.8421100367227,-742.7921738295473,-884.4620006635515,-876.875271189737,156.0934979128476
0.465,0.4017583114448459,-0.4144499547160095,0.3659485457611569,0.0541815458256131,-0.0689775371338438,0.0057273447478229,-0.0083696028587207,0.0098185053411717,0.072064169524984,0.997316350395908,-0.0210554174031189,-0.0624642934158331,8.568356742120805,0.0209002145709108,0.0227515362657874,1.1592351714556774,10.969204500594119,-0.0153724843867907,0.8718638575769857,1057.6302761614752,1057.6374611579336,1050.5859622333408,1060.946556975868,-276.0919679428296,-798.7459946904884,-879.1453145533061,-918.599332310304,156.10002822495665
0.4675,0.0422702785320817,-0.5528185134327358,0.1590837367748709,0.0566929970031867,-0.0679545355251768,0.0076413166072123,-0.0083172864720799,0.0096683492021963,0.0720500248181455,0.997319243002869,-0.0199871743488393,-0.0635612035788339,8.53583796932837,0.0218721663199755,0.0231292870663823,1.1561191003313227,10.96929653908004,-0.015248799242894,0.8747456992681996,1057.1314764711124,1055.4692818241926,1048.332339991144,1058.5215708741575,-128.65286827732223,-795.4500652630024,-753.7123672866976,-845.9643751894865,156.10778275866397
0.47,-0.234855520354792,-0.7018259690425047,-0.037325204472759,0.0550392932826636,-0.0690203852964557,0.0077757072510786,-0.0082564054601768,0.0095107868600986,0.0720285949473245,0.9973227842300578,-0.0186408908906398,-0.0640085380537042,8.503411927824446,0.022862336566325,0.0235061157948142,1.1529310048455628,10.96939098737382,-0.0151236991147872,0.877624528570689,1056.9870118200884,1053.6602108316183,1046.8174003969073,1056.7167350999205,-51.225206537537765,-725.5102721144788,-518.5080294007998,-671.4777864757701,156.11417338493922
0.4725,-0.3880324117722941,-0.8162256676218594,-0.2134607807986981,0.0507164704127125,-0.0723188829872154,0.0063267489312852,-0.0081890636302909,0.0093529521894819,0.0720045827466034,0.9973265486128776,-0.0171459167563315,-0.063795907768242,8.471089601470807,0.0238539767318811,0.0238797297508594,1.1496674010553072,10.96948807137658,-0.0149985843333376,0.8805007264043827,1056.8753504384247,1051.8417304636203,1045.73979984414,1055.1641819417787,-91.77799347839928,-801.5873974836261,-379.95446126728854,-634.8184296769881,156.1204854516074
0.475,-0.3649537613221295,-0.8439124012264416,-0.3613788923426525,0.0457287076407824,-0.0772224064870377,0.0039562300694572,-0.0081200750834929,0.009198882122358,0.071980776407502,0.9973302582887054,-0.015583716944414,-0.0629690390404482,8.438888065948886,0.0248366517277698,0.0242424611744978,1.1463245679796277,10.969587767135675,-0.0148744822168998,0.8833722646269933,1056.5281218526964,1049.6522738442004,1044.9176280905708,1053.5426429515355,-188.91055456460876,-804.2405540020802,-242.30960748168377,-570.840393715252,156.12796344577802
0.4775,-0.1754151993513479,-0.7503241853446674,-0.4198434634128592,0.0431210176840291,-0.0811819845559059,0.0021769999131619,-0.0080515385335881,0.0090536292973343,0.0719593801497199,0.9973336933684416,-0.0140502957961692,-0.0615354706550457,8.406831905059251,0.0257979191277606,0.0245941217834732,1.1428991201782086,10.969690040022329,-0.0147516013579493,0.8862374321920372,1055.9307976656016,1047.8205276936098,1044.5282518067315,1052.3099799732024,-317.80484461437806,-737.7378923342878,-130.24256209064467,-493.60548956206503,156.13411014608255
0.4799999999999999,0.1444667280515527,-0.5405510242728416,-0.4149660337278489,0.0424452731550252,-0.0843214771943488,0.0009174267082881,-0.0079864834484275,0.0089224020627228,0.0719453105651728,0.9973364310940724,-0.0126450768648263,-0.0595302234731636,8.374952974382923,0.0267250868837371,0.0249329440849778,1.1393886120239947,10.969794666073748,-0.0146303432136806,0.8890950700691767,1054.9390976296247,1045.963584382529,1044.2664152801176,1051.0746155037252,-460.9463818777432,-752.5498603921355,-115.35733113992256,-513.1106076123212,156.14016277412912
0.4824999999999999,0.5201694672708002,-0.2617496783253331,-0.3679689125606045,0.0434202440326667,-0.0861544049703427,7.495090146452846e-05,-0.0079284689530261,0.0088055944882009,0.0719383089437174,0.9973384602796584,-0.0113877582333359,-0.0570139987097723,8.34328924520148,0.0276161592344294,0.0252559660762624,1.1357915140019677,10.969901431717393,-0.0145104222986625,0.8919436081815058,1053.6260657562127,1044.0577783916492,1043.951465151032,1049.7444269351408,-588.6245109311398,-782.9623413067559,-176.54922831334244,-572.4791398344673,156.14613308993873
0.4849999999999999,0.8965087523499513,0.0485675469934101,-0.2839657494975592,0.045858750848896,-0.0861286474296983,-0.0004058864996068,-0.0078719880210993,0.0087049109150794,0.0719378047992266,0.9973398512152912,-0.0103092822131138,-0.0539088353109328,8.311884828055494,0.0284678246726304,0.0255810586068892,1.1321070498775687,10.970009889451328,-0.0143912173730623,0.8947827930789749,1051.995975074969,1042.0487726759952,1043.3836691385509,1048.212219804553,-761.4392474410573,-917.243109403352,-348.89160286948,-734.5529216832339,156.151999810943
0.4874999999999999,1.2727873501465947,0.3863487484120966,-0.1538502065018928,0.0498073832438905,-0.0842208611087541,-0.0007621167959969,-0.0078107231472182,0.0086207703122858,0.0719455663354968,0.9973405236953312,-0.0094182480191991,-0.0501415828582231,8.280787898941314,0.0292802135853219,0.0259271221135934,1.1283354631029123,10.970119329570103,-0.0142721984269248,0.8976117610722713,1049.8188695190076,1039.4715628446324,1042.2070071366848,1046.0716623267247,-810.4908424482794,-974.6058954364335,-534.4191032971136,-838.8778528615595,156.1589157989611
0.4899999999999999,1.4779492608307503,0.5966745120433615,-0.0269662733631941,0.0538401877767628,-0.0814757266625707,-0.000971725139358,-0.0077441612734129,0.008548511808078,0.071958631779445,0.9973407340892976,-0.0086473662076326,-0.0457553092481998,8.250048626886857,0.030063798737338,0.0262989933588032,1.1244780571376622,10.97022982198546,-0.0141529833285462,0.900429039044345,1047.9435208627276,1037.175743198813,1040.711573622065,1044.017830540245,-735.4647550293059,-943.3647476800608,-716.3592749504908,-876.2145152193161,156.16457348601023
0.4924999999999999,1.5284136777132775,0.7053851357387951,0.1141868170973599,0.058562305492725,-0.0782316163077568,-0.0011038375807589,-0.0076680578822485,0.0084847232202832,0.0719740158669214,0.9973407578107656,-0.0079471169194404,-0.0407442958557375,8.219718843020889,0.0308268826025774,0.0267095660412395,1.120536753464421,10.97034115783654,-0.0140328846654482,0.9032333901167848,1046.1415457438611,1034.754739106232,1038.6252107619323,1041.690589750628,-752.8318506741009,-1079.882934839724,-1050.5017535615016,-1079.4553656058715,156.17011990367652
0.4949999999999999,1.3812553887739467,0.720948651124981,0.2919819902746999,0.0645487274454379,-0.074981969989008,-0.0010196744103087,-0.0075814538690257,0.0084270743538979,0.0719923775814704,0.9973405728570168,-0.0072907156328719,-0.0351699776224434,8.189850699545179,0.0315750715124818,0.0271636698225171,1.1165140891796435,10.970452853499056,-0.0139121576584532,0.9060247748126488,1044.179361609357,1031.7763285246144,1035.4590648542578,1038.6205537122155,-677.5451234213044,-1092.3696321584875,-1257.1312973799184,-1161.5502492909843,156.1766463774757
0.4974999999999999,1.0828354751392506,0.6590003382625307,0.4364651759970274,0.0693356460812546,-0.0732570856273045,-0.0005099438482564,-0.0074872035183651,0.0083686262537891,0.0720124426775212,0.9973403067563869,-0.0065823965182336,-0.0291721984768474,8.160495104407604,0.0323234054327568,0.0276565707583208,1.1124124827273023,10.970566224815254,-0.0137919842897493,0.9088048856088364,1042.7538201267544,1029.2928909454397,1032.3395542750327,1035.8828385041732,-527.3539940086262,-982.1223053360418,-1318.4190509781263,-1113.4750760493707,156.18197781922115
0.5,0.6263921019243104,0.5528744368809476,0.5579248659789994,0.0731820703829435,-0.0723826579078304,0.000859558757885,-0.0073861557196818,0.0082995674004726,0.0720287073016392,0.9973404319096184,-0.005680570402469,-0.0228691678335352,8.131701226858404,0.0330930747696238,0.028187401800323,1.1082336685822203,10.970682454742272,-0.0136715794010045,0.9115748338373488,1041.542591639314,1026.8657169979342,1028.8669695993672,1033.0531783319689,-456.9045855355344,-956.6663595906333,-1418.0941793374416,-1128.7340031624672,156.18719930628816
0.5025,0.0801734001507733,0.4323670354734829,0.6443765098774042,0.0754514151118648,-0.0718283651798542,0.0030952002532169,-0.0072807116248373,0.0082162942198682,0.0720382471992064,0.9973411710387532,-0.0045489264804668,-0.016404777041785,8.10351722853388,0.0338913234850673,0.0287519934472661,1.1039793805338851,10.97080150697426,-0.0135499359855471,0.9143354010578094,1040.469297199077,1024.5095591474865,1025.2490833783454,1030.2391684883607,-411.84159779518234,-923.5356381669808,-1441.2749473318383,-1096.7198409622133,156.19233118226379
0.505,-0.5002151516060933,0.3121123355377115,0.6768769400121736,0.0748674819517002,-0.0714244963697348,0.0058867374936973,-0.0071754612831424,0.0081203753337051,0.0720419147853274,0.9973424163446408,-0.0032384361426766,-0.0099578053288577,8.075989837008958,0.0347141947690328,0.0293411863245746,1.0996514713842545,10.970922476684244,-0.0134267800610554,0.9170862632625366,1039.483383650338,1022.2480388070992,1021.660594862708,1027.5695791271576,-436.2609008675004,-972.6731440440961,-1520.7177423590097,-1109.9951292424967,156.19735732559928
0.5075,-1.1293252363788704,0.1798652193211326,0.6586210916535885,0.070645528303249,-0.0709547643971574,0.0087361917815499,-0.007070918470256,0.0080147932156738,0.0720413083136953,0.9973440270361248,-0.0018186195424343,-0.0036419373908965,8.049163100128263,0.0355559281048376,0.0299542871899066,1.0952514742044583,10.971044264333687,-0.0133023384433653,0.9198272029143584,1038.2879926947392,1019.646193427266,1017.6454946665503,1024.6891928421483,-454.72235053966824,-933.7054043191066,-1393.4111866565431,-985.0115836486784,156.2032699897286
0.51,-1.531002025604889,0.0833868253368005,0.6135561214679147,0.0652278196752865,-0.0704041679327512,0.0102495770368896,-0.0069612009546512,0.0079065758401284,0.0720389819766564,0.9973458088110524,-0.0004165461596175,0.0025356818880848,8.023077859494919,0.0364036984196222,0.0306043814254334,1.0907807678922357,10.971165067430343,-0.0131765276764282,0.9225575034470954,1037.2097718976397,1017.5795117855037,1014.6935389294252,1022.6445212089144,-459.0058051623244,-800.0321091883222,-1078.1740239065132,-736.6241608841322,156.20810122416654
0.5124999999999998,-1.75905944843734,0.0057499959046635,0.5651773621879507,0.0592547958891258,-0.0698737360265815,0.0111143435624263,-0.0068429377839409,0.0078072704307875,0.0720413935379304,0.9973472318896288,0.0007671015600318,0.0085328601000348,7.9977718552617185,0.0372353933570086,0.0312985996253925,1.0862413129628192,10.971283228526604,-0.0130496661691428,0.925277148018214,1035.9929636689278,1015.6460328813243,1012.2546245470178,1021.0060720377276,-511.4443061961988,-744.7088655280362,-888.7675119227416,-595.1877311952097,156.21283673995103
0.515,-1.8358112074608828,-0.0487474149716261,0.5315831139564066,0.0532631782549459,-0.0697415112140175,0.0114599231012692,-0.0067219853564721,0.0077205788557594,0.0720523974879966,0.9973479476616806,0.0016474576922153,0.0141563101256526,7.973278275687557,0.0380445468604143,0.0320224644861847,1.081635358702875,10.971398840733723,-0.0129219536395675,0.92798518628705,1034.6525503666587,1013.8559674578636,1010.2497013698116,1019.6685825529383,-560.7987248242803,-673.0622639666075,-711.15236506107,-484.7217975456256,156.21749608968892
0.5174999999999998,-1.7497438943754875,-0.0616641929170874,0.5252194833706946,0.0476314961208509,-0.0702283054580336,0.011505351668433,-0.0066011208832143,0.0076423020166366,0.0720698452280405,0.9973481219509742,0.0022686217414068,0.0192624362577345,7.949624018887346,0.0388412336645052,0.0327671627229189,1.0769645980701903,10.971513420418525,-0.0127928778948156,0.9306812317127168,1033.1889700448064,1012.2807215614914,1008.6988627217124,1018.5824630499995,-659.7248365959325,-635.7929117681346,-609.3384394796425,-456.5680742547552,156.2220678016969
0.52,-1.5127604673992308,-0.0136937291834249,0.5392529693137486,0.0420912711438552,-0.0711086127223075,0.0123488679330586,-0.0064824058609866,0.0075718707240205,0.0720917317999328,0.9973478894586624,0.0026189607246163,0.0237328874745973,7.926830753362599,0.0396266882558533,0.033525647778844,1.0722310855465784,10.971628853352476,-0.0126623518820512,0.9333659045509513,1031.353926183679,1010.6770028990228,1007.2030091724132,1017.3857421816645,-675.572670341989,-538.1627930988084,-515.1005177434622,-446.23101918118624,156.22745828473785
0.5224999999999999,-1.2580695257846106,0.083422256220338,0.5490026232080436,0.0389815199386896,-0.0716663549511901,0.0140472670472336,-0.0063742951398315,0.0075086534547803,0.0721180681456509,0.9973471993567172,0.0026838471379824,0.0273594768222344,7.9049145459774595,0.0404001882981488,0.0342767526906325,1.067437500673408,10.971746312824036,-0.0125305733555043,0.936038424829123,1029.8111066930965,1009.5899075959971,1006.1233601329952,1016.3513079540936,-610.1374418371955,-384.58372566553834,-426.85400273946885,-442.3052192702012,156.23187484970927
0.525,-1.0122294925213575,0.2341731225760716,0.5313837914511359,0.0374260246159268,-0.0717105271477374,0.0162302175728949,-0.0062843177906632,0.0074485668418907,0.0721463353357771,0.9973462171200148,0.0025077673694159,0.0299598152435328,7.883883657213634,0.0411670465091535,0.0350009362923492,1.0625863716571509,10.971866548544115,-0.0123971528362743,0.9386975515354627,1028.303238974493,1008.7540842706952,1005.068739158716,1015.1742160853136,-650.1428120280701,-315.7297274895424,-479.7985925376448,-558.1489290156919,156.2362175050661
0.5274999999999999,-0.7916899258510279,0.4590853568775615,0.4627619532661249,0.0365010287400262,-0.0712049945869306,0.0185955305300472,-0.0062102920864661,0.0073899819088979,0.0721726475065228,0.9973452491504124,0.0021123599799406,0.0315227031888307,7.863737125025459,0.0419276043426676,0.0356995751308226,1.0576797338719552,10.971990966760014,-0.012261928909565,0.9413445850726602,1026.560392632956,1008.0112589585495,1003.724367170307,1013.5605633090152,-628.5449884168878,-235.85981231899476,-509.6186774114808,-618.1979322214369,156.24134768612734
0.53,-0.6986721313837057,0.6640370395355698,0.3663412550062951,0.0360015050534649,-0.0702723046733237,0.0200643638345794,-0.0061502343274585,0.0073320000686101,0.0721950767449063,0.9973444551900138,0.0015141863416139,0.0320494268008415,7.844464958376893,0.0426800601787686,0.0363730855437003,1.052719657678005,10.972120093679676,-0.0121247016994231,0.9439807106411898,1025.1605140324086,1007.5747852091002,1002.5206457716585,1012.0832264242064,-553.7825971055095,-146.80019920879187,-488.7475559398122,-597.6788346622919,156.2455580682181
0.5324999999999999,-0.7111935385219175,0.8576601973769344,0.2401171708715426,0.0357307643736952,-0.0685919564423373,0.0208906817824346,-0.0061067853952689,0.0072713553661394,0.0722144782093322,0.9973437827569828,0.0007688259927709,0.0314819546222723,7.8260475839386014,0.0434268763927579,0.0370111209793426,1.0477084707697326,10.972253230046215,-0.0119850462425465,0.946605936208105,1023.7914796474284,1007.2772579625056,1001.280629390608,1010.5721691357036,-547.449583151069,-103.9439655752175,-486.8470144824637,-589.256168432848,156.24970386949335
0.535,-0.8024717100776008,1.0161468111321643,0.1012855560001447,0.0353116411596172,-0.0661027394199995,0.0211793422852312,-0.0060783041887802,0.0072041524514622,0.0722298096771963,0.9973433480177268,-4.772027024141368e-05,0.0298463509435582,7.808454012969186,0.0441725106286761,0.0376121111190479,1.0426484119501442,10.972389728475466,-0.0118426897995668,0.9492197031875994,1022.4232661166532,1007.055065381224,1000.0864106992462,1009.136945582042,-552.3923613224038,-79.98781031965329,-445.13745083663673,-532.1178530787615,156.25379763480822
0.5374999999999999,-0.9568139022687882,1.1020446713806595,-0.0382744796322904,0.0337957283079666,-0.0625970488900967,0.0209923238486812,-0.0060604706125718,0.0071297138905361,0.0722397680832732,0.9973432790790622,-0.0009010764194618,0.0272311062740205,7.791641949855107,0.0449157078546894,0.0381802673649,1.0375422624838275,10.972528331231956,-0.0116966989519481,0.9518211429042412,1021.0295178408164,1006.8773189109074,999.0549421364248,1007.9115798703098,-622.5750703930311,-79.87599492726069,-392.7461045419019,-471.1339223203364,156.25782993522785
0.54,-1.155244099605036,1.0950708520445411,-0.1919103722603792,0.0301535972050381,-0.0578188809490339,0.0204176386281722,-0.0060546312500239,0.0070495884032697,0.072246641917796,0.9973433908935788,-0.0017923211414008,0.0236547947347973,7.775558285104446,0.045651063130615,0.0387079250497302,1.0323940818537742,10.97266742013627,-0.0115469012441387,0.9544086772953864,1019.310390764688,1006.6556854065878,998.1226801765368,1006.7812759704404,-637.4572263559452,-91.83593035713776,-281.2347116490853,-355.0675952447133,156.262598554768
0.5424999999999999,-1.287599050614346,0.9949490676514222,-0.3009177289314614,0.0260164766244828,-0.0542221682925437,0.0196896387534357,-0.0060593745179311,0.0069659376585494,0.0722526820797693,0.9973435127413448,-0.0027255338185065,0.0191957602871776,7.760137330937816,0.046373508981158,0.0391935377287812,1.027208361700396,10.972807096910177,-0.0113947137903846,0.9569821694600436,1017.8422317090368,1006.4181392591216,997.6487685781792,1006.1362418940864,-590.9722698889703,-117.04002792391736,-126.53094246757053,-207.1182202390672,156.26651418966156
0.545,-1.3481746915949115,0.8144008022741007,-0.3842389877066832,0.0214566220206106,-0.0516677514718223,0.0186957359306058,-0.0060736343642112,0.00688100925756,0.0722585405339537,0.9973435875963672,-0.0037051339820568,0.0139422441322644,7.74530125116569,0.0470787935105715,0.0396355631806609,1.021990084864406,10.972947529080708,-0.0112413581161559,0.9595415343269262,1016.3555294152432,1006.0704852669681,997.4900254641988,1005.7456848692452,-653.3433325098936,-189.74599618359187,-9.874505449602102,-138.3128292161017,156.27036935846195
0.5474999999999999,-1.3224254863594018,0.5407344061017108,-0.4510069109256473,0.0162383580621998,-0.0498382052931124,0.0172518558743341,-0.006092423090858,0.0067959332808066,0.072262580332323,0.9973437557410973,-0.0047143519234152,0.0080553159137295,7.730959980378786,0.047766435586654,0.0400411413087085,1.0167440766549836,10.973087703060012,-0.0110872935261663,0.962086689445188,1014.5755150464872,1005.4694092782036,997.5993960509312,1005.4446777480058,-650.0466411622476,-257.31015075123173,74.98444257143994,-103.941236074911,156.27492524427083
0.55,-1.2257891055228176,0.2934479586732798,-0.4789686664189192,0.0125630980679568,-0.0491668833763401,0.0160098536469747,-0.0061107344525209,0.0067112270572908,0.0722661874290033,0.9973439430008024,-0.0057281633748018,0.0017053578507088,7.717012958521731,0.0484384087401508,0.0404175063154994,1.0114751854489477,10.97322615055564,-0.0109324448527701,0.9646169617651684,1013.105296209432,1004.783934513212,997.864947677056,1005.2259786888704,-587.3069223002625,-316.6370383793034,121.81546173687808,-102.38873504556514,156.27866266619318
0.5524999999999999,-1.0740325753192117,0.0558087482456018,-0.480993257677301,0.0100377245763438,-0.0491576398426838,0.0148269406585578,-0.0061274468646262,0.0066248205351667,0.0722708954662482,0.997344058756536,-0.0066893305676002,-0.0049917110768036,7.70335086867272,0.0491019503861992,0.0407641657121903,1.0061882002178106,10.973362623594747,-0.0107767288441715,0.9671308847984514,1011.638980434986,1003.8862240863072,998.2084733596157,1004.932734072778,-590.7292555013548,-394.1763924147832,135.22134049633212,-138.57364792702344,156.2823377459688
0.555,-0.8967393134238909,-0.1564616537588085,-0.4646504622196565,0.0084398422529644,-0.0495931635401684,0.013537006541933,-0.0061402378589632,0.0065349582195024,0.0722775521087275,0.997344068897598,-0.0075486471435332,-0.0118950717653493,7.68985778627076,0.0497639031226065,0.041083809219726,1.000887286810201,10.973497518646871,-0.0106195995684551,0.9696280829302272,1010.1516499319252,1002.813052551138,998.5410543795376,1004.5331104492354,-608.1083510724733,-466.72252870550847,113.97467719298209,-185.93055295300456,156.2859601997712
0.5574999999999999,-0.7053460324487816,-0.3227574731756462,-0.4315525112717718,0.0073931952919809,-0.0505343317700848,0.0119526733832869,-0.0061465715753777,0.0064433439521518,0.0722858595169483,0.9973440022989148,-0.0083146831424134,-0.0188535005564772,7.676414640602286,0.0504239032140202,0.0413808831900901,0.9955758760307584,10.97363170401549,-0.0104607035409618,0.9721090072818912,1008.5984386796237,1001.5526114427796,998.7783467455806,1004.0030813080128,-707.6594026252217,-585.2348206731216,64.01677710273356,-253.91993569974125,156.2895177582157
0.56,-0.4644010372488968,-0.4561070619538091,-0.3863587319068165,0.0062692423561974,-0.0522504381870098,0.0102830669532381,-0.0061464610569155,0.0063526067176207,0.0722969444923923,0.9973437630112194,-0.0090173789787446,-0.0257539573037928,7.662902443378557,0.0510791124756615,0.0416556045859064,0.990256197831814,10.973765486861952,-0.0103006253748516,0.9745743114716028,1006.6133529187993,999.8868784477725,998.8611382650514,1003.2635107707368,-750.2594376298241,-623.2914220915967,-14.396530051681099,-278.56543763812147,156.2937095230081
0.5625,-0.2483875083030229,-0.5084862036102367,-0.3610061354535472,0.0052469119079759,-0.0540906185761506,0.0097729474762309,-0.0061445578600473,0.0062593989075303,0.0723085114951932,0.9973435097671732,-0.0096051712401208,-0.0325624631150327,7.64920511401231,0.0517368710422966,0.0418996890827497,0.9849284111911284,10.973900093176535,-0.0101407519903772,0.977025433302149,1004.8471414914744,998.4361543323216,998.7063640953222,1002.6102541198223,-723.5230023209617,-575.6787715950163,-117.681161971086,-260.20293543006096,156.29713625592447
0.565,-0.0068838279009474,-0.5055497942782496,-0.3688249122510219,0.0040167330060424,-0.0559736350961604,0.0101366843653328,-0.0061418533774435,0.0061649401644307,0.0723188450651029,0.9973433517909502,-0.0100960569608364,-0.0391890872953565,7.635214554374927,0.0523952524047271,0.042113844388468,0.9795906197503184,10.974036540707145,-0.0099818200532689,0.9794641719548924,1002.9957379071944,997.0084845897976,998.272732455196,1001.9624960935864,-742.4859173562702,-554.8700111814464,-222.346593238535,-258.06747919655186,156.30049130109043
0.5675,0.2566126776042263,-0.4695902625741436,-0.4096378557716655,0.0030707906331058,-0.0574939819949845,0.0105511325589671,-0.0061342927704121,0.0060725807904777,0.0723283624159525,0.9973432633079647,-0.0105376340009665,-0.0454729104704554,7.620834547615096,0.053048398852016,0.0423095510918026,0.9742385289932082,10.974175083430724,-0.009823507866189,0.9818923708929324,1001.1347119046932,995.6618042764144,997.5946311291297,1001.3199167238396,-724.3956017864768,-508.32187101580024,-326.5802904453264,-266.1710242187835,156.30378453146557
0.57,0.531167443588177,-0.4170122478355343,-0.4773898214467316,0.003236517621716,-0.058461539709181,0.0099501445601556,-0.0061177908019803,0.0059849077708528,0.0723404524497832,0.9973430091377896,-0.010967755825785,-0.0512643300772661,7.605984166931715,0.0536917051524575,0.0424983563457572,0.9688659215439152,10.974316175165091,-0.0096658180379548,0.9843124589112944,999.373759898262,994.4668752347184,996.6398310029692,1000.6316409724924,-719.0000662211553,-483.7919887836956,-470.6983700398264,-336.7859100664188,156.30699999570209
0.5725,0.8339305863170645,-0.3664132229074859,-0.5565020981525045,0.0052778592048007,-0.0587679739523012,0.0075440502175124,-0.0060971377837798,0.0058993023617513,0.0723555868258166,0.9973425397242388,-0.0113568500376318,-0.0565651246534057,7.590599825548517,0.0543286907055018,0.042674627610699,0.963465634101716,10.974460811016352,-0.0095089746563747,0.9867242334166668,997.5397115735874,993.242844332496,995.2411392789304,999.6359871735075,-604.6215607749896,-412.7462686546547,-540.4192370078586,-411.2809928285511,156.31076399976195
0.575,1.0297847059724787,-0.3522199107862608,-0.598567059927064,0.0085097578363523,-0.0583933528588726,0.0048482259371054,-0.0060767555578324,0.0058151754464265,0.0723718341599397,0.9973419713221856,-0.0117070336440017,-0.0613807653480891,7.574638202732568,0.0549585411303714,0.0428344312685029,0.9580301863372984,10.974608734674796,-0.0093527134692859,0.9891255943952404,996.3506520943869,992.4031438914451,993.9377348179299,998.5752360083496,-389.27098182627986,-298.98391337173933,-529.7260625860185,-485.59192655550254,156.31381810938743
0.5775,1.1354532542054083,-0.371681600325038,-0.6074792387375991,0.0126433648091658,-0.0582163770605931,0.0026364449440782,-0.0060548019242796,0.00573558253262,0.0723880421631608,0.9973413823512894,-0.0120691174231357,-0.0656311713541236,7.558077926353837,0.0555745932874699,0.0429863296999392,0.9525520394757656,10.974758877481456,-0.0091966723002552,0.9915151977752132,995.5933566644561,991.7479247656371,992.5925089660003,997.20802754073,-232.93665342535448,-246.8524411301867,-578.4997090978673,-670.6488178272509,156.31678156765864
0.5799999999999998,1.1483827885976374,-0.4151563194193869,-0.5922127016882315,0.0174396594867512,-0.0592963535324435,0.0008648064086512,-0.0060295549989254,0.0056649881714291,0.0724069322552759,0.9973405626856692,-0.0125151972632917,-0.0692510399203085,7.540919348485175,0.0561683995076165,0.0431381142346054,0.9470243819315982,10.974909916216708,-0.0090410324424747,0.9938925899079576,995.1859688272601,991.1688816857944,991.0452362724408,995.2219919192136,-79.11929968227007,-179.57378828621114,-542.4543590636854,-772.5066286688153,156.3202265947478
0.5825,1.0770115422981899,-0.4467594363354281,-0.5726147951265143,0.0208514003055232,-0.0612323585317046,-5.400291801646732e-05,-0.0060045005871143,0.0056014305854989,0.0724281998294989,0.9973395260336844,-0.0130265116474618,-0.0722728627242067,7.523182422380256,0.056743239827161,0.0432869130668624,0.9414410546098524,10.975061367656211,-0.0088862809028161,0.9962570917688318,995.1977601660446,990.8500558242063,989.8802371706819,993.3454943973859,47.25828743219149,-97.64495748281651,-430.88843571110795,-769.9277799438954,156.32300010551242
0.5849999999999999,0.9523624448977503,-0.4555142575870038,-0.5596114623200398,0.023516800783375,-0.0634464478354811,-0.0007486517441291,-0.005977331939858,0.0055378462685636,0.0724474574783636,0.9973386460061686,-0.0135023088127672,-0.0746588494718141,7.504905900332288,0.0573126596763512,0.0434402194804452,0.9357958224898488,10.975213504417743,-0.0087326505962399,0.9986086250996414,995.4222602644213,990.6806568983801,988.8907940938851,991.3723530194941,95.30719566066627,-47.13395751416552,-366.7434452820768,-780.7741168986006,156.32566741906544
0.5875,0.8140250584974922,-0.4446529496986828,-0.5551923309799969,0.0254502289456575,-0.065404975133282,-0.0015289097934772,-0.0059391289879954,0.0054719084673966,0.0724622387700586,0.9973381704043616,-0.0139068856007817,-0.0762791734624853,7.486146559370239,0.0578825182537567,0.0436175073924712,0.9300835001409898,10.975366140012252,-0.0085795489764117,1.00094750236718,995.674296144348,990.6143860366353,988.0465199442715,989.4416238128928,70.01815164639987,-6.956801206615631,-311.58866462781106,-731.7257242065572,156.3282433539405
0.5899999999999999,0.6962380557298558,-0.4247375532312531,-0.5555597138304723,0.0263979103577628,-0.066661314648935,-0.0026454376059728,-0.0058829897653809,0.005407102662195,0.0724755416913506,0.997337902820175,-0.0142942874194583,-0.0770400150653858,7.466975962259379,0.0584483475731275,0.0438334511567802,0.924301100054101,10.97551884230658,-0.0084262019438335,1.0032731216209736,995.7723510226533,990.6458728923473,987.332850770746,987.7137243984613,-33.592840894175396,28.240786916603582,-303.24925318654977,-680.0034768606332,156.33070575068237
0.5925,0.615179522095658,-0.4192609757396008,-0.547135645360473,0.0267951103158378,-0.0672998844811099,-0.0044108711148883,-0.0058105994178063,0.0053406750249121,0.0724851566508706,0.9973380024010408,-0.0146351967615708,-0.0769900323697714,7.447475209888965,0.0590157466737509,0.0440856702319854,0.9184473265184108,10.975671925686516,-0.0082727011949855,1.0055831220856497,995.5063319398771,990.7555899712185,986.5302736783389,986.0416064285896,-181.89816158651396,42.71420268096332,-301.24502494672896,-530.3996058104071,156.33352591359665
0.5949999999999999,0.6095175239080093,-0.4492596351165611,-0.5217717912645009,0.0271187583464619,-0.0674445580328555,-0.0060874514845916,-0.0057266109702387,0.005270388773597,0.0724876647520802,0.9973386971063296,-0.014911816446932,-0.0762273194161084,7.427732930422402,0.0595887903242583,0.0443658629774619,0.9125227713103226,10.975825315639137,-0.0081191459937321,1.0078764890883616,994.8628602147206,990.859443905752,985.8266256460125,985.0617263694093,-354.8533342659308,25.71241302293854,-304.05768617938486,-300.90342845649013,156.33576189083715
0.5975,0.6616609133958692,-0.5263018405145634,-0.4689813906707733,0.02793681471267,-0.0676808917341649,-0.0077791592038039,-0.00563262578832,0.0051948475951812,0.0724811775916401,0.9973401195554044,-0.0151156900432484,-0.0748084924572524,7.407842631164239,0.0601704522063317,0.0446705586147297,0.90652916653915,10.975978360507508,-0.0079644760012004,1.010153041315781,993.7320652685473,990.8841520363331,985.0099852474417,984.5370892863072,-602.3230025914921,-35.98758608579825,-393.32810174073495,-137.41911406762017,156.33787783567948
0.5999999999999999,0.7638466095745823,-0.6664735699196374,-0.3737688167590759,0.0297539427893144,-0.0683857184616843,-0.0093131532606175,-0.0055288984638013,0.0051176095980448,0.0724685022171136,0.9973420427608928,-0.015309485902786,-0.0727692371953932,7.387900198540822,0.0607552136246571,0.0449980665365578,0.9004697380088944,10.976130485183509,-0.0078076477684031,1.0124134016324735,991.8512452017632,990.6795059753229,983.8599851373089,984.3746307990712,-758.8755711917422,-134.61269317440372,-447.93396877330406,-1.0291457145967788,156.3402773169611
0.6025,0.855723054442449,-0.8054281360660692,-0.2732860550366671,0.0322150493618871,-0.0696741241405391,-0.0100013128954438,-0.0054223053626971,0.0050406599716908,0.0724527036129063,0.9973441919767044,-0.0155378640582059,-0.0702466872527908,7.368000105323875,0.0613393406298128,0.0453341161804256,0.8943490210514237,10.976282008071275,-0.0076483973237074,1.0146571810813418,989.9376874125888,990.2110885704611,982.7703154035754,984.5319435577344,-803.9080116097914,-265.7925117260445,-453.1788041306522,90.72362424294617,156.34216043106596
0.6049999999999999,0.9262572264690992,-0.9354119002438616,-0.1587387426686599,0.0354933759038966,-0.0721087222497658,-0.0103511404982214,-0.0053224752022967,0.0049639820621672,0.0724352552146778,0.9973464043372008,-0.0158164509676077,-0.0674207391392799,7.348233793830025,0.0619217110171956,0.0456596347965477,0.8881722340426976,10.976434074567887,-0.0074871766753671,1.0168842708148076,987.8317051437142,989.3505434166927,981.5940911166558,984.8282489202858,-844.5999089220313,-412.56310459693816,-474.6612388344825,113.2407597505561,156.34392317909783
0.6075,0.9682074048531552,-1.032734096497216,-0.0368141868458637,0.0386979872133532,-0.0753816347319227,-0.0107386273084102,-0.0052336164180633,0.0048859254986334,0.0724132015407056,0.9973488762098746,-0.016128103731368,-0.0643928011851962,7.3286888681894595,0.0625037286794385,0.0459660501500248,0.8819442872885112,10.976587565903172,-0.0073237962983843,1.0190943845689235,985.7146878679785,988.1482730474764,980.3970092094029,985.0981473564871,-815.5275696734855,-556.0636832303085,-472.21865309299994,69.99254136817393,156.34558695860963
0.6099999999999999,0.9782075805916184,-1.0698275087563625,0.0889359651327321,0.0410949986579718,-0.079072937186748,-0.0108954007777323,-0.005157041745617,0.0048034582234323,0.0723846797448109,0.9973517482870428,-0.0164288359897944,-0.0612246319729921,7.30944814916596,0.0630890303443798,0.0462501398253952,0.8756697978522308,10.97674254425718,-0.0071578906725516,1.0212857879137545,983.7540672953469,986.5702250005413,979.2329978511904,985.1782116271268,-795.2143534447479,-760.6078030114525,-493.90455243276347,-38.231191482759606,156.3471330246911
0.6125,0.965506628863176,-1.0388903636943168,0.2340663235036414,0.0435503018042522,-0.083291077215636,-0.0100577847699978,-0.0050937783211034,0.0047102783797982,0.0723497461333452,0.9973550405861507,-0.0166226918052683,-0.0579794677906452,7.290589177172744,0.0636865341550445,0.0465092789461275,0.8693527273407419,10.976898517903392,-0.0069891828535636,1.0234561711997359,981.7386161007548,984.3452340324192,977.9274864472391,984.9069913990733,-673.4665787992293,-851.4642849009525,-460.08756208766454,-172.3930746401946,156.34885509049943
0.6149999999999999,0.9415682111761312,-0.9613371889584622,0.3434402743758151,0.0459486089223382,-0.0862097916511076,-0.0086839002199749,-0.0050425539838485,0.004603637488509,0.0723091953558751,0.9973587150333366,-0.0166587100953202,-0.054686147534873,7.272185579468502,0.0642987395388863,0.0467462364995098,0.8629963645875178,10.977056027750981,-0.0068187194353799,1.025606481258729,980.3867344013505,982.3129035760364,976.9325600407522,984.3162462539258,-478.8514961800952,-827.6119182715084,-379.9320741280095,-316.28881730478014,156.35018177853377
0.6175,0.910639597007134,-0.8559472405734203,0.4412482100106149,0.0484748379879173,-0.0881803721908144,-0.0075395662034141,-0.0049957964641158,0.0044859359323811,0.0722644121802748,0.9973626982924082,-0.0165489512306261,-0.0512808342480017,7.254308225486429,0.0649198196475069,0.0469763198357136,0.8566024463333534,10.9772160543053,-0.0066484310704183,1.0277396052497403,979.3443586198543,980.2071744410616,976.027826076599,983.3255473125491,-380.47773194591593,-843.2228105415097,-351.10360346063743,-461.15723403147473,156.35139977209204
0.6199999999999999,0.8815810622615124,-0.7493143657223543,0.5357584368153137,0.050546138416588,-0.0894448558175075,-0.0069770907251434,-0.0049454354347957,0.0043638435173364,0.0722201183807693,0.9973666591154514,-0.0163610391041842,-0.0476941065375608,7.23702606630797,0.0655371591293339,0.0472166439547152,0.8501712569968491,10.977378637699216,-0.0064803337453943,1.0298583149902043,978.4843457416209,978.096789523329,975.177042023449,982.0104600837683,-323.24153989120504,-841.7013068487668,-334.73725708379305,-599.5967816928663,156.35253088425372
0.6225,0.8655541834543661,-0.6608852705415176,0.6306426572724824,0.052008310898857,-0.0901634017913676,-0.0067738357121867,-0.0048872158265706,0.0042440754812805,0.0721846115287137,0.9973699883505996,-0.0161615082007678,-0.0439180000200606,7.220406824000458,0.0661384386514981,0.0474779860739205,0.8437015770750707,10.977542812281047,-0.0063157475231927,1.0319640152762144,977.7281509203984,975.9986679068176,974.35413979118,980.3275634040849,-334.75723923388585,-926.6716113684872,-366.9910190566949,-816.0583475698779,156.35356160374195
0.625,0.867639848441283,-0.5846045776178634,0.7319417412156438,0.0536752604074483,-0.0908750996944604,-0.0057882193929736,-0.0048208756639064,0.0041264958034344,0.0721605107250274,0.9973724970158842,-0.0159181578737122,-0.0400132237675743,7.204517240987772,0.0667223236702069,0.0477646773121142,0.8371901791638691,10.977708522214984,-0.006155477967682,1.0340578150538646,976.8105595454515,973.4634314664864,973.3420869281657,977.930168345919,-349.4360962103425,-940.238155573001,-384.4397713938175,-931.3519773020736,156.35468841628645
0.6275,0.8822283869547042,-0.5389429431017805,0.781862578410062,0.0556017465368471,-0.0916711365356876,-0.0038228270341893,-0.0047437369191129,0.0040088732956886,0.0721426540186808,0.9973745803946344,-0.015564218638339,-0.0360105157893415,7.189424056851819,0.0672907454820038,0.0480857376561681,0.8306322872167278,10.977876230576404,-0.005998666929426,1.0361403246598315,975.9809704393466,971.2974771289528,972.4319409342108,975.6708035175745,-347.8379634768541,-883.037106151368,-389.60099516270895,-939.4704544910602,156.35554026876324
0.63,0.896911498111965,-0.4912130921263203,0.7616089461160646,0.0580928239195456,-0.0929479902790693,-0.0009289998219079,-0.0046449817547395,0.0038924887497716,0.0721261584346371,0.9973766390858866,-0.0150742070284872,-0.0318233506263334,7.175193945486152,0.0678411114800652,0.0484629937697412,0.8240224031111093,10.978046955164723,-0.0058447256425985,1.0382141334403263,975.0713697280672,969.0482459357297,971.394081952352,973.2328160734637,-409.7412907107352,-1005.2023533698264,-498.49582336139474,-1085.6554332612848,156.35630726179056
0.6325,0.9013190518334752,-0.4022462356184897,0.6290813920586932,0.0613387790174444,-0.0950359489067661,0.0029408347756169,-0.0045172158718882,0.0037777364451282,0.0721089008054545,0.997378862869556,-0.0144141751733339,-0.0274171453139106,7.1618914650966445,0.068372739629478,0.0489101871203703,0.817355947537947,10.978220762740984,-0.0056925435501838,1.0402799651552914,973.9322639857928,966.2714653621036,969.9394618174042,970.2425263512681,-413.37993998208697,-1020.9423069008144,-573.8207745830546,-1084.108414498245,156.35713627416732
0.635,0.8907441408875246,-0.2854600652162564,0.4271665902690552,0.06387471172193,-0.0969017030426719,0.0060250750495606,-0.0043687845901493,0.0036583204172602,0.0720875084959203,0.99738147829035,-0.0134739328344465,-0.0229869675109828,7.149576498656708,0.0688946240756364,0.0494126963369131,0.8106310307741509,10.978397642155516,-0.0055400738119754,1.0423342418839756,973.0044700281568,963.9435344012256,968.5249780794368,967.8122740009725,-348.45761825758893,-914.7930546103444,-606.3388941732904,-933.4125928123505,156.35775601833117
0.6375,0.8695481025683506,-0.1195129121256144,0.1571580752168726,0.0657853941537631,-0.0982477199297878,0.0080853741130881,-0.004212757935595,0.0035298415165425,0.0720629739176087,0.9973843689534772,-0.0121801547400793,-0.0187880813048806,7.138302253999409,0.0694135000804916,0.0499462181354178,0.8038494162264918,10.97857622112761,-0.0053847255484085,1.0443716836316268,972.189975894505,961.697500089052,966.9077673465376,965.5754633872064,-293.4124094861315,-867.5073755900477,-671.0899079564791,-848.1309796030465,156.3583081437259
0.64,0.8442858387520861,0.0786198430039198,-0.1286548107332159,0.0672734898572641,-0.098792454649869,0.0084280709925037,-0.0040544136262806,0.0033968792683293,0.072038656608602,0.997387250196584,-0.0105859111149157,-0.0149472894755019,7.128112006246361,0.0699242481721239,0.0504981835482522,0.7970165079264206,10.978753718323055,-0.0052243264930217,1.0463878911913536,971.5374079807262,959.6059975232752,965.1695285396544,963.5716191029571,-209.56983411488628,-779.1616943730497,-703.0643536092534,-736.923307527529,156.35880891172624
0.6424999999999998,0.81406342080788,0.294900634035115,-0.3719548846312152,0.0686879397300762,-0.0981490685521011,0.0063672869191937,-0.0038944109616341,0.0032688676015935,0.0720184200834818,0.99738980975803,-0.0088164240424686,-0.0115105449630179,7.11903485431599,0.0704164370305812,0.0510624853693764,0.7901408690276887,10.978927244422769,-0.0050584155525677,1.0483808488439297,971.1421267239303,957.8016916171869,963.3924455784912,961.8908468495688,-108.06991060696863,-707.4890825650748,-755.4139641937575,-666.1802078662726,156.3592534965824
0.645,0.760620898843268,0.5466224614245465,-0.5489455202860865,0.0705987868691722,-0.0962833463475425,0.0023071220886798,-0.0037358005236621,0.0031558059377997,0.0720093280037875,0.9973914977381656,-0.0070162054213366,-0.0085459454332509,7.111082333626299,0.0708805010088154,0.0516280407443993,0.7832336917141224,10.979095558632299,-0.0048887407896969,1.0503518095248872,970.9970584276914,956.0685521104499,961.3924587186858,960.2407180636258,-2.414602210183145,-555.5083292783588,-685.1056315273803,-551.917694129224,156.35972926271867
0.6474999999999999,0.6871686349518983,0.734150734957582,-0.579238119191346,0.0725005630018964,-0.09441049621047,-0.0011036230659501,-0.0035918955397979,0.0030587865582987,0.0720137587960169,0.9973920874061786,-0.005224546315794,-0.0062622457016464,7.10424543214728,0.0713200807510234,0.0521675655112777,0.7763076039073482,10.979259119989749,-0.0047167378215746,1.0523010728180893,971.1300537128797,955.0241499707948,959.9669174208544,959.1312583789229,90.68215549091283,-334.50977296881746,-496.13708542242375,-402.6102551706341,156.3600826607095
0.65,0.5651199894964932,0.887681222342265,-0.4993931597315925,0.0747980003842908,-0.0924656669290511,-0.0036673061010383,-0.0034714508392103,0.0029708681134395,0.0720268767081354,0.9973919135077844,-0.0033737055278341,-0.0047966839591561,7.098492400046691,0.0717507140087502,0.0526620600535844,0.7693743304053763,10.979418900720558,-0.0045422173127369,1.0542271696754653,971.450469205146,954.3960032456058,958.9117732915735,958.2276667877728,157.03554257829623,-191.25780473286775,-366.1868907228605,-366.0471131464643,156.36039708538675
0.6524999999999999,0.3513856476632746,1.0236580128332955,-0.3251988072835013,0.0776472628152535,-0.0897893576983943,-0.0051419983327716,-0.0033744770217164,0.0028868972258376,0.0720421042285596,0.9973914647268524,-0.00142256064234,-0.0041476042029281,7.0937695280918955,0.0721846867517847,0.0531075592505643,0.7624446626222751,10.979576269928234,-0.0043652045961573,1.0561299199680865,971.9152314257713,954.0678609471306,958.13598296724,957.3010228131903,161.7086791753762,-63.4379217307241,-204.7393677752096,-321.401046601363,156.36073564279425
0.655,0.1240551084367381,1.0896025420375413,-0.161244911037273,0.0793537024442069,-0.0870574887845756,-0.0047980763590633,-0.0032975380700353,0.002807033126371,0.0720570613301798,0.9973909254072824,0.0005906734151921,-0.0042485292506533,7.0900033731684635,0.0726253832881837,0.0535063612697544,0.7555286264680661,10.979733155035635,-0.0041871115355531,1.0580108977769795,972.2590126010227,954.0788136369522,957.8880764526974,956.6206615547658,106.29299948791405,42.84067181922634,-29.574715009198343,-255.35723610164476,156.36098985519897
0.6574999999999999,-0.1259315245482112,1.0990231248940823,-0.0270388605516812,0.079515925052253,-0.0836453003920049,-0.0034741398860897,-0.0032385725319044,0.002733457280342,0.0720736818128163,0.997390159840014,0.0025925173622528,-0.0050414956909346,7.087103456257293,0.0730717765038317,0.0538593669911609,0.748634802859929,10.979891075146767,-0.0040094825788048,1.0598718443249528,972.4466964232108,954.2820643062269,957.9881093921939,956.0242366326822,40.257942040830095,97.59709366976485,82.42603429214334,-221.6885029694365,156.36122004754378
0.66,-0.3645396242134469,1.0619365938482812,0.0611481759499492,0.0784122466887629,-0.0798480984643077,-0.0020671683649359,-0.0031982876983415,0.0026641521900837,0.0720924909691655,0.9973891373810496,0.0045626504392184,-0.0065039328025387,7.084965266898914,0.0735269282065148,0.0541642578773282,0.7417690590880571,10.980050948258585,-0.0038322233705553,1.0617131544641836,972.460302311227,954.566799105301,958.3002066241581,955.5122190399187,-34.79094761398753,117.65695670346749,154.3295367400104,-179.33502216924336,156.36143381733152
0.6624999999999999,-0.5555943480990239,0.9844012955500856,0.0903418689785241,0.0762206115444586,-0.0764060013174486,-0.0011197291351058,-0.0031726509145924,0.0025958009304584,0.072110179190358,0.997388123277722,0.0065028848411183,-0.0085412058401656,7.083474679585365,0.0739940887407986,0.054427237059807,0.7349336319843122,10.980213601392023,-0.0036543163440081,1.0635360278229575,972.2727416851408,954.870349089744,958.7597570758941,955.127561521836,-112.18873237635296,123.65503356288616,208.06800751313384,-137.02299420028783,156.36163167728003
0.665,-0.7028792261278634,0.8862236488551383,0.0730495267819109,0.0729937804096582,-0.0736454390800973,-0.000680276406335,-0.0031493465367519,0.002528785013298,0.0721225453591735,0.9973874622193942,0.0083729767614581,-0.010934274921909,7.082513613563251,0.0744702754443165,0.0546678327804006,0.7281271237507055,10.980379634753355,-0.0034754633606409,1.0653433532520766,971.8993586493452,955.1850742731153,959.3405466617238,954.8271040689172,-142.99611888454808,101.57244458791855,198.89893477270545,-85.4259270642614,156.36185504714578
0.6674999999999999,-0.7536409635584878,0.8380095084709925,0.033234970866433,0.0703315944247572,-0.072595034692407,-0.0008508967604533,-0.0031157699371976,0.0024633466418907,0.0721266699898395,0.9973874074000448,0.0101389786481355,-0.0134590830863235,7.081965163053453,0.0749517806352548,0.0549060474492651,0.7213449662241,10.98054976888464,-0.0032965717214333,1.0671389438013235,971.557761090718,955.3782113126836,959.7542517497576,954.7004318865149,-121.29467953259324,61.48978664734835,132.06957845118257,-30.37310043496288,156.36203204124735
0.67,-0.7431033403191639,0.861540009947086,-0.0125919908271541,0.0682444402579923,-0.0724243405959219,-0.00141975594297,-0.0030690177222312,0.0023960838935176,0.0721195722421851,0.9973881924900972,0.0118138374159645,-0.0160327626667167,7.081718124295463,0.0754384296388372,0.0551478486372862,0.714580640547977,10.980725187053,-0.0031190054236981,1.0689244160506066,971.2928852516823,955.492523206352,960.0008945539795,954.6752385667425,-83.38027612810485,34.92079051786729,60.928602712465306,3.093045684590831,156.36220190312656
0.6724999999999999,-0.6999086378318204,0.9543515183035356,-0.0537393976634579,0.0668592903043247,-0.072388132576293,-0.0021115122489448,-0.0030113839427883,0.002323943534972,0.0721008154886084,0.9973898498260356,0.0134065410621373,-0.0186479420083934,7.081670876340913,0.0759290709436604,0.0553919361054796,0.7078265932865133,10.980906053147235,-0.0029431358788824,1.0706990746924463,971.1408597100776,955.552815265273,960.05889476332,954.7158971149375,-34.83880356752704,16.689058561018996,-28.055077172734826,30.35540779519576,156.36236710512435
0.675,-0.6387083596691675,1.1118835828818951,-0.0868108242491341,0.0662058426896625,-0.0715425374520008,-0.0025650917929264,-0.0029401394073986,0.0022455245487356,0.0720718357983728,0.9973922889061207,0.0149140558771732,-0.0212279781199136,7.081733626188632,0.0764213910698795,0.0556442218999887,0.7010741588907435,10.981091060449817,-0.0027680837503546,1.0724616267377836,971.1186912338446,955.5759684991572,959.860619168116,954.8270156057184,1.228858502327056,9.963997524027937,-144.79373479955467,67.05365100892772,156.36252760749193
0.6774999999999999,-0.5582316582165086,1.3147802792159715,-0.1224930347919234,0.0658156484709766,-0.0685236899137012,-0.0025303821988941,-0.0028485342009825,0.0021619724844193,0.072037567247746,0.9973951748155117,0.0163070565016682,-0.0236411340118149,7.081830077077536,0.0769113982468168,0.0559155793006994,0.694314653928813,10.981278220434936,-0.0025931208405784,1.0742118116565536,971.1470040025891,955.6026352528932,959.3349260893223,955.0511653699824,-2.7414799644702703,14.49891021479742,-233.20495937437025,101.46328318762689,156.36271516054887
0.68,-0.4804634357615391,1.4363516314679903,-0.1527444912399289,0.0653423641153393,-0.0641449271225253,-0.0022279395091431,-0.0027328426813248,0.0020796476089881,0.0720068387101953,0.997397869016688,0.0174837721027101,-0.0257975530232956,7.081898318524488,0.0773895993060518,0.0562118724251744,0.687541383555683,10.981465942101048,-0.0024188467453592,1.0759506834095387,971.1049838340223,955.6484630502312,958.6945943712442,955.3343320216563,-57.03669025849644,25.863223521173477,-283.97655981621006,139.57353980829328,156.3628669355578
0.6824999999999999,-0.3696722341199164,1.4443188863170215,-0.1803290840664484,0.0640708610472338,-0.0584429062490746,-0.0021749210539761,-0.0026018673450877,0.0019991249526688,0.0719837530894799,0.9974000439395768,0.0184136443019958,-0.0277924829121668,7.081887913008185,0.0778544508188079,0.056521352965283,0.6807499967935317,10.981653409388676,-0.0022460159029004,1.0776766645081384,970.8618205512967,955.731951370499,957.9150432902413,955.7490330690237,-170.8539019195085,44.59557900511295,-357.7963301692986,217.0785442518761,156.36301287753955
0.685,-0.1678598234222354,1.2837183042379219,-0.1951554502551917,0.0613898036284376,-0.0515551855945354,-0.0027837367937554,-0.0024679660328781,0.0019206566373471,0.071968929096359,0.9974016161219568,0.0190679647759165,-0.0297734478801071,7.081758260124138,0.0783055821108373,0.0568277423741935,0.6739388796899975,10.981839828147203,-0.0020745424997869,1.0793864735736327,970.2507143244248,955.8714409452568,956.9056127203978,956.419724742916,-275.1898945307855,56.09683192431016,-373.37170908649534,272.42845913897304,156.36317869613094
0.6875,0.0668089838390506,1.0134321257494276,-0.1783048207331963,0.0588410962317422,-0.0468440865531055,-0.0038865996384609,-0.002338754764361,0.0018459541197168,0.0719614252853885,0.9974026283359756,0.0194019048174417,-0.0318206364093538,7.081475952742782,0.0787421848977607,0.0571211818784385,0.6671087391035136,10.982024244054063,-0.001902937247814,1.08107677436246,969.4858710786428,956.0124355301203,956.0481847448089,957.1111753647185,-339.29775003348334,61.09671200615588,-342.70232402636765,292.8984055993393,156.363306374597
0.69,0.347387119827121,0.6450132465917122,-0.1205227119685041,0.057555290155743,-0.044248087463418,-0.005303818200984,-0.0022175619710616,0.0017797246840572,0.071961868903303,0.9974030195197326,0.0193314166128146,-0.0339513473316681,7.081012204511116,0.0791610224897725,0.0573968772123349,0.660262752824462,10.982205728608877,-0.0017297623228331,1.0827452885619837,968.5542255742573,956.1769245052877,955.1921011002657,957.8842167709126,-377.56558958287735,72.33786237843553,-344.29461991096525,308.53132399849954,156.36341890053893
0.6925,0.6214674019735987,0.2450259390366529,-0.0314885737397288,0.058305663728421,-0.0438068268543587,-0.0063875381331594,-0.0021062617926063,0.0017279365808243,0.0719725896544053,0.997402608652898,0.0187542456843779,-0.0361607783365574,7.080339837731641,0.0795581546199473,0.057651051634822,0.6534061335822349,10.982383750028962,-0.0015545555028475,1.084391668672731,967.5980431307283,956.3741248420127,954.3267116452541,958.6538319847112,-360.1804751197502,95.01055597222593,-353.55121479351476,285.2816345708104,156.36351488554723
0.695,0.817147246856037,-0.1330860894947547,0.0772405276292912,0.0614736277448034,-0.0452752801288849,-0.0063195002280298,-0.0020097176521087,0.0016859218606023,0.0719913698436179,0.9974015508538004,0.0177132639259955,-0.0384947391141836,7.079428834065136,0.0799426599274372,0.0578753136354628,0.6465441506157766,10.982559100471793,-0.0013774648441117,1.0860154099918775,966.7533231986584,956.6519772851487,953.4243450262983,959.3106249437667,-318.47717729399363,155.6784495269538,-411.47877671851313,234.15618705130308,156.36358509618643
0.6975,0.8827328095521251,-0.5076083099248359,0.1995059040025344,0.066626720854842,-0.048006730151161,-0.0052129386832238,-0.0019304950196346,0.0016466374407218,0.0720153803912067,0.9974000554641866,0.0162859454017558,-0.040966966719158,7.0782463593474,0.0803258144178003,0.0580641149710151,0.6396818619995859,10.982733290987275,-0.0011988423647004,1.0876171575491187,966.0056572442584,957.1525170896476,952.2693177616611,959.8246129199676,-219.8940612547856,220.8974189630224,-437.5953072546277,125.33402696585642,156.3636307235697
0.7,0.7651087234309366,-0.7362830812442719,0.2763089215788431,0.0711282426776435,-0.0505935405128545,-0.0040913844695209,-0.0018635205636996,0.0016048281040935,0.072040276855684,0.9973984544403892,0.0145321611839281,-0.043479298411776,7.076757116514496,0.0807156852447091,0.0582221577665592,0.6328232655752272,10.982907988826584,-0.0010182102529423,1.0891984694617112,965.6538528923846,957.7564643799639,951.2363684900253,959.9372950785962,-85.46423431637315,284.1787029936538,-426.5256476817736,-32.074536240065726,156.3636291845068
0.7025,0.4717618581808201,-0.8799269768206552,0.3152603294248039,0.0748402932009682,-0.0532061463722018,-0.0030222607452006,-0.0018017656248251,0.0015594323511399,0.0720649508260676,0.9973968448262304,0.0124560695747306,-0.0459009557308764,7.074924387798528,0.0811141277267817,0.0583564742866008,0.6259717559093882,10.98308366681697,-0.0008350992575274,1.090760570259032,965.5783360726765,958.5734106046157,950.1366895232525,959.6642402387672,15.064708568957352,399.5308464239855,-492.5333212909996,-206.85039080834017,156.36357685059
0.7049999999999998,-0.0290512307659414,-0.974833086635816,0.3144038377887417,0.0768131127096388,-0.0560672762692804,-0.0017453749454409,-0.001740259817044,0.0015098364368515,0.0720911548793659,0.9973951137806109,0.010056650819689,-0.0481297644652628,7.072710649783198,0.0815213110066172,0.0584713383253959,0.6191296448408166,10.98326011574982,-0.0006497725773397,1.0923042397062188,965.7291764352294,959.7541186120835,948.7737018835701,958.9030431245544,76.60145975087282,450.8204561806447,-498.7218229103969,-338.5411214519078,156.3634438399959
0.7075,-0.5068560556050198,-1.0103048850683687,0.2759818023814006,0.0756229977208522,-0.0582074741793843,-0.0008345073483507,-0.001679815719223,0.0014482416233732,0.0721160125970473,0.997393480981186,0.007433401507723,-0.0501521895859655,7.070078197406168,0.0819439262260183,0.0585647270720799,0.6122971860247319,10.983438048034808,-0.0004631959223235,1.0938298787845573,965.9613433714308,960.827512885519,947.6430804087005,957.9715346315076,86.11192240928169,421.350937074953,-439.00225392469525,-409.6515488248538,156.36326649654416
0.7099999999999999,-0.9677104069667084,-1.0246149347072224,0.2049794261606599,0.0718690836998698,-0.0603849894574605,-0.0002133905242972,-0.0016194971084279,0.0013693593589959,0.072132959178205,0.9973924328433313,0.0046589844879602,-0.0519289470156731,7.066993422451874,0.0823838945795109,0.0586387623585762,0.6054729217662592,10.983618747279948,-0.0002769337765839,1.0953389601393548,966.1597360472758,961.8608732974584,946.5786906139468,956.85478538043,50.11634882921494,382.8601190801006,-405.95011200434743,-456.3551728625266,156.3630111800456
0.7125,-1.370328548616569,-1.036165569066714,0.1134961790347619,0.0672520324412305,-0.0626985599749598,0.000163384840448,-0.0015526021412784,0.0012757210892996,0.0721351546323484,0.9973924741529714,0.0017100277859981,-0.0533354149688518,7.063430455695306,0.0828331678976814,0.0587042965012198,0.5986539920136068,10.983803445047592,-9.184236048051471e-05,1.096833891888278,966.2119251155768,962.7418134809196,945.6133298486787,955.6897587671951,-41.00804265788152,285.6110253556151,-354.41482948456235,-453.68618598843074,156.36268498351956
0.7149999999999999,-1.6781836893810487,-1.0589134618744716,0.0054643651092534,0.0626839993583576,-0.0649521303311299,0.0002727858824266,-0.0014755679503952,0.0011764524428895,0.0721229048776707,0.9973935784316716,-0.0015235126389507,-0.0542914051275744,7.059373294531756,0.083276173288775,0.0587684440416621,0.5918373885943956,10.983992330445057,9.150760949646776e-05,1.0983166618571762,965.9546958339864,963.2889284242365,944.806616466524,954.5863544504879,-210.0306564512264,130.69932433909332,-313.5334152103266,-444.7683152737223,156.36226635261465
0.7175,-1.9323387305951945,-1.1135847888414738,-0.1332428016772184,0.0572969706324656,-0.067352149290512,0.0001089469231357,-0.0013897637115866,0.0010777685524184,0.0721029520606261,0.9973952497186696,-0.0051056366176716,-0.0547970613597694,7.054816466445862,0.083701572685906,0.0588316714821325,0.5850192779442211,10.984183911240446,0.0002733297121715,1.099786926087431,965.1617718333208,963.3953101026148,944.0456627726272,953.4659171908264,-379.39590357386766,-66.13584642375366,-245.0190457558845,-361.42643374841975,156.3616488567151
0.7199999999999999,-2.051259417691083,-1.1862565436731236,-0.2491263032903942,0.0528266965583764,-0.0693464142260892,-0.0002907440570515,-0.0013047588340523,0.0009744595421019,0.0720792719915193,0.997397189196414,-0.0089377496429575,-0.0549867114277571,7.049765693025075,0.0841108971819227,0.0588849114590982,0.5781947275603689,10.984377129154304,0.0004543898620368,1.101242217842418,964.0577163161171,962.9582491921177,943.5815212377444,952.7792222817455,-527.708226590607,-281.0021026198908,-154.69235930404452,-210.688338904424,156.36103280687337
0.7225,-2.0762194377020338,-1.2807540812134475,-0.3561544104369719,0.0480159521035325,-0.0719941684559947,-0.0009976839677359,-0.0012274822242934,0.0008600934591408,0.0720530219641909,0.9973993079227632,-0.012891979967642,-0.0549664831541831,7.044241208571664,0.0845072865030113,0.058923181873329,0.5713583762014977,10.984572008767572,0.0006351427254453,1.1026805040258751,962.5232307003677,961.9902995895155,943.2722009761069,952.4124754963043,-669.6096703176177,-458.03417434617546,-102.90849929961033,-89.17749100121446,156.36030538525307
0.7249999999999999,-2.0220288773236588,-1.381524301589236,-0.4485027285111888,0.042604793803772,-0.0755498364075202,-0.0019566467072315,-0.0011528685908261,0.0007361022502248,0.072024792723594,0.99740156256798,-0.0169303727658319,-0.0546745596961426,7.038279890372747,0.0848863489050691,0.0589561957134823,0.5645048779508379,10.984769233685318,0.000815500582458,1.1041029108851033,960.709667964529,960.6680783203868,943.0669787412464,952.3333348267395,-764.1619666406762,-580.4074854067488,-63.118054292021895,36.84644876286708,156.3594813286659
0.7275,-1.8735870000919663,-1.4761432062291533,-0.5140266091151015,0.0369005649936706,-0.079834041670505,-0.0030880399703033,-0.0010758775862089,0.0006100399183477,0.0719956876992836,0.9974038695835984,-0.0210936219660718,-0.0540523321624461,7.031934495526537,0.0852379296214981,0.0589937287259775,0.557630337794147,10.984968108295396,0.000995185026051,1.1055105921817943,958.7024208671646,959.0882621624816,942.9566107046467,952.5967077401187,-885.6592697658007,-705.6474343031134,-33.099564302165135,186.7289015486902,156.35853574049617
0.7299999999999999,-1.603644880937162,-1.5776306765998191,-0.549422641618867,0.0311067739831262,-0.0847785339375416,-0.0043794334631307,-0.0009983438994128,0.0004894743968646,0.0719700334384709,0.997405907094347,-0.0254236554324555,-0.053146371467048,7.02527207478044,0.0855531985789912,0.0590370056781961,0.5507324801787828,10.985166863897511,0.0011735022695452,1.1069027328895669,956.2813716157002,957.1398411488713,942.9014809197357,953.2669793344832,-859.4335977330038,-691.7089124505532,-10.391284042884754,294.3435690902785,156.35725429503813
0.7325,-1.3267653176027803,-1.6579714614997527,-0.5321846491787541,0.027810866412966,-0.0883886128567622,-0.0056544760675917,-0.000929240750732,0.0003760991368586,0.0719537652415207,0.9974072331057886,-0.0298830918163358,-0.0521163113269673,7.018372461034352,0.0858308665450186,0.0590785443642923,0.543809984333464,10.98536354916261,0.0013498386399693,1.1082767912973364,954.4052528784993,955.629717600229,942.9046542844324,954.0684255855699,-689.926046651953,-556.0677459005542,9.879130050785523,354.7851837728782,156.35605975511302
0.7349999999999999,-1.0286957466068278,-1.74263359618737,-0.4516856440765575,0.0257401461289338,-0.0917686053365082,-0.0076673550116706,-0.00087433625511,0.0002674188535153,0.0719500892013849,0.9974076091726968,-0.0343704176169263,-0.0510860776468533,7.011327622782307,0.0860750378272056,0.0591144281394515,0.5368614406565443,10.985557434099787,0.0015240130049346,1.1096311237075356,952.8317413824402,954.3595024193685,942.9508765699896,955.0409052533475,-596.4597042709778,-496.05081506883784,30.43838846133437,445.5934442628173,156.3547287042316
0.7375,-0.6742321520674763,-1.8492212894631948,-0.273854130142411,0.0238191279547473,-0.096199857959889,-0.0106756829510428,-0.000832967261519,0.0001581233072854,0.0719561579851543,0.9974072408188522,-0.0387379020871007,-0.0500957727682291,7.00424040003141,0.0862928605582855,0.0591479685547654,0.5298849160002829,10.985749299900109,0.0016966115426276,1.110965788451599,951.4229543571444,953.1494635248848,943.056846226739,956.2963928068841,-426.19775733101005,-398.43819576394674,47.90312021507357,457.73486313469186,156.35296804517225
0.7399999999999999,-0.3934544957985579,-1.932791440929906,-0.0698197924853077,0.022456902872872,-0.1004860106293206,-0.0126633297696486,-0.0007972350576312,4.527460654057326e-05,0.0719674940440753,0.9974064570060086,-0.0428650483908305,-0.0490842803550964,6.997223151244945,0.0864890399643793,0.0591895368658224,0.5228783503416706,10.985940119435378,0.0018689497017568,1.1122815463647395,950.7007525957853,952.3673114405487,943.1903921710648,957.329579569021,-193.11131936703967,-283.4224302379878,62.92753443010491,388.51778966427406,156.3513607652684
0.7425,-0.1387490551897168,-1.9924628300439768,0.1510796639756596,0.021511774018814,-0.105402953725804,-0.0125331712348863,-0.0007580508999963,-7.294706908862579e-05,0.071982935749427,0.9974053500780716,-0.046648437695346,-0.0479735279617211,6.990395495223641,0.0866671038191486,0.0592487738384851,0.5158398597392458,10.986130636580032,0.0020419422737087,1.1135795748689732,950.4573977603092,951.7323513736948,943.3714838988896,958.2389817552056,-23.16134105092258,-244.2624716223688,79.04728570761101,326.74955482450486,156.34960375839793
0.7449999999999999,0.0839162831623307,-2.0179712121058393,0.3443439876130969,0.021162916749124,-0.1106579210590444,-0.0103259682324006,-0.0007104224213251,-0.0001980434623765,0.0720041329700673,0.9974038061346177,-0.0499969505247295,-0.0467405862036414,6.983882092847425,0.0868297071351331,0.0593291835778626,0.5087681717320277,10.986321741266176,0.0022157073455565,1.1148613186811316,950.5849458905304,951.145999082437,943.5856285996028,958.9633273431436,129.05267856108355,-237.11534232193097,89.80886139249824,227.8727676295373,156.34771988994103
0.7475,0.2508284002957094,-1.9898423141685,0.4665669259218042,0.0217343647587248,-0.1157910251623579,-0.0069914060316788,-0.0006554571203299,-0.0003383729111149,0.0720274678799039,0.9974020815003372,-0.0527348754869261,-0.0454498831743381,6.9778101449695535,0.0869847684275462,0.059427389214738,0.5016617703800089,10.986514877986764,0.0023906715809304,1.1161263266430563,951.1026611531147,950.5467746620851,943.820528205852,959.3783455933533,300.8134509151884,-277.7888703124743,101.68325541349068,96.38689828445868,156.34568074412752
0.75,0.3639272157968457,-1.885633685032088,0.5227699461359397,0.0235263083836374,-0.1215417964655324,-0.0038314512804846,-0.0005955376856694,-0.0004965224161782,0.0720476989669082,0.9974005488947344,-0.054774248404937,-0.044171422634551,6.972307864144776,0.0871335448527351,0.0595387372010354,0.4945204959043624,10.986710899382595,0.0025671495506206,1.117374240702922,952.0890131451066,949.7570547308745,944.0940448766704,959.4452618345657,409.50929644709464,-304.5120658710172,95.65883575562557,-50.25976498573068,156.34305256211672
0.7525,0.375250811285366,-1.7371762284169536,0.5151325037367122,0.0257448255189341,-0.1261875672330826,-0.0024334913811323,-0.000527982973189,-0.0006691501222117,0.0720591233497774,0.9973996208618336,-0.0561115321318996,-0.0428909706491281,6.967501853116123,0.087271861881479,0.0596634724373447,0.4873448871254292,10.986909687052705,0.0027456503629124,1.1186059702307312,953.1502076353501,949.0242143327299,944.2988223846301,959.1270467684246,457.45731969745935,-308.71123717429293,79.00746623679417,-197.26980183174857,156.34071109684595
0.755,0.3058924373266142,-1.5248398207635998,0.4892992089818197,0.0280683712428794,-0.1307470427512786,-0.0021329217369078,-0.0004489839682301,-0.0008498436802787,0.0720613759971449,0.9973993295768764,-0.0567929458114117,-0.0415668448614138,6.9635141244232095,0.0873941270750006,0.0598015569975083,0.4801364184179367,10.987109925569827,0.002926464767783,1.1198223583788318,954.3762997435938,948.2134985450032,944.4890822078544,958.4589128254071,555.0068394802332,-373.8353431648417,92.52721190293859,-351.5675624979846,156.3382133112983
0.7575,0.1659345589337177,-1.2064683572406856,0.4737301518969699,0.0299907320804514,-0.135468423632675,-0.0023583984736043,-0.0003580926702073,-0.0010341858127066,0.0720587782963861,0.9973993672429616,-0.056849965173107,-0.0401965916830193,6.960459051112986,0.0874983104168582,0.0599483580598776,0.4728975686092677,10.98730968448439,0.0031093324028562,1.12102368148849,955.9252418327512,947.1550376169059,944.7614584441448,957.3692089559347,562.3255704072558,-403.1585637005488,121.44576125003812,-422.40567123124,156.33503745612933
0.76,0.0468975695430701,-0.9051857090896936,0.4840476479480389,0.0302596736634444,-0.1382802916687716,-0.0023123338094416,-0.0002673004807339,-0.0012257064666015,0.0720532457977389,0.9973995820223952,-0.0562273306121423,-0.0389486359071925,6.958440283446278,0.0875900320887062,0.0600875989261858,0.4656324141224112,10.987507386961108,0.0032941228680775,1.1222071784504366,957.1879275956301,946.1977057265004,945.0963110141043,956.3468844692509,477.261612911138,-401.29583566804246,174.38868639653705,-397.2428996794857,156.33224458144727
0.7625,-0.0124403765087868,-0.5944861697658658,0.5101884782126634,0.0289441306274079,-0.1398263081274494,-0.0010943740324704,-0.0001895259800965,-0.0014258164609676,0.0720456656923522,0.9973998996320328,-0.054912626142262,-0.0379929611693308,6.957548346897155,0.0876736644760149,0.0602035633859235,0.4583469865814587,10.987702209207104,0.0034803589179778,1.1233702505004135,958.311549897307,945.1485584385656,945.6334018761277,955.3829944575373,412.9403102669809,-436.05636100112366,258.08625386398467,-350.34178264074825,156.32930370226944
0.765,0.0165869963050847,-0.2973566419826467,0.535487299032366,0.0270140193608567,-0.1404638881728151,0.0010662478756367,-0.00012638952399,-0.0016313709693321,0.0720352184995944,0.9974003778113288,-0.0529587060176618,-0.0373304427504449,6.95785796442662,0.0877507152450553,0.0602927282466333,0.4510479084933691,10.98789403733873,0.0036679090384279,1.1245121171301506,959.2526291469648,944.0174239214947,946.3867422834245,954.5951755560473,323.3048694816941,-468.13431951468334,356.2653468011828,-250.5325008067755,156.32624351675943
0.7675,0.1741789690432824,-0.0372157818311219,0.5498315349149495,0.025453026561871,-0.1402175042397526,0.0032175953489612,-7.106288464009397e-05,-0.0018362797915933,0.0720223318669653,0.9974009929061136,-0.0504646979526916,-0.0368358905562207,6.959425604782256,0.0878213287289951,0.0603600405652222,0.4437421099197834,10.988083373930312,0.0038566239157689,1.1256334559741887,959.9280742447155,942.8078868409923,947.4147286101335,954.1303319535034,235.5567579949136,-534.6878532806836,507.13686237593214,-118.53514962676844,156.32304392756137
0.77,0.5035120059927951,0.2165175805227273,0.558855027535077,0.0247338545352697,-0.1391221538974302,0.0046159817213079,-1.51961028763424e-05,-0.0020339240444218,0.0720121981681186,0.9974013820024484,-0.0475494314623709,-0.0363585988700296,6.962287616724398,0.087886201519905,0.0604117133844163,0.4364369382109083,10.988270967625972,0.0040454969017883,1.1267350846457127,960.4304129369395,941.3439846550912,948.922426595304,954.0024998079134,140.59549991109475,-521.0190124861467,585.5669837060884,20.32080270767026,156.31904937869686
0.7724999999999999,0.8658865408442304,0.3771938136864796,0.5676421972103277,0.0253140383490094,-0.1376957443693986,0.0049567722117637,4.2935206921487657e-05,-0.0022190747032285,0.0720109300979557,0.997401115173262,-0.0443324329373097,-0.0358394379457301,6.966458995774596,0.087947003197001,0.0604488100788318,0.4291406130282085,10.988457023264187,0.0042330803799406,1.1278170608844016,960.6310517442707,940.2027917785616,950.3425635286638,954.2319359670416,50.89415889799506,-416.23922303021993,583.0078168693029,144.01125171530097,156.31559611846092
0.775,1.2648095305024403,0.4947783169120777,0.5773956472801405,0.0276920980595773,-0.1360309797041989,0.0055113759875143,0.0001020539188808,-0.002391384589528,0.0720194816092235,0.9974001258647734,-0.0408805669001559,-0.0352661759825419,6.971932568503768,0.0880084828862959,0.0604715742147048,0.4218609174140606,10.9886415616991,0.0044180216506445,1.1288792434729256,960.6848837314296,939.2627885399402,951.8374656796506,954.7225560664898,11.39414262977424,-327.22406663574446,595.9664461900041,220.3504088590533,156.31201962762947
0.7774999999999999,1.6447625602588094,0.5924072678711059,0.5759528516284235,0.0319434978587961,-0.1345512618494739,0.0068337276561837,0.0001648442478877,-0.002556441906778,0.0720307942492344,0.997398910697498,-0.0371843797496852,-0.0345796522403632,6.978678782096605,0.0880788238444871,0.0604856190937351,0.4146038555225748,10.988825423709539,0.0046004382686629,1.1299222398669175,960.6880224574198,938.5666714453829,953.3223957596138,955.3336880113369,6.0736474540590235,-208.80650918136303,575.7916434750309,247.41932364238411,156.3083456394716
0.78,1.947089951314224,0.6909116358671071,0.5399133093563969,0.038087450858188,-0.1336042031211804,0.0091016691595922,0.0002348758979922,-0.0027177219126667,0.0720399315500656,0.997397819440952,-0.0332705477311933,-0.0337103223641202,6.986646849853256,0.0881635046515507,0.0604975338790013,0.407375202143348,10.989009032196252,0.0047809791559236,1.1309471185985005,960.7152519686998,938.2187559940335,954.7164238970257,955.9596526847016,37.05836796891614,-71.74765672771167,574.3851801752267,248.3683399011395,156.3045600781499
0.7824999999999999,2.1766082034151255,0.837163877530222,0.4392567703526494,0.0461613123161026,-0.1326710638385721,0.0119729108959482,0.000314087397895,-0.0028734510383119,0.0720477172491982,0.9973968008517792,-0.0292455257449637,-0.0326116452017013,6.9957664252202525,0.0882631263277668,0.060512024434517,0.4001812779815958,10.989192670915893,0.0049593939800151,1.1319550424845453,960.8733142972643,938.2079331617443,956.1943216604899,956.5755297108428,90.66732628946275,55.58325435983984,497.65915488542254,187.348869914649,156.2998965410996
0.785,2.250747235933461,0.990219655288283,0.3102778431521257,0.0524385575470123,-0.1316196935484881,0.013689329233869,0.0004000171516368,-0.0030189300827919,0.0720588733611056,0.9973955318064006,-0.0252634089647083,-0.0313021093914296,7.005949490027614,0.0883751742776662,0.0605297127899652,0.3930290006350908,10.98937656115778,0.0051348728457768,1.1329466397246395,961.1685886001472,938.4966722658327,957.2047196714528,956.8963970342749,163.22440979488405,161.74695600184336,345.90513963057646,78.97965255835963,156.29591549293022
0.7874999999999999,2.219509734565991,1.1663483614478267,0.1549663532193113,0.0579132069104254,-0.1299189240743976,0.0142979596607128,0.0004867591106042,-0.003154874800987,0.0720749322492173,0.997393904531076,-0.0214056281261166,-0.0298607645656795,7.017091977518083,0.0884998304609154,0.0605485674344772,0.385924536359034,10.989561518431563,0.0053074865267181,1.13392109936328,961.6894363462387,939.0166679417536,957.9238473586429,956.9704279736344,290.90887629010894,265.75945248043786,238.58963464581373,-25.28871445952061,156.2918428175607
0.79,2.090617421598153,1.371943690529302,-0.0288751155990378,0.0635697030815035,-0.1266039543511251,0.0137190861892019,0.0005696865428439,-0.0032911033171717,0.0720909347631114,0.997392249031578,-0.0176210117932551,-0.0283648193572461,7.0290759172658115,0.0886422850427983,0.0605677081137273,0.3788721740720202,10.989748318895805,0.0054791977873528,1.134876108421576,962.6231329815976,939.8254695282349,958.3976678446819,956.7699534619773,398.6329116927888,321.16451751353424,105.62378730844549,-118.25585607396069,156.2868569508319
0.7924999999999999,1.9265730662122156,1.5062792458722243,-0.1600521940762756,0.06765939975018,-0.1225335789617479,0.0125452545997613,0.0006496070450261,-0.0034364460219414,0.072103723107362,0.9973907656669538,-0.0138592836564434,-0.0268210218048963,7.0417734929424896,0.088805986622183,0.0605892676890293,0.3718753372546734,10.98993670309694,0.0056532372915042,1.1358094067449664,963.6826009047027,940.6224905293212,958.4519662951852,956.3791486932648,484.77421128663946,346.03922509263583,-45.75541140131914,-196.23592365589937,156.2826248311459
0.795,1.7163631390540988,1.5669347023161664,-0.2583271652174207,0.0710982374411048,-0.1173311909739248,0.0112876977611562,0.0007293004622399,-0.0035903830158614,0.072115199889612,0.997389318148777,-0.0101896897421799,-0.0252048041609428,7.0550519490002195,0.0889870456964424,0.0606154373004455,0.3649379930862826,10.990125884162603,0.0058316012296939,1.136719713313468,965.0470040380308,941.5556656536979,958.1688907876753,955.7887738436978,594.8371163723317,403.19517562036214,-160.98237319833956,-262.8271958097,156.27831814745429
0.7974999999999999,1.4666821099630627,1.5531682704246776,-0.3328691574872478,0.074276193842723,-0.1118754290870786,0.0104029304892418,0.0008100957850083,-0.0037450046642619,0.0721307604652215,0.9973875440723105,-0.0067759625567335,-0.023509352676532,7.068777949542072,0.0891761211449146,0.0606464436363296,0.3580640801593321,10.99031581175774,0.0060130635450193,1.1376093654413535,966.6567864865644,942.638466407423,957.6470544291934,955.0650127142162,695.1651692294485,482.45242130596984,-250.13491778981887,-311.1345197936541,156.2739535427899
0.8,1.1558906571062528,1.4580972369218912,-0.3901428783670216,0.0775542914371307,-0.1072466896861883,0.0099612435737799,0.0008915441131241,-0.0038947756910192,0.0721521093960488,0.9973853412654036,-0.0037383512081358,-0.0217589303740568,7.082820970225639,0.0893650403859776,0.0606816605723769,0.3512552533890011,10.990506509584135,0.006195793129534,1.138481209494559,968.5228298841779,943.967927760228,956.9182161987264,954.2331012447297,860.3507934609744,658.3914573787291,-342.8401678395855,-372.90612608594495,156.26952350269164
0.8024999999999999,0.6908223327870894,1.287097789926134,-0.4503861940178893,0.0814306104750988,-0.1034431130125517,0.0091530007231682,0.0009774021653869,-0.0040395864528034,0.0721728279297783,0.9973831695250776,-0.0011032021930778,-0.0199263112084204,7.097057090776684,0.0895486263877997,0.0607248123930225,0.34450923846524,10.990699560988244,0.0063783912436415,1.139338479710183,970.9585404538691,945.9304236943168,955.9328535899955,953.2004820837866,904.4592163928648,787.2046398824061,-360.78721673577513,-367.981839948629,156.26413706656615
0.805,0.2192306371910907,1.13054870077805,-0.4964148562808483,0.0839391185376041,-0.1015692876733235,0.0080782382464916,0.0010738510039772,-0.0041769038073903,0.0721876173816224,0.9973814169741636,0.0010852033687398,-0.0179494774621362,7.111374371135923,0.089720268499416,0.0607813420244572,0.337821505775154,10.990896014690394,0.0065600153070635,1.1401841316115686,973.0451259661425,947.90395095964,955.1142801150473,952.3931920449864,815.3318510911041,855.601846950366,-308.4516748717985,-290.3578079380392,156.25959310001707
0.8074999999999999,-0.3279547526106377,0.9890933928388028,-0.5382175222555436,0.0851071755865668,-0.1003196921724361,0.0068138702882235,0.0011824963422464,-0.0043033481256557,0.072196285621966,0.9973801127171608,0.0027794717617878,-0.0158320490239493,7.125676789459136,0.0898736213095109,0.060852688729138,0.3311864934551168,10.9910951952364,0.0067398942530188,1.1410199367068534,975.0351997093248,950.2084329290685,954.3905952156366,951.7486930440963,815.4389573870042,1069.2180223713185,-283.9444128712328,-222.7651817280728,156.25499511509622
0.81,-1.0293876452267925,0.8465348626686268,-0.5829987265725375,0.0844411343724851,-0.0985822124296321,0.0054022652166379,0.0012964852707604,-0.0044161655017521,0.0722020254413106,0.997379048387482,0.0039451373850754,-0.0136998304126727,7.13988735153858,0.0900036129166319,0.0609340270381894,0.3245987529822391,10.991295548454916,0.0069175584599403,1.1418452893596032,977.1223207530775,953.2500410714963,953.6945580506912,951.279366136346,690.1874811741658,1136.6467174334948,-223.28975941632032,-109.22990914320953,156.2494181258096
0.8125,-1.6027271063180066,0.7429760798994857,-0.61440903359123,0.0815457320562705,-0.0966790211305454,0.0044894699560035,0.0014103787179261,-0.0045135116373725,0.0722054514082937,0.9973781986788732,0.0045734974859882,-0.0116599202097972,7.153949658641525,0.0901065576010139,0.0610217975142862,0.3180525123915632,10.99149560277478,0.0070935030322304,1.142657704777425,978.4861371151956,955.891666516236,953.274146418555,951.2025434983801,445.3658445005199,1043.450456705522,-135.86657189077857,39.93228003489545,156.2447228159558
0.815,-2.095893568605139,0.6399406030519048,-0.6321816935714816,0.0759092318636521,-0.0945276283243938,0.0034922849583979,0.001525754133026,-0.0046014417714509,0.0722008309577767,0.9973779524279892,0.0047856885782304,-0.0097262512298592,7.167827447936122,0.0901842280082881,0.0611171672245638,0.3115404242265818,10.99169470907588,0.0072699693009936,1.143454202162486,979.34914997558,958.467293355024,953.0152251912373,951.4790275365203,253.6829096226254,991.9633058765603,-78.74173671805232,165.76417333940284,156.23997923973357
0.8175,-2.476424500061315,0.5286490970188554,-0.6264761556267824,0.0685518550614696,-0.0925512999554943,0.0019583043703521,0.0016498143621873,-0.0046885809475874,0.0721845301610941,0.9973785268991529,0.0047543990115752,-0.0078328774281691,7.181505506456186,0.0902409064681396,0.0612234267770608,0.3050549526284994,10.991892494335595,0.0074490421424986,1.1442330823196736,979.7545516633088,960.8514830456189,952.8804377349646,952.0313643650771,53.55687755786671,877.264679248514,-25.686910087688357,275.72511457422,156.2351961875664
0.82,-2.688671477375749,0.4050325598661784,-0.5742222407538906,0.0604192212348282,-0.0911068102175144,-0.0001663660902047,0.0017805409423803,-0.0047757437841103,0.0721606990623703,0.9973796214710609,0.0045380414572961,-0.006035112893164,7.194991628957607,0.0902769103908874,0.0613364440601477,0.2985921142746594,10.99208898913973,0.0076308045620528,1.1449949627211486,979.6169343633694,962.8536167512668,952.8867906407987,952.8576531093917,-168.30034963279545,761.3083049260688,35.710950735233354,405.4096112291742,156.23036564514672
0.8225,-2.744788770500562,0.2481234432701142,-0.4421164063762698,0.0509336367944666,-0.0900322858831105,-0.0029651959910455,0.0019067828294039,-0.0048615097004831,0.072136799677583,0.9973807211953832,0.0041576288190797,-0.0045139819170429,7.208314587031444,0.0902916932167091,0.0614462069394944,0.2921503773226856,10.992284613241484,0.0078139425591231,1.145740613787606,978.9130499151448,964.6580245702493,953.0589924886409,954.0584124212232,-325.3376639054065,547.3733792060098,92.60554665079316,457.5369321575859,156.2245135601902
0.825,-2.6464482354927616,0.1176292183148653,-0.275653765865286,0.0436569788760106,-0.089587149480453,-0.0051252495876864,0.0020190369112534,-0.0049463892994852,0.0721167577478755,0.9973815576034452,0.0036652541450191,-0.003425226366859,7.221520910945037,0.0902858792581758,0.0615448960849853,0.2857284084160492,10.992480235233563,0.0079969993879298,1.146470362575717,977.9902460438424,965.5904836472968,953.3498183740528,955.1453377701797,-404.84596435674086,249.80618545735047,150.49783090832975,433.49738292934,156.21958977881275
0.8275,-2.439892480376421,-0.0028650605382738,-0.072694201953224,0.0376411529884877,-0.0894690103979551,-0.0063574061224398,0.0021131307610066,-0.0050358137277263,0.0720973397738416,0.9973823465017524,0.0031890884025675,-0.0028484352774209,7.23467183264496,0.0902624441306994,0.0616294670298916,0.27932403679753,10.9926768485025,0.0081796456937102,1.1471838681775188,976.8888200933612,965.907055497536,953.8114816431824,956.2258993358697,-443.3997690554402,31.560128144792515,216.02146181714923,421.0500304667217,156.21461567865958
0.83,-2.1804675171099857,-0.1078518632191408,0.1302371360790381,0.0329457991372885,-0.0895490016441676,-0.0062208714244786,0.0021914579092101,-0.005131821534663,0.0720756446119997,0.9973832844696444,0.0028134982688393,-0.0027603643466135,7.247841843052042,0.0902228761689252,0.0617009540608028,0.2729354883715346,10.992874916688905,0.0083621721440426,1.1478815972959295,975.7732471985652,965.7482842880208,954.4299256831385,957.2505879225133,-421.4009249569695,-157.49797799960547,289.6189772945715,391.37995215633026,156.20959839801367
0.8325,-1.8944142621536724,-0.1850796147033156,0.2909011419850597,0.0294629231725702,-0.0898423775555643,-0.0046753728906091,0.0022557261433173,-0.0052292622191363,0.0720561361098387,0.9973840734338548,0.0025145089768345,-0.0031356569623153,7.261117056573152,0.0901661007985267,0.0617589874316713,0.2665630110402227,10.99307385892838,0.0085445109525674,1.148563881058354,974.7818154685762,965.1195656075378,955.2595765296552,958.1827990966514,-381.59043441372336,-346.3532745780486,421.3437143519376,391.1280475108781,156.20452685204768
0.8349999999999999,-1.545215695828074,-0.2327872141387694,0.3925066721333728,0.0257620130176312,-0.0904723162232228,-0.0022497134437706,0.0023028747462788,-0.005321485796762,0.0720474040772014,0.99738413511112,0.0022352250129703,-0.0040118871023587,7.274591808648413,0.0900915153147148,0.0617999708541264,0.2602084856822108,10.993272469864868,0.0087262695394795,1.14923010119767,973.8652950264965,964.0165179151304,956.5366442548984,959.2062281600676,-279.8440654141584,-428.2143962233018,521.43993448833,366.23604416347433,156.19837488657805
0.8375,-1.249984713334202,-0.2252504937116427,0.3860671566834698,0.0226856565244577,-0.0912627336802821,-0.0002361209483857,0.0023334167484871,-0.0054092854582813,0.072053621212611,0.9973831614119916,0.0020224489804517,-0.0053778619814509,7.288363761739066,0.0900029327000641,0.0618227210311415,0.25387276636991,10.99346989056542,0.0089077189005625,1.1498794583661591,973.3825951415055,962.9784936264211,957.8667762020968,960.0139793174689,-129.1533544088678,-396.17777020910086,593.5946644665358,326.67735642930865,156.1931903252167
0.8399999999999999,-0.9396364730960132,-0.1590472261517731,0.2863609526846306,0.0197888532136063,-0.0923036140162796,0.0015240838923878,0.0023534631113483,-0.0054976832143329,0.0720708752870854,0.997381391480517,0.0019817428919166,-0.0071404727924519,7.302531426205711,0.0899060303918315,0.0618299902793924,0.2475558588679999,10.99366588437542,0.0090899177694884,1.150511223055778,973.2195282544521,962.035629064085,959.5046175772308,960.8396149422142,5.022432552186724,-345.15442650003905,794.1301325656688,386.5964426024899,156.18794184766975
0.8425,-0.5371642812030922,-0.0095020074567644,0.0823327163389088,0.0168587110224758,-0.0935883935446339,0.0031165551876047,0.0023722401894426,-0.0055890635694744,0.0720940964127621,0.9973791566184428,0.0021748110107876,-0.0091539358101544,7.317192694889701,0.089805346538372,0.061825998348097,0.2412582194885389,10.993859659584622,0.0092736288569081,1.1511254572475689,973.4077073042664,961.2527214939213,961.8374268649251,961.9469615304813,135.8013471026651,-201.08575549763808,912.9033027859342,439.7668938729108,156.18156493919724
0.8449999999999999,-0.1745210959520114,0.1648722495874589,-0.1277672855237278,0.015174981966733,-0.0942603078244888,0.0036817747275407,0.002399247429914,-0.0056847772459437,0.0721206731875907,0.99737661662842,0.0026394577403372,-0.011263322576792,7.3324422369730335,0.0897052942408175,0.0618143865997975,0.2349806071355609,10.994050205610108,0.00945885449897,1.1517229929144814,973.8985349899658,961.0302002865968,964.0691340911607,963.0384494115785,271.05794182746166,19.98886862895686,940.4705404365804,484.9957473933496,156.17618175521972
0.8475,0.2066675878564299,0.3661873827976123,-0.3310467784852954,0.0149306191243352,-0.0938969798628221,0.0029612892032734,0.0024347090598827,-0.0057883608212604,0.0721493830071633,0.9973738386785111,0.0034266729411171,-0.0134483544869701,7.34836908971536,0.0896109074272446,0.0617941809391698,0.2287246332158769,10.994237746695283,0.0096446982787009,1.1523049188358236,974.7629970134035,961.352665837066,966.5397795671082,964.371940267448,412.09156969805434,222.183286832478,1013.8787009844,578.5942405051395,156.17072344605307
0.8499999999999999,0.5884914187826199,0.5638278975235461,-0.4891506413693229,0.0161375002804466,-0.0925618227019307,0.0012568046376865,0.0024763554369862,-0.0059014617341006,0.0721782787376033,0.9973709608173416,0.0045488790838184,-0.0157214599402726,7.365054331474568,0.0895254856618304,0.0617641204188645,0.2224924562545501,10.994423244258218,0.0098301220157586,1.152872130552299,975.9589928384559,962.1411167207592,969.1385275960826,965.9314206141044,560.8709473174708,418.2222750462184,1049.5976405935144,677.4069015105391,156.16520101580886
0.8525,0.9529947564934672,0.725190842716566,-0.5518338956884001,0.0185470769498476,-0.0903397770665882,-0.0012516001296097,0.0025237220604715,-0.0060219730088775,0.0722039406998268,0.9973682476210928,0.0059579051980836,-0.0180635666623359,7.3825688200189665,0.0894496195620508,0.0617249256823299,0.2162865855499878,10.994608424485133,0.0100143127606294,1.1534260895050508,977.5673517499911,963.4437772122969,971.7877677700756,967.7589747750008,798.6651050937091,669.6268511945385,1149.2741479038148,856.1870969873999,156.15959996713423
0.8549999999999999,1.355409554601856,0.8453493272714669,-0.4843122782086662,0.0221052829366966,-0.0869455248815373,-0.0047980150434265,0.0025789276152375,-0.006144140876725,0.0722262614733133,0.9973657415268908,0.0075483224454049,-0.020413382935635,7.400970975977353,0.0893819048267082,0.061678562959342,0.2101100020270747,10.994794528900597,0.0101969195380463,1.1539681426055175,979.9523183639245,965.489250976732,974.8848983356016,970.2123560990412,939.9073329392187,811.4380052888457,1102.4779749114932,929.6627929941216,156.15278732966345
0.8575,1.6557648717459283,0.8726656551856568,-0.3065211505140466,0.0252862774218877,-0.0837275339035736,-0.0077393395181531,0.0026431199213641,-0.0062579563572955,0.0722495314469694,0.9973631933099072,0.0091455362048333,-0.0227194026172394,7.420304926035726,0.0893189621126382,0.0616262449685088,0.2039671742254101,10.994981919871991,0.0103775498537996,1.1544983085509557,982.2668884146872,967.5009672387412,977.3001576446333,972.4072887399712,972.8405330745536,846.6478631177998,910.9425130748596,887.7444814562061,156.14703449897215
0.8599999999999999,1.911046175380117,0.8284043137421495,-0.0305954535396427,0.0286412225200874,-0.0806910538911186,-0.0095724794061044,0.0027099585722671,-0.006361995399884,0.0722739105586773,0.9973606133563252,0.0106900901623774,-0.0250501951912782,7.440596448461848,0.0892596895342034,0.0615667487281304,0.197863264817949,10.995171211337368,0.0105562344961173,1.1550140252203915,984.8165210292973,969.7224902923208,979.439610900976,974.6510785063225,1144.766539693136,1002.5014977280752,857.7933677069942,971.509245392257,156.14120479260532
0.8625,2.1405638609525046,0.7200844182677361,0.3452924468485213,0.0333716500041358,-0.0781948101585981,-0.009072920969717,0.0027733395606714,-0.0064568284170384,0.0722957620212258,0.997358274453446,0.0121511786677268,-0.0274740064650481,7.461851578366112,0.0892027124753039,0.0614996908411565,0.1918044926561341,10.995362232783881,0.0107335906739567,1.1555125624222347,987.9907211131527,972.5134747273815,981.5891244831681,977.2648349669327,1159.244684495046,1027.1454047103125,708.012842596326,927.6220205053041,156.13412324766117
0.8649999999999999,2.236151028211076,0.6125808571061812,0.6357780907624764,0.0383558708436739,-0.0774141786345249,-0.0062190707608028,0.0028356835597742,-0.0065425832373339,0.0723110624150019,0.997356457120756,0.0135011660855291,-0.0299324625426378,7.484055180551131,0.0891462354693793,0.0614278011189483,0.1857973443694687,10.995554589566652,0.010910421183101,1.155993026937906,990.6127444517725,974.8582173158724,982.9796751139578,979.2891886088488,1019.8847340396004,919.9929056028615,466.4357065011014,761.6079072078257,156.12815283329135
0.8675,2.184425922469667,0.516202927354506,0.846124716022415,0.0445582442015163,-0.0774471560615474,-0.0019699573243164,0.0029001663235524,-0.0066202282140758,0.0723180467261804,0.997355271806996,0.014727586523911,-0.0323562051299775,7.507170069841042,0.0890888338942319,0.0613529542158083,0.1798490517705839,10.99574776111946,0.0110871337879985,1.1564555389607467,993.0901447833508,977.113439255396,983.9213030156736,981.0728745029716,954.5056453494445,869.5923199814833,302.05345934348287,665.7903441577213,156.12211319656723
0.8699999999999999,1.9777794284463333,0.4370104742954006,0.9738119792960188,0.0514857219596402,-0.0771925038496414,0.0021445364663261,0.0029634420821763,-0.0066969572605946,0.0723160474010398,0.9973547258744944,0.0159072398031805,-0.0347792108308997,7.531135907274409,0.0890311104585828,0.0612736054241834,0.1739671941537037,10.995941536413104,0.0112639627592978,1.156899573812623,995.3852726785196,979.20617891578,984.4899424106752,982.6181403296376,866.110190791891,776.3452561619482,143.18242358026498,557.6259214032457,156.1160176279554
0.8725,1.5663807779668804,0.3710171026470959,1.0157222694966175,0.0586109225204867,-0.0759968486445369,0.005099643130507,0.0030212256506314,-0.0067800478667713,0.0723051497779409,0.9973547751078912,0.0171217669432648,-0.0372489832637393,7.555870673811339,0.0889734975837163,0.0611872973541663,0.1681594401819181,10.996135662975565,0.0114412343181001,1.1573247871809011,997.4206957373104,980.9951655362056,984.6372151335751,983.861004109988,831.6090622982975,693.8775557920728,-17.47976962474239,482.743010363492,156.10985590724363
0.875,0.8617303454477694,0.2921377374756102,1.0077429891098408,0.0657304971563202,-0.0741921604595071,0.0070459166193871,0.0030754863716128,-0.0068731635854672,0.0722866149534819,0.9973552956491812,0.0184100174949274,-0.0397135125972628,7.5812728872114095,0.088915363517966,0.0610931215958806,0.1624326019101428,10.996330525678088,0.0116194300802507,1.1577327818486656,999.5433179900112,982.6755666947402,984.4025435625514,985.0318553814548,724.5410170738744,530.1853857468127,-137.8763961121648,386.7583649699324,156.10238645303028
0.8775,0.1598982326265593,0.2225814865091427,0.980446821734406,0.0687583963911655,-0.0730885477960245,0.0079606450350437,0.0031296722019167,-0.006977116059441,0.072263757103906,0.9973560313340972,0.0197735867904374,-0.0420927089103583,7.607224205423907,0.0888555392856496,0.0609897975800918,0.1567926205116618,10.996526121167744,0.0117992400844858,1.158125152071496,1001.0434008226796,983.6460924649396,983.9478331530142,985.7947959348376,545.0646850252265,304.79695699434586,-210.39391649942425,278.61509207107224,156.09609949007867
0.88,-0.5479584960907875,0.1544118248591994,0.9453592930735856,0.0673018747623892,-0.0727670602696235,0.0093642574470978,0.0031838379185181,-0.0070903403886675,0.0722409969445902,0.9973566737158592,0.0211777844584448,-0.0443525385881032,7.633592777893464,0.0887925294745519,0.0608744685077962,0.1512447950137689,10.996721963901596,0.0119806732886403,1.1585030541409522,1002.2686414151372,984.1995514797121,983.3505739800543,986.4249308418104,446.05854874764606,168.36372611583087,-241.99616008945645,243.04803227703337,156.08974781082736
0.8825,-1.1694264052189252,0.0941477665715894,0.898370155333242,0.0623753876257921,-0.0730357403737433,0.0116210315744991,0.0032349902859449,-0.0072136772978588,0.0722183883799796,0.997357223611738,0.0226243295136493,-0.0465057359443317,7.660236325294962,0.0887255006475061,0.0607441050355775,0.1457927587151297,10.996917733583723,0.0121635204175637,1.1588673451760247,1003.273693566418,984.4879110955187,982.7378523525667,987.0100360962227,352.01756585656733,79.96969031535164,-225.90220102470064,234.37225238933456,156.08334222141136
0.885,-1.605707878626263,0.0463075143530839,0.8237112104888626,0.0553195972752234,-0.0735874720686421,0.0144024984031214,0.0032827896863781,-0.007343665173744,0.0721951657966594,0.9973577648546678,0.0240547856099002,-0.0485187454761854,7.687007990908816,0.0886528768665473,0.0605970678065095,0.1404387988800793,10.997113061437863,0.0123476222553623,1.15921904855113,1004.02872924442,984.5993999312888,982.2210629749309,987.5967921037569,279.2636938500207,46.66890308335492,-182.18830647169835,264.58694251625707,156.07687110720795
0.8875,-1.8770534987105891,-0.0058812422972957,0.6933103726822308,0.0470457903116536,-0.0738196980656876,0.0173117920363492,0.0033283664751198,-0.0074733573280316,0.072175063852201,0.9973580785586932,0.0253598346943791,-0.0503315600624372,7.713761122566595,0.0885733890496616,0.0604319368934156,0.1351839437102005,10.997307164492051,0.0125330115611542,1.1595588224430795,1004.670012035668,984.7212556109357,981.8269108202084,988.332970808804,194.2512526856488,66.47124230926232,-96.11375176393712,274.3601158261979,156.06902936491943
0.89,-1.9106647406368404,-0.0585393706724023,0.5536043205712631,0.0411468356952357,-0.0734585596219634,0.0190427245568464,0.0033682312988744,-0.0075945183546068,0.0721666040783491,0.9973576264865188,0.0264049143817157,-0.0519551504125046,7.740353710252056,0.0884866304250159,0.0602460060176985,0.1300285536381175,10.99749893663282,0.0127188583796318,1.1598866101990888,1004.9999855078484,984.9317561428351,981.7404942161111,988.968592682888,92.21193455964558,125.96139884205957,21.314599194329254,255.05349895977335,156.0624305175785
0.8925,-1.7996217100337888,-0.1351833412066995,0.3922168029981585,0.0366685114932112,-0.0728359371822213,0.0200591781967292,0.0033946253921395,-0.0077017307959325,0.072174403102311,0.9973561472361216,0.0270941357218228,-0.0534726973187805,7.766652269064779,0.0883928770358503,0.0600372628914693,0.1249717400023602,10.99768880179042,0.0129036172277782,1.160201930648268,1005.1310717084662,985.3510626051459,981.93348381618,989.608238303603,13.99861089741988,241.4563447257021,148.9383191778414,280.3632033817619,156.05576484048555
0.895,-1.5777294376063145,-0.2579137317231983,0.1870421683858053,0.0331807094047528,-0.0724976368918967,0.020652365075832,0.0034057345610379,-0.0077977114674409,0.0721944861508366,0.9973539153710242,0.0274654743689046,-0.0548892320467424,7.792535387241434,0.0882935431463316,0.0598078509124865,0.1200092097112665,10.997877613525535,0.0130867675444796,1.1605041985745252,1005.0699785623355,986.1390378664637,982.4851858120003,990.3704086997968,-55.52247870925959,334.1873650308642,253.0024406952461,281.40095224389967,156.0476885651823
0.8974999999999999,-1.3679939147159808,-0.3764716566514208,0.014178222659261,0.0313914216126008,-0.0729315492514118,0.0207658702213675,0.0034100736675634,-0.0078827183486909,0.0722223989629912,0.9973512227114366,0.0275322744774585,-0.0560522222710249,7.81790021217197,0.088189123893,0.059563479696817,0.1151344733161099,10.998065593305592,0.0132680022315259,1.1607943045853168,1004.85345931492,987.0219994303003,983.1984960196563,991.0152430648224,-111.40713715108168,390.2297480283093,335.77327333721286,269.20946149930364,156.04089377979037
0.9,-1.1657770792602167,-0.4917329687918053,-0.1544674924310068,0.0296909208718641,-0.0742071773916249,0.0205723534757049,0.0034154420650454,-0.007954313207781,0.0722580080920477,0.997348071415062,0.0272663769100001,-0.0568233410834905,7.842665898059828,0.0880794596083662,0.0593094617379093,0.110340356194058,10.998253067636107,0.0134464004460377,1.1610742734688035,1004.51294287658,988.0901866066051,984.1640521786863,991.7164560072931,-143.30430037975918,448.3139305687924,428.88208143649496,300.11067994303147,156.034032200019
0.9025,-0.9745245141560476,-0.5881871402741865,-0.3161051080132882,0.0276786613462824,-0.0760132774989875,0.0201159450100599,0.0034210212975792,-0.0080194948202075,0.0722989689529462,0.9973445737769184,0.0267796531018315,-0.0572171531347559,7.86677365578698,0.0879654158025369,0.0590497520407865,0.1056181641239062,10.998441328954527,0.0136214399087288,1.1613447913398287,1004.1369378130212,989.2635690831441,985.3429064268389,992.5157964645376,-134.71425368265943,484.270282296779,526.9394618775773,356.3407392270616,156.02711558034767
0.905,-0.7874982782369966,-0.6482557389800777,-0.4644310876889969,0.0254931706126526,-0.078215696735762,0.0192655023056798,0.0034277778373781,-0.0080877609164502,0.0723420335165671,0.9973408834334934,0.0262288907908942,-0.0572326453175883,7.890190410820465,0.0878473654162942,0.0587889980945064,0.1009578016684765,10.998631596082747,0.013793580549362,1.161606755063355,1003.8393716081667,990.5115380180889,986.7987494880742,993.4981597034287,-75.84900220729189,556.9410467320718,709.758592081743,485.00692963973455,156.02013336300416
0.9075,-0.5524818088890993,-0.6729635509410313,-0.6188267019985445,0.0229337686301833,-0.0806748018797912,0.0176910591368351,0.0034431204585157,-0.0081628380534486,0.072384787616057,0.9973371194048956,0.0256910637212941,-0.0567702981564282,7.912911634532317,0.0877239197643634,0.058532783807324,0.0963489942467934,10.998824501767476,0.01396413747733,1.1618612970996776,1003.7576928019848,992.0482743168046,988.8916993872476,994.9408311127363,41.112345735405114,565.9772428366518,824.9092931236866,571.7663780581229,156.01168061584204
0.91,-0.3409748565078415,-0.6586551890856738,-0.7211616454740603,0.0211209124851794,-0.0822166798579258,0.0159366310035439,0.0034723033377824,-0.0082434988491447,0.0724283600429307,0.997333191567444,0.0251647895945646,-0.055767593162443,7.9349608156672495,0.0875928568885453,0.0582849566948353,0.0917828246238604,10.999019525112383,0.0141344310007584,1.162108419771138,1004.0449333368437,993.3414242322723,990.9232959536927,996.3569915937192,208.26669214811753,516.7643018382017,863.6029733637989,596.8291022202487,156.00457681150172
0.9125,-0.1157140932216638,-0.6170118024546045,-0.7895799673562353,0.020116418635746,-0.0834101617259772,0.0139911022486584,0.0035097219798808,-0.0083314478064522,0.0724715894741529,0.9973291870640524,0.0246844723963486,-0.0543457154628773,7.956386484829334,0.0874523092816032,0.0580469893114326,0.0872521230016877,10.999215935478327,0.0143052393677203,1.1623461057217468,1004.7990262627252,994.6320958259955,993.2097142540664,997.9249766238376,442.8502487701276,562.8926919292094,1044.371432400134,696.5929180123334,155.99741383674822
0.915,0.1548690582113014,-0.5415472504124474,-0.8277167760333226,0.0202898128968595,-0.0845317291453968,0.0117386388782529,0.0035493050667812,-0.0084280857858112,0.0725118868580075,0.9973253026897761,0.0242806103770139,-0.0526419655493993,7.977261102789894,0.087300657273564,0.0578201427706317,0.0827510842863285,10.999413150708326,0.0144762227803822,1.1625726747814744,1006.2591845806944,996.1558876919185,996.1451531156931,999.8399561837808,617.0973999841401,549.3389220721151,1089.6450277474733,684.9424144228573,155.98875427069345
0.9175,0.3664274506434649,-0.4561308836959606,-0.8196718725314169,0.0214768518833933,-0.0852829689448249,0.0098023693925366,0.0035942719973137,-0.0085313631732836,0.0725458126987444,0.9973217923729913,0.0239400086700487,-0.05064932647413,7.997678914514114,0.087136434595397,0.0576070550256363,0.0782747186133553,10.99961044805338,0.0146472273410801,1.1627877310529529,1007.884513262646,997.3787904363562,998.6579393928039,1001.3496886959518,711.5448977086537,471.1243000510872,997.8156085194531,564.6756599131089,155.98148857606338
0.92,0.5524791128921691,-0.3379407592084999,-0.7655150980273024,0.0231387599119134,-0.0860784778498517,0.0076012630826536,0.0036466144404549,-0.0086360647018343,0.0725731541648428,0.9973187073502292,0.0235963613381815,-0.0483819359666486,8.017751988375748,0.0869589646056085,0.0574091211524397,0.0738201637208348,10.999806954636224,0.0148177454569407,1.162991720910025,1009.8169090692376,998.5115091921735,1001.1342311582906,1002.6633344833464,804.0633385514859,431.96827492336024,972.7717141114899,484.7317174038831,155.9741772114145
0.9225,0.7162978565580985,-0.1813858953349649,-0.6709355169458225,0.0247552885424114,-0.0870723994720096,0.0052418438002871,0.003703512843237,-0.0087423335046969,0.0725941785579476,0.9973160366525176,0.0232614699602938,-0.0459410223492146,8.037604409896462,0.0867693160554372,0.0572264651193464,0.0693856979224502,11.000001967244772,0.0149873183151617,1.1631838516654325,1011.9048299554034,999.538631810973,1003.5217979633612,1003.7733472829711,853.0005033496302,380.8168709657817,927.1495437680406,393.6063072612111,155.9668328174407
0.925,0.8568958719732878,0.0334014804774049,-0.5320422220472403,0.0262756314289255,-0.0879341215855833,0.0031958945294558,0.0037629843340796,-0.0088498822092698,0.0726094802103607,0.9973137494117778,0.022939073581141,-0.0434167878884621,8.057369160369172,0.0865692125575132,0.0570589885004408,0.0649709007297566,11.000194659570447,0.0151562383934505,1.1633630294829955,1014.0819115859858,1000.4155935470026,1005.7699788771308,1004.6313660196524,964.821730719881,351.4088998526401,959.00831565932,323.97583012411786,155.95945481268416
0.9275,1.0000289284396275,0.3630203223602826,-0.3320961686198046,0.0282879471471527,-0.0883397242236942,0.0016405165196524,0.0038307901653211,-0.0089567628839172,0.0726202748078398,0.9973117565844392,0.0226125194843311,-0.0407738647884873,8.077183762677885,0.0863607269643213,0.0569071370243836,0.0605757867179515,11.000384540954398,0.0153254523483821,1.1635293665329915,1016.7289386090029,1001.2956763102362,1008.316839541658,1005.3932264335918,976.1252065988164,299.1920832020466,916.0555039080684,240.66015349717395,155.95056984474357
0.93,1.0921714875051631,0.6901986658898398,-0.1570420984159814,0.0303270034249711,-0.0879547208702654,0.001196417346284,0.0039098291764942,-0.0090575406264038,0.0726304069322011,0.9973098188128474,0.0222022271955765,-0.0380173628890483,8.097186012675929,0.0861459359511338,0.0567700934762309,0.0562022015601464,11.000571923404724,0.0154940469202422,1.1636855216871311,1018.96253761898,1001.9115539630128,1010.3502563966712,1005.8346667871384,908.6151424421578,234.55535152381776,806.4872568680123,146.45236463925343,155.94314451160375
0.9325,1.1405528250907573,1.0492143961277256,0.003022550072649,0.0330526571327247,-0.0863090073790325,0.0015366859766715,0.003992575775158,-0.0091545035547748,0.072640830105409,0.997307871017516,0.0217379487492928,-0.0353271472594668,8.117507563146265,0.0859272255070445,0.0566460155086155,0.0518528523446834,11.000757859330086,0.0156610437327821,1.1638320074430404,1021.2720143212136,1002.4684530678552,1012.349275825998,1006.125488256788,1050.1833492744472,254.48630059895527,882.5627803671742,109.63850125301622,155.93570248145463
0.935,1.1255444981736773,1.4767460386698144,0.1574143370886275,0.0372061639686161,-0.0823362424846796,0.0025035935878191,0.0040748781742179,-0.0092500556380525,0.0726496982181376,0.9973060377577871,0.0212533136799448,-0.0328255328560826,8.138271182529598,0.085706098027756,0.0565338126047382,0.0475309302851826,11.00094315381452,0.0158267702431207,1.1639680669510937,1024.213454365352,1003.1839854660076,1014.763070298507,1006.3828592934034,1116.7063832391696,291.88518052087574,890.7046667261277,94.01747373844945,155.92675810655896
0.9375,1.0413420438000398,1.7997779329086807,0.2478421067078012,0.0409009843922089,-0.0775861728052776,0.0033972243470582,0.0041582431871351,-0.0093417469414144,0.0726566155616889,0.9973043617592726,0.020708141175735,-0.0305322302325065,8.159587605303345,0.0854830846262849,0.0564323699275781,0.0432407540010733,11.001128333050504,0.0159919105684399,1.1640937050476432,1026.8555462374095,1003.9278789704596,1016.8027991596286,1006.5955756254804,1099.149614930956,356.51622562586414,818.2690004226282,104.33474903948073,155.91929625679185
0.94,0.8853122559382673,2.061768625237886,0.2991961897768506,0.043915225513891,-0.0720221056885382,0.0041098945410377,0.0042422595458751,-0.0094263914142062,0.0726647869127835,0.997302639509998,0.0200464270603066,-0.028490281863343,8.1815512581811,0.0852584351931879,0.0563392040485902,0.0389880976930366,11.001313513172184,0.0161568984779577,1.164208227414048,1029.7092024400067,1004.966566594137,1018.85441530062,1006.9045330386008,1169.0433339569142,483.7478830210098,815.3672761195132,154.56413963393047,155.9118294005744
0.9425,0.6833501099505276,2.2645251762981182,0.3218128272549863,0.0459343894249708,-0.0662059932548155,0.0046366871617675,0.0043243054579965,-0.0095069260551303,0.0726735004184314,0.9973009042639026,0.0193092190878129,-0.0267779252576919,8.204235966418485,0.0850318232207087,0.0562517451874612,0.0347790826383298,11.001499031094358,0.016322786027561,1.1643099080187316,1032.700762907194,1006.3466183855649,1020.8796355402262,1007.36839632365,1208.9298202476573,650.0350177351713,792.1298071435097,239.8827134552446,155.90436061540825
0.945,0.4488139605613603,2.3973456845743946,0.3129108335173695,0.0468801935700714,-0.0604256339210905,0.0051326180888401,0.0044051856459294,-0.0095868667218997,0.0726779293995934,0.9972994698038826,0.0185524861325131,-0.0254091336417721,8.227693453423218,0.0848018479656663,0.0561679412859683,0.030620159158678,11.001685262867081,0.016490469949384,1.1643979907208055,1035.7538515412452,1008.2167416828128,1022.8150643363376,1008.1039466058772,1318.8312368701631,940.5251491029721,816.469855511331,403.18077046019846,155.89689166790455
0.9475,0.1557305022746924,2.4852854888275173,0.2649731270771593,0.0472814483751622,-0.0537582962923409,0.0061395416180796,0.0044851393638841,-0.0096665715691047,0.0726758240470467,0.9972984963979395,0.017781481689809,-0.0243936008067149,8.251952490561123,0.084566704654234,0.0560849810895204,0.0265188029763651,11.001872325359727,0.016659817934823,1.1644732353883231,1039.294919091545,1011.0492441310796,1024.9619848177829,1009.384300175951,1244.7115102679152,1126.3040453867225,749.9346845431539,541.58312216266,155.8879306890908
0.95,-0.0848178912362496,2.5048478472628792,0.1924451737177313,0.0472296138546531,-0.0483001352533383,0.0073099979366657,0.0045620329090605,-0.00974560144895,0.0726675046959281,0.997297977217269,0.0169873037615925,-0.0237691209181521,8.277017707535327,0.0843246235903738,0.0559994692097482,0.0224829163704689,11.00206044001456,0.0168300846450809,1.1645361661058595,1041.9774090925848,1013.8482619097464,1026.5647377590535,1010.8118622166904,976.8765996219817,1182.8896814130292,596.6901186629906,643.3557996732128,155.8804654125438
0.9525,-0.3103329178994436,2.4684161893161596,0.0905599182635037,0.0469178016979048,-0.0426340812208256,0.0081483023461867,0.004635603148327,-0.0098234367850802,0.072654497388241,0.9972978120439908,0.016163922325798,-0.0235327316611325,8.302869342036606,0.0840740204386463,0.0559081009609049,0.0185198114780196,11.002250019562732,0.0170003977520041,1.1645877924417125,1044.1793020896548,1016.9636925381448,1027.9454354110978,1012.601079174317,774.6180000632186,1269.381383698054,513.68081306291,766.7383803253636,155.87300249692925
0.955,-0.51512634518921,2.379904517084815,-0.0251665036993189,0.0462891852567268,-0.0367272010395866,0.0083202242123674,0.0047082032357434,-0.0098942754045521,0.0726400164956333,0.9972978184220894,0.0152225635731356,-0.0236219392189175,8.329465007576065,0.0838136482596436,0.0558076204700619,0.0146366781513591,11.00244060288122,0.0171704210431626,1.1646296439434811,1045.8504990929007,1020.1951688282368,1029.133141824368,1014.6455541183172,519.4182731579526,1282.23731406424,428.4472434219874,861.937631714226,155.86554100732727
0.9575,-0.6810174838228482,2.2200209978955887,-0.1404895981933341,0.0449286768259791,-0.0309052264967123,0.0077402737568014,0.0047795202863595,-0.0099526043356105,0.0726280634572013,0.997297766933692,0.0140764912404341,-0.0240094240558353,8.356740514883931,0.0835430409962218,0.0556947154786433,0.0108402250188821,11.002630947696163,0.0173400332115729,1.164662316838226,1046.7763934554443,1023.374879108466,1030.0876716282075,1016.9107673328882,228.4757098405001,1346.0220596110787,367.5264514364322,1021.8218288237484,155.8580799162737
0.96,-0.8131647203698498,1.9388722791565072,-0.2598001367758195,0.0421406612692756,-0.0243480799514936,0.0065467699564126,0.004844507346181,-0.0100009924869084,0.0726185157006781,0.9972976668255376,0.012768496475761,-0.0247488352117138,8.384610895852473,0.0832621803581778,0.0555668754205142,0.0071356909582361,11.002819787986663,0.0175099070011254,1.1646845014040335,1046.9928776421032,1026.925279126292,1030.97077408155,1019.7546632624358,-57.42137945462668,1240.8932656330978,282.1394468824108,1046.7275909320042,155.84912453907975
0.9625,-0.8545936716937684,1.6307930168532063,-0.3361177179981979,0.039163630609386,-0.0192979864318287,0.0055322497084314,0.0049045469643476,-0.0100415905919186,0.0726088516054243,0.9972976735790138,0.0113434199877812,-0.025779952259405,8.41297442524584,0.08297127699146,0.0554224468312223,0.0035267590024883,11.003006458428173,0.0176808360289991,1.164696029439308,1046.4892865581714,1029.5793454366315,1031.4983688626198,1022.1444052875482,-309.3024984116252,998.0294744584616,171.94350805425515,947.135249301231,155.8416576109427
0.965,-0.8220560490758579,1.2570448840335755,-0.3868717662958492,0.0363160012429255,-0.0149526997272654,0.0047280653054159,0.0049620198593712,-0.0100749145282405,0.0726000130064949,0.997297702580222,0.0098202006927375,-0.0270184530706149,8.44171645974687,0.082671251448511,0.0552595793990802,1.624274566739488e-05,11.003190951281088,0.0178527149213635,1.164698067944569,1045.4463651500453,1031.9154264985843,1031.8304916218215,1024.490339508942,-525.5518586596731,973.6200262486808,108.61534829286929,1019.4396450104013,155.8341832170842
0.9675,-0.7136143241628518,0.7629223452275206,-0.4190316140138196,0.0337002345639235,-0.0113483355937482,0.0036231099015402,0.0050117105826025,-0.0101042131984816,0.072593222022275,0.9972976571383556,0.0082542730762621,-0.0285079377473194,8.47071274517542,0.082363203285663,0.0550769930472515,-0.0033937107648494,11.003373988222531,0.0180247996123729,1.16469076859172,1043.861527264873,1034.4474455678749,1032.041445604084,1027.2416035126002,-588.4564658886569,903.0670149168136,53.78371703850457,1003.1093285776014,155.82520175898534
0.97,-0.5854326775952726,0.3460127701373139,-0.4215678589153095,0.0321464963927784,-0.0100891919828464,0.0024432486807516,0.0050504530000245,-0.0101321011435392,0.0725867196759906,0.9972976543927464,0.0066927892340208,-0.0302564776928069,8.499833682620878,0.0820478304034647,0.0548748427853987,-0.0067023904545729,11.003556310172735,0.0181968537403402,1.164674040048946,1042.504082820602,1036.4307615731684,1032.099410207014,1029.50588615183,-494.5233595995882,789.4011943003072,10.448734968940688,908.6669355842323,155.81770470826783
0.9725,-0.4443582326180479,-0.0331620406765669,-0.3995065031398083,0.0310927360190071,-0.0105709493197431,0.0013079780812216,0.0050806030692557,-0.0101603776698772,0.0725794729725285,0.9972977401303048,0.0051752204897977,-0.0321787175831721,8.528948461148632,0.0817257818987386,0.0546540605234698,-0.0099110291838887,11.003738700794516,0.0183683574138174,1.164649520593153,1041.3889104668751,1038.3944515393764,1032.0936892789289,1031.7849381905214,-370.1324569657569,794.2294976244733,-2.0565392161643086,918.3624907683215,155.81019220840776
0.975,-0.3112085779074973,-0.3542450157145147,-0.3594865758322161,0.0304754335303134,-0.0123160187998226,0.0003443932529698,0.0051029478028422,-0.0101875664560249,0.0725743989348729,0.997297714597623,0.0036819695091693,-0.0342141227508598,8.557929781423516,0.0813981409129556,0.0544158414389218,-0.0130215941498037,11.003921448378968,0.0185383075543059,1.164618717603684,1040.6534205357732,1040.4019090612908,1032.0891275109332,1034.0976986056717,-171.68773796897753,820.138837376998,14.370448101408316,931.0948143685885,155.8026653208378
0.9775,-0.2064146055892255,-0.5892731348874598,-0.3022648333311757,0.0303292288068427,-0.014935469547536,-0.0004179901946243,0.0051182080181956,-0.0102121812588702,0.072574315165955,0.9972973871593594,0.0021912975271303,-0.0363075041690955,8.5866571691263,0.0810660726561637,0.0541622281599451,-0.016037338417473,11.004104470866409,0.0187060747792421,1.164582515207682,1040.5304717770302,1042.4951457262612,1032.165541519436,1036.4404122623644,107.7023468475544,939.2138788555249,76.58091439466254,1024.7313096791904,155.7951195309721
0.98,-0.1298949976399295,-0.7787151027631914,-0.2195622128731617,0.0305458759726569,-0.0179786617417731,-0.0011618018189321,0.0051324364004943,-0.0102280965987905,0.072581906593138,0.9972965967849492,0.0006065198737086,-0.0383119774785403,8.615021175942982,0.0807310718812422,0.0538957166980988,-0.0189624460959591,11.004287009222223,0.0188714041428634,1.16454137182543,1041.1919322700107,1045.0979784555684,1032.4720320829065,1039.2213551540676,376.4508802868928,961.8145810942668,167.67205464134335,1000.7514349452769,155.78604116719316
0.9825,-0.1117204223437234,-0.8811950281525746,-0.1429596239288003,0.0309017245845311,-0.0199963673226385,-0.001634529979346,0.0051485772380937,-0.0102282707220838,0.0726006532848344,0.9972951497636664,-0.0011915339757793,-0.0401386470580421,8.642925933915455,0.0803950850556907,0.0536190483767532,-0.0218012274372627,11.004467763368726,0.0190336619275636,1.1644959494540963,1042.4127261784647,1047.3042186317327,1033.0039017926426,1041.4441694370907,608.6979588653315,874.9178074664078,292.842784516142,853.8989904340717,155.7784555496972
0.985,-0.135921040391518,-0.9598857866497787,-0.0632876394187573,0.0311834892833851,-0.0215515975637473,-0.0018075617099507,0.0051636619996749,-0.0102156321574861,0.0726288840617097,0.9972931506137264,-0.0031592601655961,-0.0418205639064861,8.670289922039824,0.0800592653356741,0.0533361204815363,-0.0245590329003052,11.00464657195361,0.0191925095418768,1.164445812689443,1044.2354220643376,1049.4725674929005,1033.9362460054872,1043.490850106238,902.8478483547581,923.8538796882486,522.7438286009142,849.1768745038818,155.77084828695672
0.9875,-0.1951965468371271,-1.0591561129106857,0.0306748718886553,0.0309847584779791,-0.0233134669702329,-0.001576462095061,0.0051782607722512,-0.010199107227918,0.0726583397829904,0.9972911011737084,-0.0051439900701459,-0.0433459056440103,8.69704845976339,0.0797235238861328,0.05305152802638,-0.0272423465198046,11.00482454516018,0.019348713310571,1.164390397117648,1046.9269654202385,1051.923488030174,1035.6176209356472,1045.69005380961,1037.3913944099504,860.0816607979588,715.9607668108031,762.5221303994742,155.76169417014884
0.99,-0.2503341223018445,-1.1578530170161567,0.1060322369785424,0.0300021812781461,-0.0250689504544127,-0.0012289900465718,0.0051967496548224,-0.0101872349872804,0.0726828094523938,0.9972893392100788,-0.0069933042054058,-0.0446438396625434,8.723156032277043,0.0793875257112236,0.0527687190907976,-0.0298575240569098,11.00500224306304,0.0195031133716515,1.1643291296039866,1049.4223790363872,1053.7729757968903,1037.5160498395412,1047.3034607582351,1011.3766656374528,693.1237227679952,854.5414341655024,606.7857085698955,155.75404441012128
0.9925,-0.2901447219739329,-1.2715486424430886,0.1801042535428241,0.0284351574290798,-0.0274046989270318,-0.0009242936784571,0.0052208413127214,-0.0101881715208275,0.0726993938314705,0.9972879808578302,-0.0085628428022989,-0.0456956530904883,8.748587016799535,0.079050826513945,0.0524898889776738,-0.0324098637268106,11.005179085978767,0.0196569011925955,1.1642601171336224,1051.9838487484255,1055.389106644014,1039.8903281064747,1048.7239823524596,1011.7728553932913,612.0850693726419,1010.6116362821004,547.3282717088746,155.74637248173903
0.995,-0.3098226506110757,-1.3867871959380664,0.2555341041528245,0.0270198730081943,-0.0303369698575576,-0.000678823929941,0.0052516234020653,-0.0102085818191154,0.0727054329864678,0.99728714581601,-0.0097323830283808,-0.0464974766831867,8.77333610965023,0.0787126119910568,0.0522163295164008,-0.0349037227840789,11.005354644776425,0.0198107614531104,1.1641826009920797,1054.4812433133538,1056.8334011437535,1042.5691080209515,1050.0401021167795,965.9343436468125,549.5628837682939,1111.2657188575204,520.8042801717961,155.7386822947373
0.9975,-0.3084787279557227,-1.4843322863844408,0.3330787323300063,0.0261150384887852,-0.0340140864570271,-0.0004153189012456,0.005292948032289,-0.0102525540406732,0.0726988769890699,0.997286923048943,-0.0104203150464292,-0.0469983698870835,8.797418474726307,0.0783717838383,0.0519482056034099,-0.0373429890850413,11.00552910422308,0.0199655360444639,1.1640971978309171,1056.8135204666598,1058.1369210628554,1045.4466567007623,1051.3280037533186,980.9657255854737,558.9991455454306,1261.6598955066809,588.9567548220833,155.73097045098487
1.0,-0.2946177550858249,-1.556177309769366,0.4217951741278597,0.0256027189358219,-0.0391042449458975,0.0001432179499415,0.0053430023264496,-0.0103207014908465,0.0726815913702094,0.9972871820986172,-0.010610514012892,-0.0472454086931778,8.820869523840981,0.0780274243322782,0.0516848132387424,-0.0397302850150304,11.005702058671888,0.0201217531116973,1.1640035281792642,1059.3860719412812,1059.6283968714806,1048.8774074984851,1052.98488589089,909.8198318199331,542.9036920071783,1219.5494030367431,644.8999717558901,155.72169197728564
1.0025,-0.2806400634927427,-1.566221025091516,0.4807283922002508,0.0254035654969599,-0.0434892611626133,0.0010143342005288,0.0053941666523186,-0.0104073619462387,0.0726581803932094,0.9972876852369928,-0.0104021093002256,-0.0473827817170641,8.843744854698198,0.0776789270453184,0.0514251865391726,-0.0420668724666088,11.005874215319572,0.0202787425517803,1.1639024507837916,1061.3626196257594,1060.8514395228913,1051.544403715946,1054.552503612098,767.3407772164686,485.15177890266176,996.6587828561155,678.6707630089793,155.71394051481175
1.005,-0.2665793833552644,-1.5206005262367674,0.5050265784730275,0.0252033780869222,-0.0475087853201147,0.0025257116982807,0.0054464411307154,-0.0105068089401613,0.0726309614097542,0.9972883183305656,-0.0098827942568967,-0.0474228392252731,8.866119034990586,0.0773249508307029,0.0511681473657843,-0.0443553799626092,11.006046818883076,0.0204357943848675,1.163796396947303,1063.2227758273636,1062.054155765994,1053.8607014127658,1056.3782397059351,734.0979520807026,470.17751819006486,857.7272980915297,771.9162911168316,155.70617022105614
1.0075,-0.2481615176802155,-1.4322305942152636,0.4867036394350903,0.0248211397387803,-0.0511632838759284,0.0046220866305292,0.0054987811598566,-0.0106117961201061,0.0726029626279559,0.9972889390633378,-0.0091657438170649,-0.0473951193010711,8.888084856306284,0.0769640114168689,0.0509126017942187,-0.0465986523306427,11.006220619838308,0.0205924514391058,1.1636863587772992,1065.033109386163,1063.2023271138416,1055.8330402064037,1058.4120850676823,719.8744662586859,430.17966009734664,707.8058212928833,848.4276701596808,155.69838556004856
1.01,-0.2140288923329198,-1.2998373040085567,0.4097843151225256,0.0240774854331004,-0.0545962669707089,0.0071568725704729,0.005550167151618,-0.0107169075415628,0.0725738470590623,0.9972896335628324,-0.0083286772161484,-0.0473314730847907,8.909751647177977,0.0765939911573013,0.0506581697293502,-0.0488002133971655,11.006396026476317,0.0207485402734248,1.1635722358982057,1066.822148158657,1064.2050540664807,1057.39973051923,1060.6203780567334,784.8039444933587,385.2688713030684,611.0268513656268,979.521401660052,155.6905854486386
1.0125,-0.1415065290746013,-1.1025639983803373,0.2645711207443631,0.0228514899093419,-0.0585276251320065,0.0096418191450785,0.0056066928100279,-0.0108167067543873,0.0725453470062681,0.9972903008168348,-0.0074383249197446,-0.0471365135115502,8.931243830770368,0.0762130951487366,0.0504036168484871,-0.0509645560432921,11.006572690223503,0.0209043454726738,1.1634546352192536,1068.9571291086295,1065.1286714703567,1058.8881744632315,1063.3096920759824,777.5614653938013,280.2865630400837,495.66327375517847,965.3743794887991,155.6812103738941
1.015,-0.0506632398520712,-0.9193554023040232,0.1299310106657136,0.0218745467841364,-0.0612543137441122,0.0102489307737819,0.0056741699844767,-0.0109061738495265,0.0725220313483317,0.9972906330708488,-0.0065532169938621,-0.0467182103907869,8.95269840770568,0.0758202502326039,0.0501473702573318,-0.0530961020976969,11.006749746948747,0.0210600514265112,1.163333891550411,1070.709955485626,1065.6064868816811,1059.878046888006,1065.4472499541776,688.1212934148448,128.05563312212757,360.0663137274668,804.295994981912,155.67338785926384
1.0175,0.065229628112886,-0.7380503661072652,0.0292001156573785,0.0212197401900049,-0.0628699797196173,0.009045828849392,0.0057498054659923,-0.0109860831129642,0.0725037953249316,0.9972906449852404,-0.0056387742037714,-0.0461440203619362,8.974261104456334,0.0754140783691306,0.0498896570815355,-0.0551987355463381,11.006927349199763,0.0212148498414746,1.1632104154502556,1072.397735575704,1065.7689496359676,1060.688506031869,1067.331172050892,718.3701042449384,13.925803225675123,327.42805919347813,748.5014571238185,155.66555847045592
1.02,0.2104717630359641,-0.5466984634376212,-0.010308849919215,0.0210767444600694,-0.0639220729232464,0.0067006276327479,0.0058333059317988,-0.0110550995186052,0.0724899345512775,0.9972904054932964,-0.004695713730531,-0.045432554387041,8.996083937814001,0.0749942066915897,0.0496307476572057,-0.0572755369516032,11.007105177584096,0.0213682955543895,1.1630845660063347,1074.3018060068507,1065.6761158978095,1061.5151871839735,1069.1897572397963,673.2502293426621,-60.59611830210217,284.06305679187125,610.1094910961949,155.6561599394403
1.0225,0.3118245263109609,-0.4192722663149339,0.0312269679188888,0.0217428752420853,-0.064609232772071,0.0051310305486751,0.0059226984010361,-0.0111113707206258,0.0724832002325667,0.9972897504562744,-0.0037397476132697,-0.0446295736698553,9.018320721657178,0.074561733024058,0.0493707034674966,-0.0593281467281941,11.00728230758489,0.0215198993904107,1.162956210613404,1075.7639867224173,1065.465969044457,1062.1088213158284,1070.3817195063727,557.7891120733631,-82.0843721259752,222.6360903006073,412.4085897960956,155.64832899563453
1.025,0.3598007885484165,-0.327316585467694,0.1275480069553494,0.0233886710465703,-0.065004722666113,0.0046255663446424,0.0060097527584462,-0.0111611759527867,0.072483655563866,0.9972886542150134,-0.0026531903264597,-0.0439021687248846,9.041121042553504,0.0741176908535013,0.0491108290750976,-0.0613570887835096,11.00745814289678,0.0216697951068713,1.1628237797811478,1077.0907515672175,1065.2656940371796,1062.6283676354765,1071.2518001887768,511.6635971281876,-60.808888190693736,201.0920799673794,311.7594345596827,155.6405041566332
1.0275,0.3439379109400774,-0.2602322576774451,0.2371941852253681,0.0257772324645737,-0.0650515874990692,0.0051184244512774,0.0060928874047296,-0.0112080035189653,0.0724900643032329,0.9972871764714352,-0.0013658980538571,-0.0432920412531214,9.06462675244416,0.0736642482906891,0.048851742250915,-0.0633613408204176,11.007632248032593,0.0218183205423373,1.1626866903114554,1078.3223047080583,1065.1619246035036,1063.1142817156651,1071.9405166791714,480.009659466157,-9.783815892478515,198.8259316396988,260.4115407777893,155.63268761605354
1.03,0.2458594722288581,-0.2087558694729076,0.3192847369204867,0.0285434282689677,-0.0651012695221675,0.0069043881131167,0.006172457971785,-0.0112509930265989,0.0725039178603464,0.997285217341942,0.0001075599537634,-0.0427965121735254,9.08896689404898,0.0732052895737842,0.04859311232025,-0.0653374763473148,11.0078036976187,0.0219654886108756,1.1625445851080007,1079.4907998645483,1065.2167749577172,1063.6224972936748,1072.553857892666,520.3803526366412,53.12673401649703,254.86542412900775,292.5891087462395,155.62488407843804
1.0325,0.062680499616633,-0.1352267706227343,0.3428027415442446,0.0308545038075063,-0.0659084011941542,0.0101035849817442,0.0062440387885857,-0.0112940353168969,0.0725237694136803,0.9972828644626234,0.0018226724865343,-0.0425019395381365,9.114251152750764,0.0727445835719007,0.04833535862715,-0.0672801954351652,11.007972061056972,0.0221114070323888,1.1623958883845913,1080.9242064712414,1065.427558273586,1064.3886088363104,1073.4034622229024,549.0287556490902,86.10679739972694,332.0855677206126,356.5859577311661,155.6155376749221
1.035,-0.0969065814000654,-0.040675591567353,0.2898917514136651,0.0307523037123783,-0.0674284268681809,0.0127199191753671,0.0063093840583554,-0.0113373028279332,0.072548327760362,0.997280196777776,0.003765014219553,-0.0423732118464778,9.140566306950545,0.0722867400095025,0.0480776676083149,-0.0691824563739801,11.008136944753035,0.0222566722250567,1.162239820828109,1082.2359436427937,1065.6473089447159,1065.282925132278,1074.3367876813215,568.81089941438,75.95560463951011,443.29169079823146,440.2500117731859,155.60776520075436
1.0375,-0.194317853243691,0.1032120689154258,0.1815182708935714,0.0284927964226928,-0.0690189504702575,0.0141274596658779,0.006369745115194,-0.0113784196771765,0.0725781534746155,0.9972771925110367,0.005861468540452,-0.0423752888933719,9.167971875492515,0.0718369793369112,0.0478185763873667,-0.0710352236189884,11.008298538517964,0.0224010657762776,1.1620769298797156,1083.7682609683131,1065.8073362967837,1066.6050672903016,1075.6047122817683,737.319180150763,40.86957585568504,712.2445891900333,638.0596049470876,155.6000102078174
1.04,-0.1800285339295042,0.3185051564481983,0.039074402717654,0.0248975572890989,-0.0693668108232141,0.014058420078151,0.0064222658790789,-0.0114207701104734,0.0726106961329062,0.997274016219393,0.008128034846882,-0.0425504237937185,9.196495430761512,0.0713991630587253,0.0475573391939622,-0.0728285746079813,11.008457589172776,0.0225447903793054,1.1619070800025095,1085.9225395435476,1065.8516568239943,1068.8441480782283,1077.5270857060573,839.4759689782128,-7.788548071357747,942.2239546782947,759.398162217956,155.590724068352
1.0425,-0.0473091614726303,0.5052441012431302,-0.0484838768164461,0.0223337734278634,-0.0678466337851192,0.0127314836393334,0.0064667271690219,-0.0114659794065382,0.0726451169699109,0.997270712680621,0.0105425326203336,-0.0428848822632724,9.226131454351975,0.0709768793847006,0.0472922778369979,-0.0745517367953039,11.008614143148947,0.0226886455912544,1.161730178543078,1087.9656408132043,1065.7683935564269,1071.3161870636927,1079.4017030928583,848.7527868904816,-40.6358692994681,1111.4406871162607,778.4844999954367,155.58300119635783
1.045,0.1835078226324067,0.6640214177840343,-0.0685174147472721,0.0211169161938088,-0.0649794945449938,0.0105906238542427,0.0065013536456053,-0.0115140242875078,0.0726833282697844,0.99726715697185,0.0130420692232705,-0.0433858550629699,9.256840247384934,0.0705733425734531,0.0470213232673786,-0.0761930541005374,11.008768337538594,0.0228328663470026,1.1615462240623529,1090.166303478,1065.6484774774967,1074.4013515138095,1081.4195082060344,881.3408923749444,-29.379449791166962,1318.9568122175992,804.2290036174832,155.57529288070396
1.0475,0.4511529335547208,0.7851101249866164,-0.0269971300119004,0.021575854226023,-0.0617721061980099,0.0086479664237959,0.0065234033730593,-0.0115695109614998,0.0727216233241388,0.99726358496401,0.0156427204607253,-0.0440803118579853,9.288547019318738,0.0701894256103346,0.046743384262085,-0.0777413272236168,11.00892114420342,0.0229776516922572,1.1613544600817531,1092.3723452750792,1065.621496307471,1077.910971124781,1083.4228481109456,849.3808141642861,50.69646121637444,1470.6618475365874,764.1719396916693,155.56759556995925
1.05,0.6967164329066154,0.8655046037956211,0.0663589044179729,0.0242023164015236,-0.0591636063289862,0.0080622440330215,0.0065376838409213,-0.0116339709709251,0.0727552447876246,0.9972602925345976,0.0183112890931941,-0.0448471917068304,9.321144810264007,0.0698250068704187,0.0464564781279823,-0.0791861689831442,11.009073780150093,0.0231229700487263,1.1611554370070931,1094.4132075488214,1065.9019597835788,1081.7546607514923,1085.2403679044928,825.4476623919521,246.2103987844837,1708.1549112915943,717.3116902447571,155.55991065874164
1.0525,0.8916574448009408,0.9408905115706836,0.1865780357871038,0.0292287394538957,-0.0569799312453418,0.0092569354405483,0.0065461381102327,-0.0117048623944549,0.0727835513290205,0.9972573410261664,0.0209337650328311,-0.0456087464131747,9.354497725977913,0.0694798002731378,0.0461587215113968,-0.0805173598608242,11.009226913402676,0.0232685445464957,1.1609494028084173,1096.4995835870388,1066.8525483013934,1086.451745681239,1087.0094065621695,695.596912754005,480.85196581274545,1685.8962709788007,558.1237375569464,155.55070261818153
1.055,0.9420229848932408,1.0069234163923848,0.2563229581720641,0.0339695586546681,-0.0553373810819307,0.0111770993678576,0.0065503260607164,-0.0117795391196919,0.0728054590245098,0.9972548301406856,0.0233948560816518,-0.0462919426204372,9.388444497254127,0.0691524369506909,0.0458488268010864,-0.0817262047223761,11.00938088362072,0.0234145302376978,1.160736271895998,1097.8911921125912,1068.3062196126425,1090.1841421063864,1088.0309865922775,497.88806616792255,734.9797677798337,1393.6041493377293,302.57870149848014,155.54304095296234
1.0575,0.8825407861840935,1.0920782085693315,0.2680332850868196,0.0375380868235751,-0.053379059371937,0.0129836183518308,0.0065578358931607,-0.0118551465999763,0.0728181969075943,0.9972529462210232,0.0255875166482275,-0.0467096586482455,9.422803911274132,0.0688404934810262,0.0455253768937447,-0.0828067397196868,11.009536065410572,0.0235609748585251,1.1605174067204809,1098.9890239178785,1070.5274471402927,1093.4197664279277,1088.522300069662,415.76616347992007,1008.8741738518132,1170.9718604505,113.44966280584877,155.53539226286858
1.06,0.7627235059186862,1.196863074278588,0.2283895910831909,0.0392868910530932,-0.0511913438181844,0.0143317614882345,0.0065745997476268,-0.0119276985819711,0.0728236950658731,0.9972515579231797,0.0273865445918449,-0.0467040163352398,9.457381251027533,0.0685415898984476,0.0451872809919675,-0.0837553314006674,11.00969236936088,0.0237072321731626,1.1602949612693956,1099.970022929991,1073.3505904819017,1096.039001408639,1088.5982349063067,403.7863280145842,1243.639869321741,866.0679058553526,-46.364083710706005,155.52775545496903
1.0625,0.615886983170175,1.3211912141748667,0.137776669450897,0.039083866213139,-0.0486999530423165,0.0150234568000796,0.006605943770468,-0.0119919191658575,0.0728268487971725,0.9972503400979716,0.0286488499583506,-0.0461289235541195,9.491975181121859,0.068253506870443,0.0448339861989339,-0.0845710587449176,11.009849667198491,0.0238524511246792,1.1600719149087644,1101.0079555579512,1076.7456464869013,1097.7501059572044,1088.2904796511084,516.2648458661462,1566.6146304722013,532.8750977623827,-178.0555172642873,155.5201349751009
1.065,0.4445434621925474,1.4769427300602027,-0.0063783753681137,0.0378809326732841,-0.0451554933293504,0.0153069874874107,0.0066545900772213,-0.0120420251636909,0.0728348985941884,0.9972488202493406,0.0292268843464124,-0.0448913554339514,9.52638464838819,0.0679742491353477,0.0444659475632572,-0.0852555832283715,11.010006662415064,0.0239960765622799,1.1598503757311165,1102.5513471593215,1081.1836636342623,1098.7033768974509,1087.707957319985,637.1409732980591,1639.06122133072,185.29515920226484,-211.56342038293096,155.511012722827
1.0675,0.3023774916749595,1.5937865501672217,-0.1364901465110119,0.0375326484087308,-0.0415223098115676,0.0150328333053848,0.0067132096236066,-0.0120808221719798,0.072850253791445,0.9972468353190558,0.0291337888800623,-0.0431090265394903,9.560413939327148,0.0677000603865716,0.0440869505760762,-0.0858132506906301,11.010162690895369,0.0241377546415142,1.1596303179719796,1104.1936604244415,1084.940952593555,1098.6765817532155,1087.2326625491935,736.0783222255407,1462.1154025528203,-131.1047676642344,-147.42417956080885,155.50343271043596
1.07,0.1264525191525169,1.671621534820663,-0.2541781275952477,0.0389713253668311,-0.0369919489174177,0.013992748545095,0.0067753817279905,-0.0121136455607252,0.0728708291173935,0.9972445139186982,0.0284463287377381,-0.0408974255991291,9.59388064790502,0.0674262979574837,0.0437020573892144,-0.0862509345190442,11.010317444553936,0.0242777203088845,1.1594109103617471,1106.2317387704495,1088.4942406470268,1098.0478530591297,1086.9708364221813,968.974063010476,1473.6220164795527,-336.49839159480314,-30.15585118969348,155.4958804319383
1.0725,-0.1669330669909872,1.696405508504612,-0.3620830356528024,0.041667681499145,-0.0312514777071492,0.012125176375763,0.0068371922314046,-0.012142878333507,0.0728953765885573,0.9972419437481552,0.0272025366401962,-0.0383322473809484,9.626622758321968,0.0671487447651097,0.0433163862776595,-0.0865770917005836,11.010471294957688,0.0244151768833591,1.159192430419222,1109.038530739494,1092.3090626759526,1096.9940897952415,1087.0818832932453,1063.4665162976717,1309.6709510884743,-375.5091796489604,129.1789494604955,155.48685719968967
1.075,-0.4882587345657474,1.652435636271884,-0.4203139917730287,0.0430577864656516,-0.0268913034391409,0.0105401880050037,0.0068943264184368,-0.0121743932034142,0.0729176152325971,0.997239540310464,0.025521583192602,-0.0355145289781794,9.658502264222493,0.0668619582760153,0.0429362987419439,-0.0868019835910512,11.010625903140376,0.0245497717307784,1.158975450678683,1111.5490713519375,1095.042595402469,1096.1703071608847,1087.6167311694835,1004.5988760430414,1002.2477286001726,-255.4370271605362,317.75545504842006,155.4793772715022
1.0775,-0.8613465256267877,1.5418117097002733,-0.4535720365326989,0.0422334169326481,-0.0229562631807282,0.0092958688921176,0.0069463067429524,-0.0122102059517957,0.0729314634319229,0.9972377260540248,0.0234678148607107,-0.0324785983298583,9.689410401992006,0.0665610004780019,0.0425675973146719,-0.0869368116772816,11.010782142209258,0.0246815709197632,1.158760900971678,1114.0615251197091,1097.3203013189536,1095.716904659439,1088.6706605684872,981.8436496483856,844.5901636697531,-87.65335048301293,511.5592518334661,155.47194736692884
1.08,-1.2365399741797307,1.3792656900079703,-0.4777474559331998,0.0393369848106557,-0.0192205778346858,0.0083216513180121,0.0069930265945322,-0.0122498654657417,0.0729360489044513,0.9972365726807934,0.0210703287685973,-0.0292592772027226,9.719269784185943,0.0662418993499542,0.0422151446094549,-0.0869931642312587,11.010939779686545,0.0248109088142579,1.158549618938522,1116.4582896001796,1099.265546220818,1095.7320404084699,1090.1745274286511,909.3045838711271,709.8055995277415,135.01781326285996,711.4801723511542,155.4645667467803
1.0825,-1.5616891122221996,1.160709717777366,-0.505462308544057,0.0346125250786117,-0.0159883235694582,0.0076341654269179,0.0070365723403208,-0.0122896328158696,0.0729333068686154,0.9972359748074128,0.0183080298794972,-0.0258540838841034,9.748035477768859,0.0659018312773111,0.0418825882735253,-0.0869825867292885,11.01109858712283,0.0249381488685728,1.158342874748942,1118.608048039065,1100.8693293165923,1096.3919937257533,1092.228061430243,867.2094147879945,636.7702473018788,431.8288549678165,1030.279903345194,155.45725618188447
1.085,-1.844600160951657,0.8463191867503786,-0.5546340866819335,0.0284894663808825,-0.0129208633059451,0.0070888374459586,0.0070817327870508,-0.0123249920359576,0.0729272387480739,0.9972356664241468,0.0151570057289767,-0.0222145370756418,9.775693998207537,0.065538880089364,0.041572170277353,-0.0869163166571796,11.011257689723925,0.0250632698637286,1.158141392999006,1120.7943366741197,1102.4493974573272,1097.891184683309,1095.3259269453768,721.6158312687018,525.870590701276,646.7827136761877,1238.4379843614336,155.44857898268324
1.0875,-1.9716309333947748,0.5524755100276594,-0.6080992648482897,0.0236617968335019,-0.0107508018729083,0.0066849947821436,0.0071237452954994,-0.0123592984368844,0.0729200911269216,0.9972354736424502,0.0117404450201594,-0.0184955091767771,9.802260560068433,0.0651505861570751,0.0412872412915728,-0.0868045007478558,11.011416134137766,0.0251861468159026,1.1579436523171691,1122.2161271954085,1103.4986822700987,1099.6259072941343,1098.4202513520504,468.5097647638378,367.7882246797623,760.852147421911,1332.3388392491927,155.44143733344117
1.09,-1.973525934555332,0.2443856167706841,-0.6582885164478713,0.0189352834131507,-0.009082483534686,0.0056735646118165,0.0071565837263971,-0.0123934116909266,0.0729125628329934,0.9972353761825316,0.0081368909128675,-0.0148780532419837,9.827777977955824,0.064735736334151,0.0410304737119238,-0.0866550262513091,11.011573597366509,0.0253069559227659,1.1577480362292523,1123.1368854979387,1104.288338580726,1101.6954454204183,1101.987621141623,274.0065479923091,293.1379952008291,947.6062091687,1647.480107456466,155.4343982042655
1.0925,-1.8198603305153107,-0.1072545871537751,-0.6801407866456733,0.0128516838307531,-0.0087005890425359,0.003092852898956,0.007177101621002,-0.0124253581166402,0.0729075255439677,0.9972352105289513,0.0043761178892817,-0.0114845173815633,9.85231246532277,0.0642946739919965,0.0408024559445766,-0.086473442434745,11.011729934141025,0.0254260341203505,1.1575533205837387,1123.58615993537,1104.9643722461028,1104.3639383399775,1106.6576518893323,53.28872077766505,209.5517422407328,983.2482874483712,1739.725116843684,155.42607866599397
1.095,-1.5570244509776672,-0.3535437603952057,-0.6413776167907533,0.0072679982687937,-0.0101300740209824,-6.481149888393819e-05,0.0071875856082143,-0.0124594224917827,0.0729031825382328,0.9972350359444158,0.0006193374621952,-0.0083381384410971,9.875947239394717,0.063827095053138,0.040602107672703,-0.086264106685377,11.011884879739508,0.0255442081954725,1.1573582718092963,1123.4033291018272,1105.3360972919295,1106.6116868576603,1110.686246725841,-174.04723896570803,122.3314950968896,878.1467465603971,1580.7713885032051,155.4192567938917
1.0975,-1.1653973396318196,-0.5198147891071409,-0.5317669561473005,0.0018872313961852,-0.0127423735158129,-0.0034226245833586,0.0071940699184665,-0.0124984172742081,0.0728976213919724,0.9972349127395732,-0.0029971855971809,-0.0053807703690467,9.898778780494741,0.0633337371411057,0.0404262064452202,-0.0860290788228825,11.012038057467096,0.0256628428371369,1.1571619205774308,1122.7159237405415,1105.5760297215872,1108.7546720727796,1114.5615088318484,-333.1606925364136,87.9867605574398,822.9914761521552,1476.017649121252,155.4125542069139
1.1,-0.6979981710873693,-0.6112812386650995,-0.3768585620568991,-0.001847645512727,-0.0154316055819557,-0.0058514717988039,0.0071988281332175,-0.0125406734804022,0.0728931531966515,0.9972346768163206,-0.0064353843817099,-0.0026131278897798,9.9209126101893,0.0628172671023402,0.0402701663437818,-0.0857673000512101,11.012188454803365,0.02578330017697,1.1569626713098076,1121.7375256391451,1105.7760310947167,1110.7266442384212,1118.0663349714475,-417.2341184486771,89.08841444690346,728.3506452715587,1259.4789328369352,155.40595222686528
1.1025,-0.2036264196065203,-0.6242456824671924,-0.2083098296018054,-0.0021317796843106,-0.0175278271426862,-0.0058899798032614,0.0072034798031386,-0.0125801409168863,0.0728935369646587,0.9972341205842274,-0.0097516890921093,-3.21132144684641e-05,9.942458205808464,0.0622818329173419,0.040128161220358,-0.0854753089000664,11.012335745579287,0.0259058461384891,1.1567611052138536,1120.629753148298,1106.0214717938215,1112.3964252991375,1120.8589034960332,-454.42192397778,140.23433352013242,642.9251087767308,1016.110178247776,155.39947220673082
1.105,0.333466032390889,-0.5824440212204905,-0.0473118529071029,0.000571760925616,-0.0191342461461133,-0.0035699592321117,0.0072083687833658,-0.0126114047899764,0.0729024559050768,0.9972330443108582,-0.0130006791374415,0.0023508746075968,9.9635241566192,0.0617318714688323,0.0399938916263162,-0.0851482766708983,11.012479897669392,0.0260302979856604,1.1565579251764884,1119.4654160192563,1106.4772027623176,1113.9412697823047,1123.1468858626863,-357.74932537620623,206.3864690565923,479.8995103394293,647.8283022702864,155.39183645781588
1.1075,0.6911729228178904,-0.5276452085002952,0.0317958362316834,0.0034816185260684,-0.0198397829869469,-0.0013609781006021,0.0072091365772581,-0.0126383584867966,0.0729173642581852,0.9972316140230671,-0.0160681758615792,0.0044287210843406,9.9842141682477,0.0611699651501184,0.0398624520448421,-0.0847811472142397,11.012621496536788,0.0261568664408964,1.15635225441229,1118.841006521417,1107.0534041391047,1114.7959228508344,1124.0980450073844,-141.11711381592286,282.90623476577167,252.88860650447856,194.14125217144377,155.3855895211386
1.11,0.9370920017318108,-0.4787531214580954,0.0674971232078395,0.006175778527069,-0.0201787111568891,-0.0005030678593274,0.0072067330955557,-0.0126633211078232,0.0729335051911827,0.9972301375988522,-0.0188730843265578,0.0062135272379038,10.004625163336135,0.0605987171688232,0.0397284147066191,-0.0843686863799859,11.012761208426642,0.0262859689274953,1.1561434593143531,1118.7598304501767,1107.8917339361465,1115.2057128148272,1124.1175921235435,72.89400704348569,386.5576057519685,102.80740183843352,-116.41946259382809,155.379463119676
1.1125,1.0926802779127671,-0.4452189340930427,0.0974849028564992,0.0088601524095689,-0.0204582277984857,-0.0010326195204759,0.0072055225136391,-0.0126855802571158,0.0729485451354439,0.9972287617838904,-0.0214001612717599,0.0078018276742829,10.024845932292772,0.060021299006707,0.0395860143346854,-0.0839057183692295,11.012898955887968,0.0264171691408948,1.1559316046827983,1119.2054765566345,1108.9861921678646,1115.3099598600268,1123.5159476944154,308.67693839082426,508.5259222249187,-2.8851477009994295,-331.6771005590979,155.37343731655224
1.115,1.1498821714109428,-0.4297571530695049,0.157214305249183,0.0115188364152791,-0.0209398690249807,-0.0028378660652995,0.007209644545782,-0.0127018692508412,0.0729633714077659,0.9972274347971228,-0.0236963280634125,0.0093003418402998,10.04495676070972,0.0594414212653104,0.0394301156667406,-0.083387482060611,11.013034779376529,0.0265491119882417,1.1557186457333768,1120.3032151421307,1110.434363547271,1115.191287076322,1122.4592066207483,621.150905659501,728.2412214315782,-55.031318301327055,-477.51574435597934,155.36753446251663
1.1175,1.119978955798038,-0.4180137367290674,0.2807197958741615,0.0146609999584151,-0.0220239050678448,-0.0045362190613765,0.0072214362629288,-0.0127088304628634,0.0729800318431349,0.997226035433578,-0.0258235602901946,0.0107881657361427,10.065029621572474,0.058862704572126,0.0392570777666056,-0.0828102645495869,11.013168099332672,0.026680674456729,1.1555062309555968,1122.311231084932,1112.6273982750224,1115.03480326852,1121.1283689726356,831.9338382427112,882.2574056172267,-22.853694703871422,-430.75044436390186,155.36059638474427
1.12,1.0226893057426856,-0.3987569210688772,0.4103414206802767,0.0172809818625646,-0.0234314184468906,-0.0041387639591736,0.0072382824189551,-0.0127105560912025,0.0729950424411293,0.997224783518707,-0.0277109445167795,0.0122381058647422,10.085128861268945,0.0582868439182923,0.0390662926539649,-0.082172224619165,11.013299444548043,0.0268112190658014,1.155294649595224,1124.4628843333444,1114.8456505753572,1115.0770186028028,1120.3054543989288,926.8870269849472,961.8388744471536,88.05280321848637,-205.8085857372087,155.3549388942274
1.1225,0.8609748105884563,-0.3543514315535981,0.5277963808527814,0.0196603667674534,-0.0251822136301723,-0.0018653547754309,0.0072627893884347,-0.0127110078530366,0.0730044644857248,0.9972238948614656,-0.0292902435631601,0.0137295880237811,10.105312381900683,0.0577150460038745,0.0388578181329506,-0.0814735222658861,11.013429443391749,0.0269405344912599,1.1550851660147063,1126.9456662198568,1117.4365926472583,1115.4750672846124,1120.0993260439495,1121.367739133326,1204.1273092892227,275.8268041149735,88.64773005912146,155.34941508032156
1.125,0.6064197539254028,-0.2679033620351312,0.61576651571216,0.0219292298640965,-0.0270252205897006,0.00127565478642,0.0072977526671611,-0.0127127894627015,0.0730077422377524,0.99722335612813,-0.0305269139097345,0.0153475101702071,10.125633810937668,0.0571485477808877,0.0386326925125545,-0.0807157388524793,11.013558465915487,0.0270679250682974,1.1548794680346903,1130.069723029011,1120.8662871218032,1116.4561526233776,1120.7486930492244,1132.018923022839,1285.9565788779767,437.82417857279165,384.45902214335456,155.34294757345486
1.1275,0.3558118525492202,-0.177049212844544,0.6335195491828546,0.0231756749409289,-0.0278854238388744,0.0034416777157409,0.0073463167594739,-0.0127162781543377,0.0730062779488031,0.997223040179832,-0.0314362007713082,0.0171837143586628,10.146144045716731,0.0565886399808539,0.0383929530454015,-0.0799016103991965,11.013686547547563,0.0271927873995633,1.1546787648639292,1132.6057608349709,1123.866375541648,1117.6641881774765,1122.0216211546663,958.4432402197997,1193.1630786973708,535.8407348465211,624.1038254781271,155.33769688667246
1.13,0.0809915056865985,-0.0865815299302555,0.5963708648233264,0.0236512597989397,-0.0278574277329696,0.0051604551775328,0.0074100433048358,-0.0127218436904324,0.0730031221919589,0.9972227123263147,-0.0320398565512449,0.0192920176208651,10.16689247782224,0.0560363277510798,0.038141785132069,-0.0790347193326704,11.01381329089621,0.0273142342108655,1.1544843063353518,1134.86193923011,1126.8321025152902,1119.1353562976103,1123.869212176615,832.710741986856,1152.5426710425295,600.2783165385015,788.789580908433,155.3325950133534
1.1325,-0.2018932186432208,-0.011696226078523,0.5219631158680971,0.0234452617316479,-0.0271944590543619,0.0066802830149311,0.0074819384436691,-0.0127357065629936,0.072997081526433,0.9972224298161646,-0.0322557305971962,0.0215343457239631,10.18792811964748,0.0554910518178899,0.0378849955396602,-0.0781189798554921,11.013939181152187,0.0274319139538253,1.1542958629005315,1136.7693145449052,1129.6290888968608,1120.665579760169,1125.9655690592083,668.6015719628955,1047.0979850295175,587.2156964560996,835.9651179635598,155.327619230108
1.135,-0.4809030580934378,0.0345906294463073,0.4159746061777627,0.0224467980864294,-0.0261711591266272,0.0080126254265034,0.0075602337200731,-0.0127592039453549,0.0729873074013512,0.9972222445666048,-0.0320932078789327,0.0238748424434659,10.209298938485183,0.0549525772710048,0.0376277708468166,-0.0771580582212834,11.014064471220703,0.0275465639615857,1.1541127930621469,1138.2049470899244,1132.0675924404377,1122.0714347798908,1128.0490377664328,538.3869967992383,956.6500810721411,555.4741586839218,842.2154602603039,155.3227978201028
1.1375,-0.7961807711117341,0.062253054042342,0.2732964002347916,0.0204878019907942,-0.025338942505711,0.0092070315581316,0.00764243035527,-0.0127911282022938,0.0729753604721408,0.9972220732918808,-0.0316137621216962,0.0262556718839956,10.231051693369093,0.054420870988354,0.037375022679322,-0.0761545884529816,11.014189458569364,0.0276581728098626,1.1539352811354555,1139.4612495289011,1134.4123393022214,1123.4429505535886,1130.17664636051,413.2007702625192,745.46557062784,444.0831156823504,682.0655295452367,155.31719244827093
1.14,-1.033419440368759,0.0770969432679981,0.1596093280143132,0.0181877098023775,-0.0253613627592162,0.0097170017194149,0.0077256575672848,-0.0128288549519424,0.0729640021909163,0.9972217706047646,-0.0309063900988168,0.028602321093566,10.25323055728335,0.0538958955987262,0.0371311285965592,-0.0751098418218974,11.01431430007636,0.0277670897814698,1.1537630680801627,1140.270950941237,1135.7949202935768,1124.2918503583023,1131.459365414159,321.99178452810133,426.3758381973632,293.7005786311989,394.66150941706474,155.3126721102611
1.1425,-1.2352185778149147,0.1046371354752855,0.0741795416655437,0.0150849520777187,-0.0259115648181665,0.00977179928248,0.0078034549353645,-0.0128695180536373,0.0729583135430302,0.9972210550483201,-0.0300673481911669,0.0307567250726699,10.275875718664908,0.0533776524058545,0.0368999758423024,-0.0740231604750738,11.014438085191502,0.0278742058849611,1.1535940325711627,1141.071208451542,1136.5442184932083,1124.9114534467446,1132.149953907595,399.8648673271049,195.2085288139684,255.33736865614264,182.870446146266,155.30830801032025
1.145,-1.4313626019055343,0.1668251355973927,0.0281576450336421,0.0106238994832063,-0.0263994556757303,0.0090792095788219,0.0078671224428396,-0.0129160449849706,0.0729578850677481,0.9972199891648442,-0.029073059433551,0.0324949704296986,10.299020677101726,0.0528647626781738,0.036685419675781,-0.0728924578164155,11.014560020313688,0.0279808674300559,1.1534249514606838,1142.2702752778723,1136.7709629376468,1125.5685372015832,1132.3737176448903,501.8127776968065,-5.354024735970711,254.32681819466407,13.896625915640765,155.30325052021232
1.1475,-1.5591333774664191,0.2427385678240581,0.0478312728547701,0.0066482587594103,-0.0262915139859878,0.0077517795822972,0.0079145836692098,-0.0129702862566155,0.0729621217311935,0.997218610689578,-0.0279060637051718,0.0337222603720103,10.322689280706731,0.0523557835796509,0.0364892778097772,-0.0717143891502071,11.014680078380945,0.028088071014865,1.1532545997314938,1143.5802723400259,1136.5174483695284,1126.183087537718,1132.2194370371735,592.3266802762419,-151.48608670442275,283.6769981826299,-75.67120169964988,155.29918488064985
1.15,-1.6608398592437283,0.3339832659943157,0.1229985091236014,0.0028466468394538,-0.0256523432634749,0.0065475447899058,0.0079423977599774,-0.0130282963992103,0.072974019691476,0.9972167783084172,-0.0266638516272437,0.0343195878883668,10.346895196951971,0.051850155594447,0.0363121712960414,-0.0704837286970494,11.01479879706492,0.0281951003104418,1.1530836062483023,1145.2319086792538,1136.0135325041247,1126.9869221924964,1131.995361636392,704.1665655158632,-207.16543927810085,359.4856644358887,-53.38673310761681,155.29527428293247
1.1525,-1.7515991358682863,0.4276868618648637,0.222608121464747,-0.0002922904149358,-0.0246538848016349,0.006582850602291,0.0079527794036457,-0.013088004324578,0.0729907413754697,0.9972147051713716,-0.02539040744939,0.0342778044591098,10.371638648731752,0.0513462519096401,0.0361537539975687,-0.0691952884801737,11.014916554356311,0.028302272311497,1.1529122826753795,1147.1011051676053,1135.481621173138,1127.9805158598974,1131.9525033716354,772.803083230536,-180.0642775357612,438.1935781117229,78.49041069789732,155.2914934966884
1.155,-1.8337189870216193,0.5121739105857273,0.3124826937264865,-0.0024032443880725,-0.0233331621154638,0.0086533607074444,0.0079486460305814,-0.0131441079346869,0.0730106314157165,0.9972125565782708,-0.024188810174203,0.0336078649539209,10.396906514676315,0.0508426827880208,0.0360127398504878,-0.067843566694403,11.01503372747185,0.0284095280944111,1.1527416164650257,1149.0959240954064,1135.1132111164459,1129.1778900830548,1132.3878136898816,870.7215867394282,-91.19034100586045,559.3629837872987,347.34143625469926,155.28787189503728
1.1575,-1.895480615545644,0.5900780732992734,0.3711122244617957,-0.0053008368518018,-0.0216259623238432,0.0120648502752065,0.0079340811772217,-0.0131904664219583,0.0730340887437804,0.9972103534951556,-0.0231716203413939,0.0323498392972574,10.422671645329148,0.0503380643572261,0.0358868809903083,-0.0664234914075425,11.015150601779187,0.0285164251434039,1.1525730292632927,1151.4547131013023,1135.0256694681086,1130.7773307788339,1133.689210552909,839.954629722451,32.83406283026195,603.3975213177785,618.1253426997632,155.28371496256497
1.16,-1.8657909987708008,0.6280704444804756,0.3760971674133009,-0.0099887403241862,-0.0200562001566512,0.014263817322729,0.0079128058272142,-0.0132220787451594,0.0730633531465412,0.9972079711729052,-0.0224225616825254,0.0305408845155853,10.44889306022468,0.0498308639007954,0.0357732765086292,-0.0649307948839727,11.015267056891936,0.0286224573396439,1.1524083017069435,1153.2956972440184,1135.2773814305972,1132.1948776896438,1135.4784404033803,702.8564841136196,153.64810660339216,578.3614314203854,847.0177648704325,155.28041307974587
1.1625,-1.6753308631918187,0.6311591488467742,0.3605858281938255,-0.0175905499187896,-0.01815437299897,0.0150343039734663,0.007881051391525,-0.0132429917879844,0.0730964133269209,0.9972055293770962,-0.0218425597793311,0.0280554431439732,10.475516798862964,0.0493181821952661,0.0356699288550547,-0.0633622936991339,11.01538340377884,0.0287277533673343,1.1522475676528732,1154.9689955218705,1135.7939100011256,1133.6691379359359,1137.9242993772611,649.1945921046713,229.4815815972872,600.1711801003555,1057.6764402176407,155.277286577599
1.165,-1.3145765107513476,0.6031324114697773,0.3554977696819561,-0.0263910325393979,-0.0160514015986872,0.0146906701510003,0.0078393681146929,-0.0132573418210281,0.0731311713245844,0.99720311811534,-0.0213180788498626,0.0248671390222433,10.502476033188136,0.0487973354166559,0.0355736141525057,-0.0617159304954858,11.01550019826958,0.028832758495383,1.1520918279889691,1156.541670204542,1136.4247893385837,1135.1957335901457,1140.7668226044686,628.4117198635292,253.99794068417208,630.3466044700733,1183.5560230543958,155.2743116260928
1.1675,-0.769161456273925,0.5426972366202559,0.3860881442672136,-0.033731795606356,-0.0141158220389495,0.0137873731969037,0.0077896177489506,-0.013268191600598,0.0731681264985925,0.9972006439734168,-0.0207514394459159,0.0209909574670767,10.52969300667814,0.0482664513180442,0.0354800044800714,-0.0599903377245059,11.015616909695988,0.0289378997301438,1.1519412998671827,1158.111054121188,1137.0638997045464,1136.820870958286,1143.842079492533,728.3472643398611,263.0540420816089,748.698434354826,1342.0464996768092,155.27152694357875
1.17,-0.026772655417027,0.4508782590549564,0.4635068669989193,-0.0363511506229199,-0.0126607468096494,0.0137135049443021,0.0077362847465409,-0.0132788256837257,0.073207279378639,0.9971980299568411,-0.020033373035118,0.0165102277181242,10.557080381512044,0.047724306844752,0.0353839076249672,-0.0581849207083964,11.015732832201788,0.0290439472336233,1.15179579698221,1160.1834065262412,1137.7400595489917,1138.9392257619195,1147.4770551028523,815.0290453872269,232.562345960736,808.3454941047233,1284.9716961851457,155.26841398171987
1.1725,0.529630535504439,0.3756997945063715,0.5409404483218698,-0.0322423831755714,-0.0121927024497576,0.015072620628194,0.0076852544134973,-0.0132896420489052,0.0732499969824502,0.9971951294273044,-0.0191123504180581,0.0115577844335991,10.584543533526707,0.0471710040008598,0.035279387216665,-0.0562993611063124,11.015847195649876,0.0291512258093076,1.1516551485660351,1162.1861993481243,1138.22671143435,1140.8625984288099,1150.2669379734589,867.8613647081219,194.73039932594932,795.538018577399,1038.8454303903231,155.26601579877976
1.175,0.8798079538246705,0.3183540015402646,0.5988754943409775,-0.0247124051399889,-0.0118532381228155,0.0172407312586681,0.0076436005088332,-0.0133009073277156,0.0732960903114627,0.9971919057472776,-0.0179392256667369,0.0063076458168789,10.611982224862832,0.0466074943659425,0.0351603622655858,-0.0543337820330207,11.015959518589444,0.0292599439689792,1.1515194213584004,1164.522713349782,1138.7137115456214,1142.9169158548068,1152.6712822548043,1082.9001115123224,246.95613775921245,912.1801012052596,962.9821517012922,155.26382628332058
1.1775,0.9967407750513336,0.2785093011245829,0.6176611262561253,-0.0164859317819839,-0.0112428741315096,0.019866429539809,0.0076175498615883,-0.0133096126033624,0.073346067621509,0.9971883200554466,-0.016539192702069,0.0009373642926444,10.639293095020603,0.0460360727423802,0.0350209026990329,-0.0522882770974163,11.016068918042688,0.0293699812256155,1.151389080672249,1167.6006999056858,1139.461492123146,1145.423498934836,1155.0818487319652,1137.2015588214497,328.84241383136003,904.93300443679,814.9232445950648,155.26144475023932
1.18,0.8682291836120649,0.2707342207371422,0.5812575671507261,-0.0121809718656093,-0.0109938401356525,0.0219074314919036,0.0076015669833901,-0.0133196459539264,0.0733975180180038,0.997184536498036,-0.0148149313082264,-0.004621663580297,10.666371237186217,0.045459021599769,0.0348570293632804,-0.0501629317112839,11.0161751189557,0.0294807763989769,1.1512632924785753,1170.208721143889,1140.3579236147782,1147.4415808769907,1156.7458984777795,993.7176701047744,444.06707086299207,770.3581465613574,617.1408116507195,155.25966746682772
1.1825,0.5932549832621143,0.2857643423711321,0.4904278907713089,-0.011030451220315,-0.0111886947861637,0.0237456587931811,0.0075896756094004,-0.013330700900269,0.0734473548035138,0.9971808273827786,-0.0127654305952206,-0.01042960008639,10.69311200225526,0.0448796739363707,0.0346653794832028,-0.0479577491493025,11.016278139963834,0.0295916740013085,1.1511419581043971,1172.5692882562098,1141.6818274774612,1149.2752896676427,1158.167552790219,859.0303726932035,612.0336323640316,694.2058158759049,549.3517933650182,155.2581071405707
1.185,0.2739208274682017,0.309175330938833,0.3616242708077677,-0.0118110240979002,-0.0110624308011342,0.0252741685303063,0.0075765388100682,-0.0133394783221673,0.0734938437481866,0.9971774026894816,-0.0104610513597718,-0.0165184983240279,10.71941282437582,0.0443021140081808,0.034443130696305,-0.0456729631637109,11.0163777518368,0.0297022739830429,1.1510251552620314,1174.5038730073552,1143.4180917765984,1150.9126099563703,1159.4926574446047,629.7082457470103,787.6820266359741,610.4552257061771,528.7977658637486,155.25672720089605
1.1875,-0.024235993530754,0.3192862649389422,0.2037397683784607,-0.0135688174366651,-0.009753669810377,0.0261588530033785,0.0075628209606847,-0.0133483210067154,0.0735331960306101,0.9971745017816048,-0.0078511338805744,-0.0227936898826373,10.745173991421346,0.0437298305937018,0.0341880681647701,-0.0433103071552202,11.016474238188614,0.0298127883959798,1.1509131096191596,1175.7178294849448,1145.6202376106407,1152.3275657961735,1160.8115416195376,340.79801901749124,1039.4463176570518,590.448952423243,591.6255380874317,155.25556420246843
1.19,-0.3003161210826312,0.2870295239091287,0.0088445048497905,-0.0158459118165379,-0.0071097237151233,0.0262029579877037,0.0075503413170879,-0.0133597006391252,0.0735649677243097,0.997172108955675,-0.0048893285519644,-0.0291295658250228,10.770301713323159,0.043166463484741,0.0338987296552085,-0.0408723095320276,11.016568056612872,0.0299229925203455,1.15080643834636,1176.2078631024426,1148.6153233648836,1153.8648547184864,1162.4507851350415,22.06438338271204,1113.6389687021815,557.2521693646065,603.4755823563816,155.2544169209023
1.1925,-0.4458837829766204,0.2166735292835641,-0.1375757402989259,-0.0176359866111472,-0.0050140555867606,0.0254783791216746,0.0075394422531208,-0.0133738266205104,0.0735920068523655,0.9971700103342168,-0.0015892157697978,-0.0354252218129134,10.794710476491016,0.0426157914288729,0.0335747793843051,-0.0383620154952353,11.01665947343886,0.0300320874590112,1.1507060041054056,1175.8281514018583,1151.188432454152,1155.1138266429969,1163.8289195313196,-283.88701441494305,988.7576476734237,514.7790829600007,528.1530336420352,155.25366468572926
1.195,-0.5046441157847055,0.1187958809882054,-0.2498757614602871,-0.0190577330862955,-0.0040192596847596,0.0242537165079754,0.0075300472138528,-0.013386852079858,0.0736189130124161,0.9971679217423778,0.0019387800919861,-0.0415824736455267,10.818325058784627,0.0420815092129003,0.0332171089633701,-0.0357829702682759,11.016748383443693,0.0301390643794298,1.1506124959032096,1174.7884280303679,1153.5591116032508,1156.4387501332865,1165.091550303252,-543.9830846143311,945.962559405527,610.2583234564593,492.34255656357305,155.25311881204996
1.1975,-0.4884732393713857,0.0121028728895019,-0.3391816432412601,-0.0202816761224925,-0.0044010598234182,0.0225749124730714,0.0075193626273001,-0.0133989050068638,0.0736478228040132,0.9971657079658443,0.0056581384025214,-0.0475720129908711,10.84108083113252,0.041566149271941,0.0328283299507543,-0.0331396461354344,11.016835261237231,0.0302432993264618,1.1505263033571507,1173.1082359787868,1155.9182452511795,1158.165118260279,1166.2906323141372,-627.4421422480962,767.246271344964,647.6312460234705,369.3629293392029,155.2526943817449
1.2,-0.413247158058999,-0.0358548394841096,-0.3816425902151652,-0.0209666907137683,-0.0057672197164973,0.0213478445365169,0.0075061214124395,-0.0134095296916302,0.0736793104434221,0.9971633456202356,0.0095165800372603,-0.0533373527107257,10.862925459817928,0.0410713370682947,0.0324121689062329,-0.0304372594538954,11.016920430981227,0.0303442589909681,1.1504483922708189,1171.6512173191275,1157.3953429599756,1159.6769063634035,1166.938364949948,-520.7860917567692,494.50941241296954,593.542162569688,187.34767505120112,155.25252581866354
1.2025,-0.2811399507519975,-0.018695472004068,-0.4069063004857778,-0.0213685831489988,-0.0073572010070399,0.0206804805060621,0.0074842032109764,-0.013420938703858,0.0737101861332352,0.9971610868860554,0.0135084855962719,-0.0589406733343306,10.883818931361263,0.0405973825009223,0.0319737797010591,-0.0276813743905759,11.017005048199596,0.0304413241895157,1.150378696124782,1170.5043055200028,1158.3907923132444,1161.1328290731276,1167.2273706893934,-362.3903753213115,335.92088234644643,546.460994767209,74.16621220172429,155.25253965598938
1.205,-0.1018201457376161,0.0512125694724261,-0.4308444137560072,-0.0215375292630564,-0.0082277017559942,0.0204678982727573,0.007454284693493,-0.0134315632440671,0.0737381938411107,0.9971591113129183,0.0175548738306293,-0.0643011150625879,10.903735096661803,0.0401439057207537,0.0315182719383898,-0.0248779950057356,11.01709002762621,0.0305344525465323,1.1503174315078544,1169.8392654425209,1159.0749473717078,1162.4092113372399,1167.3091960109566,-120.85661779160804,225.67395765218433,437.1794292773395,16.796020498305,155.25269669514145
1.2075,0.1402613287883925,0.1648119558909169,-0.4606290580767761,-0.0215095649813021,-0.0078375298713784,0.0201876151655477,0.0074183281674405,-0.0134379013031192,0.0737640884355826,0.9971573928170984,0.0215353813756951,-0.0693172960184016,10.922661194051612,0.0397099167835798,0.031050584846738,-0.0220330835635374,11.017175202793144,0.0306238906442399,1.1502641363044104,1169.9000224310448,1159.5191621015051,1163.3187262195142,1167.3113507918847,191.2350158491376,169.80938885540488,292.0415178201045,26.396088809088372,155.25301660333974
1.21,0.51322062095023,0.3194705604104852,-0.4970000446907767,-0.0213361231817694,-0.0066661041559155,0.0191380122941152,0.0073810488827786,-0.0134398925569824,0.0737876124703451,0.9971559136228378,0.0254099341511374,-0.0738447572614584,10.940596033887912,0.0392934510180906,0.0305754295965617,-0.019152857494717,11.01726062156142,0.0307103003000109,1.150219050928156,1170.7954405217663,1159.9239943159848,1163.8694189263404,1167.441176455002,435.263798250834,140.6838741381729,111.50686735995548,92.39180345489117,155.25357681334452
1.2125,0.8952742133773078,0.4439290963996877,-0.5157628621991062,-0.0209807405099756,-0.0055259244330921,0.0176310320809861,0.0073452257445046,-0.0134367276592931,0.073809700567247,0.9971545925599472,0.0291211364043081,-0.0777909621105089,10.957549059683,0.0388921308826026,0.0300969992172261,-0.0162429659899517,11.01734676731606,0.0307938974015669,1.1501832496145714,1172.076341422299,1160.2225814721962,1163.876260556314,1167.7733098091594,564.4721361603257,116.80464382970696,-69.85585620759431,192.4262474775743,155.254182413657
1.215,1.3379834303593383,0.5459343678042367,-0.5083850514138984,-0.0200523105529638,-0.0040356477135126,0.0156587653357079,0.0073132732825559,-0.0134320965868356,0.0738273347381818,0.9971535827253604,0.0327136901709865,-0.0810896649094861,10.973537234664116,0.0385029002492909,0.0296190330315599,-0.0133087397025875,11.017433947124958,0.0308758063734653,1.1501566097271003,1173.6178012025682,1160.5080175351331,1163.5201396453024,1168.40330769239,609.0747604460049,108.8541969236326,-173.41041759068872,300.2209145311163,155.25492295029952
1.2175,1.8018062880130927,0.6193984042748276,-0.4750278779714303,-0.0179525994258016,-0.0021678178591972,0.0136841003514276,0.0072893365457734,-0.0134312992283967,0.0738387545007504,0.9971529112128392,0.0362746912509919,-0.0836488801747841,10.988583276858838,0.0381228045862574,0.0291441870703913,-0.0103548236635905,11.017521665906285,0.0309571740415886,1.150138258809084,1175.1217152245288,1160.7668524568144,1163.0092084683606,1169.2744143818147,538.5266215329581,87.47951155114792,-198.17435443133456,394.9400554173819,155.25576908553458
1.22,2.229956565628368,0.6524766280718135,-0.4167049492156482,-0.0132554449417285,-7.506385486060559e-05,0.0125032751064514,0.0072782014902442,-0.013437348957818,0.0738435327191615,0.9971525348623788,0.0398467040320335,-0.0853670357430633,11.002713739820503,0.0377493705043891,0.0286741094286532,-0.0073846221343276,11.017609087479268,0.0310390720786777,1.1501264909729227,1176.3104343102327,1160.945415092889,1162.5292678731455,1170.3780079694768,407.3055452245713,46.518668274303394,-150.1712386680115,514.4226575832017,155.256735502899
1.2225,2.6077099946346927,0.6482402000099553,-0.3341460620139661,-0.004271609045725,0.0024660582514221,0.0123676544323096,0.0072845221397309,-0.0134500213109131,0.0738437421802544,0.9971522717331815,0.0434048013710831,-0.0861469403053257,11.015956348037548,0.0373808056321902,0.0282095748100748,-0.0044001794132054,11.017695582067018,0.0311218453735011,1.1501206338991408,1177.1582429506518,1160.999445798186,1162.2583522750203,1171.846527669731,209.49401569736864,-11.812029935935877,-18.909815516735325,537.8676000560394,155.25802585561547
1.225,2.7507913423108388,0.6181120350240955,-0.2617460750774172,0.0047903617180049,0.0044257731126225,0.0126602953554843,0.0073073643637824,-0.0134657525675882,0.07384417236064,0.9971518250439813,0.0468445336347291,-0.0860144218872325,11.0283367400466,0.0370160088862636,0.0277507911452858,-0.0014020118972738,11.017780976936551,0.0312051123558813,1.1501208869769204,1177.3579043887198,1160.8863549432094,1162.434718795562,1173.067345969757,0.6149271282538251,-71.47969609504634,170.41436736280565,451.7614837000915,155.2592044611094
1.2275,2.682983529844056,0.5806707753694702,-0.1783303995222932,0.0135960569771815,0.0058231633688321,0.0123749354145466,0.0073452045287597,-0.0134787447531155,0.0738505130955775,0.9971508677969826,0.0500138961890417,-0.0850097058557688,11.039875915578504,0.036654380888704,0.027297709364713,0.0016102759393494,11.0178651251625,0.0312879221558381,1.150128284837902,1177.161317586293,1160.6420473177106,1163.1104241118346,1174.1053350882314,-118.20352885320312,-111.53534509521943,403.9890427683617,369.33070594824005,155.2604845348783
1.23,2.372546702403515,0.554865359338534,-0.043938517091522,0.0227436622224659,0.0065153830883835,0.0110874266937374,0.0073934524358155,-0.0134842564506222,0.0738659418718853,0.9971492684353964,0.0527818214499099,-0.0832465619455418,11.050586754498388,0.0362955886173266,0.0268504486309306,0.0046377758372016,11.017947833322376,0.0313694439571519,1.1501433797795555,1176.7668867444538,1160.328678217733,1164.4546640094038,1174.9139994994982,-119.96566626485475,-89.26446384257552,557.9584901354457,194.1827032672377,155.26213254555034
1.2325,1.961026041824064,0.5635223728345867,0.1082380167738256,0.0287826331470972,0.0065460475769714,0.0096146632313026,0.0074499159606394,-0.0134755946297727,0.0738936477264014,0.9971469020560284,0.0549796741582809,-0.0807860516717577,11.060473093906936,0.0359396318408772,0.0264091988700417,0.0076821253669719,11.018028609824269,0.031449297631776,1.1501660751622067,1176.5614892549688,1160.1957249984976,1165.9002165625116,1175.0762486045676,-4.219091509639741,11.64991817504388,601.4978097498304,-64.60288713674196,155.2635961071712
1.235,1.455854885538432,0.6026281174366525,0.2960690653118062,0.0330272200056995,0.0069704876585112,0.0087260172856203,0.0075084538697903,-0.0134545584250101,0.0739307282932173,0.9971440032066858,0.0566221379536421,-0.0777930396608704,11.069524761742628,0.035586574536224,0.025974571961533,0.0107451830964806,11.018107355934436,0.0315271285473729,1.1501958522252864,1176.7457912869056,1160.3869278086083,1167.462153058153,1174.5909850638143,160.92347841640358,153.90630233673264,604.5726347419846,-305.0904792126787,155.26515068407022
1.2375,0.9282221960260716,0.6515511910532275,0.4901598929432464,0.0356412370391358,0.0081824808087696,0.0091750434533946,0.007566824287831,-0.0134246923529607,0.0739729127438945,0.9971408541209986,0.0577701148496762,-0.0743512614026283,11.07771870002562,0.035236716420371,0.0255472979030634,0.0138290140004685,11.018184205151131,0.0316029830019487,1.1502326620964063,1177.3661066470509,1160.9652565101815,1168.9230797362216,1173.550796208504,353.95105580265255,337.2595301931213,514.347196796336,-533.0870060349865,155.26677945084327
1.24,0.439031641265006,0.6840801287558617,0.6495348635789792,0.0358619533284186,0.010466831031888,0.0114370091839736,0.0076186421305939,-0.0133920765778708,0.0740153692380647,0.9971377757758558,0.0585345710088955,-0.0706416678217399,11.085017735400436,0.0348905429377676,0.0251279217115209,0.0169362165213756,11.018259657652152,0.0316770253348134,1.15027548217914,1178.5155465659188,1162.073225459574,1170.0338890421347,1171.9255500336396,597.9893627094169,596.5893712117704,366.1928530962164,-801.2671867777668,155.268496966086
1.2425,-0.0368823789257921,0.6728906499070539,0.7517588259033051,0.0340506763860746,0.013932656924486,0.0152639679228519,0.007661661935022,-0.0133611629471255,0.0740541645546296,0.9971350135523652,0.0589976853916933,-0.0667522641642001,11.09137242461656,0.0345485843763781,0.0247168478849674,0.0200695495430376,11.018333549055564,0.0317495814782667,1.1503235937957867,1180.3560534605979,1163.9482033662403,1170.7540440017028,1169.5444602746154,714.7115825166401,746.1344966323222,151.7928538931266,-893.6251678884465,155.27066082209262
1.245,-0.3164206672050845,0.6129164788304569,0.7441480753510102,0.0319282751799712,0.0166023385913978,0.0184922199108803,0.0076920671645149,-0.0133358743260168,0.0740888635966272,0.997132573873744,0.059227247124548,-0.0628056994854303,11.096721419053072,0.034211419826053,0.0243139775285946,0.0232318678674615,11.018405775874296,0.031820671239729,1.150376660285162,1182.089104478502,1165.8038979427358,1170.7928533116003,1167.4574241941973,683.8565569116623,744.7455215340426,-86.1024244602939,-787.6901044745227,155.2725506852642
1.2475,-0.4769441135921692,0.5102771138378545,0.6430934146207224,0.0298629248792802,0.0184619476389631,0.0212116235590065,0.0077089429109023,-0.0133148662373644,0.0741203508865502,0.9971304145042748,0.0591798834448327,-0.058852454185725,11.100994704045773,0.0338791835223333,0.0239190600575309,0.0264257805464845,11.018476691417147,0.0318908076600191,1.150434901346898,1183.7753362451563,1167.6719309739103,1170.3235318794011,1165.6060097522427,675.3818479616856,749.7645487806655,-279.1670160622803,-688.6522321793256,155.2745320283918
1.25,-0.5650235900878753,0.3668843335446752,0.4439066687715966,0.0277933352331396,0.0196837089640178,0.0235354839851047,0.0077123758261944,-0.0132955856513871,0.0741512863910501,0.997128370641856,0.0587880715514013,-0.054919385562873,11.104114910340812,0.0335515567614314,0.0235316513252208,0.0296530613638974,11.018546555566209,0.0319600696237628,1.1504986233039896,1185.4660137183105,1169.552720686639,1169.3970182312887,1164.0141630333007,531.4172541822812,583.9800716962269,-358.64745904283006,-441.5469450771619,155.27701695196683
1.2525,-0.5864775297752587,0.2552669849843562,0.2470444446808323,0.0266424707502301,0.0199881639931567,0.0243371448049363,0.007708176889655,-0.0132807188265,0.0741791084625789,0.9971265487110524,0.0581127221448103,-0.0509160664836978,11.105998846496584,0.0332278066405056,0.0231519429993829,0.0329136017230472,11.018616419296077,0.0320289761712297,1.1505685071652194,1186.4324225160676,1170.5918313323916,1168.5302945841872,1163.3982750268567,270.1340610546532,276.18028215892355,-320.4829092507151,-78.394379491554,155.27917802384
1.255,-0.5977046239038653,0.1770496887544155,0.0634318320937663,0.0261570030035647,0.0197626186115863,0.0236405654707553,0.007702701235912,-0.0132732004377282,0.0742012607086773,0.9971250482498564,0.0572237500109512,-0.0467413507907265,11.106562555801624,0.0329069001486409,0.0227803129693657,0.0362056779920204,11.018686600874553,0.0320978391758144,1.150645362274739,1186.8166840235835,1170.9336220974335,1167.794603685035,1163.6221911358427,52.88491989431228,21.25171200236715,-250.3282082780003,225.33456200116623,155.28143358066944
1.2575,-0.6260515877629472,0.1380044879726517,-0.0816955397712847,0.0258432329514112,0.0192651804836918,0.0221608932438817,0.0077006384888226,-0.0132730447038259,0.0742166671441556,0.9971239122916412,0.0561265510021143,-0.0423275409784971,11.105726464287867,0.0325874764159548,0.0224172199439584,0.039526018003587,11.018756903634308,0.032166746991802,1.1507304187655178,1186.6968471155392,1170.6980898924035,1167.2786535427972,1164.5249478368628,-157.05147802036998,-208.49730790114776,-147.9182869637984,499.2578342305584,155.28376781099763
1.26,-0.689941717719456,0.1475851127728962,-0.1663678399650348,0.0252275238039987,0.0186777317082505,0.0208559124119976,0.007703484113155,-0.0132758946897444,0.0742267633225501,0.9971230805996836,0.0547278066644263,-0.0376723609380603,11.10342029327312,0.0322678353980861,0.0220631246788129,0.0428698534232513,11.018827019414363,0.0322353392653943,1.1508249623086408,1186.031426633482,1169.891135557928,1167.0550122502164,1166.1184803069957,-385.20896913324486,-434.9805035689407,-49.41407162177816,805.7549333425129,155.28619697889977
1.2625,-0.8060648540943606,0.1991395136702185,-0.2038899360343274,0.0238913437529288,0.0183033094451809,0.0199697878749074,0.0077123143400461,-0.0132763154623896,0.0742328846242776,0.9971225198801608,0.0529141183599119,-0.0327835368615821,11.099586592235296,0.0319461338787441,0.0217189315860059,0.0462306419789337,11.018896514101629,0.0323028534837125,1.1509297766401738,1184.770802269873,1168.5231873745588,1167.0315831846883,1168.5537225035753,-508.0409505022427,-525.667822820366,7.11488068100136,929.2684938321383,155.28922140190707
1.265,-0.9226982850435972,0.251827803688234,-0.1950782489538609,0.0221793549196396,0.0187271733094545,0.0195741206937986,0.0077291424936434,-0.013269751085298,0.0742384434293094,0.9971220254723392,0.0505978707185584,-0.0276523563117657,11.094184224390991,0.0316207278335095,0.0213860139027259,0.0496001122504538,11.01896488885578,0.0323682846114456,1.151045467391538,1183.4912218809707,1167.262796443826,1167.0905866536211,1170.7648227761565,-523.4108586883274,-484.89980318789793,8.78851249249217,857.1434537864918,155.2918323820912
1.2675,-1.0357722214365273,0.2793990020650946,-0.1620987316978275,0.019793711761379,0.0202505133021669,0.0193157158732414,0.0077572161043549,-0.0132534050421243,0.074246106642901,0.9971214174758992,0.0477380965475551,-0.0222490783241479,11.087191535811549,0.0312901777116618,0.0210663887529777,0.052968542526295,11.019031774423539,0.0324315936645556,1.151172280843632,1182.1537479764313,1166.0986883586193,1167.0755257471508,1172.8394397725078,-523.5664304679742,-426.84779780516686,-34.5515573897963,761.3305405435475,155.29453638603965
1.27,-1.1255085911618015,0.264077219750512,-0.1205174046583166,0.0167401034173635,0.0222026950134658,0.0190886624138062,0.007798414847396,-0.0132229326489545,0.0742588267941346,0.997120526770201,0.0442632354671132,-0.0165751996018319,11.078609913257552,0.0309528881097757,0.0207622886333252,0.0563254940411556,11.019096558081216,0.0324923388697782,1.1513107266983391,1180.8733897286309,1165.1285574548003,1166.9178288666724,1174.571475478874,-482.9020381987096,-328.7056366526555,-102.6230821880312,565.9456346022246,155.29731646953255
1.2725,-1.1665016499870176,0.186899686271202,-0.0801711976446399,0.0128790075380828,0.0237161768226406,0.0188740167658296,0.0078500811208777,-0.0131812009621647,0.0742761898707791,0.9971193708238014,0.0402601981303021,-0.0107478738709401,11.068463707597012,0.0306077774177718,0.0204757029255163,0.0596599045775417,11.019159159764012,0.0325504954318748,1.1514605727773517,1179.7392377854378,1164.455160175356,1166.5624103362106,1175.669167945519,-457.1391763252344,-228.91335243584237,-188.6345724382365,303.0592972209818,155.30018669374658
1.275,-1.1491791594435752,0.0318298280617933,-0.0468489946182668,0.0081534186210782,0.0243870863756836,0.0187394144504856,0.0079121190719338,-0.0131320948734339,0.074296911869388,0.9971179961411673,0.0358485533628013,-0.0048320707915796,11.0568022520828,0.0302537029330375,0.0202088112497443,0.0629606274515949,11.019219739534348,0.0326065243999749,1.1516216347893913,1178.5876938470046,1163.983990692621,1165.9746560044812,1176.086771964979,-387.4449127903428,-126.82447146030133,-219.539689442849,0.1430566674571276,155.3037326552514
1.2775,-1.0882430217050982,-0.1338505693355376,-0.0412075693028806,0.0050351656540673,0.0241567615743699,0.0189178662025878,0.00797677135492,-0.0130871792315861,0.0743170471487128,0.9971165992117216,0.0313104481416298,0.0009236964602666,11.043698942998985,0.0298900372808842,0.019962559879327,0.0662169825777645,11.019279374100423,0.0326605810758057,1.1517925990654416,1177.802013221486,1163.8210378180545,1165.4647118889964,1175.669883228856,-280.7376866843302,-35.45406639668802,-170.0397218945036,-305.2999855830486,155.3067701732163
1.28,-1.0031963000702775,-0.3175400310417615,-0.0672075541954425,0.0031691860318724,0.023503015785512,0.0194129592950002,0.0080363405885329,-0.0130527722658568,0.0743347529361683,0.9971152870060624,0.026817244613232,0.006281139420834,11.029252346020591,0.0295152817595372,0.0197371722494493,0.0694195146278847,11.019339199879653,0.0327130096115042,1.1519727670823123,1177.184005413583,1163.8067203606377,1165.1244573950087,1174.560272037064,-233.90738503003877,5.223430074238533,-63.74657545707258,-605.0997906855756,155.30989032072335
1.2825,-0.8989570334345459,-0.5381159990620361,-0.1352816292947219,0.0019397579079373,0.0223027940474058,0.0199158221658052,0.0080848375326664,-0.013030713792524,0.0743505205072039,0.9971140406413196,0.0224494630699451,0.0110488892803868,11.013583093514551,0.0291270966625841,0.0195322470226077,0.0725601100477285,11.019399924355833,0.0327637263957291,1.152162100305962,1176.6324762963359,1163.8471549684257,1165.145979011711,1172.6443842754284,-168.32207740772347,7.527744247272654,104.00291951186993,-764.0497187123564,155.3137259106975
1.285,-0.8153716255587643,-0.7074912354256426,-0.2137689840004064,0.0010667995424981,0.0210371286318183,0.0199079120720741,0.0081195494015148,-0.0130193501930647,0.0743645107923309,0.9971128877788086,0.0182212277276695,0.0151166449515656,10.996829811251787,0.0287224378520618,0.0193470604902818,0.0756320559514775,11.01946182427779,0.0328132507538267,1.152359969589243,1176.3423950265444,1163.844359081874,1165.644471992568,1170.740023443502,-77.32942769471084,-29.48706983966008,303.03724354825346,-786.0063698128033,155.31699505204688
1.2875,-0.7204046106016324,-0.8425698846094077,-0.2952095067086948,-0.0006851060224238,0.0194282975372083,0.0190790259832287,0.0081384113007045,-0.0130159514536362,0.0743780482730434,0.9971117804156848,0.014128416156017,0.01839518871771,10.979144631100093,0.028298173123941,0.0191800148581934,0.0786301751739543,11.019525159386356,0.0328618233585053,1.1525664532300433,1176.2458291578623,1163.6997196192272,1166.6611652294523,1168.7143524263643,-6.898058734713982,-96.0569872016527,471.3996304983884,-805.8586230788292,155.32033562745616
1.29,-0.5959661440046483,-0.93173648170706,-0.362780312665075,-0.0035755604933447,0.0170797950569777,0.0174682124207802,0.0081405711622408,-0.0130189082193048,0.0743883038488848,0.9971109567619176,0.0101967171415574,0.0208263323107035,10.96068806865376,0.0278515894706922,0.0190289239463222,0.0815508178971969,11.019590023739163,0.0329104133131407,1.1527806267388028,1176.3079047328708,1163.3640741458655,1168.00147014506,1166.710730328108,53.94238938925015,-192.3683572661089,561.8523902706903,-773.1730695264268,155.3237325202003
1.2925,-0.4211640041663314,-0.9443570564318348,-0.4019737696427981,-0.0067613885233165,0.0138829682654528,0.0153964146770475,0.0081273838999666,-0.0130264492936162,0.0743944652642668,0.9971104902402248,0.0064529595174679,0.0224090149364442,10.941624145859382,0.0273808667721842,0.0188908751735303,0.0843919767165579,11.019655684536728,0.0329597832923872,1.153001541141521,1176.5155411048083,1162.7378778328969,1169.4704271808057,1164.8484870787322,99.1097215390276,-345.91319346155444,589.4200361449873,-763.4091626003445,155.32719411074547
1.295,-0.1673652481439394,-0.855935788720744,-0.4211819087974688,-0.0088898791689035,0.0102941745042708,0.0133696232062277,0.0081032705321971,-0.0130361698756608,0.0743968961275235,0.9971103521101916,0.0029142293051651,0.0232199502303418,10.922115226859388,0.0268853485476907,0.018762609280058,0.0871532590163028,11.019720695194907,0.033010527491285,1.1532283889767216,1176.803453340566,1161.634508178558,1170.9485703257849,1162.8936845151063,85.13930939015867,-456.73322700039387,431.7884498614504,-654.9998826931036,155.33141905839022
1.2975,0.0487025693716768,-0.697490215921425,-0.4308803295233287,-0.0087462254918878,0.0080030452176162,0.0124358858688601,0.0080740942474599,-0.0130465110686808,0.0743970692038421,0.9971104107472936,-0.0003847890338326,0.0233766335282998,10.90231700036386,0.0263660108476119,0.0186405178018233,0.0898357698020059,11.0197835815118,0.0330623451452789,1.153461250057206,1176.9412376517591,1160.4542116978948,1171.629369430113,1161.5734876652666,0.6856067830994858,-511.0221065227388,102.95190589767788,-445.3566369402221,155.33499657709987
1.3,0.2247473378108815,-0.4633822210929983,-0.4591972411103976,-0.0072590591926212,0.0061172257402133,0.0125374457882909,0.0080445783138623,-0.0130539624156659,0.0743977025777676,0.9971104790048566,-0.0034592340546905,0.0229864810924396,10.88237451599727,0.0258249758903184,0.0185205004577229,0.0924422236828673,11.01984301191742,0.0331146146083603,1.1537000616670208,1176.8068813744815,1159.0793976459443,1171.4633298552733,1160.6669013304052,-147.56589592789484,-625.9300814258173,-289.12085545667355,-282.72143235013266,155.33863033773667
1.3025,0.3530222299685448,-0.1193174914562087,-0.5302923580972673,-0.0050507503021609,0.0044366312513154,0.0131634437517767,0.0080210135464004,-0.0130519638975875,0.0744032464447467,0.9971102676515184,-0.0063952436913633,0.0222079681409787,10.862417634090855,0.0252651250382431,0.0183986831948236,0.0949767676770152,11.019897762591896,0.0331667581333881,1.1539448223342967,1176.20340817212,1157.3245612907658,1170.1837651528297,1160.159880503516,-297.09738835190996,-641.3454266001418,-631.1462705135134,-79.90912284585818,155.34305316639487
1.305,0.3802306566068187,0.1935553156626528,-0.6110245773995884,-0.0032754145900995,0.0038919830939144,0.0130266653459439,0.0080070845491767,-0.013040299287382,0.0744130860101597,0.997109799171193,-0.0091544959985526,0.0211436775144932,10.842556630149367,0.0246911850685152,0.0182710180012177,0.0974446136263681,11.019947479595247,0.0332190632892076,1.1541947318558132,1175.321394432722,1155.8726705129436,1168.3075985027056,1160.2673557161759,-412.9347709634108,-556.4145997599879,-865.607830269826,150.55548061008827,155.3467890174065
1.3075,0.3295749382386979,0.4911484838239039,-0.677731985771143,-0.0015271188592079,0.0047278040427668,0.0114653309560584,0.0080051368162115,-0.0130173915880809,0.0744275356227543,0.997109052190344,-0.0117411316663684,0.0198808889280856,10.82288010940682,0.0241080892925163,0.0181334511765621,0.099852256618441,11.019992120708393,0.0332718910525565,1.1544492403840567,1174.1387343173028,1154.5424882919658,1165.8557260014804,1160.9126579065664,-498.3462989827671,-498.84752347164726,-1024.5311801783591,333.61620397594515,155.35057504857136
1.31,0.2294274395423356,0.7400288658985515,-0.6969597066932377,3.526351470744141e-05,0.0069667737534799,0.0088781891875283,0.0080089101183392,-0.0129901572868978,0.0744441193100832,0.9971081633935768,-0.0140012305948537,0.0183176057294134,10.803452576828231,0.023522203293029,0.0179806474441139,0.1022071212975481,11.0200326573924,0.033325388288903,1.1547066207135248,1172.829662937808,1153.378432895585,1163.1849426018139,1161.9354367360556,-522.412431976147,-416.0409679434085,-1061.588896189346,469.88110280054656,155.3544014582388
1.3125,0.1012943631260501,0.8927285397370373,-0.6227365654389067,0.0004650683919361,0.0106151201745234,0.0057896363680343,0.008012346849016,-0.0129639711110754,0.0744616585100682,0.997107190708128,-0.0158260842800603,0.0163688394063014,10.784313415385164,0.0229392504115949,0.0178078380423703,0.1045173404478739,11.0200703352489,0.0333795553907507,1.1549661916204084,1171.526672157422,1152.4622834522488,1160.5477815205338,1163.2620634205691,-540.7970540096472,-342.1113369602681,-1098.3441450088555,599.8245018815524,155.35827526532177
1.315,-0.0359808141746958,0.941823752543982,-0.4039636558550154,-0.000789685709249,0.0153192926417384,0.0023471759549815,0.0080104879745731,-0.0129418549277563,0.0744800379509253,0.9971061375982394,-0.0171671226769295,0.0139848795906232,10.76547676133967,0.0223638162619207,0.0176113006700895,0.1067912480310035,11.02010612214708,0.0334340242896535,1.1552275159238818,1170.1256776677599,1151.667876210784,1157.6932218767697,1164.934559245463,-475.15194365368,-244.14543853603735,-977.9754216001265,579.0147959712933,155.3629771904365
1.3175,-0.1089559985952316,0.8784237178782213,-0.1201830878710227,-0.0028244999481849,0.0184413823647936,7.951325248361654e-05,0.0080014967943545,-0.0129250175284581,0.0744973890282823,0.997105139241885,-0.0180192580070233,0.0111905637315818,10.746932314165276,0.0217992216918372,0.0173891397849757,0.1090366958735687,11.02014094804341,0.0334880624830522,1.1554911053923949,1169.1509124391537,1151.2415562595684,1155.657904412533,1166.1571374004257,-350.265561330608,-134.16486946670975,-747.4862823041631,393.93672916789,155.3669390286555
1.32,-0.1316348816301421,0.7380555980613768,0.2336165560636759,-0.0049988977653125,0.0202372350220504,-0.0010562376573996,0.0079829387967453,-0.0129140710028716,0.0745132626269012,0.9971042395854394,-0.0183989907855167,0.0080009837575617,10.728647887098107,0.0212478045919703,0.0171404755456395,0.1112605827277156,11.020174963589728,0.0335407376508511,1.1557574355389324,1168.3743498611068,1150.9970518634505,1153.9557904652488,1166.9042428913028,-287.0035060883372,-82.91482623858604,-641.500439897768,181.58229207702263,155.37094518110163
1.3225,-0.1311316179721314,0.5630457455071466,0.6002888015543986,-0.0063909002487368,0.0211908592158923,-0.0005175892872228,0.0079549452769481,-0.0129093729709956,0.074526288079832,0.9971035364068158,-0.0183298938286497,0.0044854955700908,10.71057235396552,0.020711020151514,0.0168662229979588,0.1134682379845066,11.020208290781312,0.0335917902591503,1.156026981388055,1167.715894908712,1150.8269821283757,1152.4504022130443,1167.0650488608107,-253.45442570956575,-72.48539675893126,-578.6035902350372,-103.49237715600104,155.3749875044377
1.325,-0.1473498012982313,0.3758135134910373,0.9150565619353764,-0.0056667124614802,0.0216006386200835,0.0027235395513321,0.0079197111673939,-0.0129087867296937,0.0745369817747297,0.997103004598263,-0.0178893022185753,0.0007580192083656,10.692640166628305,0.0201890782092056,0.0165688621481744,0.1156631360923909,11.02024057766291,0.0336410979647311,1.156300405938586,1167.1070777325588,1150.6346248796558,1151.0627725140737,1166.3867810055228,-284.8137084467387,-116.3325380466604,-609.336161201813,-489.1800002767354,155.3790728488981
1.3275,-0.2411779707726527,0.1617905759489291,1.1576072737387963,-0.0027400104041693,0.0218905650791898,0.0086737610112881,0.0078789792630772,-0.0129081594647844,0.074549017554984,0.997102415276442,-0.0171998208851056,-0.0030797737144753,10.674776349979336,0.0196810445118401,0.0162517182814256,0.117846678211008,11.02027173256086,0.0336880495663512,1.1565793157475237,1166.2918263664783,1150.2453194381424,1149.4037214070352,1164.619148859427,-334.02803401185474,-182.43141323891484,-618.9656679577495,-776.1299484723897,155.3840243510037
1.33,-0.3927732994825897,0.0024735431530236,1.220068882809134,-0.0006426428169891,0.0220885363347259,0.0136576421176836,0.0078345547103037,-0.0129000144654333,0.0745683281318306,0.997101412535967,-0.0164539902965988,-0.0069274621240683,10.656901702752968,0.0191844664438843,0.0159189726847753,0.1200181107859261,11.020301782528662,0.0337318364048347,1.1568654519692625,1165.4369375624997,1149.7224678134612,1147.9679441742849,1162.5061312631608,-399.77704649873834,-256.9567859120125,-589.7878517848893,-915.1654725860419,155.38819111364305
1.3325,-0.5850740419058948,-0.1285455401054688,1.1446655137153623,-0.0010792137886926,0.0221317632467696,0.0175395418291056,0.0077890814957293,-0.0128851701088947,0.0745933984856778,0.997100078208254,-0.015663256083142,-0.0106908813627248,10.638936524533323,0.0186978545168712,0.0155757236856828,0.1221742223975568,11.020331428766392,0.0337722763598726,1.1571595581783067,1164.2929411339846,1148.9605355085823,1146.4547821481108,1160.043321496497,-584.7205466610046,-388.4309122505412,-679.1316040163255,-1080.3503876443983,155.39239952408403
1.335,-0.7836588834876359,-0.2411646996392262,0.9370926699390492,-0.0046908238843985,0.02166947886309,0.0207469691201536,0.0077464484670547,-0.012867446262386,0.0746209616644782,0.9970985767632669,-0.0147697468084351,-0.0142649085746904,10.620805903991307,0.0182197917023101,0.0152276291035785,0.1243098918595937,11.020361483338643,0.0338093247615932,1.1574625030228836,1162.5133348291947,1147.7803132522083,1144.5722861542033,1157.1043793249387,-720.7849348610868,-470.706126801395,-693.5641896517903,-1023.142045877943,155.39749736581194
1.3375,-0.8689828195339739,-0.2871505249356203,0.7059865879809817,-0.0092163308366752,0.0207556022921514,0.0223663936088118,0.0077050215616781,-0.0128545479939575,0.0746463226729114,0.9970971709712776,-0.0136376941137396,-0.0176781693440412,10.602444101762464,0.0177492650922678,0.0148788115048069,0.1264187652392664,11.020393103511676,0.0338430543327965,1.157774207427494,1160.6890164596791,1146.6070048745753,1142.9869611998515,1154.927611267107,-786.893472814363,-495.884161112815,-624.700978836867,-779.2417852339715,155.40178509402003
1.34,-0.8410654896752499,-0.2725287224207481,0.4594217484915068,-0.013586996110325,0.0194007645002234,0.0230346334668173,0.0076681709953887,-0.0128508531276283,0.0746644338191623,0.9970961524346676,-0.0121890918934902,-0.0208575943479348,10.58379814800595,0.0172844109544329,0.0145341531375614,0.1284936892832958,11.020426734826032,0.0338738001441142,1.1580948757182528,1158.5788674651228,1145.3008924466444,1141.448781260019,1153.2081703987687,-870.7648468348636,-531.2197385541026,-596.1664810259335,-609.1687502272309,155.40611354766816
1.3425,-0.7280399922644845,-0.2052735970817813,0.2268003338282382,-0.0169328157918286,0.0179451969297336,0.0230121679992792,0.0076374301121735,-0.0128571879449111,0.0746745764988502,0.9970955492327012,-0.0104190389289576,-0.0237712728003236,10.564830771720127,0.0168227814580986,0.0141971156424107,0.1305274839965974,11.020461363377116,0.033902264174527,1.1584235383443215,1156.335192225505,1143.9509061818048,1140.006128794722,1151.8817675159708,-895.3672798121905,-532.6012369465049,-539.9156053005869,-454.888690095741,155.41047554381407
1.345,-0.5520204793894395,-0.0835280861397429,0.031102968016538,-0.0187235545131661,0.0169017704834786,0.0224901925575888,0.0076155544045381,-0.0128708028541002,0.0746770008104233,0.9970953561920652,-0.0083907438994515,-0.0263627162793085,10.545521809325228,0.0163615890395492,0.0138703564394422,0.1325133267300611,11.020496162328197,0.0339297304703457,1.1587589804127387,1154.102031066062,1142.637886261912,1138.749203233516,1150.9337269482903,-932.3163406762632,-549.2272943393464,-493.8778558032132,-367.02645094083766,155.41487768709027
1.3475,-0.3345705348811911,0.0986188138421868,-0.1516688632971661,-0.0191769712207651,0.0166587233320687,0.0217797163851502,0.0076035149449108,-0.0128872177250778,0.0746734043243027,0.9970954987011,-0.0062016213891999,-0.0286151686365655,10.52586868054766,0.0158983437764836,0.0135547825333568,0.1344451359610731,11.020529946892294,0.0339572503927789,1.1591002255381808,1151.6736105221237,1141.204769710108,1137.536739515706,1150.0466352612668,-817.5277565291974,-493.09615790688207,-386.4759503631741,-309.00593392042725,155.42020623088274
1.35,-0.1937740518387021,0.254251412700641,-0.2627021799645293,-0.0183831126987132,0.0175491835275686,0.0213397304008715,0.0076042888455057,-0.0129033296055949,0.0746655568196444,0.9970958665174408,-0.0039126944080597,-0.0304748888737967,10.505885530868616,0.0154318355619852,0.013250593916838,0.1363175785215376,11.020562017672,0.0339854289910261,1.159446805560829,1150.0143922834159,1140.1724054723775,1136.8168234817,1149.388697278688,-563.6335776893573,-378.91654146450526,-222.98544366371456,-265.11037598970074,155.42468461739358
1.3525,-0.1309333033189237,0.3850096501925579,-0.3366979506278462,-0.0167960366708365,0.0194698238077049,0.0209659898705544,0.0076207113931483,-0.0129147089757727,0.0746580740361061,0.9970961541549108,-0.0016103415630622,-0.0318898353100597,10.485602565703344,0.0149614395806641,0.0129569261889189,0.1381263360904894,11.020590551558234,0.034015169175288,1.159797672600614,1148.8554426336768,1139.3101870027856,1136.4218122973875,1148.7210833813183,-389.7203722122496,-352.59259613713607,-104.68380755655969,-299.97784572861474,155.42920184427055
1.355,-0.1506472388645505,0.4971154640562197,-0.3852131290531956,-0.0147576977737961,0.0219796770261613,0.0199846056765328,0.0076458863761408,-0.0129226776299064,0.0746518020391209,0.997096331291669,0.0007263359334071,-0.0330200218255782,10.465063432138514,0.014488542063521,0.0126695496747254,0.1398681877465312,11.020615459016245,0.0340463758238212,1.16015154703852,1148.0657904223547,1138.4094424916918,1136.293404443917,1147.888808050045,-203.62504533718928,-323.7900885915747,-3.8439152635874874,-305.3689073775851,155.43466667590505
1.3575,-0.2212798108820018,0.5570836185426598,-0.3909497138719005,-0.0139337119027853,0.0235403109812651,0.01858646959843,0.0076755580572737,-0.0129262292687585,0.0746483702057391,0.9970963183642721,0.0030737915902468,-0.0339630057730333,10.444323823915862,0.0140144259377298,0.0123846562107128,0.1415407662818525,11.020636838831768,0.0340786186434334,1.1605081510727155,1147.837317406991,1137.6912365598275,1136.4025927210696,1147.1942388444304,-35.883787383362765,-302.52622404245113,60.78875318712421,-272.5674785114671,155.43925686812995
1.36,-0.2904857964777801,0.5983396186158207,-0.3627424602912944,-0.0153213988568795,0.0243384895760844,0.0170888916853055,0.0077078928384206,-0.0129201082721426,0.0746522510675387,0.9970958602327908,0.0053229149203258,-0.0347547481222709,10.42344930582668,0.0135394075200662,0.012099230881591,0.1431424190724932,11.02065525704215,0.0341107038406788,1.1608685308659548,1147.8863714854378,1136.8968113714795,1136.5973482098527,1146.5259706574875,34.33223171309612,-345.5666991589544,68.1990143395508,-265.02508255597894,155.4438837064185
1.3625,-0.3108220571163984,0.6348446265246099,-0.3145454358869496,-0.0182571747116493,0.0249447963270736,0.0160082725990696,0.0077406251280829,-0.0129033001219402,0.074662727496232,0.99709503813267,0.0074519305263456,-0.03544297817446,10.402511207486707,0.0130647078032338,0.0118105426771441,0.1446719423333274,11.020672006822407,0.0341419613215191,1.1612333488243671,1148.0089785655564,1135.9634030640327,1136.7435877927671,1145.8691134316505,30.707467923639996,-420.6114903143406,23.330236802349237,-270.95671061384235,155.44854014396785
1.365,-0.2372352775213656,0.6676141929903817,-0.2584775863215259,-0.021226916738214,0.0259916797975125,0.0156723480104586,0.0077690260620028,-0.0128740225376078,0.0746802170696476,0.9970938796838688,0.0094172708323243,-0.0361203192016703,10.381584355120756,0.0125909994609374,0.011515603992511,0.1461287775858601,11.020687606632935,0.0341719379138498,1.161602586693287,1148.039908825056,1134.7937539199079,1136.7139993938647,1145.1711871044183,-42.5682852549935,-579.240116343875,-67.92069592361403,-334.0505390483557,155.453231152162
1.3675,-0.0402791019142443,0.6917901752415052,-0.2013580880648921,-0.0230295484922651,0.027974176563198,0.0159917457496577,0.0077882841685562,-0.0128288355952617,0.074706003715782,0.9970923732787133,0.0111387425078331,-0.0368734128218781,10.360744017579863,0.0121181210429288,0.0112118762768099,0.147513057818237,11.02070212134634,0.0342003848286358,1.161976350942887,1147.7961371392814,1133.0672024823136,1136.4039843131493,1144.1988607364087,-150.0590818503462,-687.4631029539,-156.89913231817266,-388.2829420227973,155.45889874311436
1.37,0.1897202750058048,0.6878556667917113,-0.1678861575090352,-0.0228414927220293,0.0300193786188947,0.0164750414273478,0.0077974214075906,-0.012764289330188,0.074740533595853,0.997090540676764,0.0125399355160104,-0.0377053027558997,10.340062351879366,0.0116455852135365,0.0108983814837455,0.1488256139828912,11.020715475304426,0.0342270204560185,1.162354964221358,1147.2896134158043,1131.3564384051383,1135.9295037322738,1143.2297723943043,-268.1046272891246,-731.6098813457132,-220.03082145515185,-423.9873245839946,155.46365262766184
1.3725,0.4493410907487889,0.6488443377356393,-0.1409610565315572,-0.0212355931412006,0.0322594266831866,0.0164263870315852,0.007792329646395,-0.0126876387211982,0.0747800002918367,0.9970886025706546,0.0137583400983423,-0.0386969799439704,10.319603361586283,0.0111755758637128,0.0105733910312865,0.1500681109836903,11.02072844416344,0.0342521315874832,1.1627374726997328,1146.4556140028355,1129.4091530755848,1135.3038302058735,1142.0789241134887,-381.20130536350086,-802.98012846917,-259.9011875612687,-487.008091891686,155.46843744307097
1.375,0.7094589680022046,0.5795833112465015,-0.1049638028199369,-0.0190680391214512,0.0345082613112356,0.0155329315885686,0.0077735068205702,-0.0126062498758148,0.0748197649331207,0.997086803069596,0.0149369938032217,-0.0398317103348152,10.299421532352723,0.0107101773507809,0.0102367817061349,0.1512432862182355,11.020741826468608,0.0342764072371589,1.1631231532161934,1145.3836068889868,1127.3415377627923,1134.6299977944675,1140.794731934846,-471.0560379396257,-828.7289456965203,-262.52961192686246,-534.5898341084308,155.47324716768216
1.3775,0.9534167089173844,0.4832966884077168,-0.0427684526473773,-0.0167475341795543,0.036420181062001,0.013982574847854,0.0077406049607072,-0.0125257301329585,0.074857952010149,0.9970852099546345,0.0161771262807714,-0.0411053535363713,10.279559495795572,0.0102508971274718,0.0098883634793415,0.1523551852725656,11.020755512340571,0.0342998429800501,1.163510896379478,1144.1003338131377,1125.2655083471025,1133.9911821462392,1139.4059749429466,-588.6970883855473,-874.6919951462384,-255.49261914124463,-612.9404299342553,155.4780861496764
1.38,1.2164132971129726,0.362648818490725,0.0614377116454129,-0.0135321096196534,0.0380601711860863,0.0128847806871668,0.0076972022610161,-0.0124509285135186,0.0748917178369288,0.9970839442568876,0.0175668369091226,-0.0424313154977297,10.260045527689988,0.0097991839192526,0.0095293755759118,0.1534089797370807,11.02076933177349,0.0343227985625741,1.1638994566646097,1142.440121447059,1122.9680777870612,1133.3525346987612,1137.7300297851748,-608.6698639242372,-782.199658011432,-208.28594590411257,-597.0414450385168,155.4839258792399
1.3825,1.4054481462859183,0.2840894305789026,0.155767980486873,-0.0103164668609531,0.0387312591222723,0.0132667937676186,0.0076465930176034,-0.0123804723338082,0.0749214652656708,0.997082964926346,0.019062435149194,-0.0437194436643881,10.240892945125108,0.0093549010989352,0.009161313328168,0.1544109582525333,11.02078306090692,0.0343449363347484,1.1642885060811696,1141.0569844935164,1121.3545100570452,1132.9497524167186,1136.420767717754,-528.4191348857461,-558.6390584952034,-141.14365433356699,-485.3374587237898,155.48881922300873
1.385,1.5582329603296743,0.2614646806756556,0.2304924410277718,-0.0066984806126052,0.0381317034312107,0.0145221131280697,0.0075917179574139,-0.0123072531521251,0.0749491390113472,0.9970821925053048,0.0204995680786306,-0.0448792488907442,10.222099180060212,0.0089165290957157,0.0087859537286981,0.1553682026538719,11.020796497697075,0.0343656084164023,1.16467803397199,1139.7980257726304,1120.1748824945853,1132.6468164270934,1135.303342491556,-498.0136145924113,-407.8289308050985,-133.54834594838678,-433.0791911492362,155.49373988039463
1.3875,1.695231919832043,0.3225360461324728,0.2753603559408137,-0.0022640492610437,0.0365002482371108,0.016332400881831,0.0075347695429111,-0.0122246456119919,0.0749784948909681,0.9970814136937352,0.0217201113359528,-0.0458382812821029,10.20364461446596,0.0084831445433984,0.0084050484457523,0.1562881624403818,11.020808846555845,0.0343840742015093,1.1650676671734639,1138.5669164205544,1119.3153654030195,1132.2820106869767,1134.2553717620078,-388.4529178596405,-227.85882106081243,-157.93081917745076,-332.8322355021024,155.49967516072465
1.39,1.7662888955484215,0.4402602935467951,0.2712672469046421,0.0015426141653313,0.0356545503807612,0.0177111551121347,0.0074760058137054,-0.0121351485119977,0.0750087775350473,0.9970806545117036,0.0227468039501489,-0.0465804740358374,10.185491769897078,0.0080570221768905,0.008019705913184,0.1571782063487602,11.020819316272313,0.0344004889921713,1.1654557636173408,1137.855761183332,1119.0355883892812,1131.857162331206,1133.6391813140451,-207.82568586022964,-42.25351365253021,-223.91531883180895,-199.09675400771897,155.5046450251791
1.3925,1.782548511199335,0.5869704847824823,0.232990669847052,0.0058212770047012,0.0363995105161518,0.0185950871880714,0.007419786366602,-0.0120435799436626,0.0750392060151497,0.9970798844580748,0.0236524266331608,-0.0470132481985084,10.167588539914195,0.0076416679161491,0.0076322251300724,0.1580451831894092,11.020827173786348,0.0344153761090797,1.16584157240529,1137.5277879912533,1119.104097834757,1131.1624340928176,1133.2598879919692,-67.77921261896299,61.865148873586314,-337.9878297803388,-123.04458996182156,155.50963647299287
1.395,1.7435387259298458,0.7122978932535746,0.1797235923140978,0.0106128185427453,0.0386687918190396,0.0190057796368536,0.0073687681116226,-0.0119560725273967,0.0750705535986719,0.997078954781406,0.0245304818375017,-0.0470847432802013,10.149871313853003,0.0072411624557563,0.007244219589882,0.158894929085023,11.020831520535994,0.0344294399818805,1.166224305489343,1137.5168651202373,1119.3449141336491,1130.1672231823045,1133.0239583642363,60.491569754959905,106.61128578595024,-475.8171926173064,-78.23082273603342,155.514642563421
1.3975,1.6304311719335187,0.7586704564903306,0.126004638294692,0.0155395329041204,0.0422113170196949,0.018956144252971,0.0073306413575026,-0.0118798734517697,0.0750987220869406,0.9970780301152888,0.0255030910852408,-0.046648008115292,10.132268879670052,0.0068598395659189,0.0068588609901489,0.1597314397199916,11.020832543218429,0.0344440071522263,1.1666043959623635,1137.830245840028,1119.6371542636869,1128.7833481297312,1132.868733878289,185.85035562172857,103.61884856210725,-688.9814820536071,-76.51321007015036,155.51966117310076
1.4,1.4140987249656611,0.6804865061160531,0.0783447714993443,0.0206873515236923,0.046534437508494,0.0186795067754564,0.0073089244750531,-0.0118145870031448,0.0751228854842513,0.9970771490222786,0.0265300511113717,-0.0456343605093493,10.11470868923632,0.0064990077514542,0.0064782733230392,0.1605564002601184,11.020831282967816,0.0344589446710668,1.1669842938229225,1138.446116898346,1119.8630083764597,1126.7223157720364,1132.6413923138855,240.61763439094088,40.654644979530495,-807.5627271102616,-109.06965347685149,155.52568978027523
1.4025,1.181145322424707,0.4987661850233541,0.0588978469956109,0.0241083550974927,0.0494706305334506,0.0185901454550667,0.0073055323900361,-0.0117553019049356,0.07514376081773,0.9970763030622708,0.027478882560761,-0.0440064290617773,10.09712123326811,0.0061576402781509,0.0061045294748517,0.1613685661282542,11.02082854986021,0.0344733929710634,1.167367007863966,1139.0333340119828,1119.8404274885845,1124.7455344941795,1132.3233856109048,217.75162188892415,-70.42079310799787,-824.6764751679796,-173.05731438932895,155.5307117278202
1.405,0.918473488892079,0.2186714893240522,0.0616988903856529,0.026591898846243,0.0513458960249295,0.0187816790379888,0.0073231078086466,-0.011695738904758,0.0751647529396485,0.9970752936065556,0.028194028626539,-0.041716280900967,10.079444376422694,0.0058332591167114,0.0057404874392967,0.162163587726117,11.02082492965671,0.0344862942840218,1.1677563823638295,1139.5348750077903,1119.5109044109197,1122.5989333961963,1131.7761057419389,163.96003852442283,-225.6568225699132,-964.9104748361628,-310.9410709709276,155.5357218635685
1.4075,0.6007782682082454,-0.1776518962377178,0.0899411222880209,0.0283960592623091,0.0520837686954213,0.0191121650570933,0.0073550313100827,-0.0116364554351452,0.0751859087553998,0.9970741564795615,0.0286492890722818,-0.0389190414481538,10.06162623124497,0.0055242329576039,0.0053864234972535,0.1629344494124907,11.02082173075314,0.0344969637063775,1.1681537204675034,1139.8531342046049,1118.7121433757347,1119.920982119999,1130.76868025605,45.02875709672576,-358.7873929069323,-989.7453397817783,-436.52632830318015,155.5417078072115
1.41,0.3548708941506446,-0.5075891668124886,0.1346507947274114,0.0287739631936865,0.0510993259715143,0.0193760043421773,0.0073967031101773,-0.0115771890866203,0.0752055005036306,0.9970730564202512,0.0288118536832148,-0.0357335888532106,10.043630480356477,0.0052276966162393,0.0050436897355363,0.1636721941955536,11.020819631346788,0.0345051462634291,1.1685591214297968,1139.760018793274,1117.716967446385,1117.6502066972876,1129.593474100423,-136.66559950788408,-453.24789638656375,-910.2134720557176,-543.6407491122156,155.54666522000954
1.4125,0.1439642008444528,-0.7741688300740929,0.2027678180512124,0.0281857669536398,0.0480674375270018,0.0196365311552932,0.0074435543298403,-0.0115171813685791,0.07522382123292,0.997072015719078,0.028646871054859,-0.0322827910874347,10.025438841761508,0.0049398313810343,0.0047138265571404,0.1643668791955301,11.02081888294562,0.0345106230172477,1.1689722433292016,1139.1698062070654,1116.445903893802,1115.3699147597204,1128.050476510489,-334.06951540186265,-535.5591017388964,-911.0943515108163,-674.1338568915425,155.55158049765478
1.415,-0.0386476245543053,-0.9508904327868384,0.2905758274597511,0.0273468155857348,0.0437548885065547,0.0199678786477817,0.0074935134885265,-0.0114562832920992,0.0752426903451808,0.9970709196568248,0.0281445852262604,-0.0286453615653843,10.007051880382013,0.0046565340357215,0.0043990901883357,0.1650084795241979,11.020819313451266,0.0345135221018134,1.1693923968495474,1138.0896712162648,1115.0391719376903,1113.0947349397336,1126.2228048159652,-563.7679831464204,-565.5470520975207,-905.047605773708,-784.3824298481362,155.55645381913317
1.4175,-0.2042727755504051,-1.0027210711080627,0.3994458976822266,0.0269839927361601,0.039248570564576,0.0205179056601325,0.0075429826897438,-0.0113903686539615,0.0752664901955524,0.997069517336759,0.0272233955169991,-0.0249285191935601,9.98848964669038,0.0043720685131176,0.004100971509759,0.1655878512666534,11.020820580623193,0.034513824381971,1.1698189105900407,1136.3509662913334,1113.6181686333143,1110.844676730852,1124.1285643612484,-922.9064663808656,-589.9656888153585,-973.3788132400813,-951.0153140266286,155.56126867077245
1.42,-0.4144280762747575,-0.9427060468784672,0.5456526789037193,0.0275229968945585,0.035176869480431,0.021595280992359,0.0075836117175921,-0.0113237012495514,0.0752947675713792,0.9970678550305998,0.0259727030565116,-0.0213492997538299,9.969787560807273,0.0040832397744014,0.0038185770916857,0.1660974243608477,11.02082258117642,0.0345120205493133,1.1702491904064187,1133.4751388843606,1112.0893434936136,1108.2278408735333,1121.467728245832,-1176.883757392643,-511.03730120443015,-930.9140897890088,-971.3675899136208,155.56696947226953
1.4225,-0.6134252841550185,-0.8298533549535749,0.6703389214161904,0.0283195653122282,0.0332727117152276,0.0228900630582319,0.0076134631091742,-0.0112568134131195,0.0753257978956251,0.9970660658841768,0.0244266955431134,-0.0179919764905126,9.950995475434231,0.0037859183115344,0.0035523607358926,0.1665317664316321,11.02082571806604,0.0345090115683255,1.1706814949470463,1130.46654750437,1111.0629821272923,1106.1901062819068,1119.2717264116802,-1299.5467843912747,-353.2047253292067,-760.3113702227625,-839.2808427930764,155.57164960175484
1.425,-0.8270373932407588,-0.704973881304545,0.7826492614598378,0.0280506346460978,0.0326309358829484,0.0245195841796721,0.0076334900832014,-0.0111880109832416,0.0753595699828936,0.9970641599409072,0.022588252884791,-0.0148793116314424,9.932173341709284,0.0034756811214503,0.003302781052586,0.1668878896444702,11.020830541939633,0.0345051874665817,1.1711152493477963,1126.977404962404,1110.3233198669675,1104.4262840224192,1117.2713240318667,-1586.0837954603423,-278.27388024812217,-681.4645134690327,-802.661690981148,155.57624948723912
1.4275,-1.0516734708587203,-0.5876664036027146,0.8823051260826597,0.0248396401267855,0.0324802132000685,0.0267213754481658,0.0076487793217668,-0.0111191142997505,0.0753945069170345,0.9970621963578736,0.0205435801049167,-0.011955249759315,9.913385321985473,0.0031500280884413,0.0030705167495215,0.1671653212109056,11.020836499833068,0.0345010472257152,1.1715494622406675,1122.5361285270685,1109.6716127260515,1102.7827837145617,1115.2584179567743,-1616.2606574781767,-226.58295145916355,-507.447621987796,-659.9458454819483,155.58166913704753
1.43,-1.1694356097594,-0.532122910903737,0.9187831395895985,0.0200904413842247,0.0322436587408662,0.0287263065230228,0.007663858044242,-0.011051593123548,0.075430029685931,0.997060168797079,0.0183760688744946,-0.0091704525679062,9.894695957573246,0.0028072934298135,0.0028549820730886,0.1673661735077083,11.020842474669719,0.0344971520685428,1.1719830277900227,1118.8961016750131,1109.190405109672,1101.8890459124805,1113.971594804457,-1376.5817363348697,-216.43947683837223,-256.1734825966537,-433.1124465269468,155.5860972358228
1.4325,-1.185193841891344,-0.5167320769482859,0.8836034109557201,0.015403718909751,0.0314759848036924,0.031156792959572,0.0076775049706738,-0.0109925574539419,0.0754628907994864,0.9970582519396606,0.0162746949673109,-0.0065917209919534,9.876164793302808,0.0024487073813246,0.0026525176286374,0.1674950022508114,11.020848257064252,0.034494295092675,1.1724136618057839,1115.653219845394,1108.5894153418599,1101.5019163015784,1113.0928557241396,-1188.8903947444485,-283.03071957151843,-84.85681674610336,-295.3023851310195,155.59042896332696
1.435,-1.1192579367331803,-0.521201818407301,0.7719540086598932,0.0118033438475796,0.0302490372899967,0.0341208468113773,0.007690749047552,-0.0109463857272458,0.0754907591075769,0.9970565641525572,0.0143776182163973,-0.0042295889756267,9.857843239906595,0.0020759390438465,0.0024594368101865,0.1675584457891386,11.02085315336669,0.0344929602812847,1.1728403483301777,1112.9516497012908,1107.7752515118143,1101.46476182875,1112.495082878802,-918.0827893562506,-390.17923561897,34.743617877394,-196.27721699244336,155.59467793457858
1.4375,-0.9789512050175844,-0.5294687402822713,0.5572026576028006,0.0093208324049971,0.0286075054342974,0.0375400716997828,0.0077048296750194,-0.0109114133917064,0.0755146784056525,0.9970550345812548,0.0127020635333816,-0.002072786895425,9.839771738513262,0.0016899896124802,0.0022717071899888,0.1675646813499123,11.02085631686379,0.0344929427811743,1.1732629443107747,1111.0628058986129,1106.638519163765,1101.6756343909651,1112.1114696391776,-634.1708480042279,-567.7883470524314,91.18935240290024,-158.2555396785244,155.59882451217877
1.44,-0.7625719178931589,-0.5220301786293077,0.1951653295212813,0.0071165495639503,0.0263485019729989,0.0411653104014517,0.0077198336441311,-0.0108841694838665,0.0755364663715038,0.9970535647200572,0.0112242992189277,-0.0001210460470806,9.82197666370887,0.0012925136482846,0.0020847091404947,0.1675227544273205,11.02085680984514,0.0344941919192441,1.1736809484944295,1109.78079546127,1104.9363097765522,1101.9207085907644,1111.7038051804093,-322.4745031880428,-659.023251369975,44.12635652124562,-169.2835402202906,155.60367970265364
1.4425,-0.5679344084296477,-0.4927491912376424,-0.1542097950821703,0.0055617386150578,0.0245103614370538,0.0423687245365792,0.0077376176307639,-0.0108611435845998,0.0755599841277889,0.9970518896134484,0.0099167868056464,0.00166943725464,9.804468619772653,0.0008862999503529,0.0018944986392343,0.1674418778767287,11.020852956598576,0.034497008450731,1.1740942625578779,1109.4504333826724,1103.3434029069151,1101.8962661735716,1111.265051938076,-18.16224160525011,-634.4765658463838,-99.48689193119888,-225.35141650423088,155.60762410965063
1.445,-0.3862045371009077,-0.4398310387270208,-0.4789480559864184,0.0041604620550602,0.0231334278462131,0.0402855694199048,0.0077562586379239,-0.0108430478415465,0.0755884755375515,0.9970497746652148,0.008821805754887,0.003270035372826,9.787242391954493,0.00047617880834,0.0016962094266479,0.1673307608093316,11.020843949982426,0.0345010408583443,1.1745032406232736,1109.6899842532437,1101.7639269473202,1101.4232741311084,1110.577048097888,155.47023463041447,-597.2596757166357,-279.7473747098198,-331.96200357693465,155.61146268048455
1.4475,-0.2370529667541317,-0.3734544755893009,-0.7272980940421241,0.003106974294469,0.0221860352932149,0.036141513581807,0.007772648032304,-0.0108303514523276,0.0756207493935638,0.9970473331818503,0.007966886208195,0.0046357981268379,9.770278938942399,6.706561274227537e-05,0.0014854013573828,0.16719695348037,11.020830728590168,0.0345060712177125,1.1749084355886572,1110.2277845558247,1100.357104528332,1100.4975293000225,1109.6052419201915,250.32429404396305,-487.98590566735714,-475.68250809814447,-464.86223790094374,155.61521375894685
1.45,-0.1578742740285934,-0.3001245770717031,-0.846302670809,0.0028202369684153,0.0215404356255649,0.031716191938946,0.0077855641141903,-0.0108195649727885,0.0756582339686371,0.9970445063995236,0.0072965068427282,0.0057692544853107,9.753548241159713,-0.000337722985736,0.0012595403728998,0.167046257456473,11.020813965063644,0.0345114891861562,1.1753106384757992,1110.9416057234635,1099.3239974189835,1099.0448615906175,1108.2527369083834,324.21442903804905,-343.69028322243247,-729.4894271438638,-676.4245325368692,155.6188599909785
1.4525,-0.1840235021390616,-0.2140006472667454,-0.8433278526413169,0.0034352445396036,0.0209496749209517,0.0276730130094512,0.007792063340623,-0.0108134817586391,0.0756977114583597,0.997041529654421,0.006867148000964,0.0066321039459305,9.737011476524701,-0.0007335830432399,0.0010167739690005,0.1668822743330553,11.020794837124727,0.0345163293206529,1.1757106449889163,1111.8488567010147,1098.6386531122196,1096.850082164303,1106.223119257507,331.880843139144,-157.73905183472925,-844.3348609175958,-794.5757027917169,155.6231150849775
1.455,-0.328522660952186,-0.1490486414807705,-0.7495385345710441,0.0044561590816797,0.0206388918161537,0.0255709607927377,0.0077937800209889,-0.0108153167860863,0.0757341271558371,0.9970387362918904,0.006742792407857,0.0072739309873262,9.7206254658662,-0.0011167154030639,0.000758312563207,0.1667060739899179,11.020774663920895,0.0345198864573378,1.17611000448129,1112.6010099391592,1098.5353021598098,1094.8231872860297,1104.2798583944248,299.5389770902939,38.017552714792046,-804.7946577403026,-795.5788779160398,155.62656120996076
1.4575,-0.6049578062990472,-0.0952692311244404,-0.6095293246790358,0.0051844726643894,0.020539681995228,0.0246465634918145,0.0077924460210446,-0.0108214826288591,0.0757663600702701,0.9970362335472576,0.0068496323730124,0.0077532356259539,9.704348613807847,-0.0014867802542993,0.0004871367281,0.1665160505235679,11.020754385298469,0.0345210424698793,1.1765103942776811,1113.3465515864664,1098.8287408757935,1092.8261088756017,1102.2452248679267,329.21127659106577,181.8083040841923,-823.6422504824253,-866.5436070922353,155.6299042957911
1.46,-1.057520204701199,-0.044950955740993,-0.438823173923765,0.004321195417624,0.0205845393552165,0.0243995449071767,0.007791586769894,-0.010825297966154,0.0757968478527689,0.997033879557828,0.0070531145102229,0.0081624736020066,9.688144460165491,-0.0018456167179351,0.0002083160114688,0.1663080111946275,11.020734111566853,0.0345194980000669,1.1769127867256053,1114.2470663221145,1099.4443436802308,1090.7049760336176,1099.9471403589637,329.47329844359194,234.20097548168457,-706.1450528861152,-783.0159850316523,155.63379735933557
1.4625,-1.4899185408606583,-0.013012233427238,-0.3187074589915382,0.0015293831516883,0.0206391979177404,0.0244527403454993,0.0077935438697201,-0.0108196412586739,0.0758293382640137,0.9970314490760344,0.0072071777415888,0.0085645870190005,9.671985394441922,-0.0021963610026474,-7.23335126312074e-05,0.1660755085231585,11.020714072234652,0.0345143823158613,1.1773193569860938,1114.9939180786844,1099.9997457532022,1089.295383611171,1098.3301449427684,287.9933046975954,186.63082153074836,-472.1503940153871,-553.915810146951,155.63694296154955
1.465,-1.9132062018230036,0.0135650323473915,-0.2332264297161122,-0.003399023407167,0.0205926772628948,0.0243881200958553,0.007794806231731,-0.0108015672324269,0.0758665547694462,0.9970287948965642,0.0072382260347466,0.0088953862203249,9.655855385710192,-0.0025419214016478,-0.0003503165592688,0.1658104437386963,11.02069548008058,0.0345039412365457,1.177732355114764,1115.6870328456023,1100.3774977878843,1088.3442240635407,1097.1775613082289,255.07678972422212,90.41455081988,-300.8887791853404,-375.069022374654,155.63998635387335
1.4675,-2.282370741154565,0.0400424331400963,-0.1748708481724878,-0.0098686002592111,0.0205295010664588,0.0241499918427177,0.0077930029533217,-0.0107728268598549,0.0759075412314224,0.9970259892655328,0.0071663226331467,0.0090978980240237,9.63975101855554,-0.0028844314345614,-0.0006207547791302,0.165503982371833,11.020679451086966,0.0344880432953849,1.1781521492971443,1116.2693020273055,1100.4518185073016,1087.7909397152443,1096.4547998308951,186.55196724790076,-75.04032690462897,-130.4259875858889,-193.1842987318346,155.64294500114954
1.47,-2.547673398197872,0.070349111175541,-0.1407523506956588,-0.0175325355407362,0.0205700262925593,0.0237095294049989,0.0077836539355518,-0.0107341078854397,0.0759514623582135,0.9970231235396088,0.0069900369128544,0.0090692122003667,9.623683258919367,-0.0032269185923293,-0.0008800105157982,0.1651476272791042,11.020666017470612,0.0344673416856911,1.1785774426843665,1116.619792681842,1100.0022961533612,1087.6920941256112,1096.2116398145697,77.20608819086176,-345.98184275597134,45.956322585972046,-24.4899156518846,155.6458015066722
1.4725,-2.729590136558617,0.1141017604814521,-0.1155075773574835,-0.0268884093684067,0.0208122573668155,0.0230373186656807,0.0077622745020786,-0.0106910372709074,0.0759937906814341,0.9970205155261772,0.0068054740104337,0.0086937540402237,9.607675478079997,-0.0035708446511508,-0.0011258815033756,0.1647342936227002,11.020654859512556,0.034443687699008,1.179004799991138,1116.6553324682595,1098.7219092935215,1088.0207213281742,1096.332350252636,-63.06509170899371,-597.978012567214,178.71595406081312,83.98420497542054,155.6491115425132
1.475,-2.779172939714728,0.1580715083594194,-0.1009468740985802,-0.0339416136790648,0.0211605999482975,0.0225364439250535,0.0077310936935063,-0.0106463556673343,0.0760309598723806,0.997018387382991,0.0066654689798782,0.0079858059236475,9.591761968447992,-0.0039181209793778,-0.0013556792448378,0.1642589988172086,11.020645139903332,0.0344196307266639,1.1794311885091884,1116.304467223297,1097.0124060905252,1088.5856738959153,1096.6315608394468,-224.85469975299043,-800.675877648227,263.59395420003534,122.62420974766144,155.6517721841888
1.4775,-2.752855910962019,0.2115225603816193,-0.089524491019695,-0.0395053219632614,0.0215442251775682,0.0222785786315931,0.0076923036959528,-0.0106003075137425,0.0760633211342567,0.9970166916700433,0.0065770488966808,0.0069618724231013,9.575985623760767,-0.0042707947388146,-0.0015686456410332,0.1637191147885622,11.020635871989995,0.0343966155043233,1.1798547242842516,1115.5310589694948,1094.7185299052803,1089.3386910991744,1096.9454713013743,-433.6244425274437,-1097.1730819585223,347.86357460375996,100.71744423112465,155.6543320989354
1.48,-2.6614361975099694,0.2881210857769664,-0.0782456760748928,-0.0451974256482088,0.0219763885394732,0.0221428001368411,0.0076462099184829,-0.0105540784279872,0.07609240009851,0.9970152986670952,0.0065639222300676,0.0056032580387769,9.560393998106017,-0.0046296889363439,-0.0017665817406193,0.1631142979616974,11.02062604539176,0.0343751770760778,1.1802748514243195,1114.1363450106599,1091.5265406807328,1090.324991768934,1097.1351480606024,-580.4787046417583,-1195.7173043416587,357.4144146960483,16.68593457279748,155.65728861614983
1.4825,-2.5352394394021895,0.3612238611638438,-0.0695791943384808,-0.0502678766980269,0.0225522468802729,0.0219652958880748,0.0075967706722162,-0.0105060115385031,0.0761205118860883,0.9970140220300124,0.0066012248752055,0.0039702354987672,9.545035483328457,-0.004995356719544,-0.0019516885754611,0.1624462221707931,11.02061459374587,0.0343558056190243,1.180691742941255,1112.628665446286,1088.7399433835724,1091.1257631726546,1097.0289009742382,-659.537240818948,-1078.569377403503,297.80837460229344,-109.18563392592408,155.65965717267935
1.485,-2.331742736421642,0.4389551548525975,-0.059328892088246,-0.0565330056173672,0.0236131727073933,0.0217245668105793,0.0075450652655811,-0.0104539652047874,0.0761503293312649,0.9970126765191482,0.0066499555201581,0.0020764747321737,9.529955747547037,-0.0053674685004237,-0.0021283988024023,0.1617182854048804,11.020600516227564,0.0343384548045424,1.1811050519778359,1110.838658806565,1086.133693793715,1091.8140336419456,1096.5892198909728,-747.5845148558446,-971.1062244812867,246.5760667747816,-229.72404673909676,155.66192821146223
1.4875,-2.0392410444723335,0.5159810892347859,-0.046516177332033,-0.063661858809958,0.0250239673415672,0.021475571549823,0.007494638898912,-0.0104022889289773,0.0761809339348179,0.9970112621398866,0.0067961269897681,-1.7347938602245427e-05,9.515192587543464,-0.0057425632294097,-0.0023014486541895,0.1609354289884937,11.020582903304549,0.0343236032057765,1.181514320975394,1108.8907428720067,1083.8844122611658,1092.3586435065283,1095.8802807405427,-793.0032618630489,-781.274963545655,176.48887719902095,-337.8696661174289,155.66411945400318
1.49,-1.6269696629247488,0.5894659673638762,-0.0307428416653251,-0.0707656733640029,0.0266045400226874,0.0211657678058758,0.0074443808201351,-0.0103543617930802,0.0762133574848729,0.9970096737829912,0.0070967613999173,-0.0023264157287071,9.50077471606416,-0.0061169859355834,-0.0024774370005312,0.160103726533448,11.020561058797227,0.0343112148911294,1.1819191109002432,1106.8736424972499,1082.2273189759867,1092.6964780279407,1094.8998715603857,-865.7669743561383,-583.0299036812116,99.7763447446253,-473.1384703782724,155.6662155664968
1.4925,-1.0242879691759483,0.6752551831255086,-0.0120111137690471,-0.0768699535518389,0.0284758026951757,0.0209356697525223,0.0073854641278964,-0.010320488351016,0.0762464365431229,0.9970079542217616,0.0077245127670812,-0.0050101370612719,9.486718322967066,-0.0064848187144595,-0.0026654974399828,0.1592300890680496,11.020535688519516,0.0343009318163346,1.1823184465577274,1104.561908000226,1080.9692627427598,1092.8575252302517,1093.5145883886514,-801.0346258119895,-356.4196121361337,22.265356916022423,-523.609739417713,155.66862164923495
1.495,-0.4877371790396381,0.7481064998948528,-0.0018418944479507,-0.0783978085384463,0.0299836216551239,0.0212165531912379,0.0073145605230077,-0.0103056065087761,0.0762786582308962,0.9970061847061612,0.0087532377869607,-0.0081039313522025,9.473026401924544,-0.0068419131247487,-0.0028722450643928,0.1583217600297095,11.020507800621468,0.0342922059535891,1.1827125572702135,1102.8684693681898,1080.4452209153062,1092.8078048125208,1092.281822863297,-602.0742168374769,-139.1870414427071,-50.1624562173208,-483.5180178089902,155.6705356821749
1.4975,0.0048150490138733,0.8251388905939852,-0.0023158531043294,-0.0763898065529682,0.0315820770962741,0.0219513052667587,0.0072314086425519,-0.0103067199080718,0.0763094085027826,0.9970044381230508,0.0101067447958197,-0.0115633894070083,9.459688985011438,-0.0071870255660687,-0.0031021047153376,0.1573857788851703,11.020478089392858,0.0342839882911541,1.1831016889256332,1101.5515369160387,1080.2733275355463,1092.606712949165,1091.0969982996064,-455.4454236843055,-42.356754555840766,-99.02787773158008,-446.02737012997784,155.67235454181608
1.5,0.4181835005586494,0.9047114607489732,-0.0090141179294332,-0.0731040235263254,0.0333795612552815,0.0225437858015204,0.0071379331645969,-0.0103191527886798,0.0763350601090644,0.9970030220708558,0.0116770691688538,-0.0152924095994938,9.446682819081984,-0.0075199654245395,-0.0033575698322636,0.1564286130392476,11.020448102313013,0.0342753740987218,1.1834866211850543,1100.5912422497684,1080.233437142527,1092.3126654238629,1090.0516860126472,-305.46017308270814,-15.258995374006515,-132.78557892072342,-363.5420065143612,155.6740934219096
1.5025,0.7250146140057107,0.9819758595613136,-0.0099837339709323,-0.0701545820405495,0.0356004429333543,0.0224212924083598,0.007038085632291,-0.0103369935094721,0.0763527659240785,0.9970021854158828,0.0133332058003493,-0.0191494235317596,9.43397283238883,-0.0078415004527704,-0.0036391089198386,0.1554558300556383,11.020419281971153,0.0342661314472085,1.1838686755153411,1100.0242360506252,1080.1970325586763,1091.9427850545615,1089.2792882670346,-189.07691738026656,-38.1912729337719,-172.36168533799685,-260.73120441569097,155.67573390598827
1.505,0.9972760831012414,1.062283635608403,0.016667909336724,-0.0680063220870475,0.038855090837937,0.0214753310527373,0.0069339928194403,-0.0103510480447425,0.0763639672893689,0.997001897802878,0.0148777543283051,-0.0230198287837604,9.42151499164816,-0.0081539403801544,-0.0039462516910316,0.1544718572147298,11.020391838006084,0.0342558768355008,1.1842486231427516,1099.645857662867,1080.042480777858,1091.4508569971729,1088.7480299905687,-120.2096459386184,-78.38366157770726,-184.17766320803395,-128.99671944037135,155.6775853461452
1.5075,1.172974756102782,1.1133881431958248,0.0710767967975485,-0.0669431158411286,0.0415618330508469,0.0204887893507204,0.0068282128804234,-0.0103521293819642,0.0763727461195352,0.9970019268217046,0.0161132926945914,-0.0267812904158331,9.409258499556195,-0.0084597708006393,-0.0042770446775498,0.1534800226053225,11.020364971486947,0.0342440477825834,1.1846268184016884,1099.423187820932,1079.8051142507877,1091.0218967385213,1088.6343046698328,-108.92795379536668,-107.72648285019616,-173.72790784125215,7.330689470791341,155.67902751799923
1.51,1.3143593609548452,1.1447013480725174,0.1535949735274212,-0.0648815482895807,0.0437993754020972,0.0199911951822841,0.0067205509813788,-0.0103327562667763,0.0763862835300908,0.9970018061490156,0.0168705594699732,-0.0303689387742017,9.397148938867279,-0.0087610140876439,-0.0046291650414061,0.152482626948171,11.020336986738524,0.0342299537147799,1.1850031056447587,1099.10121789389,1079.5038483636072,1090.5822174579666,1088.7846834379227,-199.01636541986105,-126.22490815038232,-199.3190492426535,95.80678298375663,155.68036112573276
1.5125,1.4402709712318873,1.1514620859749547,0.2591888145355586,-0.0603664300692479,0.0464424538491719,0.0204926954511466,0.0066066047076419,-0.0102921761928376,0.0764088757769919,0.9970012473223048,0.017101887191586,-0.033812396224788,9.38513096259216,-0.0090576821688184,-0.0050007355456234,0.1514810835959151,11.02030671965516,0.0342135873649888,1.1853752015997303,1098.4281059938328,1079.1739897100358,1090.025301492308,1089.1133385847515,-306.931738312862,-100.26298093725696,-214.59097643536967,121.97796455697872,155.68183158551443
1.515,1.5024925139525098,1.1181501974053178,0.3276718968749696,-0.0558303829015551,0.0490557478730939,0.0217235971315956,0.0064917778921852,-0.0102311273206969,0.0764400184836949,0.9970002443407164,0.0168041405344853,-0.0369682446446139,9.373152879159727,-0.0093492465445585,-0.0053861841900706,0.1504759031061793,11.020274017173705,0.0341954137815901,1.185741607426518,1097.5665592023258,1079.0025334589209,1089.5092625757895,1089.3945732607076,-404.4369890038431,-35.1343559505941,-224.56525904053188,98.1645301610547,155.68294599462146
1.5175,1.5256281042642903,1.0228179638238764,0.3501131742965057,-0.051552553470752,0.052088354442397,0.0234139458083765,0.0063832820565197,-0.0101519587518713,0.0764778357971957,0.996998868748396,0.0160102957518186,-0.0396726557364182,9.361171139082083,-0.0096351330087852,-0.005778807344127,0.1494663062290157,11.020239436760976,0.0341748936481791,1.1861031142839222,1096.4059210488135,1078.9983179302828,1088.902475197105,1089.6041612355568,-500.1868862581084,28.427589070543643,-261.55985632113345,73.8763968491655,155.68394245499962
1.52,1.530999693319653,0.8616944937785495,0.323797326806706,-0.0479259352810451,0.0553691628298461,0.0252419466507283,0.0062852003278046,-0.0100653479078615,0.0765161634946896,0.996997453244818,0.014909081141719,-0.0418448061152856,9.349153250402049,-0.0099130907688423,-0.0061726171200641,0.1484498949379627,11.020204343199659,0.0341520801715273,1.1864601350396966,1095.0656247710351,1079.1446714042736,1088.201463294184,1089.7639552449534,-553.8537022687824,90.43379411650868,-303.3030671092612,68.16715886643723,155.68483942775808
1.5225,1.537090158649426,0.6152791466201243,0.2404736078261681,-0.0454247126308365,0.0585593394008662,0.0268316093428439,0.0062011583572478,-0.0099775145452881,0.0765502834859584,0.9969962680898772,0.0136103368448141,-0.0434192477467532,9.337083876219545,-0.0101831750480982,-0.0065613015323534,0.1474221410241825,11.02017056736261,0.0341267383450658,1.1868151208594486,1093.6366525374697,1079.4504869008651,1087.385959861559,1089.944997029889,-615.1396759560015,158.77291580367995,-378.7601173595161,109.7290382228468,155.68561486476247
1.525,1.5603196390313183,0.237931171461757,0.0958312728095834,-0.0429617518641634,0.061195337376864,0.0277668311509209,0.0061324010916468,-0.0098905697891097,0.0765791724499449,0.9969953592250448,0.0121500076911241,-0.0443822890426404,9.324967966141514,-0.0104475949659272,-0.0069389812291831,0.1463762646618348,11.0201391538858,0.0340985505312518,1.1871704919704833,1091.9899263912553,1079.938535983292,1086.3076627073865,1090.3126004360677,-573.8403582709319,186.6986382065036,-403.1773355550192,170.66588280790316,155.68640343630864
1.5275,1.583447688505764,-0.1134969611376388,-0.0371535840969904,-0.0401084512557504,0.0617163610520243,0.0274992416319666,0.0060801720839467,-0.0098051034829577,0.0766036749444562,0.996994647772754,0.0105430013287454,-0.0447306823282323,9.31283258987803,-0.0107095587259033,-0.0072999095289455,0.1453035683121991,11.020110382247069,0.0340670654176053,1.1875281153012398,1090.7674507461147,1080.383980091898,1085.370073183784,1090.7983264439283,-448.604143470548,170.39999067160716,-370.32032648117695,225.04845193675945,155.68694160749382
1.53,1.5771498415426688,-0.4536499756720607,-0.1534186605988508,-0.0355738395513338,0.0602161843907166,0.0265590025529367,0.0060485340425816,-0.0097189311640685,0.076626601705109,0.996993916040178,0.0087644733100599,-0.0444161916073259,9.300728300444687,-0.0109731709689893,-0.0076380175714075,0.1441940618522311,11.020083875388144,0.034032144038197,1.1878900874562848,1089.7469056739023,1080.79053593665,1084.4560610749807,1091.4378426957514,-407.7910256232004,154.39116436741972,-382.7380337862078,280.3941311186523,155.68735577423124
1.5325,1.4951846938007247,-0.7961541085314545,-0.25040746049409,-0.0292583408706868,0.0567100011401949,0.0252299172580061,0.0060386479586689,-0.0096302241345138,0.0766522360539603,0.9969928493807868,0.0067999260593227,-0.0434543490728665,9.288728260739399,-0.0112422482201892,-0.0079490810902581,0.1430373409408857,11.020058653830173,0.0339943872026338,1.1882565659119833,1088.7284956179988,1081.1559359137348,1083.4563830148527,1092.2002970995215,-349.7531682570217,106.50920087386775,-343.1004520065392,237.29650979957475,155.68770895375687
1.535,1.3521167793878288,-1.0043394867657365,-0.2882766046183269,-0.0244224239242188,0.0533250402941734,0.0240935269116088,0.0060514227497024,-0.009536805463192,0.0766826930005156,0.9969913072814954,0.0046358046429247,-0.0418715413532052,9.276926495607047,-0.0115200982322319,-0.0082303848642649,0.1418236986638735,11.020033581487864,0.0339555081575811,1.188626916367382,1087.9981398326174,1081.3230819410192,1082.740558814948,1092.6243252447491,-281.0247710197408,35.75234910444951,-258.73188626155155,72.9584195181343,155.68788313197712
1.5375,1.1418005389395207,-1.1283415817600364,-0.2819933156405584,-0.0206400364858313,0.0501883430726234,0.0231199794776163,0.0060848244277738,-0.0094369037970788,0.0767208732838493,0.9969891039030911,0.0022683484285083,-0.0397526826521791,9.265434345370176,-0.0118092408585107,-0.0084816068866932,0.1405451761480359,11.020007306369653,0.0339168136483179,1.1889997011626232,1087.3233717629003,1081.3346976592572,1082.1627235835451,1092.5650891971125,-266.7899138300584,-19.910494566147882,-210.519187738696,-133.0326356517645,155.68793232098443
1.54,0.8980836184748258,-1.191561023692631,-0.2445678515613172,-0.0179025070675487,0.0474252342260795,0.0224338719182972,0.0061285291780516,-0.0093366102458104,0.0767661957654119,0.99698629000392,-0.000167250274779,-0.0373470439248634,9.254374614782687,-0.0121093532933011,-0.0087064917273886,0.1391965544256469,11.019979431559875,0.0338791505972989,1.1893714039141536,1086.6641902634672,1081.2235294681886,1081.6879628762545,1091.9591620664903,-260.01748705967304,-71.32996128716665,-173.6834883800421,-382.10349125498294,155.68787768450971
1.5425,0.6493948688360627,-1.1966767951994999,-0.1787886091553018,-0.0166131959427675,0.0449003764548807,0.0219757005474409,0.0061758239535012,-0.009240560908626,0.0768174532866793,0.9969829542698287,-0.0025543249218373,-0.0348315170683631,9.243877202299672,-0.0124198088929806,-0.0089089772267311,0.1377759707157364,11.019949903939809,0.0338426752019736,1.1897395212863155,1086.023284327602,1080.9780478528214,1081.2943061416447,1090.6545717408376,-270.42994737449254,-136.54225472392062,-171.9538983268685,-701.624085998234,155.68769768017563
1.545,0.3869497827142965,-1.1512203137043115,-0.0787974511799782,-0.0165340249638061,0.0416398430783743,0.0215520902642326,0.0062180888796439,-0.0091516869183113,0.0768754327003322,0.9969790616039464,-0.0048088258795226,-0.0324093189840838,9.234072458880556,-0.0127400316582247,-0.0090943719945111,0.1362850005338315,11.019918497765344,0.0338068747581817,1.1901023850275456,1085.3120405265947,1080.540818194569,1080.82819338462,1088.4510416364994,-242.9763498328556,-183.9589268049125,-184.78323419075903,-860.6958449451923,155.687336575938
1.5475,0.2162614137727208,-1.0784794131520892,0.0135224806786059,-0.0169617752817416,0.0388212799953919,0.0214618918763718,0.0062463120369674,-0.0090755699356455,0.076935746001804,0.9969749537949942,-0.0067977421643762,-0.0302859556413208,9.225083604166592,-0.0130682802204276,-0.0092689388750081,0.134728666795654,11.019885822277992,0.0337717281288602,1.1904581876048408,1084.8084025784376,1080.0582532187968,1080.3703899706911,1086.3510925161115,-172.73446268613554,-219.344230962401,-212.84427116883725,-811.0154016993687,155.6869146637666
1.55,0.0968773995931081,-0.979433513199942,0.1046499308398439,-0.0171534463053273,0.0363280470932775,0.0217865571968944,0.0062593257409915,-0.0090165591612746,0.0769928577455545,0.9969710220984676,-0.0084009408342647,-0.0285103291204557,9.217020328812845,-0.0134027459903781,-0.0094372913614963,0.133115164687242,11.019852569201584,0.0337374920486061,1.1908066569384557,1084.448368213164,1079.444097039757,1079.763972028776,1084.3959646280025,-113.82978192614488,-268.79537901741634,-273.5570149826403,-695.5484134661367,155.68636712875903
1.5525,0.009729619210494,-0.8670075852648113,0.1879360321149318,-0.0169050538755463,0.0341681992519851,0.0224096985691872,0.0062542095156032,-0.008977549655652,0.0770442012221843,0.9969674541029934,-0.0095305072541508,-0.027149838684893,9.2099728776807,-0.0137419168957515,-0.0096047022997613,0.1314551596865416,11.019818963964472,0.0337040984019687,1.1911469300456154,1084.239253668807,1078.7142763237096,1079.002604895778,1082.873350448781,-43.050205507416656,-318.4876829504514,-342.16968364067543,-449.3752443592808,155.68571543398795
1.555,-0.0542979877308649,-0.7484320072563608,0.2569877016731102,-0.0162013175336352,0.0323164908617135,0.0232395986296996,0.0062252748915151,-0.0089626814881962,0.077086418538101,0.9969645059930796,-0.0100834862619628,-0.0263121486034,9.204006765469618,-0.0140837636647542,-0.0097773003027972,0.1297612275834107,11.019784739338379,0.0336715414441512,1.1914775005592835,1084.2331171856267,1077.8516586250048,1078.0531236105724,1082.149088406206,44.285122398877206,-403.2144316788524,-454.7858416916719,-106.16491058712865,155.68493820686209
1.5575,-0.1150817149844284,-0.6105021348868622,0.3229151471584342,-0.0154455756238632,0.0304488739660801,0.0243484747863399,0.0061730515978095,-0.0089736694041216,0.0771157791885418,0.9969624455454248,-0.0099977513404174,-0.0259749726589178,9.199159402985229,-0.0144264793486355,-0.0099594498274176,0.1280472018941125,11.019749569184652,0.0336402610166644,1.1917978160591969,1084.4606792808013,1076.6982041653155,1076.7286756873195,1082.3425258958453,119.84581521860214,-434.74402129726417,-509.35767202544145,233.56074107527465,155.68386057146338
1.56,-0.1485147578093976,-0.5065656326456986,0.3670995748605768,-0.0156533419236383,0.0292261659738029,0.0252813191309776,0.0061018032194923,-0.0090110778016748,0.0771318751390809,0.9969612716811008,-0.0092333952302358,-0.0260342407848882,9.195438036148657,-0.0147682463514633,-0.0101541589068481,0.1263272681748282,11.019712640224784,0.0336109109248671,1.1921072276778324,1084.83234626172,1075.6779385185184,1075.506335250445,1083.3168921115823,182.254170736682,-410.19131712933773,-504.69984859615744,506.41748220015126,155.6828419124029
1.5625,-0.1513471928732026,-0.4211516756652765,0.4070130178262573,-0.0170654830015485,0.0283369401501944,0.0261924725641937,0.006014062485742,-0.0090709921078996,0.0771370417621776,0.9969608232982666,-0.0078423538874893,-0.026400941852219,9.192820197393951,-0.0151082034629937,-0.0103641392508405,0.1246147854483041,11.01967402708004,0.0335827917679686,1.1924069952238208,1085.3719501344847,1074.6472475796688,1074.2051764443388,1084.874613306846,271.4345554695741,-446.15379595003145,-581.1869461480579,733.697234617891,155.68169830897972
1.565,-0.1145973740929607,-0.3446295216518455,0.4589249167307464,-0.0188362950306128,0.027652513577099,0.0273027183821309,0.005915131747222,-0.009143975676621,0.0771346881092145,0.9969608898374188,-0.0059817162907432,-0.026919012581124,9.191255334041228,-0.0154466044159569,-0.0105904003205075,0.1229214516840757,11.019634323635838,0.0335547417851559,1.1926997242632216,1086.1895190390678,1073.4471695387683,1072.600400519705,1086.985378284672,323.09380634923565,-429.6576968841592,-588.5199508360847,747.6229950181558,155.68018193134495
1.5675,-0.0628903652764071,-0.3018569688333099,0.5111328418642356,-0.0192992146554383,0.0271917871003981,0.0281740709927429,0.0058080087501913,-0.0092200377858794,0.0771294290547075,0.996961188400942,-0.0038305085793348,-0.0274677490455601,9.190667501592529,-0.0157837066223665,-0.0108334278385842,0.121256695998133,11.019594210091668,0.0335255407287167,1.1929873256177317,1086.987419166231,1072.498959095248,1071.2625766901583,1088.6127282819368,331.65843315099806,-367.39185757241165,-524.2793105514345,555.6327328688766,155.67879863427945
1.57,-0.016030632592538,-0.2745072659988996,0.5759004543163402,-0.0185351776618345,0.0264900870725752,0.0289483766281821,0.0057000979274941,-0.009288774933612,0.0771257175245236,0.9969614294913284,-0.0015779647228512,-0.0278417303791021,9.19095953447206,-0.0161195868158705,-0.0110915771899889,0.1196275370443804,11.019554033684372,0.0334948090196565,1.1932709486260746,1087.8478112048228,1071.6102102509062,1069.9790039669479,1089.7635419490164,339.77611043724926,-346.5903865216279,-492.78842866038894,348.2872351983662,155.67729221595567
1.5725,0.0099206327325092,-0.2530654374141804,0.64845454770773,-0.0172195439261273,0.0255666375238701,0.029769791444994,0.005600303494836,-0.0093392841649997,0.0771298763108572,0.9969611777789356,0.0005704358279832,-0.0278067976269273,9.192018409758086,-0.016454227268214,-0.0113618570260319,0.1180384526236867,11.019513411972818,0.0334625509656981,1.193551663690129,1088.686299718417,1070.7660071626399,1068.7986345468564,1090.3541644579286,307.155844502274,-327.13919209764543,-428.4259870880397,90.09584214791369,155.67568539911912
1.575,0.0068412920918988,-0.2327390589730685,0.7181992230159711,-0.0160623503708686,0.0246790248909578,0.0309341229159377,0.0055113643592212,-0.0093661410155243,0.077146196956722,0.9969601397216852,0.0024921584444744,-0.0272521047928221,9.193720298190454,-0.0167861419577299,-0.0116421038667877,0.1164914696725136,11.019471869189648,0.0334285739197533,1.1938298200058564,1089.383590427334,1069.974514290418,1067.8368740315077,1090.214021159756,246.85155645315143,-331.9630562310445,-345.288350722459,-210.28092902969968,155.67396083041046
1.5775,-0.0112632278123864,-0.2078393718256001,0.7720351571942272,-0.0159390853286643,0.0240297649658955,0.0331146676652065,0.005440499835061,-0.009368456722835,0.0771747539797782,0.9969582822500724,0.004146234907703,-0.0259966325449112,9.19593621681832,-0.0171124504190795,-0.0119286369689361,0.1149866037283659,11.019428572402484,0.0333936522668166,1.194105638730056,1089.920557500683,1069.1061918814846,1067.072192793244,1089.30275981278,135.7522235676666,-298.8952799921594,-197.278465871791,-426.420816767076,155.67176107283183
1.58,-0.0154662274753655,-0.1876636295148935,0.7693079053825416,-0.0170965882113403,0.0238991900566329,0.035737993696812,0.0053960214975183,-0.0093446675677677,0.0772178615033071,0.9969553999827976,0.0054735345198558,-0.0238465132098621,9.198538679894368,-0.0174304663721895,-0.012216833045095,0.1135218581684812,11.01938252223602,0.0333580382280376,1.194379796831168,1090.0623515451723,1068.4800378904572,1066.8504817021487,1088.0819170759205,-3.836727837551816,-223.20820779705647,11.63128821790476,-540.478805960595,155.6698247401209
1.5825,0.0102838191734267,-0.1664758128428178,0.6969077637088383,-0.0185824175506867,0.0238882695953134,0.0388116201225838,0.0053718215389646,-0.0092938650407479,0.0772761665737103,0.9969514815725008,0.0064007723301343,-0.0208841991038651,9.201407545901004,-0.0177378030523714,-0.0125047545374797,0.1120931179457145,11.019333972740453,0.0333209412613056,1.1946520052648564,1089.9013738614951,1067.9901508424991,1067.1303492343336,1086.6003657829772,-118.14813059322913,-181.29194973303515,240.18930432708257,-667.9677552488697,155.6677890336192
1.585,0.0698641624032525,-0.1300249902788618,0.5281919646545516,-0.0193238974429344,0.0236089880575449,0.041708742942765,0.0053628296720854,-0.0092186403284652,0.0773442898187117,0.9969469427387428,0.0069165536273251,-0.0171915516981778,9.204434068307057,-0.0180316422699943,-0.0127897628766462,0.1106949239079469,11.019283701598727,0.0332823145262107,1.1949217840683959,1089.4716108922064,1067.573578141792,1068.051428223784,1084.7420782996762,-173.57433270912733,-127.13155088804048,424.0984369086066,-672.055221968806,155.66524205520886
1.5875,0.1234086342028836,-0.0794157138348401,0.3346019574216276,-0.0187863138931044,0.0230202391220054,0.0428874186964389,0.0053672063255438,-0.0091208147687534,0.0774194779621448,0.9969419868541802,0.0069976742386248,-0.0128052201421178,9.20752558639856,-0.0183101395226891,-0.013067736859852,0.1093206455240833,11.01923229951185,0.0332416500273613,1.1951903817495848,1089.0335021979495,1067.3544930880591,1069.2508414188767,1083.240089673133,-165.30377025282706,-68.2743388988895,542.5632458805796,-576.8845668513089,155.6630417468822
1.59,0.1538173316065332,0.0036429567250133,0.1131737331812213,-0.0173802613987996,0.0222708916194609,0.0431510106027607,0.0053797261675406,-0.0090102590193197,0.0774975053193,0.9969368744502056,0.0067641000058648,-0.0078520593141385,9.210607616353528,-0.0185706825057531,-0.0133349777187365,0.1079628792407743,11.0191804240522,0.0331985965294988,1.1954579684420368,1088.6450920409422,1067.2322064472976,1070.764244453187,1081.8576554654196,-133.6927730490089,-38.44105143348397,629.4365547465666,-530.5646667590848,155.66077165062887
1.5925,0.1529393226264693,0.116077884629181,-0.1116077403106844,-0.0156994185277878,0.0217033672789313,0.0431512796806631,0.0053998422250314,-0.008894857826162,0.0775741465185575,0.9969318611429082,0.0063085711466983,-0.0023874883829264,9.213627073012809,-0.018812105414049,-0.0135864364984184,0.1066137090139492,11.019128718000495,0.0331529313933096,1.1957255073714772,1088.3650383327044,1067.1622878308915,1072.3980241926095,1080.5872663393377,-80.46818323741891,-19.93237034130331,643.5658788536467,-482.9622333363307,155.65845105867243
1.595,0.1179030372575528,0.2565166071573707,-0.3186214639779393,-0.0145072572051019,0.021722187015283,0.0426646997210043,0.0054285902813197,-0.0087789670804612,0.077649093630775,0.9969269250934762,0.0056660762108827,0.0035499951682587,9.216553400678766,-0.019035151768256,-0.013816519189411,0.1052650188142352,11.019077259322271,0.0331044216674834,1.1959936258828727,1088.2427511247552,1067.132544595591,1073.9820738474552,1079.442844298738,-22.427887661978662,-5.890058992826972,636.6223365018722,-475.71542216736634,155.65607716055715
1.5975,0.0619123659469274,0.4369252483368056,-0.5181576924542889,-0.014599037568073,0.0226852361121211,0.0408755537739112,0.0054639627791059,-0.0086705100548755,0.0777204393307556,0.9969221553287744,0.004939965632511,0.0098443367074505,9.219377420545912,-0.0192408338170646,-0.0140207107656844,0.103909151376838,11.019026490708068,0.033053620595055,1.196261810399146,1088.2528988943943,1067.1328375359276,1075.581135875119,1078.2086892285008,20.84343294441121,8.334213449506741,507.75834062577553,-425.7563006517914,155.65317506575107
1.6,0.0263088031943267,0.5788769371733676,-0.6261378220103307,-0.0156922080029436,0.0242535129740797,0.038356058192689,0.0055065837141105,-0.008572099169339,0.0777877430560777,0.9969175595826107,0.0041487893921807,0.0164203613706425,9.22211058871048,-0.01943219488186,-0.0141944121405676,0.1025393298134214,11.018976869243044,0.0330012476197739,1.1965300013040676,1088.3469682894772,1067.1742156628386,1076.520865550584,1077.314062795479,43.3453923623356,34.54513697092881,276.72332533880444,-318.91148573054807,155.65071688171324
1.6025,0.0163346224237912,0.6932208548581414,-0.6665295117408628,-0.0168307033896253,0.0262676690703299,0.035657660329168,0.0055504059653413,-0.0084813533472287,0.0778538898281758,0.9969129660758748,0.0032203406684373,0.0230744262416357,9.224783187452145,-0.0196142197866655,-0.014335025821539,0.1011499116320689,11.018929002083299,0.0329471365737637,1.1967981793100504,1088.4696258562062,1067.3055632207822,1076.9647525018129,1076.614131799848,46.46438411418884,80.37988348633179,96.86035836380348,-235.85986243097568,155.64822153554314
1.605,0.0229562781114148,0.7758462946451208,-0.6602194365813988,-0.0176384797088977,0.028315715911883,0.0335033851441037,0.0055857241949629,-0.008398983529817,0.0779165342406829,0.9969086048403883,0.0021454932039449,0.0295207198054153,9.227439417659562,-0.019791603689607,-0.0144419634549553,0.0997372857242523,11.018883523154022,0.0328917650074109,1.1970650443128334,1088.579290210048,1067.5761150802703,1077.0051673424032,1076.134763483324,35.49831805094148,161.97121852729083,-63.327101338155884,-125.54717516527757,155.64569730540308
1.6075,0.0281998317388484,0.8154153675879287,-0.6217974300500348,-0.0178182535826763,0.0302986450779773,0.03222933507701,0.00560704976045,-0.0083262703632117,0.0779730525242467,0.996904701029726,0.000943611560584,0.0355428773942962,9.230132443947385,-0.0199689739796948,-0.0145150124269483,0.098300443805688,11.01884009536204,0.0328363446801481,1.1973282474586435,1088.6471174464607,1068.1154193134187,1076.648116995122,1075.9863959240215,18.384719590630567,323.42536454101884,-214.58954814479017,17.06355328356,155.6431392217479
1.61,-0.0047027454910285,0.8102161533661684,-0.5716444058552994,-0.0169375632377862,0.0327178382100432,0.0314452682757566,0.0056086777515074,-0.0082629628553632,0.0780229607757989,0.9969013297674388,-0.0003824407036828,0.0409189656290049,9.232920452651411,-0.0201510930647792,-0.0145552195781192,0.0968409088567096,11.018797664799028,0.0327816073730907,1.1975849916568648,1088.6712138080013,1069.1932419029752,1075.9322196016792,1076.220081249742,1.4719480723215044,476.62247369061134,-284.50910555820224,145.71114022996545,155.64003036668007
1.6125,-0.0889223210009677,0.7607480008524835,-0.5431041924205223,-0.0155882116458635,0.0348213851280312,0.0309775785181276,0.0055862190467525,-0.0082108182630904,0.0780638254569831,0.9968986966844184,-0.0017798373663601,0.0454481515761657,9.235861183921132,-0.0203417310493736,-0.0145647931770886,0.0953626974741413,11.018755801185655,0.032727980011782,1.1978336863794317,1088.6544771868223,1070.4985316818716,1075.225571467331,1076.7149516251716,-7.534462803687507,602.1063459993585,-281.69950913994086,233.1888211112577,155.63740680571672
1.615,-0.2426615468652373,0.6652648083064566,-0.534026837520917,-0.0148631865540673,0.0370192646131712,0.0301246116958222,0.0055420733498462,-0.0081747911442471,0.078091675707545,0.9968970608133144,-0.0031172339795805,0.0490534037544888,9.239006421508096,-0.0205432043657056,-0.0145459818560894,0.0938720153287051,11.018714565669544,0.0326758703425481,1.19807408604575,1088.6335414939829,1072.203773632972,1074.5237220559795,1077.3860253552982,2.8832542185683154,814.3287528445571,-293.4927256816144,289.49695420952304,155.63474910147963
1.6175,-0.492469337947866,0.5061226319984714,-0.5382935390083405,-0.0156870011215412,0.0396295127020536,0.0285136531254736,0.0054766617592743,-0.0081571085511111,0.0781061670862629,0.996896428610764,-0.0043077780776853,0.0516321668703157,9.242400620755193,-0.0207576403230688,-0.0145023026996793,0.0923760487649779,11.018673099729291,0.0326258070034425,1.198304762821632,1088.6688934579151,1074.5701754460945,1073.758107838923,1078.1624363962192,34.73923071610363,887.3016029718451,-265.1047342450904,244.2822383263263,155.63152066765213
1.62,-0.7348623742718406,0.3517954450631931,-0.5464626527795056,-0.0174597492937264,0.0411972288859614,0.0268631264860462,0.0053953304485701,-0.008159129821081,0.0781067103394272,0.9968968047178082,-0.0052672564096933,0.0531840230473329,9.246076749337142,-0.0209862589911685,-0.0144372109437651,0.0908824257885305,11.018631102615966,0.0325782337826524,1.1985256799010644,1088.8072376475632,1076.6402816478314,1073.198198384754,1078.6074365469299,90.74764885863053,799.9620653149393,-207.8735991656183,103.2154111048361,155.62879809259803
1.6225,-0.9901394112914148,0.2043622072511931,-0.5534066211486416,-0.0198568517048193,0.041658550916721,0.025253585549403,0.0053038304037836,-0.0081759674553468,0.078095579169522,0.9968980182522452,-0.0060219049651159,0.0537381087450022,9.250056157005565,-0.0212304129420861,-0.0143544627205292,0.0893979592416782,11.01858872946391,0.0325326804100304,1.1987393945491742,1089.1226317022083,1078.5699857726693,1072.718739843095,1078.6785134517431,160.96624225706708,712.740051248026,-177.52064505771537,-44.87804308860273,155.6260429028692
1.625,-1.2432711637624951,0.087231148755539,-0.5590065673734599,-0.0226258956780975,0.041442708753715,0.0239412712149893,0.0052071992670738,-0.0081992507470104,0.0780775986694634,0.996899733190284,-0.0066617505178625,0.0533308591817728,9.254347885145831,-0.021490967798422,-0.0142580711934013,0.0879279891824955,11.018545304404787,0.0324881250721809,1.1989482828192288,1089.6120688588487,1080.2039819040715,1072.3105951594655,1078.3830463314869,235.75675142047248,548.1027505959108,-142.1415207032654,-200.37004178534943,155.6232615083089
1.6275,-1.481587168464864,0.0305256113452673,-0.5646030169318894,-0.0257476116711059,0.0406193766271927,0.0229965839355764,0.0051123356473855,-0.0082181684425631,0.0780592218031918,0.996901499223104,-0.0073203875337942,0.0520538249286464,9.2589483856377,-0.0217680124764566,-0.0141516999436373,0.0864761271469593,11.018499860433616,0.0324439639623734,1.1991545592493487,1090.3014154593109,1081.3104995256488,1072.0080322395784,1077.6766632428166,333.9003354627416,340.8799771560019,-101.94384761975688,-373.34007326202527,155.62044980504857
1.63,-1.7338425051610646,0.0473939307147869,-0.5687906298252222,-0.0300295634027741,0.0390391906030984,0.0218294392438893,0.0050259618464993,-0.0082224326546512,0.0780489136652298,0.9969027064768804,-0.0081256231146647,0.0500132015076714,9.263842518857816,-0.0220604939775141,-0.0140389477909179,0.0850442948898952,11.018451282424872,0.0323995482421129,1.1993604175519887,1091.2815705361625,1081.9083817898515,1071.8008759213667,1076.5163459651767,364.8561836304823,96.53973615295176,-45.11857870725076,-440.67044373908976,155.61704251547349
1.6325,-1.9004857266310036,0.1262592553904832,-0.5626431017425064,-0.0344399785765773,0.0378518792518535,0.0204880558651584,0.0049471599580153,-0.0082093161717868,0.0780522965720941,0.99690294148658,-0.0090826810803966,0.0471824514813989,9.269005364184586,-0.0223652903764108,-0.0139248692053798,0.0836331055865409,11.018399698995628,0.0323542828353372,1.199566716288542,1092.125696377463,1081.7931982064135,1071.7824393460423,1075.4733110241211,313.8088796127771,-156.83597006628014,29.657415629708968,-383.31629912832705,155.61417646446665
1.635,-2.0015921306173374,0.2416005040803756,-0.534021423286303,-0.0399777386523352,0.037812412854986,0.0188280753581254,0.0048751608697355,-0.0081796428305587,0.0780689059347018,0.9969022370808884,-0.0101384834224933,0.0435520140190066,9.274402574540929,-0.0226781352020319,-0.0138147351503914,0.0822424911694145,11.018345113117617,0.032308909505901,1.199772547557916,1092.8506149342263,1081.12420193952,1071.9491629995152,1074.599764469535,259.60793493464377,-385.48819641060527,120.43098450076543,-294.9097675225011,155.61128352963533
1.6375,-2.033446194411817,0.3666406610093945,-0.4626897337841063,-0.047057649103144,0.0393165138062465,0.0168996985792344,0.0048098973251108,-0.0081336423389064,0.078098423461971,0.9969006168749764,-0.0112576323686833,0.0391456123971146,9.279992076090208,-0.0229948739658061,-0.0137136421344092,0.080872078381381,11.018287132975928,0.0322644382777926,1.1999765162745748,1093.4237360521363,1079.8657572243603,1072.384594268546,1073.9987621865087,145.6781495235612,-502.0131194394137,200.2987604146664,-121.18965554004436,155.60778119569596
1.64,-1.9891003210844056,0.4194882416334587,-0.3697806823266858,-0.0524576755161282,0.0416802792761302,0.0154808024735729,0.0047477696678053,-0.0080773425017062,0.0781361371041436,0.9968984159098904,-0.0123108362305322,0.0339320088251169,9.285725176610578,-0.0233107306231648,-0.0136274032151638,0.0795217003921336,11.018226458394883,0.0322213619179463,1.2001771220288104,1093.579005681844,1078.614136342323,1072.9506568015884,1073.9938161918349,-8.080085075289203,-495.43086388847536,267.43404563316574,113.31678497481072,155.60483669967877
1.6425,-1.889417550271684,0.387866671558237,-0.2459214373318999,-0.0569656899205918,0.0447537391180541,0.014332682493923,0.0046841909767567,-0.0080118716935155,0.0781778269034395,0.996895975442634,-0.0132684139810702,0.0278866959655021,9.291548293320092,-0.0236224670249058,-0.013561562963896,0.0781911643874719,11.01816427065282,0.0321792977982174,1.2003743453674895,1093.38333562676,1077.388602904918,1073.721764496712,1074.5653461113827,-127.8356201451088,-451.63668447763536,339.2909812686939,321.2018177702771,155.60186462428882
1.645,-1.760753410727642,0.2850185480470648,-0.1045530417779629,-0.0607559921277192,0.0474293484503642,0.0136210798795146,0.0046139900774898,-0.0079373475017372,0.0782227033943242,0.9968933805089696,-0.0141271545608473,0.0209925234192858,9.297403272195945,-0.023927984281281,-0.0135210501457633,0.0768804469479841,11.018101178298748,0.0321373498398238,1.2005681979856508,1092.9398275811186,1076.355952919935,1074.647111707932,1075.5998252806862,-217.22371654405387,-334.07365923277007,401.5961670488736,508.6033873230117,155.59886881674507
1.6475,-1.6119412297085711,0.1249733751582489,0.0428111523441941,-0.0639730073935026,0.0484239423129515,0.0136218314893361,0.0045326265389832,-0.0078608699077036,0.0782670456731364,0.996890885953959,-0.0147598255113362,0.0132487597502599,9.303227177577709,-0.0242249736861987,-0.0135103044794558,0.0755900808606717,11.018038585881351,0.032095275193863,1.2007581826268015,1092.2972170440398,1075.7182346087543,1075.7297453319563,1077.1083630479975,-299.4492495974031,-166.07639338144125,504.3696208887806,738.660494733159,155.59584300094673
1.65,-1.4150306424590748,-0.0743565193319486,0.2053307695638242,-0.0681828269247618,0.0476041063450419,0.0142913606601692,0.0044422320459612,-0.0077878452345406,0.0783073269264013,0.9968887132052916,-0.0150657302996149,0.0047940409090179,9.308953652458488,-0.0245122249964617,-0.013532143126692,0.0743208935934361,11.017977431736348,0.032053353514833,1.2009440408860983,1091.4425813331316,1075.5255709530277,1077.168959812376,1079.293127754352,-308.760452132303,26.145938475792114,544.3911731197533,832.7822442630156,155.5921750909608
1.6525,-1.232563537095125,-0.2053813284887592,0.3156630642354148,-0.0720413855349888,0.0460784852475709,0.0152379792868446,0.0043445141420359,-0.0077216528315585,0.07834260002418,0.9968869009902106,-0.014986293940451,-0.004226629900432,9.314515055694017,-0.024789568316269,-0.0135887793252383,0.0730736487313349,11.017917931089563,0.0320117022591049,1.2011257757185847,1090.7534147833783,1075.8489643011333,1078.4517011975552,1081.272274269313,-256.09993328289966,214.17435249195933,520.5722394626375,786.7191054168129,155.58908575321172
1.655,-1.0318447862299298,-0.2678176109433314,0.3893258116818783,-0.0751767190864467,0.0443774540180766,0.0165714465046935,0.0042412061271943,-0.0076678068387534,0.0783697905970638,0.9968856407965226,-0.0144264128264306,-0.0136621350987929,9.319843099898776,-0.0250567858526821,-0.0136820445143765,0.0718491062765036,11.017860089857002,0.0319701053364202,1.201303755647912,1090.162081666717,1076.5964427154875,1079.7718210096891,1083.226723281436,-215.20141493070244,348.1576395442136,524.5627690237254,751.2436001714992,155.58595968448117
1.6575,-0.8237378377448908,-0.2642251282972626,0.4297381379722116,-0.0772264246290869,0.042639682945547,0.0180621915142732,0.0041387231631562,-0.0076294423850212,0.0783854656557282,0.9968851517586838,-0.0133306720315645,-0.023264578424683,9.324870499168304,-0.0253139215132762,-0.0138125936395531,0.0706478303232332,11.017803286371416,0.0319289259628693,1.201478575753354,1089.6774077087248,1077.5897524988543,1081.0745150426735,1085.0284922701703,-168.17217366955967,425.7039253586656,502.10187906303617,657.1982858500027,155.58280082641284
1.66,-0.6179005231985355,-0.1872171716674824,0.4341909286343752,-0.0782386999559696,0.0411864636913864,0.0194238525508652,0.0040431209512613,-0.007604684766945,0.0783904415770994,0.9968853591599692,-0.0117395184230176,-0.0327815800467924,9.329533300350525,-0.0255615130442229,-0.013980346525003,0.0694698258217152,11.01774617452998,0.0318886273058331,1.2016497811182767,1089.3212207983693,1078.7249623422808,1082.2823304050044,1086.512714710686,-133.2448164765052,492.58805339953824,488.0508206048832,556.9957003318322,155.57959928133025
1.6625,-0.3784645137923732,-0.0375801549403698,0.4112903717108026,-0.0788372135135498,0.040269210339634,0.0206891338483252,0.0039534458169658,-0.0075882637421782,0.0783880381941146,0.9968860451756903,-0.0097691214610109,-0.0420853661428986,9.33377230133236,-0.0258001873692912,-0.0141853597583197,0.0683143175940874,11.017687567681117,0.0318490376827268,1.201816830675715,1089.0111836263422,1080.052692765852,1083.5147691456982,1087.8134707718295,-102.27987022617744,455.5963347115364,400.7368133283393,392.3423058603559,155.57570361257595
1.665,-0.1788960436209635,0.1046060454966063,0.3809474400551366,-0.0792215502760232,0.0402172478995908,0.0213430959155578,0.0038699579411094,-0.0075742229127612,0.0783805279513994,0.9968870749541192,-0.0075486768501493,-0.051026951381854,9.337533939071,-0.0260300935328005,-0.0144266757383281,0.0671800020361791,11.017626961313368,0.0318094915774823,1.201980374632214,1088.8098214472384,1081.0029440158385,1084.286014471646,1088.474426239988,-81.74946578765405,324.6980310269988,243.04598133044755,186.70545377213273,155.57240885610844
1.6675,0.036894388867996,0.2239804252719424,0.3512100088025005,-0.079623483727976,0.0408871961052989,0.0215599283868976,0.0037903177077386,-0.0075550613674419,0.0783722889602462,0.9968881706214898,-0.0052419295934945,-0.059508726648638,9.340772115619865,-0.0262513076112449,-0.0147025116225945,0.0660647573705111,11.01756462023094,0.0317683751096762,1.202141570754829,1088.602436297404,1081.676182920987,1084.7299990523504,1088.74699804069,-110.01299022928158,218.56836456118356,118.76373389450488,56.956519724736914,155.56905941197834
1.67,0.3339865506230179,0.295006376891517,0.3201478251792063,-0.0796914215393529,0.0425664291689122,0.0217514457265779,0.0037135856996507,-0.0075246645154987,0.0783682782965344,0.9968889941720772,-0.0029863202151436,-0.067417151245723,9.343449463112156,-0.0264635689098596,-0.0150098124734777,0.0649659136963679,11.017501051266263,0.0317248626955889,1.2023014772638372,1088.259756496092,1082.0957858386444,1084.8798331411183,1088.7592088386116,-153.33809051916987,89.72933394984257,1.8020221607457227,-24.00700026660105,155.56497153475695
1.6725,0.6222248600114973,0.2680274802118932,0.2915583722807678,-0.0793148915681616,0.044463833169767,0.0222376688285389,0.0036387589482938,-0.0074764448450864,0.0783743977226469,0.9968891377489316,-0.0009292527010438,-0.074649835209726,9.345539155577853,-0.0266667662165399,-0.0153445631515492,0.0638802617003325,11.017436017565688,0.0316786845448488,1.2024604343319925,1087.835745844808,1082.1248295907362,1084.739009163154,1088.6269630393572,-208.28830841250664,-41.436992327361565,-86.36323478931244,-55.03708572027663,155.56150427760895
1.675,0.9528406887030072,0.1375908408071564,0.2447057420916551,-0.0782095329290673,0.0465594194690812,0.0232864692745752,0.0035618375792527,-0.0074106127325172,0.0783928752493721,0.9968884397480238,0.0009044177858006,-0.0811830663715732,9.347024876851009,-0.026860109987729,-0.0157027108383783,0.0628045513971472,11.017369447399634,0.0316296285962017,1.2026173495935577,1087.2183149540294,1081.8886008770075,1084.448016967172,1088.48402341001,-280.3969507673688,-120.45854616208346,-117.05222431405925,-42.46786382991649,155.55797034519148
1.6775,1.308882547180663,-0.0713350977655339,0.1716654530710287,-0.0763457129029851,0.0482077045282837,0.0247297748037275,0.0034850521277452,-0.0073321487474394,0.078421439651914,0.9968870311346324,0.0025893194877624,-0.0868986063532942,9.347902759300784,-0.0270425332574034,-0.0160792861671896,0.0617359117830503,11.017302126211268,0.0315782742310315,1.2027720854226402,1086.4337610909713,1081.5225368599258,1084.1537480415839,1088.4146237202076,-345.8277506393261,-151.0580554318981,-90.23065189867529,2.802812354548283,155.55437882984896
1.68,1.6712573983260206,-0.3420631601038913,0.0640624923884367,-0.0734784692236243,0.0482328132434032,0.0261587951548063,0.0034093182733127,-0.007247732278496,0.0784578853050664,0.9968850307845036,0.0042314380153276,-0.0917211431808356,9.348182316024765,-0.0272134860567809,-0.0164693328080253,0.0606715456771026,11.017234858158378,0.0315249897056912,1.2029242395395903,1085.4891762008328,1081.133310599848,1083.9968637076784,1088.4980374717827,-429.21449112608485,-143.90410098130482,-12.332779933421705,78.10508653833315,155.5507156605676
1.6825,2.0668996236546064,-0.6768324662925669,-0.0879236007100467,-0.0682420810272351,0.0455795556882755,0.0268494124417775,0.0033324937465544,-0.0071645901410576,0.0784985757085399,0.9968826788806014,0.0059448686162223,-0.0956500238936016,9.347886976309539,-0.0273730962083939,-0.0168683481845044,0.0596086344618094,11.017168471597355,0.0314702565323782,1.2030728151915753,1084.2876886353408,1080.8030163550193,1084.0920841419168,1088.8051491528993,-428.26738042180216,-80.74600290660595,86.9940318198567,143.6474111043902,155.54623484581347
1.685,2.323671508229548,-0.9225857072554872,-0.2085124692984327,-0.0619206833061919,0.0417253101458629,0.0260708475021596,0.003256612063246,-0.007089580192883,0.0785392530764608,0.9968802540708932,0.0078456047652531,-0.098623555921868,9.347055313069184,-0.0275221475210143,-0.0172714769189528,0.0585444948045031,11.017103634001119,0.0314148093650508,1.2032178220094092,1083.3478392987236,1080.729580585315,1084.4318338667779,1089.216274527305,-333.5587112117608,21.459367323587237,177.76703641748475,184.0384499419127,155.54242893278007
1.6875,2.4648276028633815,-1.1098017414542158,-0.2913922342715415,-0.0542765659889894,0.0376298797833839,0.0242652622367429,0.0031820047266725,-0.007026717579801,0.0785786505721585,0.9968778272297252,0.0099962800640731,-0.1006251114133028,9.345741051220568,-0.0276623385444491,-0.0176740539929454,0.0574761027770495,11.01704077941068,0.0313585763023647,1.203359649870189,1082.619895079282,1080.9103131916372,1084.980919324004,1089.7253414026088,-244.25461674241495,132.4827540397137,257.4522038507949,224.03124639354724,155.538547785093
1.69,2.4858714089510183,-1.277237866815672,-0.3280971349855485,-0.0452132568154149,0.0335642649382173,0.0221473655736379,0.0031074650652972,-0.0069787320761417,0.0786157118691786,0.9968754691717552,0.0124357358640916,-0.1016819976397036,9.344012610077236,-0.0277956905844088,-0.0180717568856539,0.0564000596453765,11.016980305544012,0.0313012261952885,1.2034987062957483,1082.1265662150115,1081.3919943555136,1085.7190948860318,1090.3364307592726,-107.48974838793151,208.01179219551588,254.0922907608033,204.85217300665207,155.53380336649028
1.6925,2.3939764150188423,-1.3921408834070774,-0.3082469244168447,-0.0386964058593928,0.0309306744291656,0.0209681644473738,0.003037370910292,-0.0069438454581816,0.0786490229892858,0.9968732924672964,0.0151291374149594,-0.1017273335996402,9.341954029650445,-0.0279244508938936,-0.0184598588517954,0.0553126667311278,11.016922338607868,0.0312426857009873,1.203636317936696,1082.0824463373424,1081.9503721526148,1086.2513807778082,1090.749602267642,56.953108393462166,235.36847862737343,161.94651399818747,122.64762956828862,155.52977716749152
1.695,2.2245378424817224,-1.5085884655304305,-0.2504195053056472,-0.0336960668724859,0.0285973956182346,0.0203670595659959,0.002974823772313,-0.0069199020548623,0.0786804071947396,0.9968711623195148,0.0180335133663097,-0.1007332102615475,9.339662531535566,-0.0280504209275448,-0.0188339491745977,0.0542099682640406,11.016866153964916,0.031182444244726,1.2037735210287088,1082.411331756979,1082.5688367486505,1086.5288274560228,1090.949668907114,183.8997665226128,241.56375368921147,50.62773952968308,30.454804984311263,155.525675585796
1.6975,2.019361139571444,-1.6361229466178973,-0.1744351951703863,-0.0295274397894611,0.0260245824815683,0.02015817673255,0.0029255041459899,-0.0069032200475973,0.0787119849438427,0.996868926041299,0.0210816179908246,-0.0986358914736391,9.337247710422124,-0.0281746176187162,-0.0191897911719677,0.0530881122059259,11.016810221592609,0.0311206254901578,1.2039107022745352,1083.0019451699554,1083.1581909210609,1086.5045194754566,1090.9018762925637,283.3277136695475,212.60601081803995,-89.93009529690617,-89.9479786837238,155.52151131624353
1.7,1.794714973582062,-1.7709273187899668,-0.0897678651561446,-0.0253347179515,0.0227347414493949,0.0203125540212284,0.0028944792372416,-0.0068865612329637,0.0787478032134309,0.9968663052438188,0.0241381405158654,-0.0953909470164544,9.334829603914034,-0.0282974076502099,-0.0195236982456704,0.0519434943449025,11.016752849336283,0.0310573650893675,1.2040480514418275,1083.8279703253268,1083.6318668027407,1086.0791769795383,1090.4999290136955,399.117127860918,165.61997911594133,-267.71122505669445,-261.98639027988366,155.5172711541132
1.7025,1.5209510214461717,-1.9137978333007553,0.0128155874948455,-0.0197839351486993,0.0180056070413576,0.0207810946192808,0.0028769683529526,-0.0068684136323893,0.0787894013875082,0.9968632030363788,0.0271585922001107,-0.0911567903149621,9.332533423416972,-0.0284175050115782,-0.0198338739578764,0.0507732645492352,11.016693052225236,0.0309927771975032,1.2041839237266772,1084.99753080926,1083.9862908166403,1085.1659633501731,1089.5919443411642,449.84144973335657,84.78345654839161,-378.43352385815746,-396.45163837994,155.51209473597785
1.705,1.305009480269339,-1.987957121418344,0.0993711242344353,-0.0154460652758019,0.0136676834792941,0.0212286451869332,0.0028728037195233,-0.0068518125963794,0.0788342723534986,0.996859795681764,0.0301876860212584,-0.0860217197595461,9.33048837444616,-0.0285322255507694,-0.0201189782164068,0.0495762090316666,11.01663030203464,0.0309280902230559,1.2043168377919191,1086.0771775739936,1084.0557840854826,1084.1870093602474,1088.5176708217955,450.58843674711215,-29.64337482585569,-396.8742571736669,-474.30770237616446,155.50770712097042
1.7075,1.1339960331360908,-1.9740166377358128,0.1942689478010317,-0.0125416254205679,0.0085812548352962,0.0215465264620082,0.0028837346607062,-0.0068389883970089,0.0788803821874015,0.996856222595388,0.0332542440076839,-0.0800447591044936,9.328825112008431,-0.0286386347541314,-0.0203780600071565,0.0483524981322062,11.016564657722924,0.0308637842152689,1.204446896776039,1087.2504729929956,1083.8380739425113,1083.1815920643048,1087.2204058292834,486.6831201503932,-142.07988167691232,-374.0574533365896,-532.0300923484069,155.503242221055
1.71,1.030982053102862,-1.855448226375304,0.303570984596891,-0.0114519898636025,0.0026778301743782,0.0217607113564479,0.0029031391936876,-0.0068361558749609,0.0789262272521052,0.9968525751509384,0.0364448559821541,-0.0734523530872689,9.327670520765505,-0.0287335771392387,-0.0206113874858927,0.0471035047319708,11.016496543010668,0.030799973955691,1.20457314043849,1088.5105931747455,1083.345384677098,1082.3167220935643,1085.8575203600535,528.4902232861319,-269.39443706909805,-279.0700922176647,-527.2424152562386,155.49871283370624
1.7125,1.0351503181387285,-1.5852270129220716,0.436106650879572,-0.0121315668582748,-0.0035279533570233,0.0219947085335434,0.0029248487619104,-0.0068459354105124,0.0789715339317507,0.9968488713135328,0.0397760049951397,-0.0664614636876279,9.327146847746167,-0.0288147432173829,-0.0208192151664933,0.0458317352412596,11.01642641620248,0.0307365063798502,1.204694919181166,1089.8929241094263,1082.4911017571656,1081.7862416032165,1084.584193753002,637.9319285817326,-459.0222194198199,-131.91490126314116,-498.3174829077028,155.49410542155732
1.715,1.1487391851861404,-1.087386962931055,0.6189534044888794,-0.0118287995776219,-0.0099572007515905,0.0227209275624045,0.0029425471247039,-0.0068664993763897,0.0790182732943266,0.9968449837339252,0.0431779128323877,-0.0592881682768225,9.327368617823945,-0.0288810561028237,-0.0210015774292852,0.04454061010139,11.016355130865367,0.0306727052712855,1.2048119267992865,1091.7002528176542,1081.0502735799987,1081.6571475872488,1083.3659329455152,683.9637274086872,-589.6418014557764,37.994384921422245,-372.3545413999625,155.48848644988942
1.7175,1.2831484448362522,-0.5594946074982972,0.7794200304635983,-0.0085178901151204,-0.0133630553694261,0.0240230423494922,0.002951336317094,-0.0068982906629864,0.0790661636839254,0.99684094460845,0.0466231659331567,-0.0521266434513341,9.328438010985014,-0.0289320473860047,-0.0211583453658826,0.0432346805250666,11.016284065322825,0.03060828152979,1.2049235051407154,1093.3127427464697,1079.5428927498867,1081.9762135278236,1082.7224210460024,655.7141336293312,-649.0511065903004,197.76046947659287,-167.09053234886042,155.48372933557903
1.72,1.381633773079718,0.018266971580794,0.9256239287081158,-0.0026222219658366,-0.0139361811152504,0.0261151706628913,0.0029533255389253,-0.0069402334265927,0.0791131577685955,0.996836915193468,0.050065368049992,-0.0450382681926687,9.330442840895392,-0.0289682407863473,-0.0212887141299008,0.0419194127991739,11.016214752526736,0.0305429397164251,1.2050302471408187,1094.9788234858008,1077.8050180470475,1082.6459499346315,1082.5304802837709,722.7266716531008,-790.1819141513259,337.09882540146407,14.894582993610692,155.4788957058117
1.7225,1.4015831413510895,0.676754518423696,1.0547399452309627,0.0043829653394596,-0.011556420537621,0.0292198080381609,0.0029507592697487,-0.006991527782748,0.0791577616516431,0.9968330122557488,0.0534632701067178,-0.0380808453542214,9.33345340204111,-0.0289910077890655,-0.0213918118912201,0.040600697574506,11.016147635151142,0.030476051669798,1.2051328678142987,1096.9263761047353,1075.5919831791302,1083.6617076548307,1082.7968939609705,683.7992787488771,-808.6410630092173,375.1457457844394,164.4298612793553,155.47300862897356
1.725,1.3321158410943124,1.1374234550790232,1.103622468967371,0.0088315840505483,-0.0078132140955164,0.0321515435944439,0.0029466255238404,-0.007048939498632,0.0791974626231639,0.9968294502503205,0.0567323617122487,-0.0312915331609247,9.33752131476958,-0.0290024460271715,-0.0214669161379979,0.0392845321223517,11.016083181901644,0.030407484015151,1.2052311455051723,1098.3978198795453,1073.761812732001,1084.521678663554,1083.3526295901677,528.8384420343958,-695.8587604616844,311.7903156076475,263.21386807331345,155.46803216815445
1.7275,1.1994887802879735,1.4600255454223054,1.0723112820133007,0.0117164131241122,-0.0031597361054904,0.0353635097082265,0.0029448240824217,-0.0071040658871265,0.0792338226723242,0.9968261543248086,0.0596947868806077,-0.0246786007039116,9.342678971198657,-0.0290054475782032,-0.0215133912343989,0.037976721580063,11.016020945325982,0.0303378499317119,1.2053250287424555,1099.5705683149072,1072.112689376822,1085.2206592328691,1084.112963301337,400.74351036729183,-601.7599704481784,235.92677396700813,315.73124480792774,155.46298503694823
1.73,1.0417066273243243,1.653187863921972,0.9659485898688264,0.0135846346328238,0.0020586098955756,0.0385701468229312,0.0029464504308429,-0.0071480912328089,0.0792721991825762,0.9968227607149917,0.0621630436003172,-0.0182959173448757,9.348937745492448,-0.0290029757271719,-0.0215312568774475,0.036682801383148,11.015960130991353,0.0302673629910285,1.2054152147350208,1100.4015374313817,1070.7530128797605,1085.701312533389,1084.9312858142073,237.24590007569128,-440.53682668960414,136.6568261262757,320.1063782469714,155.4578816411025
1.7325,0.8792537232880872,1.695506882344617,0.7690897094899282,0.0150707884035779,0.0076036839280762,0.0413983340201101,0.0029546721523073,-0.0071733171688172,0.079316436847165,0.9968190141445826,0.0639761830272154,-0.0121518719033877,9.356287112614083,-0.028997449012508,-0.0215213060112421,0.0354082363692929,11.015899706179823,0.030196614096783,1.2055024069896985,1100.7567978152856,1069.910005243374,1085.9039433635005,1085.7134951925718,50.82823053157764,-218.0565999479263,45.01859375891296,319.80581737747514,155.45271373232364
1.735,0.6956886005444071,1.6083739249319815,0.4432605977695381,0.0169506749690508,0.0136011237037609,0.0442120256070358,0.0029742679216368,-0.0071718944437362,0.0793704904068794,0.996814646605198,0.0649755366312565,-0.0062142829298329,9.36469504707321,-0.028990799554955,-0.0214851600764107,0.0341583160658334,11.015838961703745,0.0301258974932218,1.2055877208366343,1100.6556785840396,1069.6627298800208,1085.9264055021836,1086.5303149010947,-104.71239347520836,46.873570045544334,-1.2486860051012338,273.8685502681556,155.44644257374568
1.7375,0.5565153443784827,1.4656104133430892,0.119799184933416,0.0183277407940167,0.0173039951920691,0.0457087280499714,0.0030032675689665,-0.0071466801002154,0.0794340633155558,0.996809664317041,0.0651950432545318,-0.0005802658862578,9.374106341439328,-0.028983623135989,-0.0214261676562732,0.032938438124896,11.01577737394684,0.0300556892769668,1.205669906039459,1100.2332358479096,1070.1443730936016,1085.8976999334748,1087.0828379439126,-198.11695457529336,325.7352964421967,14.697347193942136,189.77031145932816,155.44116262396366
1.74,0.4329535135303381,1.3119845154940788,-0.2164014077170255,0.0192880946671716,0.0196126918500054,0.0456677906705715,0.0030416330853315,-0.0071037225360173,0.0795044505178152,0.9968042369759632,0.064734388003807,0.0046978644157489,9.384445249897928,-0.0289759067248041,-0.0213485625999835,0.0317541777631708,11.01571426562192,0.0299874305670801,1.2057475550660435,1099.6650938111632,1071.2914063622316,1085.9998922381533,1087.479166458391,-224.8294761233458,623.1218189237685,105.61977080247058,129.5136080405455,155.43583214072564
1.7425,0.3003686350607621,1.176044352310804,-0.5775403024051013,0.0200007079871622,0.0215157544529585,0.043658779001263,0.0030863341757715,-0.0070480590363759,0.0795790157249685,0.996798547631842,0.0636734793503384,0.0095274331400428,9.395618730878972,-0.0289676179255249,-0.0212574279327398,0.0306107251326258,11.015649564889916,0.0299211770456288,1.2058208250478244,1099.1090884672928,1073.2599821882204,1086.425798787487,1087.7304059841151,-140.8975578261074,785.4380265644795,214.17482311375767,46.870947615115085,155.42938436572632
1.745,0.1976931109772381,1.1303692029580796,-0.8060292454863042,0.0203426180702997,0.0229895856972117,0.0407124207815298,0.0031300779105136,-0.0069902899304312,0.0796515061464603,0.9967930404448372,0.0621937911376676,0.0137424585394816,9.407517038538618,-0.0289583409774484,-0.0211586902657623,0.0295129716019437,11.01558424469968,0.0298570547225725,1.2058897019179575,1098.9606060220326,1075.2185964950543,1087.070766353722,1087.713521196467,45.240404168088254,806.5467251198512,308.475944140757,-58.22456546666083,155.4239744091655
1.7475,0.0921822045399069,1.1644625331565763,-0.9322788795324984,0.0205685165067355,0.0248778289658126,0.0372507974391203,0.0031692814600519,-0.0069378124135782,0.0797170820493952,0.9967880582245304,0.0604268349414138,0.017265209108119,9.42001770524633,-0.0289481293382386,-0.0210579805746081,0.0284651728220862,11.015518930913672,0.0297952301079085,1.2059544386692524,1099.3352904881333,1077.2927158138195,1087.9681785081912,1087.439283156782,252.1693341017507,821.7374842603197,383.4477421531656,-146.5764760667784,155.4185339353627
1.75,-0.0263737764649218,1.25781638697072,-0.970514407635531,0.0207754515322702,0.0272284768559691,0.0340579642828252,0.0031991699992,-0.0068934455221118,0.0797752037862771,0.9967836373378745,0.0584212594335267,0.0200156592768428,9.4329891676544,-0.0289377074064313,-0.0209604659037538,0.0274704031735717,11.01545354333908,0.0297354947745477,1.2060150044050015,1100.221452692541,1079.3272839163556,1088.9880050644879,1086.980638816133,474.87358493122986,782.1613708166462,412.380763846804,-206.17844250760285,155.41307438260324
1.7525,-0.1734950799236037,1.4034584291510313,-0.9160137919623654,0.0209809385099651,0.0301173049880587,0.031611209015659,0.0032188807617263,-0.0068608867052357,0.0798244250846941,0.996779869687852,0.0562528216654836,0.0219990167510932,9.44629171432491,-0.0289278601696322,-0.0208706133486316,0.0265308526573519,11.01538801677522,0.0296773512768401,1.2060722439873228,1101.7096584127892,1081.2035226679027,1090.0300823274251,1086.408390944244,760.4810491289123,774.4195104145822,436.2340860691701,-234.61720146878545,155.4075995879498
1.755,-0.3934541556223863,1.6059959634686947,-0.7704933996788805,0.0211253390963935,0.0343768495395545,0.0294577815715278,0.0032315512035316,-0.0068378061330402,0.0798646107271576,0.9967767720224878,0.0538948956563359,0.0233165512684451,9.459782460414788,-0.0289198676194286,-0.0207918275669433,0.0256472721670922,11.015322450438825,0.029620145676703,1.2061276870704034,1104.023857938186,1083.1993814684288,1091.1691754948336,1085.807552808789,892.890778733979,686.4252731448073,386.7416919481368,-169.64495874062385,155.40102219025368
1.7575,-0.6115084350439518,1.7715231821420347,-0.6017278352250341,0.0209727721690172,0.038657288806936,0.0280731579741228,0.0032392740857494,-0.006816102058504,0.0798982137812035,0.9967741990898862,0.0512152655523381,0.024068566062006,9.473319264620516,-0.0289155057021111,-0.020726508459158,0.0248187188434898,11.015256893343624,0.0295628959752284,1.2061822793412302,1106.1741123064592,1084.635649033627,1091.9637907871659,1085.560166150541,839.5313812198942,528.8853576516088,280.4922393523671,-8.092825823905686,155.3955418853433
1.76,-0.8483912943908969,1.9039337027237448,-0.4020305793526678,0.02016362440832,0.0433809045443103,0.026878608083002,0.0032450807623482,-0.0067841801855284,0.079928196056335,0.9967719890715973,0.0480214980115323,0.024386549388486,9.486763149257248,-0.0289167969554906,-0.0206760362268693,0.0240428941235241,11.015191313768687,0.0295052228606983,1.2062364218967088,1108.2215148442851,1085.8438082566868,1092.5716366915956,1085.7670886796695,750.6150895321458,447.79202241630674,212.94901966089583,175.6167290408522,155.3900710658579
1.7625,-1.0752195095308688,1.9902024972240928,-0.1883749132965809,0.0184398398286894,0.0482540436113203,0.0258531324693107,0.0032504686969917,-0.0067321517163438,0.0799589204111856,0.9967698614000856,0.0441553867110012,0.0243762160073929,9.4999804799372,-0.0289258105749793,-0.020640911161231,0.0233165351399351,11.015125698217105,0.0294466746717031,1.2062911207881803,1109.92718775412,1086.8746091457083,1093.0285358854703,1086.4382497957452,550.2323462862805,373.66023848416313,148.76057404862533,380.6223382891315,155.38461452246395
1.765,-1.247341520531997,2.002191175438365,0.025745129029743,0.0151614340651943,0.0532002558557304,0.025345389413199,0.0032503541227609,-0.0066633911618388,0.0799901534403983,0.9967678248994069,0.0397043519945514,0.0240022360901436,9.512843966967168,-0.0289439483201381,-0.0206214663148011,0.0226361073537865,11.015060536979588,0.0293873594386353,1.206345561442335,1110.9726765757168,1087.7121094491076,1093.3154395618387,1087.6702003711152,274.3152665641838,334.34218091673887,88.28358850359814,642.114228608292,155.37918296252698
1.7675,-1.3363745548632513,1.910160533991924,0.2558121566307932,0.009128232116073,0.059042976996592,0.0256553866665626,0.0032434368208324,-0.0065825318911276,0.080021205381383,0.9967659024679628,0.0347911505972851,0.0232995129206417,9.525236726747412,-0.0289726753426929,-0.0206172177728053,0.0219979063273774,11.014995818294132,0.0293277621507037,1.20639861658529,1111.2987640869408,1088.5463200502923,1093.4699538279883,1089.6488209387867,-32.1788830465273,291.7511279113631,24.80557450112481,769.9122780045564,155.37270404519916
1.77,-1.2902097481114811,1.7319671561891499,0.4021356774663258,0.0027496038528029,0.0637848800899021,0.0266325584264195,0.0032287488621259,-0.0064921300039541,0.0800522586680222,0.996764062488348,0.029505231613743,0.0223108319748055,9.537055581894599,-0.0290136825119701,-0.0206270488142223,0.0213978585828833,11.014931470710463,0.0292678479862387,1.2064498684280183,1110.811782160484,1089.1708650886644,1093.4394674343444,1091.519761761138,-318.5616146906863,260.77304963260406,-43.98742395355933,739.9299207472427,155.3673447504943
1.7725,-1.13609936448806,1.437351735115928,0.4748639984486048,-0.0031352020917359,0.0681237152836508,0.0281060164719416,0.0032053589799427,-0.0063996151078437,0.0800824377925539,0.9967623274640341,0.0240337759418975,0.02106890544065,9.548211320319902,-0.0290684411126972,-0.0206494229014927,0.0208318904800303,11.014867591037868,0.0292078056238022,1.2064986008574328,1109.7059560134876,1089.8501852984552,1093.2500167082203,1093.3484705425228,-563.1789959332633,346.3908047191955,-112.0593496672856,740.1464329940893,155.362035336887
1.775,-0.912013399682092,0.9462319554524004,0.4528928946195456,-0.0069374497790227,0.0728353285969141,0.0303654018996772,0.0031765907906148,-0.0063110163161031,0.0801096180353066,0.9967608159947958,0.0185484284066288,0.0196846170865633,9.558630715194417,-0.0291383799765277,-0.0206822481367202,0.0202956920229212,11.014804635965149,0.029147663522144,1.2065456333370552,1107.9958871808178,1090.9028191122604,1092.879170686008,1095.2204939261085,-634.2898656977776,447.04823038395136,-147.7533181972342,608.0061714431708,155.35573126408065
1.7775,-0.7816042492624036,0.4315740045066804,0.3341543986541901,-0.006635186297993,0.0762732634114682,0.0327255060570426,0.003143813301855,-0.0062262523444976,0.0801343393725591,0.9967594781281898,0.0131051020397741,0.018234615177377,9.568258786917518,-0.0292251205677817,-0.0207229350474161,0.0197840927266573,11.01474305484864,0.0290870161774878,1.206592426080629,1106.5345066849986,1092.085426450375,1092.5112501172343,1096.3885013997387,-528.2238208953116,546.3731074297473,-137.96701052429236,379.85138513741623,155.35054061595199
1.78,-0.801537339892383,-0.1579601059308869,0.1182367417304941,-0.0036825653988898,0.0782733807103197,0.0351146777931375,0.0031100891108472,-0.0061431876727119,0.0801570137165828,0.996758283879653,0.0077250590519866,0.0168238383110226,9.577057560221201,-0.0293299768301652,-0.0207684907058742,0.0192915132115317,11.014682569952706,0.0290254363767952,1.2066405528375383,1105.354768076341,1093.634684649409,1092.1893356333865,1097.1197508517955,-388.8495706720816,669.8931871389193,-102.46415400329388,232.85781575914868,155.34542285542904
1.7825,-0.970776774933052,-0.7618013767245847,-0.1525341296342141,-0.0005697423405693,0.0781019338126033,0.0364687250463481,0.0030788740684821,-0.0060587173631737,0.0801795834346869,0.9967570863540391,0.0024122637634932,0.0155584750818979,9.585005629218939,-0.0294537888098422,-0.0208156064496406,0.0188122463735871,11.014622494141124,0.0289622201075816,1.2066914387859664,1104.5902588316383,1095.4348923860696,1091.9989293472179,1097.5527904785345,-184.39434689425556,744.8529797001185,-24.22205718617023,131.9378772466704,155.3403711588406
1.785,-1.2732360297899399,-1.305614042054514,-0.4340566209996623,-0.0006826933163745,0.0745630379295296,0.035381758406965,0.0030463912193327,-0.0059719364023717,0.0802026206190467,0.996755855935728,-0.0027994162419625,0.0143952191399294,9.59209764260532,-0.0295965769188583,-0.0208613154661716,0.0183407578698637,11.014562817914879,0.0288967546795269,1.2067442510846245,1104.43279634187,1097.3589495479096,1092.0682253474556,1097.7794402380289,64.12636402478563,811.5404903798019,105.7790832244312,97.75904040534216,155.33540575140887
1.7875,-1.6556340920043735,-1.7927694797350886,-0.7050975853980058,-0.0061717993358538,0.0671387236220241,0.0315168171960991,0.0030116520663978,-0.0058821294299376,0.0802251069277097,0.9967546810186428,-0.0078706600739289,0.0133358172060694,9.598342036404281,-0.0297575088360085,-0.0209028955988988,0.0178725596095494,11.01450329161888,0.0288290278659057,1.2067980579609214,1104.9108906517622,1099.4925948379687,1092.52782476334,1098.0415856805612,257.84780532385963,707.3096425189457,230.63641409863104,122.83138625243998,155.3295553618773
1.79,-1.8817806410787048,-2.0157147341331485,-0.8335109727294739,-0.0134986898165252,0.0600111094547205,0.027513495422679,0.0029736057121781,-0.0057896595985534,0.0802475147515397,0.996753525448204,-0.0127453911565727,0.0123719111607683,9.603759466406947,-0.0299349757847176,-0.0209381202570372,0.0174045309775156,11.014443021722284,0.0287594911194385,1.206851187081842,1105.7220353684893,1100.8954977605044,1093.2214074179487,1098.393597169291,356.405821658071,446.2375249845631,325.8382631474502,187.7633206381728,155.3247760592693
1.7925,-1.9184193974955572,-2.0378859960253553,-0.84541908889207,-0.0213529371953756,0.0535255096340988,0.0240590173038378,0.0029305778847574,-0.0057003182588888,0.0802691784894781,0.9967524152512424,-0.0172698274741177,0.0114686672819678,9.608380377214408,-0.0301263801387137,-0.0209657207904683,0.0169353367141248,11.014381525971647,0.0286892044347384,1.2069017249382423,1106.6929197600523,1101.7237824628914,1094.1570160790773,1098.980402283752,394.12240552402113,223.5938001674688,433.57882921251087,313.19166234425876,155.32010336001207
1.795,-1.7033123468271287,-1.8646262170989367,-0.7457606483299835,-0.0299386834065427,0.0468707185152224,0.0209822579968012,0.0028856318362341,-0.0056196193298842,0.0802881044529772,0.9967514716694696,-0.0212945626132154,0.0106774646418953,9.612243117889133,-0.03032843785804,-0.0209853533755768,0.0164652935932041,11.014318222226343,0.028619804539625,1.2069482155609252,1107.6926473961091,1102.0134667613415,1095.3893015640112,1099.9595554810123,295.0654638210767,7.5108718725458035,440.59100128337275,393.24524291504525,155.31462724689837
1.7975,-1.322506476263509,-1.5946714385763527,-0.5977249578567057,-0.0357607163685069,0.0421630207147864,0.0193074211984008,0.0028429875715259,-0.0055485635377785,0.0803038877507514,0.99675071219594,-0.0247621313443893,0.0100752724227794,9.615392737335014,-0.0305376181835891,-0.0209974893117644,0.0159956375410734,11.014252234242512,0.0285524665227466,1.2069895863494535,1108.168247079158,1101.761336822254,1096.359971085494,1100.9466284983273,83.71592953735478,-158.02560367501064,344.14088449843007,407.7868779746856,155.3101787516066
1.8,-0.7914740376771195,-1.2545279942878855,-0.4235622367349022,-0.0397181376434333,0.03852702357692,0.0186316427636845,0.0028061044182207,-0.0054823924179418,0.080318690540028,0.9967499839317128,-0.0277345425888099,0.0097311123776337,9.617879488835875,-0.0307504514405303,-0.0210031476049769,0.0155278436341524,11.01418307712728,0.0284872219659905,1.2070262310781235,1108.111227043796,1101.2233387429667,1097.1100059865034,1101.9984898708858,-115.53299918037072,-219.24924458240196,246.5328322909552,412.18472373894633,155.30585622224234
1.8025,-0.203464256347918,-0.9061866473638556,-0.2558616792081426,-0.0417732544257553,0.0362748046187924,0.0187200857036704,0.0027799601905339,-0.0054134266515603,0.0803351971843653,0.9967491028491136,-0.0303356593948252,0.0097463737599694,9.61975705448978,-0.0309636460540609,-0.0210035849303506,0.0150633332560681,11.01411068612946,0.0284233640967519,1.207059679386936,1107.590582083256,1100.665090599342,1097.5926352469487,1103.007552117022,-300.5835806523983,-176.95466595837766,121.9338798523066,370.8757951561062,155.30164308659752
1.805,0.3544264056296246,-0.6070310849457224,-0.1186963109461179,-0.0406367341913623,0.0358971530489374,0.0192525579588418,0.0027621295970897,-0.0053419116962658,0.0803523359188453,0.996748158290278,-0.0325568451423788,0.0100675673492368,9.62108190699428,-0.0311739579447026,-0.021000518407128,0.014603253050246,11.014036367640752,0.0283599863913116,1.207090475831521,1106.608309140534,1100.3385654131748,1097.7196753857647,1103.8528688466663,-489.0071282999884,-42.03614223697416,-15.061284640250612,308.9764595389098,155.2975677970707
1.8075,0.8648930669118612,-0.3621720195024803,7.319408935054643e-05,-0.0356264565088958,0.0367641344888242,0.0198116956999953,0.0027513000514534,-0.0052696126882396,0.080368449806939,0.9967472750223444,-0.0343657269429501,0.0106599252010195,9.621912943091049,-0.031378796405593,-0.0209954368164885,0.0141482233071231,11.013961399515955,0.0282967314738735,1.207119141814597,1105.145546441756,1100.454909888157,1097.5173288237477,1104.5524344147163,-538.6746037078741,141.30003297154545,-112.4732644654588,189.71786357069064,155.292844438393
1.81,1.093169334127439,-0.2714533993637992,0.0644273521267944,-0.0298628914884616,0.0375985654690531,0.0200418220767768,0.002742716802184,-0.0051985440481638,0.0803850438012782,0.9967463329177012,-0.0357364867382131,0.0114223097148384,9.622312233195904,-0.0315765568651082,-0.0209894004229945,0.0136978550209813,11.013886338405804,0.0282334959645758,1.207146007474206,1103.9149361219947,1101.0450655780323,1097.1573090634377,1104.8014581645195,-446.0864642056189,326.26374056354285,-150.50747878495125,20.370082550562508,155.28905291837435
1.8125,1.092191512781238,-0.2905794733428468,0.1035383332302698,-0.0243944761542272,0.0377176728136928,0.0201042720058275,0.0027309002755332,-0.0051315151510266,0.0804032203460511,0.9967452443772244,-0.0366342858287545,0.01223839797653,9.622345105880616,-0.0317664356573084,-0.0209831551158594,0.0132507861551442,11.013811868507984,0.0281702013507077,1.207172163600616,1102.915114120728,1102.0862285909748,1096.7647914298227,1104.6542848274692,-338.6359788939971,462.7751639348488,-138.2606807446366,-123.98126921016492,155.28541746910452
1.815,0.9230270194286404,-0.3791943447414696,0.1300168602110215,-0.0201082078533608,0.0370885210880988,0.0201183088498176,0.0027163811619803,-0.005069698129781,0.0804221291642817,0.996744071543446,-0.0370504777199473,0.0131093974307206,9.622080035267981,-0.0319483061609749,-0.0209770650013338,0.0128048409811573,11.013738173189823,0.0281068665908386,1.2071988200334844,1102.2217562275248,1103.3589413977068,1096.4660056597145,1104.1815518184687,-197.8310351004393,515.3875061903244,-77.64824923051313,-253.87868269980896,155.2819153014002
1.8175,0.6134975654138838,-0.5182226627040862,0.1481301719134246,-0.0178113264560662,0.0356804658696659,0.0201713004649496,0.0027002746915558,-0.0050121931342918,0.0804430307241617,0.996742716555259,-0.0370180871016108,0.0140503929563179,9.621589470730418,-0.0321227359935952,-0.0209710406917156,0.0123569042975733,11.013665506697,0.0280431863584862,1.2072272636437276,1101.9259589452258,1104.6631661219267,1096.3765501836704,1103.3848914139703,-56.47988493387726,514.7372380346377,13.99666313482125,-391.3371334106069,155.27857778831347
1.82,0.1813297745139249,-0.7027570897628541,0.1635312425708044,-0.0174864240421983,0.0331566982189556,0.0203857572022908,0.0026875012016607,-0.0049587334271488,0.0804650929329116,0.9967412378540432,-0.0365542954713939,0.0151473860353795,9.620949283593772,-0.0322905244471206,-0.020964790734414,0.0119035786100186,11.013593952351444,0.0279794439479913,1.2072583040896776,1101.9393568028554,1105.93262758788,1096.5359889753884,1102.2248661514159,41.80078346676144,378.05661934254096,91.36549295362978,-427.6584111329248,155.27476734292
1.8225,-0.1570316556910691,-0.8487849667969961,0.1700371393133109,-0.0190920359668009,0.0306622595222881,0.020744769999032,0.0026805533574235,-0.0049082893942188,0.080488385992628,0.9967396315097528,-0.0356960741115019,0.0164395076656586,9.620239080307325,-0.0324526538505126,-0.0209578342621674,0.0114412991202964,11.013523119662384,0.027915958128682,1.2072914887128263,1102.1349628625596,1106.5534492186391,1096.8333776484385,1101.2465993583055,85.81750445814761,135.18038082798117,125.28378544989476,-359.24357173717766,155.2717565601217
1.825,-0.406918919157983,-0.97115678071784,0.1666912699553632,-0.0220823851246767,0.0280698853782409,0.0213007444298998,0.0026732309974258,-0.0048662284533497,0.0805094243197179,0.9967381666200232,-0.0343725034305914,0.0177872743695722,9.61954150754944,-0.0326097424498736,-0.0209499407375666,0.0109669866779174,11.013453142268224,0.0278526760399506,1.2073247946295316,1102.368444325146,1106.60852949202,1097.162407902638,1100.42864829273,86.68591010073014,-100.90119616006398,112.1278149209476,-301.18165151792925,155.2689187733837
1.8275,-0.5706798953679851,-1.0839254760064936,0.1486663292066869,-0.0259056313302983,0.0248477986463351,0.0220955316648792,0.0026611357668953,-0.0048350418610689,0.080525960008499,0.9967370208281188,-0.0325660263613246,0.0190879793256547,9.618940335207713,-0.0327622540395857,-0.0209405325363599,0.0104783211089395,11.013383753624044,0.0277898764949897,1.207356946762646,1102.5683924130633,1106.048943237839,1097.3940167230433,1099.740691100716,53.69789194446514,-289.68232895094167,31.680262217650306,-203.96876844460604,155.26571498417962
1.83,-0.599802296500994,-1.1490244854732552,0.1231849712075521,-0.0284772219800958,0.0220773824756213,0.0228011793745632,0.0026417755097443,-0.0048143286135183,0.0805390331692549,0.9967361172157708,-0.0303125347286416,0.0202773945184771,9.61851859980824,-0.032910402652129,-0.0209285238756241,0.0099738632448121,11.013314353745104,0.0277272192141582,1.207387447634387,1102.6369337848685,1105.1601178472652,1097.3208092137263,1099.4088044505068,13.722123457773998,-412.51965436632395,-102.48633918686429,-99.21197031108234,155.263213598841
1.8325,-0.5516352535322774,-1.1862583746439543,0.0939356088595701,-0.0299544762865469,0.0193443026489045,0.0234487647027483,0.0026140547028886,-0.0048057553016473,0.0805492222991326,0.9967354042919848,-0.0276075527806772,0.0213120158996446,9.618356114807263,-0.0330537826335711,-0.0209125713043749,0.0094533271460958,11.013244715824815,0.027663650932129,1.2074165511995736,1102.637003030352,1103.9863449660074,1096.8815850271087,1099.2446312491606,1.2419175451214224,-495.95476965565615,-235.4575466812144,-55.44348522307818,155.2608866449652
1.835,-0.4737242682729769,-1.2022392839586695,0.0717766670660884,-0.030427019600399,0.0166434051934667,0.0237677155149097,0.0025820986281526,-0.0048083203061085,0.0805579255858659,0.9967347634139896,-0.0244913882838389,0.0222496792244981,9.618526991255615,-0.0331914831812178,-0.0208909868600546,0.0089174386598282,11.013174432446297,0.0275986398211986,1.2074448573500591,1102.643143372594,1102.6803439989867,1096.1435214803203,1099.1315870243916,21.913155585388672,-537.0811210211161,-347.9356722239492,-51.16773318450096,155.25870323855884
1.8375,-0.3962126823683893,-1.1929817512863983,0.0742567083656108,-0.0300545524703697,0.0140608556671071,0.0234096502052749,0.0025473376988593,-0.0048179357434629,0.0805693890169485,0.9967338677750488,-0.021069583759155,0.0230985541040195,9.619098273090893,-0.0333222279125966,-0.02086192966902,0.0083675651211509,11.0131028813912,0.0275316942437724,1.2074725536299908,1102.746568808279,1101.3009393609016,1095.1419066659892,1098.988792583238,85.8516467753796,-612.0966250198621,-459.83561203128227,-82.21676125649347,155.25669064922084
1.84,-0.3279177390370751,-1.1484079025226976,0.1215988322389444,-0.0295614620452392,0.0113061927310169,0.0225773883589541,0.002511812168474,-0.0048314076288876,0.0805847562879801,0.9967326367451343,-0.0174321753939658,0.0238747727029793,9.620126847479595,-0.033444175066113,-0.0208239765673625,0.0078062060568723,11.013029648675454,0.0274633034785884,1.2074991826420192,1103.0724016064707,1099.6198608738875,1093.8443434201636,1098.7205032181091,157.7926179044004,-617.3848760447659,-456.1756783042808,-115.53487296623888,155.2544688047121
1.8425,-0.2899462942779149,-1.0743473340996033,0.1991217342120736,-0.0297514350059182,0.0089313732694809,0.0221251379199878,0.0024756589308237,-0.0048462486259622,0.0806055395019302,0.9967309621535588,-0.0136609829014444,0.0245551798818936,9.621657552924257,-0.0335552858189461,-0.020776157673491,0.0072369428301236,11.012954583659747,0.0273938017294986,1.2075242682401497,1103.535531897801,1098.214014980678,1092.8610282744676,1098.4111182184067,219.24088498786213,-562.2019680650857,-333.99678737301457,-137.80561719300132,155.25277432248114
1.845,-0.2539991051399235,-0.9441749543604416,0.3025309352141923,-0.0308666161286994,0.0059472531273589,0.02239535721825,0.0024331539465007,-0.0048677990792674,0.0806299982654019,0.9967289707121016,-0.0096992328731508,0.0249912665526325,9.623720944039917,-0.0336533333450655,-0.0207184149947722,0.0066647095689921,11.012878111000788,0.0273239770194818,1.2075459918397395,1104.1686060314103,1096.808851033562,1092.1743594832988,1098.031475132144,300.9335011717143,-616.3006015255489,-201.6992098467607,-179.0297138959845,155.2512370078549
1.8475,-0.1918190131286156,-0.7055883650283526,0.4283289783357336,-0.0327552251065447,0.0020610999014746,0.0237043931402182,0.0023820176719586,-0.0048972853571814,0.080656181266554,0.9967268161846252,-0.0055653927593252,0.0251070403271823,9.626331865695311,-0.0337364263131786,-0.0206513249497023,0.0060953042004664,11.012800544727323,0.0272549049373934,1.2075629850941083,1105.0401994036597,1095.1325119730502,1091.852532225234,1097.515969648927,324.61909225070644,-608.8980168088568,-23.57814753267976,-197.32114440002533,155.24956578704774
1.85,-0.1193871981453317,-0.4385284209589352,0.5131166940414075,-0.0340950789259447,-0.0004439182222759,0.0254288216543801,0.0023222759531311,-0.004934074609813,0.0806831477829627,0.9967245772648846,-0.0013108291197455,0.0248746336380441,9.629488598909404,-0.0338031757041322,-0.0205760146453195,0.0055350824415579,11.01272190503643,0.0271870733636456,1.207574667535812,1105.7917014926638,1093.7643609495178,1092.0564687456351,1097.044869410144,295.6073629155134,-530.7173813904797,176.4549505122469,-194.32146284789684,155.2483109513148
1.8525,-0.0370376343006822,-0.1213086730747649,0.558521779786704,-0.0345830053611161,-0.001505480878431,0.0272936335139048,0.0022563787086806,-0.0049765954007509,0.0807103812839958,0.9967223009264232,0.0029989808136923,0.02431612404436,9.633172690695375,-0.0338527703517091,-0.0204940759033011,0.0049904794930701,11.012642536438058,0.0271205528552109,1.2075813823506667,1106.5182362182372,1092.4789250660979,1092.7348069777952,1096.5443623346875,287.0133127886736,-488.10476762183623,337.3234617262896,-200.21648325019183,155.2471907750295
1.855,0.0363662754797151,0.2119097731276497,0.5649173673620362,-0.0342699330748193,-0.0014761806815144,0.0289973066732127,0.0021926511933885,-0.0050190841509126,0.0807388919730434,0.9967199173974872,0.0072285576473919,0.0235756947892717,9.637349739584785,-0.0338851281086595,-0.0204072891193448,0.0044674033000496,11.01256281584841,0.0270555508912281,1.2075848546722991,1107.2267680566072,1091.3238371114087,1093.7430860542668,1096.043786993893,289.6686848066627,-412.1685830787189,459.25903697667377,-189.75535404183975,155.246176489377
1.8575,0.0782530996788715,0.5297677246618102,0.5237507673378037,-0.0333168858792624,-0.0002948403850547,0.0304817848226768,0.00213288306002,-0.0050549108832917,0.0807731334878291,0.9967170953500926,0.0112182861465108,0.0226765988902884,9.64197215182068,-0.0339009728775312,-0.0203174267873204,0.0039704606795513,11.012483271206163,0.0269916308249227,1.2075868265202248,1107.9665796422703,1090.4180821507043,1095.0311021626785,1095.5955855644784,352.18173036513787,-316.81077403722327,596.132210345272,-166.26949491996655,155.2452839008628
1.86,0.0771217321675243,0.8513437605870483,0.4237796655426472,-0.0321953208423297,0.0024370289496075,0.0321272241322239,0.0020763716593346,-0.0050828018846621,0.0808139608767723,0.9967137731016849,0.0149109190229046,0.0215897656206103,9.646979630642397,-0.0339014731371759,-0.0202265042804569,0.0035033686791408,11.012403933423116,0.0269289898173721,1.20758801289206,1108.987676708433,1089.7397832412223,1096.7237471059932,1095.2124395192932,408.0793885972886,-166.06412214509487,619.1042690102532,-98.60244939513677,155.24434704250152
1.8625,0.0335160102475099,1.044966169414306,0.3044600006630995,-0.0316259505128689,0.0057976021862101,0.0334055811781437,0.0020224995759934,-0.0050998914289937,0.0808612659055347,0.9967099747316568,0.0182235512852874,0.0202941189104585,9.652302423175971,-0.0338883638276334,-0.020136423952375,0.0030686265672914,11.012324687597872,0.0268672868548534,1.2075888464223035,1110.006976585257,1089.5877615399788,1098.1266235077298,1095.1025733175027,445.55756092873753,34.80773489777749,531.5368219510788,17.101237266934188,155.24367443556218
1.865,-0.0442023267561634,1.1469058346969274,0.1602598954919744,-0.0315300193855893,0.0099394445407985,0.0343355972071737,0.0019658683370134,-0.0051108551878237,0.0809096567384279,0.996706119894788,0.0212164687695409,0.0186689721375694,9.657863246799726,-0.0338636633878801,-0.0200491685346326,0.0026679499471937,11.01224648420388,0.0268064433312778,1.2075882176729955,1111.2154645130763,1089.9138219157114,1099.3814312157483,1095.2979457056279,561.8082668218113,252.2501902929033,493.1155840920033,166.27185108596123,155.2431106652805
1.8675,-0.1592023781632198,1.1743064298832075,-0.0189079518840429,-0.0317908851562786,0.0147701136988367,0.0345366191878707,0.0019041334005267,-0.0051186789705423,0.0809537449657238,0.996702631135238,0.0239292352683951,0.0166584470968509,9.663580928848711,-0.0338298458284711,-0.0199662875740162,0.002302046241082,11.012169647596332,0.0267467389568002,1.2075853881902308,1112.816017919366,1090.849012491443,1100.5922014281898,1095.9339325729325,592.7786726744534,421.9520134339649,384.2892136017692,295.09262296109455,155.24255743794015
1.87,-0.2592910537261316,1.1457132523121047,-0.1541097765973339,-0.0322533193666703,0.0180414524925928,0.0339739715934237,0.0018376443140554,-0.0051226369240116,0.0809927226023626,0.9966995753866356,0.0263419736820822,0.0142670422940419,9.669374191373462,-0.0337898372660288,-0.0198885140905292,0.0019703536033748,11.012094266387312,0.026687685231003,1.2075808104553936,1114.1793578764489,1092.0235819828813,1101.3028772837574,1096.7734088204331,523.7785283272267,525.1972543999606,221.27360156363864,378.2581461554768,155.24219815450968
1.8725,-0.3469713330218531,1.1113430017797803,-0.255053303321472,-0.0332209276004853,0.020379988028233,0.0328882692175828,0.0017702992871651,-0.0051179155337809,0.0810274239226801,0.9966969032796152,0.0283691371683026,0.0115767057573108,9.67516498249184,-0.033746663101903,-0.0198159166530121,0.0016709139007508,11.012020610780796,0.0266284170213191,1.2075759891693691,1115.434910561002,1093.4749987634432,1101.698569436008,1097.82522330371,465.0393339663068,598.5553267301057,114.61306462706732,430.96787055820647,155.2419439455562
1.875,-0.4129464464948295,1.1091739535198615,-0.3188170428940004,-0.0347045640065595,0.0220760119657461,0.0315718453280518,0.0017074486782199,-0.0050958285313214,0.0810613371616139,0.996694367985013,0.029859956828066,0.0087058043291824,9.68088181913715,-0.0337032461799585,-0.0197478867934999,0.0014002850918189,11.011948643965644,0.0265680908024622,1.2075731257242135,1116.5045545462804,1095.0163586165315,1101.8759426068927,1098.9282481732243,367.1402518485216,600.9212916123616,38.37835026406619,420.2376139843272,155.2417767310958
1.8775,-0.4452734534387247,1.1802662896495897,-0.3365021211896261,-0.0365331797828503,0.0232740549592963,0.0302642760141369,0.0016486310472823,-0.0050543190148399,0.0810982172091195,0.9966916757569356,0.0307888128536216,0.0056524960113242,9.686461053490287,-0.0336620617469096,-0.0196834862244319,0.0011541288002521,11.011877878422556,0.0265056947656259,1.207573180876273,1117.2706118202448,1096.4796052215047,1101.8904611873284,1099.9264113736315,260.06686351237784,584.9188718588131,-0.4888893191036801,377.9263690352676,155.24171448133933
1.88,-0.4493943787584334,1.36900881224663,-0.3140998003392181,-0.0384953609396591,0.0248211083887239,0.0288814006336177,0.0015932279454573,-0.0049981016082676,0.0811374594909102,0.99668885177077,0.0312660211687914,0.0024039190332367,9.691848086956009,-0.0336248046767287,-0.0196220187509131,0.0009279254007914,11.011807683881337,0.0264416305972597,1.2075760096894934,1117.8048888638423,1097.940952975826,1101.8734981602972,1100.8178800184007,136.66230156636314,469.48993763120416,6.843931327011729,258.9046003922644,155.24176149989708
1.8825,-0.4367029269719033,1.6024711992440868,-0.2724422739524478,-0.0395906328721194,0.0267463055652983,0.027987864615442,0.0015383811102462,-0.004930758007978,0.081180631808792,0.9966857542754493,0.031381399172395,-0.0010921806969624,9.69700058255643,-0.0335926027130519,-0.0195629010574559,0.0007168829995986,11.011736778640095,0.0263765144753249,1.207580158202222,1117.9539233280764,1098.827054909661,1101.9246808439634,1101.2209343755928,11.685156702287962,284.5860041672101,44.50205468224434,87.9196410854111,155.24190259306627
1.885,-0.4273978987110508,1.8744824510318048,-0.2274495372471538,-0.0398344758971711,0.0299546677686594,0.0275906188606621,0.0014801418532602,-0.0048595117897383,0.0812256259877505,0.9966825250559094,0.0312966972851947,-0.0049117660545172,9.701888105853184,-0.0335658267194122,-0.0195062786407822,0.0005166799827169,11.011664976536142,0.0263111818753515,1.207583885160356,1117.8633146473535,1099.363882996662,1102.0960084337084,1101.2574782238275,-65.08067073923624,169.7958938897536,85.69311632013705,-33.48433134383484,155.24215027675586
1.8875,-0.4316779527599726,2.131183566646731,-0.1952128108667348,-0.0396922992990444,0.0345358023668862,0.0276904787340307,0.0014190952589001,-0.0047895148035804,0.0812679620802492,0.9966795025835395,0.0311428416850743,-0.0090363109943142,9.706492985757155,-0.0335442818848354,-0.0194530336283684,0.0003235190099263,11.011592635896417,0.0262465040128658,1.207587065993173,1117.6285199743804,1099.6760343791095,1102.353146425564,1101.0535127188737,-120.7609525420566,97.14323603220467,110.97848132958204,-107.9436658643292,155.2424871181015
1.89,-0.4505111023520299,2.3033624887147206,-0.1908659148546512,-0.0401036303066108,0.0409238722622302,0.0280157251775686,0.0013542147838885,-0.0047219038474906,0.0813072579775837,0.9966767141082448,0.0309714214144527,-0.0134686139938651,9.710810847806025,-0.0335275734398213,-0.0194043318842347,0.0001337540434042,11.011519759516219,0.0261830395652151,1.2075896285138918,1117.2595098846434,1099.8495991768227,1102.6509008403564,1100.717759894506,-192.92318876418457,81.24840632089939,121.26211758213404,-125.21238093440554,155.24293259195423
1.8925,-0.4700857883534785,2.337157111661751,-0.2199501751236196,-0.0415584292969945,0.0500678079915971,0.0281150279856245,0.0012878610490214,-0.0046564262305648,0.0813444280252338,0.9966740854423262,0.0308117122659358,-0.0181392863520977,9.714848775930035,-0.0335150648821038,-0.0193616782487529,-5.5734487257476085e-05,11.0114461456641,0.0261212393639498,1.207591787601512,1116.6639040305595,1100.0822764107143,1102.9594570134748,1100.4274508142016,-248.78316527434055,111.52968077504066,94.07112544686441,-49.77718481832304,155.2435941624176
1.895,-0.4656555635759907,2.188732770384141,-0.2645600485590047,-0.0430569129992283,0.0578228592350286,0.0277628558296369,0.0012235441784586,-0.0045908384713703,0.0813809952060407,0.9966715009607788,0.0306541751952753,-0.0229484741113536,9.718624315875156,-0.0335059233603415,-0.0193267610497451,-0.0002476736141798,11.01137161161754,0.0260606159919739,1.2075944069222189,1116.0155940582715,1100.407247580698,1103.1212564675907,1100.4688739704145,-297.726682442687,172.34064058634797,38.60444037914104,106.54429700953413,155.24425195455316
1.8975,-0.4222655098177728,1.855273017720816,-0.3137941497042751,-0.0445867854301376,0.0645730263428289,0.0269293727351654,0.0011595462971134,-0.0045306986669802,0.0814136817388921,0.996669201951874,0.0306289478802841,-0.0279039788924936,9.722161974092048,-0.0334990009029353,-0.0193016011655113,-0.0004439788569669,11.011297158209986,0.0260005445911742,1.2075977269655132,1115.175270618346,1100.943979613646,1103.1524792153705,1100.9601722992493,-416.95713766297513,286.2368047973566,-15.418411531936371,327.2691255951865,155.245020431192
1.9,-0.3139839533286205,1.2845253304707251,-0.3581805435362732,-0.0462994524971642,0.0707275988735292,0.0254026849968108,0.0010959209598745,-0.0044788697290621,0.081439790033107,0.9966673921601816,0.0308129099776198,-0.032969720283967,9.725492945575278,-0.0334930786632603,-0.0192880602406035,-0.0006459640005638,11.011223473687537,0.025940740158527,1.2076015298938891,1113.9308083699568,1101.8384316046847,1103.0441644099308,1102.1052195983905,-492.2201028303221,361.3288780009414,-58.623680510207585,496.6814113336908,155.24606996088963
1.9025,-0.1760169461171476,0.7217282231651765,-0.3726412431463662,-0.0473676205073497,0.0736808324521546,0.0239189770877978,0.0010330513195492,-0.0044331581660475,0.0814596122177453,0.996666055109172,0.0311806783212961,-0.0380903077767175,9.728653508746346,-0.0334868908146507,-0.0192876301605962,-0.0008543982531082,11.011150482091955,0.0258809441093599,1.2076053056964382,1112.7141701041944,1102.7506240036507,1102.8593608128194,1103.4435793559176,-513.4612218946695,384.11078990130494,-82.70231537599278,577.2226630691089,155.24704975154077
1.905,0.0039823432834093,0.1492399957933079,-0.360649929308629,-0.0480166738956287,0.0737281032238407,0.022645816235233,0.0009702100383657,-0.004392422806271,0.0814740178541098,0.996665125270475,0.0317199901541914,-0.0432286880628931,9.731681476471625,-0.0334789413807753,-0.0193015852572991,-0.0010690802910047,11.01107718535033,0.0258212631003959,1.2076080167724195,1111.3635022604835,1103.7589855541914,1102.630652833051,1104.991332913736,-550.7431780976393,407.9595286883519,-88.58197177387598,618.958323910842,155.2481370051875
1.9075,0.2073583949865433,-0.3729063802162722,-0.3309859569282662,-0.0482845135512947,0.071648806200711,0.0216470044754129,0.0009057122353402,-0.0043521796992569,0.081487124186844,0.9966642881224452,0.0323461687273373,-0.0483571360171258,9.73461482993925,-0.0334675812002563,-0.0193307878866305,-0.0012891204408817,11.01100259461966,0.0257620574702923,1.207608890711225,1109.9604542137063,1104.7904216470924,1102.41645095395,1106.538370975472,-556.2570107651808,407.6175782290098,-69.60173023362425,579.4905599036022,155.24931163561666
1.91,0.4177565667551026,-0.7853897455291435,-0.2895402183165698,-0.0476496830376506,0.0679751759970966,0.0208978773300773,0.0008358844527457,-0.0043105722070405,0.0815025297517791,0.9966632623374316,0.0330161146472993,-0.0534870306851617,9.737488303466744,-0.0334509845710376,-0.0193758716664616,-0.0015127460597204,11.01092660372366,0.0257029629432934,1.2076072915177767,1108.5822172066576,1105.7970734453363,1102.2826441818827,1107.888785713254,-576.4265948314327,427.11438856580486,-25.72098716573177,512.108935124149,155.2505889531928
1.9125,0.6453312111346674,-1.131617091131922,-0.2399843694476589,-0.0454328782325989,0.0629431888624686,0.0202574392182,0.0007622180642404,-0.0042668546900588,0.0815196245711741,0.9966620998032216,0.0337106041302573,-0.05852802310367,9.74033198684539,-0.0334272026245499,-0.0194374331027066,-0.0017373202446962,11.010849318670571,0.0256435910845941,1.2076036008166355,1107.078321239549,1106.9259935899215,1102.2878460181212,1109.0989156510927,-510.77053793557025,394.68647733698094,38.88935970812864,362.1702473313312,155.25223625073235
1.915,0.7933321893438627,-1.3096872872781748,-0.2082455119585785,-0.0425277762805183,0.0592060651243786,0.0198889915481124,0.0006852928552391,-0.0042196087262164,0.081539794476087,0.9966606929646044,0.0343902094839224,-0.0634049303699243,9.743170343539912,-0.03339461247025,-0.0195155655679607,-0.0019599744509194,11.01077119052316,0.0255834628970517,1.2075984230481147,1106.0283645169795,1107.7705058320212,1102.4770909804236,1109.6996369499107,-366.5431389233241,311.631417419819,124.48735018233756,157.69622622906687,155.25370082849147
1.9175,0.8882922232723313,-1.4121372923202316,-0.195313112809107,-0.0392037914336016,0.056572071379299,0.019589955945701,0.0006059581056197,-0.0041711617805042,0.0815617691795045,0.9966591349301605,0.0350838374123125,-0.0680423863577574,9.746020256735683,-0.0333519277420279,-0.0196101973588239,-0.0021774696987614,11.010693497852827,0.0255227084628916,1.2075921307297317,1105.2456055449325,1108.4841506770204,1102.910282769033,1109.887396782238,-283.72471192583964,278.80287445455593,258.50328998945406,11.474120280991219,155.25525578529025
1.92,0.9562613185484488,-1.4946717037666557,-0.2080685733396353,-0.0353824369922718,0.0540431106288874,0.019210202878239,0.0005284172380668,-0.0041182534995361,0.0815848147878498,0.9966574952816918,0.0357130335461741,-0.0722917366998865,9.74889277686356,-0.0332983488251021,-0.0197209525078615,-0.0023867765037566,11.01061662289616,0.025462004823438,1.2075846436204662,1104.6097409573504,1109.164520204294,1103.7696074303708,1109.7570075513156,-192.90820583655207,218.60424889191057,378.7966335081732,-77.2166373712917,155.257219673082
1.9225,1.0019991701449111,-1.5493234584896527,-0.2445804846544178,-0.0326781288993562,0.0516693540091873,0.0188532324712959,0.0004537175548449,-0.0040565418103323,0.0816105818035491,0.996655656377274,0.036169838318204,-0.0760662411720423,9.751791833029417,-0.0332335988505474,-0.0198470171184565,-0.0025851831454175,11.010540137993676,0.0254014430385591,1.2075756562628757,1104.2810645157497,1109.57717192148,1104.804265936574,1109.5013135953816,-108.45800961983264,134.1876841575382,484.1359456829538,-90.15437675934454,155.2589325379209
1.925,1.080408245976828,-1.5896797643901175,-0.3077989565028789,-0.0308815390197807,0.0486218856074019,0.0185279886007867,0.0003827933688005,-0.0039849311501445,0.0816402564644004,0.996653527921456,0.0364069498689252,-0.0792898550548493,9.754713709379478,-0.0331577707819878,-0.0199873009031411,-0.0027700193156183,11.010463910967967,0.0253412072428099,1.2075651487439618,1104.0674509092514,1109.8354586250819,1106.1902871587856,1109.3062356675189,-79.49542614756125,81.34742668012397,609.8853800887484,-39.34466590944878,155.2607175812549
1.9275,1.2173905675091363,-1.6051968037817617,-0.3898625040417084,-0.0296059088147796,0.0448711724939482,0.0182512142679912,0.0003156866402092,-0.0039033486589731,0.081676021864636,0.9966509361696764,0.0363942649467085,-0.0819104590198239,9.757648292498319,-0.0330713457760756,-0.0201402656811111,-0.0029389849552528,11.010388017300762,0.0252808278369921,1.207553571528116,1103.8835873850119,1109.9839090548808,1107.8536928370177,1109.3045902658343,-74.37776295273737,40.77370648774463,718.5232794949269,64.05583344776596,155.26255674776496
1.93,1.446446411557536,-1.5688975405717327,-0.483806664683668,-0.0282291938680629,0.040299097068278,0.0176970544546833,0.0002497570590697,-0.0038200430316667,0.0817155602445864,0.9966480408832632,0.0362595985125792,-0.0839469245062997,9.760578431974217,-0.0329749972180853,-0.0203042181176397,-0.0030899173796909,11.010312700322547,0.0252199407673912,1.207540616751602,1103.6955620944875,1110.0393271575203,1109.78290355626,1109.6265148347577,-80.181426852685,15.688894790855194,877.0104309171328,208.6651164962356,155.26445363651803
1.9325,1.8222854995121407,-1.445056423409936,-0.5859399860843199,-0.0255475224481192,0.0346220314380707,0.0162982070501726,0.0001895206183698,-0.0037437008363242,0.0817544953621703,0.9966451641121524,0.0361519849807419,-0.0852868379946968,9.76348402817349,-0.0328696139439225,-0.0204772028068259,-0.0032209667629692,11.010238421943432,0.0251587413529828,1.2075270078091445,1103.4826802507484,1110.062353528835,1112.2387449916034,1110.3479158483156,-64.295774740502,10.076617696404123,888.8714557695287,293.47278890776806,155.2667861040538
1.935,2.1905317447773407,-1.2736050350323689,-0.6400259096589437,-0.0219208182416263,0.0304790997503135,0.0144917751353714,0.0001378641849915,-0.0036786316727853,0.0817911760304725,0.9966424227298788,0.0361343400295618,-0.0858515861986465,9.766344290690684,-0.0327563827589112,-0.0206566503910412,-0.0033313904174741,11.010165255037132,0.0250971605226844,1.2075129135068396,1103.3740832207852,1110.0897102460024,1114.227260835108,1111.0938787792963,-8.902911952918846,18.669331931187514,732.8836318254771,282.49671112076305,155.2687684131951
1.9375,2.5575052756930314,-1.0466088103174944,-0.637319954975717,-0.0161594270832338,0.0272618971053152,0.0123559674588897,9.919809396453e-05,-0.0036244416416717,0.0818257790105578,0.9966398038522064,0.0361827760315738,-0.0855354206705816,9.769139877027108,-0.0326366457426004,-0.0208394723024879,-0.0034214707971815,11.01009259221416,0.0250350705004967,1.2074986112448975,1103.4381656909839,1110.1557001884908,1115.9031631507307,1111.760399403919,69.77003388465313,31.57569973823296,580.0796091254721,219.50687834687884,155.2707803181478
1.94,2.871864975500434,-0.7937062180693945,-0.574938889368408,-0.0083635515467724,0.0247868619931329,0.0101494627970732,7.631622457572201e-05,-0.0035782697303188,0.0818609138644165,0.996637105195572,0.0362255467013719,-0.084271103701495,9.771853953225069,-0.0325118758385166,-0.0210220265947334,-0.0034925195835267,11.010020139856852,0.0249716505268573,1.2074852235871971,1103.7229333902085,1110.2475887446935,1117.1276588807352,1112.1914131710307,179.8952395963128,33.98312992517197,344.12019663917926,86.90294120651542,155.272808501936
1.9425,3.070945026591644,-0.5393495608553992,-0.4357854046777381,0.0008406550006825,0.0233358567090378,0.0080120869759636,6.666716389113333e-05,-0.0035437786104523,0.08189547502141,0.9966344026308108,0.0363132068525392,-0.0821166542315194,9.77447158115889,-0.0323834816994247,-0.0212005671202237,-0.0035464256381054,11.009948360137484,0.0249067236693222,1.207472478001926,1104.3376418889654,1110.3256158381168,1117.6237641339267,1112.194914109952,348.92594191300407,12.522819066725498,27.719405824427028,-111.17590142853003,155.27484569466935
1.945,3.1439865994984784,-0.2715798127419742,-0.1905931177669824,0.0114544993469394,0.0228007566866991,0.0062105963444636,6.87716971627475e-05,-0.0035205111421789,0.0819281000073856,0.9966318075556329,0.0364215559052893,-0.0791142085613207,9.776984262381792,-0.0322528840462599,-0.0213712128886001,-0.003585882784282,11.009877693710353,0.0248404636875713,1.2074601707694568,1105.4675630997735,1110.3102028400272,1117.2662559098571,1111.6355336638883,469.19414091808994,-39.25056938569553,-283.0665104872484,-292.5124511081384,155.27728619505532
1.9475,3.06728963482394,-0.1035844805980659,0.059213802352307,0.0194554172768538,0.02308887560291,0.0057056871255048,8.166532995836129e-05,-0.0035041389544117,0.0819595755591605,0.9966292709793352,0.0364554388392238,-0.075301547400381,9.779391085058238,-0.0321215710851349,-0.0215299654441529,-0.003614280776293,11.0098084002941,0.0247723496500307,1.2074487485605203,1106.6836125935558,1110.1293629911884,1116.2084315814905,1110.7323518544113,519.2507219207183,-122.49446043315665,-547.1633389226671,-430.00482652947545,155.2793052899469
1.95,2.8647512465760925,-0.0104202407007562,0.3237486678538098,0.0267039685386497,0.023871994357502,0.0061394774121173,0.0001060514791394,-0.003487486140117,0.0819923863677463,0.9966266171196956,0.0362705847729856,-0.0706907244049767,9.781699369846049,-0.0319909953395093,-0.0216729636869006,-0.0036354464567007,11.009740558304392,0.0247022127400687,1.2074393898917795,1108.063816709377,1109.6977305378616,1114.530439215244,1109.4855095312407,612.2326157572247,-254.70951495425973,-821.5799051828791,-595.8084985653703,155.28129509151603
1.9525,2.503498220817544,0.0122887584716141,0.6165862455100337,0.0346980994231811,0.0250772030925444,0.0077393359601155,0.0001416648671775,-0.0034629322661063,0.0820302595782386,0.996623570638072,0.0357161897495555,-0.0653224278936312,9.783924284865735,-0.0318624655356831,-0.0217967543247628,-0.0036533862979107,11.009673437760238,0.0246303978857959,1.2074322377037876,1109.744775672342,1108.855815416417,1112.100532055576,1107.7533093615843,600.8110440151402,-357.46639763509927,-912.5472113287985,-653.4915663837486,155.28363236414708
1.955,2.126339997512289,-0.0312961797354155,0.8107795561375547,0.0408099609057195,0.0258079536521799,0.0101070409231522,0.0001832539500857,-0.0034321199216166,0.0820720678048029,0.9966202183288936,0.034817948398541,-0.0593579048047576,9.786086442195815,-0.0317368823945008,-0.0218988880602548,-0.0036715956749341,11.009606611215313,0.024557766492216,1.20742610129958,1111.0678719294528,1107.910398549686,1109.9677031586,1106.218051699322,500.9875187964205,-411.56070396342295,-824.359735846628,-614.9684183663925,155.28552668674288
1.9575,1.702693997528708,-0.1110487570482981,0.9258332327188652,0.0455071946902025,0.0257765653630637,0.0134612479873884,0.0002305309740488,-0.0033985520856329,0.0821137737239224,0.996616877559388,0.0336491610293712,-0.0528720605026885,9.788213481479886,-0.0316147600938869,-0.0219780169343056,-0.0036927720868803,11.009540217509324,0.0244855069011961,1.207420849501572,1112.249713266324,1106.7980118966,1107.9787333763427,1104.6784672697524,449.1561799332071,-455.0497849460596,-743.2072490490259,-606.8365022604796,155.28735363826607
1.96,1.2692496793604224,-0.1932774224443554,0.9666984023586452,0.0483344780855694,0.0251184619546772,0.0169735759769659,0.0002832021565237,-0.0033630143385699,0.0821543765865322,0.9966136266331792,0.0322328056790139,-0.0459424426063,9.79033974218553,-0.0314964471039102,-0.0220334854592077,-0.0037191560408706,11.009474116073587,0.0244144376890734,1.2074164279790867,1113.3136528291188,1105.6351496249558,1106.2516669133547,1103.1838691880196,404.24910184000487,-455.89894638050134,-609.5497974862014,-575.6442517102508,155.289117132597
1.9625,0.8536026281020621,-0.2464627111045258,0.9267368948309972,0.04943710443489,0.0238939453831585,0.0198133646297979,0.0003443396349778,-0.003324831459128,0.0821944143485717,0.9966104242262862,0.0305712752544614,-0.0385836919829494,9.79250445117036,-0.0313820540446811,-0.0220653168670114,-0.0037521423688501,11.009407841957072,0.0243451927416939,1.2074129386431631,1114.270958775524,1104.5185171646974,1104.9309843889118,1101.8002460112011,408.6435222190536,-459.0190942695593,-486.8399773046691,-564.875589464769,155.29079657546498
1.965,0.3912753543459189,-0.2458042158741486,0.8135854872337108,0.0501186041065665,0.0220737981710235,0.0223239164200667,0.000415831656681,-0.0032842639256288,0.0822343181360249,0.9966072370200496,0.0286856181369586,-0.0308384704173997,9.794749320358836,-0.031271408992771,-0.0220740413586279,-0.0037922157904708,11.009340397863912,0.0242774886513697,1.2074101151820416,1115.356870440214,1103.340054153608,1103.8174670268315,1100.359491240696,395.13210331438967,-396.460650477465,-344.6581009396214,-475.57181958114694,155.2927070996274
1.9675,0.0313244725974514,-0.1805614198881728,0.6895548982167519,0.0507806862295586,0.0206287817408698,0.0238184653443724,0.0004913127677982,-0.0032475367513147,0.0822693852225081,0.996604432814408,0.0267020331411037,-0.0229216653329523,9.797116018180283,-0.0311639699135283,-0.0220606757557331,-0.0038388920546539,11.00927194710648,0.02421090234496,1.2074062099614276,1116.246619292096,1102.53621391231,1103.2076938842135,1099.4223869132954,357.31954506128056,-282.4315660840117,-208.1231305621303,-300.68409433775474,155.2942077924903
1.97,-0.3152918324707569,-0.0508219226886936,0.5610177695992588,0.0511583638543821,0.0196415291282552,0.0247355552408187,0.0005660288884125,-0.0032171363989405,0.0822969675921472,0.9966022207690078,0.0246781714265345,-0.0150122243381513,9.799646318901369,-0.0310592411242504,-0.02202611208181,-0.0038908299894558,11.009202479401727,0.0241454104240253,1.2074000095108404,1117.1434681655203,1101.927896323188,1102.776851374021,1098.8560707690071,394.57616643566325,-224.82626755735896,-188.960130367782,-147.18719331767375,155.29561049641288
1.9725,-0.7216690781468494,0.1587719694889485,0.4223366703790737,0.0504412090341022,0.0193291886262727,0.0251378682289903,0.0006350062849337,-0.0031928334058909,0.0823179179180103,0.9966005331663508,0.0226203634356293,-0.0072897385654421,9.802379949653453,-0.0309570128115702,-0.0219708210819991,-0.0039460851227361,11.009132335569149,0.0240807306669378,1.2073909058942232,1118.2195001242744,1101.4120825745233,1102.2628932323748,1098.686450946707,388.7457350472142,-152.7650800881894,-214.1189231730501,25.808400574214232,155.2971787121816
1.975,-1.046555763095815,0.3553998821191339,0.324711366170199,0.0486187309115156,0.0200473317991596,0.0250545433435954,0.0006964907466901,-0.0031713676453256,0.0823345739171318,0.9965991902357574,0.0204832348173638,0.0001344464728341,9.805352591998979,-0.0308574113529987,-0.0218948634765602,-0.0040023149388325,11.009062168028708,0.0240161204699926,1.2073796646086024,1119.0871968407566,1101.1640709227468,1101.7062567581556,1098.9851127718782,330.4110314241441,-52.63195856487185,-268.61476257168425,200.06673606972495,155.2983892795536
1.9775,-1.3424981446490443,0.5453320437337033,0.2360394980052984,0.0454547729039068,0.0217457146418238,0.0251639945768195,0.0007527112939271,-0.0031435243601458,0.0823530920597483,0.9965977128677432,0.0181142000906511,0.0072375341565051,9.808594592542148,-0.0307610620454224,-0.0217977129303565,-0.0040572506250803,11.008992266099977,0.0239504622131931,1.2073679891263287,1119.871555281395,1101.1489227816987,1100.9198194195164,1099.6867846270557,290.9088650321399,45.401678699637216,-354.18845665045257,328.60881202442005,155.29950028486138
1.98,-1.6030566589893045,0.7120143405380309,0.1373701428013677,0.0412896032209637,0.02396706982715,0.0257955237017464,0.000803073382441,-0.0031051558254437,0.0823784915947969,0.9965957012526104,0.0154578196623918,0.0139360426302711,9.812128303068489,-0.0306689893658248,-0.0216786113624936,-0.0041085723840503,11.00892307640812,0.0238828739952556,1.2073564706740691,1120.5417411659173,1101.3910793162452,1099.9353144749034,1100.6281568320003,230.7553695499284,176.8452487498921,-424.8913896038532,402.02637466253674,155.30052965625978
1.9825,-1.8142211122921352,0.8395485050346909,0.0027452815109261,0.036519560482548,0.0266343654570757,0.0268913945160165,0.0008484113395687,-0.0030593099788612,0.0824102540883084,0.9965931866618007,0.0126040547956736,0.0201669423193434,9.815966735614321,-0.0305824434636637,-0.0215371319159559,-0.0041536099580551,11.008855149738382,0.0238136895999384,1.207344945887601,1121.0253321291448,1102.0331490254484,1098.7953624714971,1101.6969165003684,160.9506882567947,390.25632508927634,-494.38525790168336,455.11265647286416,155.30146249595916
1.985,-2.0147373697017934,0.9481959272048668,-0.2192111951794355,0.0308774110288172,0.0299679358057982,0.0279872092195518,0.0008855627107552,-0.003006826972611,0.0824494610032956,0.9965900773547748,0.0095961958417343,0.0257969600719116,9.820115471727059,-0.0305030638758506,-0.0213730262059972,-0.0041901240064832,11.008788749967627,0.0237431907765652,1.2073333375779078,1121.3464946072013,1103.3423609416916,1097.4633881853947,1102.9037201143647,72.18764452650402,568.8219887585668,-441.22617109711456,403.31135608417696,155.30247376287687
1.9875,-2.146157524195647,1.0126434499928656,-0.4531651952163709,0.0263283261793775,0.0324751611690871,0.0282416556068714,0.0009096456834361,-0.0029517981342541,0.0824943272478578,0.9965865106236004,0.0065406995890603,0.0306600451218475,9.824571392181168,-0.0304325873141454,-0.0211868241398957,-0.004215865869039,11.00872459107684,0.0236719864312547,1.2073216909686446,1121.3862703517773,1104.8772589692412,1096.5892316160116,1103.7134732807892,-29.274067269171326,687.0611340850847,-251.673243482588,268.318864727786,155.30322959715068
1.99,-2.2477292419072645,1.0697047342771664,-0.7175862178859869,0.0217223636142053,0.0344206870099146,0.0275167867064547,0.0009210508544569,-0.0028967553428527,0.0825413175243962,0.9965827695294044,0.0035240088625914,0.0347033571300077,9.829322424155066,-0.0303726285314457,-0.0209800836492986,-0.0042285107161299,11.008662993114015,0.0236013039706704,1.2073105056182458,1121.2001242708554,1106.7776666121167,1096.205021967982,1104.2453144380036,-107.48725280464215,795.6272365053051,-43.68581712374273,171.42147572394973,155.3038998797678
1.9925,-2.323073180385919,1.1333431888444476,-0.9806784744466318,0.0167005904893774,0.0359321332103447,0.0259051719770498,0.0009224679267961,-0.0028422538457927,0.0825890988668011,0.9965789612917912,0.0005993361785746,0.037931058853621,9.834348006895869,-0.0303245227857407,-0.020755264753127,-0.0042257923219087,11.008603160264267,0.0235321935602836,1.207299455183498,1120.848834087754,1108.8553951517677,1096.370802530393,1104.5705806594087,-173.56120571816572,838.3688255130244,217.153347697144,103.52902442141146,155.304503167006
1.995,-2.356515788872777,1.2072119347406876,-1.2014964288524375,0.0108771145881447,0.0372523575347226,0.0231677548579612,0.00092025279255,-0.0027873149935585,0.0826375984074636,0.9965750927014796,-0.0022034869223592,0.0404321964582501,9.839619136358904,-0.0302889791323816,-0.020515771524097,-0.004205384467915,11.008543271906872,0.0234656896938227,1.2072880694205708,1120.3323182422644,1110.969510739682,1097.2907887064675,1104.7629595601106,-257.0856830762691,897.8536432994382,577.9511945999596,96.65879514049952,155.30503065702052
1.9975,-2.333235237732431,1.284312488725012,-1.3628038520396948,0.0035404641473944,0.0397721704686,0.018583624296637,0.0009198482576521,-0.0027289920072348,0.0826871790137987,0.996571141235542,-0.0048952619461241,0.042293184125476,9.845099799538328,-0.0302658812794265,-0.0202657585456806,-0.0041651577152489,11.008481992402391,0.0234020147983681,1.2072764276787626,1119.5634056723727,1113.3446633682647,1099.2605585033928,1105.0538746351115,-301.45116061440336,823.145492753901,848.876066728162,147.81257167728967,155.30558244027603
2.0,-2.2550458846131,1.3046905189442977,-1.376734715704071,-0.0023890480459869,0.0433718267105178,0.0137341061375064,0.0009159934787814,-0.0026693092557863,0.0827336892599521,0.9965674476003292,-0.0074092251240053,0.0433956581610628,9.85074874685283,-0.0302541742048767,-0.0200100234642191,-0.004103276022938,11.00841957402876,0.0233405524788971,1.2072642785712022,1118.8250624391926,1115.0852382034516,1101.5351690401085,1105.502022418497,-309.91539152960945,635.8189106142297,1005.4324088676128,247.10225674212396,155.3059792428778
2.0025,-2.116482199028984,1.2352845624289464,-1.2445758597246543,-0.0079322320012026,0.0482623835025089,0.0081673266322841,0.0009055234351015,-0.0026090529961809,0.0827725211573139,0.996564391565376,-0.0097026398294952,0.0436776022172099,9.856519384141725,-0.03025211455967,-0.0197535638674575,-0.0040180362518079,11.008356113488675,0.0232808709759157,1.20725133689543,1118.0138287147247,1116.523757921336,1104.2877205477307,1106.289385918822,-367.1535323167142,568.4655703420625,1270.273488488492,428.6420019273101,155.3063161468296
2.005,-1.8889669580316495,1.021991923971349,-0.935532724274822,-0.0137614680528086,0.0542760865181221,0.0022190569087644,0.0008886467029844,-0.0025481251629034,0.082801274103531,0.9965621720293562,-0.0117484827613666,0.0431579478328344,9.862360765843842,-0.0302575048838275,-0.0195011892094096,-0.0039079176231688,11.008291648294689,0.0232223413355047,1.2072378280541762,1116.989294777609,1117.9275660551618,1107.8865364825508,1107.6452324281336,-378.42794715207566,474.2168482163025,1330.3800339141446,549.7927944633492,155.3066575226906
2.0075,-1.6571864878928952,0.7464555575503425,-0.6002961791051978,-0.0176929784439178,0.0583034644856619,-0.0006601003691091,0.0008692353454097,-0.0024878452870138,0.0828191207752339,0.9965608529796298,-0.0134907143387837,0.0419384851143321,9.868218835431383,-0.0302678086069828,-0.0192573944500021,-0.0037715890369952,11.008225686128727,0.0231651782259011,1.2072233370197882,1116.1216889789644,1118.8948421624175,1110.9396207173013,1109.0383498911388,-340.788915864982,364.6364209146877,1189.6265654515098,575.6969483864007,155.30689416795363
2.01,-1.3895571968354152,0.4173832301687757,-0.2695560130515113,-0.0207654125091897,0.0600379679670339,-0.0007233039622929,0.0008504541931941,-0.0024279404050168,0.0828261874027214,0.9965604250677932,-0.0149113467993777,0.040122280898861,9.87403929212316,-0.0302802630164212,-0.0190262213184676,-0.0036084426059983,11.008157406575714,0.0231095068074799,1.2072080698069592,1115.285350198284,1119.7507481597352,1113.8346693098088,1110.5237171700655,-320.1522563844958,335.59928307784054,1103.5466060487743,576.5136495701038,155.30708658872027
2.0125,-1.0924768607273592,0.0951828108966106,-0.0079083963229806,-0.0234587900572192,0.0595975438733621,0.0009649245101297,0.000827186796099,-0.0023710835629679,0.082821196381124,0.9965609913554792,-0.0159543155650007,0.0376560770130315,9.87977015759181,-0.0302920601435423,-0.0188111811783357,-0.0034188368188245,11.008087233161856,0.0230548002808873,1.2071922672844553,1114.5209276970415,1120.5728385778068,1116.4573537475455,1111.9209181389895,-274.3152048090509,324.9210702494634,954.7633967063778,502.4035259007285,155.30724626602833
2.015,-0.7536997499526475,-0.1622822587288056,0.1142710251570556,-0.0260205416275321,0.0573974023742957,0.0036811497603062,0.0007993229487145,-0.002315789722948,0.082804398888507,0.9965625318348668,-0.0166432598374422,0.0346015186765224,9.885362169263798,-0.0303006784529739,-0.0186150389342204,-0.0032040857351705,11.008016213246663,0.0230008166319616,1.2071766695422923,1113.9137741742388,1121.3753535109827,1118.6084862933403,1113.0357347995691,-210.61227636615047,339.0310773719265,809.386771767021,398.78151156982256,155.30737066110723
2.0175,-0.2925606449676796,-0.3563726915793318,0.0737772534128074,-0.0288694562033227,0.0543954892929477,0.0071328324960068,0.0007703562271625,-0.002260745086582,0.0827789792635995,0.9965647818318428,-0.0169983789729496,0.0310988351137179,9.89077041436581,-0.0303041428482799,-0.0184396260517509,-0.0029663653057495,11.007945206699096,0.022946952119371,1.207162803880316,1113.467866315211,1122.2679939646664,1120.5042876063803,1113.9148256968383,-102.93081133904924,300.49596990834925,568.627585789421,244.67892361786264,155.30748354329737
2.02,0.1311208326819826,-0.421502649295659,-0.0974915396509467,-0.0306607767182897,0.0523322429839096,0.0092315699572631,0.0007440949156738,-0.0022031220726008,0.0827496033314514,0.996567360655568,-0.0170749229704945,0.0273030294274713,9.895956677463625,-0.0303010098431142,-0.0182859042648523,-0.0027088751258858,11.007874856412007,0.0228927567006015,1.20715225671884,1113.3991201175436,1122.8778333605244,1121.4516242222876,1114.2591294176586,45.054436954434145,196.6198413214939,245.2260215286112,75.65058769096301,155.30754973562796
2.0225,0.5656761758840718,-0.410836010020402,-0.3495388455836314,-0.0310159694078351,0.050997657075045,0.0090254846386358,0.0007239223734477,-0.0021396102594168,0.0827208450024479,0.9965698979020245,-0.016943828011144,0.023365619581157,9.90089069188067,-0.030290279217893,-0.0181541368738168,-0.0024355226794005,11.007804882583084,0.0228383052433798,1.207145480971101,1113.6931384999832,1123.2510931712739,1121.7304177140236,1114.293078635293,210.1205513685317,96.56508516395868,-18.313090977472193,-19.984703926048013,155.30758907820655
2.025,1.0354087818940596,-0.3545773654618209,-0.6478590344152759,-0.0284083931000746,0.0501743784868401,0.005540891493218,0.0007066660735631,-0.0020753010631869,0.0826915089028754,0.99657248164921,-0.0165262966509641,0.0192973373583794,9.905550692094504,-0.0302711611084104,-0.0180443134349148,-0.0021502483618167,11.007735397270228,0.022783738377934,1.2071411973567303,1114.4497228743862,1123.360658786344,1121.3600587674002,1114.1592058980284,330.6021310450958,-14.652161203776217,-234.2323959213495,-50.40686656570977,155.30760666970787
2.0275,1.329660988157747,-0.3043360646656879,-0.8318583551377504,-0.0236803219727434,0.04998056846484,0.0009074863648161,0.000694070971757,-0.0020134809315318,0.0826589626637738,0.9965753175645138,-0.0157749116129613,0.0152088796074927,9.90992314204238,-0.0302431133908955,-0.017956042323043,-0.001856775105161,11.007666641805892,0.0227295078869819,1.2071383229702888,1115.3461491552086,1123.1778323652547,1120.5592557344169,1114.0410443024648,384.80576584913376,-115.87374094387214,-393.3786892569704,-24.85405768734213,155.30759695830656
2.03,1.4768830226802727,-0.282458156745309,-0.9151522310550176,-0.0181036137281019,0.0500738415654491,-0.0033383119847545,0.0006868787850113,-0.0019540398474978,0.0826240283516004,0.9965783349586592,-0.0147137312202652,0.0111945002065356,9.91400344637524,-0.0302059252449644,-0.0178882671057998,-0.0015587378972709,11.00759870126299,0.0226754025244816,1.2071368094559611,1116.373751703632,1122.7812900816248,1119.3931653211152,1114.0349356095917,406.66765154853215,-177.84498754125417,-503.7209154092694,22.53260460847589,155.3075614419136
2.0325,1.4935845901208336,-0.299078602258288,-0.922369725361968,-0.0131957238278166,0.050234317239138,-0.0062180015237552,0.0006854476029067,-0.0018951375239108,0.0825894956769529,0.9965813077817162,-0.0134041193942112,0.0073398466492977,9.91779493249664,-0.030159570613247,-0.0178393904190584,-0.0012594395254412,11.007531185475656,0.0226210052609745,1.2071372871490824,1117.3794874129514,1122.2886074275486,1118.0406511573703,1114.1537073255072,368.3456562386788,-199.0367541084694,-558.8095640864259,71.33051571304502,155.30750367406955
2.035,1.3694086947127473,-0.3674538244839486,-0.8684190658016226,-0.0094458411956719,0.0502590251058437,-0.0075386823572192,0.0006903473958192,-0.001834331549358,0.0825600089278511,0.9965838591325448,-0.0119210488109023,0.0037303235182041,9.92130749755184,-0.0301041416359269,-0.0178073415571968,-0.0009616109452687,11.007463433713896,0.0225658564652768,1.2071401795039882,1118.2154799848252,1121.7861063110824,1116.5991175006832,1114.391588188157,304.7988033020439,-198.42951230507848,-622.9155085248882,112.41401216225552,155.307418104354
2.0375,1.0938166105968308,-0.4995797817795788,-0.7688828396149858,-0.0060697273993644,0.0498178962739038,-0.0082342742504557,0.0006981981942332,-0.0017768068489253,0.0825347379345809,0.99658605063664,-0.0101971721479626,0.0003546464366111,9.924555448737843,-0.0300396033938055,-0.0177901105998802,-0.0006669080861665,11.00739596057747,0.0225100116401523,1.2071443024974955,1118.9034814294616,1121.2964598660233,1114.926073614746,1114.7157773863185,195.45600820452327,-146.32323889118507,-583.9256132342722,108.26466241346908,155.30728247585552
2.04,0.7862674835823751,-0.6335841776414344,-0.6671580647894068,-0.0040714114789607,0.0488078459850141,-0.0090273873163295,0.0007091468115494,-0.0017269122387661,0.0825116434535494,0.9965880428570552,-0.0081769458131273,-0.0027347980220557,9.927555971543175,-0.029965938691859,-0.0177856224451131,-0.0003759502851481,11.007329238602093,0.0224541609515056,1.2071483415131092,1119.192760025848,1121.0544901166263,1113.6794894345119,1114.9329115002242,67.2911432921879,-52.94115683732456,-449.8749316474555,58.363880942580515,155.30714173403604
