t,ang_acc_x,ang_acc_y,ang_acc_z,a_vel_x,a_vel_y,a_vel_z,quat_x,quat_y,quat_z,quat_w,acc_x,acc_y,acc_z,l_vel_x,l_vel_y,l_vel_z,pos_x,pos_y,pos_z,mot_1,mot_2,mot_3,mot_4,dmot_1,dmot_2,dmot_3,dmot_4,vbat
47.705,1.5982474969206573,-0.2100912884889481,-0.4901642494582642,-0.0040364176813513,0.0133245181867042,-0.0126165924876097,0.0031746088401799,0.0005446336072251,0.0214585015919077,0.9997643873192292,-0.004665674746475,0.0016650140953888,9.717451475729252,-0.0048233824064582,0.0005943445177571,-0.0033737701783319,9.13911558464419,3.734526183284757,2.0980523135576368,1096.429541949207,1093.7024877899196,1103.1111299473807,1114.246131843349,-150.15020379838964,440.71521473374753,-601.806458173734,-22.091880134610232,158.40950327386642
47.7075,1.657563469138936,-0.5918438499386293,-0.1102689496807587,0.0028785121381877,0.0122931791972378,-0.014607375865009,0.0031617493327828,0.0005550238339537,0.0214498087262653,0.999764603478495,-0.0061149026468847,0.0026270221545786,9.71819233967058,-0.0048273778950771,0.0005158863869043,-0.0035804081787471,9.139101958664416,3.7345283060920313,2.098045790785241,1096.280825409328,1094.8122116886987,1101.3902787732652,1114.0667730180871,39.75951956602115,351.9183604856626,-630.3218053411415,-105.2558639846582,158.4086726914058
47.71,1.5715689121313154,-0.882812332718712,0.2410430047326811,0.0070567572609506,0.0097272171617466,-0.0150538681078326,0.0031457535107746,0.000567120599513,0.0214426742057189,0.99976479480384,-0.0075959610196719,0.0037046879207727,9.718999538920563,-0.0048328833252206,0.0004392141943628,-0.0037927063883366,9.139088393960115,3.734529313789484,2.0980390739873807,1096.6283395470373,1095.4620795923488,1099.9595209206734,1113.7198525234255,231.65105696460313,186.54962429735548,-536.5265484958277,-176.0813872450181,158.407889787233
47.7125,1.3938297113066995,-1.0892483927376142,0.5784914083345147,0.0097847383155427,0.0062106624519422,-0.0137606088503992,0.0031306701349549,0.0005845274927616,0.0214384859738921,0.9997649181801705,-0.0091568494566431,0.0049692691613362,9.719894723287663,-0.0048401045182088,0.0003659309182378,-0.0040118432798396,9.139074725161098,3.734528982182833,2.098032783913609,1097.43908069415,1095.7449598101844,1098.7076460307885,1113.186366081863,454.8154761834614,35.29174984185388,-478.34519637024727,-276.0035680674216,158.40701113611507
47.715,1.126259455520608,-1.1945993893545883,0.906813322860984,0.0124000688529047,0.0016536457555325,-0.0102595133827796,0.0031194105756687,0.0006140294861592,0.0214395831674761,0.9997649108274504,-0.0109064422136341,0.0064661681027272,9.7209011904365,-0.0048494497477523,0.0002976204127567,-0.0042385497065181,9.139060980011843,3.7345278216375144,2.0980273049042006,1098.9024169279555,1095.638538341558,1097.5677949388207,1112.3398346830877,610.1602194286504,-107.35950448623916,-345.0209426298042,-342.0228703145382,158.40584460752
47.7175,0.8843640245840779,-1.146585866067424,1.082409144162242,0.0142374999701106,-0.002149605960871,-0.0064079735271161,0.0031121490703634,0.000655040600273,0.0214439230616252,0.9997648145501734,-0.0128100956310999,0.0081793244765735,9.722043002842579,-0.0048616336789843,0.0002356894518878,-0.0044728475813705,9.139047224730435,3.734526763182649,2.0980214593690074,1100.4898817912947,1095.208162287753,1096.9825413176386,1111.4762517302895,698.3386584982312,-227.46437362955243,-156.3074606377598,-368.14915458828006,158.4047785655247
47.72,0.6421881664922806,-0.9543243300351872,1.1376454417567672,0.015499424344906,-0.0058418835238396,-0.002574529303264,0.0031121437461298,0.0007032230392256,0.021447655224723,0.9997647038186248,-0.0147574400648973,0.010146108027282,9.723342851863606,-0.0048776582103413,0.0001813095168822,-0.0047139794249822,9.139033861807984,3.7345260294414264,2.098014461703308,1102.3941102204435,1094.5012164734114,1096.7862576356329,1110.499088910148,799.9407541272831,-311.75812595217815,-20.596416220485857,-395.8319899947832,158.403615264644
47.7225,0.4070507829074683,-0.6535838629514463,1.0960393450572903,0.0164508866822598,-0.0091705409056915,0.0009318020318552,0.0031236181953544,0.0007515456661581,0.0214455539751276,0.9997646825530908,-0.0165839337738126,0.0124169740568726,9.724820705268163,-0.0048987691780842,0.0001354732629482,-0.0049604309348001,9.139021413700569,3.7345253291116856,2.0980061554242444,1104.4895855619332,1093.6493716579914,1096.879559236536,1109.4970917803143,859.6145704820323,-349.80542723874646,91.93796681192752,-386.0513519521036,158.402372105092
47.725,0.182792241032628,-0.2548373571502532,0.9565462463857768,0.0172479577330917,-0.0112840731512384,0.0039854014351049,0.0031439055054915,0.0007924930293036,0.0214330930417292,0.9997648606185447,-0.0181173020121845,0.0149042158927313,9.726493136598105,-0.0049263388471187,9.912719250518158e-05,-0.0052100514265472,9.139009564242318,3.7345241311705015,2.0979956933660415,1106.692183072856,1092.7521893372168,1097.2459474696927,1108.5688321503865,953.412467348929,-367.0542621475007,197.86585486435604,-368.6044340123032,158.4010343558483
47.7275,-0.0721668046295659,0.2714304038794116,0.7140788020876498,0.0175919678533718,-0.0116757280593133,0.0068812435913669,0.0031687466574131,0.0008216602037718,0.0214113659176082,0.9997652290127552,-0.0192454908565184,0.0174873033969639,9.728371410277488,-0.0049617088372097,7.315630476952617e-05,-0.0054602691768158,9.138998483362409,3.7345223432182406,2.0979826262849555,1109.2566478986737,1091.8141003472556,1097.868888510857,1107.6540696102547,894.2352906850801,-292.3199288940264,236.23569548851003,-293.64881487680105,158.39932287083224
47.73,-0.2697376851993296,0.692189454087423,0.4844888972361017,0.017070125789572,-0.0100922788395182,0.0081177581766138,0.0031974200168303,0.0008339818679409,0.0213825974776423,0.999765744794996,-0.0198421361687706,0.0201117183671285,9.730460099276435,-0.0050061060864001,5.8221064687628074e-05,-0.0057083107069879,9.13898845721606,3.734520325075964,2.0979673498509617,1111.1633595262836,1091.290589692746,1098.427125947136,1107.1005880760017,677.1469329091989,-126.28481779654882,204.41811438925924,-179.2202920693391,158.39781115208424
47.7325,-0.4479533640376171,1.027087953747765,0.2695677593866663,0.0156880111259496,-0.006848465229559,0.0077458161241395,0.0032287506484108,0.0008263217703898,0.0213518899631987,0.9997663048256594,-0.0198195052714989,0.0227133856686852,9.732756673991698,-0.0050604500878852,5.475277629976521e-05,-0.0059514869163793,9.138980220162864,3.734518109452284,2.097950643141397,1112.6423825632214,1091.1826762582723,1098.8909790828038,1106.7579681499076,517.8970216856377,68.81747390004313,159.55241812808669,-112.44360772080876,158.39621509925553
47.735,-0.6416304881956992,1.2687656883866558,0.0632038707027737,0.0135267470455508,-0.0018469468056358,0.0064212650930571,0.0032607036143331,0.0007999284708677,0.0213232726834617,0.9997668288273936,-0.0191780028542474,0.0252125339128112,9.735251071606884,-0.0051250761354779,6.287689409075967e-05,-0.0061873986078006,9.138974209813629,3.7345157027089666,2.0979333826099658,1113.7528446347096,1091.6346770622458,1099.2248880377756,1106.538370037398,282.30118783843966,263.492962019838,79.62633604179719,-55.749504773501606,158.39420811085864
47.7375,-0.7949544317928638,1.3102129161575535,-0.0599856049996663,0.011949055494295,0.0027872858013526,0.0055881016047786,0.0032939149034778,0.0007604498291078,0.0212965749617411,0.999767313878804,-0.0180068311231795,0.027583278609785,9.737925249892234,-0.0051994139473483,8.230001190315225e-05,-0.0064140006240271,9.138969360992206,3.7345135592249856,2.097916136047818,1114.0538885024143,1092.5001410683724,1099.289110763013,1106.47922062604,-10.01248948704812,429.7017826563281,-10.466105784320565,1.414429719488184,158.39246349664057
47.74,-0.9534865102517472,1.1789324603606612,-0.1452202237418859,0.0110294072201659,0.0075882529350865,0.0055467001061107,0.0033291985897573,0.0007178642708361,0.0212732192757036,0.9997677195619964,-0.0164850205527166,0.0298063762342259,9.740753846967122,-0.0052817203511902,0.0001123877517306,-0.0066295661340068,9.13896354249635,3.7345117215116272,2.097898968954688,1113.7027821872744,1093.7831859755283,1099.172557508854,1106.5454421859956,-283.4686660095335,618.3967285165803,-68.13276155227697,71.67226765961611,158.39064917589087
47.7425,-1.1517730056005275,0.8497746882394432,-0.2249430057514834,0.0097956880616341,0.0127105009647852,0.0060271992798165,0.0033679889805041,0.0006787750924248,0.0212531521170068,0.9997680381503264,-0.0147329748651213,0.0318755538935641,9.74370515229512,-0.005369135390612,0.0001521576896772,-0.006832514617731,9.138955420599592,3.7345100383255687,2.0978823865279748,1112.636545172368,1095.5921247109525,1098.948446955252,1106.8375819643377,-467.5711597143322,667.650389793214,-73.11297617263618,159.95336020615463,158.38839740469882
47.745,-1.3063211314564083,0.4787669099647522,-0.2805758742723126,0.007453470574397,0.0152758533612154,0.0060551108262227,0.0034083807918871,0.0006461381175206,0.0212318437714233,0.9997683700783182,-0.0128102645027174,0.0337211528217619,9.746742438382526,-0.0054578996023727,0.0002003392143413,-0.0070212845617043,9.13894425237859,3.7345088989480018,2.0978654483724846,1111.3649263887048,1097.1214379244916,1098.8069926279911,1107.3452089870257,-538.1525917554402,566.8121770295612,-21.39367004869015,279.41464098102443,158.3864631715017
47.7475,-1.4118179401086184,0.0855229699910994,-0.3220861053695227,0.0031925190643062,0.015058122120806,0.0050549492309353,0.0034455799800312,0.000624707624925,0.0212092725953106,0.9997687284612784,-0.0108216585241501,0.0352222991798568,9.749824629053672,-0.0055436461306615,0.0002555287250649,-0.0071943077012137,9.138929986710814,3.734508570139483,2.0978475646040833,1109.9457822135892,1098.4261855961015,1098.8414786050084,1108.2346551692435,-552.0396928844452,454.1804372604879,56.08986434701224,428.6053684165008,158.38447426677695
47.75,-1.4498837383910124,-0.2660790752103216,-0.3468892915347803,-0.0019419357220891,0.0128937830973917,0.0035948491829411,0.0034736327095124,0.0006166148023412,0.0211909943116493,0.9997690139530232,-0.0088304459931408,0.0362394403669929,9.752907433972275,-0.0056218813234497,0.0003162791178029,-0.0073499818618595,9.138913529962448,3.734508510644398,2.0978282626451006,1108.6047279242812,1099.3923401107952,1099.0874419497263,1109.4882358291093,-478.4942830958048,283.1910730110696,153.49414218199263,584.887206821927,158.3824439967876
47.7525,-1.3946256843365656,-0.5161683898357742,-0.3523314465958993,-0.0068510985692471,0.0095686045622237,0.002239662311071,0.0034827515874947,0.0006224559620075,0.0211826104978245,0.9997691391370032,-0.0068809600855386,0.0365630435964833,9.755945041636169,-0.0056883384327202,0.0003811503410932,-0.0074867962211956,9.138895740486385,3.734508364141367,2.097806879523115,1107.5533107981123,1099.8421409611556,1099.6089493159177,1111.1590912033505,-371.1309245260884,74.96554087770876,282.0221218865676,801.1684158175734,158.38036869196944
47.755,-1.2362740704418484,-0.6755556348955635,-0.3488435591597804,-0.0115706706772973,0.0055388333556429,0.0010996807066881,0.0034693531587869,0.0006446405807736,0.021184712047466,0.9997690987746763,-0.0050594485656806,0.0361111893072995,9.758889986731267,-0.0057391981540298,0.0004485129160956,-0.007603584204371,9.138876181474,3.7345086784249113,2.097782939629475,1106.7490733016496,1099.767167815184,1100.4975525591599,1113.4940779081992,-223.58664479881935,-114.95002047125612,351.3345135442272,872.6332484717286,158.3778324894103
47.7575,-1.0554827305887746,-0.704256659524434,-0.3510693257235806,-0.0140247604724298,0.002889759736952,0.0005688475214986,0.0034320999341345,0.0006826980702464,0.0211965199554755,0.9997689129001844,-0.0034025699376651,0.034851130425428,9.761695688635156,-0.0057713898651104,0.0005166502091917,-0.0076997632698393,9.138854407214586,3.734509065317852,2.0977570222229276,1106.4353775741179,1099.2673908587992,1101.3656218836395,1115.5222574457111,-80.94388285847428,-256.10781723199227,344.84079651442227,771.5596170190306,158.3756851421498
47.76,-0.86125774659294,-0.6649479034342815,-0.3730824276763694,-0.0150418832539313,0.001260932960986,0.0003268299212815,0.0033729980245975,0.0007314087680763,0.0212168879378248,0.9997686027368324,-0.0018585221782319,0.0328203392144147,9.764318288009155,-0.0057828991827097,0.0005837680825573,-0.0077756121715298,9.13883109423858,3.7345095259043135,2.0977295467206214,1106.3443538873576,1098.4866287290251,1102.2217565417304,1117.3518759932908,-37.94929181724788,-357.5680768867177,339.41509744759884,696.2756579751916,158.37350752139307
47.7625,-0.6396848264213073,-0.5961253035852075,-0.4294101093201367,-0.0156726605697342,0.0002885644924656,9.372136277460817e-05,0.0033001022271274,0.0007848989332295,0.0212455317089156,0.9997681529842968,-0.0003635773554028,0.0301812651189207,9.76671826603209,-0.0057729486864448,0.0006479629315547,-0.0078325528874009,9.138808587166723,3.734510070055237,2.0977019355980966,1106.2456311150315,1097.4795504743647,1103.0626973708784,1119.0036357355891,-67.89265023859281,-345.6291042359276,256.0692939222517,482.97084048711287,158.37086459005357
47.765,-0.4665977040419064,-0.5573304307478225,-0.4966925838437037,-0.0164916658364617,4.9552849396583575e-06,-0.0002906081100594,0.0032226002551168,0.0008346601715298,0.0212816314762471,0.9997675614832598,0.0011967315289887,0.0271245850572161,9.768863393004915,-0.0057420727670627,0.0007072685005626,-0.0078732264231609,9.138788010819638,3.734510466149656,2.0976750418363075,1106.0048906361646,1096.7584832078446,1103.5021030113423,1119.7667301957276,-153.07137932209395,-234.78863890758,105.07667541237886,165.32120242483444,158.3686408574099
47.7675,-0.2929345413280716,-0.566315432688516,-0.5673475192841735,-0.0178375841653848,-0.0001326750352837,-0.0011656425561738,0.0031536546730442,0.0008738084790457,0.0213190532984791,0.9997669276273068,0.0029075858156822,0.0239263381832667,9.770730160549354,-0.0056918832131036,0.0007595268402279,-0.007901484968721,9.138768950838584,3.734511033990735,2.0976500404075087,1105.4802742184215,1096.3056072798279,1103.58808074794,1119.8302417477123,-296.17949973215525,-129.06518679845013,-48.071766093083134,-115.54819345754822,158.36639892943816
47.77,-0.0685773130844705,-0.6411924721642602,-0.6238671560434843,-0.0193620232011074,-0.0005985368588724,-0.0030547151506115,0.0031069696596782,0.0008999908795356,0.0213483301260669,0.9997664197671589,0.0047690130437084,0.0208818309714923,9.772305750671123,-0.005624776742687,0.0008024519641178,-0.0079221970120182,9.138751315795519,3.734512397445117,2.097628265770387,1104.523993137503,1096.113157273852,1103.2617441808768,1119.1889892284396,-387.1063958904253,-24.154163698527928,-183.49364088676043,-325.2327910078903,158.36369172774803
47.7725,0.1336717325867395,-0.7476806587015055,-0.6221841813389302,-0.0199558244703133,-0.0015582345321897,-0.0053731017867932,0.0030889981421976,0.0009107711060213,0.0213602822466958,0.9997662223638584,0.0067848818948731,0.0181508684102462,9.773589881177031,-0.0055437797134395,0.0008338550389026,-0.0079407862921754,9.138735100735872,3.734515245879511,2.0976096431043114,1103.5447422389686,1096.1848364613352,1102.6706125435055,1118.2040777926723,-393.67697167785417,45.99202856229203,-282.3300195083287,-443.2799156224912,158.36142443210124
47.775,0.3416487238839719,-0.8745048903558478,-0.5480473365106566,-0.0195276042500322,-0.0034055753201785,-0.0081098683388627,0.0030947561597091,0.0009105923401931,0.0213535033586047,0.9997663736677762,0.0088269075688955,0.0156778491040569,9.77459514021842,-0.0054522205672229,0.0008519421309709,-0.0079628170661741,9.138720066185703,3.734519792793479,2.0975934872390942,1102.5556082791156,1096.3431174166633,1101.8500940833364,1116.9725896503292,-390.1572900982778,44.302846500500046,-382.18125584856807,-548.9261501113026,158.3591483518972
47.7775,0.5775940180839922,-1.0126775279469344,-0.3728162363820988,-0.017840626891448,-0.006690971256008,-0.0108100525625036,0.0031183087659979,0.0008993491214235,0.0213296900545393,0.999766851512102,0.0108629763298123,0.0133908491710017,9.775345040452356,-0.0053537398284311,0.0008553084417114,-0.0079934352992328,9.138706206151063,3.734525488434615,2.0975793617828646,1101.5939557884763,1096.4063506938376,1100.759706264262,1115.4594470421143,-285.093628146196,-29.500502262802367,-393.9495633140526,-532.287043162342,158.35640956911232
47.78,0.7491168230072808,-1.091585152051121,-0.1706043991576235,-0.0155826286111495,-0.0099545151339385,-0.0119762917295124,0.0031460910944918,0.0008734840956655,0.0212951584426667,0.9997675596431465,0.0129335715847994,0.0110703573416206,9.775873294176332,-0.0052521031487009,0.0008432480976674,-0.0080370166007063,9.138694034339087,3.734531261290776,2.097566469995728,1101.130140138384,1096.1956149053492,1099.8803462667652,1114.311154434516,-92.620453424836,-166.99322787450637,-322.91493337258805,-416.955769660778,158.35412239559778
47.7825,0.8866334955240033,-1.1141335187379975,0.0575448790481244,-0.0128792007485055,-0.0130826593208903,-0.012009576839929,0.003170448163327,0.0008310270507612,0.0212552144870953,0.9997684049663456,0.0150587381492389,0.0086149300566158,9.776220290317424,-0.0051509397375948,0.000815561311245,-0.0080969675023657,9.138684296705351,3.7345366844514007,2.09755505316051,1101.1308535213525,1095.571384554466,1099.1451315974005,1113.3746681938123,81.82525074185283,-327.893236666128,-259.34066709565207,-337.1853444347474,158.35183117254627
47.785,0.9989670355968568,-1.083998408281352,0.2799803543318685,-0.0104595163124622,-0.0160124209944093,-0.011301555160877,0.0031877195596926,0.0007766219649692,0.0212131038681371,0.9997693221108044,0.0171386360661933,0.0060046761801064,9.776431019761674,-0.0050533902471671,0.0007725585009208,-0.008175529262883,9.13867687371706,3.73454177197848,2.097545417959483,1101.5392663920932,1094.5561487220175,1098.5836429312862,1112.6252277123415,251.2553455609201,-494.7329636627471,-177.65891512585773,-262.7367190497827,158.34953684238667
47.7875,1.09126176176673,-0.9893011725890236,0.4657195516606771,-0.0087283001832987,-0.0187371393201802,-0.0097579728863259,0.0031947613054228,0.000719350750011,0.0211741954754842,0.9997701982035488,0.0189940230856718,0.0032309861129916,9.776552717552768,-0.0049618276790261,0.0007151072453812,-0.0082734821275622,9.13867052860824,3.734546241096624,2.097536581858374,1102.3871302491575,1093.097719736151,1098.2568370217707,1112.0609845985628,445.0274765390032,-713.5984601941924,-91.14289897346784,-221.8962370077151,158.3472384870162
47.79,1.1854195534393794,-0.8050647261997558,0.6175940968754406,-0.0064758170593332,-0.0215413654371524,-0.0069531173960256,0.0031929273370827,0.0006687928757521,0.0211424628864164,0.9997709371011584,0.0204437024089779,0.0003716436199559,9.776631488148094,-0.0048777171932106,0.0006444556789367,-0.0083898998800238,9.138663971430791,3.7345493896084183,2.0975269178368925,1103.7644037747864,1090.98815642105,1098.127928436419,1111.515746527304,537.3675772478216,-796.7457750943613,-7.496530706244615,-189.8358653500447,158.3444747186066
47.7925,1.2435349318622624,-0.5987328386332345,0.675999819736627,-0.0039362525633505,-0.023458807967507,-0.0044123710481701,0.0031866970151775,0.0006278970942074,0.0211204280577599,0.9997714691487825,0.0214420263404937,-0.0024399599306402,9.77670935983808,-0.0048016927926493,0.000562117534498,-0.0085220533636287,9.138657114716434,3.734550546041688,2.097514490099792,1105.0739681353982,1089.1139908606772,1098.2193543682395,1111.111805271812,526.3680819950457,-720.6275415418028,73.82188477887073,-161.47489963101103,158.34216548980666
47.795,1.2628078328743655,-0.3480824846266801,0.6700606472564204,-0.0006662635348122,-0.0247972941713436,-0.0023688066855766,0.0031818464334106,0.00059736126016,0.0211090882812144,0.99977175663953,0.0219911733350926,-0.0050495917301825,9.776821851955942,-0.0047335593657206,0.000469675948088,-0.0086656803309317,9.138649479051097,3.7345497419681584,2.097498216045017,1106.3962441847627,1087.3850187133392,1098.4970378603139,1110.7083720291484,560.6136275881096,-667.0533573168696,165.4588830351399,-181.47846436666572,158.33984798411302
47.7975,1.219734624484126,-0.0128418333806757,0.610951976776112,0.0038326659655221,-0.0253315346489702,-0.0006687143544271,0.0031853434861229,0.0005757166517266,0.0211056420647782,0.9997718395678488,0.0221381628135711,-0.007284767859836,9.776995869467918,-0.004672427604319,0.0003685100545834,-0.0088154305609562,9.138640419249802,3.734548128036717,2.0974775848682645,1107.8770362733362,1085.7787240740959,1099.0466487834144,1110.2044129499795,518.891900531442,-477.1743437569344,240.7056686394886,-184.38727662582667,158.3370551952264
47.8,1.12065943710134,0.2813569030575446,0.536919705292599,0.0075082512801527,-0.024811469034997,0.0002581608051893,0.003198675586514,0.0005556380381239,0.0211066734346463,0.9997717895035036,0.0220431864766178,-0.0090873399568329,9.777248648787928,-0.0046169829623427,0.0002597840251153,-0.0089654049932342,9.138629397978816,3.7345469371237026,2.0974521084483295,1108.9907036874215,1084.9991469945533,1099.700566203512,1109.7864356460188,425.25591891281766,-175.7280864937467,304.68889804099365,-154.43212471951767,158.33471664809977
47.8025,0.9603278080015476,0.5763248150806684,0.4544263528010324,0.0104354150662692,-0.0235243737839343,0.0009492538293664,0.0032247322812618,0.0005294771647436,0.0211093102446622,0.9997716620184997,0.0218733951501906,-0.0103770918828685,9.77758681021732,-0.0045656778147179,0.0001443488104628,-0.009109859553656,9.138616261759967,3.73454688328052,2.0974225387721,1110.0033158679012,1084.9000836416267,1100.57009327362,1109.4322523263816,436.7121800373176,107.80902436950583,425.1355896350789,-120.63838348101002,158.33236504455388
47.805,0.7160117970725649,0.9190619120168584,0.355867099810139,0.0127364466857829,-0.0214250989684055,0.0017858761378234,0.0032603334762449,0.0004951023510198,0.0211127305869797,0.999771484865998,0.0216850525595721,-0.0111957650231266,9.778007279256489,-0.0045169425807311,2.3039380445308246e-05,-0.0092438652807071,9.1386014882848,3.734547406585365,2.0973908906779486,1111.174264587606,1085.5381921164003,1101.8262441516852,1109.1832437286143,432.0754602417828,338.4456100277108,480.1891124789834,-47.71895768892424,158.32952674606787
47.8075,0.4854586081672461,1.187889675691696,0.276243059072148,0.0138898756746312,-0.0192197728949874,0.0025805212501832,0.0032975369706405,0.0004529449821537,0.0211161211127056,0.9997713000655472,0.0214815396699842,-0.0116829220115627,9.778498155683623,-0.0044695312279805,-0.0001031841828411,-0.0093637113772936,9.13858578426918,3.734548271637416,2.097358029993526,1112.1636931691114,1086.592311691766,1102.9710388360163,1109.1936575379368,402.64434702846614,490.6811877363216,447.5025660773538,59.41472481605759,158.3271471606367
47.81,0.242907248885949,1.4278572947381671,0.199802771317229,0.0143893048907276,-0.0163523053629664,0.0033508780881616,0.0033322735526127,0.0004053505523105,0.0211202828136919,0.9997711032311792,0.021229627447919,-0.0119076909053043,9.77903990678949,-0.0044227393241656,-0.000233253279467,-0.0094671189745015,9.138570485079981,3.734549155424952,2.097324884302275,1113.1874863227495,1087.9915980550832,1104.0637569820733,1109.4803173526948,409.2230165707035,583.9891341767125,400.6239585329246,159.3194874194153,158.32475216668269
47.8125,-0.0017116587588809,1.6319090213034195,0.1278325757065484,0.0142954687731342,-0.0128459141228129,0.0038406868780098,0.0033655435512968,0.0003589318292188,0.0211265377196078,0.9997708614145312,0.0208141993601318,-0.0118445481136454,9.779607541619152,-0.0043764099384469,-0.0003659534416938,-0.0095533226183562,9.138556946923416,3.7345498320668975,2.097292538500354,1114.209808251963,1089.512257362647,1104.974158628679,1109.9902549750332,390.3443955606148,601.5404637813857,289.1973506344486,243.96226391231167,158.32234423039748
47.815,-0.2450469990464539,1.775245207918854,0.0656386877703868,0.0136646792491424,-0.008554607822681,0.0038470770640504,0.0034004755425816,0.0003225266963508,0.0211351254011645,0.9997705590352348,0.0200773378211413,-0.0114317596191451,9.780173096349948,-0.0043308358320448,-0.0004998510572162,-0.009622960370007,9.138545245604968,3.7345504181507194,2.0972623768767944,1115.1392083005508,1090.9993003739871,1105.5097437352442,1110.7001286722552,355.0812140744713,611.8425038442691,123.8269268759544,327.50312540853497,158.31992069012142
47.8175,-0.5375248056805261,1.855855672310352,0.0064012285735354,0.0127294673382038,-0.0028012350974966,0.0034871137611541,0.0034405312039088,0.0003033271542329,0.0211438772976437,0.999770231089141,0.0188936923163619,-0.0106081197634812,9.78070798576899,-0.0042865912281222,-0.0006332475286684,-0.0096777733934839,9.138535156811455,3.7345508894312625,2.097235380903942,1115.9852143223363,1092.57146988187,1105.5932932630592,1111.6277706020767,241.36533582333345,525.9339378852056,-64.93579200379233,325.7610573701338,158.3169941881467
47.82,-0.7841307180599376,1.8361386625212643,-0.0313706133791272,0.0115675996810582,0.0021611557987968,0.0030538120626461,0.0034818111369629,0.0002995604525982,0.021150878074107,0.999769931835532,0.0173107960605926,-0.0094664970603265,9.781185542967732,-0.0042444325427507,-0.0007639831146496,-0.0097201384363821,9.138526167697101,3.734550728332696,2.0972109342525784,1116.346034979668,1093.6289700634147,1105.185064775225,1112.3289339591067,52.533068689128896,363.8298280094785,-244.7138643889,237.08292948075456,158.31453968001514
47.8225,-1.032054466689562,1.7219485572427544,-0.0651422154607599,0.0097813611727131,0.0071302975979681,0.0027806265185286,0.0035207568723432,0.000305558935263,0.0211559550824543,0.99976968014284,0.0154534278699991,-0.0081009181989038,9.781582703320188,-0.0042050329039393,-0.0008895938603419,-0.0097526668558124,9.138516930495289,3.734549319286784,2.0971880007266934,1116.2478796657815,1094.3906190219157,1104.3697239411158,1112.8131852494791,-155.194021025193,270.7925970172234,-410.6722562998302,145.12027073130264,158.31206767699297
47.825,-1.3207144719413155,1.4843687969485695,-0.1161400241973157,0.0073168766136294,0.0126231802577328,0.0029043477913679,0.0035537442455344,0.0003174318999729,0.0211592950614965,0.9997694889019187,0.0134127752983415,-0.0066116304084141,9.781881765006148,-0.0041688354564211,-0.0010074175321626,-0.0097779287984338,9.138506281078959,3.734546019124695,2.0971651565331966,1115.5700648745417,1094.9829330485015,1103.131703493725,1113.0545353127636,-333.8644767653588,172.07948012556082,-457.346769098506,33.99373071695743,158.3090791206537
47.8275,-1.5381280690158532,1.2193810558608476,-0.1771954536965251,0.0048596965045147,0.0162865732001504,0.0032788939978335,0.0035743201595692,0.000331059154866,0.0211638992764958,0.9997693194586996,0.0112847364597161,-0.0051592176942613,9.782071776546072,-0.0041362281831876,-0.0011147107188749,-0.0097983102263356,9.138494629063766,3.734540145450554,2.097140752410985,1114.578557281954,1095.251016422544,1102.082990095622,1112.9831539030642,-465.2371399492633,73.35727515276025,-371.9438571846894,-62.04678423215414,158.3065684001911
47.83,-1.6987955900456384,0.91442330363501,-0.2605992458462687,0.0011538432309642,0.0186102688203029,0.0034350723478731,0.0035843645258217,0.0003433843088422,0.0211677246799021,0.9997692065250996,0.0091494027877559,-0.0037445420796331,9.782148592042097,-0.0041076962130525,-0.0012092195070787,-0.0098160783936348,9.138482913270977,3.7345318699886927,2.097114894248277,1113.2438791747975,1095.349719424265,1101.2719842078031,1112.7443013916031,-638.4452213725043,18.38827920400004,-249.5983997500476,-95.74210578252509,158.30403405888867
47.8325,-1.7767494092310456,0.5387231158828374,-0.3755051359624818,-0.0048170060104182,0.0198106789110712,0.002826123602667,0.0035840686474657,0.0003542557513283,0.021169425408381,0.9997691765387746,0.0070309971654257,-0.0024027360236157,9.782116019372522,-0.00408390047129,-0.0012892598352676,-0.0098335970440402,9.138471650644854,3.7345221153560018,2.0970892223270527,1111.38633117509,1095.342957818564,1100.8349980968712,1112.5044433741512,-704.6571717585754,-15.34272623465892,-46.81042528402365,-40.82138310507347,158.30096198073787
47.835,-1.714732141912634,0.237521598370435,-0.4690950653392575,-0.0104005005733275,0.0199518543018879,0.0018049332897814,0.0035691178665614,0.0003660755012221,0.0211716711029797,0.9997691863809284,0.0049036636604972,-0.0012568280945538,9.781986193667613,-0.0040656885678444,-0.0013538957322266,-0.0098534074929674,9.138461568513074,3.7345115567988505,2.0970649527564316,1109.7205933160028,1095.2730057930917,1101.037932081383,1112.5401944760777,-672.3595152636084,-35.13570011490186,200.02188584021496,98.60523671181782,158.29837333712777
47.8375,-1.5023346061819711,-0.0405292109563535,-0.5413482519814813,-0.015860774552127,0.0197749071935973,0.0004875383657344,0.0035405442327553,0.0003821426318803,0.0211743322144592,0.9997692329823006,0.0027278497909982,-0.0003239175306021,9.781778624308496,-0.0040540073226308,-0.0014033428710065,-0.0098780698057267,9.138452949547924,3.7345008168606633,2.0970425918068374,1108.0245335987747,1095.1672793179896,1101.8351075260712,1112.99746955771,-672.7299114538905,-46.02727988074013,393.8183503019704,261.2849983402639,158.29575175315247
47.84,-1.1702121265262166,-0.2991035511240593,-0.5823605332626952,-0.0206955980846765,0.0193520488423591,-0.0010658168957794,0.0035040146958741,0.0004019695827151,0.0211744237835207,0.999769358394094,0.0005413689498583,0.0004706536668694,9.781519757796593,-0.0040498128962005,-0.0014390080219302,-0.0099098770944295,9.138445281386408,3.7344907850590174,2.0970218514381878,1106.3569437587316,1095.0428693936879,1103.0070238328935,1113.8466194677796,-648.8891928390194,-54.027313819524,504.6547595968296,418.4462565260352,158.29310070782137
47.8425,-0.7242512409259435,-0.5371850780714656,-0.5718520819703586,-0.0241186607211403,0.0184513181609264,-0.0029470008706998,0.0034661704255618,0.0004273415537448,0.0211719996646315,0.999769537504466,-0.0016609507745881,0.0012258398600251,9.781242372015182,-0.0040537953633431,-0.0014633141370566,-0.0099506388040743,9.138437670938233,3.734482338759423,2.097002619156119,1104.780087634578,1094.8971427488918,1104.3583813240568,1115.0897008403413,-658.1994261190705,-70.92685980271283,549.527364933146,590.9929113181905,158.2904119480062
47.845,-0.1236196555140698,-0.8020553205897198,-0.4892039875882609,-0.0258978502253397,0.01670166206303,-0.005441668979706,0.0034339159579332,0.0004561132468518,0.0211680992696893,0.9997697260959192,-0.0038067814833128,0.0020497785377264,9.780984623352381,-0.0040664116780259,-0.0014795172396858,-0.0100013863970946,9.138429643307699,3.734475805033477,2.0969840436087805,1103.0659466281393,1094.6882350946746,1105.7546606575568,1116.801584024368,-588.0354095581599,-84.88816574013276,415.0408266697164,619.7040469767684,158.28713954125124
47.8475,0.3714954445919893,-1.0056547933627522,-0.3635480302266239,-0.0249765511048805,0.0147930276421672,-0.0072878450358451,0.0034091140731475,0.0004805892501653,0.0211611186973072,0.9997699538192172,-0.0057175624490205,0.002956244938376,9.780789303241487,-0.0040879048397121,-0.001491345443297,-0.0100622141130945,9.138421650916168,3.7344720767582658,2.096964509060044,1101.839910586786,1094.4727019201907,1106.4335854574065,1118.1882210752267,-436.9604356999427,-99.09096147434344,123.79493057435899,494.2327710171157,158.284373009371
47.85,0.7915168959893547,-1.1885981168424316,-0.1943473305210772,-0.0214868052526426,0.0126970414309434,-0.0083133065337434,0.0033905702306641,0.000497789888378,0.0211515602436761,0.999770214262666,-0.0073091174021909,0.0039082259944585,9.780701998821128,-0.0041181226532513,-0.0015026250157209,-0.0101323692205343,9.138413286771977,3.7344716520161407,2.096942603992168,1100.8811444496384,1094.1927802873026,1106.373635310429,1119.2727478794548,-350.6929675129874,-143.25454194567396,-205.5306945721036,364.3246591153132,158.28156439982132
47.8525,1.1570888434649647,-1.3728575535458825,0.0287317598168269,-0.0157789320544412,0.0094997096609349,-0.0086385249415026,0.0033741819669024,0.0005065400104189,0.021142973569168,0.99977044733471,-0.0085353861202889,0.0048195725896759,9.780769675485459,-0.0041565941394118,-0.001516816557855,-0.0102104516334279,9.138403637108071,3.7344733614888215,2.0969179325573646,1100.0864457492223,1093.7564292104632,1105.405931984547,1120.0098443708016,-228.04190672229356,-179.1811190155833,-476.0294277292653,163.97965512079077,158.27814482265427
47.855,1.3403027797242935,-1.4820131950232127,0.2060714841223984,-0.0113511563166031,0.0057731852897569,-0.0079953057797661,0.0033526348420986,0.0005072773666066,0.0211402506226596,0.99977057433531,-0.0093856179279255,0.0055482747075202,9.78103938362732,-0.0042026240620031,-0.0015366118533204,-0.010294777827102,9.138392574558717,3.734475788748069,2.096890072077656,1099.7409349160264,1093.2968746922243,1103.9934881717816,1120.0926461550591,-69.99876835071575,-202.8265216155304,-623.9228974883181,-66.76997750042796,158.2752541192302
47.8575,1.422827330734446,-1.5266151201762255,0.3470770873454323,-0.0081917126195443,0.0012965498440408,-0.0062807842922127,0.0033263814119266,0.0004997970497508,0.0211447507476704,0.99977056431323,-0.0098366516113402,0.0061089463577493,9.781556159181097,-0.0042554781660975,-0.0015639593091344,-0.0103837477678064,9.138381975472189,3.734478192192872,2.096859863337332,1099.7364519074688,1092.742296602385,1102.2863174971037,1119.6759944832993,77.60347111395969,-258.09285725318483,-721.1777896385422,-261.4714710386684,158.27232129049278
47.86,1.4485761443821528,-1.4967650396832064,0.457453809224796,-0.0054874709106654,-0.0040620173144852,-0.0038857189509445,0.0033002803659033,0.0004864175947756,0.0211568393549227,0.9997703921406824,-0.0099169558609429,0.0066069721831876,9.782362195566234,-0.0043143537850967,-0.0015999046538836,-0.0104762518986251,9.138373442987204,3.734480299399338,2.096829173630623,1100.1289522715958,1092.0064104059595,1100.387599223592,1118.7852887998667,208.9835287299433,-271.03908138560433,-603.788325320293,-356.32945432498633,158.26875442402607
47.8625,1.4310191334248488,-1.4081979940712668,0.5027107565403282,-0.0034239520567065,-0.0079111949845144,-0.0022180788702135,0.0032783411884673,0.0004753131167827,0.0211767445557599,0.9997700362622058,-0.0097747290808971,0.0071354717645924,9.783496343981016,-0.0043781221234907,-0.0016444994506351,-0.0105718842917637,9.138366384266224,3.7344814999782896,2.0968003420040464,1100.781369551119,1091.3871011954564,1099.2673758705007,1117.8943472116734,323.3501247413352,-231.90284726935676,-294.9455553018961,-347.70997606165514,158.26574382038046
47.865,1.3777380472197684,-1.2705965700516697,0.5152265101730461,-0.000657163501606,-0.0105693668453107,-0.0011136321309404,0.003265556776355,0.0004756740271152,0.0212010506302718,0.9997695492579328,-0.0095833721689313,0.0078073637591654,9.784993304288145,-0.0044451568428996,-0.0016969581991906,-0.010670755167448,9.138359539693646,3.734481493329023,2.0967750214934084,1101.745702895303,1090.846896169612,1098.912871447082,1117.0467389195578,429.7178989252004,-188.70068628633695,3.058935302172412,-311.6806316764375,158.26269570043175
47.8675,1.285548767135362,-1.1047775634227472,0.5154353676426776,0.002794192625331,-0.0125597953193572,-0.0003966242722841,0.0032610087410814,0.0004919263368615,0.0212247329942029,0.999769038976617,-0.0094318702568254,0.0086165407152247,9.786883595064696,-0.0045133176925043,-0.0017556368302894,-0.0107730420344483,9.1383516625838,3.734480125912032,2.096752829282459,1102.929959045743,1090.4435977640255,1099.2826705470115,1116.3359440532927,512.1724827814086,-113.64533218091861,312.2244067586274,-244.0301814005695,158.2596184916014
47.87,1.1326800462769062,-0.909839655543712,0.5140516221377455,0.0064992679677138,-0.0146140451509702,9.351172989428928e-05,0.0032625830020448,0.0005216386066135,0.0212449738659684,0.9997685739486396,-0.0092821678768739,0.0095279044505807,9.78919210321067,-0.0045800640050705,-0.0018182624040754,-0.0108784326575297,9.138341257077215,3.7344775715117984,2.0967324683556794,1104.3065653092117,1090.2786695087073,1100.4739934808758,1115.8265880125543,626.3490639740645,-9.037372748020895,667.0683187944403,-190.23992771444043,158.25650916906105
47.8725,0.8726949551057867,-0.6375449743378782,0.5151499649389226,0.0103114155640421,-0.0171778050997607,0.0007905152277557,0.0032669576916306,0.0005585935566623,0.0212576122920902,0.9997682580779732,-0.0090294985809257,0.0104771632906619,9.791936754893134,-0.0046426338178279,-0.0018821271258535,-0.0109857352631587,9.138327744650356,3.734473624275552,2.096712457279552,1106.061704365615,1090.3984109002852,1102.6180121409855,1115.38474441472,642.1053246634002,91.56624926230648,855.1576341388273,-153.81656826003,158.25274535089778
47.875,0.5989099166755154,-0.3750057189199915,0.5119478827354716,0.0125543292560865,-0.018928334997363,0.0017164640433482,0.0032669857986766,0.0005909716517247,0.0212626383875123,0.9997681216567602,-0.0084674289196538,0.0113181911541476,9.795127592796728,-0.0046984905132394,-0.001944144830827,-0.0110926604249536,9.138312717739913,3.734467729129395,2.0966913698297045,1107.5170919325255,1090.7365007550184,1104.749781651566,1115.057505171255,560.6232476383508,164.8259302701852,859.4109639773792,-147.09886570417174,158.2495852637652
47.8775,0.2841940084072113,-0.0778850856210733,0.4889419387760193,0.0139865621378925,-0.0199499481366709,0.0031958107836034,0.003259469587666,0.0006096320841982,0.0212612035990309,0.9997681576650438,-0.0074462470378428,0.0119782731765342,9.798764459540688,-0.0047454657494795,-0.0020012637906543,-0.0111958804805885,9.138297105970839,3.734460335380344,2.096667710970795,1108.8648206038042,1091.2225405516356,1106.9150669608684,1114.6492500861996,551.2594562070169,216.54152461904067,895.5099268605829,-213.26415868782533,158.24640481133753
47.88,-0.1101979942025145,0.3050871592786786,0.4204312921954916,0.0147269014865132,-0.0201598386471472,0.0055237508683768,0.0032420151066099,0.0006140340868139,0.0212577018420178,0.9997682827736442,-0.0059894684273589,0.0123992368093804,9.802836149612183,-0.0047818001413987,-0.0020506104233091,-0.0112913329438162,9.138281166094835,3.7344517616669326,2.096640728225388,1110.2733892135623,1091.819208378114,1109.2273312858713,1113.9911843778152,474.7015359973675,200.88118233528527,768.1687010734257,-265.7573786429116,158.2425687269713
47.8825,-0.4246205191688277,0.6296452924501938,0.3241649270353743,0.0141798456933943,-0.0193776971151869,0.0074807811259213,0.0032095834607683,0.0006099130826079,0.0212596239484558,0.999768350245814,-0.0042489900105954,0.0124694477444448,9.807320393864728,-0.0048062566131688,-0.00208961310685,-0.0113746144884504,9.138265139543137,3.734441348485937,2.0966105771768317,1111.2383282837923,1092.2269464633123,1110.7559104662375,1113.3204631929843,340.5041367993731,132.17675336466726,512.9354030061339,-272.61882580080294,158.2393581007456
47.885,-0.6867391018211603,0.9338985105575716,0.1970578793924119,0.0123898327883567,-0.0174668764675924,0.0084962750605503,0.0031665164265594,0.0006017062028344,0.0212701709426155,0.999768272941334,-0.0023509328450969,0.0122573558297675,9.812182831617,-0.0048182854590672,-0.0021165610481816,-0.011441302105751,9.138249712751156,3.7344296008724087,2.0965782503325614,1111.9759098975576,1092.4800921449369,1111.7920083008996,1112.6280902488124,276.2335829569971,81.18188598069021,348.48688094203135,-270.4601815245477,158.23613530749995
47.8875,-0.9013051715487532,1.24259558488802,0.0353804606885072,0.0091604715455084,-0.0138600198574107,0.0082463689444449,0.0031214692916227,0.0005914384091265,0.0212931767611235,0.999767938900243,-0.0003744071419469,0.0119135262925604,9.817378075318468,-0.0048180092446551,-0.0021306673364383,-0.0114873316096553,9.138236511582448,3.7344173131779175,2.096544923387569,1112.619496198578,1092.632855893216,1112.4983448709484,1111.9681622853611,201.9745157771798,48.008359371918225,184.729776476248,-181.74365989557168,158.2322557494577
47.89,-0.9764491374455035,1.4317667885661012,-0.0883604038677525,0.005581199317886,-0.0100509673215317,0.0074218912142239,0.0030789555350669,0.000581996881824,0.0213307011448137,0.999767287562536,0.0015818897503251,0.0115078312086552,9.822851552839609,-0.0048059290778225,-0.0021320487708208,-0.0115092955745069,9.138225164411846,3.7344047531426554,2.0965110129242057,1112.985782476444,1092.7201339417963,1112.715657183281,1111.719371949334,120.00107325167846,57.96313950023247,32.45854939180614,-4.649135040658302,158.22901348587072
47.8925,-0.9374700580603273,1.5339104790880815,-0.1892257928013877,0.0015379901636598,-0.0059131669193368,0.0065804629754444,0.0030455481891077,0.0005780960517986,0.0213777052649514,0.99976640204966,0.003384188311952,0.0111533398633655,9.828540314336243,-0.0047826096653426,-0.0021219869105449,-0.0115045419651642,9.138214089304093,3.7343926627435464,2.0964768853309583,1113.2195015648358,1092.922671590717,1112.6606376179075,1111.9449166101579,77.25474491908838,125.628953417235,-51.43137252664116,182.57740069798027,158.2257620540508
47.895,-0.8181324231279241,1.559313122131804,-0.2707007125723923,-0.0017343108654251,-0.0016548879190776,0.0058642764507534,0.0030248470171301,0.0005804677985021,0.0214241295328171,0.9997654850340718,0.0049768737134666,0.0109068826153163,9.834375460069088,-0.004748668207298,-0.002102757394447,-0.0114712085208922,9.13820227933992,3.7343826493781527,2.096442034462448,1113.3720562010396,1093.348278708883,1112.458500320648,1112.6322589528245,46.31215204187716,247.62593890296623,-102.21077068508066,383.8613786627175,158.2225030275117
47.8975,-0.6407711379038376,1.4953550541197247,-0.3334444941351906,-0.0032275060657426,0.0023041379919851,0.0052623300205901,0.0030179859048269,0.0005888086329967,0.0214626465107703,0.9997646898953448,0.0063262974235839,0.0107816124226516,9.84028406496319,-0.0047047691713479,-0.0020773653807962,-0.0114083374871432,9.138188904622304,3.7343756617157657,2.0964059570424367,1113.4510623250453,1094.1608012852323,1112.1495837644818,1113.8642235034724,22.593951459314297,457.635796389202,-150.39606536679494,638.3359146631741,158.21923492347392
47.9,-0.4182682198483168,1.3277076326578117,-0.3931911997438488,-0.0033914191073401,0.006423062869292,0.0044506070234868,0.003017970795225,0.0006041229671384,0.0214930575033627,0.999764038496262,0.0073734426102275,0.0106374243776656,9.846191976588033,-0.0046517432220102,-0.0020490129188285,-0.0113160698350428,9.138174510995379,3.7343707450653927,2.096369630282892,1113.485025958336,1095.636457690827,1111.7065199938147,1115.8239385261375,6.414503119364228,614.9361315578553,-172.32037136136847,761.012442389594,158.2153035713093
47.9025,-0.2570588830541412,1.123845446135932,-0.4321904494145834,-0.0028907043839432,0.0093830367751928,0.0034544407806829,0.0030184245218753,0.0006253818230289,0.0215154705601868,0.9997635471447008,0.0081039180497372,0.0103520363421763,9.852025190750467,-0.0045908186076033,-0.0020209954548023,-0.0111956933051502,9.1381600076678,3.7343670772652966,2.0963343081198302,1113.483134840642,1097.2354819430232,1111.2879819076743,1117.6692857154223,-0.5666899258810019,686.7545821127021,-177.77373476583307,726.7066816697399,158.21202068989848
47.905,-0.1387873510583229,0.8676402918331154,-0.4609608662000395,-0.0024316547710024,0.011781408450139,0.0023285286093,0.0030194549946723,0.0006493996065115,0.0215305636802484,0.9997632030558076,0.0085537982819398,0.0099369101675742,9.857711387540538,-0.0045237071978903,-0.00199657996233,-0.0110495901098001,9.13814707374978,3.7343637467783175,2.0963014623264504,1113.4821925087067,1099.0702306013923,1110.817651319985,1119.457471934488,6.553665531015716,813.7006557093752,-216.5243207841436,710.7712192420976,158.2087330800317
47.9075,-0.0436287065832866,0.5167089918661305,-0.4854152538593416,-0.0022714362668262,0.0136785726818613,0.0011439037975993,0.0030236222430591,0.0006731706259295,0.0215389267581666,0.9997629905879916,0.0087625680190008,0.0094589075935299,9.863182266629998,-0.0044524475876111,-0.0019788032110851,-0.0108810529725782,9.138136657785616,3.734360253267893,2.09627238189347,1113.5159031682972,1101.3039852215663,1110.2053603037548,1121.2231418116296,18.882995750199715,786.954429581608,-226.71634052705707,549.2841113301811,158.20478611987537
47.91,0.0076578879531545,0.2001901546111298,-0.4980356825951248,-0.0024344051093016,0.0143747135224533,0.0002900925159914,0.0030353884911634,0.0006958260030638,0.0215406739611978,0.9997628988975568,0.0087346747979427,0.0090298042395338,9.86837515621121,-0.0043791001255559,-0.0019704466391253,-0.0106938926354176,9.13812778539701,3.7343571087163454,2.096247104826543,1113.5766074874575,1103.0050027493023,1109.6840696173492,1122.2038924911403,23.071419132508726,607.0289130878414,-199.66170811443376,271.7272312747783,158.20149878437476
47.9125,0.0447906330949697,-0.1290528291293444,-0.4995066631657348,-0.0026348183482304,0.0144366183586529,-0.0005960560028276,0.0030627847509858,0.0007156279135133,0.0215309084198396,0.9997630119963083,0.0084994985140701,0.0088370544990112,9.873233929245567,-0.0043055365622724,-0.0019740927917654,-0.010491897098425,9.138119050542295,3.734354786606072,2.0962253946702143,1113.6312602639598,1104.339129787007,1109.207051763182,1122.581777968004,2.002709337741183,469.2342619165349,-184.97356020842287,39.09159613903201,158.1982180830398
47.915,0.0862568100371246,-0.5264644779276751,-0.4783358897790037,-0.002792423682039,0.0138904585424154,-0.0019424906217169,0.0031046354668385,0.0007261925534629,0.0215052002347694,0.9997634305156412,0.0081808011665658,0.0088885498786843,9.877710875588493,-0.0042334244228816,-0.0019917178363511,-0.0102783755022604,9.138109451604095,3.7343537299297895,2.0962052886018916,1113.5866210341464,1105.3511740588829,1108.759201816308,1122.3993504718353,-53.975929018333446,261.4121198552793,-134.76847924769044,-144.17823043715444,158.19429533787036
47.9175,0.1239982426547955,-0.8481045079706995,-0.4317739530419104,-0.002807382236815,0.0126248040537641,-0.0034005076494712,0.0031560374164348,0.0007249613811557,0.0214653653890933,0.9997641291535788,0.0078319151755736,0.00912229122043,9.881766285345375,-0.004164134660162,-0.0020246124261149,-0.01005590088694,9.138098699769916,3.734354176767988,2.0961852527582256,1113.361380618868,1105.6461903862844,1108.5332093669433,1121.860886815818,-149.94159011781963,6.37086534724987,-55.39478479446993,-247.9771708815956,158.1910429671029
47.92,0.1673742187639167,-1.140553605707335,-0.3461936803998895,-0.0023874300688421,0.0103282406716633,-0.0050694912810329,0.0032107258549205,0.0007130391664032,0.0214180599512692,0.9997649811177024,0.0074394282914527,0.0094510816677971,9.885368063102156,-0.0040989130984287,-0.0020732344481536,-0.0098262451308678,9.138086836765217,3.734355740660989,2.0961638050513054,1112.8369130835567,1105.3830283856191,1108.4822278923355,1121.1594646174267,-268.0223177396947,-185.84415779149444,6.0751735266477,-271.16735681467725,158.18781324537792
47.9225,0.2157089525909962,-1.3914610894213286,-0.2282259149185092,-0.0015463036261571,0.0072744961731083,-0.0065025854435854,0.0032631612897433,0.0006893448668761,0.0213710771607595,0.999765836567467,0.0070390819167859,0.0097993088446976,9.88849121826276,-0.0040391642675479,-0.0021370749379284,-0.0095905084636016,9.13807523718093,3.7343575381945064,2.0961399720446567,1112.0212690301707,1104.7169695973275,1108.5635852345763,1120.505050031746,-392.31141709254126,-340.99065745522984,54.37941930424078,-217.0355512671703,158.18460606604938
47.925,0.2737402200825121,-1.5709312830467572,-0.0822024721557908,-0.0007338832438755,0.0034328166559055,-0.007139554015476,0.0033090554768625,0.0006553470626635,0.021331180074133,0.999766564306224,0.0066218585314815,0.0101133781471495,9.891117418257062,-0.0039864158932447,-0.0022145679722276,-0.0093495124998034,9.138065716098295,3.734358753448809,2.096114691849076,1110.8753559980933,1103.678075098342,1108.7541249888568,1120.0742868610903,-551.0214731013002,-510.2054248241648,90.30563621686197,-119.90412432213138,158.1814302685237
47.9275,0.3651547109476044,-1.679816254938574,0.1019298277920743,-0.0002631751105268,-0.0018510725781543,-0.006983566725946,0.0033443217013939,0.0006147497026561,0.0213021964978887,0.9997670960119136,0.0061390214251805,0.0103389229715325,9.893234739554558,-0.003942186200348,-0.0023030925330442,-0.0091041622456197,9.138058002309117,3.734358601196986,2.0960893358695607,1109.2661616646628,1102.1659424732056,1109.015113415661,1119.9055294101347,-589.4608815437455,-574.7223711159447,86.77710118348547,-12.496265509810195,158.17766058627552
47.93,0.466116316137996,-1.670025646840692,0.2444189872682086,-0.0001123605242952,-0.0064839055196745,-0.0062344811654161,0.003368228546112,0.0005756407687732,0.0212875213486316,0.9997673602985891,0.0054602530712557,0.0104824101075964,9.894837020169517,-0.0039077237066996,-0.0023991418754292,-0.0088556519546916,9.138051107976787,3.7343562426170234,2.096065350606749,1107.9280515903772,1100.8044632427648,1109.1880104947738,1120.0118055335413,-472.14398582526377,-539.9850882200064,47.216257558669376,62.17744571860296,158.174556925695
47.9325,0.5906833607605846,-1.5514477843442187,0.3575486525447815,0.0001711313058318,-0.0110042226178867,-0.0049881077010113,0.0033836825022148,0.0005470053341767,0.0212853972523147,0.9997673813818164,0.0044416829402191,0.010614055303441,9.895923569858637,-0.0038838776777447,-0.0024986055827236,-0.0086054243530027,9.138044887490404,3.734351004375612,2.096044193429848,1106.9054417355353,1099.4660170321042,1109.2511947034543,1120.216416638728,-302.75502667089285,-561.2485954413697,-1.8116173922398784,67.14626332487772,158.17149609224083
47.935,0.7459453008917672,-1.2920286293403496,0.4476656973699508,0.001124833720309,-0.0157177723889205,-0.0031772787119662,0.0033939963663133,0.0005280217677001,0.0212884344746935,0.9997673033098452,0.0031353837904514,0.0107985732215404,9.8964993596114,-0.0038711779492449,-0.0025970531644343,-0.0083549039197142,9.138038786946026,3.734343131882236,2.096024688914483,1106.414276457022,1097.9982202655567,1109.1789524078126,1120.3475368501659,-16.650074550231373,-505.67665488684327,-46.27771277941636,4.071325152612254,158.16787647842727
47.9375,0.8518579587688146,-0.99305944974323,0.4836787170751982,0.0027339967664743,-0.0186207041907589,-0.0017030605284232,0.0034020995300178,0.0005169206082658,0.0212907630180283,0.9997672408723844,0.0016129974817512,0.0110830336941026,9.896574822415108,-0.0038696708549782,-0.0026900495952341,-0.0081053454789246,9.138032107726513,3.734332799037108,2.0960059632174124,1106.8221913627842,1096.9376337576723,1109.0198061395577,1120.2367732644911,350.79317635727494,-386.8284619121703,-71.06935280578097,-98.65033579535398,158.16490737249293
47.94,0.8906651161030347,-0.6313125931197355,0.4854918298607248,0.0053908380623662,-0.0204045455258277,-0.0004662001022282,0.003408643700148,0.0005119839293917,0.0212918280170906,0.9997672042367088,-5.581911737559224e-05,0.0114602908593042,9.896165798270783,-0.0038789718434026,-0.0027734604672443,-0.0078577486840643,9.138024997064722,3.7343198993424775,2.0959875462315796,1108.1682423388067,1096.0640779559976,1108.823605643784,1119.8542851711895,782.2631341740451,-342.03453390728794,-75.82930994431747,-213.54031335461505,158.1619906780984
47.9425,0.8132584928302784,-0.151748644449468,0.4601943471728884,0.0095388370249316,-0.0214609237922325,0.000787258254056,0.003409176414288,0.0005098351737576,0.0212938006431542,0.9997671629058468,-0.0017719075610321,0.0118134888504168,9.895293645160992,-0.0038983634742907,-0.002843782778646,-0.0076128760131902,9.138017812646584,3.734304966716452,2.09596831436198,1110.7335070336565,1095.2274610881348,1108.6406595898359,1119.1690716977175,1049.4898831462795,-271.85628832380377,-45.51413675528637,-264.11025214051864,158.15855532989983
47.945,0.6255449898531925,0.267299852307496,0.424954245870994,0.0131916346887166,-0.0215506083363727,0.0017190150600371,0.0034026513166568,0.0005097951415958,0.0212970766492605,0.999767111736448,-0.0034903539765416,0.0120879442634656,9.893984073855929,-0.0039267583367252,-0.0028986294459955,-0.0073713714889265,9.138010558148252,3.73428902371184,2.095947791059394,1113.4156917545408,1094.704796514378,1108.5960349600075,1118.5337339104863,1103.4149069435475,-170.61442245228193,14.820892278307674,-235.34460750587215,158.15574955486187
47.9475,0.3139347795149008,0.6835242385389053,0.3835778538009625,0.0159422152740215,-0.0207779448163338,0.0025332692058064,0.0033917021838103,0.0005131365609765,0.0213017110009028,0.9997670409875616,-0.0052063659641045,0.0122982780507036,9.89226695499676,-0.0039627509301287,-0.0029369154125109,-0.0071339914564911,9.138002488424755,3.7342732164865424,2.0959262171977397,1116.2505815683692,1094.3743889758744,1108.7147640512271,1117.9923486601892,1180.95786340899,-96.7528566617562,92.17371560421103,-189.80316879300807,158.1530068331366
47.95,-0.1613663857471299,1.1470056155159982,0.3337504795969659,0.0170570472165794,-0.018573087392123,0.0031630975200229,0.0033813534450027,0.0005224428560296,0.0213074536363429,0.9997669403143452,-0.0069437284331404,0.0125048664393539,9.890176363746189,-0.0040046996769607,-0.0029588796015236,-0.0069018566551394,9.137992985601878,3.7342582348011257,2.095905188119568,1119.3204810715888,1094.2210322310689,1109.0569035380288,1117.5847180665207,1009.0496545150312,-14.581791812672051,153.26036026718955,-102.37596700639406,158.14979317561716
47.9525,-0.5946975485972584,1.4740398169700668,0.2937653104016414,0.0159503977098057,-0.0154065233442047,0.0033549104298996,0.0033788210234298,0.0005390422256102,0.0213118760139457,0.9997668386721233,-0.0087046192836128,0.0128110574285041,9.887750604257107,-0.0040508978980208,-0.0029659995556876,-0.006676544557508,9.13798233386642,3.7342448488558175,2.0958866841701544,1121.295829840947,1094.3014800168107,1109.4810658525637,1117.480468825157,626.087793421335,70.99139714898318,185.7701126044374,-0.0460738162474136,158.14718339448012
47.955,-1.0065898609872843,1.702537833387222,0.2499683271000172,0.0130525913678274,-0.0107437739691049,0.0035764397428063,0.0033840704791353,0.0005645579258959,0.0213105870380192,0.9997668280689688,-0.0105044590204094,0.0131793392206927,9.885033052772986,-0.0040997181187839,-0.0029606537267476,-0.0064600344512857,9.137970554895938,3.7342340696446064,2.09587063908587,1122.4509200386926,1094.5759892168135,1109.98575410105,1117.5844876974395,319.58826799274925,133.16353641146188,203.85623446726217,63.646207024261635,158.1446488600843
47.9575,-1.3628671081910015,1.8268064947992588,0.192705240366623,0.0092217564377649,-0.0051877238056487,0.0042130910935768,0.0033939524205384,0.0005961485759562,0.0213059469571601,0.999766867184706,-0.0122757379825901,0.0135134749340767,9.882071654831508,-0.0041498658817318,-0.0029457912255142,-0.0062543767688766,9.13795837652959,3.7342255133862734,2.0958565980753474,1122.8937711809115,1094.9672976988686,1110.5003470249003,1117.7986998602785,24.273773759147247,168.5068749903214,196.4034135955349,97.0004858126189,158.14217980326023
47.96,-1.621300089719076,1.8147185360376143,0.1045473304981386,0.0048067284293061,0.0005634896886966,0.0054606565770298,0.0034038828442197,0.000630208843418,0.0213006250144839,0.9997669149929134,-0.0139406318932336,0.0136948720364887,9.878918186278108,-0.0042003639393882,-0.0029246489252237,-0.0060614619329271,9.137946510603188,3.7342186199720127,2.095843447279533,1122.5722889074884,1095.4185235917655,1110.9677711690283,1118.0694901265028,-272.66080046635824,189.9554268385054,185.55889180600892,121.10625367865497,158.13979289708567
47.9625,-1.7965724961990415,1.6556638551824303,-0.0450965188790869,-0.0009446511090876,0.0067390206310011,0.0071181383873162,0.0034087092053592,0.0006608175121277,0.0212934809888075,0.9997670165118016,-0.015379907487196,0.0136001381966215,9.875627558756305,-0.0042505250522388,-0.0029004946856335,-0.0058828658829455,9.13793528933532,3.734213287173657,2.095830036115788,1121.5304671785807,1095.9170748330603,1111.4281414839295,1118.4042311286712,-452.3175630642032,162.93337098250808,150.0967181939955,125.16439381982272,158.13702700055075
47.965,-1.825101496700428,1.429040099678561,-0.1966777924549527,-0.0060430398505183,0.0107997077326486,0.00773136937971,0.0034036035939032,0.0006863730156503,0.0212812844805721,0.9997672584937954,-0.0165631634027608,0.013122294563508,9.872256491917684,-0.0042997851583222,-0.0028763870007453,-0.0057199036551225,9.137924939313395,3.7342088060907934,2.095817065686041,1120.3107010921663,1096.2331904466785,1111.7182547599987,1118.6953120956023,-517.3116107836986,99.5868038301014,98.2008608978456,129.31272906428353,158.13480607113488
47.9675,-1.737651683457517,1.1474144670930877,-0.3462905725507692,-0.010820921721935,0.0136415599432228,0.0067736447900104,0.0033873867242333,0.0007105541244298,0.0212652434716165,0.9997676179556316,-0.0175655384204951,0.012237314211674,9.86886195632812,-0.0043476086746577,-0.0028549912924062,-0.0055736514157908,9.137914636189274,3.7342041416561513,2.095805397502306,1118.943909124661,1096.415008852211,1111.9191457884192,1119.0507947739927,-595.9751396315332,54.412861412224096,71.0801756677675,188.4825233656452,158.1326741093635
47.97,-1.5191678963124904,0.7968943465309566,-0.482804268560351,-0.0155170393384687,0.0157314301948959,0.0044154205624764,0.0033627636791546,0.0007386274007958,0.0212477905411125,0.9997680338895965,-0.0184942935149316,0.0110069218730405,9.865500116876168,-0.0043934436292495,-0.002838558580675,-0.0054448503303944,9.13790308792964,3.734198645368625,2.0957952969977613,1117.3308253940113,1096.505254753739,1112.0736556383372,1119.6377247124296,-567.457184538426,22.869749487642487,43.2675783437168,251.39821546173025,158.1302199679868
47.9725,-1.2611374291012991,0.5260370355474554,-0.5399537869973694,-0.0185949677946662,0.0163765554658528,0.0022137402655722,0.0033365156259313,0.0007731680665236,0.0212295112220573,0.9997684726842052,-0.0194039710027014,0.0095799344432746,9.862225288742495,-0.004436814997681,-0.0028290179674216,-0.0053337074938595,9.137890499747364,3.734192276275581,2.095787204902816,1116.1066232019675,1096.5293575996493,1112.135483680138,1120.3077858513022,-452.6046053083477,17.492278296131335,7.8012575641383695,305.2137584143823,158.1282622136853
47.975,-0.9442193588445976,0.3020783691377254,-0.5300804282864608,-0.0209279972325067,0.0160068276815469,0.0002381516299975,0.0033106056680243,0.0008078635941757,0.0212133415371143,0.9997688719697676,-0.0201774345027591,0.0080137435328467,9.85908988260724,-0.0044775315834335,-0.002827964704017,-0.0052396702190281,9.137878788322617,3.7341851132344943,2.0957807800444463,1115.0678023674684,1096.59271614522,1112.112661926158,1121.1637935045023,-412.9910869871428,58.7527764455524,-39.737121338602925,398.5175351639996,158.12639522716722
47.9775,-0.5133670744411362,0.0921672721806848,-0.4489340317494284,-0.0230517420944506,0.0151000435683289,-0.0017089383354826,0.0032858005486559,0.0008351307030269,0.0212022766112794,0.9997691723508486,-0.0206743640085731,0.0063481225208673,9.856142191176,-0.0045155840486683,-0.0028368529969301,-0.0051612468485804,9.137868575800615,3.7341774483918706,2.095774715242564,1114.0416677670337,1096.8231214818768,1111.936798073445,1122.3003735271204,-345.25776247365303,121.19287018529742,-99.43116079961696,406.86256953196886,158.12425940622603
47.98,-0.1232357432772551,-0.0483496155118854,-0.3375797089609215,-0.0242811226863307,0.0148109430472017,-0.0028803230177242,0.0032588249407457,0.0008557355734237,0.0211950002853434,0.9997694077878276,-0.0209216672447339,0.0045519919043382,9.853424713645428,-0.0045508699571442,-0.0028571108294419,-0.0050960074769972,9.137858406911528,3.7341698701844113,2.0957671226653596,1113.3415135550993,1097.1986804961468,1111.6155061221596,1123.1981063521632,-258.7469726564945,190.16602092346423,-175.8308456610858,308.3156037564791,158.122566283572
47.9825,0.2823028539042699,-0.1837273613468813,-0.2029671045319788,-0.0246323270009776,0.0154478506381855,-0.0033388197207075,0.0032295740169458,0.0008666231793839,0.0211869630408194,0.9997696738775992,-0.0208699678145249,0.0026593346912938,9.850973074757968,-0.0045832133416811,-0.0028902283362473,-0.0050405632483537,9.137847554703841,3.73416338234249,2.0957562120892206,1112.7479329037503,1097.7739515864946,1111.0576438451392,1123.8419515459036,-227.67559677297655,254.70531125793488,-266.05221110009194,188.6984839895728,158.12096259487592
47.985,0.6818604043605215,-0.3349555364137211,-0.0661316820009959,-0.0238545974456861,0.0162357477463462,-0.0031403603273797,0.0032023187377744,0.0008670259262323,0.0211735173083047,0.9997700540795784,-0.0205129674017198,0.0007941473068773,9.848814883893768,-0.0046123358564434,-0.0029376381275578,-0.0049910037285353,9.137835612949365,3.7341588941577695,2.0957411959664825,1112.2031355712354,1098.4722070524351,1110.2852450666603,1124.1415987721102,-212.49446047352689,288.754903243887,-355.90772990854003,20.49945299530779,158.11943256200317
47.9875,1.0448345430976012,-0.5123656541735492,0.0581537374429508,-0.0214798991019693,0.016299808433144,-0.0024532366053413,0.003181298029509,0.0008621317041811,0.0211558167896001,0.9997705050637152,-0.0199609523085772,-0.0009162413227076,9.846969676976862,-0.0046379633174123,-0.0030003733865676,-0.0049435245183181,9.137822313450233,3.7341563308989536,2.0957229866153124,1111.6854606013824,1099.2177261027148,1109.2781051955956,1123.9444488108802,-225.03374396303423,306.6732806381219,-478.9550153145961,-193.7805975096044,158.11799065540103
47.99,1.4004528884135623,-0.7408677947231022,0.1851768066836674,-0.017063373248226,0.014930797591716,-0.0015941118779242,0.0031706766794957,0.0008584057486894,0.0211413656496734,0.9997708499360392,-0.0193483163656958,-0.0023457009207416,9.845449417682598,-0.0046600388684456,-0.0030787511760142,-0.0048949468110378,9.137807865644275,3.7341549999949306,2.095703075478869,1111.0779668514197,1100.0055734556267,1107.890469990086,1123.1726957845617,-220.70893025058527,247.86199433897116,-519.2561101041695,-346.23342691133644,158.11636126184183
47.9925,1.6099527732626244,-0.923449544655668,0.2748192517338849,-0.0124622307217412,0.0125848393432707,-0.0010347559503042,0.0031733816245084,0.0008571668106872,0.0211378312881211,0.9997709181351156,-0.0187074009698723,-0.003397015588712,9.844259553927538,-0.0046789011602741,-0.0031721569542831,-0.0048430460591012,9.137794072129934,3.734153538207501,2.0956839774815648,1110.5819159501305,1100.4570360744085,1106.681824645077,1122.213281676325,-195.01927056120647,115.76793186435212,-470.876523223874,-403.3698114531245,158.11508673062022
47.995,1.720093137037961,-1.073304630406159,0.3539715389604027,-0.0076555039813174,0.0095755439205079,-0.0006350023231746,0.003185678245712,0.0008542736577718,0.021147857554923,0.9997706692747856,-0.0179643779609226,-0.0041108113486507,9.843400262922849,-0.0046952672244423,-0.0032789276611356,-0.0047866880867931,9.13778201899685,3.734151022134732,2.095666074504268,1110.1028704986131,1100.5844131149488,1105.5360873739655,1121.155846727295,-203.18483367417292,-33.51645490864134,-470.0454989277529,-433.8919439945184,158.1138976763268
47.9975,1.745989270652045,-1.1970736933881136,0.4405991907570438,-0.0024640542410183,0.0058420728507292,-0.0001543268687486,0.0032040150462932,0.0008488114242067,0.0211678872265264,0.9997701906143815,-0.0171071291875618,-0.004528952496191,9.842866434295878,-0.00470998029714,-0.0033964847232792,-0.0047257642566988,9.137770845921471,3.7341469418102817,2.095649346793579,1109.565991781759,1100.2894537998652,1104.3315971504371,1120.0438219563512,-185.2528884968572,-184.19687831718343,-406.46141331808974,-354.1108125767588,158.112568623911
48.0,1.6922104316815128,-1.2472115053191504,0.5021616221317986,0.0013561954905825,0.0026421337912046,0.000451163446666,0.0032269316200973,0.0008397622630894,0.0211939106096295,0.9997695733817757,-0.0161187319890937,-0.0046596575030334,9.842648748300112,-0.0047238934502773,-0.003521459684881,-0.00466098044886,9.13776007461042,3.7341409426857504,2.095634429396892,1109.1766060561297,1099.6634287233635,1103.5037803073767,1119.3852926644129,-132.64438331419356,-319.3384775714724,-293.53016581102884,-198.13679319267803,158.1115421200217
48.0025,1.5749783335825212,-1.240456420621609,0.5394252956597752,0.0049943257794258,-0.0003700113893072,0.00153246953177,0.0032478817175705,0.0008258715413109,0.0212226637398535,0.9997689087527036,-0.0149779044018659,-0.0046198866317921,9.842735054671055,-0.0047377728238068,-0.0036498518799078,-0.0045936878909626,9.137749590281425,3.734131992632885,2.095621960045405,1108.9027698651887,1098.6927614120093,1102.8639463213833,1119.053137990389,-74.69869609695523,-482.72363174194504,-240.11169192487156,-89.21532481481319,158.110599539364
48.005,1.372572958482808,-1.1678997320532787,0.5336346887564488,0.009324011194121,-0.0036775044602914,0.003589991600511,0.0032669584713951,0.0008076063583577,0.0212495218910111,0.9997682941698152,-0.0136929289200904,-0.0044044582022008,9.843110003790247,-0.0047522161585042,-0.0037774871622054,-0.0045255069241236,9.137739501500777,3.734119989398829,2.095612607628417,1108.8031125756447,1097.2498105646528,1102.303221847752,1118.9392160403384,17.258651005604673,-553.0567505234911,-171.47903936457035,-21.660155349480025,158.10956571184593
48.0075,1.1598348025214185,-1.0540166587055666,0.4721971226030126,0.0125688634287302,-0.0064854471321593,0.0058961135349565,0.0032869549804216,0.0007881415839776,0.021272620704013,0.9997677583034832,-0.0123230408762454,-0.0039630987901507,9.84375553726096,-0.0047676358791714,-0.0039003334222814,-0.0044579626368237,9.137729663044684,3.7341057715739434,2.095605887437143,1108.9890631202168,1095.9274776593904,1102.00655112456,1118.9448372136414,144.75441620429115,-526.1162527502858,-81.03213618390421,-14.895085737557467,158.10878574100863
48.01,0.9125823685114852,-0.8851254109954044,0.3474626233403015,0.0150703364091473,-0.0093649841419901,0.0082919761872925,0.0033089336563094,0.0007692902995,0.0212972624562518,0.9997671821683126,-0.0109006316206139,-0.0032887648148035,9.844651286229855,-0.0047842967772204,-0.0040147695089725,-0.0043920767217689,9.137720186211613,3.734089833695432,2.0956007948489614,1109.5268846566655,1094.6192293009035,1101.8980611668328,1118.8647406116509,276.3323254362554,-501.7930754087663,-9.42333437601037,-70.82269538655979,158.10809138639164
48.0125,0.6467308127217882,-0.6751693396293311,0.1824226084500547,0.017132417310527,-0.0118152764123996,0.0099237227590279,0.0033375987670922,0.0007511365519649,0.0213249371006672,0.9997665164711615,-0.0094224138779375,-0.0023113759569724,9.845773742736258,-0.0048021898871925,-0.004117999535228,-0.0043280039570648,9.13771148929373,3.734072780232621,2.0955974362974086,1110.3707247473988,1093.418512282345,1101.95943445268,1118.5907237367085,400.8438686085578,-433.4918401196375,67.61173315827543,-172.67132936031237,158.1074690377085
48.015,0.3724082009830843,-0.4296397956329228,0.0013403621848688,0.0185836710132668,-0.013242258113061,0.0098468862995312,0.0033731916299984,0.0007336900374363,0.021352016218514,0.999765835661502,-0.0078860063115178,-0.0010552199365834,9.847096177545454,-0.0048209234573558,-0.004208171001952,-0.0042648794055324,9.137702976088883,3.7340552964940392,2.095594525540564,1111.531103999709,1092.4517701003044,1102.2361198326244,1118.0013839648489,553.385214094354,-346.56610840006266,169.59075261408506,-328.9561604826567,158.10693503675265
48.0175,0.0557660937297128,-0.1181864640484311,-0.1872429650841077,0.0190946122663344,-0.0139070016903172,0.0080980221668778,0.0034147931203139,0.0007199311522871,0.0213756291220905,0.9997652012128084,-0.006349061049083,0.000429196228981,9.848587683198986,-0.0048396883550299,-0.0042844339436123,-0.0042006981336867,9.13769343941367,3.734037800538907,2.0955905283544918,1113.137650817868,1091.6856817403464,1102.8073882157496,1116.9459429342967,595.3616234552693,-200.4395813784297,243.68969241192,-424.316362628598,158.1063981524306
48.02,-0.1800800292509795,0.1374001181260987,-0.2967149549521926,0.0184990921522184,-0.0136104295717641,0.0061587474107528,0.0034591896711114,0.000708498606349,0.021393949642859,0.9997646652941398,-0.0047862894916695,0.0020415826168966,9.850213064856295,-0.004857385424243,-0.0043469223983237,-0.0041323430645075,9.137682197303608,3.734021117735896,2.095583242781705,1114.5079121169872,1091.4495721934115,1103.4545682946843,1115.8798021517048,520.5678689679709,-3.101596876557101,283.08937926775866,-424.7703875859871,158.10603803537708
48.0225,-0.3705102625883758,0.3708040959122801,-0.3502747720587005,0.0172774460813253,-0.012549460681209,0.004680089221461,0.0035002570734905,0.0006951498061431,0.0214045260939513,0.9997643069328735,-0.0031188615846644,0.00362214331149,9.851932687753106,-0.0048727849436454,-0.0043966650828674,-0.0040559718832385,9.13766920298997,3.7340059299528265,2.0955711284381375,1115.7404901627092,1091.6701737559636,1104.2228351120891,1114.8220909963657,483.86202243962896,191.29008354461007,349.12856847695286,-412.01546628827776,158.1057684747025
48.025,-0.5381743145954737,0.6119551589050481,-0.364109488263406,0.0153199487980981,-0.0108240655945868,0.0037226989347228,0.0035349789679341,0.0006798211470419,0.0214058588070642,0.9997641709106712,-0.00135114777539,0.0050748704601926,9.853702094677287,-0.0048847236392402,-0.0044354072248387,-0.0039676625777992,9.137654847893776,3.733993307466069,2.095554260008196,1116.9272222291831,1092.406022611134,1105.2002111370675,1113.8197248202653,379.9114484830955,324.8799735990972,354.8852252212331,-293.55279913400847,158.10554854676823
48.0275,-0.6286899838442994,0.7755473992067823,-0.3484133606799098,0.0135638186992926,-0.0088846352354664,0.0032848656092059,0.0035642014375861,0.0006625245854699,0.0214037371123521,0.9997641300444006,0.0005104717882496,0.0063822996900397,9.855472904463433,-0.0048924029562057,-0.0044652292008702,-0.0038641018026093,9.137640420841953,3.7339824956939913,2.095534535002164,1117.6400474051256,1093.29457362396,1105.997261238196,1113.3543270006949,233.91260392606313,371.5854407590005,302.91385413436694,-93.08977279865545,158.10545000049845
48.03,-0.6775338516780902,0.899050702766977,-0.3180843054818826,0.0120141088237135,-0.006557890433949,0.0026263224337436,0.0035905400532988,0.0006400193326568,0.0213998130379582,0.9997641416310542,0.0025221107718336,0.0075640395370891,9.857194420810092,-0.004895394781996,-0.0044883096452099,-0.0037431709980395,9.137627192316051,3.733972409870288,2.0955143989983664,1118.096785248814,1094.26394981493,1106.7147804077404,1113.3542759562715,156.9023781387904,394.5638076414476,290.03649550817505,98.67598419932497,158.10543668017112
48.0325,-0.7025463639100044,1.0057772826482572,-0.2748838921323145,0.0103385772467308,-0.0039145510699198,0.0016553329092594,0.0036169086929081,0.0006139659807839,0.0213922863998371,0.9997642324431356,0.0046411380097254,0.0086522433119252,9.858815434254838,-0.0048934917077786,-0.0045066989831449,-0.0036043303678847,9.137615737138898,3.7339626476839936,2.095496125299942,1118.4245592958189,1095.2673926621655,1107.4474437157355,1113.847706921691,92.35965386260254,313.0374379312561,246.81858569243664,240.4124798247856,158.10551499023748
48.035,-0.7041222862065815,1.0653167285015908,-0.240391360416926,0.0091166055918848,-0.0018128414662739,0.0009709447131467,0.0036402562536003,0.000592759279315,0.0213823948997254,0.9997643800896964,0.0066876194435095,0.0095695524761921,9.860286994357427,-0.004886547168413,-0.0045221210175889,-0.0034486493201399,9.137605322728595,3.7339527512284074,2.0954806001254065,1118.5585835181273,1095.8291370045868,1107.9488733362032,1114.5563383553963,26.977834388921856,154.67324931147505,180.80427253284896,305.64646106265906,158.10565503209295
48.0375,-0.6901656178667955,1.0968411295606355,-0.2174459175838664,0.0079362499874798,0.0005372432446506,0.0005468152781999,0.0036564758617527,0.000585706673356,0.0213729898945558,0.9997645327122264,0.0084612249967455,0.0102236947002676,9.861564153244244,-0.0048743299043266,-0.0045360095245602,-0.0032784406171248,9.137593879214254,3.733942437893872,2.0954668980517686,1118.5594484677636,1096.040758908723,1108.3514650784005,1115.3759392270051,-26.909418492347783,34.550247476849606,147.14954487890023,314.50174677180667,158.10586754615727
48.04,-0.6607526903660208,1.1032157916902616,-0.2113480943563856,0.0064446301755645,0.003120146848227,0.0003286719776543,0.0036628419468261,0.0005959998850845,0.0213646793178168,0.9997646856719056,0.0098809348665963,0.0105527815934267,9.862607550699904,-0.0048565387617284,-0.0045495963691691,-0.003096879816855,9.137580869250616,3.733931331921101,2.0954553705368006,1118.4240364256657,1096.001888241971,1108.684621060597,1116.128847089254,-98.45892072266416,-50.02281414133164,118.674254502351,254.80928464740524,158.10613615983013
48.0425,-0.605140257603971,1.0748386151733735,-0.2312418987748278,0.0045768060951844,0.0058172731431084,0.0002758390657273,0.0036607578490324,0.0006182450907999,0.0213543997950188,0.9997649007793056,0.0110351476623821,0.0105785649847966,9.86338450525627,-0.0048329664531568,-0.004564014036112,-0.0029076947929882,9.137567213408472,3.733919489776493,2.095446258997234,1118.06715386415,1095.7906448380163,1108.9448363509125,1116.6499856502428,-222.61948295788423,-93.03106701013137,100.32671124817495,157.30706337186484,158.10646757091249
48.045,-0.5012368172729535,0.9957061511860144,-0.2847913689391993,0.0024782567064949,0.0090517344677197,0.0002417707381257,0.0036542650736362,0.0006433509181125,0.0213427116490911,0.9997651549932096,0.0120851787065554,0.010378928987502,9.863870182893889,-0.0048036787361526,-0.0045803100430553,-0.0027149416953104,9.137554476195223,3.7339068757144735,2.0954397201178736,1117.3109390108757,1095.53673290692,1109.186254616838,1116.9153824061136,-337.2483946251007,-70.12404726585385,79.18365636763082,40.34453202397376,158.10693158540496
48.0475,-0.3841859789844048,0.8908940557508301,-0.346438213392018,0.0011768414144369,0.0114345062670127,8.8548084743973e-05,0.0036453210459777,0.0006652788558414,0.0213308811544435,0.9997654174759903,0.0131302777089297,0.0099973706609384,9.864048719342298,-0.004768941840687,-0.0045995535537174,-0.0025228012142746,9.137543272362922,3.733893825056212,2.09543567272653,1116.380911891026,1095.4400246016876,1109.3407546327503,1116.8517083103625,-429.62841680055885,-3.6995637441104177,53.96088258637032,-65.97715705144118,158.10736894252008
48.05,-0.2416309933679223,0.7470881607554511,-0.4067499185950156,0.000405450012879,0.0132280071936779,-0.0004020708551194,0.0036340054996988,0.0006830772682729,0.0213193141718719,0.9997656803681088,0.0141677604342743,0.0094475838616968,9.86391331387367,-0.0047290589020415,-0.0046229379879843,-0.0023352875269122,9.137532815080547,3.7338810144453514,2.0954332515668046,1115.1627969268718,1095.5182350881996,1109.45605902977,1116.5854966208562,-581.2699353476755,64.99545219777559,38.04378031161705,-132.74607733890238,158.1078534152425
48.0525,-0.0510891590236182,0.5308494807389478,-0.4450268928988259,-5.144997178199681e-05,0.015230467289394,-0.0016238485669274,0.0036217017129396,0.0006973852895902,0.0213063544807824,0.9997659753943527,0.0151635054942811,0.0087742885052458,9.86346544832001,-0.004684233226932,-0.0046518167776359,-0.0021559318809512,9.137522745022137,3.733869093946173,2.0954328163868268,1113.474562214286,1095.7650018626766,1109.5309735343085,1116.1879779236676,-632.4667825205165,97.75783643876616,8.413140677256173,-135.59243542675685,158.10848286971984
48.055,0.1161485488857619,0.3152341383813338,-0.421805296042849,-0.0001916408075212,0.0168295582245738,-0.0032863647921867,0.0036067797204794,0.00071020547056,0.0212917653686402,0.9997663156034722,0.0160549875349853,0.0079672903995361,9.862714408356755,-0.0046345233059635,-0.0046875630506329,-0.0019876038826544,9.137512619753895,3.733858122450093,2.095434143699131,1112.000463014272,1096.007024270393,1109.4981247331564,1115.907534443723,-570.0863501111411,78.37354052658695,-48.84493702340708,-79.45579243828915,158.10904282272824
48.0575,0.281022558101513,0.0698805203638498,-0.3147941025989688,-4.332296555164275e-05,0.0178087781238657,-0.0055366533116759,0.0035918052582292,0.0007244181248747,0.0212763621835895,0.9997666775665742,0.0167641568416979,0.0071026500598209,9.861675258911728,-0.0045798343595471,-0.0047314568206826,-0.0018322332306009,9.137501790197248,3.733848142404909,2.095436261069629,1110.6241304637288,1096.1568695653095,1109.286748849191,1115.790698961476,-548.3949461664374,20.798621522033773,-154.1008310723221,-0.315505183061598,158.10963405772645
48.06,0.4576609417431618,-0.2392903234635549,-0.0798794386090316,0.0010097691958165,0.0178851250715886,-0.0082440013187783,0.0035817522425102,0.0007410705606446,0.0212598679808331,0.9997670519627184,0.0172504155149552,0.0063053452902322,9.860367454773588,-0.0045199805948555,-0.0047845242302162,-0.0016906789476017,9.137489823491824,3.7338391164174207,2.095438103644191,1109.2584882834385,1096.1110173780032,1108.7276205777944,1115.9059569178075,-436.63979784367854,-61.65452994015291,-265.71273165942847,84.42901313650002,158.1103737508969
48.0625,0.5712842366407453,-0.4892327831845276,0.1894390818806731,0.00270648901796,0.0170129876899919,-0.0095097251369537,0.0035725800910171,0.0007562193508252,0.0212466790754461,0.9997673600090368,0.0175686067658141,0.0055214290961673,9.85881420826197,-0.00445489318087,-0.0048472856178445,-0.0015628375320813,9.137477039945498,3.7338300819150985,2.095438551612512,1108.4409314745124,1095.8485969156093,1107.9581851908952,1116.212844027158,-254.3631942979613,-145.28744925987235,-370.6749354949085,154.1877379500458,158.11101132363464
48.065,0.6351148870390512,-0.7054060573338915,0.4908144561618115,0.0049531860914196,0.0153601090124582,-0.0087621623466616,0.0035627792441834,0.0007688040154323,0.0212398530764269,0.9997675401757344,0.0177189192874124,0.0047479854589894,9.85703984358788,-0.0043846901797368,-0.0049197577212151,-0.0014477815678014,9.137464467451895,3.733821038772159,2.0954371712274646,1107.9866723119499,1095.3845801317043,1106.8742459003215,1116.6768956075573,-125.53252847326748,-204.67076366042863,-474.55099188362794,194.78673321267743,158.1116664637306
48.0675,0.6542451361132854,-0.8756365299178902,0.7757130161891637,0.0071836484400517,0.0131414151265959,-0.0064771181252982,0.0035544777271502,0.0007830635259975,0.0212368286987803,0.9997676325759448,0.0176002604176579,0.0040547968113511,9.85506831910167,-0.0043097034106699,-0.0050014552871187,-0.0013440439753627,9.137452391710058,3.7338118486073752,2.095434651672176,1107.813268832146,1094.8252430973066,1105.585430231476,1117.186777693222,-11.775373194580768,-223.24920739335943,-538.8823700629445,188.5656152384799,158.1123331779077
48.07,0.6264603086141536,-0.9729588455482792,0.9938975910082776,0.0089199470371724,0.0104474321598887,-0.0031776777571888,0.0035474707917278,0.0008051221548476,0.0212364181482209,0.9997676554091096,0.0170759226048489,0.0034637524231455,9.852922542475508,-0.0042305488034133,-0.0050913003951016,-0.0012499056878831,9.137440471097005,3.733802152237777,2.0954317797866167,1107.9277954459767,1094.2683340947372,1104.1798340500054,1117.61972368375,104.74967333912421,-216.44361584882648,-601.888628096869,137.79751653399927,158.11301057677287
48.0725,0.5561192167398153,-0.990996695229136,1.1378836526985738,0.010543474632374,0.0070880960395031,0.0012836750009667,0.0035439372970347,0.0008367691451626,0.0212418411281967,0.9997675282529828,0.0160988198060584,0.0030379565465294,9.850622948175662,-0.0041481632944603,-0.0051876364955346,-0.001163460861364,9.137428364245553,3.733791528975636,2.0954286049685993,1108.337017198841,1093.7430250180635,1102.5759870909944,1117.8757652758911,189.91919410026927,-155.8129009194657,-541.3589261949669,29.46069049651981,158.11383202201785
48.075,0.4803072168264058,-0.9195751911362088,1.1462981081260757,0.0114182722108694,0.004305265223022,0.0052394921452948,0.0035427542049836,0.0008756544053684,0.0212586555686534,0.9997671370478708,0.0147057244050793,0.0027689379364674,9.848187512670272,-0.0040638056905856,-0.0052883117374283,-0.0010827876930883,9.137416841334819,3.733779683297312,2.0954244061131466,1108.8773914164788,1093.4892695901394,1101.4730394190292,1117.7670271362329,254.40155382166893,-59.90317515076304,-360.6645525686391,-122.0384828228192,158.1145212519231
48.0775,0.3991904414831833,-0.761175665243178,1.0429206454259483,0.0116105886896755,0.0017827761687745,0.0090870121008913,0.0035437552669279,0.0009166734559795,0.0212889674677182,0.999766441602557,0.0129921329047355,0.0026606470978893,9.845631282233416,-0.0039789859483641,-0.0053908733186444,-0.0010060528946845,9.137406580955819,3.733766033369228,2.095419456874386,1109.60902496795,1093.4435091423095,1100.7726643281503,1117.2655728617767,361.79484303139526,19.77085897817212,-195.31678910024797,-303.1067064001064,158.11521280415843
48.08,0.2973828002431975,-0.4844485618820902,0.8202013680060407,0.0117061471070611,-0.0005864787795536,0.0126152097840903,0.0035467343989493,0.0009559614166788,0.0213289305301531,0.999765528301588,0.0110335807322066,0.002711125060216,9.842966738995736,-0.0038953296080368,-0.0054927774932244,-0.0009317048404298,9.137397829297969,3.7337508637255814,2.095414452408855,1110.686365631634,1093.58812388503,1100.4964554735288,1116.2514936042337,421.27982407492976,76.88060784371987,-6.242488128370031,-419.63266216763617,158.11604286066637
48.0825,0.1986348248903754,-0.1987829981992348,0.5883963701839316,0.012321963891009,-0.0018803124795753,0.0141411636335052,0.0035474275120695,0.0009879606198169,0.0213735951634209,0.9997645244497094,0.0089420776642784,0.0028319622444058,9.840204654931835,-0.0038144703211823,-0.0055915512570703,-0.0008586007556154,9.137390351421882,3.7337349412089416,2.095408671313597,1111.7154240883256,1093.8279121815283,1100.7414518875084,1115.1674095509377,424.0393577687532,109.98074521706998,184.4351286289532,-445.25992630483375,158.11673322315974
48.085,0.066923401016714,0.1159798879968133,0.355904566006694,0.0132205618081022,-0.0022627093423047,0.0144040515076966,0.0035439932411415,0.0010055157209377,0.0214179731696479,0.9997635516621848,0.0068670748750969,0.0029761571063813,9.837354315249021,-0.0037378982060771,-0.0056849449122619,-0.0007860447503054,9.13738319736252,3.7337184274509214,2.0954016849663635,1112.8065624204787,1094.1380276111158,1101.418631116674,1114.0251939727084,470.0494005258134,142.94982117129888,373.5868977175174,-465.79825135505934,158.1174207361671
48.0875,-0.1445789542231996,0.4869373057477316,0.1202380447318898,0.0138205627321582,-0.0013703214988605,0.0138299125412956,0.0035387734519537,0.0010086247112897,0.0214550204362709,0.9997627524547972,0.0048240589681636,0.0031769801585718,9.834424237017377,-0.0036668445114481,-0.0057710290643609,-0.0007139903018802,9.137375354540973,3.733701441020485,2.095394241570516,1114.0656710909527,1094.542661287384,1102.6093863760943,1112.8384182941645,433.41109846656417,148.02737747660717,479.4946548132705,-371.84264028313993,158.1182412272987
48.09,-0.3684381944877334,0.7589676238291575,-0.0210743018859441,0.0139598141829484,0.0004805613744649,0.0129339806224605,0.0035347989889196,0.0009974821295874,0.021476819959263,0.9997622868913248,0.0028299761542366,0.0034770871531225,9.831423416501162,-0.0036023632464073,-0.0058482260735213,-0.0006431609956877,9.137366449760524,3.7336839735851495,2.0953874877756484,1114.9736179128129,1094.8781644984992,1103.8161043907417,1112.1659807712915,312.0780346780288,127.90598004715144,502.928952784093,-178.0622718788889,158.11892059601166
48.0925,-0.6344326445327628,0.9585819235837396,-0.099934218052,0.0138752068461365,0.0033655462523739,0.011923583678097,0.0035342228021437,0.0009758663347968,0.0214833124782954,0.9997621465830748,0.0008359908145775,0.0039002328885403,9.828362370732682,-0.0035455712140905,-0.0059152901081251,-0.0005750984080826,9.137357662631258,3.7336655731943154,2.095382434898273,1115.6260612643437,1095.1821911876202,1105.124031140016,1111.9481069347696,210.76270276840728,121.07760899609372,571.1646986826701,13.962315425545931,158.11959505033374
48.095,-0.974203737973732,1.0879188107301268,-0.1360565265809989,0.0129649343216992,0.0077513080000122,0.0109312678062262,0.0035377211815211,0.0009499134016273,0.0214812050035562,0.9997621819303544,-0.001248839308197,0.0044405231817109,9.825253962061186,-0.0034977251351028,-0.0059714011843735,-0.0005120024608097,9.137350506638665,3.733645905119928,2.095380055742586,1116.027431426654,1095.4835525434792,1106.6719278841524,1112.2357923484194,79.30743967054275,97.38091188896323,544.9692611864916,184.17033743416724,158.12039870860613
48.0975,-1.237727569118812,1.0987359108866743,-0.1371695600182693,0.0107336069686619,0.0115936701838512,0.0103231355095243,0.0035429234122648,0.000931326206366,0.0214756510204449,0.9997622826257528,-0.0036216983012971,0.0050345482770072,9.822113968476934,-0.0034600420023413,-0.0060163643104663,-0.0004564687146551,9.137344199436836,3.7336252296052006,2.0953803516802587,1116.0225984626964,1095.6690957470653,1107.84887744595,1112.8689586219407,-65.87517597801065,58.83378287859787,429.437376411814,306.67334507909567,158.1210639047531
48.1,-1.4242273281713047,1.0230651256080712,-0.1385440507283535,0.0066050309901654,0.0146704084279657,0.009858137328644,0.0035531458258459,0.0009268164005895,0.0214672131464471,0.9997624215380508,-0.0063754156200533,0.005729965967613,9.818960677065443,-0.0034335373037212,-0.0060507811829014,-0.0004109302671478,9.137337721939303,3.7336044117874594,2.095383313914052,1115.6980555467635,1095.7777214578723,1108.8191147662124,1113.7691590738157,-169.8856898640496,29.49391680820508,346.51564315408586,380.4859406401924,158.12172471917762
48.1025,-1.507055024515191,0.8978413774842164,-0.1655569508938906,0.001421195195658,0.0168308442406348,0.0096915965064783,0.0035716938783486,0.0009328658275343,0.0214530687747982,0.9997626501881502,-0.0093988082272832,0.0065726794020432,9.815815540731142,-0.0034189952036777,-0.0060760899875495,-0.0003773118811805,9.137330858052067,3.733584895344936,2.0953879230399854,1115.173170013377,1095.816565331106,1109.5814556617188,1114.77138832514,-236.6591091564868,-3.1278398050728726,254.31069853503408,401.6018122910956,158.12238207364146
48.105,-1.4364459901363915,0.7427425748798657,-0.2535213532673457,-0.0040085185648468,0.0181754888727528,0.0102729400804702,0.0035957551464112,0.0009452328962655,0.0214350074669825,0.9997629424517404,-0.0125666139465204,0.007492461321945,9.812703185420519,-0.0034170921361584,-0.0060944044464738,-0.0003568641568053,9.137323515584974,3.733567201806028,2.095393221063018,1114.5147600009807,1095.7620822588467,1110.0906682588884,1115.777168135272,-294.0559931938738,-46.8610908419338,173.1745447731124,424.58817787925113,158.12303538206933
48.1075,-1.1730526211799064,0.5527565362957542,-0.4546942934337594,-0.0096804767391144,0.0192896471770482,0.0116186180482883,0.0036213356092992,0.0009540609655873,0.0214177322990698,0.999763220135019,-0.0156422891473013,0.0083990747107983,9.809650549136942,-0.0034284360810941,-0.006108295998712,-0.0003498976505459,9.137316174296629,3.7335509729123126,2.0953985513823485,1113.7028900474068,1095.5822598768964,1110.4473283855848,1116.8943292145375,-289.3786122404793,-83.47581788837803,97.338876957608,389.6420832471354,158.12381472754484
48.11,-0.8284087041467412,0.4050805616871027,-0.6988918997895908,-0.0130157117231573,0.0198851289691031,0.0124303755860227,0.0036397131834525,0.0009539158076542,0.0214089045978332,0.9997633550072158,-0.0184773450049167,0.0091177941724205,9.80668600898155,-0.003453570860873,-0.0061205435552836,-0.0003558449599134,9.137310110627457,3.733535234029633,2.0954028713400272,1113.0678669397796,1095.3447031694054,1110.577362643676,1117.725378551506,-245.01685060046128,-107.53707234493004,28.991562569157114,311.89445447628214,158.12446028534472
48.1125,-0.4028965025963343,0.2751011026491034,-0.984537398053388,-0.014404179584717,0.0202300463782916,0.0115516787503832,0.0036470171380103,0.0009476569826312,0.0214110469705077,0.9997633036879028,-0.0210842754993987,0.0095789689671165,9.803837191169752,-0.0034927682661853,-0.0061340370582618,-0.0003732576071825,9.137305538255832,3.7335198060207664,2.0954047061189316,1112.477805794404,1095.0445745151715,1110.5922861984307,1118.4538014869197,-265.68993121727596,-136.85726711048395,-8.282540003206433,296.8858791224948,158.12510164762975
48.115,0.1353356005710927,0.1365760745189067,-1.296764122974491,-0.0141041668137929,0.0204910752836753,0.0076822331132106,0.0036445198298402,0.0009432498293961,0.0214198935334172,0.9997631458078178,-0.0235748518743816,0.0098218800212211,9.80113015809955,-0.0035458099509237,-0.0061517080213949,-0.0004000460804768,9.137301338630877,3.7335055347046575,2.0954036361848636,1111.7394172836923,1094.6604168338527,1110.53594994366,1119.209807947119,-294.31944626457545,-138.1651226433752,-27.69003265955479,251.98490429743467,158.12586613165087
48.1175,0.5632385541893129,0.0284032693344293,-1.469738610183142,-0.0124502283762703,0.0206550371898796,0.0024451212581003,0.0036374892690985,0.000948904620361,0.0214306701777693,0.999762959283232,-0.026066148589734,0.0099696700660159,9.798589254583463,-0.003611917093802,-0.0061763659501529,-0.0004338568798733,9.137296353388274,3.733493066954404,2.095399915665327,1111.0062085630825,1094.3537489019552,1110.453836035133,1119.7137260084055,-338.9936334298539,-115.05866843511764,-39.975035113163834,158.36787717667983,158.12649866245448
48.12,0.9299691111190136,-0.0834991441323103,-1.4992534998801204,-0.0094373078144574,0.0207878337393858,-0.0035760109704255,0.0036377950059307,0.0009669246108706,0.0214365266110772,0.9997628438038716,-0.0285600785933797,0.0102766374383884,9.796237122703504,-0.0036897279327755,-0.0062104869756335,-0.0004724044120475,9.13729015202243,3.7334826961233687,2.0953945048217726,1110.0444491165424,1094.0851234916768,1110.336074768094,1120.0016473330031,-489.6395213407,-109.6116877641983,-68.98136094533693,47.85971859521221,158.12712636747264
48.1225,1.2750023731637623,-0.233367558969275,-1.3537766413803467,-0.0050734828161542,0.0208289695743605,-0.0099999794204979,0.0036492886246591,0.0009924835638618,0.0214340681152174,0.9997628572877676,-0.0309265840905273,0.0108402145383686,9.794096505838919,-0.0037774743067987,-0.0062558599433893,-0.0005139674437473,9.13728244775662,3.733473957977021,2.095387740628213,1108.5580109563775,1093.805690463134,1110.108929230406,1119.953024601382,-599.4950862231685,-99.08981647549724,-109.25563406841252,-102.38960576266652,158.1278742782207
48.125,1.4810430299013884,-0.3750926813807731,-1.1018146930820212,-0.001395668867689,0.0206167544026636,-0.0137639086554728,0.0036736344900217,0.0010176491484772,0.0214232275893628,0.9997629993803812,-0.0329809856717708,0.0117154157742802,9.79218976238788,-0.0038731458508166,-0.0063132909968516,-0.000557568090287,9.137273029340381,3.733466083665344,2.095380349881422,1107.0469736854293,1093.5896744092995,1109.7897965977525,1119.4896993041903,-647.410034613083,-89.75410440215433,-171.84992789013617,-281.55911132924444,158.1284935254128
48.1275,1.611557632451015,-0.5313115473798886,-0.7608482155728397,0.0022036750739242,0.0198792045083806,-0.0157936133289607,0.0037078893529897,0.0010378739508088,0.0214058520587152,0.9997632442649732,-0.0346128203671585,0.0128683125486513,9.790538981781465,-0.0039746626944863,-0.0063823986409676,-0.0006031776919,9.137262599252953,3.733457664771094,2.095373589108908,1105.3209607833153,1093.3569199411236,1109.2496795909562,1118.5452290447367,-708.6312032764921,-100.51725533148188,-265.8247552979451,-448.6786263267255,158.1291094278747
48.13,1.688505267087843,-0.6918667474484878,-0.3856587388336219,0.0058204584444966,0.0186239938860831,-0.016853504417706,0.0037437143263442,0.0010525269475695,0.0213836736418002,0.9997635844488124,-0.0357970166992469,0.0141588275193985,9.789166347816929,-0.0040800136808543,-0.0064615805271257,-0.0006517271862066,9.137251703062656,3.733447055727257,2.0953676986227423,1103.503817669045,1093.087088132642,1108.460672821262,1117.2463061725555,-721.3146355151315,-119.00930615141355,-388.6107267218735,-576.4122874153379,158.12972339182787
48.1325,1.7087023678330635,-0.8441211330978674,-0.013335563375987,0.009518130868168,0.0170733998674708,-0.0169190251179354,0.0037774013981791,0.0010640666928428,0.0213572784751383,0.9997640174849574,-0.0365737542520626,0.0155347317013916,9.788093324897133,-0.0041873336689411,-0.0065482028171058,-0.000704854411959,9.137240594130937,3.733433701224563,2.0953629026971154,1101.7143876057376,1092.7618734103662,1107.306625957346,1115.6631676076588,-739.597959898028,-152.1814396900956,-600.4584580534815,-710.9018216884676,158.13033629660683
48.135,1.6708092538953228,-0.9950674043403984,0.3803678380698217,0.0140938441641772,0.0147281281058145,-0.0157025384906469,0.0038068504324268,0.0010773789146894,0.0213288311768798,0.9997645010239594,-0.0370367492265431,0.0169707237663873,9.787340925182695,-0.0042949609231441,-0.0066389089012718,-0.0007647437404614,9.137230245652507,3.7334173200590905,2.0953610625134536,1099.8058278695582,1092.3261809341923,1105.4583805309971,1113.6917970641164,-627.8645526272584,-159.6445970675724,-751.7755697594813,-695.0524606064928,158.1310725473869
48.1375,1.5858849614385768,-1.0743008862596883,0.6346078201687331,0.0179485002460124,0.0118612657672981,-0.0136860161388962,0.0038309236817144,0.0011006110728535,0.0213026470217258,0.999764941326578,-0.0373497863980087,0.0184549809398747,9.786929228375172,-0.0044013759340503,-0.0067300221378509,-0.000833785185679,9.137221089386294,3.7333978565835215,2.095363744570841,1098.5750648425999,1091.963650425028,1103.5477481085463,1112.1879053046243,-381.7258157294284,-130.6530421187076,-824.0952045054077,-534.350987421339,158.1316884198477
48.14,1.4414496577030815,-1.0826533563201877,0.7887001324747575,0.0216133478407844,0.0080080229251307,-0.0107618588848506,0.0038513283366124,0.0011395909396281,0.0212793678145176,0.9997653144307068,-0.0376368331688774,0.0200225366875675,9.786876757165494,-0.0045049814782874,-0.0068180295463536,-0.0009139091314476,9.137212261660958,3.7333760092371526,2.095371329392987,1097.89719879091,1091.6729157235984,1101.3379045084682,1111.0200421270083,-140.15083321586658,-91.45827909964414,-1004.8546566701178,-415.12335631679446,158.13230901344747
48.1425,1.1947002405045346,-1.0023298565543397,0.8520295056068591,0.0254348538365053,0.0032680137010961,-0.0069492964406416,0.003869145032565,0.0011893153949452,0.0212577173642229,0.99976564803301,-0.0378166674741128,0.0216837358473846,9.78720031675548,-0.004604020659782,-0.0068999349123281,-0.0010058382017185,9.137202566574219,3.7333532066536574,2.095381406378764,1097.8743106765212,1091.50635902953,1098.5234748252003,1110.1122885230425,132.59261022387855,-17.19203438637153,-1023.058560021786,-253.85840301419847,158.13306220891408
48.145,0.92514260620443,-0.873260397810681,0.8162688222987424,0.0280199218035139,0.0001014894122155,-0.0043380496322121,0.003885811025239,0.0012402661547958,0.0212411617422417,0.9997658722185409,-0.0377253223461365,0.0234468530744953,9.787912581326923,-0.0046966674160774,-0.0069734184117348,-0.0011085399290983,9.13719192547428,3.7333303362262886,2.0953920235403465,1098.5601618420299,1091.5869555516665,1096.2226117083567,1109.7507501119367,412.5731567385792,88.65979410938972,-862.4014891298564,-85.57727480292839,158.13369938003007
48.1475,0.5863751823097597,-0.7151462662941012,0.7190225471789649,0.0299253090665156,-0.0015802374752424,-0.0027144718046662,0.0039038649456756,0.0012827412805199,0.0212319558782772,0.9997659405436304,-0.0372001763608308,0.0253346506219637,9.789019712262176,-0.0047810354829464,-0.0070369412336815,-0.0012189754740977,9.137180199282032,3.7333081612700214,2.0954010458430643,1099.9371764602151,1091.9496580000773,1094.211467379549,1109.6844021490276,732.0636390462206,227.88949999656128,-764.3368145814422,-2.650666694446637,158.13434960219055
48.15,0.0982230398009441,-0.5402940450222256,0.5707847341973576,0.0313763275667508,-0.0018467076107972,-0.0016187021118478,0.0039214134465272,0.0013089234064018,0.0212298828524518,0.9997658753040268,-0.0361220176921582,0.0272776970842457,9.790520146215597,-0.0048552846107464,-0.0070896680383641,-0.00133226866841,9.137166627572473,3.7332871338811056,2.0954045334915605,1102.2204800372576,1092.7264030516483,1092.4009276354527,1109.7374967784644,904.9829554107793,336.82107900495845,-533.9247461733518,8.576721006234198,158.13514898758945
48.1525,-0.3742181596014431,-0.431879793211794,0.443894425048697,0.0318312079328434,-0.0013385497257071,-0.0010069671725213,0.0039346397478041,0.0013173220551256,0.0212323716651279,0.9997657480576988,-0.0345000543470889,0.0291662967376133,9.792402641765191,-0.0049177932374786,-0.0071313089156698,-0.0014422346379873,9.13715118614184,3.733267082745374,2.095400276274312,1104.4620912372711,1093.6337633951027,1091.5418436486807,1109.7272857540588,914.762984166678,401.5577235415768,-192.81294664391817,-48.43981477544981,158.13583423712439
48.155,-0.902754815201124,-0.3670527996621611,0.3302914568601641,0.0312721216000874,-0.0010680547619808,-0.0005353772725199,0.003944583619335,0.0013114387464376,0.0212368545207983,0.9997656041323107,-0.0324418257443107,0.0309839218312323,9.794644973205532,-0.0049674209132983,-0.0071619347256429,-0.0015422126370689,9.137134552662712,3.733247803290829,2.095388711332226,1106.7942949580931,1094.7341916693572,1091.4368629022329,1109.495297704587,909.7926054128579,453.2549138494717,77.87803568856168,-143.83453708805413,158.13654334030315
48.1575,-1.458174563626317,-0.3235679538141114,0.2334911933086806,0.0295346574531795,-0.001494186842049,-0.0001970134032364,0.0039516804304022,0.0012962711153629,0.0212447483245281,0.9997654055351944,-0.0300856044850229,0.0327001931349257,9.797215326292488,-0.0050037625876208,-0.0071817751802568,-0.0016261972193912,9.13711778901999,3.7332287875178,2.095371500571695,1109.0110542643315,1095.9000379643483,1091.9312338271232,1109.0081130686192,821.6548993429914,452.3720410360471,316.60507656949625,-256.73507828610633,158.13727540627465
48.16,-2.0071160385944484,-0.2757594002690887,0.1579432936715223,0.0258372644077609,-0.0026945682121401,1.114555966017176e-05,0.0039585996561022,0.0012746555112958,0.021255348223357,0.999765155487053,-0.0275267203751737,0.034325659227856,9.800073348477316,-0.0050271394231727,-0.0071911942342752,-0.001689696980083,9.137102462129848,3.733210171331815,2.095351981850865,1110.9025694548104,1096.9960518745384,1093.0198882850812,1108.2116223131559,726.0913149573677,426.90138936069144,566.4428301684724,-402.1690046756464,158.1380390424206
48.1625,-2.594391455427429,-0.1766375115536613,0.0875221182980213,0.0186044986181443,-0.0044397018999743,0.0001811790235308,0.0039661089970435,0.0012489374135816,0.0212649027697887,0.9997649316434728,-0.0248508571533928,0.0358325368938847,9.80317239379997,-0.0050384661529117,-0.0071906291949762,-0.0017303725968446,9.13708925649779,3.733191987417464,2.0953338113014865,1112.6415108391202,1098.0345449111528,1094.7634479779672,1106.99726804524,539.6330787740131,312.8985638862222,671.3171529942623,-463.88184877438454,158.1389967460159
48.165,-2.9779489514394153,-0.0422803692838634,0.0397635577587532,0.0103897534570859,-0.0057753233247717,0.0003066138115854,0.0039742331592848,0.0012270096884989,0.0212719529224775,0.9997647588429516,-0.022250481242896,0.0371811978824869,9.806461189185777,-0.0050390484140289,-0.0071804909952345,-0.0017481343873396,9.137077468855086,3.7331737194057775,2.095319888893747,1113.600734848678,1098.5605446939683,1096.3764740500494,1105.892213069286,283.8062896119394,130.2916803160558,634.991530964492,-427.230191890894,158.13983266991792
48.1675,-3.2144425958010374,0.1495741693158887,-0.0051815190592521,0.0010805830919628,-0.0065130424256699,0.0004519167168928,0.0039878513252271,0.0012146714049837,0.0212731808826919,0.999764682742374,-0.0198721938657896,0.0384275626285591,9.809885872181937,-0.0050302939044742,-0.0071612143894818,-0.0017445573233893,9.137066137979303,3.733154625297329,2.0953118744141097,1114.0605422871806,1098.6860033127334,1097.9384056327913,1104.8611170857844,99.51091941365488,-24.658801244946638,641.9787483578956,-398.13770095240767,158.14071173363536
48.17,-3.3217233521740286,0.4302197618125639,-0.0648646857693248,-0.009668973838059,-0.0063642191006707,0.000638774781669,0.0040083535430944,0.0012059304393548,0.0212659931758867,0.999764757896324,-0.0176289506213807,0.0395566103676993,9.813393890872307,-0.005013639642175,-0.007133267962278,-0.001722157162667,9.137054891386793,3.7331348220729095,2.095308785575149,1114.0982894457463,1098.4372506877435,1099.5863677918403,1103.901524564523,-59.33897437563186,-135.64025172230288,556.7086236551011,-282.2446801856879,158.1418207409033
48.1725,-3.28064422323057,0.68431305534726,-0.123490915098429,-0.017723349587832,-0.0054098005851578,0.0007448237408392,0.0040366589742104,0.001194003756872,0.0212497066097128,0.9997650023351176,-0.0154137019801176,0.040547118386225,9.81693451582466,-0.0049904860685098,-0.0070972547061033,-0.0016836512036599,9.137043533853696,3.7331152414894055,2.0953090331439044,1113.7638474153027,1098.0078020541223,1100.7219487510642,1103.4498936848572,-192.4746872381472,-184.32906736156505,409.96636873857767,-89.87026085424027,158.14279297472285
48.175,-3.13492094545139,0.9259772452487846,-0.1915209176332914,-0.0248746347942692,-0.0034977377151883,0.000644404659775,0.004065138545238,0.0011787556645011,0.0212302034330949,0.999765318693598,-0.0132480680313627,0.0412172315180546,9.820461173294621,-0.0049622353017478,-0.0070538875292564,-0.0016315232023198,9.137032501257066,3.7330958180977616,2.0953105725235903,1113.135916009555,1097.5156053509352,1101.6361996355345,1103.4521732602516,-319.89388688591134,-193.42912436840487,372.81164428881334,113.62951791323763,158.14381843052664
48.1775,-2.8715856785039446,1.1590658864959844,-0.2779408050030764,-0.032585294831492,0.0001649244388935,-1.0026534982540068e-05,0.0040781538284664,0.0011613817937194,0.0212147372043291,0.9997656101887612,-0.0111782118692045,0.0412333433137351,9.823932713030114,-0.0049302238067918,-0.0070040507920129,-0.0015676280192253,9.137021857488206,3.733076021030455,2.095310578619036,1112.1643779808724,1097.04065643228,1102.5860069725093,1104.0180412744237,-371.60035631047464,-132.89524677146156,344.21130849390846,297.98379111689246,158.14511413621875
48.18,-2.593401829612468,1.2786314008823472,-0.3474168108394697,-0.0387758258329402,0.004074455094568,-0.0011642305816055,0.0040661209201522,0.0011435782215873,0.0212075346406822,0.9997658200615144,-0.009253143165092,0.0403867964938186,9.827311693156533,-0.0048956292563815,-0.0069489303900293,-0.0014929966735559,9.137011360242795,3.7330557235509287,2.0953086274102204,1111.2779142280046,1096.8511291170785,1103.3572561780024,1104.9420922158347,-343.5995306515513,-16.153928647955503,326.0117528570996,450.1065268550036,158.14625067410995
48.1825,-2.2628364828160943,1.3014401328739627,-0.4098023063362274,-0.0450641729899469,0.0082273342384214,-0.002597166633623,0.0040250621597049,0.0011324992917452,0.0212094099529307,0.9997659361738788,-0.0076226246485044,0.0385884259814492,9.830564600019304,-0.0048594287563074,-0.0068900943044893,-0.0014081411897292,9.1370007974928,3.7330352173102623,2.0953055126146176,1110.4463803276135,1096.95988678904,1104.2160657367956,1106.2685739086999,-304.47070459734164,97.31727536590849,367.2996956658548,581.932132582208,158.14744891707812
48.185,-1.8957435142479937,1.2425887440596135,-0.4688244794178024,-0.0509024170252451,0.0121380127282431,-0.0037809736890957,0.0039549949438521,0.0011336596287527,0.0212203019093386,0.9997659545712712,-0.0063985054112687,0.035835131408807,9.833662765539728,-0.0048224677775224,-0.0068295332431445,-0.0013132821295601,9.136989988960787,3.733014691973045,2.0953010163676304,1109.7555607050172,1097.3377154939083,1105.1937546563327,1107.8517528787472,-224.1174246835036,210.54891352733696,419.41291437530657,674.3027620912692,158.14870024377456
48.1875,-1.5030083506991867,1.098065722590188,-0.531790397829817,-0.0552239974785813,0.0151790072235038,-0.0046885305888404,0.0038613556335585,0.0011502895837988,0.0212365945783906,0.999765930983604,-0.0056419037070363,0.0322385344336241,9.836582580003837,-0.0047854641996041,-0.0067697252314149,-0.0012085694662396,9.136978761370186,3.7329945740758577,2.0952951444214505,1109.3257932041972,1098.012631356676,1106.3131303086702,1109.6400877191531,-115.3411648669274,345.28988305223294,512.798471747931,811.7997067730464,158.15001770921145
48.19,-1.0364372692765655,0.8523104851793925,-0.6202522800022149,-0.0581941022625336,0.0177703579472275,-0.0057645650566881,0.0037524071282588,0.0011828590770998,0.021250509688173,0.999766004354767,-0.0053551661089241,0.0279745350611145,9.839306477064657,-0.0047490656271216,-0.0067136141492605,-0.0010943677141703,9.136966971805224,3.7329755368262414,2.0952880469654853,1109.178854880683,1099.0641649091679,1107.75774701507,1111.9107514126088,7.4713209008184975,402.35941096668614,533.9567623948366,844.5064105590745,158.15167762994653
48.1925,-0.6749889544805395,0.6072254223144073,-0.7055269031827907,-0.0587684588183688,0.0192867240810058,-0.0065634779671447,0.0036435612172843,0.0012255336322351,0.0212586228971707,0.9997662018191696,-0.0054100228342889,0.0233672990893661,9.841823123880888,-0.0047140449375422,-0.0066644404910342,-0.0009714004950334,9.136955222305543,3.7329576996363416,2.095280848315564,1109.363149808701,1100.0244284115104,1108.9829141206455,1113.8626197719507,123.78960845188008,366.54231535730446,482.94514787837966,793.3893938946345,158.15312833997575
48.195,-0.3527810038949119,0.3404111030899814,-0.7934585416105759,-0.0581288942408139,0.0201981000926661,-0.0075900423342499,0.0035470726715265,0.0012714874585731,0.0212599733280303,0.999766512318974,-0.0056570884264069,0.0186886906736205,9.844129347377422,-0.0046812840061179,-0.0066255834425127,-0.0008410772288952,9.136944693755884,3.73294114336028,2.0952748846506686,1109.7978029229428,1100.896876485955,1110.1724727544631,1115.877698382084,217.5859173598088,322.1365314024498,512.0074682245213,909.0552535989982,158.15465078830775
48.1975,0.0105354556186952,0.0136655062497615,-0.8752594051624561,-0.0578677074353368,0.0206123479162566,-0.0100185185824697,0.0034615365487078,0.0013173474533898,0.0212519274993124,0.9997670025763418,-0.0060186584595803,0.0139528286062229,9.846231369205293,-0.0046516135924818,-0.0066004119344249,-0.0007056418224346,9.136936072679944,3.732926327158239,2.0952704715348287,1110.4510793954992,1101.6351110685212,1111.542951461766,1118.4078960399415,231.0135095762417,195.00280234591656,496.7327256904087,948.3277667313511,158.15656232849253
48.2,0.3271671205979297,-0.2524919272575708,-0.8990047921047747,-0.0587232070318074,0.0203875594724863,-0.0130742982633139,0.0033830396357925,0.0013614009156222,0.0212333262523784,0.9997677187685012,-0.0064493800903708,0.0091338754408453,9.84814315013903,-0.0046256399447887,-0.0065920775742186,-0.0005678409456689,9.136929018252722,3.7329129307064255,2.0952685417954235,1110.9528704708243,1101.8718904976852,1112.6561363829164,1120.6193372157431,153.2129382485107,0.7699430763291883,444.7603733730828,892.6198986450324,158.1582266004905
48.2025,0.6930454032695427,-0.4988681241400937,-0.8553369506353656,-0.0594725162675768,0.0194966563170732,-0.0162746257631713,0.0033088292613351,0.0014040357878969,0.0212049992266395,0.9997686617979612,-0.0069442406313659,0.004237285333639,9.849885650040227,-0.0046035082187017,-0.0066033040834929,-0.0004306168480353,9.136922309422935,3.732900223942969,2.09526942296492,1111.2171440867423,1101.6389607839028,1113.7667533286326,1122.8709955331688,25.674007172552297,-208.02629687223816,486.2848382879168,957.9714853071055,158.15996524243553
48.205,1.1959635159818909,-0.7555182330801815,-0.7216214302443663,-0.0585646872744235,0.0175298076593925,-0.0193430005558885,0.0032361068450281,0.0014459804006433,0.0211684930997458,0.9997698192006038,-0.0075053264832566,-0.0007261993436473,9.851486405460829,-0.0045847561277748,-0.0066362423111196,-0.0002967729305206,9.136914690316944,3.732887623453675,2.0952721966670635,1111.0812405066872,1100.8317590133252,1115.0875605743538,1125.4091946422743,-136.9832408334086,-368.15469230345377,471.7810511081867,857.3958007793569,158.1621371434507
48.2075,1.6489852769145468,-0.9258630608657196,-0.5523619846299641,-0.0559643560271042,0.0151288928815852,-0.0211295756701876,0.0031666367913554,0.0014864544755686,0.0211263903575773,0.99977114273836,-0.0081042311941043,-0.0056523502271726,9.852978268892569,-0.0045683619861675,-0.006692392737161,-0.0001685923160804,9.136905619089076,3.7328748331474166,2.095276413485669,1110.5322278825747,1099.7981873223844,1116.1256585841747,1127.157974537068,-300.81495393135884,-456.6289066835844,380.32517615514377,562.1652425594982,158.1640174456267
48.21,2.0957242435151575,-1.0424590649188703,-0.3424723333865115,-0.0514003961317928,0.0122251038859764,-0.022142897837324,0.0031050498004816,0.0015218721302028,0.0210826674644362,0.999772545528908,-0.0086578182591398,-0.0103794378448652,9.854398464084138,-0.004552921603538,-0.006772574857477,-4.762961763619343e-05,9.13689539294691,3.7328617723533433,2.0952819153156965,1109.5771657370296,1098.548614479906,1116.9891864551305,1128.2200208550732,-425.0550531874752,-505.60475966549853,298.37517654341207,272.56461027020356,158.1659690657196
48.2125,2.501371856389905,-1.113967467301664,-0.1149191025572009,-0.0453396458123418,0.0093135554339702,-0.0225072548796916,0.0030590633132527,0.0015488031790572,0.0210404904713312,0.9997739392496158,-0.0090868532803212,-0.0146848888923828,9.855787011143613,-0.0045368282920794,-0.0068769340606013,6.542901499885592e-05,9.13688356896529,3.732849292520185,2.095287999987213,1108.4069526166395,1097.2701635240592,1117.6175344668904,1128.5207975884175,-474.8230715729122,-479.8329296213343,179.92824626589825,-84.3350362373281,158.16797801679647
48.215,2.819217721465664,-1.1370906070272353,0.1163910001530313,-0.0380386117883197,0.0065873804873635,-0.0222118601210463,0.0030360169988881,0.0015648056069377,0.0209992637643587,0.999775294816488,-0.0093338597933076,-0.0183555724306587,9.857185173287053,-0.0045184636550188,-0.0070048909718615,0.0001708063317001,9.136869673314065,3.732838134918013,2.095293971941128,1107.2030503791639,1096.149449831798,1117.8888276864604,1127.7983456738864,-472.29731513669714,-412.3143960045746,34.7385704909179,-535.6352594088081,158.17005328359224
48.2175,3.065230370520628,-1.1199780296961999,0.3804037739832819,-0.0287265643032598,0.0033964634649083,-0.0213729002674177,0.0030291043655683,0.0015681146688593,0.0209594411674806,0.9997765729406412,-0.0093624624113464,-0.0214616986461516,9.85863408871165,-0.0044965393656828,-0.0071549282592259,0.0002694191240592,9.136854184280644,3.732827457547229,2.0952982644487577,1106.0454660409548,1095.2085915440355,1117.7912273193451,1125.8426212913723,-335.035294085933,-254.1585894581696,-95.48734352606104,-851.0150601784525,158.17261583917767
48.22,3.144287652903502,-1.0764856380356482,0.5786885913648001,-0.020725633483924,0.0009059994985059,-0.0203208595094184,0.0030313787223074,0.0015592915668586,0.0209215664142652,0.9997777016452242,-0.009183651202829,-0.0240824858351164,9.860172042254938,-0.004470356238206,-0.0073244286243993,0.0003628688822413,9.136838090479582,3.732815986628857,2.095300304242232,1105.5278739087355,1094.8786568845085,1117.4113909688303,1123.543270372998,-84.65039661587286,-24.091942087112734,-191.4450549710112,-973.8741427619992,158.17480780017493
48.2225,3.088134347405492,-1.0109730889545727,0.7423014276907026,-0.0125313183322218,-0.0014179194185006,-0.0187792698678019,0.0030394021835951,0.0015400446624202,0.0208870634061786,0.999778544973142,-0.0088305008395275,-0.0262367593111508,9.86183292426646,-0.0044399829982342,-0.0075096373047241,0.0004531857292153,9.136823049502512,3.7328019351562234,2.095300650957487,1105.6222140578752,1095.0881318335998,1116.8340020444896,1120.9732505775598,183.24842979372707,213.59467424511408,-271.46612759579267,-1085.5503123629107,158.17705364259345
48.225,2.87373179671249,-0.9135284780064764,0.8833310172759292,-0.0031762944350429,-0.0041668953282193,-0.0161842134797006,0.003050556573752,0.0015138839209244,0.0208603039753358,0.9997789406740892,-0.0083716452800969,-0.0279373557796495,9.863645128321851,-0.0044062751223933,-0.0077058463395761,0.000542462810795,9.136810168039071,3.7327838738090255,2.0953003044753222,1106.4441160577048,1095.9466302557344,1116.0540603308507,1118.1155188111807,397.8051832960298,402.53554807905186,-284.8907409441698,-943.2604780624781,158.17980503973925
48.2275,2.5894783049147256,-0.8203403466730959,0.9448104733435548,0.0035386192217505,-0.0063637458488679,-0.0134327235088936,0.0030648612935338,0.0014858005566987,0.020844693533115,0.9997789152713776,-0.0079035363384041,-0.0291566008142866,9.86563057310823,-0.0043706260602998,-0.0079078543672904,0.0006326863166352,9.136799148368125,3.7327619611705023,2.0953009496778097,1107.6112399743536,1097.1008095739933,1115.40954833977,1116.2569481872515,523.1261712030171,527.5654219829023,-249.12051756019525,-585.2882661557221,158.18214029156078
48.23,2.222834322739236,-0.7200826466132225,0.942825912979028,0.0089005215781739,-0.0081943996809517,-0.0104874252240956,0.0030779631021761,0.0014567409870623,0.0208396127875822,0.9997785967719616,-0.007443729529146,-0.0299674258966621,9.867804358746946,-0.0043346484796295,-0.0081105183384472,0.0007256587895146,9.136789853534639,3.732737222563921,2.0953030825067005,1109.0597469137213,1098.5844573656505,1114.8084577430493,1115.1890774804003,643.8449970497348,694.3978207745744,-260.35302863233807,-276.37155624069646,158.18451380831587
48.2325,1.7173496144052052,-0.5991956792602644,0.8742084431708903,0.0140025710576861,-0.0101631961806812,-0.0072207692192489,0.0030859207645971,0.0014267510009367,0.0208432460196635,0.9997781058592332,-0.0069907233057224,-0.0304476668026276,9.870174035323599,-0.0042999719625502,-0.0083091647663261,0.0008231755987246,9.13678176074056,3.732710753465396,2.0953060921530913,1110.830464959604,1100.572798677868,1114.1077831966077,1114.8750904060475,617.3777553651847,738.7271945695726,-264.41079375469087,25.245088784800146,158.18739916271275
48.235,1.2576418621275711,-0.5040300407488705,0.7757259872963201,0.017198165441035,-0.0117674181283947,-0.0050137457537728,0.0030892960777526,0.0013955603687169,0.0208506693369826,0.99977758677084,-0.0065337386807567,-0.0305984271626163,9.872739256212569,-0.0042680170301063,-0.0084998791089001,0.0009272291685917,9.136774036627864,3.732683848629627,2.095309432922127,1112.1466356905444,1102.2780933384947,1113.486403774277,1115.3153029243244,465.40369317280073,665.6167782872905,-270.75559583217694,274.289253616185,158.18982910488728
48.2375,0.7700945493375888,-0.4246742733048948,0.657453517281612,0.0194966951983952,-0.0128235477435212,-0.003457654676332,0.0030845133945849,0.0013638130509899,0.0208593762175161,0.9997771243348156,-0.006081040608909,-0.0305129134956062,9.875491897603824,-0.0042399854085797,-0.0086795802273451,0.0010399077063703,9.13676619896686,3.732656657081384,2.0953120123008846,1113.157483425469,1103.900882569306,1112.754005217446,1116.2465366741292,348.8470314227049,619.1649089721084,-318.59154111977733,412.2154725860293,158.19227862889153
48.24,0.2652384404808736,-0.3676721376763376,0.5408108347284765,0.02121649018366,-0.01322959152483,-0.0024291388281951,0.0030697553865486,0.0013327197923808,0.0208709306851223,0.9997766981460235,-0.0056512135980781,-0.0302587002838259,9.878416154888916,-0.0042168689239415,-0.0088459974900415,0.0011634211489505,9.136759015507568,3.732629336666392,2.095313137663967,1113.8908708476588,1105.373917883357,1111.8934460686771,1117.3763802872556,238.98935372325377,538.5523538023231,-375.5683168080628,454.5691021146509,158.19473899795105
48.2425,-0.2506763849872478,-0.3444409028609057,0.4437334437981476,0.0220093899958423,-0.0134038879071944,-0.0019497982744425,0.0030502157085846,0.0013032262667329,0.0208840204429387,0.9997763165648028,-0.0052549181642195,-0.0297724626351646,9.881488921979239,-0.0041992822921288,-0.0089976739119038,0.0013000127704462,9.136753306528052,3.7326025712948327,2.095313416663138,1114.3524301940843,1106.5936443383152,1110.8761636334075,1118.5193821847004,170.9614957470911,466.7561405836181,-472.35942356186047,463.542501741121,158.19720558768407
48.245,-0.8570706012266914,-0.3524596922469374,0.3616165318104812,0.0214083748291067,-0.0138258610945172,-0.0015682315943522,0.0030328957148763,0.0012810725009596,0.0208970963610383,0.9997759771402326,-0.0049978685079024,-0.0289585410432713,9.884680475592711,-0.0041873758387071,-0.0091338501709898,0.001451623737713,9.136748787265805,3.7325771167625854,2.0953136200146565,1114.7456783263947,1107.7076985862764,1109.5316489508668,1119.6940927959624,141.89336422784453,347.1207726994678,-497.49690324940286,380.285882902932,158.2001633920871
48.2475,-1.3215443952422519,-0.3788456589871576,0.3211071329189986,0.0193110449358042,-0.0143768481565198,-0.0011251420116717,0.0030222912925606,0.0012737415737101,0.0209105617879254,0.9997756400125845,-0.0050233150629408,-0.0277733863521757,9.887955626398643,-0.0041806920787256,-0.0092542696492647,0.0016197112861261,9.136744444562298,3.732552859688963,2.0953143283105327,1115.0618970152238,1108.3292482018135,1108.3886791171592,1120.420811599216,145.95141955300815,185.34363354332103,-436.81709892488175,231.7645945865768,158.20261937279056
48.25,-1.6968583946463127,-0.4071193707459243,0.3002573005954463,0.0153633132210908,-0.0155124642863622,-0.0005476749051959,0.0030137500418162,0.0012832808962139,0.0209245414526952,0.9997753013511598,-0.0053735535683483,-0.0263580116004254,9.891275292863636,-0.0041780126437171,-0.009358999511199,0.0018051311470494,9.136738839190576,3.73252895230266,2.0953149859632063,1115.475435424159,1108.634416753992,1107.3475634562444,1120.8529157688943,213.56024846596807,63.62055103665045,-404.3350784582838,128.2795765255544,158.2050572929973
48.2525,-1.988484468760524,-0.4206455821031455,0.2815337312511909,0.008722520492104,-0.017568342520973,0.0003028134510844,0.0030048731132009,0.0013058805238655,0.0209375647366813,0.999774992141746,-0.00597728827352,-0.0248109958933785,9.894597623028538,-0.0041774104741379,-0.0094482504284255,0.0020083132118007,9.13673060206321,3.732504569363957,2.09531587005854,1116.1296982575527,1108.6473509569964,1106.3670037248696,1121.0622094818432,261.4832427946139,-52.23379308278765,-296.35929491735925,35.02404848457472,158.20795111996503
48.255,-2.068571840438239,-0.4051125802756436,0.2581944686574664,0.0021282997004684,-0.0191617515596668,0.001198257362428,0.0029908974090808,0.0013349689310183,0.0209483564257992,0.999774754245355,-0.0067130652639401,-0.023276712576756,9.897879533574516,-0.0041765767624365,-0.0095223370652638,0.0022290999155394,9.136719332391277,3.7324787465363976,2.0953170255962448,1116.7828516381328,1108.373247788578,1105.8657669816569,1121.0280360113172,267.66966707468725,-166.7852953630756,-121.45965631851293,-44.3546615687183,158.21032802068896
48.2575,-1.9669996402479464,-0.3613274528105002,0.2136539969673031,-0.0044788144363775,-0.0201103719624489,0.0023157578349461,0.0029662041446038,0.0013598268074266,0.0209586583402109,0.999774577975466,-0.0073812385489814,-0.0219143700083142,9.90107824416916,-0.0041732751891518,-0.0095817507766406,0.0024667368342064,9.136706321496638,3.732450682201364,2.0953180836111267,1117.4680465929268,1107.8134244801806,1105.7597054432767,1120.8404361739995,284.58146609185366,-309.9370599717167,48.091618297119645,-107.42791010371312,158.2126587920752
48.26,-1.6577641955563127,-0.2823718327245021,0.1290676267797681,-0.0112426166839889,-0.0206915262114324,0.0037339170181657,0.0029311992922031,0.0013738998020117,0.0209689957407146,0.9997744577546964,-0.0078652275944357,-0.020756700571309,9.904152166905815,-0.0041656542221528,-0.0096273931042672,0.0027198696855727,9.136693009081306,3.7324202640733146,2.095319139311583,1118.2057589685908,1106.8235624887209,1106.1062250731422,1120.4908964607991,240.7549873232388,-413.3273093452021,202.08164219483143,-144.64384548702455,158.21539047703223
48.2625,-1.282093414506169,-0.1973699794271683,0.0371970664770908,-0.0154127884382715,-0.0209460307138686,0.0045824436364038,0.0028978998060486,0.0013737949261204,0.0209752317072919,0.9997744449860801,-0.0081088448361832,-0.019598036525433,9.90706186129238,-0.004152361310862,-0.0096608545465186,0.0029865900571726,9.136680236107306,3.732388980082341,2.095321772935448,1118.6718215295436,1105.7467879334536,1106.7701136542514,1120.117216946564,144.96356329038323,-477.19047689545874,335.06958488052214,-163.31104731630887,158.2176040882089
48.265,-0.8450968908591004,-0.0905664812337683,-0.0596902001254414,-0.0174678573447249,-0.0211564646225268,0.0044763126421205,0.0028804121742186,0.0013603538522757,0.0209750164561427,0.9997745455669466,-0.0081409385145227,-0.018180870256207,9.909771329182723,-0.0041326911823375,-0.009684591672493,0.0032642889382617,9.136668252549248,3.7323590506779056,2.0953277216009405,1118.930576785043,1104.4376101042424,1107.7815729975457,1119.6743412242172,65.32905477544348,-617.2361928780149,514.679993929362,-205.3190785209657,158.21974285585392
48.2675,-0.3222409027615671,0.0696999688132053,-0.1559736245633353,-0.0174029541706061,-0.0214232954866555,0.0033796470227756,0.002889455432733,0.0013352246877108,0.0209682951707025,0.9997747270159588,-0.0080088475731209,-0.0163048352040264,9.912249065162925,-0.0041065021851402,-0.0097019022137074,0.0035498408753101,9.136656654476145,3.732332064776436,2.0953376605116096,1118.9984668034203,1102.6606069690663,1109.343513623896,1119.09062155396,-10.96638773323669,-672.8704830862821,622.0503940401614,-215.76798286562607,158.22221211382202
48.27,0.0728339976100465,0.23458807077767,-0.2059224806636861,-0.0161908921694566,-0.0215724450711532,0.0022039435191544,0.0029207440881238,0.0013013299597782,0.020955817960894,0.9997749752266396,-0.0077914243033754,-0.0140564343649622,9.914468995098566,-0.0040741089108629,-0.0097167152567129,0.0038397970680322,9.13664504088957,3.732308370584512,2.0953505997677047,1118.8757448463768,1101.0732576888092,1110.891824967748,1118.5955013098885,-80.68554808065036,-639.9882925529619,656.4078149370114,-188.27690056531907,158.22418125031555
48.2725,0.4040528779879324,0.4317720241597233,-0.2199987356912279,-0.014893989095747,-0.0213702855184674,0.0012158421593901,0.0029663305868114,0.0012630280240363,0.0209388819124743,0.9997752756468063,-0.0075964283065118,-0.0115844323445109,9.916410029395593,-0.0040362411450447,-0.0097330752319314,0.0041310224328481,9.136633321654145,3.732287522601016,2.095365926428366,1118.595039063017,1099.4606655062998,1112.6255526985826,1118.149237051133,-137.27361298905387,-637.8712454203995,708.9174377810731,-160.8849209512399,158.22604982084982
48.275,0.6807470125736317,0.6487898155589404,-0.2088780826008237,-0.013540223947258,-0.0206465278793581,0.0005008482870005,0.0030147334938646,0.0012238669666759,0.0209237111613511,0.9997755236862724,-0.0075148400230298,-0.0090988400163148,9.918055782637788,-0.003994102264083,-0.0097546575976963,0.0044210297057683,9.136622322129032,3.732267822999273,2.095383204063862,1118.1893767814322,1097.88390146171,1114.4364121566502,1117.791076705133,-194.45633017261628,-610.5208636463946,717.6920221058447,-112.2120537173822,158.2278288143353
48.2775,0.895926041751081,0.8727005164462623,-0.1780365504124752,-0.0117328893947294,-0.019109392923589,0.0001023567776984,0.0030556354649697,0.0011838201872674,0.0209138328498826,0.9997756742623664,-0.0075630351276521,-0.0067800866258117,9.919393678603278,-0.0039491368151603,-0.0097844892382204,0.0047083048224312,9.136612728348252,3.7322481171423294,2.0954009163126615,1117.6227574121535,1096.4080611880663,1116.2140128091137,1117.5881767825458,-287.21838956602227,-610.1417082956748,735.9655869090019,-46.38415294973484,158.22949262301847
48.28,1.088022489214867,1.119645669148472,-0.1329879778538373,-0.008896362982299,-0.0160884572378605,-0.0001077738453446,0.0030846856014338,0.0011437057121855,0.0209084424064574,0.9997757555732448,-0.0077676476693975,-0.0046835008775529,9.920413484495247,-0.0039028914537552,-0.009824795026386,0.0049924243010076,9.136604231505656,3.7322282379656047,2.095417422814075,1116.7532848336011,1094.8331929202302,1118.1162400911971,1117.5591559403842,-343.80480554454493,-530.1767334290436,630.8744668052267,24.564607758361092,158.2313472838138
48.2825,1.1958941021712832,1.2845351188580512,-0.0976891107499122,-0.0061110274395595,-0.0125519694794126,-0.0001441887954691,0.0031019320768245,0.0011041103884375,0.020905549351414,0.999775810271869,-0.0081442602392311,-0.0027727615788867,9.921106386136099,-0.0038569004684751,-0.0098769595056193,0.0052738819557594,9.136596566447277,3.7322086441659974,2.095432821055408,1115.9037333844324,1093.7571775209235,1119.3683851431367,1117.7109998213375,-345.46444775715435,-361.7052038851821,405.046549313349,90.6141675073732,158.23276873553473
48.285,1.2534048713716444,1.3867749276247014,-0.0716645811276572,-0.0031821081311044,-0.0083998636115473,-0.0001264593956806,0.0031114260758784,0.001066129079393,0.0209037358143106,0.999775858777748,-0.0087117302776773,-0.0009297062620197,9.92146410657634,-0.0038125975985206,-0.0099414780977904,0.0055538071391136,9.136589083533956,3.732189847282232,2.0954471344458647,1115.0259625948147,1093.0246669008031,1120.1414728377647,1118.0122267779211,-356.2882934131262,-224.1292807759,215.4926368199347,155.56308879841936,158.23405513293395
48.2875,1.2692354989889387,1.4307615174197588,-0.0543690865551163,0.0002189366876186,-0.0036634114389905,-0.0001238540269455,0.0031152966986298,0.0010334949223328,0.0209007900593337,0.9997759414600568,-0.0095366147160275,0.000926505463619,9.921478698198458,-0.003771254488816,-0.0100179297301113,0.005833554260869,9.136581213374692,3.7321719050985513,2.0954606718156445,1114.1222919173658,1092.6365311170434,1120.4458483272372,1118.48881526533,-277.3912642094523,-54.40345148131601,11.940792259712852,185.64532563058097,158.23543634557723
48.29,1.240424570937984,1.4080152213613006,-0.0513298533904711,0.0030278868637637,-0.0002222755229006,-0.0001819628088663,0.003106797919133,0.0010075814979783,0.0208972279373297,0.9997760678159996,-0.0106366541654893,0.0026968997700125,9.921143116360419,-0.0037340238907993,-0.0101049107326768,0.006114327919824,9.13657259264892,3.732153608057061,2.095472445440939,1113.6390062737687,1092.752649643397,1120.2011767990634,1118.9404534060734,-110.09104948888132,132.64266496228208,-181.49964473532043,183.8695673229691,158.2364479523608
48.2925,1.1676551714873264,1.3362597354257653,-0.0580161662386041,0.0059175112864498,0.0028463924568649,-0.000338066077433,0.0030854527743178,0.0009882185180266,0.0208958420504619,0.9997761810629588,-0.0119905961091749,0.00440109612595,9.920450074099715,-0.0037020241074685,-0.0101998218262569,0.0063971612568089,9.136563647678564,3.732133328464972,2.095481978829467,1113.5718366699211,1093.2997444418552,1119.53835010356,1119.408163101945,76.52522087906341,319.2412599850017,-356.2535337874575,202.7534014014108,158.23731077528765
48.295,1.0274911676898006,1.2067847176153714,-0.074467645966445,0.0095459039480153,0.0063302014541977,-0.0006450255852631,0.0030589105949476,0.0009775297609062,0.0208992661100896,0.9997761996848314,-0.0136136834505628,0.0062135432274549,9.91939201296708,-0.0036764341779423,-0.0102989857225291,0.0066825382964023,9.136554641167942,3.732110238557955,2.0954903344126126,1114.0216323781642,1094.3488559433229,1118.4199091301252,1119.9542204130807,241.82435743518164,427.37305179014334,-441.96172667697454,194.37408391258427,158.238170300282
48.2975,0.8681418083126887,1.0701501740246546,-0.0940528899434575,0.0125348513946968,0.0090574953397085,-0.0009636679430058,0.0030341088855454,0.0009766105249815,0.020908084398913,0.999776089171748,-0.0154956758347354,0.0082849555356512,9.917962598246776,-0.0036584870342411,-0.0103980739763057,0.0069698870515532,9.136544965915695,3.732084567375393,2.0954986838038545,1114.780958457096,1095.436609700804,1117.3285414701772,1120.3800335215071,350.48812169216296,449.4209781305901,-451.47950441355175,161.6826383417984,158.2387377697692
48.3,0.6756908476257197,0.9114877667511528,-0.1202168868913693,0.0149137515392726,0.0117471332680385,-0.0012184356254406,0.0030142322390422,0.0009856086469354,0.0209252151743024,0.9997757783884496,-0.017603918745382,0.0106808887612686,9.916157786783696,-0.0036496377069597,-0.0104924880281122,0.007257328516521,9.136535238423793,3.732056465056597,2.095509356656075,1115.774072986626,1096.5959608339767,1116.1625116080563,1120.7626336047904,403.35699454433154,455.65997822213257,-472.8115629652021,143.8832324097521,158.23914841010307
48.3025,0.4720642596740498,0.7422554022267251,-0.1530380116271905,0.0164785746330148,0.0142728560395821,-0.0012680836444858,0.0030038710004197,0.0009993741368817,0.0209487853083993,0.999775296787878,-0.0197957904530517,0.0134813633473731,9.913976295946554,-0.0036514003117939,-0.0105776919528373,0.007541887722511,9.136526659961973,3.7320264166121846,2.0955238681448662,1116.7977434298186,1097.7149095919156,1114.96448365535,1121.0994496835565,378.24932192718575,421.1914178658128,-487.1298627782263,118.94790010857736,158.23942698295855
48.305,0.2800485304830896,0.5760758734456581,-0.1932021616443919,0.0168151618566061,0.0158904928530238,-0.0011642047109835,0.0030070483063913,0.0010143945055074,0.0209772468765744,0.99977466945233,-0.0219577041110827,0.0167446555218553,9.911419901911152,-0.0036654718558848,-0.0106495028988241,0.0078197630466934,9.136520371368324,3.7319948394522977,2.095543623537647,1117.66531959626,1098.701917923304,1113.7268622941674,1121.3573731053327,308.0178944672996,393.48605500397633,-558.2978191144648,85.38445529816451,158.23954334410175
48.3075,0.0909337013553056,0.405786872865144,-0.2410130181710179,0.0159324963551047,0.016313882029435,-0.0013144393795789,0.0030235621906205,0.0010288416096592,0.0210094443153084,0.9997739251617724,-0.0240085658531096,0.0204353807935228,9.908493896715267,-0.0036935012871543,-0.0107044036281993,0.0080868259689817,9.136516286454484,3.73196172155216,2.095568591469944,1118.337832902156,1099.6823398669367,1112.1729945597763,1121.5263719600475,171.0863656210256,325.0097974915363,-584.3550030278686,30.99486301587837,158.2394909596386
48.31,-0.0239776271483301,0.3015300264020252,-0.2676419818483348,0.0146016352701546,0.0156589051641517,-0.0019165766848846,0.0030485047615026,0.0010388303281515,0.0210370066379134,0.9997732581056442,-0.0258276952942601,0.0244142204229232,9.905207114524794,-0.0037365559146235,-0.0107398360201373,0.0083393043614111,9.136513142263254,3.731927902653237,2.0955970974382407,1118.5207514243657,1100.3269669107626,1110.8050872790263,1121.512347420412,-4.216478966649644,227.4453580025942,-563.2051057284691,-42.39598129892547,158.23928353675592
48.3125,-0.1063790620567316,0.2329469788965218,-0.2619166344553146,0.0136303258710101,0.0150165925948206,-0.0031245547102783,0.0030784746705104,0.0010454745898603,0.0210523256964016,0.9997728360387008,-0.0273932650759148,0.0285658238028387,9.901569918607391,-0.0037951653635701,-0.0107541947962253,0.008574430143331,9.136510392687725,3.731894367344611,2.095627727527359,1118.3167505073227,1100.8195666569486,1109.3569690311365,1121.314392053553,-159.393751648085,192.5831698452772,-651.6381430452852,-125.8745554637934,158.2389010748834
48.315,-0.2045400748587289,0.1591401557369051,-0.2021765129786624,0.0134483119162624,0.0154632936170647,-0.0050539146196984,0.0031141002391231,0.0010499146849457,0.0210552045072949,0.9997726581518972,-0.028683841197327,0.0328488428239602,9.897592879189876,-0.0038692553578825,-0.0107467554969054,0.0087908811821171,9.136508261373725,3.731861672845408,2.09565936647839,1117.723782666126,1101.289882759988,1107.546896563803,1120.8829746430938,-254.68409813511855,161.89511704579576,-669.4555589814385,-182.51897785680495,158.23823317875787
48.3175,-0.3166340817586654,0.0713258975660135,-0.1085067895483998,0.0136305834557912,0.016699234012085,-0.0065355622329371,0.0031550876757823,0.0010557699661049,0.02104834763564,0.9997726651521148,-0.029730975928069,0.037200643250741,9.893285813689769,-0.0039579917402196,-0.01071769797877,0.0089888105270772,9.136506283554478,3.7318304150988624,2.095690691153849,1117.0433300166465,1101.629042242178,1106.0096912362276,1120.4017971642686,-287.8549241452566,135.73753262464712,-611.0977279697238,-206.04024185848547,158.23749723315217
48.32,-0.4883962059690633,-0.0763329679040327,0.0126237390672403,0.0136579409046002,0.0179605733740838,-0.0069846687466778,0.0031974513711196,0.0010644711742216,0.0210351652431313,0.9997727982279628,-0.0305299331016176,0.0414825023273022,9.888657317296797,-0.004059566410542,-0.0106680024199112,0.0091697890685855,9.136503853332751,3.731801080068176,2.0957205651263253,1116.2845080453988,1101.9685704231115,1104.4914079239527,1119.8527734338008,-336.619552430681,158.26023893560728,-652.2613192049469,-246.7209571908795,158.23656880231755
48.3225,-0.777340929253427,-0.3371589350198296,0.1537838175865971,0.0133460203859999,0.0187972515512844,-0.0061187344228843,0.0032274349250555,0.00107448666834,0.0210192776819773,0.9997730251943056,-0.0310287898340077,0.0453611990692502,9.883715001467651,-0.0041711528890413,-0.0105993373564029,0.0093364698538451,9.13650001219315,3.7317728714311778,2.095747671574941,1115.3602322544943,1102.420343436855,1102.7483846402058,1119.168192378315,-339.40717092364963,175.03139402283662,-618.654625356432,-252.42215139956716,158.2352258612217
48.325,-1.0814862442701596,-0.6174836760514316,0.2430398755109501,0.0123007040768103,0.0186480501319619,-0.0046304111485839,0.0032357481951851,0.0010860903782572,0.021002296571855,0.9997733401017876,-0.0312185980038656,0.0485943682360776,9.878462306787592,-0.0042890464856455,-0.010513613132745,0.0094924642628617,9.136493203301535,3.731744914013756,2.095770986096547,1114.5874721907799,1102.8437273932263,1101.3981347971692,1118.5906626768024,-315.1371528328334,175.4295513872433,-511.3937512776032,-235.36532291542932,158.23391240252624
48.3275,-1.4249185529666306,-0.9373401113716134,0.2862061507619187,0.0096981285653383,0.0174625006389813,-0.0029745973449575,0.0032239478128195,0.0010998660471496,0.0209838550728782,0.999773742419592,-0.0311023356330943,0.0511572367646139,9.872897221493924,-0.0044089247531544,-0.010412747388896,0.009641923107514,9.13648284896252,3.731717378888785,2.095790385189669,1113.7845464903296,1103.297491193792,1100.1914158838165,1117.9913657637376,-330.77313403471703,179.1363334997451,-453.53688002647107,-248.12070343245807,158.232393987329
48.33,-1.7710374156990527,-1.2601608255122525,0.2915258521890783,0.0057554575797232,0.0153258257661118,-0.0015794620064435,0.0031975826224085,0.0011145673249589,0.020962053176887,0.9997742547927092,-0.0306561837942789,0.0531073252294767,9.867014172436692,-0.0045262541241596,-0.0102987298662833,0.0097887517990147,9.136469223488929,3.7316907049034422,2.0958059439324708,1112.9336065206076,1103.7394090607243,1099.1304503970389,1117.3500591596412,-350.6651502736101,159.5511695918142,-381.3851484002821,-270.47420302196576,158.23070403669243
48.3325,-2.082419827846593,-1.5419732015116963,0.2646694625721199,0.000506376889403,0.0117329195683428,-0.0006733896968427,0.0031625079940252,0.0011283930156362,0.0209401072618456,0.999774794460949,-0.0298555941888153,0.05451361543672,9.860806060827992,-0.0046369003250139,-0.0101735552535845,0.0099358606193609,9.136454158684218,3.7316648843004447,2.095818141878931,1112.0312207389607,1104.0952470417515,1098.284490141814,1116.638994748627,-393.09748113044304,112.82438835981932,-309.2140478667953,-326.2918563231473,158.22880636380006
48.335,-2.3754137979229535,-1.773925169629912,0.2212583035893206,-0.0069339189895503,0.0058113875250909,-0.0001280275719137,0.0031259864964966,0.0011402751749246,0.020921852574939,0.9997752628107281,-0.0287003572123032,0.055479403660304,9.854266104350184,-0.0047373572462877,-0.0100391421745721,0.0100845791913335,9.136439002308254,3.731639954850933,2.095829159771707,1110.9681191149543,1104.3035310025236,1097.584380157704,1115.7185998780246,-365.62297392348734,20.616904684512168,-193.53000410850973,-341.14865745708914,158.2262892047204
48.3375,-2.5334493724248315,-1.8442673908687108,0.1955780042721708,-0.0135272199502222,0.0001301772155833,-2.8971664583549197e-05,0.0031001898239393,0.0011468531137762,0.020906743219681,0.9997756400556048,-0.0271533524875303,0.0562103876887886,9.847389972088898,-0.0048246780084368,-0.0098972191656949,0.010234369756217,9.13642373253588,3.731615774193356,2.0958420435819223,1110.2031058693449,1104.198331565174,1097.3168401212724,1114.9332514613432,-251.68685782669712,-121.38452165971258,-32.12721996040448,-306.2933236487676,158.22399270953665
48.34,-2.5933610195896617,-1.7656435240514987,0.1999518806077315,-0.0199511160086698,-0.0056667827402745,-0.000157717105558,0.0030928510979304,0.0011500720233341,0.0208934463581339,0.9997759287907748,-0.0252924080764468,0.056834332389708,9.8401797363579,-0.0048966984779192,-0.0097494038332785,0.0103825616203925,9.136408315582033,3.731592095558317,2.0958591860484175,1109.7096848258204,1103.6966083942248,1097.423744057902,1114.18713325978,-127.4499933164664,-328.5284498853027,134.18003607991935,-308.83434212676207,158.2214920681304
48.3425,-2.5529363011996975,-1.5044937079559584,0.2515885141358285,-0.0275863653712378,-0.0120465264621316,-0.0003991467309335,0.0030999094037528,0.0011488493694781,0.0208806965982231,0.9997761645963696,-0.0231474216033525,0.0572538509916483,9.832648591967818,-0.0049518749390116,-0.00959731925371,0.0105246780169994,9.136392713954317,3.731568402998549,2.0958813217226675,1109.5658559027622,1102.5556893157463,1097.9877403016724,1113.3890797507083,29.75548759093704,-509.48556512572344,271.1835933536542,-273.39917392571203,158.21825834245
48.345,-2.4301142515474043,-1.172179643855203,0.3323978921760683,-0.0339584408723826,-0.0162704047325753,-0.0005238590960444,0.0031189914927817,0.0011382567479946,0.0208697927785919,0.999776329259847,-0.0206768649561224,0.0574123575583142,9.824820391088249,-0.0049892942846349,-0.0094423207532319,0.0106553631768787,9.136377550511742,3.731543950108637,2.095909105374804,1109.8584622637748,1101.1491805685985,1098.779662024669,1112.8201373901527,194.6868576122056,-642.9489395649747,364.93313893688054,-208.1433584055348,158.21537161944704
48.3475,-2.225262170356995,-0.7697016798127598,0.4384707728814978,-0.0399098945864463,-0.0188734587675436,-0.0003418605201203,0.0031439466542329,0.0011160603531242,0.0208627159510122,0.9997764017242614,-0.0178971442617444,0.0571896639096795,9.816731730015997,-0.0050087310905659,-0.0092857471263426,0.0107689684854206,9.136363255989453,3.731517933586967,2.0959414710400073,1110.5392901908235,1099.34094461792,1099.8124059963577,1112.3483629586804,361.81827424761326,-851.9850239901832,482.8718886053397,-186.05345606656127,158.2122881691446
48.35,-1.9054179631315469,-0.2760797686248842,0.5624283850790086,-0.0459633690261174,-0.0200617998676419,0.0005719237574113,0.0031636235821247,0.0010800934571423,0.0208580897197795,0.999776448982985,-0.0148300356670505,0.0563775138852798,9.808433137616003,-0.0050104216492301,-0.0091292253169859,0.010860275269973,9.136349820648931,3.7314902669900025,2.0959764175226967,1111.667553635014,1096.8892554486451,1101.1940214676968,1111.8898701098194,438.78019362431473,-909.6361202920976,511.46926382790434,-148.69330129717915,158.20836341731376
48.3525,-1.5960440991836242,0.092258253891176,0.6308941840223276,-0.0501349552821474,-0.0195359825315271,0.0021864363543343,0.0031713063793557,0.0010323877817298,0.0208526667929706,0.999776561749632,-0.0115777073374541,0.0548671364539352,9.799987042811587,-0.004995061837315,-0.0089747394264199,0.0109251440797915,9.136336914943087,3.731461894794625,2.096012331717336,1112.733191158943,1094.7927640164637,1102.369752315495,1111.6048964521951,419.5320395906165,-803.5137085070327,458.66645863710977,-89.40246072102101,158.20490762621384
48.355,-1.2652275281652394,0.3629323252048252,0.6231500761936171,-0.0534655586756369,-0.0175762642374561,0.0049225158044572,0.0031625239775275,0.0009766488423592,0.0208460243577646,0.9997767661091964,-0.0082714240712574,0.0526054081767565,9.791467851414653,-0.004963751660713,-0.0088248563988536,0.0109607387080014,9.136323650931539,3.731433869825715,2.096047390686403,1113.765213832968,1092.871686906108,1103.4873537608837,1111.442857806214,386.2449681784553,-709.9674258164673,430.45552874319384,-40.22925879364936,158.20126199562014
48.3575,-0.9333471656887196,0.5261426503742918,0.5305121550466475,-0.0559496635979701,-0.0145966530628429,0.008417046846806,0.003129107290317,0.0009167385615843,0.020837847577405,0.9997770951828902,-0.0050428584552761,0.0494778262910989,9.782962123271213,-0.0049179027333564,-0.008682964754309,0.0109654147694175,9.136309868561085,3.7314073890793327,2.0960797551426884,1114.6644159998364,1091.2429268873796,1104.522029959212,1111.4037501582268,310.01937865408763,-559.531723621612,390.38470288323,18.04680448300864,158.19746067724722
48.36,-0.618600731902364,0.5530269647001917,0.3345689618712512,-0.0572057881967363,-0.0109241209633186,0.0117310081711377,0.0030756682927302,0.0008557358263765,0.020822737808252,0.9997776404268256,-0.0019980797645105,0.0456303311539977,9.774564247673935,-0.0048591739142671,-0.0085528631282422,0.0109387505700204,9.136296023768628,3.731384110064377,2.096109457899948,1115.3153107262372,1090.0740282880026,1105.439277275298,1111.533091828629,218.088123067789,-402.5070906672896,373.3048192988372,96.32652550580659,158.1934738357176
48.3625,-0.2770807646581621,0.4611847864080405,0.0216661979951333,-0.057867674435322,-0.007400533590807,0.0135708823683871,0.0030113879354342,0.0007968555461167,0.0208038252533465,0.9997782996440144,0.0007640069984242,0.0413077960401956,9.766376757833008,-0.0047897631268461,-0.0084385100615841,0.0108809992790802,9.136282941045447,3.731363949106981,2.096137877927079,1115.754856615176,1089.230391434042,1106.3885540557071,1111.885382785756,104.07945014057208,-227.53890105525167,319.269036420947,157.18476201701523,158.1884786890989
48.365,-0.0270210095212146,0.3345415637013604,-0.2495781723517818,-0.0581961140077449,-0.0066597005600964,0.0124911379324478,0.0029425647902506,0.000743872918852,0.0207855956162133,0.999778954071526,0.0031404201543535,0.0367072245114278,9.758510223915039,-0.004712229849507,-0.0083438519661207,0.0107926760720401,9.13627143626564,3.7313466635520807,2.09616663777514,1115.8357079769403,1088.9363337827256,1107.0356224574036,1112.3190156387143,-21.410373588170305,-59.38690320595869,223.1446923082541,190.89903903676796,158.18414357505557
48.3675,0.1867772920437001,0.2318619119543097,-0.4647927476068592,-0.058075027180729,-0.0082760389770705,0.0094513317073932,0.0028776138675361,0.000699170639885,0.0207692380914698,0.9997795500293344,0.0050645671447068,0.0320731408377639,9.751080879012976,-0.0046292162898907,-0.008272347029073,0.0106745937245083,9.136260725521117,3.731332328860755,2.096195752249731,1115.647804747235,1088.9334569180123,1107.5042775172471,1112.839877980939,-136.0435805264601,29.720691699443048,158.40897125955135,232.1527534648516,158.1796342163119
48.37,0.400652481632962,0.1981101191187479,-0.6119630032873579,-0.0571630958020135,-0.0110319700421804,0.0054657951723391,0.002819019124,0.0006636535109806,0.0207555801313551,0.9997800601694766,0.0065054295343228,0.0275386281378471,9.744210166484303,-0.0045433450689107,-0.0082267096992127,0.0105277911361739,9.13625023224041,3.731320131181072,2.0962249012212646,1115.1554900743076,1089.084937241223,1107.8276673137016,1113.4797794060391,-218.79654282586392,59.28339474468581,75.50839206069898,224.91396793491137,158.17402823604672
48.3725,0.5425320926586175,0.253758339087525,-0.6376606903887881,-0.0559237055317522,-0.012447033871743,0.0027636891608495,0.0027712880935256,0.0006385285134239,0.02074320517086,0.9997804983683604,0.0074361432538455,0.0232789187663684,9.73802172370344,-0.0044571598163788,-0.0082084084751106,0.0103537312986438,9.136239249649968,3.7313087730657752,2.096254268091123,1114.5538220331055,1089.229873891736,1107.881819477551,1113.964447820614,-273.3101167347498,47.7876741476828,-23.93045097203315,171.284441525105,158.16919994142577
48.375,0.6472489406883722,0.3675901317033424,-0.5845971591746886,-0.0543049372502883,-0.0119875756449139,0.0010222171714677,0.0027299831494942,0.0006245426629616,0.0207322445780451,0.999780871330811,0.0078447152390999,0.0192946940995839,9.732641073830129,-0.0043732151640763,-0.0082176543790798,0.0101542036504742,9.136227682440573,3.7312966820657776,2.096283581232987,1113.7889394906351,1089.3238756119613,1107.7080150588415,1114.336201613664,-364.76225341918024,30.94830360781175,-125.31200587102404,125.36374872622704,158.16421671726357
48.3775,0.7337946945021898,0.5146690847417684,-0.4710577508825978,-0.052299673302896,-0.0094965171210048,-9.541727675028551e-05,0.0026859300115396,0.000616590278232,0.0207243534211274,0.9997811718794521,0.0078402288171635,0.015489270536244,9.728193079682292,-0.0042940621380022,-0.0082532933900626,0.0099315034759009,9.136216543040431,3.731283050654016,2.09631188972884,1112.7300107660112,1089.384615409775,1107.2552594481965,1114.5912665642447,-402.9920505636467,23.362226811820488,-199.93547293328223,54.37171873774734,158.15806781024105
48.38,0.777542401843421,0.6098332523383057,-0.3645652514905135,-0.0507202747009924,-0.0067365659625512,-0.0004375540628746,0.0026333862299974,0.0006094651188431,0.0207237260312325,0.9997813337147164,0.007543478170088,0.0118269002431583,9.724799224744686,-0.0042224125806602,-0.0083127846183569,0.009688510173934,9.136207806352795,3.7312674781665742,2.0963390300015154,1111.7739792378159,1089.4406867460204,1106.7083376941748,1114.6080602073528,-385.22102550963,39.21663794942828,-241.3225806520261,-38.85626687381604,158.1528108772468
48.3825,0.7951831215015178,0.6542367499957424,-0.2726036692498076,-0.0491024392961843,-0.0043796147933017,-0.0004351333676229,0.002569831614532,0.0006001071904209,0.0207354010572725,0.9997812643506976,0.0070422560504987,0.0083266136231247,9.722576184190824,-0.0041609873667693,-0.0083924924900287,0.0094286022566915,9.136201856841968,3.731249139227715,2.096365472153219,1110.803905638462,1089.5806985995223,1106.0486465449355,1114.3969852298756,-380.5434554534991,80.24994563500536,-271.07209455823164,-120.360901929071,158.1474260048128
48.385,0.7906911548808204,0.6545342760079644,-0.2038851530567723,-0.0472690772718722,-0.0026390712666128,-0.0003097197554791,0.0024952895631867,0.0005905297824776,0.0207556984193634,0.9997810399766724,0.0063327061170593,0.0050477148420467,9.721634466098008,-0.0041120836334898,-0.0084881314019593,0.0091555686921458,9.136197508280263,3.731228633462929,2.096390359546201,1109.87126196055,1089.841936474195,1105.352977221385,1114.006255697708,-353.1129706887908,139.94651691452535,-273.94747893276497,-187.8541825604719,158.14194260504811
48.3875,0.7566349585768328,0.607049538691866,-0.1656809582832702,-0.0450687281857058,-0.0014339202588936,-0.0001814086615778,0.0024177085924006,0.0005833111655303,0.0207771659485396,0.999780792034445,0.0054081505127388,0.0021904948159266,9.722076597880118,-0.0040772689460529,-0.0085949788792298,0.0088736602972497,9.136193853725239,3.7312070452383983,2.0964133977850947,1109.0383407850172,1090.2804311840953,1104.6789091502712,1113.4577143170727,-332.5358065377831,230.5212693161778,-280.71591602519413,-251.52996336515437,158.1363497212425
48.39,0.6812926757973312,0.500090056351596,-0.1461994108901856,-0.0423241503964798,-3.738249802427032e-05,-0.000164365955116,0.0023429303799684,0.0005801724551175,0.0207947587944078,0.9997806093349852,0.0042811992075645,-0.0001007412868579,9.723996824801649,-0.0040573076173254,-0.0087082490250132,0.00858728883741,9.136189977249671,3.7311849069357086,2.0964347653894104,1108.2085829278603,1090.9945428207764,1103.9493976412582,1112.7486058808815,-271.5883753781978,282.4931161164227,-252.69317072411712,-245.03074772450876,158.12952398537547
48.3925,0.596154163063419,0.3698959989362804,-0.1387709607492984,-0.040580301313578,0.0012439192195779,-0.0003445296758235,0.0022746180884509,0.0005861228177661,0.0208054625868475,0.9997805447352328,0.0029010950503357,-0.001738086386383,9.727479734158024,-0.0040522068787945,-0.0088231966080278,0.0083008454221059,9.1361851425855,3.7311621936284314,2.0964555909208946,1107.6803989081275,1091.692896764676,1103.4154432966518,1112.2325605784513,-177.07661575545936,281.292282611086,-204.09892329279063,-164.82265924278843,158.12374981336256
48.395,0.5020138591278454,0.1982677767256326,-0.1203034956272759,-0.0397530597973898,0.0024440445870493,-0.0007963092809721,0.0022123107711951,0.0006051144844412,0.0208091201522586,0.999780602717782,0.001235362526084,-0.002729873290813,9.732599207914477,-0.0040612547770679,-0.0089351873695487,0.0080186386956092,9.13617883767783,3.731138846126505,2.096476383042485,1107.3231998490824,1092.4010042338327,1102.9289030247935,1111.9244925846674,-122.17743816707414,288.0085434156517,-215.44181787797132,-67.92698068239751,158.11789751580778
48.3975,0.3924401295370101,-0.0462980577123223,-0.0619039979551675,-0.0390525669790208,0.0032920350717542,-0.001664582841803,0.0021528320939907,0.0006301785442384,0.0208089999574503,0.9997807254580952,-0.000539401289418,-0.0031571407420836,9.739417401479068,-0.0040830591231224,-0.009039710016979,0.0077450400804326,9.13617200930302,3.731114533266711,2.0964969289877007,1107.0695117172916,1093.132939481755,1102.3382342072612,1111.8929256750391,-68.5213312060737,230.6473454790927,-225.3564552373749,48.490843017906165,158.11079779321045
48.4,0.3073143240081973,-0.2680444641607057,0.0295401668549727,-0.0383418412066033,0.0030410991015789,-0.0025695720656165,0.0020964245978692,0.0006513632537809,0.0208074418944441,0.999780868114748,-0.0021907084650348,-0.0030503642523385,9.747983299188796,-0.0041157603733276,-0.0091323823998953,0.0074846166067157,9.136165329072616,3.731089364947704,2.096517299676692,1106.9805931930523,1093.5542409612272,1101.8021207486079,1112.1669467997567,-14.15966457815742,110.70048069753987,-225.23105858369792,162.83531374216037,158.10482722373743
48.4025,0.2274688754153268,-0.4862005253328373,0.1690276071932708,-0.0375968942157191,0.0018201126502248,-0.0033355009011199,0.0020389785275012,0.0006635375580217,0.0208068544582801,0.9997809914527084,-0.0035863407938135,-0.0025364655183144,9.758332209288112,-0.004157215318174,-0.0092091664189882,0.007242006554919,9.136158344814463,3.7310626756383134,2.09653745373584,1106.9987133944007,1093.686441885243,1101.2120789143423,1112.7071022437503,34.42986579419142,-24.056026006734527,-261.4129882540082,273.845703650928,158.0988127354912
48.405,0.1363026331422147,-0.7201441868343516,0.376602746425831,-0.0365799924912859,-0.0002949787713904,-0.0033991558340763,0.0019744242474191,0.0006655808666626,0.0208086581345673,0.9997810793009344,-0.0046788774669247,-0.0017912446061798,9.770484603819463,-0.004204974938131,-0.0092664897152958,0.0070220272815328,9.136150412530334,3.7310340086838103,2.0965566203504458,1107.1527425220236,1093.4339608311934,1100.4950558073372,1113.536175318012,86.03530044755283,-165.496240372991,-249.0678938958345,309.61949220023564,158.0915592675719
48.4075,0.0669387183629253,-0.8789365612826712,0.5598097134172658,-0.0358390351857717,-0.0023808553209464,-0.0024095106669697,0.0019024411776033,0.0006621360220555,0.0208100990953903,0.9997811852053368,-0.0055381183067853,-0.0008862033397168,9.784444541177056,-0.0042563188530537,-0.0093013896968589,0.0068298033368051,9.13614169999708,3.731003961622924,2.0965745880063342,1107.4288898966383,1092.8589606833789,1099.9667394448643,1114.25519970475,156.9115384436934,-299.00931765894876,-172.7015851011882,264.36772597103413,158.08549568632623
48.41,0.0153633560639423,-0.9890335430149492,0.7192032310171373,-0.0355986261838277,-0.0045505840550357,-0.0004647785491404,0.0018253726370919,0.0006566112495892,0.0208088265981986,0.9997813520082416,-0.0062162943147372,0.0001513829804652,9.800199251323475,-0.0043083642148633,-0.009311755410699,0.0066706901172526,9.136131499547984,3.730973060026044,2.0965912985066284,1107.9373002142424,1091.938914242898,1099.6315478818308,1114.858013947868,299.1212783563076,-458.79151096241173,-72.11759667562494,216.21119583799407,158.0794259461896
48.4125,-0.0066046647407952,-1.0532127303240724,0.8461916718818909,-0.035938968587825,-0.0073008341820418,0.002784972013269,0.0017493992643762,0.0006507629643456,0.0208040429906962,0.9997815862599172,-0.0067392795882332,0.0013645830612963,9.817718353645052,-0.0043582657029498,-0.0092964651320093,0.0065501970746041,9.1361188590996,3.730941530965613,2.096607721754345,1108.9244962884206,1090.5650031285656,1099.606151461486,1115.3362556839406,438.1561918395511,-518.1523773984446,73.391323382269,131.97943207508794,158.07215145639128
48.415,0.0216028845721908,-1.03987286275286,0.8803275503899716,-0.0369590337279518,-0.0101189185972174,0.0061314011641055,0.0016850593326411,0.0006412451626476,0.0207982551619175,0.999781819614152,-0.0070377794850279,0.0028794148956744,9.836953336858548,-0.0044034809149017,-0.0092554729096036,0.006473985234141,9.136104457035495,3.730909387569212,2.096625398926927,1110.1280811734382,1089.348152355908,1099.9985044987416,1115.5179111082427,568.5416215747684,-453.9177952219185,257.4806097351986,41.53034985718172,158.06610934174412
48.4175,0.1029221165897112,-0.946240902043192,0.8362546581578613,-0.0384373310395055,-0.0133435400567435,0.0096362403445377,0.0016376898815077,0.0006219875979614,0.0207920284104263,0.9997820349719096,-0.0069965947290973,0.0047213381568472,9.857837891986199,-0.0044419980927424,-0.0091900500304171,0.0064477682535355,9.136089017637167,3.7308777972493297,2.096643888332796,1111.767204396296,1088.295414152455,1100.8935545101626,1115.5439074332267,726.271798153531,-352.87883564628964,441.95027348919336,3.4619276902940808,158.06010310318183
48.42,0.2156087264151529,-0.7848346140206982,0.7416139116382289,-0.0393996373210256,-0.0162548983388178,0.0124838901653697,0.0016109222662419,0.0005910420386198,0.0207846842323579,0.9997822428379456,-0.0065867013279266,0.0068890632550286,9.880287212603111,-0.0044726329363567,-0.0091027123297867,0.0064774756175483,9.13607317294124,3.7308484439387337,2.0966622859232,1113.7594401642075,1087.5837581776757,1102.208255866189,1115.5352207466942,871.5374960484692,-152.33756154466604,613.7225046852234,13.850170648642097,158.05413834825114
48.4225,0.328803558665488,-0.5527629341394569,0.6211966891297717,-0.038883677929201,-0.0182456574344754,0.0138002437563443,0.001601852874721,0.0005506193738893,0.0207760299394962,0.999782451039665,-0.005867485313418,0.0092611846712213,9.904198570512936,-0.0044951411636164,-0.0089970734529411,0.0065692353983458,9.13605809693363,3.730821888187117,2.0966807664005693,1116.1248918765343,1087.5337263447323,1103.962167033586,1115.6131582864696,1107.6488308206326,186.19478880268184,842.8635969326259,84.78048821771365,158.04823851673487
48.425,0.4041791161203762,-0.2183726649747995,0.4970588362297297,-0.0367180482828877,-0.0194292034261593,0.0137145817827495,0.0016053702906136,0.0005004970496156,0.0207669169890533,0.9997826511507816,-0.0048537839526115,0.0116798514926636,9.929451652051274,-0.0045100806620424,-0.0088774462890651,0.0067295056520642,9.13604474818594,3.730798489365388,2.096698724220321,1119.2976843183137,1088.5147321216896,1106.422573850854,1115.959123187783,1205.714302701628,559.7560397635654,935.8320385504829,187.61205172840567,158.04125414514704
48.4275,0.377592751904493,0.0847579760528708,0.4351538080900954,-0.0344242861781296,-0.0195133630700794,0.0130463477004929,0.0016156234942842,0.0004468229928498,0.0207628997602918,0.9997827352314484,-0.0036884760852656,0.0139844558631903,9.955909050971425,-0.0045187727501761,-0.0087483872633441,0.0069649437431589,9.13603403439189,3.73077812612404,2.0967152238868327,1122.1534633900455,1090.3325065435515,1108.6413272263408,1116.5512185451123,1176.9685333444404,942.9217782011101,895.3832158395429,317.27645554921514,158.03552906084155
48.43,0.2308079823942835,0.3874209906967668,0.4190294336153663,-0.0325302690994282,-0.0188776022862711,0.0131342095422417,0.0016219823343723,0.0003966008239333,0.0207702314854549,0.9997825896354972,-0.0025350502618614,0.0159291688547979,9.983418308293887,-0.0045228165821985,-0.0086143908973947,0.0072821575182003,9.13602563085735,3.7307601643865382,2.096728830486806,1125.1825269850303,1093.2293410126908,1110.8994899300478,1117.5455054655276,1372.5065811405584,1499.7209101535248,980.4251812298376,543.1214449287331,158.02992258000688
48.4325,-0.0895566139976439,0.7216474297163507,0.4275076334532387,-0.0311834236500327,-0.0173699049955939,0.0146494958822135,0.0016112289517792,0.0003524388958019,0.0207884711191869,0.9997822437184384,-0.0014718328186651,0.0172233239164698,10.011813770545787,-0.0045235140290725,-0.0084796137888865,0.0076873741546287,9.136018450810493,3.7307429977461246,2.0967393927777835,1129.0159962957518,1097.8311110943228,1113.5434531324925,1119.2668257697571,1442.7186027565208,1835.537773043204,948.8420189948704,722.4328160480524,158.02335617166315
48.435,-0.4658080019227407,0.955034258976987,0.434926235345132,-0.0308896745640226,-0.0152256622252874,0.0164859447794507,0.0015806193093634,0.0003164069269749,0.020812261091298,0.9997818090671537,-0.0005622054261239,0.0177941431495244,10.040917373032148,-0.0045216784379314,-0.0083474896687661,0.0081860826007519,9.136011592777065,3.7307260820956216,2.0967485793970964,1132.3961199988169,1102.4070298779116,1115.6437000250246,1121.1576695457695,1393.8950783586224,1916.912265573016,815.433599995063,847.2047895890202,158.01803722982024
48.4375,-0.9272766178822178,1.117382944242583,0.4246312527866572,-0.0316079515019804,-0.0119759732263952,0.018193969654111,0.0015323443765737,0.000292574336093,0.0208390384695917,0.9997813326757992,9.325731009349017e-05,0.0176786720492218,10.070542186700076,-0.0045176959924435,-0.0082206799595222,0.0087824215837685,9.136003629288687,3.730709064724488,2.096757889506915,1135.9854716875386,1107.4156724221791,1117.620621132464,1123.5028497176986,1622.0430991237408,2212.0003434899554,848.979182449283,1122.5850738209579,158.01290042904975
48.44,-1.5270915959701077,1.2119100071288744,0.3864887576950418,-0.0343161449487355,-0.007280158952002,0.0197915930497824,0.0014706783681444,0.0002848532971634,0.0208669368174536,0.9997808464347586,0.0003987975856828,0.0169657555683087,10.100496384023835,-0.0045115339378475,-0.0081011470701302,0.0094788428699531,9.13599317253692,3.73069213920056,2.0967683279727396,1140.506335494428,1113.4670315953513,1119.8885959372672,1126.7705949148694,1679.9510353756023,2159.987823583365,826.9286924168543,1257.060345236544,158.00697463654072
48.4425,-2.0155489765190224,1.2071344493970264,0.3367382009065483,-0.0385261900780789,-0.0032590050987865,0.0207248163583448,0.001400682147501,0.0002884068928602,0.0208919267528868,0.9997804277869934,0.0004371408854876,0.0157655571438404,10.130587476602495,-0.0045027915348113,-0.0079902216885971,0.0102760273676569,9.13598002168664,3.73067546086576,2.0967814334612744,1144.3852268644207,1118.2156115401017,1121.7552645945505,1129.7881514438843,1547.1826845063604,1774.9278877629436,762.1184188114705,1241.6381560747154,158.00225444612275
48.445,-2.427808919655429,1.134568007659258,0.2760915048975016,-0.0447034170698139,0.0003067923645679,0.021281961150183,0.0013220524617329,0.0002942156023786,0.0209125767545445,0.9997801078416064,0.0003775664010453,0.0140854238203136,10.16062696854946,-0.0044911836239321,-0.0078886903739267,0.0111727568317776,9.135965422158215,3.730658744523613,2.096797160906511,1148.242248916964,1122.3416710341703,1123.6991880313265,1132.978785695246,1510.8432697107771,1518.3306442887608,805.2062744732714,1281.8674154589933,157.99778109461383
48.4475,-2.733774185169912,1.0321565666039472,0.2117556840921486,-0.0520661753915631,0.0029840009334242,0.0216304176152802,0.001238866379345,0.0002970182877999,0.0209325012221698,0.9997798053813656,0.0003200653241421,0.0120288324280443,10.190433022778851,-0.0044770198922367,-0.0077965989034788,0.0121660954890435,9.135950721111737,3.730641398480607,2.0968162673549133,1151.939443212968,1125.8072647615384,1125.7812959669131,1136.1974885211737,1399.7311980829752,1218.5875094970147,877.5303367128402,1266.7664827827025,157.99352587279495
48.45,-2.8751906780771193,0.9319095848347316,0.1464232121644312,-0.0603738578197514,0.0042735551979248,0.0219430612433026,0.0011578297575784,0.0002923966715029,0.0209560035179826,0.9997794231483346,0.0003530253302221,0.0097582932608742,10.219834383514431,-0.004461209020877,-0.0077133778669636,0.0132515201168388,9.135937021963842,3.7306230240677984,2.0968400321316416,1155.2409049073824,1128.4346085816587,1128.086839714893,1139.3126181091627,1306.783625810126,981.6398546409779,1067.2825625075343,1319.4889776501966,157.98954760141115
48.4525,-2.8357444763246815,0.8526671015848025,0.0681051379122508,-0.0704945681178558,0.0050475579026383,0.0223527099728277,0.0010812922540678,0.0002824131128318,0.0209868560767529,0.9997788788815378,0.0004345826541441,0.007354131745883,10.248674109961527,-0.0044453516478947,-0.007638175096387,0.0144229987865528,9.13592533992533,3.730603335298144,2.096868895293023,1158.473361342022,1130.715464034746,1131.1177087794536,1142.794933409428,1027.6973470606915,720.4937477338904,1146.4166058753983,1224.7864709135908,157.9851088736737
48.455,-2.6373665249939005,0.8312485887253969,0.0036729560833653,-0.0780640159595108,0.0056533498240708,0.0225591481495421,0.0010106234713086,0.000275628682695,0.0210251805802621,0.999778163463716,0.0003916679365757,0.004881539169925,10.27681157539992,-0.0044315598008357,-0.0075700297203969,0.0156733778754658,9.135915701040256,3.730582834286916,2.096903477616568,1160.3793916426812,1132.037077320325,1133.8189227442647,1145.436550463725,567.3313241650984,450.8268649459719,1098.4748694902755,1006.3190094108304,157.98169810689262
48.4575,-2.29949600826284,0.8444052614469151,-0.0573413351014532,-0.0840100904365635,0.0065878315772659,0.0223298517857087,0.0009436072853106,0.0002746675025361,0.0210696791681877,0.999777301692802,0.0001734255595457,0.0023304234312683,10.304124488589954,-0.0044218752936542,-0.0075081474331328,0.0169948362982538,9.135907847378576,3.7305624371709647,2.096944080383856,1161.3100179628489,1132.969598359477,1136.6100831269075,1147.8265284564848,169.32702455215326,365.0399203335789,1225.258098550158,1014.2237905662836,157.97859451536186
48.46,-1.7817332584974899,0.8607096387393617,-0.1241876967153862,-0.0892663414106147,0.0087145909696563,0.021704105965113,0.0008752862263058,0.0002835698946503,0.0211172239464827,0.9997763610945136,-0.0002990133502873,-0.0003656252156935,10.33050930045402,-0.0044181844222077,-0.0074520128781414,0.0183792655564285,9.135900992139801,3.7305424062524497,2.0969913072915927,1161.2260267654424,1133.8622769219935,1139.9452132370186,1150.507669416559,-224.06615647730544,313.1243005262269,1206.1851511243788,973.3998198189724,157.97523162741126
48.4625,-1.289384812155949,0.8366024403572321,-0.1761273594219726,-0.0924101490794464,0.0115718442805788,0.0211692351106392,0.0008006231750661,0.0003038892494113,0.0211656539747014,0.99977539233083,-0.0010513056863259,-0.0032770076909104,10.35588079661884,-0.0044219195029827,-0.0074013135739756,0.019818809004244,9.135894398995994,3.730522639983732,2.097044987425699,1160.1896871804631,1134.5352198621067,1142.641008882524,1152.6935275555752,-586.3751393572056,269.7970896572299,1048.9886579321228,889.6382295070903,157.97273335833657
48.465,-0.7636356518916397,0.7326886221177202,-0.2300976198602893,-0.0945043842172931,0.0149177975631203,0.0207703945827078,0.0007187677619957,0.000331831890131,0.0212126941692214,0.9997744478891112,-0.0019948889365032,-0.0063910964987397,10.380170810124072,-0.0044337852086016,-0.0073557581340158,0.0213064115236028,9.135887243214215,3.7305030896786735,2.09710432714306,1158.2941510686549,1135.2112623702803,1145.190156526682,1154.955860564097,-978.1861488144839,302.6179623927235,1076.6457668396874,1032.717778837031,157.97055297961364
48.4675,-0.1194059795367235,0.4927448105625855,-0.30502869463493,-0.0957331790691671,0.0183482860519322,0.0204186491639094,0.0006336878523268,0.0003598343012576,0.0212550161244197,0.999773599207016,-0.0029592355617142,-0.0095975906333396,10.403326523182043,-0.0044537458423291,-0.007314976884699,0.022836198723033,9.135879455556955,3.7304837642729582,2.0971692325706783,1155.2987564363884,1136.048309674071,1148.024237716725,1157.8571164497628,-1170.0467164572,308.7898075972669,991.566846355992,1098.2529221294028,157.96830512876036
48.47,0.4124871281956088,0.2000718030172829,-0.3785969811472154,-0.0954611380865197,0.02024663626172,0.0201225814594175,0.0005438700848685,0.00037602976797,0.0212885413892391,0.9997729375780908,-0.0036855614950014,-0.0129025230750493,10.425308883753178,-0.0044810234332598,-0.0072789357081882,0.0244036188989566,9.135871388461416,3.7304641652718336,2.097238426604831,1152.443917486374,1136.7552114082655,1150.1479907584571,1160.447125174739,-1156.0053237458303,278.4056195039224,782.2898325848746,1060.8890354383705,157.96673892860156
48.4725,0.9201977862598432,-0.1647144038943545,-0.4597183994912643,-0.0935369994580785,0.0208480325979409,0.0196357594991737,0.0004487182544708,0.0003747689354894,0.0213105676603431,0.9997725224702924,-0.0040440445784465,-0.0162912093201962,10.44608906959106,-0.0045146519363391,-0.0072476754390662,0.0260056094811147,9.135863648553398,3.730444506933261,2.097310861367922,1149.5187298176563,1137.4403377715914,1151.9356868796517,1163.1615616269576,-1139.4119049643987,264.37776247507946,641.8251671745011,1087.4517999532948,157.96549007801843
48.475,1.3951207326267872,-0.5607655218991874,-0.5376687231081332,-0.0902231472327343,0.0201828153041074,0.0188392894235886,0.000352273907535,0.0003583378141443,0.0213224088871967,0.999772321171253,-0.0040705937646457,-0.019649327951558,10.46564533192138,-0.0045536853510003,-0.007221090684196,0.0276406157294245,9.135856663478174,3.7304254978568174,2.097385667831253,1146.7468579615493,1138.0771002206416,1153.3571165943315,1165.8843841745083,-1028.3064143523718,234.45965169642884,458.1212457635121,1057.3006685697756,157.96450257439432
48.4775,1.8217779954912456,-0.9544789717282636,-0.5935828020044386,-0.0857791861292893,0.0179020403974947,0.017537712735843,0.0002577785578609,0.0003318459648371,0.0213275546117245,0.9997722558859669,-0.0038647820195606,-0.0228783705750616,10.48396065492706,-0.0045969143402899,-0.0071991642155001,0.0293083757689896,9.135850379705877,3.7304072117706815,2.097462644838516,1144.3771977458991,1138.6126360300725,1154.2262931084672,1168.4480649698016,-906.3724990106404,199.94257166948728,234.95720224547568,1039.6982708940552,157.96382701223516
48.48,2.277830687126739,-1.3761970314101235,-0.6078506207808158,-0.0802255019790711,0.0134715913724277,0.0154316670740014,0.0001680601578828,0.0003015560163406,0.0213293500214795,0.9997722540069528,-0.0035558984127355,-0.0258886583439894,10.50102029177878,-0.0046426633878545,-0.0071818977443063,0.0310096610076188,9.135843840371539,3.730389408995853,2.0975413538001053,1142.2149954664935,1139.0768130789895,1154.5319026055595,1171.0828755289813,-657.9539254122936,131.58179676049804,-11.990161661372673,855.271402879197,157.9633716169751
48.4825,2.613194257053846,-1.6598146389889055,-0.5575923064545094,-0.0754567198659189,0.0087949546018275,0.0134971755992962,8.396991499520457e-05,0.0002724479788848,0.0213291200957555,0.9997722881071872,-0.0032530131874527,-0.028633668350069,10.516809889498628,-0.0046885957793489,-0.0071693647511324,0.0327459253532598,9.135835363384162,3.730371574204333,2.0976214311291965,1141.087428118836,1139.270545013875,1154.1663423001603,1172.7244219841998,-298.18181265327274,29.207895659946377,-255.55797783277336,505.6999013734691,157.9632837781248
48.485,2.8937398741680944,-1.8592725872235552,-0.4284328784432934,-0.0696763660794455,0.0040320988744801,0.0115798620936935,8.580689551166679e-06,0.0002492569318583,0.0213238971626786,0.9997724202897568,-0.0030647428117623,-0.0310218185565943,10.531314002665344,-0.004731885787257,-0.0071614396676414,0.0345189375221313,9.135823588800509,3.7303535794328138,2.097702677438671,1140.7240864032287,1139.2228525572891,1153.2541127163968,1173.6113750358463,16.478807000695024,-80.70476339467369,-481.49649837021497,193.27402610505604,157.96349343131195
48.4875,3.1382352561990032,-2.00227057509986,-0.1792222174313742,-0.061024163863754,-0.0011810741249656,0.0092792609814451,-6.10203795386488e-05,0.0002314670790513,0.0213108926112211,0.9997727086052476,-0.0029967820383627,-0.0330917519878457,10.544515799908927,-0.0047692958738846,-0.0071583155227043,0.0363302323600293,9.135808764057849,3.7303356713637785,2.0977850755203065,1141.1698221538395,1138.8670211969015,1151.758859808308,1173.6907921147256,300.4130262718545,-178.7514592408565,-572.6987255489147,-134.5318034270115,157.96408307536842
48.49,3.2385438208132356,-2.043624931027576,0.0955354495153299,-0.0524678428481264,-0.0054603870623817,0.0077062478755444,-0.0001259987728145,0.0002168046463027,0.0212887078328664,0.9997731831570597,-0.003020629494167,-0.034848731389521,10.556396920620232,-0.0047978078093945,-0.0071599849898002,0.0381806951141798,9.135791609079895,3.7303185829855288,2.0978694791458294,1142.2261515345888,1138.3290952610844,1150.3906190886507,1172.9387160187107,541.5331125606294,-258.8487446335501,-524.403753795354,-447.3332276641007,157.9648520220612
48.4925,3.207927431833913,-2.0003037457199735,0.4045417116667513,-0.0431864055146589,-0.0103648076207732,0.0074890115826135,-0.0001856279859621,0.0002039905726915,0.021261041710437,0.9997737662747264,-0.0031302251122071,-0.0362604996078613,10.566938316234147,-0.004815259126142,-0.0071660709763172,0.0400700964512231,9.1357727423752,3.7303025901586784,2.097957367031264,1143.87748771664,1137.5727774737352,1149.1368410393336,1171.454125976407,823.4967554931123,-371.7048610007996,-486.2774626884643,-769.7190500147526,157.9659043128921
48.495,3.019268808489527,-1.8413367527056133,0.7503082009087411,-0.0326750978690443,-0.0169146272231389,0.0096625265324948,-0.0002398641390727,0.0001929860811729,0.0212355479131985,0.9997742972598516,-0.0033468496351141,-0.0373119595052214,10.576121712181692,-0.0048206677539395,-0.0071758693516441,0.0419967671391563,9.135752870450592,3.7302872764442703,2.098050271433069,1146.3436353120564,1136.4705709560794,1147.9592317752072,1169.0901207686352,946.9557907045032,-426.8039298614985,-365.6168208512502,-915.1457973084554,157.9674893035198
48.4975,2.75563210381284,-1.6198355562466071,0.967615439717512,-0.0253444959898733,-0.0221455790407969,0.0133089036580354,-0.0002880686211977,0.0001850179405204,0.021222063880717,0.9997745698562732,-0.0037173054754023,-0.0379787815045207,10.583931373512486,-0.0048144209406289,-0.0071881335587993,0.0439575282202561,9.13573337180138,3.7302718213486825,2.0981485836613,1148.6122666701651,1135.4387578244266,1147.3087569350764,1166.8783969898625,899.3632408497882,-423.5129258797074,-196.76950020620717,-876.0236891055465,157.96907490584087
48.5,2.4202039503766235,-1.3223462014524163,1.0690518323806364,-0.0195211240989862,-0.0261883491269243,0.0177543439782549,-0.0003312153215368,0.0001812552158963,0.0212264319006703,0.999774462241495,-0.0042849777735924,-0.0382753341090277,10.590356083312631,-0.0047981330083576,-0.0072012914944627,0.0459477177755362,9.135715520244505,3.7302551851212655,2.0982526405192847,1150.8404515163013,1134.3530063266828,1146.975384274177,1164.7100023231114,844.7982094314691,-432.5030688108495,-94.45359073706136,-822.1681607641332,157.97093100057143
48.5025,2.0553352377208767,-0.9846867084820627,1.0651169641871876,-0.0147126041816084,-0.0289851386638056,0.0220092591467972,-0.0003656455367012,0.0001818047730393,0.0212477298366783,0.999773996043665,-0.0050637616331881,-0.0381234169902668,10.595390989447043,-0.0047743543220167,-0.0072130024412017,0.0479614104988783,9.13569993996658,3.730237492429503,2.0983638679514565,1152.8362577173186,1133.2762424803743,1146.8364889813915,1162.7675561860456,702.2784667073711,-413.90567681111605,-27.732192624657184,-688.5186687379817,157.97300819980035
48.505,1.6847337673814315,-0.6305512635667718,0.9507665771028144,-0.0111284542686486,-0.0304248549799237,0.0252997140486221,-0.000389764205581,0.0001815865156689,0.0212805288884107,0.9997732887041652,-0.0059518742454023,-0.0374960922568161,10.599039342889036,-0.0047458991090513,-0.0072208851155851,0.0499915964390397,9.135687069992564,3.730219083761931,2.0984831524442615,1154.35184384984,1132.283477942626,1146.8367233110537,1161.2674089794195,525.0756713149755,-398.2081465588872,15.404283091712692,-532.8783306581502,157.9753479737929
48.5075,1.257963791674469,-0.2229074396417742,0.7315225423794353,-0.0077369665551999,-0.0309453365957299,0.0276441235190015,-0.0004044442283189,0.000172528931993,0.0213183758491916,0.9997724787783552,-0.0067771790360571,-0.0364254403204008,10.601313589574476,-0.004715661343391,-0.0072227163042281,0.0520305426401552,9.135676323897739,3.730200009765532,2.0986108977554414,1155.4616360738949,1131.2852017475789,1146.91351039685,1160.1031645327535,285.19552614696767,-321.81677528276106,37.41488070944562,-319.0345311705815,157.97845369338367
48.51,0.9244917209107818,0.083068981029598,0.5195131000773788,-0.0051334399001076,-0.0305992690492908,0.0283453154516887,-0.0004143941021704,0.000154201452055,0.0213589342175322,0.9997716124369556,-0.0075224957391733,-0.0350265006133652,10.602235601835972,-0.0046874318543347,-0.0072166843222538,0.0540701630486106,9.135667233787201,3.7301802646894022,2.0987472104485367,1155.7778214805735,1130.6743940662138,1147.0237977146007,1159.6722363235683,17.63778087605722,-189.5467896435488,58.13077796052976,-80.14443650163676,157.98128580030038
48.5125,0.6166376690830448,0.3404846571665014,0.3161162431660059,-0.0029921771932756,-0.0296016961151931,0.0281970972739958,-0.0004235934951674,0.0001292844196819,0.0214028642463515,0.9997706720621716,-0.0082274667782026,-0.0334020440908967,10.601836587867984,-0.0046652444624173,-0.0072010963309298,0.0561026433587407,9.135659101632237,3.730159629196755,2.098890952749802,1155.5498249782752,1130.3374677993606,1147.2041642866527,1159.702442350245,-185.0896141179381,-84.31610795705872,104.448235730016,71.29129955475028,157.9843657157969
48.515,0.2830141835114208,0.5881804079451827,0.1068849168028497,-0.0014423662651865,-0.0277557884764917,0.0277267018688592,-0.0004314855827582,9.632496513145393e-05,0.0214510453173026,0.9997696380539488,-0.0088335978986552,-0.0315644077119345,10.600156389432822,-0.0046523571504695,-0.0071741013880445,0.0581210093933299,9.135651697929847,3.730137892971924,2.099041675329895,1154.852373409983,1130.2528135264283,1147.546038893251,1160.0286928213422,-289.7109395480945,16.250898693775753,149.76331360180643,121.20243557494285,157.98834135513704
48.5175,0.043358251224149,0.7461098128363771,-0.0344938013380154,-0.0010679448022562,-0.0258129080219788,0.0274709740963407,-0.0004375651038057,5.514564465633544e-05,0.0215019723180363,0.9997685424720804,-0.0093019219995826,-0.0295294849284457,10.597241843730213,-0.0046516647807925,-0.0071343265262183,0.0601193486309338,9.13564511074095,3.730115199194721,2.099198659439488,1154.101270280536,1130.4187222928294,1147.9529808546613,1160.3084545281192,-293.2665356481585,102.98715494804316,183.52004301595727,55.58683226233255,157.9918822974913
48.52,-0.1446306807893573,0.8632506422479981,-0.14738744726389,-0.0015053723760817,-0.0237465387578117,0.0274334930097918,-0.0004442437875264,1.0778885946661616e-05,0.0215548098891938,0.9997674008279658,-0.0096988971372256,-0.0273744753848239,10.593144703226212,-0.0046661513678317,-0.0070813601568345,0.0620929748346371,9.135639435854257,3.730092266787844,2.099361037331528,1153.3860407317416,1130.7677493011688,1148.463639108331,1160.306626982654,-268.8640489978286,179.0745424397749,230.6191265643704,-119.25348765801839,157.99565324698355
48.5225,-0.3000486604938489,0.9728544088925508,-0.2583536735011071,-0.0026011063115421,-0.021370850068458,0.0273088805391986,-0.0004519354984809,-3.4666233648342356e-05,0.02160751622516,0.9997662566458718,-0.0100235266579558,-0.0251362978128372,10.58791949188941,-0.0046977827403822,-0.0070153226984682,0.0640386956569105,9.135634491023293,3.7300700847451105,2.099527568661286,1152.756950035546,1131.3140950050288,1149.1060764874835,1159.7121870898288,-177.7276441308256,210.62958751173085,222.26318303039284,-335.74432905519257,158.0004363745834
48.525,-0.3680924124631697,1.0495897482494996,-0.3324528686565436,-0.0036814299412659,-0.0194127399748948,0.0268129379090795,-0.0004586634501537,-8.344962616062982e-05,0.0216582542997403,0.9997651514193991,-0.0101786950182118,-0.0228028298265927,10.581621038748672,-0.0047471445113355,-0.0069367537296475,0.0659548125996738,9.135629889256943,3.7300495024406417,2.0996979450750657,1152.4974025110885,1131.8208972387265,1149.5749550234823,1158.6279053373796,-48.45723389396221,204.40360236624204,154.63971157988726,-547.0071196119009,158.0046314844013
48.5275,-0.3742413812013944,1.1190054550329642,-0.3849779564304793,-0.0047839414653769,-0.0172066024438491,0.0256876624968525,-0.0004624917863143,-0.0001352800844444,0.0217082322183885,0.9997640613757174,-0.0101210215231348,-0.0203601581370571,10.574301839590373,-0.0048142436697122,-0.006846700661138,0.0678409009320484,9.13562487333974,3.7300313203864097,2.099871941742688,1152.5146638660763,1132.3361130168605,1149.8792750453836,1156.977151491768,42.12157491572389,204.11227339576288,88.54856151810979,-724.0365851234789,158.00903678188303
48.53,-0.3336055453099182,1.1829684798840576,-0.4177690811482452,-0.0057027898891885,-0.0146414494131286,0.0241814839260557,-0.0004663986353967,-0.0001850254440393,0.0217613894983617,0.9997628994592817,-0.0099136686325377,-0.0178936372824942,10.56601000905708,-0.0048988557421773,-0.0067471321953341,0.069697554501048,9.135619024644562,3.7300148508323794,2.100049281536804,1152.7080103856672,1132.8414586057058,1150.017697831073,1155.0077224117604,99.28219146440759,197.86340904370067,22.858734552731093,-807.6817339179411,158.01361121180497
48.5325,-0.2440593081507332,1.236887569531036,-0.4305718726721012,-0.0063085836757465,-0.0117660224840124,0.0227012999580561,-0.0004716290836483,-0.0002285825675376,0.0218179807717997,0.9997616586235112,-0.0096016623934773,-0.0154494913183898,10.556787529648156,-0.0049997155228267,-0.0066398888717638,0.0715263340306587,9.135612093954515,3.7299992267392974,2.1002293304369513,1153.0110748233978,1133.325430062078,1149.9935687181471,1152.938742822182,130.33331869467173,203.5651162781373,-23.048270711967263,-850.6645783164654,158.01838332701527
48.535,-0.089413528957624,1.2839287302329414,-0.4375354322143933,-0.0069270844294452,-0.0081826898376005,0.0213894911938793,-0.0004829433771339,-0.0002638785813975,0.0218748325356689,0.9997604042943506,-0.0091955312856782,-0.0131457225629069,10.546669340872509,-0.0051144765633367,-0.0065272593148042,0.07332943829911,9.135603699706072,3.7299836305075487,2.1004106794287676,1153.3596769791409,1133.859284187097,1149.9024564775132,1150.7543995201759,106.787110990117,180.31455476475327,-21.278190336795916,-696.8049436418441,158.02433026765985
48.5375,0.0717470051990341,1.3037078415402923,-0.4507410367359634,-0.007419070546311,-0.0050188625980536,0.0207235619916161,-0.0005016787930706,-0.0002883621396291,0.0219274963296473,0.9997592322145472,-0.0087230340057935,-0.011024192998438,10.535682359934224,-0.0052402095301001,-0.0064109280684871,0.0751093768882794,9.135593910484605,3.7299681660444626,2.1005929389821687,1153.5450103783487,1134.2270028359023,1149.887177766463,1149.454718103971,35.327660634571046,116.16141889304905,26.243308297513288,-368.49385908205346,158.02946373331423
48.54,0.2534943173196056,1.298174077006654,-0.485984228567933,-0.0074713313158636,-0.001888584066857,0.0203457175285283,-0.0005258413915992,-0.0003020220675479,0.0219724521739036,0.9997582200117098,-0.0081670617149858,-0.0090542885059721,10.523845684697749,-0.0053731386469544,-0.006291927307792,0.0768684946761613,9.135583203086968,3.7299529419098945,2.1007770131414607,1153.5363152823136,1134.4400912815615,1150.0336730190006,1148.9119302247673,-59.687988690135555,38.039695838623274,102.71159441062284,-52.445235877913085,158.03477441351944
48.5425,0.4711499225342312,1.2573737071620184,-0.5584783573497158,-0.0062939109159887,0.0014996593955997,0.0199119044421082,-0.0005528616211771,-0.0003040594182436,0.022006520116787,0.9997574399530877,-0.007538333793284,-0.0071900205825748,10.511171468104575,-0.0055092492109209,-0.0061710125496718,0.0786084413956293,9.13557162826082,3.7299383634532193,2.100964239320584,1153.2465704348979,1134.4172013150956,1150.4007357385165,1149.1924919245812,-154.44823762846963,-66.14697114124537,148.5433754592272,238.9165835319233,158.0413437577437
48.545,0.6322214477663128,1.1899172918982046,-0.6360951471256168,-0.0045230109410019,0.0040661739558599,0.0193015507900927,-0.0005812781129994,-0.0002939371352118,0.022032194713483,0.9997568400227655,-0.0068542569904482,-0.0054062314117315,10.497666575915492,-0.0056442971186445,-0.0060488417776079,0.0803298645850461,9.135558834426934,3.7299242796738934,2.101155698243204,1152.7640740941708,1134.1093564258551,1150.7763898962971,1150.1065131424275,-239.3115794636645,-187.07084122005384,125.10699235924685,456.40286477387815,158.04697606938873
48.5475,0.7534487560834847,1.0769716207131124,-0.7079973855502514,-0.0025856764022011,0.0068115617101431,0.0181309547272561,-0.0006090491005056,-0.0002724925409486,0.0220540680264532,0.9997563236198184,-0.0061151771500011,-0.0036643711918158,10.48333451698145,-0.005773685742461,-0.0059257153048018,0.0820323350794203,9.135543884656542,3.729910530968712,2.101352157002178,1152.0500125375806,1133.481847108996,1151.026270700312,1151.4745062484485,-361.30709067492415,-338.0780402536946,25.258698706589524,627.3979586680954,158.0527654434431
48.55,0.8387471632874012,0.8734008762875629,-0.7473290555964875,-0.0002791816983507,0.0104730221160395,0.0158688260459016,-0.0006323686024559,-0.0002405346138217,0.0220737929834416,0.9997558592515048,-0.0053333607742382,-0.0018880836751758,10.46817762503388,-0.0058928219216861,-0.0058013937701551,0.083714383417984,9.135526302377501,3.729896972363488,2.101553735071366,1150.9575386407953,1132.418966224586,1150.90268338983,1153.2435029357696,-436.6031417796461,-421.2322764908213,-152.411957499284,609.2161824276512,158.05988670313883
48.5525,0.8513541126378608,0.6412976716324662,-0.709451277032156,0.001752212722816,0.0133524948922974,0.0133028094217168,-0.0006538525366094,-0.0001998153062614,0.0220908578851443,0.999755455944362,-0.00451541460634,-0.0001357755641857,10.452200227401375,-0.0059973041626845,-0.0056764519121387,0.0853735151396019,9.135506017368801,3.7298839473301384,2.1017592546014128,1149.8669968286813,1131.3756857265407,1150.264210912815,1154.5205871605883,-471.86588086903777,-417.0995958994509,-395.9352005916534,407.8549129198635,158.0659607559803
48.555,0.7935704941183254,0.352270686411942,-0.5688672138791319,0.0040974019714952,0.0152947135510058,0.0101616429228973,-0.0006701701594253,-0.0001529680437698,0.0221017838058139,0.9997551907779022,-0.0036565099832245,0.0016577242814688,10.435410201044249,-0.0060832285543844,-0.0055502123148116,0.0870064001552139,9.135483071610697,3.7298720243442416,2.101968011015676,1148.5982092364522,1130.3334682450907,1148.9230073868737,1155.282777500367,-535.7728197416224,-392.47656613772887,-660.871417970728,188.3006289423466,158.07217360215856
48.5575,0.6723916631584382,0.033556154664038,-0.3358855509211799,0.0066860620019961,0.016033288807923,0.0069503705563185,-0.000677191502623,-0.0001001320560298,0.0221041759775801,0.9997551192215008,-0.0028107620406625,0.0035738728723806,10.417821605451543,-0.0061482066880794,-0.0054214084871562,0.0886086992968303,9.135457887984003,3.7298612061332457,2.102180253800398,1147.1881327299718,1129.4133028958513,1146.95985382296,1155.4620903053003,-593.623163105227,-320.83291647524635,-926.4023995343258,-82.62403904459782,158.07849705276283
48.56,0.4778723367287111,-0.2921282197634277,-0.0108221070155394,0.0091658334919635,0.0152511213795678,0.0048520976363288,-0.0006710867073306,-4.546988039588961e-05,0.0221035324093476,0.9997551218661725,-0.0019525209921427,0.0056837972841648,10.399457014067668,-0.0061906233457475,-0.0052881980878776,0.0901750401210182,9.135432529520097,3.7298502464158863,2.102397163287819,1145.6300934209244,1128.7293036627136,1144.2909953891997,1154.8696573051438,-708.0954620489665,-248.3921674538564,-1304.7700649724943,-426.6557921698919,158.0849485683272
48.5625,0.1829298410117255,-0.6565748928264376,0.4242700148317403,0.0112345132761991,0.0131247945811906,0.0049494559373576,-0.0006504416062525,5.432735876566836e-06,0.0221059813341661,0.9997550671392634,-0.0010300033482145,0.0080048072379701,10.380349255555448,-0.0062101240541087,-0.0051486240470696,0.0916989873139363,9.135408571735784,3.7298378136988135,2.102620004911451,1143.64765541973,1128.1713420585831,1140.4360034981034,1153.328811344453,-733.330806025136,-181.7615313234744,-1486.3895147352982,-677.2718384330593,158.09283170567923
48.565,-0.0826900422292857,-0.9208356829625912,0.764681724240555,0.0116381555764891,0.011138352269804,0.0075037202801828,-0.0006158451359955,4.625660561111917e-05,0.0221129918718209,0.9997549268435368,2.2422711930614528e-05,0.0105092972401872,10.360542393244115,-0.0062075854462257,-0.0050008144560715,0.0931732554493154,9.135386693654644,3.729823562888948,2.1028500192376502,1141.9634393908023,1127.820496006097,1136.85904781553,1151.4832981129816,-663.3896218545732,-158.96494403824417,-1455.6832419282102,-814.658520491586,158.0995139043312
48.5675,-0.3216220620838545,-1.1298674846309555,1.0174271317995962,0.0103680904334134,0.0092952573476408,0.011753360896186,-0.0005650936873236,7.021494763406202e-05,0.0221208046463772,0.9997547870880604,0.001283105667694,0.0132244765019061,10.340091458351612,-0.0061848842638504,-0.004842413402851,0.0945901816132769,9.135367902614655,3.729808038460543,2.1030884868922706,1140.3307073104556,1127.3765173383915,1133.1575872884587,1149.255518741993,-688.0160265259865,-273.8760884238181,-1597.662818948539,-1026.0905427819787,158.10630757435536
48.57,-0.528079489583247,-1.2952076704100524,1.1785629488927811,0.0075288602391177,0.0063211479175806,0.0170955555773795,-0.0005079763317633,7.117116574340274e-05,0.0221258954380167,0.999754716340005,0.0028158623061913,0.0159277020675991,10.319063369749308,-0.0061448467427148,-0.0046736081859415,0.0959421823443915,9.135352780296401,3.7297920471041017,2.103334723156709,1138.5233592581703,1126.4511155639773,1128.8707337207832,1146.352845399069,-627.2209307660225,-441.3205016081896,-1507.876303255087,-1081.1776085522808,158.1145822233769
48.5725,-0.6120775898922067,-1.3384542494020588,1.1920770107565628,0.0047205946620781,0.0024783175165385,0.0210070430543885,-0.0004549599821881,4.7006927698049934e-05,0.0221282693918228,0.999754706033448,0.0046080175506897,0.0183842160355257,10.29753427337424,-0.0060914083673454,-0.0044952462924359,0.097222521999547,9.135341434433133,3.7297764429141247,2.103587656344817,1137.1946026566284,1125.1699148303524,1125.61820577219,1143.8496306992365,-488.94034969396216,-645.2640966445297,-1201.1301456123183,-1005.6267418679312,158.12157479168482
48.575,-0.6029576745461936,-1.2579805375050324,1.1017401614018967,0.0019169554050604,-0.0024551751677368,0.024177742509691,-0.0004147370619895,5.68675102032771e-06,0.0221329465796465,0.9997546367286269,0.0064491349025291,0.02040137836381,10.275586787739377,-0.0060303154470311,-0.0043084083297583,0.0984258713404889,9.135333169534452,3.7297611695231248,2.103846591515481,1136.0786575096995,1123.2247950807528,1122.8650829927185,1141.3247116897269,-444.86782631870466,-1010.283241287272,-1075.6017459506393,-1108.2027610237008,158.1286622522418
48.5775,-0.5117656937544319,-1.015253083753057,0.9142926504711414,-0.00038923600623,-0.0079612918618009,0.027026181815551,-0.0003929449840046,-4.01296426059208e-05,0.0221451917948976,0.9997543873692388,0.0080442542068483,0.0218531325289481,10.253306768019536,-0.0059676167376516,-0.0041142389057815,0.099548870755123,9.135326631615747,3.72974645588158,2.104109679813201,1134.9702635250335,1120.1184986239136,1120.240197042434,1138.3086168941152,-376.07824048361726,-1246.538167661762,-846.7070722534088,-1095.019867201786,158.1372700665614
48.58,-0.4025178727233197,-0.7149024174358761,0.7249488526179868,-0.0008261968404733,-0.0109949874348194,0.0285165372195714,-0.0003884240035872,-8.029570428358303e-05,0.0221669026055307,0.9997539150904368,0.0091636710134874,0.0227538433254144,10.230779105254047,-0.0059078534177516,-0.0039132328667745,0.1005905531607631,9.135320471932573,3.7297326630642527,2.1043751099236916,1134.1982663072831,1116.9921042424498,1118.6315476314553,1135.8496123537227,-290.95203738460106,-1315.5279789948145,-532.6811889643526,-951.8695598378732,158.14452388499095
48.5825,-0.2981246472528104,-0.3644131694087103,0.5357146251666955,-0.0002446364048909,-0.0119724531975143,0.0292718779530085,-0.0004000939231437,-0.0001112694973585,0.0221950625636314,0.9997532861256924,0.0097222236554755,0.0231158228620823,10.208084571681407,-0.0058530654933333,-0.0037065585916196,0.1015523836849109,9.135312798038209,3.7297199531968905,2.1046403839164065,1133.51550333811,1113.5408587289362,1117.576791097611,1133.5492690949231,-295.4383153920697,-1524.8127509400476,-359.40770244232937,-939.8698803166293,158.15185528264868
48.585,-0.2025806197164862,0.0472842771039282,0.335975815962455,0.0001710039116467,-0.0113852781891097,0.0297496422282894,-0.0004250860824577,-0.0001295807523248,0.0222272996989002,0.9997525559840084,0.0096458803640531,0.0229914914587117,10.18529577671434,-0.0058042019498069,-0.0034954977308908,0.1024379487152183,9.135301883309186,3.729708919123635,2.1049029993188086,1132.721074730322,1109.3680404877457,1116.8345091192427,1131.1502629521372,-295.24559914711534,-1485.5145784223037,-208.1517738369786,-793.1617522404786,158.16073569517795
48.5875,-0.1489080680441813,0.3422015787288186,0.2025547561976289,-2.3523046857328346e-05,-0.0098511417959148,0.0299692061712496,-0.0004550353277736,-0.0001358580754243,0.022262738502914,0.9997517497214512,0.0089549010560734,0.0225474400290491,10.1624734256276,-0.0057606352490195,-0.0032805275294318,0.1032524549866849,9.135287081569274,3.729699745789348,2.105162666678919,1132.0392753423755,1106.1132858368314,1116.536032228427,1129.5834603337244,-279.4908676457388,-1207.8923961300648,-84.68173035403412,-518.8467949551597,158.16820008800536
48.59,-0.1138332668731791,0.5551339762229472,0.1066764782715739,-0.0005674228936314,-0.0075616494392732,0.0300650229758558,-0.0004823937865485,-0.0001363658614485,0.0222997701031858,0.9997509065170856,0.0077905899878228,0.0219352265228586,10.139664654631217,-0.0057203533258122,-0.0030624274700257,0.104001956332342,9.135268829867492,3.7296922364255782,2.1054205713560794,1131.3236203920926,1103.3285785070923,1116.4111004674724,1128.5560289773603,-287.6023247008909,-1013.7593628979444,-44.73785596376259,-324.823748206579,158.1757253045998
48.5925,-0.0875883861569572,0.69051332486166,0.0398805319823796,-0.0011986334025054,-0.004906223979658,0.0300948752535195,-0.0005032359883534,-0.000136641125158,0.022343317328972,0.9997499164601296,0.0062849386306103,0.0212382531494823,10.116901783874328,-0.0056818554948145,-0.002842573805492,0.1046926009086265,9.135249026602503,3.7296854087348894,2.1056781131733646,1130.6012637188703,1101.0444890223391,1116.312342948608,1127.9593415926909,-279.0069045698865,-784.1079844501874,-56.88095040746419,-160.30561871631136,158.18329685045703
48.595,-0.0686657246847481,0.7388036689203346,0.0025874619257277,-0.0016582750412211,-0.0022939061571688,0.0300827551527716,-0.0005156972821178,-0.0001426298043774,0.0223945104987117,0.9997487533177626,0.0045831532712336,0.0205038581017155,10.094201392879183,-0.0056442294809864,-0.0026226568294468,0.1053301983117027,9.135229691965808,3.7296788438935327,2.1059362003834563,1129.9285858692444,1099.4080385848447,1116.1266957154353,1127.7545008837794,-266.7052765089011,-578.3896411795691,-122.22409780904968,-49.757199829966346,158.19091940070606
48.5975,-0.056586872889551,0.7240984358305284,-0.0170480835197511,-0.0019662599951364,0.0001483111027951,0.0300543517004202,-0.0005223233307877,-0.0001529584800355,0.0224534847200517,0.9997474123126108,0.0026875331157736,0.0196999597725679,10.071564644239656,-0.0056089360408964,-0.002405122231168,0.105919863297542,9.135211561265752,3.72967238016424,2.1061956449704327,1129.2677373363251,1098.1525408164396,1115.7012224595624,1127.710555593541,-208.02585349295717,-358.5934490604798,-196.80486549863355,-20.56097776297832,158.2001192428982
48.6,-0.0596652677906724,0.6800127362509272,-0.0194102433159219,-0.0022111677154207,0.001411973221707,0.0300353669471172,-0.0005262831867734,-0.0001663399699805,0.0225173121232459,0.9997459600226228,0.0006096460982961,0.0187885063515529,10.048977739025192,-0.0055781624632916,-0.0021925019467969,0.1064660100016131,9.135194617656568,3.729666154319496,2.106456071382293,1128.8884566017791,1097.6150713395416,1115.1426713879416,1127.6516959949645,-114.77081905215051,-136.8417784760248,-265.85508906556777,-62.377926289320726,158.2078252942358
48.6025,-0.0833273483264744,0.635942035357042,-0.0152590871986877,-0.0024850262072292,0.0022144434682755,0.0300329268020201,-0.0005287064717251,-0.0001835698486744,0.0225804634500205,0.999744522343482,-0.0015882337023141,0.0177775685226831,10.0264132973836,-0.0055542247942086,-0.0019869032883276,0.106972316452267,9.135178747415917,3.7296608962864175,2.1067165844579447,1128.6938832410651,1097.4683319240603,1114.371947014236,1127.3986659620944,-59.30682615082027,-11.497721658673557,-379.4665160211812,-173.3009122458975,158.2155669768956
48.605,-0.1457750998846726,0.6090670731895341,-0.0113215487969541,-0.0026464932100419,0.0031430903906136,0.0300560000674787,-0.0005350023770144,-0.0001962638556464,0.0226405671518417,0.9997431518974742,-0.004021079763756,0.0165989827075478,10.003833119779651,-0.0055418564548461,-0.001791226310394,0.1074414460172636,9.13516432655899,3.729657202858665,2.1069771165542526,1128.5919224710249,1097.5575827312482,1113.2453388078347,1126.7851914337343,-38.39305917415768,49.450795411187016,-435.72508556222135,-274.33785598963885,158.22489155861953
48.6075,-0.2334942732685335,0.6169932959844622,-0.0145177258880418,-0.0026421972160587,0.0040043322494589,0.0300977407423212,-0.0005495472674037,-0.0001949804455514,0.0226967865532934,0.9997418692963403,-0.006815211610168,0.0152107695126316,9.981190332607344,-0.0055462632454251,-0.0016079915750913,0.1078749827838713,9.135151113403225,3.729655240381137,2.107237495222776,1128.5019179451942,1097.7155859011164,1112.1933215864235,1126.0269766821457,-71.61698966485493,51.46850864994255,-428.5779088664445,-341.3797810153404,158.23268562129851
48.61,-0.3621110459398677,0.6557300554109097,-0.0300887293311862,-0.0026501128884981,0.0048456036010785,0.0301561316806,-0.0005706993703005,-0.0001785766260459,0.0227504201423842,0.9997406475292204,-0.0099202964735866,0.0136908608264049,9.95843226975624,-0.0055708617389776,-0.0014381298514882,0.1082733612615661,9.135138948727427,3.729654952568553,2.1074984546390687,1128.2338375227007,1097.8149252744977,1111.1024492635045,1125.0782925286594,-198.80417735133796,5.653630559842732,-473.15042773874103,-445.4885711330457,158.24049742189007
48.6125,-0.556114300713546,0.7236061364786663,-0.0676741840762175,-0.0031206472606365,0.0061981539302351,0.0302204229447277,-0.0005910158295302,-0.0001493414600668,0.0228011797709309,0.9997394980672802,-0.0132097832473912,0.0122321869555131,9.935503922159489,-0.0056180879410425,-0.0012808457475195,0.1086356859025202,9.135128309993314,3.729655923842349,2.107761459865903,1127.507897058437,1097.7438540539156,1109.8275694477288,1123.799533826479,-356.8320064263383,-67.4271694973523,-455.7185417943799,-486.8029437291408,158.24988359723943
48.615,-0.7353694797204521,0.7791731441099201,-0.1161385879127243,-0.00419113086086,0.007994911522815,0.0302329425100873,-0.0006055836240756,-0.0001196311420339,0.0228500413537404,0.999738399510366,-0.0163553869987706,0.0109718309526502,9.91235269246163,-0.0056877542294247,-0.0011352691861721,0.1089598236429804,9.135120169590282,3.729657813600232,2.108026884006277,1126.4496774905683,1097.4777894270107,1108.8238565545314,1122.6442778100125,-534.5696589651058,-150.2199691361968,-391.14368878403286,-483.51720410804177,158.25770874861993
48.6175,-0.9049608915836644,0.8070648376240765,-0.1807877010931758,-0.006192623861043,0.0103354162128753,0.030131379074805,-0.0006119570595427,-9.989380774033928e-05,0.022897925689744,0.9997373309595544,-0.0190685993685833,0.0099966428949364,9.8889311019766,-0.0057793048761947,-0.0010003176376465,0.1092424671260989,9.13511425422184,3.7296601954604007,2.108294490905409,1124.835048763614,1096.9927542082353,1107.8718510038104,1121.3819478059413,-741.6716292806384,-223.53999446429427,-380.1017057597493,-529.3536570663966,158.265528801433
48.62,-1.0427128090206799,0.7946668302495468,-0.2546673380301919,-0.009132154852716,0.0128201495718543,0.0298603515222936,-0.0006128970443918,-8.748185661322905e-05,0.0229464307850066,0.999736249032242,-0.0213247490562621,0.0092932983556357,9.865198988777024,-0.0058939305242317,-0.000875212496101,0.1094792329647273,9.135108943545102,3.729662090258292,2.1085642303005736,1122.7413193441632,1096.3600894546887,1106.9233480257317,1119.9975095246791,-945.264606878498,-274.6090359689293,-393.41213435903114,-591.0592969644928,158.27333776066834
48.6225,-1.1183744441452164,0.7204086161202192,-0.3308797675310556,-0.0128210891986865,0.015280468555856,0.0292820359085461,-0.0006120710515987,-7.91329038517858e-05,0.0229959266705356,0.9997351395026433,-0.0231154788387964,0.0088268965559335,9.841125803534707,-0.0060315998129929,-0.0007587046662749,0.1096650365158786,9.135102969450008,3.7296623452624926,2.108835652249192,1120.108725729219,1095.61970902839,1105.9047903320143,1118.426651321117,-1258.0084383375906,-332.479692651425,-485.2849347322584,-736.6276603855445,158.28112464803078
48.625,-1.1242361552035651,0.5546916348143146,-0.4102919434726232,-0.0171113633580653,0.0178000854201604,0.0281364657448216,-0.0006074425581464,-7.375223861347863e-05,0.0230440307994026,0.999734055817186,-0.0243941229542079,0.0086682815358585,9.816691843239015,-0.0061903727217297,-0.0006478568308302,0.1097943421291739,9.135095363520216,3.729661184525472,2.109108828967172,1116.4512771524808,1094.697690991433,1104.4969233520724,1116.3143712227547,-1397.0194867897108,-335.6190545195073,-560.2039978081032,-805.0795814841013,158.2904324136211
48.6275,-1.0627428252134317,0.3577043253855756,-0.4552837937496711,-0.0201894067600938,0.0192333951010263,0.0268287374156782,-0.0005972324073169,-7.038939296681494e-05,0.0230901127717407,0.9997330131970408,-0.0251209425029036,0.0088761307411583,9.791889749773517,-0.0063669981966878,-0.0005395339778869,0.1098613360916544,9.135086002523268,3.7296594318891887,2.1093844395675063,1113.1236282952768,1093.941613755794,1103.1037703429763,1114.4012534137005,-1350.7660030118952,-300.40689007471974,-612.5322117528008,-776.7769765764234,158.29815087699387
48.63,-0.9489088824313417,0.1128888401149918,-0.4679039201877123,-0.0227084051687287,0.0198624046643083,0.0254062444311064,-0.0005839260438309,-6.391018836710427e-05,0.0231344505541096,0.9997320053004732,-0.025352237678315,0.0094199848882412,9.766724856865446,-0.0065580927479837,-0.0004314562343594,0.1098601386794985,9.135073826862047,3.729657704463752,2.1096622881203433,1109.697447137418,1093.1956565410587,1101.434262293307,1112.4304863398706,-1484.7226654470567,-337.9812778638187,-799.6844915591283,-846.9994211792468,158.30582132158133
48.6325,-0.7772887040609125,-0.216450878052851,-0.4398004906676252,-0.0250470241205955,0.0197168182751022,0.0239110713179598,-0.0005723088070833,-5.001778247318265e-05,0.0231767198408085,0.9997310389422676,-0.0251429889705841,0.0102168562982428,9.741214880430666,-0.006759320403063,-0.0003218936265375,0.1097851963777459,9.135058173982461,3.7296558727536815,2.109942138686616,1105.7000149680375,1092.251707366474,1099.1053478851786,1110.166256307802,-1416.0099143092027,-366.6355255885416,-901.256528032128,-787.6507099582683,158.31496097719622
48.635,-0.6238351622894268,-0.5055708267551393,-0.3793860559243744,-0.0263413894274926,0.0188934015679903,0.0227882073537621,-0.0005686088088823,-3.301052067249572e-05,0.0232120420578521,0.9997302211482092,-0.0243981020065812,0.0111446972917737,9.715389207516312,-0.0069640828246754,-0.0002096103245271,0.1096317270940498,9.135039235075086,3.7296532217358407,2.1102238740755856,1102.6173975658785,1091.3624789131177,1096.9279796531505,1108.4922327900829,-1150.0345559416044,-390.5770876611589,-901.3497163611582,-599.8272162972286,158.3225168126741
48.6375,-0.4776880570472824,-0.7921263698037684,-0.2818632990839386,-0.0271934851504299,0.0174398557036591,0.0216919118569839,-0.0005783845314853,-1.7736344429091084e-05,0.0232398955672358,0.9997295578850308,-0.023029605409301,0.012088289272129,9.68928621916011,-0.0071657123048117,-9.333253268987251e-05,0.1093959630624373,9.135018609359408,3.729648875772914,2.1105075374626225,1099.9498421883268,1090.2988219281672,1094.5985993033703,1107.1671202263144,-1049.909494747507,-519.3003421522989,-1025.8780142416736,-486.33594536656926,158.33000245768795
48.64,-0.3230772653951151,-1.1110691194072424,-0.128240380993338,-0.0281139241165497,0.0149919671666949,0.0206513152780816,-0.0006024677985111,-7.714975202445941e-06,0.0232613526386832,0.999729021968607,-0.0209920003428931,0.0130187052026297,9.662950235509562,-0.007358167274135,2.8916834837450355e-05,0.1090754836911103,9.134997733122367,3.7296433542716194,2.1107930231817504,1097.3678500921383,1088.7659772023549,1091.7985895819395,1106.0605530632488,-830.0693131526989,-609.5545203723391,-997.307754630808,-325.4522946677984,158.3388960049851
48.6425,-0.2161775105515112,-1.3375231935264866,0.0208405232874116,-0.0286839539346976,0.0122119058744746,0.0202013664377754,-0.0006419818613998,-6.360821490059805e-06,0.0232758110589336,0.999728627401953,-0.0182608279793301,0.0138954408161887,9.636429238280973,-0.0075358956953407,0.0001584274699352,0.1086695863606493,9.134976875884472,3.729637564736745,2.1110785161305827,1095.799495622567,1087.2510493263082,1089.612060530221,1105.539858752977,-499.7375361409639,-656.6144508497297,-808.9731932572657,-139.88115556105305,158.3462273755845
48.645,-0.1354192519576051,-1.4980995687878376,0.1748912622021809,-0.0288659918785381,0.0086139712450667,0.0203132651858189,-0.0006975223515987,-1.5038308963977064e-05,0.023281092455514,0.999728427874538,-0.0148688980546156,0.0146841335799048,9.609771664772529,-0.0076942346883894,0.0002958400741898,0.1081794939564043,9.134955464830057,3.729632786341527,2.111361651301593,1094.869162411432,1085.4829049481043,1087.753723615651,1105.3611472854432,-269.7869991324735,-744.9162404349236,-668.9498980506175,-34.76695454335681,158.35346990387958
48.6475,-0.0769978281286374,-1.5855976613790297,0.3175632239801096,-0.028954919751931,0.0043454737403829,0.0209545046050605,-0.0007667608280848,-3.305380447911172e-05,0.0232780460560344,0.9997284095118312,-0.0109029890629947,0.0154036405097405,9.583023302551222,-0.007829369795656,0.0004417484359024,0.1076083134312443,9.13493313697597,3.729630793237692,2.1116398798978206,1094.450560626904,1083.5264681241315,1086.2673110399662,1105.36602398026,-59.20418014971729,-812.8355091336861,-494.1059953746336,16.67264690924337,158.36063513366312
48.65,-0.0434605200166466,-1.5687384185842552,0.4273248863399907,-0.0290768772051862,-0.0004049173643158,0.0222613995416442,-0.0008499120967094,-5.9269965695836215e-05,0.0232733093771177,0.999728418856258,-0.006472751050298,0.0160210657038652,9.556225541397517,-0.0079380211510357,0.0005957814100356,0.1069606927074524,9.134910510080102,3.7296318839896174,2.1119116675762295,1094.5731415106839,1081.4187274024396,1085.28319363878,1105.4445105199893,146.77089621151703,-928.9810414786439,-322.0978958311378,14.981358641072411,158.36770372342968
48.6525,-0.027774808910552,-1.4228425652927228,0.5013055124357538,-0.0291612516997806,-0.0061034662850632,0.0244535142531061,-0.0009455411331006,-9.933291610485203e-05,0.0232677118492243,0.9997284342855725,-0.0015702976451239,0.0165295318716357,9.52941325364648,-0.008015899158706,0.0007576485246001,0.1062423223851811,9.134888300159938,3.729634703826656,2.112178359957672,1095.184415107962,1078.881562916736,1084.6568215608097,1105.4409307734654,271.234277773417,-900.6865202913954,-152.56073783699702,-38.93470795872245,158.37607105928723
48.655,-0.0319363852900945,-1.2079928249191334,0.5083646266965159,-0.029146190436457,-0.0103253672560473,0.0264492492461398,-0.0010530255335625,-0.0001511404312347,0.0232600044173482,0.9997284825340548,0.003653780299538,0.0169084959339493,9.502613506605744,-0.0080607853134404,0.0009270175246535,0.1054590852025769,9.13486543425124,3.7296376065385544,2.112440557825432,1095.9293128995516,1076.9152948009803,1084.5203899495948,1105.2498369801956,307.08148269009786,-721.4144675612,-0.0019651461116172,-133.21937674366674,158.38294648606856
48.6575,-0.0493876972808851,-0.9284373766797858,0.4635916836222014,-0.0291167716885142,-0.013084440111146,0.0280919862751172,-0.0011690531797595,-0.0002047930909194,0.0232518686095891,0.9997285284517188,0.0088967350439665,0.0171910611651963,9.475845400226339,-0.0080724625435964,0.0011044086626681,0.1046165552267341,9.134840566075827,3.7296396584831855,2.1126979813629942,1096.719822521411,1075.2744905789334,1084.6568117350791,1104.7748338897477,313.42779912094886,-625.9820150638897,94.12771170882209,-287.37554217553986,158.38971996934197
48.66,-0.0782198567651707,-0.5687002002677323,0.3688676219849047,-0.0292295938239774,-0.0142912708474757,0.0294002627196437,-0.00128770948536,-0.0002488133439251,0.0232471939271346,0.9997284913279788,0.0138264213684628,0.0174592468145792,9.449121177586719,-0.0080515303106489,0.0012910084429206,0.1037196692187467,9.13481315723447,3.729641138421684,2.1129505563603583,1097.4964518951572,1073.7853847256595,1084.9910285081392,1103.8129592693172,228.04510377811468,-470.9430773239866,135.0140804619278,-423.0999133841688,158.39773041020163
48.6625,-0.1021044992058438,-0.2816138444498663,0.2736086665802635,-0.0294493502149601,-0.0139852793677214,0.0299638326400195,-0.0014021923012893,-0.0002814120469788,0.0232535494337063,0.999728204022015,0.0182970561493791,0.0178064246442564,9.422447821298292,-0.0079973844946539,0.0014880978447205,0.1027724871073227,9.134784108402052,3.7296422883358793,2.113197674391519,1097.8600480403022,1072.9197751923123,1085.3318821373891,1102.6593343228255,62.91414510420774,-297.2354409132069,137.71881225801528,-534.679110574311,158.40430838476755
48.665,-0.1174382300554588,-0.0289932508989989,0.1815889961150077,-0.0297188914358465,-0.01320114182182,0.0301100726470241,-0.0014995571025291,-0.0003048105684279,0.02327624326376,0.999727559222129,0.0222452924886253,0.0184388208526612,9.3958283032843,-0.0079097645004986,0.0016979057943381,0.1017776387038147,9.134754219727709,3.72964382371542,2.113440087290354,1097.811022620678,1072.2992075210948,1085.6796225694286,1101.139563716448,-129.25519469952383,-265.33519652252903,146.55900829190392,-742.6605547831806,158.410786270814
48.6675,-0.1163222473458398,0.2356275609034776,0.0919742182922586,-0.0300754831407899,-0.0121153444987357,0.0299740677500653,-0.0015717073529131,-0.0003188866948503,0.0233139066817864,0.999726598484444,0.0255686063328755,0.0194714643830893,9.369265625458894,-0.0077903683383075,0.001921221470078,0.1007358552089818,9.134723851022478,3.72964639721052,2.1136798935670167,1097.2137720668043,1071.5930992096987,1086.064677178849,1098.946031548908,-307.95313394762775,-285.5137429063592,129.21799184294042,-849.0279688282702,158.41844472083017
48.67,-0.0922342154332425,0.4375292643837291,0.0412813865326338,-0.0304117199314778,-0.0112514115822256,0.0297177235802309,-0.0016187287214938,-0.0003279899673812,0.0233608946366753,0.9997254492214978,0.0282560359952783,0.0208646951958532,9.342766042711103,-0.0076416238478554,0.0021568087443085,0.0996459233971779,9.134693588405074,3.7296504311135767,2.1139184591568347,1096.271256950939,1070.8716388065623,1086.3257125286436,1096.8944238723043,-459.665994624456,-339.7394610140416,79.48498679600513,-837.0401353722965,158.4247310341701
48.6725,-0.0367057497870704,0.6421968968814217,0.0162454178453382,-0.0307939435083702,-0.0108064024295184,0.0294560912231245,-0.0016405419183519,-0.0003359058821102,0.0234095818754243,0.999724288410418,0.030300871492245,0.0225842282625825,9.316341112898167,-0.0074677502751455,0.002403297390527,0.0985046851115267,9.134664296034256,3.729655669106624,2.114157434833578,1094.915442093684,1069.8944019046303,1086.4621021128287,1094.7608308720503,-600.1283412781617,-435.4288924495041,20.88625671912109,-840.9114873393509,158.43091762673154
48.675,0.0485792989865581,0.8614471805782938,0.0083166831012473,-0.0311786677535136,-0.0106036557012847,0.0293183117364164,-0.0016365628509897,-0.0003414010068465,0.0234566610240506,0.9997231965797436,0.0316224851414856,0.0246091523236262,9.290010469208218,-0.0072755416822613,0.0026594679851309,0.0973073238975872,9.134637627282087,3.729661959000601,2.114397644663294,1093.2706152445467,1068.6944943443136,1086.4301438122393,1092.6898664356056,-714.0273186754697,-520.547747466305,-70.78773242807091,-784.5310610491276,158.43702086721046
48.6775,0.1695051295266524,1.0948476777943403,0.0122912800017058,-0.0314260620652875,-0.0097352645725893,0.0294007318525045,-0.0016080133450894,-0.0003420565272657,0.0235012470697664,0.9997221974040056,0.0321400683796,0.0268872461191093,9.263803963557583,-0.0070733495260458,0.0029238275405577,0.0960479905137638,9.134615362445665,3.7296701246313897,2.1146388387846327,1091.345305500305,1067.2916631672974,1086.108163450688,1090.8381755668026,-894.93249968536,-638.6610295726209,-228.18347319160077,-739.7588056204673,158.44302230175992
48.68,0.3466125729885363,1.3573302621898948,0.0188085592097416,-0.0312068517702379,-0.006699220056942,0.0296263251839918,-0.0015558750387495,-0.0003367814105127,0.0235415323157699,0.9997213369908992,0.031821529643868,0.0293721232126,9.237762363623752,-0.0068701251597566,0.0031950766351354,0.0947204661071288,9.134597986252546,3.729681371004349,2.114881160405924,1088.795952746124,1065.5011891964534,1085.2892264462823,1088.9910724075066,-961.4754518432702,-658.3530537326893,-381.08207154381086,-610.5154835022919,158.45010399220735
48.6825,0.5074935559032335,1.5234211880835964,0.0184163929847279,-0.0303368743738188,-0.0024467571570032,0.0298311713402062,-0.0014920796551074,-0.0003254227789066,0.0235785067313729,0.9997205757855714,0.0306725359566889,0.0318168768646649,9.211939107304318,-0.0066748971950683,0.0034703003609115,0.0933188817858585,9.134585029287244,3.729694769537208,2.1151240557999813,1086.537928241086,1063.9998978986323,1084.202753092968,1087.7855981492896,-913.5532403778926,-594.4648450790424,-519.4771642822232,-424.73822807479434,158.45590327651777
48.685,0.661568737611942,1.5933633249283798,0.0059343436076341,-0.028790002919444,0.0028433621369918,0.0299995202440512,-0.0014345245630799,-0.0003106360601962,0.0236137239555863,0.9997198498270053,0.0287721788483718,0.0338675336767436,9.186398854630669,-0.0064957798251001,0.0037462284879348,0.0918383665260213,9.134575440777116,3.729707990086972,2.1153660156018548,1084.228186544232,1062.5288649710567,1082.6918406248699,1086.8673812671316,-1007.8339490326088,-646.4651260642736,-751.5442172973976,-367.60841293868685,158.46159414582735
48.6875,0.814875371845949,1.5431436036931556,-0.0268476555824997,-0.0261418181923289,0.0093954246910956,0.0301270231118669,-0.0013944442789923,-0.0002949375769081,0.0236531939011918,0.9997189999195508,0.0262231025896749,0.0352968827867299,9.161213932498452,-0.0063399198882669,0.0040217042885015,0.0902754252681407,9.13456869487688,3.7297195825851106,2.1156051508636464,1081.4987584959276,1060.7675722683139,1080.4450320064843,1085.9475560845979,-981.4568599950065,-654.9646183211324,-880.4144110362633,-333.4421484808749,158.4682957351374
48.69,0.9031021091238208,1.3957696500195147,-0.0699087735745764,-0.023307709973713,0.0141521165763322,0.0301477419468441,-0.0013764744693249,-0.0002814459497943,0.0237004639759707,0.999717934956858,0.0231614646241088,0.0360015624454677,9.136461524675743,-0.0062130048816471,0.004297250480815,0.0886282250168547,9.134564124021043,3.7297286169046138,2.115840733531524,1079.3209022442616,1059.254041879454,1078.2897685696923,1085.2001705247287,-842.8578185597651,-623.0753247546086,-895.361673818203,-323.55830774733295,158.47377312973836
48.6925,0.9449209322088316,1.170937007797112,-0.128247479186825,-0.0202696830673428,0.0174619691482283,0.0300371228820763,-0.00138111325618,-0.0002745855174769,0.0237507807145022,0.9997167638614118,0.0197642437455151,0.0359555605613133,9.112220773083958,-0.006118923583499,0.0045740524231569,0.086896737516188,9.134560426086258,3.729735300462445,2.116072273419077,1077.2844694031266,1057.6521956445392,1075.9682236373912,1084.3297645458604,-864.2850150159246,-721.2092084183444,-1025.2396828754383,-431.52161592434567,158.4791384916587
48.695,0.9522124164252588,0.8645162337739659,-0.2119590963311779,-0.017069578011188,0.0197862969078174,0.0296829602307963,-0.001403957104735,-0.0002749762762257,0.0238005158025049,0.999715576577218,0.0161543091223105,0.0352254409517586,9.088569255744089,-0.0060604298033816,0.0048536952837623,0.0850827113362793,9.134556265226426,3.7297409673072366,2.116299250127864,1074.9994771691795,1055.6479958373604,1073.1635701553128,1083.042562445106,-818.5729609623819,-735.9658481272945,-1005.865690448132,-514.9511751887667,158.48544727200667
48.6975,0.9390273809634508,0.6156602554213942,-0.2885906367982652,-0.014903446691537,0.0206602822359697,0.0291530958684137,-0.0014402455603399,-0.0002772928987667,0.0238493622310963,0.9997143857624377,0.0123567888163896,0.0338885637767263,9.06558004506328,-0.0060394453890922,0.0051369907958107,0.0831896690849645,9.134550298362205,3.729747107242497,2.1165199796683107,1073.1916045983185,1053.972366403906,1070.9388951851552,1081.7550086699189,-716.2060355260537,-649.3904319974579,-839.9195180413038,-548.8607883391899,158.49059687199815
48.7,0.9280131542247388,0.4057486083924325,-0.3655720279310154,-0.0132254193587965,0.0208615363073779,0.0283599648556875,-0.0014875196957153,-0.0002781602047797,0.0238982421805323,0.999713170775897,0.008437262099862,0.0319826697734161,9.04331857234883,-0.0060558777367534,0.0054233190934247,0.0812228750231378,9.134542066612498,3.729754557855652,2.1167324273199393,1071.4184469915476,1052.4010436773715,1068.963972565104,1080.2982585034083,-713.1703791555982,-593.5882145822835,-734.7122526311857,-595.8449441220772,158.49563553662946
48.7025,0.9317537301860858,0.240276401931515,-0.4374302379634675,-0.0116841478865199,0.0207761634327827,0.0273404852498519,-0.001538848577391,-0.0002758822659088,0.0239466577318168,0.9997119496065738,0.0044945058809879,0.0296297914301896,9.021838780703591,-0.0061079935630597,0.0057117469886333,0.079188876691476,9.134531909931926,3.7297644429487646,2.1169358798909075,1069.6257527025386,1051.0044253309932,1067.2653339219971,1078.7757839493067,-729.0001735423892,-498.43488297269533,-606.7590681694644,-605.1037240271445,158.50058320090787
48.705,0.9598176806111643,0.1289717054935039,-0.4972161539172533,-0.0099907047451204,0.020572474102471,0.0259767377064615,-0.0015895733152789,-0.0002655618865601,0.0239951625544361,0.9997107104596784,0.000565679502054,0.0269170182253699,9.00118187090759,-0.0061934983107309,0.0060001379702409,0.0770949582098029,9.134520290892345,3.7297778520598825,2.1171306995122685,1067.7734461238388,1049.9088692625103,1065.9301772242595,1077.2727398832756,-829.4097703458043,-398.25427342232246,-511.2831677719099,-637.2226765117753,158.50542272861605
48.7075,1.0182183029183252,0.0445453568836808,-0.5506495024615234,-0.007629796485468,0.0203676100290033,0.0241408339377197,-0.0016422891238996,-0.0002448149037337,0.0240407988614343,0.9997095094266416,-0.0032770939367554,0.0238057268984799,8.981375450115818,-0.0063089153353488,0.006284712570011,0.074948704905396,9.134506834253246,3.7297943768760513,2.117316933602667,1065.4787038508075,1049.0131539638803,1064.7089180831365,1075.5896705667465,-847.9861600985923,-257.3051946627904,-400.6730999247562,-590.1639191313898,158.51110768893275
48.71,1.0782833510557783,-0.0016966844555835,-0.5804835843942303,-0.0051066576642121,0.0202944167027987,0.0227884469575339,-0.0016954545887017,-0.0002120506675916,0.0240783216948227,0.9997084602690324,-0.006956160674847,0.0203381729382075,8.962431279437467,-0.0064500479258443,0.0065622802162678,0.0727573347607335,9.134491298740423,3.729813778562903,2.1174952639825144,1063.5335153233439,1048.6223432891957,1063.9268117246347,1074.321920287617,-774.5697959469222,-92.66196646416817,-292.64974820143163,-480.200140195375,158.5157452775332
48.7125,1.1362157821970456,-0.0470702027556569,-0.5981582164260476,-0.0022068390575729,0.0203466081651238,0.0217755491520512,-0.0017451612972751,-0.0001656526152548,0.0241089710892344,0.999707521436058,-0.0104052993408743,0.0166056886077035,8.944345768949395,-0.0066122257965344,0.0068303853198057,0.070527265218451,9.134474646300728,3.729835600983492,2.1176667193024175,1061.6058548710764,1048.54984413156,1063.2456693421307,1073.1886698657715,-832.0215648542508,17.81740041532428,-313.96848818624073,-477.1580674098292,158.52028216502055
48.715,1.19009714950384,-0.1285940505212441,-0.604799379320232,0.0013541680707892,0.0205273690068916,0.0206747428076413,-0.00178834507365,-0.0001070008052002,0.0241330884198804,0.999706671341614,-0.0135206120890194,0.0126891925900787,8.927101449587607,-0.0067901596428885,0.0070870224434837,0.0682638956177915,9.134457387611489,3.7298588875091374,2.117831852671781,1059.3734074990705,1048.7114302912723,1062.3569692837027,1071.9361299505667,-798.377776417329,79.26022506285827,-361.86261214688466,-450.41351712570446,158.5256138913755
48.7175,1.215524584349273,-0.2362563858495074,-0.5913532872337796,0.0043144140086719,0.0207152003459327,0.0195352773997307,-0.0018199911672102,-3.805753139269449e-05,0.024152589694208,0.999705857177219,-0.0162041207961345,0.0087096729730361,8.910668101821107,-0.0069783663717648,0.0073312644080316,0.0659713739807994,9.134438755984382,3.7298825227547834,2.117990941561327,1057.6139659889875,1048.9461452568746,1061.436356281395,1070.936602280142,-677.683406855365,90.3833314995976,-423.47416320337607,-399.1078991347414,158.52996631779843
48.72,1.2155068875079031,-0.3975203927102624,-0.5432616466159421,0.0071623058362471,0.0207988422440073,0.0179747000290531,-0.0018364877848977,3.815512612992452e-05,0.0241673922848897,0.9997050784748284,-0.0183583590889546,0.0047670793928733,8.895005045903266,-0.0071712761367362,0.0075627796991448,0.0636525843771263,9.134418607322056,3.729904657899556,2.118145543013452,1055.9849904647967,1049.16334694877,1060.2395984676875,1069.9405904548948,-682.3630550114705,71.218067673235,-592.504889168519,-439.8369029182528,158.5342286261618
48.7225,1.1805249944071528,-0.6519049940702945,-0.4274630201144103,0.0104571814142006,0.0204956722410313,0.0156457896781006,-0.0018364481760163,0.0001136204504638,0.0241768081409058,0.9997043553758566,-0.0198172636988564,0.0009234493123519,8.880063480627337,-0.0073629126381031,0.0077816041633152,0.0613093026697792,9.13439673254701,3.729924802931549,2.118296226167416,1054.2021507139286,1049.3022355952407,1058.4738318355512,1068.7374177655497,-621.4603797200656,22.86764000963297,-691.7728816243751,-438.7015393183021,158.53924418265285
48.725,1.1170367402124315,-0.9008600973295728,-0.2763425924731485,0.0132745720992824,0.0196164577809868,0.0135993117696173,-0.0018153863293138,0.0001787362962412,0.0241816947789703,0.999703691639999,-0.0204047234844982,-0.0027016232892006,8.865787934777396,-0.0075475547150853,0.0079885449476517,0.058942304346804,9.134373187553255,3.7299433581277857,2.1184430424351306,1052.8776885661948,1049.277685148818,1056.780734059564,1067.7470827583022,-490.4118617361205,-41.43526520592008,-700.2277199999301,-385.7007274343102,158.5433448304611
48.7275,1.011250351097444,-1.1556995440029552,-0.0774717437647729,0.0160749976682135,0.0176838283026025,0.0122860310032512,-0.0017741529011696,0.0002282437769444,0.024186738504926,0.9997030109869056,-0.0200426008302538,-0.0060788012977121,8.85211853698784,-0.0077206202922797,0.008183869643124,0.0565517016982638,9.134349160112425,3.7299607644752895,2.118586158177828,1051.7500914052503,1049.0950592692116,1054.9726932355547,1066.80891412838,-442.5083718471806,-117.2190380244811,-790.6981971187225,-394.31750651995407,158.54736777030033
48.73,0.8312427372312275,-1.4151781234228236,0.1842921918947367,0.0189399137219628,0.0137848325539069,0.0125641350128387,-0.0017199330611262,0.0002575323044641,0.0241983057320606,0.9997022171817608,-0.0186846375563522,-0.0092882923731296,8.838992852528174,-0.0078782888223756,0.008367004073877,0.0541373372652022,9.134325908268115,3.7299776392080366,2.1187245025153865,1050.6651467069576,1048.6915899586954,1052.8272430739685,1065.7754952257014,-347.537795534849,-181.9649965965233,-762.6369373357383,-364.68953928906086,158.55211017220918
48.7325,0.6371189524153554,-1.5514807044493015,0.3927594271329426,0.0208396909995887,0.0092590036663545,0.0141450907946651,-0.0016585590049617,0.0002667551587826,0.0242210396708135,0.9997012981766435,-0.0163848097769378,-0.0123824239698967,8.826346594090902,-0.0080178822057883,0.0085372415614201,0.0516988568307138,9.134303301991693,3.729994934193768,2.1188575892972388,1050.0124024275751,1048.1852342862285,1051.159508548874,1064.9854664319337,-203.54768654451945,-248.91353641660217,-627.3843432021544,-311.78513575338167,158.55599449452717
48.735,0.3999142046808975,-1.5654328162707118,0.5653383384729485,0.0223154391140474,0.0040886578064767,0.0161755412298009,-0.0015903459677508,0.0002610422382846,0.0242525299065298,0.9997004689301556,-0.0132975950738548,-0.0153131177178715,8.814114907231277,-0.0081377135856493,0.0086939539815146,0.0492357949319879,9.134280639381213,3.730013548875716,2.1189853696889736,1049.647408274236,1047.4470222766136,1049.6903213579603,1064.216569546936,-95.43334888475903,-346.9179756412858,-552.1473816791871,-318.0490641869902,158.55981222596392
48.7375,0.1313371167615944,-1.4634866115987795,0.7000013866473974,0.0234426332694603,-0.000991658874278,0.0181446460253686,-0.0015126084711421,0.0002416010893021,0.0242876632630553,0.9996999661670006,-0.0095196319805773,-0.0179808327418519,8.8022343183943,-0.0082359749568443,0.0088363367461,0.0467478762043243,9.13425718690114,3.730034635028793,2.1191069742860686,1049.535235683151,1046.4506444080212,1048.3987716404768,1063.395221110998,17.417677040875972,-478.77586755919833,-479.391595443831,-360.89550285728086,158.5635772840353
48.74,-0.1642617393643033,-1.2262477838495307,0.7892275753541613,0.0240284637919819,-0.0055245492984351,0.0199781284338363,-0.0014294384042123,0.0002085568212713,0.0243207387720809,0.9996997754890846,-0.0051422622109113,-0.0204059752848072,8.790643959236679,-0.0083110574353874,0.0089627404712117,0.0442351948961364,9.134233688791594,3.7300580585275056,2.1192215708642927,1049.7344966594403,1045.0531429388163,1047.29336338074,1062.4120920326486,156.29857755571385,-724.9980645269488,-456.0916995517401,-489.78833787704366,158.567281668435
48.7425,-0.5251851325916033,-0.817902457671231,0.8486767502739138,0.0237381534508664,-0.0097116509170101,0.0222140144139367,-0.0013502510422666,0.0001668315489992,0.0243470562388129,0.9996998479228016,-0.0003521746268014,-0.0227007620457318,8.77928599267489,-0.0083620302230659,0.0090713088586064,0.0416980570681251,9.134210123054764,3.7300831303633304,2.1193296141773623,1050.3167285709287,1042.8256540853895,1046.11831314272,1060.9462794216147,262.3898970844515,-910.580552833642,-414.5797322274728,-590.1883227303351,158.57166016638
48.745,-0.8041146516066968,-0.4152103532821818,0.8617580611334592,0.0221323227859224,-0.0115745285681556,0.0242356725355099,-0.0012872861580662,0.0001267016257409,0.024368208619698,0.9997000248753632,0.0045627912250989,-0.0250255824955629,8.768106378096872,-0.0083884373432621,0.0091606667165267,0.0391368605927793,9.134185546758209,3.7301093010786337,2.119431037085388,1051.0464461448635,1040.5002401746456,1045.2204647196015,1059.4611504189954,323.9168434574984,-1011.4635058654412,-348.61987583613325,-640.7496021561561,158.57525565217955
48.7475,-1.023767331792083,-0.0075323030464229,0.8398017938455222,0.0189025972540765,-0.0111531088923048,0.0263179133023418,-0.0012500393269987,9.907353493388627e-05,0.0243899450544705,0.9997000917214444,0.0093012813291168,-0.0274947000601445,8.757055596603848,-0.0083898798689559,0.0092305470332033,0.0365520168002173,9.13416032774902,3.730136345987277,2.119524620182089,1051.9363127882173,1037.76833655606,1044.3752137635383,1057.7425314108325,396.6430078662112,-1253.7443942084371,-360.3116322874124,-786.0511499927596,158.5787987539868
48.75,-1.1875880875704958,0.4241139468262905,0.7764624579492265,0.0144389126418019,-0.0083745293214229,0.0285634141040028,-0.0012391712854031,9.447332265518931e-05,0.0244161252743249,0.9996999223858029,0.0135707609017903,-0.0300719238701185,8.746089185320045,-0.0083661198268723,0.009282168947645,0.0339437291907635,9.13413490689448,3.730164173995479,2.119610423560453,1053.0296611841927,1034.2315182036093,1043.4189065581663,1055.5308946690352,378.2571073877336,-1299.2661087978825,-337.96352282723814,-813.224389467735,158.58299339940234
48.7525,-1.232958418441951,0.7087705493089725,0.6953143038974239,0.0110612316086043,-0.00523642035208,0.0301888490243327,-0.0012502799819622,0.0001187843758778,0.0244469993878198,0.9996995054972284,0.0171627927275308,-0.0326404886830363,8.735168449427134,-0.0083169387113748,0.0093178379119858,0.0313119394112615,9.134108399500208,3.7301918928019866,2.119688401237332,1053.8275983251542,1031.2720060120764,1042.685396149404,1053.6764094634975,264.8732445588402,-1137.8655537064878,-275.12740179190155,-716.781035105484,158.586443981312
48.755,-1.1873518062114976,0.9137022438178884,0.5859858699879787,0.0079030305756115,-0.0025149090917041,0.0317248523150744,-0.0012845974086134,0.0001703041945625,0.0244838369569299,0.9996988098029328,0.0200021659046632,-0.0351926967190748,8.724260976301897,-0.0082421359496397,0.0093402990642123,0.028656381432422,9.134080600555267,3.73021814468184,2.119759183009903,1054.3540274069876,1028.542190435074,1042.043269549206,1051.946989493506,142.17011097491195,-1105.127695653644,-257.03413696019686,-703.2480492654526,158.58985107427804
48.7575,-1.040025938497428,1.0922038831742626,0.4225437006799508,0.0039931954315771,-0.0001613324614121,0.0336273166444383,-0.0013376831340559,0.0002418993652267,0.02452635854898,0.99969785704747,0.0221159144031172,-0.037632463240635,8.71334074004563,-0.0081420637561924,0.0093533194231505,0.0259762072342205,9.13405195595134,3.7302425799505783,2.119823976535655,1054.5384488800291,1025.7463675338051,1041.4002254646023,1050.1601692171685,-15.782736194947375,-927.7083333866157,-214.43133909157444,-589.3981765734128,158.59389305014213
48.76,-0.8554610972083233,1.204993016050894,0.2625265992411363,0.0010743800334546,0.001480255230636,0.0351730523511375,-0.00140261142202,0.0003284148709635,0.0245733273548845,0.9996967002480128,0.0235051267625988,-0.039829047382771,8.702388845092393,-0.0080183053376831,0.0093611742749264,0.0232699354001325,9.134023594018792,3.73026532830194,2.1198844387402573,1054.2751137260127,1023.9036487681452,1040.9711128537492,1048.9999986106416,-186.41280551091327,-632.3085395029415,-154.1779641389105,-380.6911773380178,158.59722533988372
48.7625,-0.6353185676494612,1.2916372064005892,0.0905055040622011,-0.0008453015758688,0.0035433915815054,0.0361451518252677,-0.0014738386436212,0.0004184832499591,0.0246250477069984,0.9996953560098086,0.0242884229632772,-0.0416886156456835,8.69139368569251,-0.00787332590918,0.0093681851918559,0.0205358722972123,9.133997219371043,3.7302868494386288,2.1199400657730796,1053.606384852474,1022.584824836289,1040.629335643907,1048.2567133304772,-319.0369976102561,-448.37470190691215,-128.39394078762578,-223.3981594998789,158.60052351197575
48.765,-0.41229605751323,1.352229820706601,-0.0738526069556953,-0.001730038308829,0.006378772632229,0.0361185906848238,-0.0015407984867508,0.0004993896482607,0.0246780123072177,0.99969394347651,0.0246216837000547,-0.0430407560444621,8.680351161340582,-0.007710802357835,0.0093786803198324,0.0177722030239184,9.13397343499542,3.7303081088265504,2.1199893058858494,1052.6799287379608,1021.6617752586092,1040.3291431498108,1047.8830078131416,-404.2673203865472,-289.98916740501045,-117.2357515969154,-65.35831854977492,158.6037956899803
48.7675,-0.2162235440965723,1.366901785220984,-0.2040430497078846,-0.0015783095336963,0.0102054554845795,0.0349057675558084,-0.001591726384822,0.0005624033995554,0.0247274983785943,0.9996926136950206,0.0246058196141142,-0.0437027931176987,8.669264761308929,-0.0075355182074287,0.0093966492357818,0.0149771651378402,9.133951799714778,3.730329174403223,2.1200318943843675,1051.5850482505432,1021.1348789992652,1040.0431568859233,1047.9299217377288,-480.56840161778354,-161.24605025869124,-126.47269502306597,95.78990425534003,158.60703893814423
48.77,-0.0384118828723955,1.3163561329688163,-0.2985484440166454,-0.0007773223413273,0.01515204338581,0.0330196540353227,-0.001617210051765,0.0006041640628714,0.0247713791420784,0.9996914471431658,0.0242631793924968,-0.0435402194353862,8.65814513050031,-0.0073529323861374,0.0094255989065064,0.0121491832900754,9.13393203577866,3.730349504763198,2.1200683205205104,1050.2770867298707,1020.8555450073156,1039.696779674695,1048.3619573344183,-452.4881178856008,-54.77746022624541,-124.7850711433146,195.0770328279216,158.61089999320222
48.7725,0.0556788302258921,1.2170471537405747,-0.322484710476731,-0.0001638141805146,0.0187916256268539,0.0316351633073942,-0.001615334515824,0.0006213828748013,0.0248101090820203,0.999690447004922,0.023628431950937,-0.0425565081975873,8.647009125046315,-0.0071686835285435,0.0094684066502758,0.0092871465893812,9.133914437915246,3.73036864783692,2.120098684566687,1049.322607661114,1020.860991698134,1039.4192315302064,1048.9053069018687,-331.4646214940071,44.75879083224277,-99.77007056413619,218.80479054981953,158.61409335147144
48.775,0.099388218360825,1.07070810894916,-0.2989414763845495,0.0002071772458336,0.0215168916612736,0.0306829266553265,-0.0015863458651341,0.0006174603306044,0.0248450744097018,0.9996895855584312,0.0226369561829216,-0.0407956646700724,8.635879160820721,-0.0069884626769823,0.0095274049333526,0.0063903593525087,9.133898631084929,3.730386555823369,2.1201229904951013,1048.619763622402,1021.0793389614764,1039.1979293218749,1049.4559812871667,-241.08327483128448,142.9512519306123,-71.74744215504656,205.55666959656665,158.61726294058556
48.7775,0.1084814548232301,0.86159470963003,-0.2357306522241156,0.0004904853901787,0.0239836870238631,0.0300205901487097,-0.0015324536995385,0.0005956532981851,0.024877846248446,0.9996888269280564,0.0212433613309134,-0.0383395627845797,8.624782030239324,-0.0068175611611218,0.0096042107784109,0.0034588196799765,9.133884519060611,3.730402971863199,2.120141418169994,1048.1171912869568,1021.5757479577871,1039.0604943194307,1049.9330902498523,-132.6944699429308,219.61803222332168,-22.426911352692866,125.67960793683532,158.62103990730537
48.78,0.0918838005119202,0.6729184754487554,-0.1692835971810343,0.0006608934652258,0.0257383264452048,0.0297760864896324,-0.0014680354652796,0.0005576440231685,0.0249130372590284,0.9996880357583762,0.0194412236233948,-0.0354820049167192,8.613748026729784,-0.0066606147247108,0.0096995668235679,0.0004936047085846,9.13387223696844,3.730417962162848,2.120151652300631,1047.9562912726872,1022.1774291225936,1039.0857947651111,1050.0843793268511,-31.644301007310464,273.84803638212713,40.09829470318446,1.8977943919725453,158.62416553136276
48.7825,0.0636009365054822,0.4823959144560492,-0.1039579201502546,0.0007825176787787,0.0272314347050695,0.0297279247877413,-0.0014083743295717,0.0005104270326819,0.0249549194448005,0.9996870812959864,0.0171481544293324,-0.0325282448333975,8.602810310101534,-0.0065214816350521,0.0098133559426275,-0.0025034206074932,9.133860668938864,3.730432709105744,2.120150853715603,1047.9589697819204,1022.9449881396968,1039.2609857929467,1049.942579221812,2.5497915713445454,361.61260981952773,102.39058951273581,-121.8219148462426,158.62726828993607
48.785,0.0302003393254846,0.2672036594159244,-0.0392654749727184,0.0007840787236306,0.028343543253969,0.0297861167361017,-0.0013606102798983,0.0004632979590442,0.0250041704128969,0.9996859336514528,0.0142603942289378,-0.0296383807397574,8.59200376824542,-0.0064030633808282,0.0099443445601291,-0.0055300492906753,9.133848511833907,3.7304488875437567,2.120138402077236,1047.969040230544,1023.9854921716922,1039.5977477126753,1049.4752697526196,-23.3413496276961,387.0680143728189,132.19120508977144,-206.36668603741228,158.63096428860783
48.7875,0.0118368346075695,0.1116458847565866,-0.0023716827862366,0.0005748203776838,0.0285422654428768,0.0298794609487985,-0.0013228168539297,0.000430073083768,0.0250551246405617,0.9996847273326128,0.0106134242524937,-0.0268094440683143,8.581364049422993,-0.0063072935830981,0.0100899513441206,-0.0085843333743927,9.13383477093876,3.7304679666561142,2.1201157008772036,1047.842263033782,1024.8803282115618,1039.921941818396,1048.9107457916243,-106.89003021648831,346.1046053694382,121.60184820324648,-238.59805751602704,158.63402044033833
48.79,0.0110409468643376,-0.0061858103282909,0.0132117539802428,0.0004116689396,0.0280299897685697,0.0299863028651098,-0.0012928533777209,0.000418566343059,0.0251042430575019,0.9996835470293838,0.0061573926098471,-0.0240311925258328,8.570927072092163,-0.0062352555060739,0.0102465687598593,-0.0116647788691523,9.13381973366108,3.7304900091659983,2.120084583553447,1047.434590079462,1025.716015198538,1040.2057569536908,1048.2822794650403,-223.16697323319607,313.59675758974265,95.73394225344249,-242.40004633271715,158.63704999723876
48.7925,0.027709836665748,-0.0882734399510365,0.009914717195141,0.0005845656657489,0.0271210238701478,0.0300923818428453,-0.0012636235736509,0.0004290741762057,0.0251509848088948,0.9996824130835112,0.0009825748933532,-0.0212044144948433,8.560728926063403,-0.0061876082961969,0.0104098251835352,-0.0147706927497672,9.133803983504542,3.730515156810028,2.120046905851647,1046.7264281676155,1026.4483119995111,1040.4006115296631,1047.6987455599603,-360.9237086359799,259.1152798408568,48.274945172554766,-200.43979213827447,158.64005570757843
48.795,0.068572285631457,-0.1325708535382125,-0.0163434949452216,0.0009712745237549,0.0261879122480423,0.0301848164482809,-0.0012320379901075,0.0004561041225852,0.0251973348057333,0.999681281879338,-0.0047167629955715,-0.0182932470878714,8.550806520533648,-0.0061649188260698,0.010575166601642,-0.0179020081292996,9.133787758884216,3.7305433201584006,2.1200037927187507,1045.6299715362811,1027.0115915977428,1040.4471316795539,1047.2800805043487,-564.4811954589063,202.28402164562087,-17.072053539247527,-125.15329598747952,158.64302997586995
48.7975,0.1536920493734407,-0.1628824413214437,-0.072924550655194,0.0012450191108184,0.0256340549514882,0.0302483506130117,-0.0012019715854359,0.0004859680708174,0.0252447567903354,0.999680117129922,-0.0106052661540038,-0.0153764067794761,8.54119836800561,-0.0061680772453667,0.0107384862841851,-0.0210589297392302,9.133772368972137,3.7305740751341454,2.119955396218357,1043.9040221903235,1027.4597321077383,1040.3152512619672,1047.0729790800235,-686.3237903072459,124.42922221542176,-77.86901638169748,-20.489001922158852,158.64655860330708
48.8,0.2623051778257635,-0.1896819789990719,-0.1381137499971004,0.0013200105607724,0.0257933308266744,0.030218003651807,-0.0011803462853563,0.0005093055978669,0.0252946006155106,0.9996788820274808,-0.016421169431001,-0.0125751549523134,8.531944379598508,-0.0061979058758416,0.0108965127996713,-0.0242418081668898,9.133757743392064,3.730606300902688,2.119900450088125,1042.1983525847431,1027.6337377088203,1040.0577865976452,1047.1776354947378,-712.4834603644097,29.303300993964072,-129.04659230905727,93.1865155306219,158.6494618614116
48.8025,0.4154455625288872,-0.2386450799424627,-0.2155708912615849,0.0014341712052726,0.0262645032121576,0.0300176855635824,-0.0011694691233407,0.000526832217922,0.0253473202325906,0.9996775627681822,-0.0220725817388728,-0.0099215184893133,8.523084571216822,-0.006254615623413,0.0110467259909557,-0.0274510857317793,9.133743447386232,3.7306400980089065,2.119837451303729,1040.3416048884997,1027.6062486127084,1039.6700183004216,1047.5389116576769,-819.1394400792608,-51.59598674681692,-195.36170885784972,193.6645190267824,158.65232166628104
48.805,0.6452622959244885,-0.3305268805299982,-0.3106118587916306,0.0018078163325282,0.026432721557605,0.0294533409743186,-0.0011624637039904,0.0005425632201941,0.0254026320801385,0.999676171095646,-0.0275213013063905,-0.0072859004415846,8.514658022615382,-0.0063377912172109,0.0111871283956976,-0.0306872056881765,9.133729877765507,3.7306758455674847,2.1197659600233445,1038.1026553843503,1027.3757577750864,1039.0809780533568,1048.1459580898709,-800.0596179259902,-108.2787127475868,-234.0292898079664,224.7297273286891,158.6556973815507
48.8075,0.8595523220090036,-0.4275018648577472,-0.3800325221432452,0.0027288750622075,0.0258437664868396,0.028625343042752,-0.0011541127085765,0.0005553913419114,0.0254565230702177,0.999674814641659,-0.032646366628497,-0.0045684941410554,8.506703227844865,-0.0064467935948996,0.0113168554786889,-0.033950293637775,9.1337165077655,3.730712522529928,2.1196858986787146,1036.3413067988677,1027.0648550489702,1038.4998718513812,1048.6625602943209,-658.6422881320045,-135.6878387329049,-250.18354505496907,173.2399501067926,158.65845987479875
48.81,1.0639394216274451,-0.5277330773125105,-0.4243822646924859,0.0048750999510488,0.0244815121919677,0.0273970805464226,-0.0011377820495581,0.0005633423204576,0.0255054713565571,0.9996735945380348,-0.0373172069176421,-0.0016473696879038,8.499256847343206,-0.0065804217550329,0.0114361952843626,-0.037240325386958,9.133702349421892,3.7307490503442513,2.1195983636531004,1034.8094439436888,1026.6973185814215,1037.8300603280811,1049.0121578404053,-596.1482551821483,-160.71116569320176,-316.1498163841917,79.32551331530641,158.66116581327407
48.8125,1.2484608817097267,-0.6299667150149889,-0.4342481001379887,0.0090818993817333,0.0224039419198733,0.0256473423795273,-0.0011090904455248,0.0005643987471483,0.0255471908983603,0.9996725788104066,-0.0414111728799362,0.0015571160756116,8.492352799449158,-0.0067368440247004,0.0115468561218564,-0.0405570134437561,9.133687196317075,3.7307841830513926,2.119504746561161,1033.3605655229596,1026.2612992205047,1036.9191227694616,1049.059187860897,-451.026801369836,-151.87475699463164,-353.59561334549073,-62.20439312279469,158.66434364968515
48.815,1.3197292459865737,-0.6881876838286652,-0.4007482104633411,0.0135205375260735,0.0205370939250294,0.0241604915293987,-0.0010757979017522,0.0005579637543147,0.0255791901138461,0.9996718206360764,-0.0448446299383546,0.0049130264437957,8.486021756691747,-0.0069135502605231,0.01165273036994,-0.0438993990450474,9.133671601815744,3.7308172777905617,2.1194040779417302,1032.5543099368415,1025.937944796449,1036.0620822613555,1048.7011358747916,-226.70491603050547,-116.95486725473911,-366.1265058286463,-232.82769583381108,158.6669317531164
48.8175,1.28511108654983,-0.7097154169909308,-0.3249354969319098,0.0178145193447292,0.0185075550711872,0.0228199415140066,-0.0010455160948896,0.0005428459948019,0.0256019639177462,0.999671298257311,-0.047534641020322,0.008283544860707,8.480289147368135,-0.0071075069491545,0.0117588897007681,-0.04726587087865,9.133655027163703,3.730847501618343,2.1192945394701233,1032.2270409428063,1025.6765248842307,1035.0884902403175,1047.8950493817274,-48.48236178452019,-94.27919010626917,-410.77247419395366,-391.33080030140246,158.6694552534943
48.82,1.1637240960000304,-0.698455392107487,-0.2208323385837719,0.0214261122594866,0.0162608235465472,0.021770124441867,-0.0010245237188127,0.0005206407373981,0.0256205884746771,0.99967087278477,-0.0494568460453824,0.0115473663097509,8.47517322535035,-0.0073148710480718,0.0118710681936086,-0.0506541810968953,9.13363700903824,3.7308741723158647,2.1191753577732553,1032.3118981279188,1025.4665488459175,1034.0082198903847,1046.7444818732836,127.4947310589846,-74.65028746112206,-457.60874401140205,-524.4390938926012,158.671923941754
48.8225,0.9529602336439286,-0.6519739268205501,-0.0973391289038571,0.0239956630361259,0.0138402796778526,0.0212756735021174,-0.0010106355244808,0.0004941749658667,0.0256381829498773,0.999670462211518,-0.0506176542815487,0.0147173509322733,8.470683000855853,-0.007531369611585,0.0119942507808612,-0.0540616989794689,9.133617227851612,3.7308979199463392,2.119047038834672,1032.8645145981009,1025.3032734469257,1032.8004465202623,1045.2728539122668,332.0115223301066,-67.55581536777936,-554.1991447454968,-685.1729623146772,158.67432552978127
48.825,0.6227209053622556,-0.574715714520012,0.0496400022023026,0.025944396747183,0.011408452353244,0.0214201618760432,-0.0009995284954218,0.0004643697050142,0.0256581965840285,0.9996699810948844,-0.0510043184934673,0.0178319410515315,8.466817861091275,-0.0077527375082431,0.0121326394974936,-0.0574853578972733,9.133595891195844,3.730919684254656,2.1189095156998614,1033.9719557395704,1025.1287697690784,1031.2372241666556,1043.3186170617084,459.31489632038546,-65.0807183629362,-581.8189802398344,-717.4562796508748,158.67712902758888
48.8275,0.3005377832731925,-0.5162658213669802,0.1542450110433612,0.026893414384822,0.0104210429089717,0.0220743891260931,-0.0009858125133173,0.0004349109848142,0.0256827642803829,0.9996693795169944,-0.0506651138452632,0.0209396317097567,8.463566082022137,-0.0079744358891505,0.0122892613017397,-0.0609218140268474,9.133573268593501,3.730940550056944,2.1187629421657483,1035.161089079704,1024.9778698551108,1029.8913516190619,1041.6855725140103,501.3324667437258,-64.38593357198842,-529.5007799847822,-622.3401879694142,158.6793994810604
48.83,-0.0535273430091228,-0.4944212792826429,0.2252107062743321,0.0274013176912083,0.0106307356911012,0.0230171117422229,-0.0009655436161422,0.0004104084251748,0.0257084944177724,0.9996687472176012,-0.0496798704472871,0.0240566409487381,8.460904635172003,-0.0081920377146952,0.0124659230038217,-0.0643674429434466,9.133549613902739,3.7309617288897226,2.118607991689761,1036.4786180732867,1024.8068401012188,1028.5897202667343,1040.206916121864,572.9098030894218,-79.21300909879886,-538.477107081414,-592.9033123306604,158.68160119870333
48.8325,-0.4950897337679541,-0.5276081689683529,0.2634843917301039,0.0272529268777066,0.0113570495748868,0.024245111457655,-0.0009398205146873,0.0003888484043886,0.0257322061567842,0.9996681645276796,-0.0480328678573728,0.027105498578661,8.458800253717383,-0.0084021670238945,0.0126637621878249,-0.0678181534110171,9.133525197378225,3.730984271956889,2.1184436972861342,1038.0256380951523,1024.5818048096166,1027.1989660836534,1038.7210559523555,535.8879994895675,-83.80304448951651,-464.6295533299405,-492.1653099021325,158.68416339244618
48.835,-0.8567521574126241,-0.5944087227387503,0.2568675921532339,0.0260504812950942,0.0111581397715197,0.0252897485814566,-0.0009109850450776,0.0003670538919734,0.0257554291206512,0.9996675905543658,-0.0457022798167509,0.0299845462353769,8.457208333494322,-0.008601885291333,0.0128830031010887,-0.0712696062366902,9.133500885170337,3.7310084694274086,2.1182699270802177,1039.158058070736,1024.3878248787707,1026.2665725000832,1037.7460895723523,393.76209158526194,-76.5636617836904,-309.861959152713,-340.359151779276,158.68623176970706
48.8375,-1.1802958787042814,-0.6648392287832569,0.2180367321499487,0.0233825110003928,0.009280428026336,0.0261171382362283,-0.0008809022088378,0.0003441543423451,0.0257784278543905,0.999667017866716,-0.0427180078019175,0.0326002800400195,8.456072686382646,-0.0087883314661128,0.013122785614617,-0.0747174272084199,9.133476288920628,3.7310344196392,2.1180865949286902,1039.994448553077,1024.1989865006983,1025.6496562878913,1037.0192601934607,277.522845423522,-80.3653178403736,-187.5154445086032,-275.0550847916614,158.6882306225786
48.84,-1.4863526315084303,-0.702854600806002,0.15025568686607,0.0184641117571658,0.0055735867933813,0.0264857768611744,-0.0008473044482178,0.0003246114901423,0.0258008570283663,0.9996664561627358,-0.0392099676503188,0.0349329509715774,8.455325574429583,-0.0089581137464415,0.0133807630999031,-0.0781575045029075,9.133450602507427,3.73106294302156,2.117893474072448,1040.5456722978543,1023.9859982895688,1025.32899527754,1036.3708141483933,118.80125101418632,-75.55588169803514,-45.71015360054324,-210.16826989296692,158.69054870638143
48.8425,-1.6529670924252386,-0.6717591121828507,0.0886839385596758,0.0134704107790565,0.0023116638912532,0.0262668908252145,-0.0008093113746585,0.000311042806432,0.0258231103652757,0.999665897296028,-0.0352875865090908,0.036942532847401,8.454890673837486,-0.0091082525168009,0.0136541555024882,-0.0815858937871434,9.133424042678195,3.731093777727528,2.1176900752026735,1040.5884548081483,1023.821207092208,1025.4211055198884,1035.9684188439956,-67.89723437938655,-64.12597144675522,106.2664330899736,-140.96370048295373,158.69241324513396
48.845,-1.722172793242563,-0.5727086373349884,0.031402899292334,0.0087036422706476,-7.324527589967224e-05,0.0259431790309095,-0.0007692581910168,0.0003071236538402,0.0258437952933813,0.999665378323814,-0.0310885826179414,0.0385409702896183,8.454684959932322,-0.0092358739747044,0.0139403228623515,-0.0849990413846292,9.133396143856457,3.731126392241471,2.117476047105268,1040.2061861259576,1023.6653684323354,1025.8603274429893,1035.6659956459791,-214.5521999506212,-62.88749433027954,224.29224614490872,-107.38568729338076,158.6942078120395
48.8475,-1.7192492196491989,-0.4315556387019471,-0.0213051758193052,0.0046832898092698,-0.0012635789122349,0.0259577086147963,-0.0007284462310445,0.0003131546675829,0.025860727670173,0.999664958802206,-0.0267003404009713,0.0396640402060314,8.45462076391882,-0.0093390505109264,0.0142363824948034,-0.0883940852721933,9.13336705862854,3.73116057902278,2.117252151579317,1039.5156938083946,1023.5067696205566,1026.5425667506136,1035.4314904075284,-331.8369745484809,-69.01646195350274,315.78320685755205,-77.31836351954964,158.69594377747174
48.85,-1.644619102771266,-0.2635355712229975,-0.0706280435904789,0.0013279343790085,-0.0012593517995396,0.0263917800803498,-0.0006913546372801,0.0003208391976105,0.0258770822541906,0.999664555088258,-0.0220705561025814,0.0401997863370937,8.454609322595143,-0.0094177881872306,0.0145402449777992,-0.0917688898026259,9.133338245694658,3.7311955070715226,2.1170186708511367,1038.5470012532144,1023.3202861225676,1027.4392434772778,1035.2794038283812,-458.58625552528656,-97.7907126168,419.9055197878077,-46.8626144325725,158.69760765260622
48.8525,-1.4840370042992617,-0.052546981613152,-0.1226997648972773,-0.0027885063474235,-0.0009367501250304,0.0267430220843134,-0.0006623638288252,0.0003271095913436,0.0258961510756828,0.9996640792644154,-0.0172384993521714,0.040050722584807,8.454562053694168,-0.0094718457201038,0.0148500016953382,-0.095122592312414,9.133310809363367,3.731230440044556,2.116776360053272,1037.2227625307703,1023.017816057473,1028.6420943495507,1035.1971773353655,-485.85725209297993,-131.47684049229247,443.5621676261694,-15.152104240761652,158.6995181676807
48.855,-1.2929299897218929,0.1255280437650475,-0.1502397855854813,-0.0066007185245041,-0.0007380302949021,0.0264376202832327,-0.0006430571603535,0.0003319687265103,0.0259160351988552,0.999663580597103,-0.0122963386803147,0.0391793238749936,8.454393570643507,-0.0095010138393303,0.0151632248864691,-0.0984557523179208,9.13328447434395,3.731264509210885,2.1165266916469228,1036.1177149927482,1022.662901920106,1029.6570543154098,1035.2036433071771,-410.95953335390624,-169.4663081323185,387.84936258605904,11.87075184802172,158.70103575646044
48.8575,-1.0460202907394496,0.3058772516116772,-0.1449420681699588,-0.0104855825772025,-0.0005333516566657,0.0253839712657704,-0.0006314066503135,0.0003390738625145,0.0259312870449943,0.999663199835977,-0.0073963638379395,0.037623139128703,8.454024859660706,-0.0095046865126057,0.0154765463295803,-0.1017703612807582,9.133257750805496,3.731297882642717,2.1162698282139134,1035.1679648639995,1022.170484516811,1030.581341162482,1035.2565310946059,-353.3075497297007,-247.00065999395247,366.7830103241311,24.176539673748422,158.70247192760687
48.86,-0.7060830339998946,0.5228849918325235,-0.0888368642168814,-0.0140851180967196,-2.6213323432625488e-05,0.0237112521217797,-0.0006314145171677,0.000352343379016,0.0259403612508925,0.9996629703473257,-0.0026945564987609,0.0353311720233488,8.45338813462793,-0.0094821287232744,0.0157874991250703,-0.1050693477807174,9.133229493961057,3.7313314645699935,2.1160052742200723,1034.351177244101,1021.4278986201372,1031.4909693670288,1035.324526005546,-234.9968496011277,-288.6361707468383,291.8947629221619,19.450660473275143,158.70409541961357
48.8625,-0.4159764223374025,0.6964345495200087,-0.0048053752560159,-0.0152535046641252,0.0008542102329681,0.0225598896720336,-0.0006406910665362,0.0003739091854694,0.0259447595939642,0.9996628516050706,0.0016912511649272,0.0323729896192521,8.452427657468125,-0.0094331322717857,0.0160918884597841,-0.1083567881133337,9.13319879706094,3.7313668626529326,2.115732495359913,1033.9929806159935,1020.727303663076,1032.0408149770935,1035.3537843969723,-80.71435505267308,-278.39538262343774,174.8571071763778,1.0899743131625537,158.70536015175736
48.865,-0.1599349947100507,0.8437607195929816,0.0949827962745244,-0.0143164669058194,0.0024942313499233,0.0221332462969628,-0.0006510580587238,0.0004029339659985,0.0259494405594174,0.9996627176897784,0.00570301609194,0.0289276825133401,8.451102224519575,-0.0093585996114976,0.0163837901409239,-0.1116378217887765,9.133166541044469,3.731405416685039,2.1154522169327694,1033.9476054688375,1020.0359217070192,1032.3652549029111,1035.3299758771116,24.72815944554416,-276.71592976921755,98.94927726204419,-24.99393744863027,158.7065269050513
48.8675,0.0790304957645592,0.9606287776482956,0.1898398605695695,-0.0122338249627352,0.0054958529999686,0.0226427612951055,-0.0006603429503765,0.0004399637985346,0.0259603014293063,0.999662414969244,0.0092651222163694,0.0250857409571125,8.449388604069183,-0.0092599284893893,0.016658264089585,-0.1149182891348752,9.133134111304985,3.7314472223012287,2.1151655713332937,1034.116621413221,1019.3437240142312,1032.5355613634033,1035.2288147097292,68.31923796227018,-215.7026013793972,37.7512387329523,-48.33044069471072,158.70780632768583
48.87,0.2243024988856156,0.987376124485542,0.2133918013915409,-0.011054259860426,0.0086599549463618,0.0240182475123872,-0.0006692365201084,0.0004861754617687,0.0259822598941878,0.999661814552662,0.0122999086256539,0.0209008172220381,8.447282074692305,-0.0091393474018056,0.0169111491646996,-0.1182046070891955,9.133103143379175,3.7314920911601104,2.114873042014973,1034.2892016586493,1018.9574087001218,1032.554011096576,1035.088323673638,35.638593717958386,-105.6614548928024,-0.1265468843484348,-64.19203183810522,158.7087668698547
48.8725,0.3395621189966621,0.9259332600320644,0.1461714599033759,-0.0110362426135049,0.0117647684180916,0.0263046911023774,-0.0006768406779151,0.000539270206866,0.0260141339327624,0.9996609476726416,0.0147998391848908,0.016461741186488,8.444796033489538,-0.0090010182067068,0.0171383787083003,-0.1215035094256612,9.133074028557049,3.731539194713484,2.1145757324942647,1034.2948143818107,1018.8154167397668,1032.5349286289816,1034.9078545505383,-50.33947525053039,-17.14548979256701,0.1724424353143808,-74.84519405136311,158.7096121074886
48.875,0.4513799775754259,0.7906514309623376,-0.0045521990786134,-0.0116174888544169,0.0143989235510972,0.028892975740021,-0.0006829474778064,0.0005973806487924,0.0260548945885781,0.9996598421215124,0.0167626166059013,0.0118536591547052,8.441961680165873,-0.0088497383707513,0.0173368809905982,-0.1248215927467838,9.1330472198912,3.731587016183747,2.114274598880656,1034.0375042823969,1018.871681251159,1032.5548733087523,1034.7140977033816,-182.76675385516933,60.661489717959434,31.43398648902024,-74.6630898403279,158.71035780837343
48.8775,0.5687619833664393,0.5760877168299572,-0.2338367836878036,-0.0117838497046924,0.0166014113515541,0.0305606889652764,-0.0006888185633539,0.0006528674756397,0.0261013355816121,0.9996585851636351,0.0182959216029242,0.0071397074189041,8.438826509081213,-0.0086923029518748,0.01750493618545,-0.1281645886707084,9.13302303520266,3.7316352501131793,2.1139683889473866,1033.380980612536,1019.1187241883564,1032.6920985614263,1034.5345391013373,-380.2392148647288,132.32410087548539,98.12799490368415,-65.0684534584465,158.7109791006128
48.88,0.7005275143774936,0.2507532988900411,-0.5295829640189881,-0.0100593593641528,0.0185789224964388,0.0295510793515523,-0.0006955892571482,0.0006999071044581,0.0261514916607314,0.9996572331936556,0.019490521247234,0.002388380022598,8.435451890307446,-0.0085352688701074,0.017641848613388,-0.1315370053630599,9.133001021054817,3.7316849080786954,2.1136547219060207,1032.1363082080723,1019.5333017555369,1033.0455132832712,1034.3887554360892,-516.2531216994099,153.27644547143225,161.5345253360457,-31.947991129784008,158.7115756212823
48.8825,0.781122415356092,-0.0507320062366544,-0.7277311318094797,-0.0068186897247472,0.0193064873680075,0.0260509456094298,-0.0007032784360444,0.0007356276860358,0.0262062041903617,0.9996557691515828,0.0204012405298207,-0.0023123968119928,8.431910095482383,-0.0083842217028977,0.0177477609491225,-0.1349418571346927,9.132980745398413,3.731736329421112,2.1133320278640126,1030.7997150040376,1019.885106415714,1033.4997711881072,1034.3747991456883,-563.5857399452685,119.70923832699982,205.19037503409447,27.82471801949925,158.7119450614674
48.885,0.81734527224949,-0.3433396112203528,-0.8140221443911086,-0.0028477421933257,0.0187967968151445,0.0216099990602028,-0.0007054222978558,0.0007563909080187,0.026263028740894,0.999654265619456,0.0211104870561001,-0.0067694062425256,8.428280437571129,-0.0082446883443772,0.017822211760174,-0.1383807307071333,9.132962422527395,3.731788966874364,2.1129997533906684,1029.3183795083485,1020.1318479471712,1034.0714651584408,1034.5278790261866,-639.1864705011271,64.04698333730173,253.89716175651043,110.5927664178469,158.71217830716202
48.8875,0.8300787376401431,-0.6328450492572795,-0.7647162586923548,0.0008222756107198,0.0165922255764054,0.0171727470406262,-0.0007023201769253,0.0007616349536821,0.0263199557018445,0.999652776888438,0.0216565844701979,-0.0109089069740527,8.424646666290373,-0.0081206042611244,0.0178678630895537,-0.141853496484171,9.13294576531435,3.731841601585932,2.1126572778908614,1027.6037826515303,1020.2053413324008,1034.7692569968904,1034.9277629777775,-586.6347504549321,-17.398586014828847,232.04521702134068,176.2512886463363,158.7122975120589
48.89,0.8522725446061264,-0.7900144818991671,-0.6097525282754198,0.0020746179314917,0.0134770494209287,0.0145690941587702,-0.0006997073366774,0.0007558131982402,0.0263772729830113,0.9996512882346617,0.0220000263380841,-0.0147559989860419,8.421092797073758,-0.0080133561095873,0.0178903883517416,-0.1453585645877342,9.132929961565752,3.7318918408873656,2.1123051952097094,1026.3852057560723,1020.0448550170972,1035.231691243548,1035.4091354694187,-415.25689747215006,-107.7663955202595,124.61444514558444,202.35244062764863,158.7122615593273
48.8925,0.9336284699947334,-0.8384915821166034,-0.3755019953947134,0.0014536232366694,0.0095558083805775,0.0130515055128063,-0.0006952111892656,0.0007444886497267,0.026430387840985,0.9996499167377584,0.0220927185066674,-0.0182102371536975,8.417698435424384,-0.0079229880948562,0.017894322234363,-0.1488934721397317,9.132914093956368,3.73193808777758,2.1119438277598994,1025.5274981641714,1019.6665093548,1035.3923292226175,1035.939525180915,-276.48343060622614,-201.00966420558228,-38.82190457268568,207.12589970074396,158.71208474246987
48.895,1.1175078729862296,-0.7818214019078179,-0.0615816784590691,0.0005176705004532,0.0054396640500423,0.0127992150346251,-0.0006829871489426,0.0007294963102875,0.0264710406648926,0.9996488807089337,0.0219552615561104,-0.0211277942993673,8.414535641360512,-0.007849562730268,0.0178837769509506,-0.1524547641656968,9.132897343834488,3.7319807968090335,2.1115725479773,1025.0027886030405,1019.0398066960686,1035.0375817206843,1036.4447649679228,-105.98754204615068,-240.6754918941621,-243.34085904967023,132.81082547976007,158.71171073589505
48.8975,1.313443249803943,-0.671150789936873,0.1841204514537747,0.0017308621313706,0.0036979101608774,0.0139390660268574,-0.0006609641511767,0.0007136075139684,0.0264964408758164,0.9996482507108654,0.0215933346109819,-0.0234426700268926,8.41166632133162,-0.0077915817684325,0.0178641340767426,-0.1560379463315154,9.132879426062125,3.7320207698415246,2.1111910060248142,1024.9975604539404,1018.4631318953284,1034.1756249273687,1036.6035793083142,79.65541207229731,-217.28972837455993,-473.72007390711013,-21.345537857743096,158.7112659714874
48.9,1.478037083114804,-0.5454672190564273,0.3730652175623375,0.0061038156363275,0.0037617392011794,0.0159113068846281,-0.0006279179849942,0.000702339901398,0.0265082973926718,0.999647977190302,0.0209661995070481,-0.0251166513808929,8.409139548007552,-0.0077456369104069,0.0178407356947123,-0.1596377965197459,9.132860027068002,3.7320587882799847,2.1107992404635554,1025.4010656634016,1017.9533580541968,1032.6689813511512,1036.3380372786344,252.05432096828028,-183.56035785083964,-800.602600541333,-229.82927285381328,158.71068636604653
48.9025,1.5449482897348579,-0.4205411628889922,0.5117195703568604,0.0134016999031797,0.0043066464881312,0.0184531312064562,-0.0005852781389637,0.0006987509341007,0.0265134784684857,0.9996478747901902,0.0200715195723705,-0.0261713321584982,8.406989613848587,-0.0077082164384412,0.0178191999232809,-0.1632484134408318,9.132839146118512,3.7320950520069927,2.1103973290659286,1026.2578320587825,1017.5453301060738,1030.17261192466,1035.4544329440444,356.98300616254454,-104.18206406060688,-1004.2627591072552,-410.4532271618328,158.70984030263207
48.905,1.4476557050750765,-0.3476860881506368,0.5539239966686992,0.0195384842419389,0.004107894564064,0.0203477420052682,-0.0005391652974392,0.0007016995307227,0.0265205896013936,0.9996477124470556,0.018971931234847,-0.0267215715715567,8.405234961868967,-0.0076767426285266,0.0178058824663595,-0.1668633150275775,9.132816271450935,3.7321296503926846,2.10998464055488,1027.1859806942152,1017.4324477338936,1027.6476675556123,1034.285771142824,391.2899065070099,5.206225472402553,-1053.363656241166,-528.2785112634231,158.709014634919
48.9075,1.1809211238292212,-0.2991522165550284,0.5340355572522899,0.0244894059627124,0.0031566263588292,0.0217925508654168,-0.0004941654577054,0.0007098473317446,0.0265349290875194,0.9996473485700524,0.0177293049192425,-0.0268669646964965,8.403877858832452,-0.0076488928320481,0.0178055748767153,-0.1704759605589701,9.132791032575122,3.7321632744850097,2.1095604420492657,1028.2142815913155,1017.5713612334358,1024.9057936434588,1032.8130403877299,411.5242672461759,92.78263746179874,-1087.3172001788255,-609.1883154233141,158.7080702349448
48.91,0.793794095319282,-0.2606595404234571,0.4783096008039218,0.0279779388866861,0.0020609670850396,0.0227298416412378,-0.0004499303259033,0.0007202220097271,0.0265547290482751,0.9996468310854484,0.0164296736853771,-0.026633056478644,8.402904885551518,-0.0076236148194466,0.0178200515633057,-0.1740801721358983,9.13276422854778,3.732197278858432,2.1091244153100326,1029.2436020304472,1017.8963609212028,1022.2110815547154,1031.239829565706,396.8946067976746,163.58374235260996,-1009.5455695568554,-615.6622794692373,158.70703250475927
48.9125,0.307982826970608,-0.2264262786176805,0.3972246530223884,0.0295250855895342,0.0011499740672503,0.023166690724374,-0.0004041679458849,0.0007267387950061,0.0265802093203558,0.9996461585089176,0.0152067938533623,-0.0260201030980715,8.402288408896636,-0.0076016538230401,0.0178490775790747,-0.1776704028648773,9.132737710467191,3.7322325190876966,2.10867700977426,1030.1987546253051,1018.3892799451992,1019.858065795672,1029.734728990382,390.0988059089197,237.03662948292916,-892.3111301078208,-605.3555726448898,158.70588876827188
48.915,-0.3169846427965434,-0.1875122391461649,0.284675480320541,0.0292162243269606,0.0004160210218468,0.0236944791709276,-0.0003557148980731,0.0007272739433666,0.0266136667686506,0.999645271671656,0.0141219316990512,-0.0250489492368825,8.401988887355188,-0.0075831634110726,0.0178915045109696,-0.1812421448402017,9.132712622290256,3.732269985286252,2.1082182340656046,1031.19409605999,1019.0815440686164,1017.7495259041804,1028.2130517024843,334.12383478317867,255.88338178511643,-621.5797335247776,-489.45832544579815,158.7044026064995
48.9175,-0.8200719922567639,-0.1581139654120406,0.1815462461695291,0.0272922631633556,8.024113603786634e-05,0.0243835995942542,-0.0003028785751798,0.0007244722246344,0.026655931011054,0.9996441480114732,0.0131510678259848,-0.0237302951972673,8.401957513898859,-0.0075672819174931,0.0179448816601039,-0.1847923645713472,9.132689262707716,3.732310674388839,2.1077493366001705,1031.8693737992219,1019.6686968541256,1016.7501671280467,1027.2874373631519,234.72903234389196,220.07678917680207,-227.57721755121747,-285.5325764200546,158.7030761941007
48.92,-1.2494188619850604,-0.1336707779841477,0.0705629292128517,0.0239056286856647,-6.284703936370936e-05,0.0251587623740399,-0.0002500878187591,0.0007200682889058,0.0267055495045894,0.9996428248374694,0.0122774191314272,-0.0221768461452677,8.402139588607072,-0.0075538097698782,0.0180083544293075,-0.1883194294246715,9.132668156733391,3.732354237541789,2.1072725613572967,1032.36774122171,1020.1819280145008,1016.6116398164236,1026.785388820383,178.36076619458106,192.11511008092396,123.27968737981637,-119.9087854849221,158.70166697125865
48.9225,-1.6310537157208127,-0.1092605704390715,-0.0633236365003316,0.0185864006090808,-0.0001407673634251,0.0256269590121741,-0.0002067712899856,0.0007130338079748,0.0267576580089031,0.9996414310118672,0.0115230619565006,-0.0205836430008904,8.40247804362363,-0.0075436748609255,0.0180828570192845,-0.1918231354008979,9.132649291090184,3.732399617949397,2.106788989786803,1032.761177630194,1020.6292724045292,1017.3665655649452,1026.6878934357278,112.96799710115596,126.90803233449842,401.78393546066127,44.24565802517019,158.69989047480558
48.925,-1.815531608719482,-0.0894392817935018,-0.163259505169514,0.0134500309019064,-0.000215048464703,0.0253521531483913,-0.0001821031188122,0.0007071158390463,0.0268080712555443,0.9996400750166576,0.0108248075099364,-0.0191353252611429,8.402916842428246,-0.0075356393865544,0.018169529626368,-0.1953048035797754,9.13263206607975,3.7324460109769375,2.106299099431028,1032.932581207216,1020.8164681761735,1018.620559493728,1027.0066171105093,43.02599387722312,30.527390166896865,584.9899365774454,200.21464175569,158.69834663173535
48.9275,-1.8517617684378207,-0.062639142933775,-0.2334213897348086,0.0080280339373476,-0.0003843765434046,0.0244869415881083,-0.0001788688818742,0.0007081629421763,0.0268551009471024,0.9996387992617553,0.0100819338003863,-0.0179035507439741,8.403403934142947,-0.0075268985676903,0.0182674937050145,-0.1987671269159425,9.1326153867683,3.7324926789946615,2.105802928604908,1032.97630759958,1020.7819093553638,1020.2915152478338,1027.6889666445068,1.9079634002099808,-65.09067826317741,774.5354145444476,366.96719988910166,158.6967460968285
48.93,-1.7346594070964425,-0.0119012796451843,-0.2667404297949961,0.0015311785330784,-0.0007559993914601,0.0232359568242597,-0.0001924021089573,0.0007223996407983,0.0268954707556563,0.9996376880871726,0.0091854655055664,-0.0168294897596427,8.403894015252131,-0.0075137090838455,0.0183732172631476,-0.2022138148821275,9.132597850054664,3.732539542726191,2.1053006679112745,1032.9421210242172,1020.491014784858,1022.4932365664469,1028.8414531099531,-16.30120121580224,-141.32616350522812,802.329236501531,462.3687724510909,158.69477001550752
48.9325,-1.526286919887891,0.052066918360535,-0.2458685117091108,-0.003441727570915,-0.0012010002914808,0.0223550739345193,-0.0002224517184215,0.0007510908134961,0.0269273040682059,0.9996367902577576,0.0081027075223843,-0.0159257403500929,8.404351495912099,-0.0074933665729772,0.0184852505355259,-0.2056487114644786,9.132578018490035,3.7325864091134897,2.104791183456104,1032.8948015935011,1020.0752785378372,1024.3031614303436,1030.0008105067634,-10.181337461239556,-188.5922306543024,682.5565006584075,484.1430755179569,158.69308408739647
48.935,-1.2484574955483394,0.1400299731153861,-0.1729606867555226,-0.0072092728375882,-0.0016794564903963,0.021709938477864,-0.0002669218401286,0.0007933057280256,0.0269533966550216,0.9996360319989548,0.0068341524910601,-0.0151703619437316,8.404752127580357,-0.0074634030960432,0.0186017756463014,-0.2090757765329022,9.13255497534056,3.732633124154407,2.104273304061272,1032.8912143369107,1019.548053631586,1025.9060190697403,1031.262168487544,13.211121457437194,-217.21505112706583,587.7588042994264,506.751892028348,158.69136541152739
48.9375,-0.9570772196825824,0.2416471467198864,-0.0583871407610345,-0.0093744946059158,-0.0019877227458162,0.0211068236733018,-0.0003172503014872,0.0008476355763426,0.0269730382000663,0.9996354377179906,0.005386910909317,-0.014429019705432,8.405084051088357,-0.0074217019805677,0.0187184251688393,-0.2124991573926032,9.132528423795256,3.7326805729104193,2.103746502482,1032.9608572007883,1018.9892032822028,1027.241955451838,1032.5345699669028,50.04295684902903,-217.01062090022967,457.94872570559886,497.69181864748833,158.68962519250715
48.94,-0.7022187463393654,0.3411642606289115,0.1010339136858678,-0.0096052047872222,-0.001650301057905,0.0205656511922231,-0.0003608416602146,0.0009106401633848,0.0269859463785976,0.9996350228534016,0.0038008865740432,-0.013497536915885,8.405348628989646,-0.0073675236567952,0.0188292398973499,-0.215923075539221,9.13249875375704,3.732729613290187,2.103211145326611,1033.1414291211559,1018.463000527086,1028.1957626982664,1033.750627580779,105.5178871326831,-209.27428289908883,330.8290562724905,508.86111027031234,158.6878654144977
48.9425,-0.4837271506693251,0.4239571735037718,0.3279908554152056,-0.0087357081123083,0.0001435149733907,0.0203572558308964,-0.0003955407707044,0.0009754855780715,0.0269993984761971,0.9996345946850324,0.002166868525127,-0.0123468528783793,8.405561426368337,-0.0073022193140026,0.0189331589280431,-0.2193512880302727,9.132467843681619,3.7327799065342706,2.1026673558426894,1033.488446636452,1017.942831867707,1028.8961007332011,1035.0788755182557,146.7084282452265,-165.47778628569804,193.13246627347448,457.0861080559488,158.6857388984988
48.945,-0.3802468374814054,0.4389845029925141,0.5260012266852865,-0.0081481480512222,0.0026450973502653,0.0208176430546893,-0.0004276298557643,0.0010358232126628,0.0270230775955768,0.999633891716864,0.0005635596560514,-0.0110887104347225,8.405751747237856,-0.0072281413169128,0.0190335332398998,-0.2227872016881329,9.13243747143194,3.7328299444148287,2.102115710705636,1033.8749712623824,1017.6356115956572,1029.1614250296343,1036.0360581210603,170.52582951962043,-94.6740100657004,62.4524543572647,341.4646675941107,158.68395986792075
48.9475,-0.3338803848486893,0.3872312195878073,0.698266257104642,-0.0085899440465065,0.0051699276432312,0.0221926885448071,-0.0004609403102949,0.0010872690707762,0.0270619278224211,0.9996327812119948,-0.0009611506904915,-0.0097931525810436,8.405961028386676,-0.00714841746194,0.0191334010680107,-0.2262342287460059,9.132409410551096,3.732878645267448,2.1015567705158658,1034.3410757840493,1017.4694618173788,1029.2083630049874,1036.7861988562247,216.11606170411363,-45.11956529220208,1.3186513087469012,268.81543436561407,158.6821796841581
48.95,-0.2948828893993001,0.2668357577694421,0.8280833196664669,-0.0105899881246891,0.0070036654574574,0.0250242541548042,-0.000499132470473,0.001127905125319,0.0271134891525762,0.9996313290466274,-0.002398339865316,-0.0085277155610383,8.406241364210793,-0.0070665499088397,0.0192362549491192,-0.2296955574924719,9.132384192657272,3.7329257811930128,2.1009906143875097,1034.9555515709035,1017.410013769196,1029.168018286178,1037.380135292889,225.97968036436475,-4.409943195785235,-10.815758857637698,158.07207239905537,158.6800486716217
48.9525,-0.2439508972595466,0.1477302575916894,0.8407697449926457,-0.0130800292370596,0.0073117178485417,0.0282154240380048,-0.0005426123401104,0.0011568334384456,0.0271758019879902,0.9996295905139034,-0.0037505308668239,-0.0073071590917767,8.40665319222819,-0.0069863922797713,0.0193444707670893,-0.2331740469525518,9.132362244614319,3.7329713615218294,2.1004167038710535,1035.4709741858717,1017.4474121014,1029.1542842106992,1037.5765592182204,190.86306432440404,26.06798564907064,13.668564878083696,12.332049669760028,158.6782816354853
48.955,-0.1586044512286158,0.048961464233533,0.7313873952947408,-0.0151448657078394,0.0064062279741585,0.0317842071769575,-0.000583570135975,0.0011737621359278,0.0272450802139284,0.9996276748395414,-0.0050216801214775,-0.006010838705817,8.40726228751762,-0.0069120319963908,0.0194565299734348,-0.2366722320208759,9.132343501170867,3.733016066887284,2.0998349686386755,1035.9098668925246,1017.5403536974412,1029.2363611105684,1037.4417955412375,149.0734373317229,48.3447814345689,61.273056500581816,-127.00709419589526,158.67652871862273
48.9575,-0.0345533367922918,-0.0138955068618558,0.4629271024025184,-0.015946637010346,0.0045263382622162,0.0356842389072053,-0.0006148215703427,0.0011810942675094,0.0273145300879964,0.9996257694688052,-0.0062559448113977,-0.0045306068078098,8.408137163676294,-0.0068462538497661,0.0195706968311985,-0.2401918676234516,9.132326920292579,3.7330609025654047,2.0992455802951318,1036.2163413725307,1017.6891360085727,1029.4606494932023,1036.9415237472404,53.54323848539014,58.70139326326987,96.29735136654365,-221.7620385322564,158.67444687965806
48.96,0.0593259395325116,-0.0157965687766003,0.1524183977108723,-0.0150441654642796,0.0031239538191371,0.0378016508522717,-0.0006392700837056,0.0011781969722474,0.0273786183809525,0.9996240222370621,-0.0074453923324393,-0.0029324480277409,8.409346524435229,-0.0067925623217477,0.0196896589330318,-0.2437333185284305,9.132311873699368,3.7331058989999897,2.0986481632964624,1036.1775830849515,1017.8338606637576,1029.7178478674011,1036.332985348576,-100.42786171052325,60.54692108078648,101.4248567625613,-249.35596299765103,158.6727336813286
48.9625,0.1143528462905325,0.0146685416752106,-0.1891286277333897,-0.0130927959690736,0.0025121987858931,0.037729379739095,-0.0006596590127282,0.0011631765044614,0.027435045941785,0.999622495749588,-0.0085553558634195,-0.0012831377812419,8.410954901902004,-0.0067541877319927,0.0198157770349477,-0.2472958264734315,9.132297620494592,3.733150979391565,2.098042832406306,1035.7142020639783,1017.9918706139766,1029.9677737770144,1035.6947439322535,-266.42325105954126,63.41459597212118,84.19316098102412,-230.80047821737952,158.67104698234968
48.965,0.1312415039307009,0.0440410572677248,-0.502923136877207,-0.0111807992225771,0.0027018287368275,0.0355975861414949,-0.0006773831452153,0.0011388316423383,0.0274835496391348,0.9996211938721637,-0.009624768112957,0.0003729858982452,8.413018556686671,-0.0067310493527999,0.0199503555863031,-0.2508774979441686,9.132282883245427,3.7331963386012337,2.097429747780953,1034.845466829653,1018.1509336436184,1030.1388136723067,1035.1789829574884,-443.5591863300492,58.8184944860058,33.95911555147077,-146.1748736487314,158.66938503224455
48.9675,0.1200073541750878,0.034629868875993,-0.728733960069815,-0.0103794686834518,0.0037107844313403,0.0319015092025594,-0.0006938693171194,0.0011104721257274,0.0275272872376834,0.9996200232254316,-0.010730933406832,0.0019905077554907,8.415581867498336,-0.0067206113409586,0.0200943277930233,-0.2544750537173623,9.132266791504621,3.7332421676157703,2.0968087589274127,1033.4964061323271,1018.2859630864068,1030.137569354772,1034.9638695640094,-680.6839533539737,42.306136323888765,-50.88320383083636,-3.8082646024157,158.66775613706758
48.97,0.1163867845274869,-0.0587244955289777,-0.86309645719728,-0.0107540282488303,0.0053445238017869,0.0275230519483417,-0.0007057179448788,0.0010782076144731,0.0275669430813863,0.9996189659558024,-0.0118591010555114,0.003601771328403,8.418673689089314,-0.0067222136479764,0.0202457958394229,-0.2580837579604538,9.132248571275053,3.7332888933316712,2.096178414140647,1031.4420470628863,1018.3624643252376,1029.8843976531527,1035.1599416344764,-793.7474043466442,1.7422464097299053,-133.20967962056335,145.84257980679283,158.66584389841853
48.9725,0.1517810332024403,-0.2159299877726208,-0.8633976633656909,-0.0115073493876878,0.0066608492484845,0.0248340433874386,-0.0007091647248519,0.0010443940101313,0.0276020520451852,0.9996180343451044,-0.0130305689243766,0.0052461194965799,8.422304343774362,-0.0067335237303663,0.0204021778173603,-0.2616973134237907,9.132227401830239,3.7333366362540734,2.095537381067616,1029.527669110592,1018.2946743184553,1029.4715209566689,1035.6930824630435,-757.1465657821356,-70.61011471767895,-195.75058702320337,267.9930894812508,158.66428891143727
48.975,0.2490194799024107,-0.4436741224511083,-0.7700464961348354,-0.012054682716683,0.0071855394360025,0.0233250353343337,-0.0007036866105429,0.0010124428622257,0.0276360014037918,0.999617131475439,-0.0142845942210337,0.0069095302768413,8.426463606670977,-0.0067512023503879,0.0205622983181464,-0.2653078543558621,9.132203989524784,3.733385053472528,2.0948843001026654,1027.656314233974,1018.0094137516492,1028.9056447180362,1036.4999070818833,-749.3663208417267,-191.05168260013312,-266.4019664859701,375.5554070759677,158.6627778610915
48.9775,0.4407897680986543,-0.7538858710609028,-0.5776445687639685,-0.0117476499418479,0.0059174323801532,0.0222506363878106,-0.0006920535096635,0.0009819149492976,0.027670787302922,0.9996162006023676,-0.0155968141001741,0.0085219467312753,8.431119525046569,-0.0067740776177507,0.0207266242964704,-0.2689062455180363,9.132179539489844,3.7334339500281666,2.0942169362666654,1025.7808375063867,1017.3394159054556,1028.1395111242402,1037.570859498422,-583.87660169503,-305.0793612375659,-284.39824586197574,375.86155037591976,158.66102012625575
48.98,0.6546755281898639,-0.9987876047090082,-0.3623809955380303,-0.0106500593065356,0.0033775351105367,0.0213736011018185,-0.0006739194563713,0.0009501117385994,0.0277062688767713,0.999615248856748,-0.0169033160030851,0.0100665146728162,8.436217420332909,-0.0068027840901197,0.0208939099710491,-0.2724830060180175,9.13215506489706,3.7334832380390024,2.093534383980236,1024.7369312254973,1016.4840169454604,1027.4836534887256,1038.3792148337639,-274.09558575349894,-398.5612854708514,-258.82472488288334,273.573545535006,158.65960519055005
48.9825,0.9083974222241076,-1.1777909391288257,-0.095915481435322,-0.0092958624293056,-0.0001473234473012,0.0204082663290188,-0.000650553533311,0.0009181565534831,0.0277448706361889,0.9996142085156692,-0.0182049195954233,0.0115034082061035,8.44168089240349,-0.0068362962300044,0.0210636867174661,-0.2760290564047304,9.132131771570936,3.733533067578641,2.0928380013116588,1024.4103595776185,1015.3466094781004,1026.8453874998252,1038.9387272260976,38.34374155261534,-543.8873808975985,-276.0325093436914,171.17516309646925,158.65824640242184
48.985,1.232260914147903,-1.2709998220992955,0.274617747383665,-0.0074086390344123,-0.0051885978313555,0.0196639271171023,-0.0006277654066728,0.0008918930573005,0.0277911295771671,0.9996129459605848,-0.0195839562140064,0.012721242735115,8.447414168955481,-0.0068711599241575,0.0212379380902352,-0.2795364428603405,9.132110245388008,3.733583627215281,2.0921295578892476,1024.9286499332602,1013.764580040975,1026.1034909420084,1039.2350906492454,335.50049887372666,-590.9883782221119,-270.8050184773562,47.00650629736043,158.6566860580494
48.9875,1.4881456455761934,-1.2295242801550887,0.6107121343793701,-0.0048482448578813,-0.0097700703643842,0.0198130061089593,-0.0006160668025085,0.0008755468325801,0.0278461051211935,0.9996114212946816,-0.0210981767302572,0.0135312602711226,8.45330576045126,-0.0069049123441573,0.0214213797646093,-0.2829988594823063,9.132090511768684,3.73363486860772,2.091410994832706,1026.087862071988,1012.3916675869884,1025.4913624074377,1039.1737597575843,587.7621682074908,-523.7198267154603,-248.34650143812752,-77.66370380664404,158.65544812555575
48.99,1.6799386183923644,-1.0669448935752257,0.9431732208718941,-0.0005271113346597,-0.0138930880578405,0.0212858942606994,-0.0006187227894495,0.0008683383296651,0.0279085820383712,0.999609665528032,-0.0227176733614802,0.0138677750080569,8.459231608663218,-0.0069379422885156,0.0216148692898333,-0.2864124598672775,9.132072007669581,3.733686929965829,2.0906842033756,1027.8674607742992,1011.1459809073964,1024.8617584348171,1038.846772130212,783.3258943639825,-449.75698117796105,-257.73948675660694,-164.9652645934702,158.6542793091979
48.9925,1.7799415273869927,-0.8246918196663557,1.2403759154033507,0.0050348293199841,-0.0169325325732783,0.0241052950570427,-0.0006324397011499,0.000870295826584,0.0279759905727276,0.999607752063483,-0.0244231641474519,0.0137798689105857,8.465059673232771,-0.0069700184053201,0.0218155093840977,-0.2897760190618014,9.132053494417757,3.7337399727347815,2.0899502057783206,1030.0044915438043,1010.1428826811004,1024.2026649736558,1038.348933434618,895.6206139356675,-316.54991906029585,-271.9070128416179,-231.80580954664913,158.65317090604762
48.995,1.7373004252075812,-0.5275204854692359,1.4548654590895895,0.011037628118449,-0.018364830098953,0.0282122434574455,-0.0006519934026058,0.0008818955515174,0.0280463798852395,0.999605740444645,-0.0262018778547145,0.0133534076178574,8.47065574714506,-0.0070002220228033,0.0220192280527133,-0.2930906386728364,9.132033023836568,3.733793597156012,2.0892088220648466,1032.3455638439796,1009.563231312094,1023.5022233706084,1037.687743082478,1018.2013248689392,-138.23083666827392,-314.8788975764072,-324.5627462769948,158.65213888140408
48.9975,1.5119835426468609,-0.1651103483389513,1.5764274958172613,0.0173336014548727,-0.0183397079777141,0.0339904998543727,-0.0006674218074381,0.0008992571139674,0.0281178454016446,0.9996036970855928,-0.0279648610109166,0.0127563916913365,8.475888932709859,-0.0070299760234854,0.0222191751749816,-0.2963596378602744,9.13200989463299,3.7338473255819946,2.0884602746200542,1035.0954981681516,1009.4517284977588,1022.6282704857728,1036.726119703232,960.1231294019817,57.7348385182929,-320.8792299462592,-381.0188387232584,158.6509930357815
49.0,1.1944744836030927,0.1067375782463728,1.549575352701799,0.0213128749840734,-0.0171539205605814,0.0391031907498619,-0.0006650583674436,0.0009212513154179,0.0281869275904158,0.9996017324018865,-0.0296678335803704,0.0122247975294458,8.480636501315686,-0.0070592893910972,0.0224060712237942,-0.2995884384473868,9.131984891519991,3.7339021153836174,2.087706517726979,1037.146179490985,1009.8519055046852,1021.8978272208784,1035.7826488888636,734.3676336628362,249.05907597198987,-283.9638734420386,-406.4570725958733,158.65011824881955
49.0025,0.777729225611581,0.3235059381975879,1.3931730906626922,0.0237952008611497,-0.0153429333756307,0.0437029008717274,-0.0006408672183091,0.0009471993000977,0.0282513163715237,0.9995999156470544,-0.031278187631582,0.0118353166243802,8.484790170059926,-0.0070880235658468,0.022576288893232,-0.3027836161973517,9.131958979115119,3.7339581046438735,2.0869486745224406,1038.7673363364624,1010.6970238776177,1021.208451118564,1034.6938343402546,587.6078290363416,444.2673305046584,-282.5721273200234,-505.1537061478174,158.64932985921297
49.005,0.2132303342447519,0.5191393942050972,1.0856099256570997,0.0249775079323961,-0.0134643175995016,0.047758236917015,-0.0006017281052753,0.0009692187178574,0.0283087180328905,0.9995983108621456,-0.032645731753677,0.0114790757807044,8.488260852848633,-0.0071207560212328,0.0227331569532975,-0.305952196550874,9.131933503502115,3.734014280438092,2.0861866792003623,1040.0842186361683,1012.0732421572096,1020.4849665842776,1033.2568803581232,370.1831814557333,537.9036009651803,-240.26157139734536,-537.1604029573954,158.64848717822156
49.0075,-0.2744839939453542,0.6407151887146628,0.7617018259187297,0.024516689878829,-0.0125195720123157,0.0498007521803102,-0.000557523660063,0.0009830319488645,0.0283582078900899,0.9995969392996966,-0.0336818458813994,0.0110006088237981,8.490980134428547,-0.0071604109255333,0.022882283580911,-0.3091015788686273,9.131908812691378,3.734070197046364,2.0854200397724925,1040.618252243742,1013.3865418824448,1020.0071432615767,1032.0080323254663,101.11235107583624,528.3166259985622,-157.6669463557961,-491.67017795429433,158.6478733208824
49.01,-0.7423440604272948,0.7350205977154518,0.4077191182366981,0.0227817160382237,-0.0115869777774151,0.0506685954186787,-0.0005146037090193,0.0009906417630289,0.0284005584807238,0.9995957718224728,-0.0344017822950349,0.0103100065271244,8.492901552255914,-0.0072064709524048,0.0230274521051809,-0.3122393357948561,9.1318848635885,3.734125734266655,2.084647837606017,1040.5897803915473,1014.7148252872,1019.6966318524994,1030.798529468354,-121.74577241460749,557.423323665113,-92.53603730978551,-500.65910330478647,158.64735301290386
49.0125,-1.2466605651888227,0.8231190202958096,-0.0125833274275005,0.0195675315994697,-0.0098045339544357,0.0506752864821704,-0.000478033658184,0.0009950341556839,0.0284398529170935,0.999594686418852,-0.0348357695049156,0.0093423651247529,8.494002592931839,-0.0072578768653928,0.0231719156664357,-0.3153726157068545,9.131861490556284,3.734180505925328,2.0838685787883158,1040.0095233816687,1016.173658500772,1019.5444630750276,1029.504736808941,-281.32960938168407,495.8446812466228,-18.063267764241427,-434.07738394994874,158.6468375972399
49.015,-1.5998479645039632,0.8726789128136022,-0.3372348745654505,0.0160673518019868,-0.0077599394997619,0.0499903989144966,-0.0004517312973908,0.0009924877024445,0.0284771225676687,0.9995936541942319,-0.0348993912074167,0.0080513184282355,8.494285877984014,-0.0073180591241552,0.0233183331275054,-0.3185077895635605,9.13183900408065,3.73423493877692,2.0830804080252854,1039.183132344638,1017.1940486934344,1019.606315513678,1028.6281425486031,-371.60308406821207,355.2854555660636,61.206782720442966,-296.0910903650493,158.64649858948187
49.0175,-1.8639407696101715,0.8908863093794632,-0.6156841614843497,0.011652267278008,-0.0056586491626845,0.0487131859720782,-0.0004319453613319,0.000976741278973,0.028511567249663,0.9995927039921744,-0.0344614892346975,0.0065218866573916,8.493777892968211,-0.0073923905555079,0.0234643471813604,-0.3216508218244883,9.13181819031304,3.7342898894466408,2.0822833681975017,1038.1515079613291,1017.9500857786006,1019.8504969886296,1028.0242813571172,-425.2913125070888,254.6244517941948,123.46014382654224,-189.75771383979304,158.6462521434625
49.02,-2.0419909578430255,0.8782615063261344,-0.8438884172734072,0.0064808324005879,-0.0037757473136692,0.0469936619389675,-0.0004120286345631,0.0009413497287728,0.0285447076652318,0.999591801060832,-0.0333868376631178,0.0048908211156884,8.492528328535796,-0.0074862340399113,0.023605403646753,-0.3248072201192177,9.13179973206746,3.734345603084364,2.0814784380423488,1037.0566757821016,1018.467170952406,1020.2236162328112,1027.6793539794037,-432.32725257508423,149.39120915711644,173.46816503609483,-70.8523399217121,158.6460806524476
49.0225,-2.107507947531591,0.8208429860917185,-0.9980240758317828,0.0009061241830255,-0.0018467193408302,0.0445177193477671,-0.0003853962531265,0.0008877656994766,0.0285798556510812,0.9995908507497656,-0.0316759303830665,0.0033001271413912,8.490608138273698,-0.0075992983527412,0.0237364487442036,-0.3279821012361455,9.131782548364548,3.7344017475739855,2.0806664777618087,1035.9898716984528,1018.6970418243864,1020.7178378138104,1027.6700196575084,-445.1273490732048,38.63489537947192,237.62868062982545,74.9262981363926,158.64599643101047
49.025,-2.0558431508872337,0.687482909066434,-1.0828605116996215,-0.0055639845905799,0.0010740727357293,0.0404141775353005,-0.0003529909805909,0.0008223206177394,0.0286186201793544,0.9995897983972744,-0.0294187920575246,0.0017685107192299,8.488108489391532,-0.0077271292352571,0.023856878025381,-0.331179745630743,9.131764544989249,3.7344578755218634,2.079847033066043,1034.8310390367376,1018.6603454293032,1021.4117596359592,1028.0539854700853,-398.8607988922246,-61.47825170068283,268.62113992365164,203.27730864181436,158.64599105383206
49.0275,-1.9111941703998268,0.5172280470031143,-1.067910154491326,-0.0106214441734911,0.0037008739656278,0.0364697936545422,-0.0003204544213988,0.0007530024925999,0.0286624088065738,0.9995885933061917,-0.026739901588169,0.0002378696509065,8.485138346470205,-0.007863012650499,0.0239689488873084,-0.3344035875157302,9.131744690192557,3.734514521592789,2.079019521400405,1033.9955677039907,1018.389650565883,1022.0609435134292,1028.686406200718,-308.16326476654166,-151.83919055968053,277.05888140002946,306.3089201162963,158.64606181473806
49.03,-1.6752256882635879,0.2941425425506,-0.9805234592195166,-0.0150097006013703,0.0054814121712778,0.0332269006942993,-0.0002944162577331,0.000688511052502,0.0287105432142318,0.9995872459759196,-0.0237816718878894,-0.0013645264080806,8.481821450735648,-0.0079988606895545,0.0240754282910458,-0.3376563392839431,9.13172260966655,3.7345726791845784,2.078183655908078,1033.290222712904,1017.9011494765044,1022.79705404296,1029.5855300706676,-289.7604849023444,-254.19259679768328,353.9627513514724,432.5070939550482,158.64620491613374
49.0325,-1.3073317719917543,-0.0040903311663085,-0.833512789560176,-0.019019349100244,0.0057227456231906,0.0309998573590884,-0.0002840389956474,0.0006366656498299,0.0287640814441437,0.9995857190245376,-0.0206789260709177,-0.00315326420266,8.47829344000135,-0.0081263129706266,0.0241808936895013,-0.3409399104932925,9.13169834633719,3.7346325737737223,2.077339205285029,1032.5467652794803,1017.1186875818956,1023.8307572701852,1030.8489416704913,-266.01696092930104,-308.0715961003549,413.0451493461057,469.923399367404,158.646453348706
49.035,-0.9445559063082796,-0.2510994434142988,-0.7095595101955054,-0.0213342181832883,0.0046792672037149,0.0301522371368498,-0.0002953265126557,0.0006007987728678,0.0288253234218909,0.9995839443574512,-0.0174960158721125,-0.005190921456307,8.474698173076236,-0.0082396467848892,0.0242881786859361,-0.3442556568551508,9.131672949676137,3.734693945455797,2.076486599100272,1031.960137908257,1016.360791496002,1024.8622797896917,1031.9351470675056,-241.58492398115783,-308.1905787767952,454.8098352673098,412.12734208140154,158.64671910445347
49.0375,-0.5351753718229836,-0.4721744149418987,-0.6130665031691553,-0.0227847035874877,0.0031916417785923,0.0296265183074197,-0.0003242998875775,0.0005850975037833,0.0288932183036632,0.9995819523562856,-0.0143150993008749,-0.0073713568419122,8.471183297533942,-0.0083327723475406,0.0243935728214002,-0.347604807752199,9.131646866618992,3.734756926285388,2.0756271651556935,1031.3388406595739,1015.5777346880108,1026.1048064465228,1032.9095783808991,-294.2090357712406,-329.7042222797742,591.4173720895553,378.1137105483396,158.64703944288647
49.04,0.0035836714084249,-0.6934171218770461,-0.5412058490118996,-0.0236260734468212,0.0013084344691855,0.0289290819242913,-0.0003627884915466,0.0005928931496396,0.0289643100821702,0.9995798450386464,-0.011210179178021,-0.009520221339091,8.467897115923599,-0.008400362246253,0.024490816489904,-0.3509880368461551,9.131619678438824,3.734821715844445,2.0747614179681184,1030.489092729402,1014.7122703846046,1027.8193666501368,1033.8257156202455,-333.16761388952045,-291.3518763810872,651.921629968668,285.6787576064465,158.6474793321026
49.0425,0.489037166090624,-0.8362499350815015,-0.5139440288313406,-0.0235779298747187,-0.0003879550052937,0.0280621507611433,-0.0004082860034001,0.0006207932207131,0.0290353354007278,0.999577720751928,-0.0081524930990814,-0.011566226800216,8.46498550401638,-0.0084418009469265,0.0245783468131168,-0.3544046375189559,9.131591902944356,3.734888523583176,2.073887232076329,1029.6730025901254,1014.1209753061048,1029.3644145963679,1034.3379721689323,-345.04576209342844,-196.44864058983737,612.6846518156575,155.60761640787175,158.64788643459573
49.045,1.004120483822624,-0.9307063005706983,-0.5059899067503935,-0.0227046409906951,-0.0024573860837845,0.0267688065404496,-0.0004548470274455,0.0006599572079635,0.0290996407789088,0.999575782970296,-0.0050278074568082,-0.0133881195753388,8.462587065899685,-0.0084609352976786,0.0246531617136982,-0.3578528274208085,9.131563696416288,3.7349565645492713,2.073003829300418,1028.763863918934,1013.7300271816548,1030.8827899092166,1034.6037537022855,-405.6150240065614,-114.72407416310008,618.1265821095785,76.43700109249625,158.64832863048267
49.0475,1.6316876488491214,-0.980472370504544,-0.4986607697066179,-0.0203655397589397,-0.0055710165598241,0.024897298853448,-0.0004918950805334,0.0007014684415742,0.0291508083867008,0.9995742331565984,-0.0017259249878224,-0.0147934737979441,8.460828903646801,-0.0084622846290311,0.0247100168297035,-0.3613299081070086,9.131534938895328,3.735024802730292,2.072112406967016,1027.6449274700944,1013.5473549352898,1032.4550475069127,1034.7201571743944,-398.4667081523874,-13.916509458015,503.7644266908197,26.25172714354925,158.64889182156523
49.05,2.1292872262167353,-0.9651850171350826,-0.4829343392513407,-0.0168386409908558,-0.0085404257312807,0.0233543554379602,-0.0005162410506563,0.000738365770964,0.0291899794549981,0.9995730471735798,0.001820395423687,-0.0157224162738128,8.459823456558974,-0.0084490063650518,0.0247501929048186,-0.3648317012615413,9.131505656272397,3.735090889420528,2.0712133078025974,1026.771530378171,1013.6604446343648,1033.401612042672,1034.7350123380031,-317.60464860696754,103.31004255164488,276.2180016325552,9.346675746514611,158.64938284248447
49.0525,2.5434693642045927,-0.8944339503274714,-0.4497865724226444,-0.0110384417964821,-0.011401385539092,0.0220638316980035,-0.0005374596113938,0.0007667858206567,0.0292210225259844,0.9995721071884656,0.0056143289291016,-0.0163391861889121,8.459665279427877,-0.0084221812707653,0.0247854240730522,-0.3683522007092066,9.13147563744774,3.7351524154869216,2.070305518844377,1026.0569042270588,1014.0639051480484,1033.8361375150764,1034.766890553127,-248.67183406149584,208.73351877604247,81.2135794499056,25.412836493137924,158.6498905473345
49.055,2.8405391624087604,-0.7883117171041796,-0.4002731695157404,-0.0032066044971999,-0.0138534363065877,0.0209956632855324,-0.0005584429694098,0.0007818641027343,0.0292447739529614,0.9995713890786352,0.0096750027672529,-0.0167059056407781,8.460427196805258,-0.0083845622984114,0.0248233716077814,-0.3718843849890959,9.131445152337822,3.7352086895739376,2.0693876424940667,1025.5281712078647,1014.704112228244,1033.8076799399212,1034.8620765204687,-159.8753133672381,306.89623747939766,-114.71149319148525,53.538811916150635,158.65040821782358
49.0575,2.9508759345235545,-0.6604231469195234,-0.33055952065677,0.0062847576955583,-0.015419205162755,0.0200424742183256,-0.00057376393175,0.0007797220418992,0.0292607525579443,0.9995709130754932,0.0140064077675144,-0.0167538138503832,8.462157940875006,-0.0083392101623809,0.0248654265662146,-0.3754204425736178,9.13141434028644,3.735260712161753,2.0684578198385433,1025.257527660222,1015.598386335446,1033.2625800491187,1035.034584612708,-57.49402724024336,434.7445335706247,-329.41919140563607,79.3223185206947,158.65093381368737
49.06,2.848975891217937,-0.5107938866242915,-0.2243316500482249,0.0175813558948757,-0.0163662956344652,0.0190119942983702,-0.0005771014534078,0.0007607631538241,0.0292743019838643,0.9995705287065936,0.0185400093245881,-0.0164065035718753,8.464881102889192,-0.0082865493781247,0.0249113749990625,-0.3789518086181032,9.13138452741656,3.7353101159391646,2.0675149183275336,1025.2407010716631,1016.8778348960984,1032.160583982892,1035.2586881130724,43.04199866650655,483.434958924598,-448.88521992293033,68.24840498417711,158.65156915233734
49.0625,2.5908223686139578,-0.4050942163880311,-0.1195816867850539,0.0254514947202376,-0.0169018166543069,0.0183685371001497,-0.0005617110662212,0.0007276373544672,0.0292878084407841,0.9995701736956392,0.0231699446491837,-0.0155871607747047,8.468594685980566,-0.0082261737108673,0.0249590797406453,-0.3824696551028095,9.131356858062908,3.7353590134663217,2.066558982352483,1025.4727376535543,1018.0155611300668,1031.018153949506,1035.3758266376285,138.5666258618026,440.04023175963533,-467.4507569846514,12.83281551992589,158.65209967900617
49.065,2.210943354099216,-0.3280289580276699,-0.0044955315206511,0.0307418099125803,-0.0175440716316565,0.0181826248405643,-0.000516822377952,0.0006832002008252,0.0292998699669941,0.9995698954178,0.0277906580658839,-0.0141562369400194,8.473271340592426,-0.0081582737217799,0.0250014559034741,-0.3859656543807145,9.131331219535827,3.7354095797072735,2.065591869676412,1025.9335342009715,1019.0780360548944,1029.823330197971,1035.322852190672,247.4495105027116,415.58251203072473,-504.48778016295023,-76.1488362924021,158.65262864559475
49.0675,1.6916517599343752,-0.2706861811876354,0.1352235381724204,0.0347380809232284,-0.0181669047067279,0.0185148924825409,-0.000446234808576,0.0006348938703937,0.0293129806513674,0.9995696067330532,0.0322150758420198,-0.0122221030749629,8.478861024313478,-0.0080791390035113,0.0250408727854264,-0.3894316320743597,9.131307194325384,3.7354620309486446,2.064615163697466,1026.7099852060687,1020.0934736902216,1028.49571504869,1034.9950824561663,315.79354894581445,309.7826202529411,-453.16886794093534,-164.4668272823378,158.65325921786322
49.07,1.2500971332690551,-0.250761573663415,0.2460334463992428,0.0371619654946999,-0.0184716929964752,0.0190602160351826,-0.0003637277748358,0.0005854167046601,0.0293272647282063,0.9995692859477328,0.0363354482890669,-0.0100659143712361,8.485293076888984,-0.0079884741461224,0.0250863684364996,-0.3928598987945015,9.131284224275571,3.7355164776151897,2.063629126855108,1027.5125019457016,1020.62694915616,1027.5574858582652,1034.50051805426,346.80214416239033,137.86542117214856,-330.4573503093074,-231.98602102268703,158.65377977189473
49.0725,0.8311710906523407,-0.2539008935763651,0.3446141935046247,0.0393937561249391,-0.0186996333687402,0.0197754290556779,-0.000281037582449,0.000534317091875,0.0293425715745802,0.9995689261622605,0.0401034250401104,-0.0079352679428854,8.492478795665523,-0.0078882935358478,0.0251447294771711,-0.3962440209327564,9.131261236422596,3.735573574779105,2.0626335918886207,1028.443995926879,1020.7828007960816,1026.843428297145,1033.835152351054,433.64468542727633,-13.24222354320914,-257.6403597770014,-306.5172573089308,158.65429372222923
49.075,0.3774487832302449,-0.2704404255172084,0.4424469844813761,0.0415488294291176,-0.0192766710216491,0.0208577759755408,-0.0002051422423615,0.0004791187908665,0.0293621189738489,0.9995684276684492,0.0435134285642149,-0.0059958176607819,8.500315075371244,-0.0077819587673812,0.0252185961527774,-0.3995791151260427,9.131237773984472,3.7356335757466494,2.0616283678458944,1029.680725372839,1020.560738038444,1026.2692840593795,1032.9679317677146,469.6348692149839,-135.80649025836792,-161.02197397050023,-306.88552438034765,158.65490134679936
49.0775,0.0581032618725931,-0.2811330062411609,0.502024232146717,0.0421253227815195,-0.0201417394077739,0.0219829804343245,-0.0001368203363692,0.0004198882776167,0.029389105090121,0.9995676934199444,0.0465261896899146,-0.004302399152449,8.508688869132893,-0.0076708342302382,0.0253053459339931,-0.402862172731066,9.131213268069128,3.735696216530101,2.0606137652592995,1030.7921702729552,1020.1037683447896,1026.038318427292,1032.3007247291512,457.4132455259655,-216.4725120016478,-37.249507695548566,-229.8187616318772,158.65539918790924
49.08,-0.1754460326711046,-0.2728069265864248,0.5326799878993662,0.0410048176000414,-0.021132367028944,0.0233370814339524,-7.244926139713619e-05,0.000354542313218,0.0294234586949012,0.9995667261202495,0.049147753890664,-0.0028300136361247,8.517481646087196,-0.0075582841083471,0.0253987773145823,-0.4060920732550839,9.13118789524128,3.735760664981016,2.0595902321185924,1031.9677916004669,1019.4783754784366,1026.083036520902,1031.8188379595563,477.95037684080046,-260.7918461618768,66.62005421827647,-147.5328056350163,158.6558872928032
49.0825,-0.3243346556527376,-0.2401687320464689,0.5354252386228592,0.0389342258608425,-0.0219473601781825,0.0248860461823595,-6.16385659200605e-06,0.000284568059262,0.0294655526373236,0.999565515716383,0.0513317579770666,-0.0015069101370598,8.526574783869773,-0.007444998402692,0.0254909637828895,-0.4092697134437717,9.131162598626712,3.735826968112229,2.058558960075753,1033.1819221571604,1018.7998091139794,1026.3714186983836,1031.563060700976,490.83247376449793,-267.8011675918236,175.64857439370024,-39.79281339195733,158.65636679404375
49.085,-0.3728375620470771,-0.1718169199169714,0.5027270832321736,0.03692655735821,-0.0224492090036565,0.0265052630547565,6.108401481542471e-05,0.0002159528821595,0.0295139949758543,0.9995641016036974,0.052958846433269,-0.0003680064945647,8.535855220574337,-0.0073281094089076,0.0255798396421613,-0.4123975964147538,9.131138126624787,3.7358951186878953,2.0575208921101567,1034.4219539692904,1018.1393696404768,1026.961279392871,1031.6198738925964,544.453527277296,-273.3207679331584,325.5987299878831,91.99109751156536,158.6568354514336
49.0875,-0.3423825797132064,-0.0420914738882932,0.4267181725336177,0.0356291241880163,-0.0228206284866295,0.0282069255846431,0.0001245413108851,0.0001527076287297,0.02956687484397,0.9995625407669964,0.0539487086240953,0.0004925354480275,8.54521912534126,-0.0072064301635189,0.0256672998012045,-0.4154797799247141,9.131114570973672,3.7359640809038352,2.056476100954724,1035.9041897935444,1017.4332052743148,1027.9994123483216,1032.0230161885331,535.3921784227158,-240.1656867328392,427.99534147094096,188.8265352254564,158.6573849868934
49.09,-0.272655130237061,0.1100109259631748,0.3406322212637999,0.0354921001298892,-0.0229159354879694,0.0292513898165967,0.0001827309265831,9.86165877138328e-05,0.029621389591267,0.9995609187135174,0.054234007767545,0.0010424692276921,8.554575163338967,-0.0070791687065916,0.025753474276721,-0.4185220873475377,9.131092555971705,3.736032573876796,2.0554264446157804,1037.0989148614055,1016.938541206812,1029.1012561002267,1032.564006568724,459.34495307073274,-176.64576657114196,474.7126862970008,233.1060153511488,158.6578323639316
49.0925,-0.1887175798250293,0.3111887398895409,0.2438977551922777,0.0357450265242161,-0.0227366025829698,0.0298612798772213,0.0002413729175745,5.461143605317342e-05,0.0296735111003127,0.9995593581309488,0.0538073771272256,0.0013770183153658,8.563846803461598,-0.0069481446303987,0.0258333488103866,-0.421531941286596,9.131072164962205,3.736099816408645,2.0543744790917953,1038.2009145588993,1016.5499764414589,1030.3729757798078,1033.1885462652897,452.7413056534467,-144.5000103526304,574.9301939815949,263.76685099186375,158.65826952375335
49.095,-0.0937508392557853,0.6080649092297175,0.1309802600633755,0.0360508751521694,-0.0221548611957515,0.030175346410923,0.0003048318632574,1.947065095758548e-05,0.0297217674640362,0.9995579062287034,0.0527055778145887,0.0015723456020242,8.572975081923033,-0.006816724801126,0.0259036540880828,-0.4245173311142284,9.131052522352308,3.7361650641764816,2.053320992305873,1039.3626213896707,1016.2160411550497,1031.975907070132,1033.8828408236823,394.75129049708625,-96.49550772009727,580.5446829462867,229.63155158642695,158.65878392957276
49.0975,-0.0258197369021462,0.8941684075317329,0.0489671979903953,0.0361571184275137,-0.0211682369580916,0.0301691002726169,0.0003664229605936,-1.186131276266204e-05,0.0297696184416667,0.9995564604338358,0.0510334583246308,0.0015175685624527,8.581920237605276,-0.0066908467373957,0.0259709548129383,-0.4274854732942603,9.131033329718301,3.7362277484112454,2.052264001097223,1040.1746710113855,1016.067498902858,1033.2756991945407,1034.3367040232224,292.6793077420692,-23.67704314077553,488.7462123873093,149.75425514773247,158.65920579577826
49.1,0.0299166953257393,1.200075225352229,-0.0127148588514009,0.0359441489595908,-0.0192952082827967,0.0299629962684613,0.0004195576654666,-4.3062624157179434e-05,0.0298186488468995,0.999554974899377,0.0488794097768865,0.0011081931916061,8.590660962293633,-0.0065752487420316,0.0260417649581774,-0.4304427189184503,9.131014685900665,3.7362882109020257,2.0512018968585988,1040.8260179283818,1016.0976559393456,1034.4196381320698,1034.631612099421,254.45612045782988,67.98633992106532,445.43220197137583,104.27165626738702,158.65962319279006
49.1025,0.0824016723219224,1.5515775014458506,-0.0591692690245284,0.0356045555223748,-0.0157669197313573,0.0295536525896257,0.0004594832598395,-7.161260553684363e-05,0.0298700726624077,0.9995534146854884,0.0462327857886633,0.0002783064704872,8.599193278266052,-0.006469217964436,0.0261205305525789,-0.4333942190925487,9.130996457999366,3.7363475987743264,2.0501332102468073,1041.4469516136735,1016.407430602463,1035.5028602043956,1034.8580623045589,204.5271195635769,167.8558974844287,340.2943171891898,79.90119710662388,158.66012265039595
49.105,0.109324075304236,1.7964648707339688,-0.0754079801126395,0.0356236507875317,-0.0115981144646629,0.0291363917623536,0.0004900209386953,-9.359862578068875e-05,0.0299264907089099,0.9995516995846598,0.0430690285247636,-0.0008858091067077,8.607527316724505,-0.0063706777008943,0.0262035456055332,-0.436343955539729,9.130978904993821,3.7364072166369353,2.0490566569318887,1041.8486535262002,1016.936935426768,1036.1211097180167,1035.0311180849546,137.73399329117868,272.6760638526654,189.48678976443568,92.51850867330899,158.66054090082923
49.1075,0.107817881581804,1.948748350342004,-0.0731366615799313,0.0362868523129319,-0.0059640873864763,0.0287680547724769,0.0005197405761053,-0.000106972826035,0.0299863439498173,0.9995498734326284,0.0394025933113358,-0.0022120406850431,8.615684678883222,-0.0062791792593575,0.0262819645962418,-0.4392944666760236,9.130961713600605,3.7364686825519344,2.047971604088658,1042.13562158013,1017.770810921727,1036.4502941532182,1035.3206548479257,93.45426181247917,380.3802364200741,93.34621341717441,152.38886386200863,158.66096553135924
49.11,0.0752874373776395,2.000117516300933,-0.061952665841192,0.0373706158666691,0.0004592147798752,0.028591735010473,0.000560197329119,-0.000111235514378,0.0300470257131844,0.999548012608988,0.0352802632409059,-0.0034726488175416,8.623695570037027,-0.0061954397069002,0.0263433748935732,-0.4422468714389622,9.13094428739798,3.7365334667092895,2.046878379413332,1042.315924835262,1018.8388366088668,1036.587840785102,1035.793062404264,41.20386934366872,469.079201136593,27.700489981302248,244.0370186582756,158.6613986510563
49.1125,0.0057908110446264,1.9221352898475228,-0.0492531300387166,0.0383528993287704,0.0065722690230551,0.0287266570775687,0.000616363250751,-0.0001077698085698,0.0301074745113017,0.9995461505818892,0.0307814798238606,-0.0045497363786186,8.631596314096326,-0.0061212965769752,0.026380607086213,-0.4452005093079666,9.130926695388302,3.736601595439156,2.0457767960053648,1042.3416409268484,1020.1162069274112,1036.5887966031248,1036.5408399412177,-30.64514778892113,581.60981830524,-5.01205644850159,391.4541995927537,158.66184564862863
49.115,-0.1028020693723749,1.6994302094915767,-0.0413411548790619,0.0385919809541605,0.0123970348444487,0.0290724375882468,0.0006791001748711,-9.807169599391748e-05,0.0301624870527808,0.999544448144388,0.0259827776302633,-0.0055651551888658,8.639426738005058,-0.006058293822395,0.0263990091251612,-0.4481527209845278,9.130909176425234,3.736672193459409,2.044665908093278,1042.1626990963175,1021.7468857003944,1036.5627805028596,1037.7503334022288,-102.4809921662404,591.2006120909074,1.1180176855315203,485.3988280414664,158.66240247879307
49.1175,-0.1930593032592716,1.4347796808655513,-0.0427843408819161,0.0379551383278854,0.0160466631933444,0.0293025941907782,0.0007360323226924,-8.31089159414359e-05,0.0302090569034833,0.9995430033347608,0.0209519382390033,-0.0066945494426567,8.64722633290101,-0.0060070605871133,0.0264075222003495,-0.4510996618704074,9.130891578016968,3.736744143141849,2.04354480091159,1041.8292359660177,1023.072209987863,1036.5943866915525,1038.9678340814228,-168.985226079626,501.1189850832062,32.728758487639055,512.3631639158809,158.66288650514753
49.12,-0.2576621642196927,1.1252555437086351,-0.0487750258302956,0.0369117802691142,0.0187236352060957,0.0293137388141632,0.0007833649480737,-6.372059394191154e-05,0.0302473049940291,0.9995418150461076,0.0157603285208818,-0.0079644400377411,8.655030887390879,-0.0059679325793041,0.02640833839241,-0.4540372971823271,9.130874057610736,3.7368168417152585,2.042412198787091,1041.3177729659187,1024.2524806258118,1036.7264242952979,1040.3121492218095,-256.4268631362263,473.6443535877548,78.64731421050762,598.296035528359,158.66339456719297
49.1225,-0.2843450176595474,0.7402284623618871,-0.0521002345085765,0.035344429207755,0.0208397153250915,0.0290169331465814,0.0008255725315488,-3.6587132576398475e-05,0.0302797400928314,0.9995408037644484,0.0104122434483176,-0.0092561491009509,8.662870672339677,-0.005937315509602,0.0263969585039791,-0.4569619756767392,9.130856085787373,3.7368899159970934,2.041268201870175,1040.547101650336,1025.440431755803,1036.9876232626052,1041.959314259066,-297.65433975949014,398.22086913395486,103.36560361884344,595.2982307441246,158.66403548111964
49.125,-0.256894448160831,0.4302454821662073,-0.045037237268874,0.0340327859428126,0.0217283857008476,0.0285526104163034,0.000865236397156,3.1341092784060737e-06,0.0303080517310045,0.9995399166168272,0.0048841989316763,-0.0104841889843232,8.670769633960813,-0.0059099227316787,0.0263713923464206,-0.4598704565977397,9.130837328201261,3.736962647816573,2.040115068516533,1039.8295012671229,1026.2435849714795,1037.2432523133916,1043.2886403755272,-285.5353591061753,291.3701575056542,93.14389587720429,509.76279419711295,158.66459789553232
49.1275,-0.1801979032170554,0.1495969356825948,-0.0238649713442793,0.0329957793986657,0.021819133048877,0.0280456127322449,0.0009097694085148,5.7079595467530685e-05,0.0303345650846475,0.9995390765887197,-0.0007900158495577,-0.0114838915625055,8.678744167577475,-0.0058833055717909,0.0263261358982617,-0.4627606195480407,9.130818000113896,3.737034576070352,2.038956048114178,1039.1194248548063,1026.89728254333,1037.4533427419908,1044.5081282300491,-287.3800263288907,267.61800356871333,60.91288242033964,500.4899116263173,158.66519209877487
49.13,-0.0462834737580393,-0.144055836834608,0.0143107131873451,0.0324224969227908,0.0212275884548617,0.0277760911676833,0.0009596477668964,0.0001245112822062,0.0303611907528486,0.9995382260441524,-0.0065401443276967,-0.0122165106006985,8.686803617151988,-0.005857004386722,0.0262628658712767,-0.4656309022993401,9.130798156019857,3.7371050262769687,2.0377930555217407,1038.3926011354777,1027.581674989324,1037.5478167254935,1045.7910899336603,-228.46696259059308,244.201965403238,-3.8694240538896554,434.056640332852,158.66594379558208
49.1325,0.0841528985085778,-0.35355674608483,0.0496766864838042,0.0326806066754845,0.0203301978155819,0.0280153983760617,0.0010087467886493,0.0001969644565889,0.0303879261279377,0.999537370432476,-0.0121664347726515,-0.0127682006097729,8.694950470822278,-0.0058378001286988,0.026190292129296,-0.4684799482609103,9.130777870927977,3.7371737179465825,2.03662512471001,1037.9770900418528,1028.1182923703468,1037.4339956217211,1046.6784114317147,-110.05512065222324,216.30533678868807,-92.93993499890615,311.36481732829577,158.66660292038992
49.135,0.2153067033493143,-0.5341451681445232,0.0798822725386076,0.033584303576096,0.0193160830774537,0.0285392696835589,0.001054968836621,0.0002610849383957,0.0304152110863771,0.9995364984636677,-0.0173828867667555,-0.0131651960355192,8.703180111514083,-0.0058374960829819,0.0261140496829275,-0.4713068202883299,9.130757993981,3.737240643288613,2.0354509058884895,1037.842325532217,1028.6632016732665,1037.0831170504991,1047.3479140203003,-0.7680764292213716,223.4200488737081,-178.75530592418676,230.03512555853433,158.66729547729165
49.1375,0.3375628855735053,-0.6983553421631316,0.1023881839389186,0.0346670090268246,0.0182843101174623,0.0290634038218821,0.0010985673062236,0.0003102866153846,0.0304425064742603,0.9995356257998937,-0.0220209763927072,-0.0133972093631783,8.7114805936276,-0.0058620312432259,0.0260375599556295,-0.4741108248010327,9.130738823973545,3.737305843080753,2.034269755826392,1037.9732496597067,1029.235392614716,1036.5402190921,1047.828587059508,114.5231027163714,239.5583939771452,-254.763808458171,149.5144960345132,158.66801453178962
49.14,0.4447759404229279,-0.8483581977994181,0.1165198421116381,0.0355232084835512,0.0168766282719632,0.0294553975216408,0.0011441257980415,0.0003450784234526,0.0304697646810179,0.999534746552476,-0.0260350050278738,-0.0133826762386441,8.719832366939977,-0.0059108789822791,0.0259598125532785,-0.4768915239068258,9.130719858953908,3.737369340504473,2.033081791956148,1038.4149410457992,1029.8609936431528,1035.8092980082079,1048.0954865004733,251.1304841029879,294.8604436191498,-345.7937114273098,76.0230644237945,158.66876303702077
49.1425,0.5532134781024676,-1.0105466419602607,0.1290202660424374,0.0363268886288269,0.0143364712588246,0.0297477187335615,0.0011971023141812,0.000364388491895,0.0304971758463861,0.9995338489517872,-0.0293534191309181,-0.0130330325278234,8.728209130399001,-0.0059850088314027,0.0258785484380493,-0.4796484163684976,9.130700731098157,3.7374315601936976,2.031886480938802,1039.2289020802205,1030.7096948328103,1034.8112505349648,1048.2087023816266,328.1858787195828,333.98998303133527,-367.8422610888384,13.56528759433092,158.6696907588093
49.145,0.6203704521227459,-1.1259718229628604,0.1401003696678649,0.037051480452942,0.0115683819586976,0.0298863653485372,0.0012614619808664,0.0003718430258801,0.0305254760818976,0.9995329066729214,-0.0319899457478249,-0.0122899771724641,8.736577875697497,-0.0060807672835249,0.0257921321104239,-0.4823809265167141,9.130680982402218,3.7374934920831215,2.030683531190708,1040.055870439398,1031.5309435583104,1033.9700867027627,1048.1633129384447,337.76092768976923,357.10711612573425,-314.67070045812125,-41.11028766240168,158.6704842119231
49.1475,0.6459017794734001,-1.2162112125394835,0.155141202074243,0.038377684008436,0.00851164898143,0.0300053419612746,0.0013346399859563,0.0003735364643033,0.0305565302118286,0.9995318662454677,-0.0340081295130679,-0.011213803482848,8.744899770352003,-0.0061917558502297,0.0257044387823879,-0.4850882054375287,9.130660791400173,3.7375555312174975,2.0294732993627425,1040.91770671867,1032.49523041344,1033.2378970326736,1048.0031509433145,361.4463880281268,452.61068967306767,-271.954823178632,-93.83417969501701,158.6712926964859
49.15,0.5992402098232648,-1.2949311586486507,0.1772051866645988,0.0408479861200741,0.0048680375632696,0.0302486564288245,0.0014070686633784,0.000370378462771,0.0305919329665553,0.9995306900054716,-0.0353885066189745,-0.0099952050231303,8.7531316072407,-0.00631630918609,0.0256256900336982,-0.4877691088683978,9.130640969214413,3.7376179981519777,2.028255441500213,1041.8631023795367,1033.7939970066736,1032.6103125868708,1047.6941420399703,316.7058597836984,486.72789410336566,-175.24580704812382,-133.20748140783968,158.67227256184864
49.1525,0.4772571003504079,-1.337696149879419,0.195514093874317,0.0434394267712666,0.0020963104096247,0.0306218211310225,0.0014748213506106,0.0003616887310074,0.0306321159348067,0.999529368507381,-0.0360850969612525,-0.008731240505973,8.761225706718605,-0.0064544872400569,0.0255601711438286,-0.4904229966228791,9.130621881366148,3.737681128914759,2.0270304676288378,1042.5012360175895,1034.928869883958,1032.3616679974325,1047.3371135362747,212.37217177625143,438.97851933766384,-36.502306621313856,-166.59887417300186,158.67309161394624
49.155,0.2622012390815119,-1.3562688455070289,0.2074903655638536,0.0458435181187971,-0.000530208886289,0.03124024964662,0.0015363968774584,0.0003483912234088,0.0306753799513685,0.9995279551588496,-0.0360838232134201,-0.0074782193369286,8.769130708273348,-0.0066048018769108,0.0255092133780553,-0.4930496971798852,9.130603362887545,3.7377448602436143,2.0257994333779967,1042.9249632384187,1035.988889603363,1032.427801053764,1046.8611476691049,132.70921783781225,412.5835391262741,94.88988471602615,-241.28917414604192,158.67390674745306
49.1575,-0.0818129139369251,-1.3401661449868922,0.2080586723407901,0.0473859049624581,-0.004017358435415,0.0322300521985311,0.0015914832880882,0.0003365216827653,0.0307215636067126,0.999526453499684,-0.0354656271482587,-0.006269603950883,8.776792317128825,-0.0067603269591956,0.0254723741496892,-0.4956494929781354,9.13058472541409,3.7378087756095937,2.0245628103796705,1043.164782106778,1036.9917875795875,1032.8361174210122,1046.1306676655458,46.94178818224245,298.11424190623467,190.8330924230019,-295.4366419427368,158.67487299299196
49.16,-0.4061067122851211,-1.2808105965054326,0.1955901563270246,0.0470497468197501,-0.0074842371906618,0.0330861633645475,0.0016378596239766,0.0003334031477484,0.0307687040254446,0.9995249262869372,-0.0343425248432141,-0.0051713398528748,8.78415499000958,-0.0069123731653306,0.025450611774302,-0.4982228170083713,9.130565211064944,3.7378728407209088,2.0233202027486854,1043.15967217933,1037.479460812895,1033.3819665158796,1045.3839644593904,-32.08191935680765,103.21428035489764,237.69708070814548,-323.70072151472226,158.67566299015596
49.1625,-0.7184822658600231,-1.1573257265190475,0.1738104153467877,0.0448223106983965,-0.0113519745325204,0.0336115570315355,0.0016771069095367,0.0003463209721446,0.03081567157866,0.9995234055146914,-0.0328322798190378,-0.004180978782099,8.791162867580553,-0.0070518359753539,0.0254407317036919,-0.5007704216102034,9.130544350203968,3.7379381021935982,2.022071336920371,1043.0043725099938,1037.5078589813622,1034.0246028245535,1044.5121640579714,-71.99522927687394,-68.07951839461391,253.8900488379603,-363.2788701597867,158.67643103002797
49.165,-0.98621952484702,-0.9760837794089539,0.1504685860769723,0.0411958751584626,-0.0149062054542026,0.0337569770548879,0.0017100223466196,0.0003758170652679,0.0308655022801012,0.9995217978691168,-0.0309438143370072,-0.0033105555242771,8.797761847800947,-0.0071757252185353,0.0254402709558269,-0.5032929911407277,9.130522547532884,3.738005023609352,2.0208158050459466,1042.799696032946,1037.1390632209223,1034.6514167600683,1043.5675701085931,-70.0348978188782,-232.32701885710347,226.3326806753618,-385.7263089442158,158.67717634320385
49.1675,-1.1768931608127609,-0.7342457167208263,0.1315126070892473,0.0366989462660783,-0.0174030557551868,0.0336495429937036,0.0017324886536994,0.0004161616395077,0.0309195749028378,0.9995200705553632,-0.0285885975023905,-0.0026589820816872,8.803900986422112,-0.0072871307614711,0.02545180482517,-0.5057909549636574,9.13050014493236,3.738073167384516,2.019552774788319,1042.6541980208992,1036.346223887076,1035.1562662279307,1042.583532513249,-17.657806520665023,-417.8283276102911,176.07701452138915,-429.26148015390805,158.67788892185348
49.17,-1.3211579714764627,-0.3993165280039722,0.1149855961954892,0.0317625998996959,-0.0189877259542872,0.033533935910385,0.0017452939873704,0.0004587299579268,0.0309769229573195,0.9995182567753328,-0.0256354535278145,-0.0022372461749611,8.809532626113851,-0.0073923320827221,0.0254731820252653,-0.508265151127632,9.130477637463551,3.738142069700338,2.018282014778652,1042.7114070003427,1035.0499215828695,1035.5318018326757,1041.4212627078225,79.33327350695374,-505.39769796833326,95.0829972487964,-414.013760083948,158.67869968108445
49.1725,-1.3955292683188751,-0.104517740491816,0.1013856091965696,0.0285572832069778,-0.0192942416720446,0.0337299298444925,0.001755653158695,0.0004971966236408,0.0310359357240344,0.9995163980224409,-0.0220019459832611,-0.0019382185344042,8.814613057751725,-0.0074954998643068,0.0254958561579198,-0.5107171777498644,9.13045629188019,3.738211709129896,2.017004626564577,1043.0508643884336,1033.8192353972368,1035.6316812141745,1040.5134637128315,207.5888275225527,-489.5749474256942,2.0035450967487782,-340.06067775518085,158.6793340524165
49.175,-1.4608267901555376,0.1839407849439877,0.0782137252618969,0.0260997861144618,-0.0188969256975062,0.0344488745729852,0.0017705835570417,0.0005333288636103,0.031095869164932,0.9995145033033304,-0.0177609779852867,-0.001649971688883,8.819104015134249,-0.0075922566676216,0.0255114645359662,-0.5131492980605727,9.130436843554996,3.7382824010651974,2.0157217693070035,1043.749351137956,1032.60204684574,1035.5418195581594,1039.7209593190455,382.5561046850314,-498.70233877069904,-64.87672451791104,-310.60388519247255,158.6799209722005
49.1775,-1.5631070764240451,0.5027523786948987,0.032786609906138,0.0235333836832849,-0.017844677877271,0.03555975382851,0.0017884768961483,0.0005679085709682,0.0311553287971945,0.9995126146795608,-0.0129863357384394,-0.001409833074428,8.822975360441337,-0.0076783672982367,0.0255208915845734,-0.5155638716487955,9.130418383334687,3.738354076625824,2.014433367120008,1044.9636449118595,1031.325723703382,1035.3072975915848,1038.9604442868683,489.3050802149349,-420.30527946701136,-90.12879300265932,-239.6594088756407,158.6805657139875
49.18,-1.6763710865540056,0.7332855320103935,-0.0153331184683559,0.0211696972922786,-0.0163253435449428,0.0359865169574246,0.001809411308601,0.0005977777436525,0.0312097017150666,0.9995108735426302,-0.0076952783384874,-0.0012248547791213,8.826205554474756,-0.0077530229890606,0.0255239719266304,-0.5179637431762572,9.130399409877318,3.738425943096225,2.0131398920236996,1046.1958765390284,1030.5005204484069,1035.0911755931463,1038.5226622746686,507.1270592412609,-272.17095043060624,-71.11354604272492,-127.23338346220628,158.68105036718035
49.1825,-1.8037707765603224,0.913603123513906,-0.058855768516818,0.0177856604606276,-0.0140380538942465,0.0352878255779493,0.001834704467668,0.0006208905062288,0.0312544677399368,0.9995094170814016,-0.0019375174219597,-0.0010770490078362,8.82878236318234,-0.0078134219175705,0.0255198697156832,-0.520352186961794,9.130377453113278,3.7384970043058727,2.01184159975285,1047.4992802080671,1029.9648689512283,1034.9517298613707,1038.3242773695567,551.1515188023985,-173.5132084829751,-24.80812981951753,-26.779953037826033,158.6814773270636
49.185,-1.9321352729040375,1.0599899671669226,-0.0903178774413117,0.0121101889618386,-0.0106221180569425,0.0338649582662518,0.0018612746355386,0.0006357019051466,0.0312882732703019,0.9995082922958384,0.0042132796955186,-0.0010235562010223,8.83070414773942,-0.0078552809208049,0.0255129598304971,-0.5227324684565826,9.130350001788436,3.738565729903893,2.01053747837834,1048.9516341330418,1029.6329544059915,1034.967134944049,1038.3887625094794,489.0412949902739,-80.0483773332235,47.15654489627664,74.61144292690241,158.6819200706738
49.1875,-1.985482008740335,1.1204385936807704,-0.0993612318460011,0.0065085144228746,-0.0075348549477515,0.0329434130837895,0.0018859636263509,0.0006405217592808,0.0313125462732358,0.9995074609870482,0.0106746857169901,-0.001121094835617,8.831980072613494,-0.0078742704369633,0.0255081916505245,-0.5251079603245645,9.130317034282562,3.7386308582087415,2.009227190356472,1049.9444866830163,1029.5646270645625,1035.187512585852,1038.6973345841911,329.62252774566844,0.7817293240812266,142.56010252246827,172.3642600501283,158.6822293085386
49.19,-1.9538953289902368,1.1213126759217884,-0.1050231207885364,0.0008491495257628,-0.0046604484938234,0.0327348700349094,0.0019094134688809,0.0006370204355363,0.0313279310458397,0.9995069018012916,0.0172978614555041,-0.0013555403285476,8.832630067540846,-0.0078634485810539,0.025506433448261,-0.5274823773205575,9.130280133875498,3.738692924697292,2.0079120761285796,1050.5997467717687,1029.636863052612,1035.6799354566604,1039.2505838097293,195.6344216272464,41.08848237772408,249.55007587455805,256.4490538919979,158.68247487589562
49.1925,-1.8418699211575884,1.0804706710687764,-0.1233702779608734,-0.0044524830500486,-0.0019987851579909,0.0331295050686304,0.0019329318144585,0.0006287993767201,0.0313359038528438,0.999506566464517,0.0238942264050689,-0.0016976892003729,8.832685197521881,-0.0078152554135222,0.0255073138952712,-0.529859503972878,9.130240199125632,3.738752600957554,2.006593337396755,1050.9226587911533,1029.7700694764512,1036.4352629652255,1039.9795798536516,43.74579127536471,56.052942934610165,371.7206154835284,327.5413892300692,158.68266649348087
49.195,-1.633822047722948,1.0003871697790787,-0.1704456126220454,-0.0090417079452882,0.0003954264134401,0.033918423981258,0.0019509645933808,0.0006184449989132,0.0313393001910204,0.9995063789925444,0.0302871502682871,-0.0022373021935864,8.832187888425251,-0.0077249010353923,0.0255169291461943,-0.5322425260270564,9.130198551758232,3.7388112878402944,2.0052698433420946,1050.8184757281456,1029.9171277672851,1037.5385385340792,1040.8882907558805,-143.3084489221467,55.33253721806008,565.6664975313248,435.5604357088264,158.68279173581635
49.1975,-1.2859139398719115,0.872564205824893,-0.2593621464565739,-0.0134713896609385,0.002989815210009,0.0344354595741477,0.0019574304371119,0.0006087001034354,0.0313407682192187,0.999506273226721,0.0362989957918512,-0.0030698316654679,8.831190678737393,-0.0075898189494211,0.0255409368075523,-0.5346341319890415,9.130157233069577,3.738871117317175,2.0039398244294326,1050.2061165465432,1030.0467321625413,1039.2635954528796,1042.157382032194,-300.27650160139376,33.60133526878699,690.2856418305071,491.10426773875014,158.68286367750582
49.2,-0.9280640881462016,0.7484658502333026,-0.3451921191406838,-0.0161088828981004,0.0049354226664402,0.0339019105251828,0.0019504722154179,0.0006023928417048,0.0313427732144068,0.9995061830602994,0.0417594634822614,-0.0042117941396285,8.829754818239488,-0.0074100262628179,0.0255794749039294,-0.5370366886900767,9.130118845332355,3.7389336643556783,2.002602942981174,1049.3170932201378,1030.0851344436292,1040.9899667432335,1043.3438120945755,-423.6551090060509,-1.7301394836513526,727.3401864101205,492.4910309692887,158.68285722574012
49.2025,-0.517503552630033,0.6161212528945444,-0.4155678276241147,-0.0175727739590148,0.0067728517613308,0.0324548785349163,0.0019285413898034,0.0005999221452914,0.0313498347161209,0.9995059789505936,0.0465521688883695,-0.0056709224969359,8.827949144569587,-0.0071903590274751,0.0256316427296216,-0.5394520773576795,9.13008609962515,3.738998987211208,2.0012601586698238,1048.0878410015118,1030.038081465123,1042.900296384932,1044.6198371870416,-602.8256351636654,-38.043366272393584,842.343882807056,563.3079154527998,158.68278059828117
49.205,0.0182382027951986,0.4617851113061705,-0.4537585775154318,-0.0182674897519406,0.0086805330970658,0.0302558744125676,0.001901974467111,0.0005922939198174,0.0313623168750198,0.9995056381782,0.0507474012934351,-0.0072450568072106,8.825847149776981,-0.0069481918907698,0.0256834582626255,-0.5418822295934121,9.130060211991031,3.739067895022292,1.999911860200958,1046.3029650443223,1029.8949176122671,1045.2016861572647,1046.160351671837,-690.7523022390355,-62.492470442261805,809.677666503871,547.8689963026153,158.68260616043244
49.2075,0.4893300761272345,0.3509962571822065,-0.4355900655468108,-0.0183831695402649,0.0093907986812511,0.0283346736399161,0.0018864351195711,0.0005748399495041,0.0313767620312005,0.9995052414638496,0.0543593674199171,-0.0086305809756668,8.823526977855199,-0.006697638955192,0.0257146908897023,-0.5443289912200524,9.130040125078548,3.739141246483849,1.9985581013828704,1044.634079490315,1029.7256191129115,1046.9486847174535,1047.359182168556,-682.6702511367021,-70.81828924175186,619.3919207290961,438.88168328944914,158.68239113354312
49.21,0.9672694043175603,0.275863638300722,-0.3657040321348461,-0.0179717141504542,0.0088422849575666,0.0266248697663622,0.001887340271866,0.0005539352411714,0.0313957189273176,0.9995046866719622,0.0572216215357898,-0.0096951795097101,8.821071798037707,-0.006440168900165,0.0257161818219664,-0.5467933318987191,9.130023721451604,3.7392174154705446,1.997198599218536,1042.889613788637,1029.5408261660584,1048.298645760912,1048.3547600882853,-753.3121622410392,-75.4022629357909,457.9989096984336,370.93879121768714,158.68210277257867
49.2125,1.5056563124514573,0.2304313541412337,-0.2392165657920533,-0.0156267987914089,0.0077976706737765,0.0253463706957532,0.0019014612096875,0.000534150811615,0.0314224844976175,0.9995038660773736,0.0592156071050493,-0.0104572942057959,8.818566917281563,-0.0061781080028702,0.0256891584749459,-0.5492751392588257,9.13000904095902,3.7392942477304247,1.995832807934092,1040.8675186791131,1029.3486077982327,1049.2386792659436,1049.2138761246429,-703.7042369937391,-58.922909962499816,209.3478718399476,253.11342737687264,158.68167086483788
49.215,1.8768128202177257,0.2129359773837964,-0.118561938557449,-0.0111357499153495,0.007678076008944,0.0252020004778934,0.0019241034486477,0.0005178656906248,0.0314562876022965,0.9995028059480848,0.0602815174134585,-0.0109605931786203,8.81609742340074,-0.0059152754560118,0.025637726893122,-0.5517735642882384,9.129994271475232,3.7393703905301146,1.9944601966734008,1039.3710926036665,1029.2462116162455,1049.3453851201123,1049.6203272251703,-528.7242029739468,-22.219546001804247,-106.33125871289865,103.72521770326937,158.6812386477511
49.2175,2.105756066034421,0.1786786133773838,-0.0065915444629836,-0.0041768273269278,0.0088192574461743,0.0257598322925437,0.0019451059052436,0.000511280749851,0.0314983069129557,0.9995014814994652,0.0603096847907749,-0.0113435190437914,8.813747386801827,-0.0056498752718417,0.0255732219952864,-0.5542869637259277,9.129978692036813,3.7394448317491102,1.9930798734481825,1038.223897664242,1029.2375100682239,1048.7070229723788,1049.7325022131595,-395.2917163501255,23.97927418858124,-436.6144336814492,0.8504883335725484,158.68073059782816
49.22,2.1724971377383238,0.0746947266355656,0.0996232581238638,0.0050817640521135,0.0111739871670441,0.0265606082171236,0.0019540879447292,0.000516658437005,0.0315481806568794,0.9994999209264066,0.0592789739258932,-0.011752570480026,8.811597214498182,-0.0053835529686404,0.0255085668910277,-0.556813223480477,9.129963270673992,3.739517250910231,1.991691442943472,1037.3946340219177,1029.3661079871883,1047.162312951707,1049.624579666838,-201.3458241068172,73.69606145581069,-666.7653754087269,-61.47180630147471,158.68003245018213
49.2225,2.05651971941272,-0.0796781570445701,0.1602239315924773,0.0121629531777254,0.013133864106556,0.0271098420646187,0.0019485819366713,0.0005311253309054,0.0316012958219677,0.999498272630042,0.0572805827988987,-0.0122013517715055,8.809721711429443,-0.0051234208494315,0.0254489483343288,-0.5593504021068562,9.129948320423592,3.739587835869772,1.9902955340255588,1037.2171685437074,1029.605990375503,1045.3731960953335,1049.425143181652,33.333861705051504,125.8513005624347,-768.833195822906,-81.933290947385,158.67937639424477
49.225,1.8030398660151228,-0.2925043815031477,0.1932532325828817,0.0175960104165917,0.0138022628782463,0.0276357574181951,0.0019301778882006,0.0005519240763552,0.0316554428751002,0.9994966033513843,0.0544215239654582,-0.0126381643078363,8.808189838965955,-0.004875883002828,0.0253955633293375,-0.5618968153255438,9.12993414266957,3.739656624762084,1.9888932753000912,1037.561303330443,1029.995364490001,1043.3181469725905,1049.214913212101,209.00082667754668,180.4270675127377,-822.2252150474761,-74.9957017078259,158.67864270936855
49.2275,1.484700219814935,-0.5251324161787037,0.2067527833048242,0.0215052443967621,0.0128551952907583,0.0281554308599104,0.0019054086016349,0.0005760811778182,0.031710876459459,0.9994948938241838,0.0508287478530716,-0.0129320226209171,8.80706377632839,-0.0046470561814855,0.0253442581124908,-0.5644511634459473,9.129920997747424,3.739724066769385,1.98748519052785,1038.2621726770942,1030.508125713066,1041.2620700200998,1049.0501646731132,333.6870345364444,231.1971110154172,-772.7809797583769,-48.735615675989344,158.67784431207758
49.23,1.1537273754944208,-0.7385609122977248,0.201801271445319,0.02373288896543,0.0100882642833469,0.0285944222477725,0.0018828175066714,0.0005994177732823,0.0317637212747767,0.9994932538866064,0.0466623861596288,-0.0129252179538429,8.806398279494886,-0.0044441123784065,0.0252884699833469,-0.5670123358528909,9.129908686621661,3.739790714833177,1.9860716593865584,1039.229738503126,1031.1513500450787,1039.4542420737966,1048.9712351337207,435.80788808294966,303.1481858483671,-689.4212863296727,-14.493565743616134,158.676967633228
49.2325,0.8163661149437013,-0.9304801518625044,0.1809159378191445,0.0248666807494921,0.005825037157669,0.0290965273218276,0.0018732306463295,0.0006192700119853,0.0318115126523704,0.999491744734764,0.0420656595032611,-0.0124282048351994,8.806240181438826,-0.0042718787044114,0.0252186804510726,-0.5695793330147689,9.129896957631587,3.739857315791783,1.9846532254564655,1040.44121211751,1032.0238666423083,1037.8149635884497,1048.977696844395,417.0526185239551,326.1567395503118,-493.23595282170874,15.699803756174967,158.67582527301306
49.235,0.6233050942020577,-1.0260452386445307,0.1550763682717769,0.0249653430087958,0.0025050850973922,0.0294816566592463,0.0018820449381826,0.0006326434596528,0.0318550355893921,0.9994903341490254,0.0371905935769391,-0.0113566739409015,8.806627975212352,-0.0041345006720431,0.0251312036520111,-0.5721506715891311,9.129885263800702,3.739923984896635,1.98322957033037,1041.315001595744,1032.7821337428288,1036.9880623096903,1049.0497341525015,292.98123494244027,294.8139639777166,-215.5419490734664,35.59128543231961,158.67479855911185
49.2375,0.541948228939495,-1.0632574046809264,0.124762256208947,0.0248746254850208,3.535363795411945e-05,0.0297636072144675,0.0019070705041996,0.0006322116883576,0.0318924785336339,0.9994890866263572,0.0322646494446239,-0.0097712004379477,8.807591155432313,-0.004040293874579,0.0250309076248711,-0.5747240603197187,9.129872283707453,3.739990301472688,1.9817987253554976,1041.906118292223,1033.497936462198,1036.7372538430818,1049.1556532715567,189.55411002838753,286.5507710752707,5.087340971610628,43.631402763890456,158.67369542386615
49.24,0.5644953361836708,-1.0604742187287253,0.0874159124754259,0.0252594004348672,-0.00222240782247,0.0299745917303339,0.0019441914282075,0.0006145739663786,0.0319261596943492,0.9994879362808156,0.0274464171923147,-0.0077731072956058,8.809149908598705,-0.0039923139801338,0.0249246388638431,-0.5772967407469757,9.129857925080167,3.7400557558863534,1.9803597548832848,1042.2627721458864,1034.214887598206,1037.0134990145484,1049.2678911663213,87.57231426451433,226.73779553499728,174.0458831123069,29.28673873328015,158.67228532259017
49.2425,0.6598325639043487,-1.028336901516178,0.0576565289351724,0.0261175214812554,-0.0041118943173139,0.0300653166127125,0.0019910996774075,0.0005821318113946,0.0319597309772411,0.9994867691041776,0.0227924931516589,-0.0054367954226885,8.811314351720652,-0.0039865937587193,0.0248167939961558,-0.5798658577394935,9.12984242327604,3.7401206146399377,1.9789122510148784,1042.3439798635452,1034.6316254398719,1037.6074832586423,1049.3020869652228,22.36657674592372,119.68269584538818,277.74098721810674,-11.055123874251676,158.6710401979568
49.245,0.7935670289068623,-0.9661902800285048,0.0305324904488628,0.0275083964329687,-0.006499698228841,0.0300990124074387,0.0020460846593534,0.0005405909106642,0.0319948972924211,0.9994855310962196,0.0182986937798899,-0.002831483162308,8.814084057781244,-0.004015258422293,0.0247106792254296,-0.5824286511049849,9.1298256102058,3.7401856272573055,1.9774568348395505,1042.374605029616,1034.8133010774332,1038.4022039506397,1049.21261554695,47.1093808750752,26.7398859601462,352.31755914219485,-81.4035989987171,158.66972517938282
49.2475,0.9410805488872762,-0.8518967278240243,0.000828193460712,0.0300336124916108,-0.0097983950144854,0.0301006680828793,0.0021050562449732,0.0004924945520229,0.032035170463619,0.9994841172961452,0.0140106665189045,-7.646961156628633e-05,8.817448066665921,-0.0040738926326458,0.0246122362445553,-0.5849825056964484,9.129808673286352,3.7402505503664094,1.9759951989865268,1042.5795267679207,1034.7653248696727,1039.3690710543544,1048.8950689702292,129.220528158002,-51.880103999612295,327.53972233906785,-157.98148995591689,158.66807026518205
49.25,1.0091478378528451,-0.7241167715604371,-0.0224336646520861,0.0330789094948856,-0.0122823496162522,0.030078752509342,0.0021710191112226,0.0004398223447538,0.0320833199529214,0.9994824332340754,0.0099818938637793,0.0028285810060482,8.821384401196,-0.0041591595754495,0.0245188753753626,-0.5875255320290144,9.129792642723938,3.7403154568135086,1.9745290693206692,1043.0207076704055,1034.553900557435,1040.0399025623335,1048.4227080971712,247.6047516468476,-100.33087179499518,214.34777150717704,-233.30797401125284,158.66663022630016
49.2525,0.9741917143219304,-0.5730743354789865,-0.045476005458761,0.0368818747553555,-0.0138735222437989,0.0300302365196729,0.0022468549318264,0.000385861070977,0.0321414274956524,0.9994804068526698,0.0062352644425584,0.0058789325259088,8.82586082787449,-0.0042662940913422,0.0244277422058401,-0.5900560946153129,9.129777407928328,3.740380476458367,1.9730581718872304,1043.8175505261538,1034.263670510698,1040.4408099118891,1047.728529100174,375.6758781917949,-112.3247181811501,106.16527533697106,-310.01256273054935,158.66513056231037
49.255,0.8324364777570258,-0.4150117301382858,-0.0691264875844867,0.0408214127508307,-0.0145454812190032,0.0299501609124403,0.0023265319270542,0.0003307136412283,0.0322104130852554,0.9994780189047816,0.0028359659132501,0.0089085144257448,8.830836108726968,-0.0043939397687619,0.024346297917239,-0.5925721216003297,9.129763660811008,3.7404452812817586,1.9715806058504952,1044.8990870613654,1033.9922769665293,1040.5707289390186,1046.8726452835176,485.481072215568,-86.37862046071076,-10.209125963405548,-370.431825142297,158.6635839574277
49.2575,0.5603149080580753,-0.2597682318373736,-0.0937920865547435,0.0443195240090937,-0.0143693040941419,0.0298175034183971,0.0024097990124892,0.0002706208355357,0.0322858926416858,0.9994754075145303,-8.957720242223388e-05,0.0118500695986665,8.836259256271854,-0.0045455967646206,0.024275025888483,-0.5950717214814604,9.129752087398538,3.7405095227465535,1.9700957001598685,1046.244955887233,1033.8317774083944,1040.3897642820723,1045.8763699744616,622.9480214105688,-30.953762697191408,-130.0496018370996,-452.01388302171114,158.66198351790837
49.26,0.1162358992354443,-0.0763814179528755,-0.1237604408955676,0.0468937598259893,-0.0141716972025197,0.0295894758890764,0.0024949872387722,0.0002056605844514,0.0323613964768729,0.9994727824428318,-0.0024946879067861,0.0146141253746737,8.842070576909874,-0.0047198019447545,0.0242155379017321,-0.5975529855176173,9.1297414898345,3.740573516748408,1.9686043889401688,1048.0138271684154,1033.8375081530435,1039.9204809298335,1044.612575868411,650.5124155772902,37.02241018484453,-189.72331747553952,-459.5774148356591,158.66000401028165
49.2625,-0.3051485420043389,0.0850873946401194,-0.1475161437717925,0.0468554691627164,-0.0144593039728269,0.0293590648142533,0.0025768625965307,0.0001412302575488,0.0324335731721137,0.9994702607359138,-0.0044408195812746,0.017053634622113,8.84820240634081,-0.00490766331358,0.0241730840855434,-0.6000139955014029,9.12972998556024,3.740637511467792,1.9671068616641807,1049.497517965121,1034.0168894593187,1039.441147694694,1043.578482900282,571.9479538461458,100.30721922593654,-178.03893840709847,-392.3532152068486,158.65830742152139
49.265,-0.7121762613073621,0.2711343351108064,-0.1668280170805966,0.0442755143162936,-0.0149373679491865,0.0291375554453867,0.0026542384712236,8.140129896275101e-05,0.032500083638943,0.999467919413606,-0.0059768935590227,0.0190964780768027,8.854579128977667,-0.0051010954972766,0.0241476723895406,-0.6024531534297767,9.129716207302717,3.740702232395348,1.965603057314076,1050.8735669376476,1034.3390442491734,1039.0302862377976,1042.6508097923759,563.9606469339142,156.7995110839609,-133.71033436067927,-367.453857537946,158.65656435504485
49.2675,-1.1182698831845994,0.5283934313195215,-0.1785774314317865,0.0392077633766312,-0.0150431935231745,0.0287825434453713,0.0027294653416373,3.136483675526063e-05,0.0325631061952436,0.9994656822851568,-0.007183142526621,0.0207398914390278,8.861117980223558,-0.0052898763902481,0.0241345696976956,-0.6048691916858387,9.12970036609395,3.7407675818254664,1.9640937545665569,1052.317321199788,1034.8008870147376,1038.772596022891,1041.741213612594,489.65874123148257,165.9644233373971,-41.0772934984624,-292.1030042736999,158.654421316408
49.27,-1.3638608094173712,0.761392600767074,-0.172295497555376,0.0345319229080161,-0.014124763618078,0.0282437617274413,0.0028001794249225,-1.3936005986093055e-06,0.0326264790878068,0.9994634332244456,-0.0081972033435535,0.0219066510544481,8.86773101483727,-0.0054602854910727,0.0241342397399916,-0.607260760266257,9.129682604682833,3.7408329156924576,1.9625790782797303,1053.3218606438063,1035.1688663658608,1038.8248997703051,1041.1902947710066,359.68128850408687,124.72269904381376,80.71734418499963,-174.25729434326237,158.65259435329855
49.2725,-1.5159869614764696,0.9885170374645021,-0.1415413550985124,0.0303701729211589,-0.0117476976569626,0.0273861676803859,0.0028589375611066,-1.5185900186642788e-05,0.0326917171415862,0.999461144182096,-0.0090711278786098,0.0224348545565857,8.874326690895167,-0.0056053554867411,0.0241532129227876,-0.6096262412353136,9.129663061883626,3.740898130925741,1.9610577479792015,1054.1157276423091,1035.4245005099572,1039.1761827438163,1040.8699271408773,301.19221241962003,68.6372200926768,213.3745153568392,-89.85023960898602,158.6507271752891
49.275,-1.6195007323108404,1.221698988943123,-0.0737403077873152,0.0262673927558542,-0.0076873813945481,0.0262220102506292,0.0029045498556164,-1.3592789199176648e-05,0.0327584949891374,0.999458828680798,-0.0097731727250833,0.0222801962218157,8.88080978474779,-0.0057250210141371,0.0241903151526624,-0.6119643056931191,9.129642348034707,3.7409638777615672,1.9595288351909876,1054.827821705903,1035.512052466324,1039.8917723470884,1040.741043572962,220.07012775514,-11.576485575954836,295.41007582023104,-8.312950343993474,158.64844366291584
49.2775,-1.663729202325622,1.3666708040906252,0.001963859379088,0.0234410314550227,-0.0040574490736252,0.0255770336754779,0.0029352214605772,-5.801188081299241e-08,0.0328251158828301,0.9994565499192364,-0.0102862910525277,0.0213985957372659,8.88708353395783,-0.0058194982329244,0.0242447449402811,-0.6142738247808043,9.129619973295426,3.741030562681032,1.9579921090708727,1055.2160782810856,1035.3666180820771,1040.6532331229184,1040.8283623891573,108.75000107602212,-101.14389070999378,313.000003563342,70.13346918630354,158.64650812807017
49.28,-1.680779472304028,1.4517450993263958,0.0792785694663805,0.0207093237584649,-0.0006228853147912,0.025779535085317,0.0029473761437443,2.3021266915110157e-05,0.0328899043047734,0.9994543790876876,-0.0106233360014271,0.0197264806880451,8.893051438489449,-0.0058882210236208,0.0243175947562131,-0.6165541022260889,9.129595353486263,3.741098293939628,1.9564477644791824,1055.3715717112834,1035.0063330127737,1041.456772364906,1041.0917109188936,18.44265362435039,-168.1512049517261,306.95337766647475,130.45092930226969,158.6445431184653
49.2825,-1.6730018370288102,1.4849203090716963,0.1409562775299159,0.0175593519998659,0.0027230658410976,0.0266434657526719,0.0029431167211242,5.3390207081804967e-05,0.0329502029988336,0.999452403564578,-0.0108047977576584,0.0173131375418471,8.898618281289451,-0.0059315188240647,0.0244028154169516,-0.6188055055569132,9.129569608219503,3.741167334485642,1.9548973396181049,1055.3082915492073,1034.5258620573195,1042.1880000112494,1041.480617035668,-86.13432329834862,-196.10715699908692,251.22150800517252,181.37167268400657,158.64255740280225
49.285,-1.6167628850438382,1.452277960458836,0.168501039370211,0.0134498788973339,0.0061291897295684,0.0277969383815448,0.0029351080082309,8.985439406851932e-05,0.0329997684913398,0.9994507919226792,-0.0108701199708576,0.0144082859582103,8.903691736389547,-0.0059500069260735,0.0244811233914931,-0.6210298842220356,9.129543789701165,3.7412382468658127,1.953342467689354,1054.9409000947915,1034.0257972277775,1042.7128799049326,1041.9985692823143,-241.12155541139543,-184.26522901117673,161.08113806704696,254.04430059339313,158.64055181875548
49.2875,-1.4642877888644228,1.3304077541943795,0.1561104239368656,0.0075820668056601,0.0102305794061051,0.0289774909019472,0.0029308517591838,0.0001349985841055,0.0330380704865759,0.9994495370604968,-0.0109323044956865,0.0111839901200784,8.908186377121508,-0.0059400984446772,0.0245395762811958,-0.6232298038878165,9.129518616235965,3.741311198135615,1.9517840652685323,1054.1026837721497,1033.6045359122631,1042.993405701585,1042.7508385386357,-375.20204150380334,-95.93272886613335,37.807596882783216,296.7382983789292,158.6381294507907
49.29,-1.2551845672783504,1.15503109872147,0.1131650259483605,0.0026346975974855,0.0136599680212467,0.0296239979753319,0.0029286132132158,0.0001908693536943,0.0330684903239697,0.9994485285157604,-0.0111013249113792,0.0076582026687954,8.912026203322364,-0.0058991443761239,0.0245771990742265,-0.6254080628230143,9.129495024563367,3.741385754120981,1.9502220278475273,1053.064889887274,1033.5461335834475,1042.9019178893464,1043.4822607742076,-475.7748174012089,62.12561055050633,-99.29318269436784,313.85862945887624,158.63610327720275
49.2925,-0.9718686269355856,0.9015230624378368,0.0502052341961069,-0.0014634018607309,0.0168232035218222,0.0298729475760681,0.0029258759418328,0.0002596991166455,0.0330929792259053,0.9994477075312808,-0.0114898962335368,0.0038439512920158,8.915145412521522,-0.0058249587704245,0.0245947226673762,-0.62756782521458,9.129473051866784,3.741461085121736,1.9486561093527408,1051.7238096851424,1033.9151639650158,1042.4969397881127,1044.3201316859308,-630.110320641457,268.8932035387086,-230.70050014272985,390.01747028567536,158.6340752296181
49.295,-0.5918714122910651,0.5175219191679375,-0.0284385482050776,-0.004661679404569,0.0195985517273869,0.0297358280670738,0.0029193568786216,0.0003365120739821,0.0331128069414263,0.9994470429506705,-0.0120792112958128,-0.0002563062618063,8.91749032090611,-0.0057248288402218,0.0245950401862888,-0.6297122662965648,9.129452101891223,3.7415359875856575,1.94708588714902,1049.9143382840653,1034.8905996011415,1041.748415388632,1045.4323481256367,-663.8770400642113,434.97481880693607,-298.3935770011143,419.36907081014334,158.63164505370617
49.2975,-0.2913333236860076,0.1480877845148874,-0.0825078613155086,-0.0054375705092107,0.0207535943576972,0.0292958727955853,0.0029041554756038,0.0004105565200607,0.0331297159900203,0.9994464948945024,-0.0127426081637851,-0.0046667083637892,8.919020769590249,-0.0056135590656228,0.0245842547058175,-0.6318443625349845,9.129431511459332,3.741609238316296,1.9455104884363763,1048.4044244848244,1036.0900380590483,1041.0049719031088,1046.4169770399797,-559.3329190075888,527.6622800848174,-298.96885243836715,393.238471995054,158.62962609011
49.3,-0.0706976062797209,-0.24460978457912,-0.1117791644016688,-0.0045074097040496,0.0205938696198832,0.0286021833493048,0.0028813431044922,0.000473009033834,0.0331436294815149,0.9994460669181487,-0.0133765795021242,-0.0092999921886949,8.919710461822637,-0.0055041755270216,0.0245615938633414,-0.6339672838027782,9.129410389928305,3.741680935053743,1.9439285331397815,1047.1176736890259,1037.5289110015672,1040.2535711264395,1047.3985404856132,-468.85226433754383,635.4131808239276,-312.3470486915488,411.5541600967104,158.6276164751729
49.3025,0.0456552350591408,-0.7069448338064404,-0.1114337948126608,-0.0023309319308322,0.0190053063452855,0.0277029240688786,0.0028548267959223,0.0005210153592699,0.033155360183586,0.9994457237868244,-0.01397301442328,-0.0140126500531142,8.919548234443662,-0.005402512730136,0.0245229085329221,-0.6360843742617861,9.129387845265702,3.7417515532090655,1.942338931363796,1046.0601631631355,1039.2671039631698,1039.4432366596502,1048.4747478404643,-286.8591730547786,597.4096337933108,-273.5807746373426,362.2887185212333,158.62521791289348
49.305,0.0001118868560357,-1.0600619431756355,-0.0832296200971976,-0.000133156289134,0.0166201130658699,0.0271892922423202,0.0028264680340155,0.0005562543933549,0.0331708979946379,0.9994452628106708,-0.0145951232488975,-0.0186944061553625,8.918539306625695,-0.0053086558383047,0.0244667614946486,-0.6381991409172098,9.129363750501245,3.741821232402673,1.9407423886397168,1045.6833778237533,1040.515959170531,1038.885667253254,1049.2099840782175,-45.789541463931755,412.75505132222656,-195.12921705444592,245.59866643063452,158.62323069785432
49.3075,-0.1828222552575693,-1.3545458807852524,-0.0343169571303687,0.0016285797581812,0.0133844934496733,0.0271366936110287,0.002800311545358,0.0005782148121649,0.0331949414739951,0.9994445196973726,-0.015253932038743,-0.0231986978399682,8.916706005579424,-0.0052262063985196,0.0243891487041544,-0.6403156610655492,9.12933886288762,3.7418908380058866,1.9391395679217107,1045.8312154558157,1041.330879219782,1038.4675905743775,1049.702741172618,128.102889403206,228.6539732643372,-143.99725374498212,151.9912374945893,158.62125548744095
49.31,-0.445973587865774,-1.5855706616602832,0.024156092637882,0.0022680738555599,0.0097324506237448,0.0273673317945019,0.0027858265738024,0.0005905364901798,0.0332271080502063,0.9994434790917616,-0.0160182556151071,-0.0272828998357337,8.914087875088963,-0.0051547127002382,0.0242789503433111,-0.6424389961612538,9.129314438603261,3.7419610371145025,1.9375328855074017,1046.3238922707696,1041.6592290368533,1038.1656809845288,1049.969940265691,242.05955514980087,-1.1670915312162533,-92.3156831416166,56.79763478725072,158.6192895900065
49.3125,-0.7400637682688926,-1.725817120873042,0.0874044769485737,0.0009241605740572,0.0056772048737301,0.0276955396969405,0.0027846032196856,0.0005960036104862,0.0332677647625216,0.999442122799448,-0.0169326297478025,-0.0308496486716363,8.910742396091555,-0.0050951904873224,0.0241352979702568,-0.6445744344756528,9.129292275525632,3.742031489474437,1.9359240027357745,1047.0415132315636,1041.325043762126,1038.0060121586698,1049.986729346554,311.10574427190033,-296.89812209239506,-34.8481086636501,-33.479702208509,158.61733378215453
49.315,-1.031405108809242,-1.773100075492227,0.1643014469042168,-0.0027975770992979,0.000395051104595,0.0279423237141554,0.0027882816118487,0.0005936313158596,0.0333164310048478,0.9994404880884636,-0.0179665695269069,-0.0339865651506321,8.906744428708748,-0.0050536934925082,0.0239706079965333,-0.6467270581435047,9.129274029914264,3.7421014894719535,1.9343116744310505,1047.8794209921275,1040.1747384263927,1037.9914404412107,1049.8025417546487,266.6134316388252,-528.4186507288748,26.115525766668092,-84.21859977106817,158.6149968856138
49.3175,-1.1581295761942512,-1.701965849767924,0.2265753003330367,-0.0072313408639068,-0.0043995090121748,0.0280435690198321,0.0027889394961928,0.0005860657722978,0.0333703092926718,0.9994386858509798,-0.0191407131647494,-0.0367777671043204,8.902184521698196,-0.0050318718918245,0.0237970002345783,-0.6489019728827901,9.129259685707495,3.7421707861451248,1.9326954191377457,1048.3745803897584,1038.68295050848,1038.1365897875032,1049.5656363476985,127.89571783712567,-671.5738360225916,90.10612408123897,-91.28788538964606,158.61305664759905
49.32,-1.110833728060228,-1.5115330497270227,0.2800651544549693,-0.0122222098935577,-0.0092166686265459,0.0283328329485258,0.0027842428004249,0.0005723862742266,0.0334297423570593,0.9994367097409782,-0.0203970089850838,-0.0392171823878925,8.897167815705437,-0.0050356426008611,0.0236198933454224,-0.6511041798058953,9.129248656229997,3.742239126822656,1.9310755301164768,1048.5188995813137,1036.816869246278,1038.441971061617,1049.3461023277002,-23.380146359589503,-857.124891689643,164.06307598328027,-75.99779871086503,158.61112234540445
49.3225,-0.8341496281878589,-1.1569549270457573,0.3191351855598829,-0.0177258943978325,-0.0142799002037307,0.0293705714104958,0.0027756043429327,0.0005523300950499,0.0334974086719272,0.9994344669869544,-0.0216770083418344,-0.0412397893010486,8.89181186920793,-0.0050691951007326,0.0234400022951774,-0.6533382621401314,9.129239619464387,3.742306602479809,1.9294520643906408,1048.2576796579604,1034.3973260500359,1038.9569051674189,1049.1856473541443,-155.18543719814508,-879.8421197939707,203.3028511632307,-38.30912501905773,158.6088062272168
49.325,-0.4383253392141967,-0.7792225445470983,0.3186276445589835,-0.0213766437647705,-0.0175196199067035,0.0308466554853236,0.0027667676221817,0.0005275693005256,0.0335705323442397,0.999432041574342,-0.022947463834459,-0.0427471971704469,8.886243946200388,-0.0051332533224027,0.023254876874384,-0.6556080410225872,9.129230987768798,3.7423734279409486,1.9278243818864984,1047.7429723953223,1032.4176586473059,1039.4584853174335,1049.1545567026049,-238.21020977435728,-743.3991906987847,199.37990659553887,1.1619454284749249,158.60687897148514
49.3275,0.0716264470917218,-0.3591787389380469,0.2765238484227186,-0.0232119787691925,-0.0193497838798059,0.0324597914290484,0.0027614342117387,0.0005061464903614,0.0336453481048618,0.9994295495722512,-0.0242834601888324,-0.043647469988627,8.880597499032374,-0.0052186781809287,0.0230617493255891,-0.6579162465569859,9.129221606163835,3.7424392476233614,1.9261929344880728,1047.066628609088,1030.68033009654,1039.953804700397,1049.191457081287,-295.40053128884693,-669.6235593845992,197.28850025703403,11.396562243782132,158.6049530119589
49.33,0.7122411538436634,0.1292803397720931,0.1863353445734304,-0.0220363321202549,-0.0194117392243977,0.0337712891264752,0.0027592749783204,0.0004919815110446,0.0337183000667335,0.9994271129994904,-0.0256875656519634,-0.0439322893727426,8.875009141844673,-0.005319933094636,0.0228632089161322,-0.6602639485431158,9.129210922141864,3.74250406386576,1.924557372348629,1046.2659697388797,1029.069540850386,1040.444927818718,1049.2115395138237,-265.9571321048137,-491.6534430725491,152.5710681966886,-14.36501808242785,158.60264149521552
49.3325,1.1848669506844016,0.4741288631628843,0.0944026650276868,-0.0178309315630342,-0.0174466813775216,0.0340009595266863,0.0027582539551377,0.0004750931605512,0.033787517578079,0.9994248008069178,-0.026918698568744,-0.043641333009776,8.869615560118408,-0.0054482739670695,0.0226646101897571,-0.6626502927456283,9.129199665477568,3.7425681466343166,1.9229155703825969,1045.7368429485634,1028.222062881176,1040.7166600413807,1049.1196319908747,-160.13573999813156,-225.55528231680285,76.0103363185019,-75.98140231671756,158.6007137868006
49.335,1.509640836381106,0.7082425238058475,0.0079475309392192,-0.0115068744754814,-0.0141455908513277,0.0334340968472908,0.0027568695012188,0.0004503218680707,0.0338509384397358,0.9994226852407164,-0.0278262839580522,-0.0428112677529264,8.86454848160442,-0.0056075056696334,0.0224702437939982,-0.6650727354724953,9.129187556460108,3.742632118391527,1.9212656382846784,1045.4652910388886,1027.941764438801,1040.8249795003107,1048.83163250224,-55.54122206977402,-21.64645565555624,19.989794868633897,-152.6918065273573,158.5987836203489
49.3375,1.6798128156953636,0.8352687544086799,-0.0614458354451801,-0.0050581582544568,-0.0108226748378912,0.0326521398620635,0.00275489667644,0.0004197412721352,0.0339082482138546,0.9994207749746552,-0.0283950767627256,-0.0414607761865412,8.859930729751584,-0.0057906914179695,0.0222822532701888,-0.667527280589097,9.129173371339201,3.742696020247144,1.9196070097773852,1045.4591368382148,1028.1138306028984,1040.816609015724,1048.3561729582386,66.44809814307575,159.04094708449568,-20.911673186254337,-230.4627972046277,158.59685101374149
49.34,1.6678374939809992,0.8397926609933573,-0.1055865942276756,0.0004398218821786,-0.0080481259087683,0.0320515501457443,0.0027555821932186,0.0003868205617432,0.0339621954719569,0.9994189667556812,-0.0286424268168368,-0.0395547862407187,8.85587325069774,-0.0059880252493218,0.0220979976063292,-0.6700088493652386,9.129155964269087,3.7427593450754806,1.9179398062680328,1045.797531529604,1028.7369691742242,1040.7204211343794,1047.679318516216,226.0584581907304,338.99631692353006,-47.08539932537271,-326.1139021243858,158.5949153674957
49.3425,1.4873244393461222,0.7332872952486023,-0.1338129813663786,0.0054971402113673,-0.0050471959026285,0.0317083629895972,0.0027632172800053,0.0003524826685586,0.0340119162339257,0.9994172795754364,-0.0285511926213214,-0.0370499259456461,8.852472555031465,-0.0061926605934578,0.0219133661681745,-0.6725115037057114,9.129134767117993,3.742821732083388,1.9162638676192032,1046.589429129169,1029.8088121875169,1040.581182019097,1046.7256034476159,346.8703973811415,412.65374791884153,-45.84446903654302,-354.24261523262817,158.59258945762164
49.345,1.2443165391119464,0.5826429510934699,-0.1427119798455367,0.0085301931938701,-0.0029409450145907,0.0316249135158072,0.0027855035301055,0.0003210797717393,0.0340557336970828,0.9994157489162026,-0.0281751384366784,-0.0338483624840181,8.849808060085417,-0.0063931594993767,0.0217193148120471,-0.6750290073521829,9.129109761605289,3.74288374316469,1.9145795442901796,1047.5318835165083,1030.8002379138163,1040.4911987891967,1045.9081054400547,420.24443874607965,378.77317021465115,-24.313352966634124,-306.64553597469194,158.59064923480028
49.3475,0.9611498482677754,0.4145107304505366,-0.1414877293232582,0.0105419638736026,-0.0017021157888989,0.0314342382170571,0.0028239392393771,0.0002930725448409,0.0340968492716882,0.9994142610709164,-0.0275154359075097,-0.0299712260054012,8.847941263245206,-0.0065831272453349,0.0215152100886664,-0.6775546607335282,9.129081889251552,3.742945183774672,1.912887345149881,1048.6906513229003,1031.702678038591,1040.4596152542636,1045.1923757677416,537.2167618963412,346.25507240821685,1.8996751620751924,-264.7148590764583,158.58870819306773
49.35,0.6308957688186198,0.2526563453755849,-0.1300863628510051,0.012229850269517,-0.0013836657688299,0.0309873902928927,0.0028716137228275,0.0002664363205862,0.0341351234217375,0.9994128383230216,-0.0265459253279215,-0.0255964680652952,8.846915243547818,-0.0067601242444567,0.0213118284270876,-0.6800815317570557,9.129052639916049,3.7430058835858486,1.9111868098159135,1050.2179673259911,1032.5315132758583,1040.5006971650073,1044.5845311446717,565.7965468380696,252.25683187636807,28.58013150996938,-166.16575329163985,158.58638002227772
49.3525,0.3969013333413988,0.1916733038584755,-0.1129229626993525,0.0129462006907921,-0.0020082967673476,0.0305938974794621,0.0029225772833872,0.000243688415992,0.034167488442133,0.9994115998105348,-0.0253304665128357,-0.0208880656849495,8.846754275208857,-0.0069168238925481,0.0211184376258397,-0.6826032543460018,9.12902286437176,3.743065892619043,1.9094779719662809,1051.5196340570883,1032.9639621979716,1040.6025159118135,1044.361547001284,508.7979723520801,122.74410002462989,55.67659770242124,-20.76477838248895,158.58444280602703
49.355,0.2367919744878854,0.2417226663575822,-0.0897931757587674,0.0127282689416011,-0.003255050673928,0.0302916795350471,0.0029710142569092,0.000228502338881,0.0341923231061445,0.9994106171700098,-0.0239617484214447,-0.016011606754018,8.847464892668352,-0.0070454020579691,0.0209440668153983,-0.6851142453010695,9.128993377047188,3.743125142056954,1.9077614073694,1052.761957187753,1033.145233775982,1040.7790801535195,1044.4807072527592,516.8000471249427,38.92288323638978,96.93569376049297,129.58067614588535,158.5825118955032
49.3575,0.1502453976716752,0.4391392606835881,-0.0591448888833381,0.0115186703271469,-0.0047566979183347,0.030061032148663,0.0030113894924093,0.000224516518197,0.0342130521078769,0.9994097898155552,-0.0225377867990551,-0.0111313344594477,8.84903729754677,-0.0071389827289285,0.0207973442716222,-0.6876099532065396,9.12896399778876,3.743183863489578,1.9060374168511809,1054.1036342927143,1033.1585766141538,1041.0871943806162,1045.009450382014,457.3594394276892,-12.056642770141533,129.8356431882256,247.24396544743036,158.5802070164713
49.36,0.1638988816245562,0.6979081192629021,-0.0346581243073565,0.0104070314673229,-0.005128193357325,0.0299650362983422,0.0030444465381471,0.0002338879131678,0.0342326917841915,0.9994090139486296,-0.021130102073645,-0.0063042937501836,8.851446742120089,-0.0071941207222717,0.020678147260508,-0.6900872771690788,9.128934530999565,3.743242380748316,1.9043066119877308,1055.0487543848894,1033.084950562131,1041.42825836946,1045.7169270799952,330.37801426913956,-25.74767145432408,151.93805516106707,316.15307391000186,158.57830081099664
49.3625,0.239634131928194,0.9993960834500406,-0.0153602509599606,0.0105695128018598,-0.0033114286656679,0.0299410640712166,0.0030725974839855,0.0002587672085722,0.034255043505814,0.9994081548436115,-0.0198100691927761,-0.0015596785911801,8.854655422154037,-0.0072084911259606,0.0205837419668992,-0.6925445083419561,9.128905341595775,3.743300651362308,1.9025708584688688,1055.7555243640609,1033.029838256882,1041.846884656422,1046.5902157515648,240.8426462550456,2.4640337674996897,193.4299647485579,391.99441374624206,158.57641577930002
49.365,0.352618672427198,1.3269925209643625,-0.0024200841076603,0.0126386886600281,0.0019059521750325,0.0299666770193836,0.0030907931465902,0.0003022826614085,0.0342839570429313,0.9994070963503212,-0.018669506313079,0.0029414024188315,8.858615145103329,-0.0071790774575896,0.0205213449118306,-0.6949809121013106,9.128876805036729,3.743358419867049,1.9008317542566184,1056.2529676161653,1033.0972707309688,1042.3954081932031,1047.6768991487274,113.81148656770512,60.8769160724122,197.2572125265717,384.5808322792751,158.5741864440164
49.3675,0.4341876817182674,1.5201802929017587,-0.0027177112620102,0.0148519273533857,0.0077457700050085,0.0300181703591556,0.0030970319041713,0.0003597229812132,0.0343181232088803,0.9994058890923546,-0.0176563084839417,0.0070875230498719,8.86326904206071,-0.0071150862470346,0.0204939532667253,-0.6973967286743111,9.128848821708276,3.743415710965108,1.8990894432268364,1056.3245817968989,1033.334222837244,1042.833170719054,1048.5131199129592,-49.39446922441877,146.2329224103703,151.588262757891,302.0881942758752,158.5723626864474
49.37,0.4853259115529515,1.6032934130414012,-0.0167696738449396,0.0164534502267275,0.0131613408275663,0.0300871306472051,0.0030976555321547,0.0004213244862925,0.0343549031527375,0.9994046032009553,-0.01661860857508,0.0109142008734747,8.868552274607776,-0.0070342134440903,0.0204927328021141,-0.6997930197460435,9.128822087317852,3.7434732220125375,1.8973436077463672,1056.005995270043,1033.828435343021,1043.1533495069932,1049.1873401201076,-190.763154345034,249.534152465512,91.37409979993993,234.61883240740283,158.57058313789156
49.3725,0.5099746510063026,1.6012700146655203,-0.0430127812150463,0.01751511512935,0.0174870534018772,0.0301585677855271,0.0030985004015425,0.0004788038379511,0.0343932768155691,0.9994032561284252,-0.0154244472697218,0.0144528814551659,8.874393582154982,-0.0069528776022505,0.0205089530390503,-0.7021710130116962,9.128797959136618,3.743531611907976,1.8955935417698409,1055.3707660251732,1034.581893599572,1043.2900412180538,1049.6862140749968,-319.62830553326927,373.8019256240694,-9.75552243276957,153.35193898063457,158.56884712369643
49.375,0.5042016673555688,1.5205407900728376,-0.0831442008243239,0.0182540714336495,0.0206497464172463,0.0302077815530225,0.0031007736418988,0.0005266518136182,0.0344339598396681,0.9994018206232346,-0.0139867782043775,0.0176598927290739,8.88071662921425,-0.0068838376350737,0.0205398006689369,-0.704531634968679,9.128777707954708,3.7435911407954015,1.8938383969058168,1054.407853742378,1035.6974449711397,1043.1045718948294,1049.95409981501,-475.1229178484892,583.5778297241028,-174.79526619933927,67.1842594768961,158.56717170229408
49.3775,0.4577387754646312,1.3616876616723883,-0.1429084788990197,0.0189830341753495,0.023716295988917,0.0301838136504497,0.0031045911992377,0.0005645507770856,0.0344787571503925,0.9994002347014702,-0.0123047451788808,0.0204817467389655,8.887440150868837,-0.0068324004387834,0.0205834595389879,-0.7068754695592306,9.128761873314527,3.7436515214422905,1.8920787860386152,1052.9951514359327,1037.49978274819,1042.416064887058,1050.0221353723812,-537.8761497904156,739.3994383590635,-333.9739587069399,-9.59832298871752,158.56524133740936
49.38,0.3756542230469346,1.1886280000255078,-0.1959675576764707,0.0196196695620236,0.0260298508654299,0.0300304402193445,0.0031133683177331,0.0005956473974916,0.034529768327265,0.9993984162309189,-0.0104318041067242,0.0229332129570456,8.894477775033566,-0.0067983643081043,0.0206330660355153,-0.7092027170407053,9.128749768653881,3.743712381815512,1.890314891714768,1051.7184729934247,1039.394442162937,1041.4347021012939,1049.9061082000665,-501.66778792646966,831.29509805952,-466.5776736816384,-67.30381838357256,158.56370658521803
49.3825,0.2282981200176848,0.9725282345718266,-0.2406434490137001,0.0202406058675947,0.0281643001830478,0.029639711372271,0.0031297556974556,0.0006220575084839,0.0345885344214954,0.9993963055735444,-0.0084004077678368,0.0250235205999625,8.901738735628832,-0.006781558714212,0.0206826500482347,-0.7115127486166781,9.128739740620201,3.743772978544391,1.8885457966651436,1050.4868124962993,1041.6562582384895,1040.0831765186483,1049.6856162804631,-499.9741064400041,1055.4684035214955,-649.5665625664511,-99.73847778564937,158.56225669552563
49.385,-0.0523710771939478,0.6500571173314716,-0.2669745708509665,0.0209884623292116,0.0304820268271944,0.028785627280956,0.0031472011055617,0.0006455761030055,0.0346592153786815,0.9993937781068604,-0.0062419725863851,0.0266074622960641,8.909128967025092,-0.0067798461246004,0.0207391550308226,-0.7138036227920019,9.128730163629736,3.7438324102730225,1.8867701520864195,1049.2186024612267,1044.6717841805396,1038.1868692884643,1049.4074158111387,-412.2418566593916,1126.8568887079855,-709.8034877883044,-88.72728770334113,158.56062404555425
49.3875,-0.391489883015152,0.3157635109948245,-0.2531086847743739,0.02178382995454,0.0323108785568614,0.027722540837083,0.0031616212120167,0.0006689717519861,0.0347416099291152,0.9993908526479172,-0.0040060353079065,0.0275941253930907,8.91654965047675,-0.0067879629885291,0.0208056364746952,-0.7160725905424774,9.128719633553047,3.7438913308730153,1.884987325169441,1048.4256032130013,1047.2905426820323,1036.5341590797052,1049.2419798419462,-250.34204899826287,1022.6325598587434,-633.432729654254,-36.61971712697722,158.55935925643942
49.39,-0.8480184706791016,-0.0967475963899685,-0.1910395372078299,0.0227937105863673,0.0340263434942611,0.02642136256483,0.0031722827350212,0.0006945416445658,0.0348273417492,0.9993878215680436,-0.001737050838461,0.0279625517712179,8.923897408358572,-0.0067998421045148,0.0208798183277776,-0.7183162830279177,9.128705790596417,3.7439512977355056,1.8831964131430936,1047.966892216235,1049.784946979836,1035.0197056401917,1049.2243172255037,-124.42963916898807,1004.5977531388912,-583.9145342210794,39.73129826362286,158.55820111347947
49.3925,-1.5008390841122727,-0.671436241568485,-0.0608025419009517,0.0230948514853379,0.0352138817297414,0.0250954245490583,0.0031780818677091,0.0007193547377297,0.0349035401189485,0.9993851382940568,0.0006062184850925,0.0276931801400412,8.931065650082722,-0.0068154416172793,0.0209596975980736,-0.7205308025381665,9.128687069244492,3.7440137805702354,1.8813962545570264,1047.8034550171567,1052.3135314477224,1033.6145864086025,1049.440636333264,-4.969911946952565,803.0406430011211,-412.94894339663887,125.074957031056,158.55694186468665
49.395,-2.0705616265586624,-1.1849856293325742,0.083115220354195,0.0207295437038423,0.0344375896483256,0.0246722177685944,0.0031795825082957,0.000740490898059,0.0349615054261871,0.9993831073919736,0.0030577686486328,0.0268076373515243,8.937945444195673,-0.0068335723084102,0.021040730002423,-0.7227123567372739,9.128662795649442,3.7440788236681466,1.8795866470338929,1047.9420426565002,1053.8001501948436,1032.9549609232074,1049.8496920106593,90.86025652259094,420.78745325794733,-127.65818615560256,214.33925047402172,158.5560053166008
49.3975,-2.552737585106354,-1.6693949451265804,0.2402614437007899,0.0140418227674087,0.0306477366425951,0.0251188910182906,0.0031757694028362,0.0007566845429434,0.0350016857433316,0.9993817174636048,0.0056123745949093,0.0253114083815519,8.944427956172278,-0.0068498498748444,0.0211208585074607,-0.7248577220480313,9.128633619068498,3.7441450841591175,1.8777685156667796,1048.25775629977,1054.4174687140132,1032.976295477824,1050.5123325856348,134.25236387759855,84.29441649107893,131.13860114574993,306.8737590475911,158.55518920597544
49.4,-2.870482797549477,-2.0732762843136627,0.3880746720504869,0.0042270587758042,0.024373881413699,0.0260650737449061,0.0031620553449478,0.0007714754438936,0.0350321969419475,0.999380693685458,0.0081675143166679,0.0231591737045418,8.950407364164239,-0.0068527911716031,0.0212035590633963,-0.7269647518868173,9.128600379206377,3.744211670026864,1.8759425304555295,1048.6133044758876,1054.2216222772984,1033.6106539289356,1051.3840608058958,125.2569933156606,-271.53153423632574,391.53168715186416,395.7982785597573,158.5544743276386
49.4025,-2.912608070422327,-2.3283064928990926,0.5019737761984315,-0.00682382334206,0.0166872040199965,0.0274674908757361,0.0031366828054375,0.0007869223155884,0.0350585204718652,0.999379845942104,0.0106395201558253,0.0203642462787939,8.955783293524334,-0.0068343399251218,0.0212888960521274,-0.7290329963811892,9.128564407376814,3.7442781121163775,1.8741092790727285,1048.8840412663487,1053.0598110428307,1034.9339539135844,1052.4913239784344,72.892160078899,-698.1278465580156,698.5533845851088,531.7259031219245,158.55388180082952
49.405,-2.6187701028358106,-2.437642379905359,0.5756963821753915,-0.0185236826785568,0.0077607290880562,0.029736154583182,0.0031038817703269,0.0008039418224147,0.0350854262225673,0.9993789919002284,0.0129613310403478,0.0170542842358594,8.96046403261337,-0.0067899794555042,0.0213688865054673,-0.7310641824936712,9.128527825191066,3.7443442567767935,1.8722709444517815,1048.9777652762823,1050.7309830445067,1037.103420851863,1054.0426903215068,-14.059666069682915,-965.2650413496896,843.3325229819214,592.7827253236435,158.5533108439763
49.4075,-2.1188759618192914,-2.3758654980839866,0.5738695464516673,-0.0261433498641538,0.0010587357909826,0.0320677871553502,0.0030667756695614,0.0008205389275157,0.0351165672258846,0.9993779957939112,0.0151120172310232,0.0133419071349119,8.964371198471605,-0.0067212648211281,0.0214378205327911,-0.7330620302967131,9.12849229881176,3.744409814732796,1.8704295168533756,1048.8137429360004,1048.2334858360869,1039.1506165284902,1055.45523760505,-114.98635286364816,-1052.2233642714655,800.2828285796567,566.2152047275699,158.55294952805255
49.41,-1.4341012031921367,-2.19097645947119,0.5065546457722568,-0.0312355104731818,-0.0049109922404359,0.0345700570380739,0.0030249089276398,0.0008318536899558,0.0351541201730693,0.9993767876905452,0.0171171023219474,0.0092787777850056,8.96744351328986,-0.0066356871657947,0.0214958338342077,-0.7350320186739477,9.128459139979986,3.744475221287335,1.8685852811063528,1048.4028335119635,1045.4698662231467,1041.1048349947632,1056.873766345146,-223.0966809650677,-1208.341835493293,765.0991822867305,590.9747473330459,158.55270302636498
49.4125,-0.5208790207231677,-1.8838070098526432,0.3731656849008393,-0.0339602024489648,-0.0108167834674876,0.0370314982374822,0.002983220410604,0.0008323017874382,0.0351987063838468,0.9993753367268235,0.0190186740263948,0.0050161075150333,8.969639005958062,-0.006543796936129,0.0215355769990716,-0.7369814924541037,9.128429797881914,3.7445408672586247,1.8667392040106163,1047.6982595311745,1042.1917766586173,1042.9761124399258,1058.4101113417169,-276.5000055298301,-1154.568904287184,569.1614267440574,509.68689496563434,158.55253457615584
49.415,0.2212433546391695,-1.6025933136886907,0.2506845517162709,-0.0330392677328384,-0.0141805479584677,0.0378353691537905,0.0029492494796678,0.0008216962876524,0.0352480310510709,0.9993737027226984,0.0207664896153651,0.0007569604909692,8.970938140150537,-0.0064496614472173,0.0215458778306914,-0.7389192118201416,9.128404219356678,3.7446072757304023,1.864892691021472,1047.0203334843159,1039.697021701716,1043.9506421284807,1059.422200819972,-265.93716036868534,-915.4546720175722,250.45744809409288,322.2154578002744,158.5524964943692
49.4175,0.8425264403025556,-1.343342802041212,0.1639670135519877,-0.0292014044760549,-0.0160506501748248,0.0371062581489216,0.0029257874626193,0.0008042802864736,0.0353005299603477,0.9993719304568934,0.0222331670608961,-0.0033778765865992,8.971346236413217,-0.0063511213496295,0.0215227089635924,-0.7408544547982284,9.128380417526307,3.7446739513852574,1.863044972275484,1046.3685737293304,1037.614503298527,1044.2283996803967,1060.021188630719,-253.01686233716072,-803.3076738698564,-22.53032630727587,146.83158635304372,158.5525602306409
49.42,1.3717616096730425,-1.0878795769376,0.1440985767044886,-0.0225839034268617,-0.0176505277504222,0.0355763549183943,0.0029094127997442,0.0007831673923221,0.0353543615460307,0.9993700924799408,0.023314911521574,-0.0073812641049168,8.970893919123313,-0.0062475407113008,0.021471774196082,-0.7427962724113416,9.128357505721816,3.744739939907968,1.8611949145187128,1045.7552491726294,1035.6804833323647,1043.8379904969445,1060.1563587517376,-179.98523435051538,-613.9425858556151,-230.99064466762772,-54.40968689695583,158.55274963771743
49.4225,1.6143271530480263,-0.921084285717626,0.208965724817136,-0.0166828006399396,-0.0191656340339782,0.0345270990704257,0.002901457339173,0.0007618114740185,0.0354043831962916,0.999368363298175,0.0239137248134419,-0.011163400523092,8.969635765479712,-0.0061381652811024,0.0213921632712256,-0.7447534762235578,9.128335819792502,3.744805000373112,1.8593432521486204,1045.4686475575786,1034.5447903692518,1043.0734464570598,1059.7491401962343,-55.06472391495574,-363.01029173159424,-343.30258147788925,-267.0637662163242,158.55299826496855
49.425,1.6727275074688028,-0.7812717095906916,0.3458638596981777,-0.0114970071873772,-0.0209861639206982,0.0340901656271241,0.0029029147652801,0.0007436685177238,0.0354463511761229,0.999366887133384,0.0239415541990566,-0.014644734494889,8.967649243061203,-0.0060220391079045,0.0212838295071994,-0.7467339517513156,9.128315184848852,3.744868633978703,1.8574897255873304,1045.4799255530545,1033.8654318737058,1042.121477589554,1058.8210399206553,57.79923874862787,-204.17149974271996,-370.15938453413753,-446.0981355375216,158.55333738355992
49.4275,1.618070370736705,-0.6409125451261611,0.5168027433461078,-0.0073373364311645,-0.0229824277489017,0.0343884716425346,0.0029130937465781,0.0007245378101017,0.0354782203711866,0.9993657396742112,0.0234573587659485,-0.0177860605948091,8.965032052102508,-0.0059092161028005,0.0211498732773359,-0.7487440303152871,9.128296133256264,3.7449307500358393,1.85563306138879,1045.757643751322,1033.5239328705377,1041.2226495343882,1057.5186495185455,174.00668283946652,-64.95187386882658,-306.2715016358709,-589.2760894978339,158.55374890418685
49.43,1.4861058699081924,-0.4729040716547215,0.6839504147098078,-0.0044346224855933,-0.0249731412221054,0.0356572373964177,0.0029286263406389,0.0007013740723677,0.0355014082252547,0.9993648820586696,0.0225086187101913,-0.020601441197193,8.96189911103941,-0.0058074428853851,0.0209974266891077,-0.7507882107320369,9.128278554238786,3.7449923145117383,1.8537713778661395,1046.349958967251,1033.540672504362,1040.590120081376,1055.8746594731688,325.7801671027362,76.84603288740325,-187.67878793145832,-769.5317717204643,158.55424473916167
49.4325,1.3076516956031878,-0.2144610831641369,0.8143940283428399,-0.0017303177212358,-0.0268687065273756,0.0383002479518121,0.0029453723126044,0.0006719493986995,0.0355186416268766,0.999364232981458,0.0211384840435758,-0.0231245872759295,8.958378557917055,-0.0057226952156137,0.0208347008891206,-0.7528690793128636,9.128261548511329,3.745053681525473,1.8519040200736487,1047.3865445868364,1033.908163034975,1040.2842555947304,1053.6709906599415,425.3372495318315,181.08157422334276,-34.533485734510194,-822.2181948105914,158.5549337629661
49.435,1.1795176723748153,0.056318696580215,0.8182239790259382,8.818360282947886e-05,-0.0277831565860268,0.0414924630725267,0.0029621433024753,0.0006345011901638,0.0355327439328178,0.999363700265417,0.0193941430601332,-0.0253425678563445,8.954607375766914,-0.0056598580077922,0.0206653440937928,-0.7549874728742874,9.128244362794913,3.745114302724604,1.850030783179404,1048.4766452149113,1034.4460803754791,1040.4174526527036,1051.7635684991135,468.09410609682175,246.83418827034697,116.55439983289084,-749.5536037417874,158.55558424690943
49.4375,1.098421966326581,0.3821173924674527,0.6717520455465151,0.0014771773058971,-0.0278374015320468,0.045562577097539,0.0029774996095562,0.0005947908519844,0.0355487253527966,0.9993631095646788,0.0171979624149238,-0.0272488569715641,8.950727294871117,-0.0056117981596884,0.0204928399945743,-0.7571425225336572,9.128225893360323,3.745173992494248,1.8481509758169168,1049.7270151173184,1035.1423339763255,1040.8670275938944,1049.923222641236,564.6522602375304,322.84156134385086,236.0674098285345,-762.6494380512783,158.5563120902007
49.44,1.0590483913592188,0.8199687357005649,0.3116999393432082,0.0031798616533014,-0.0269484316423788,0.0504908096079846,0.0029936646491839,0.0005644176862852,0.0355689830156847,0.9993623636291628,0.0143799066756761,-0.02877418827209,8.946880190150566,-0.0055623568218222,0.0203145442253467,-0.7593319410407208,9.128205558546624,3.745233400568196,1.846263662364068,1051.2999065160964,1036.0602881821967,1041.5977897018452,1047.9503213088608,569.6176193446987,337.8519956887066,273.2091204190477,-662.2738354986518,158.55727358280487
49.4425,1.059830799796471,1.2026722501687137,-0.1128410129354319,0.0049525434454826,-0.0253980681375747,0.0533101528169741,0.0030133673935915,0.0005476767728243,0.0355944194668716,0.9993614199846748,0.0109099848302851,-0.0298514502969039,8.943203902098393,-0.0055062630123573,0.0201271187274925,-0.7615519825956766,9.128184210221447,3.7452932629739215,1.8443681632522928,1052.575103214043,1036.83159395477,1042.2330731959903,1046.6118534637408,479.2761381780842,301.189769511148,235.68425288309973,-448.9202377982088,158.55814774894068
49.445,1.0622553698198127,1.5661663894040667,-0.5866332040633998,0.0073933445847526,-0.0224588966534452,0.05305300261045,0.0030345795318756,0.000539968911068,0.0356228144060217,0.999360363385528,0.0069223331419732,-0.0305106252949262,8.9398289844973,-0.0054517406534535,0.019934706218446,-0.7637975911873744,9.128162947865768,3.745353902348384,1.8424634532344368,1053.696287206988,1037.5662370297534,1042.7762109662613,1045.7057201198686,435.5099387098885,314.73857056572774,206.4530877920392,-278.9686318359863,158.55909763679213
49.4475,1.0199166639179067,1.9239798758077808,-1.0868562834597024,0.0112436494544097,-0.0167531565954164,0.0485224746480769,0.0030588832105771,0.0005333708051971,0.0356517237808573,0.9993592763052208,0.0026198385471193,-0.030725580540216,8.936875872923693,-0.0054125962844461,0.0197361140950627,-0.7660632865892887,9.128142571504792,3.745415646929527,1.8405501170776624,1054.7526529075908,1038.4052868075971,1043.2653386349496,1045.2170103045623,329.990024646408,305.98119370145275,155.34803530314332,-71.82952458170766,158.56032583282604
49.45,0.917113373522593,2.11725742074988,-1.3636654203385419,0.0148147773253544,-0.0104746467143762,0.042430028208799,0.0030856382849647,0.0005232087257771,0.0356824960186084,0.9993581111402042,-0.001848081262187,-0.0305139733476037,8.934452856220128,-0.0053976553633536,0.0195335672905928,-0.7683435010547968,9.128123718025064,3.7454781968021673,1.8386293628797528,1055.346237330221,1039.0961429982615,1043.5529511427771,1045.3465724969599,176.97765326979646,283.11103783370595,103.12820429430028,161.77818915203625,158.56142399521738
49.4525,0.7253009918837707,2.1717612855184916,-1.437844460420922,0.0181217217671908,-0.0036695523159413,0.0361001289220673,0.0031148092506133,0.0005062732943924,0.0357187118633889,0.999356739687622,-0.0063526638306732,-0.0298875747976347,8.932654404869739,-0.0054134996857695,0.0193286586668387,-0.7706330367900073,9.128106305021284,3.7455407825499343,1.8367017737834443,1055.6375411739402,1039.8208419967664,1043.780979656421,1046.0259012503227,71.82666077021334,299.69498086056745,93.3910857703662,353.213726132438,158.56260133439713
49.455,0.4618289351423544,2.108448395963366,-1.3398896557631628,0.0209358011355673,0.0028347174316135,0.0304435728595162,0.0031443172590308,0.000481012723019,0.03576337971053,0.9993550612906628,-0.0107919698395885,-0.0288992290597535,8.93156023236776,-0.0054638986380199,0.019126474162068,-0.7729271894823841,9.128090411792943,3.745601942624788,1.8347684754881557,1055.7053706340716,1040.5946179025627,1044.0199065716288,1047.1126411276205,-16.594361753496436,320.4408846480144,109.88670769951403,512.4618503221989,158.56384574457425
49.4575,0.1354135590519243,1.9228876328030815,-1.0696925335049559,0.0230087647617486,0.008401126128505,0.0259095501474073,0.0031737649880642,0.0004488171885495,0.0358186160409912,0.9993530019351748,-0.0151127599946121,-0.0275752918408949,8.931234661492443,-0.0055477804129212,0.0189297210579117,-0.775221980498419,9.1280757731587,3.745660580025856,1.8328309650366856,1055.5545693651727,1041.4230464200073,1044.3304131949192,1048.5882105019352,-104.34937334793293,368.6974963019044,160.71553102766265,706.748605835312,158.56517288135007
49.46,-0.271980053945598,1.60457851999568,-0.6298633436622441,0.0238460864539278,0.0133560680926451,0.0224390530614889,0.0032014221966191,0.0004150344625083,0.035884908850426,0.999350548120538,-0.0193320869082109,-0.0259684536360885,8.931726485647465,-0.0056572546316262,0.0187430559059347,-0.7775139427963954,9.12806198330658,3.7457164705358776,1.8308897168216247,1055.1836237673317,1042.4381053840734,1044.8234842267675,1050.6463841567988,-161.05008519212885,367.7729322632947,200.99576390980565,778.6118073355998,158.5668636400946
49.4625,-0.5669790469603929,1.2977237480119723,-0.2458736649271107,0.0224110843615077,0.0160803479936214,0.0222127196290839,0.0032244330748558,0.0003821509865748,0.0359560476649124,0.999347929894791,-0.0234170838538148,-0.0241581548053755,8.93306953126139,-0.0057882301058975,0.0185727652577115,-0.779799807316562,9.128047923316768,3.7457704029101113,1.8289434759780476,1054.7493189392128,1043.261911081322,1045.3353920144673,1052.4812695386097,-195.00639115498444,319.4423801560063,221.31228004730065,734.0394525582607,158.5683564150959
49.465,-0.7439793003814298,0.9857489946972992,0.062487802807204,0.0185052717086226,0.0177727870338417,0.0249433865482398,0.0032440128747752,0.0003528604983966,0.0360248475512069,0.9993453999174612,-0.027338422825309,-0.0221549322220993,8.935282877621292,-0.005935683754181,0.0184182633122914,-0.7820765471818675,9.128033078524291,3.745823779193956,1.8269904293412185,1054.2085918115563,1044.0353172848543,1045.9300456270043,1054.316581419592,-258.8478956833154,331.39342050946067,272.28031499407444,786.950285890823,158.56993867696718
49.4675,-0.7659807879994531,0.6310612834131774,0.276123425663557,0.0128681131810634,0.0191579198475995,0.0291978036876911,0.0032601159194007,0.0003297556145578,0.0360875447699999,0.9993430932237274,-0.0310700499246115,-0.0199944794438741,8.938371662698582,-0.0060937166988703,0.018280281751045,-0.7843412026280356,9.12801697908315,3.7458773345538505,1.8250294043211484,1053.4550794607956,1044.9188781838702,1046.6967935894384,1056.4160209680658,-290.21517714167214,323.93419996699225,282.80251666017904,743.3662510621555,158.5719438985612
49.47,-0.622901369151079,0.3581208810164169,0.3161209340982125,0.0091153617041601,0.019944614387813,0.031604310235587,0.0032684344566466,0.0003144284845741,0.0361431488906401,0.9993410591649898,-0.0345765593707376,-0.0177906986088562,8.942328109995103,-0.0062569431571766,0.0181656697067005,-0.7865909989862797,9.127999885176065,3.7459312559990257,1.8230609092152263,1052.7575159258492,1045.6549882846875,1047.344058210304,1058.0334126748994,-286.52434851081927,306.0174205559887,251.73329188929384,614.0957039298925,158.5737059413781
49.4725,-0.3504712254834414,0.1061708606927473,0.2441653950807061,0.0070793176427869,0.0203532779262036,0.032397067112489,0.0032685907911921,0.0003099569728284,0.0361891732219702,0.9993393886813564,-0.0378535628198323,-0.0155869842240558,8.947131907613139,-0.0064173627635355,0.0180744688190724,-0.788823959975498,9.127981213315534,3.745986036759122,1.8210868059813243,1052.0224577182407,1046.4489652866507,1047.9554600488855,1059.4864994877169,-320.09754774168863,373.74492243642607,250.58130105290644,599.3644678400532,158.5755646065336
49.475,0.0504857445311708,-0.1804881284641337,0.0841220751434112,0.0067812637505633,0.0204012048738159,0.0322892991245373,0.0032636677276731,0.000318499707064,0.0362255977546214,0.9993380736999175,-0.0408860608186986,-0.0133646880500983,8.952751248904303,-0.0065681029722671,0.0180008914323091,-0.7910389858826014,9.127959742417646,3.7460412395766216,1.819108473651116,1051.15702818714,1047.5237128968708,1048.5969647155691,1061.0302350141012,-304.27509009478325,416.32102768359465,212.56750489006896,532.5425178328101,158.57790746303525
49.4775,0.3857394757872766,-0.4124371885055634,-0.0725930952374077,0.0084561170817071,0.0200332480590478,0.0317741304483346,0.0032552761294239,0.0003395653110781,0.0362583220110004,0.9993368978819552,-0.0436211895256664,-0.0111310799566384,8.959144083033273,-0.0067060343649867,0.0179413554502877,-0.7932355665441068,9.12793524012285,3.746096061636945,1.8171262210477488,1050.501082267768,1048.530570425067,1049.0182975733348,1062.1492120768785,-237.62830053453064,416.2398414722392,135.72392166499745,414.1968202037488,158.57995278376424
49.48,0.6611067211494667,-0.6407240141360937,-0.2170785138049408,0.0116135348022546,0.0191485390081479,0.0310587803779148,0.003243141251648,0.0003712680748409,0.0362926606805637,0.9993356731241892,-0.0459910155319489,-0.0089259204804663,8.966258759338677,-0.0068304348989413,0.0178950972321695,-0.7954135628463356,9.127908809250755,3.7461509991010074,1.815140775863055,1049.9688866844667,1049.604912104233,1049.2755843238947,1063.101219115121,-187.15944856116468,424.04954853442314,67.89478353181204,356.1926097865122,158.58209206722398
49.4825,0.8600324768075293,-0.8642113321596411,-0.3300769114090175,0.0151767505806445,0.0177676348582701,0.0301773585571624,0.0032347579145737,0.0004107762762168,0.0363296334362811,0.999334340804446,-0.0479141661909407,-0.0066481667454711,8.974033815387523,-0.0069433135975668,0.0178487977498377,-0.797573236657955,9.127881586151892,3.7462071158605306,1.8131534918324568,1049.565285024962,1050.6508181677402,1049.357771490994,1063.930175125812,-129.98242611122802,383.32569369930144,-19.006117286079647,307.9393298774975,158.58430620947408
49.485,0.961829858126015,-1.0738038425221623,-0.3839681395763636,0.0183943318868358,0.0157634925054622,0.0289691870414759,0.0032390046548866,0.0004496224352118,0.0363677628012555,0.9993329288902736,-0.0492154076750863,-0.004172774696612,8.982398938149016,-0.0070566269587305,0.0177870554597083,-0.7997145026769754,9.127854331679652,3.7462648322887593,1.8111643874947063,1049.3189745539112,1051.5215405727279,1049.1805537374644,1064.640915764507,-78.23803506108197,306.6877215420186,-147.3528221789976,292.0615940409204,158.58660546821676
49.4875,0.9916700767679942,-1.291944304708729,-0.3589445134611904,0.0216229143918549,0.0124366226057477,0.0269732899331643,0.0032545935548165,0.000479606030979,0.036403018778098,0.9993315876753291,-0.049738337434716,-0.0015543474258202,8.991275000320067,-0.0071822556384746,0.0177107551235671,-0.8018361063995406,9.127827522825225,3.7463241011862847,1.809170760928675,1049.1740948496563,1052.184256775451,1048.6210073800987,1065.3904830960173,-35.43878178846177,160.46197816814103,-264.7892814757607,257.986825854873,158.58945446492052
49.49,0.963862579974141,-1.4305830418009815,-0.2555783899356572,0.0238935797373374,0.0088120214611172,0.024867434659379,0.0032762521082803,0.0004971189617433,0.0364327334785825,0.9993304291803632,-0.0494186253968873,0.0010861843109765,9.000572971011463,-0.0073251352798801,0.0176274040993506,-0.8039356071806099,9.127800608031794,3.746384442667904,1.807170166014292,1049.1417806449688,1052.3238504635688,1047.856607330085,1065.930849893782,-3.5812546987049982,-37.90812045452904,-360.75137023532153,190.94958854915689,158.59189598633137
49.4925,0.9125272857274462,-1.5090465575135998,-0.0750615116735898,0.0257866819528451,0.004582108711735,0.0227161473341475,0.0032977333927316,0.0005010058255103,0.036459977556696,0.9993293593932469,-0.0482433326483913,0.0036140197580983,9.010193785219373,-0.0074864932657999,0.0175467525350574,-0.8060094975505683,9.127773980428536,3.7464441973080023,1.8051621925100576,1049.1561885761628,1051.9947161731786,1046.8172505289235,1066.3452310387622,9.870586094479629,-242.954864745628,-500.01684468185766,134.57348146405303,158.59439717784866
49.495,0.8555491752312662,-1.5274090683402184,0.1881155434698674,0.0277601548229273,-0.0005874988334077,0.021387509216772,0.0033146713629478,0.0004949478010318,0.0364927765654489,0.9993280953667926,-0.046291889963673,0.0059327119551596,9.020027935729805,-0.0076600459889858,0.0174760856238145,-0.8080536183001911,9.127748577140078,3.7465017341149296,1.803146579679308,1049.1911335754412,1051.1090761398402,1045.3565231066743,1066.6037173011027,13.595725698626076,-387.6682601777538,-548.4258522365432,37.61950129931287,158.59745523045035
49.4975,0.8294793151291548,-1.4848092975589973,0.3938406883750453,0.0292588694678722,-0.0046966881240041,0.0224991824550807,0.0033277872939497,0.000482544801205,0.0365393887673038,0.9993263303976898,-0.0436457687582071,0.0080378475100364,9.029956300577233,-0.0078400715971742,0.017415016584907,-0.8100635479584856,9.127725079149647,3.7465572613768696,1.8011233635071149,1049.224167204656,1050.0563748722889,1044.0751212677396,1066.5333285452589,14.827567339002442,-454.3758562426359,-493.1979675817667,-107.60214683596824,158.60004180274703
49.5,0.8384360446387221,-1.3982923823623257,0.5162472744018222,0.030693713957194,-0.0082385430019585,0.0257687812510042,0.0033444755715315,0.0004660287776668,0.0366069085393374,0.999323779950505,-0.0403644665282454,0.0100447403368406,9.039851176168787,-0.0080233701366081,0.0173525635091533,-0.8120350210873731,9.1277043054482,3.746612070321172,1.7990923416950764,1049.265271412136,1048.837196858629,1042.8905332687675,1066.0657065669232,23.76527226181112,-532.4704263141325,-460.3540622675704,-313.0730159899149,158.602657339139
49.5025,0.8932758914536024,-1.2688186592109831,0.5137535823071209,0.0324020600746305,-0.0112392836214319,0.0299766749882083,0.0033712452436881,0.0004455516672492,0.0366968467666738,0.9993203677036682,-0.0364781720623996,0.0120512853266497,9.049578779639418,-0.0082097911454945,0.0172790573478275,-0.813964068598037,9.127685718338688,3.746666597769913,1.7970536202145804,1049.342993565965,1047.3940227407206,1041.7733509564039,1064.9679634653107,37.1999614593088,-496.29810467096905,-335.1432084027342,-494.1695985325823,158.60581711903964
49.505,0.970036221385248,-1.1538187072544412,0.3795383540805155,0.0340285048395811,-0.0128738226168534,0.0326467974449184,0.0034070345365356,0.0004247677267214,0.0368038073670832,0.9993162905210772,-0.0320939384888948,0.0140205791414757,9.05900193282916,-0.0083924135521433,0.0171965862242152,-0.8158473177537792,9.12766785724453,3.746720832279188,1.7950079112988333,1049.4512712194328,1046.3557063352728,1041.2148172267532,1063.5948585742592,58.36910681788792,-352.9308438843159,-127.38083896749988,-634.5902819747089,158.60845889133074
49.5075,1.062057755696313,-1.0322476465529447,0.1311356856072237,0.0359918185209597,-0.014728227874713,0.0340566866494096,0.0034539455853676,0.000410242635382,0.0369214344841524,0.9993117699910776,-0.0273787533317544,0.0159753219748926,9.06798235671266,-0.008558573416983,0.0171016544864409,-0.8176827343583984,9.127649092355016,3.7467745032784014,1.7929563860079103,1049.6348391000545,1045.629368521298,1041.136446761566,1061.7950120554356,91.68497582908611,-225.2256540675946,53.33655126123934,-775.0230912208962,158.61109889614227
49.51,1.1474497981164156,-0.8929164868482626,-0.1791522619736466,0.038150019201217,-0.0173080874153878,0.0343413633889296,0.0035146410090736,0.0004035211482631,0.0370426584064665,0.999307055240642,-0.0224182122900501,0.0179460780469313,9.07638527606071,-0.0087025961163368,0.0169898053915909,-0.8194696620860384,9.12762846440823,3.746827618173856,1.7908990631456292,1049.9096960985776,1045.229578064936,1041.4814999830592,1059.7197431181582,140.5304852771414,-74.81134034311064,235.0078311359701,-870.1214633572457,158.61372943635067
49.5125,1.1944236274014903,-0.7138500366849049,-0.5158147561156418,0.0406446653634316,-0.0203326186826034,0.033473436087696,0.0035860564476632,0.0004004051758232,0.03716446007496,0.9993022648779316,-0.0172072683741122,0.019857413164905,9.084084049778,-0.0088266571737552,0.0168660008120112,-0.8212087980558777,9.12760516848925,3.746880002192044,1.788835846706294,1050.3374915264403,1045.2553118195824,1042.3114859172465,1057.444404738647,234.74079892036383,105.64975529076997,457.0459820181831,-1007.674644403126,158.6163390586392
49.515,1.1599015489167672,-0.4441308176599911,-0.8856244063083815,0.0442542202648456,-0.0236068722533799,0.0313921533473691,0.003666676098832,0.0004023685446965,0.0372814631146777,0.9992975978840304,-0.0118525570963808,0.0216675247373581,9.090962842287174,-0.0089231061927937,0.0167318869730541,-0.8229028475133859,9.127578422726147,3.746932588653321,1.7867681049498831,1051.0834000931802,1045.75782684139,1043.7667298931513,1054.68136989614,317.7880251469722,251.69764865345468,586.3385264970806,-988.1901862948217,158.61943487556957
49.5175,1.0206160833038929,-0.1845646392403395,-1.1185616870632575,0.0478410360197028,-0.0253690074674131,0.0287294150746174,0.0037568513817856,0.0004101568825062,0.0373912492056949,0.9992931408445044,-0.0064551228167552,0.0233708475397545,9.096921320873404,-0.0089851576461957,0.0165857276693847,-0.8245565272887099,9.127547552097177,3.746986231216828,1.7846975303032688,1051.926431652174,1046.5138000628483,1045.2431785497292,1052.5034538071775,383.24547027590086,350.458374209259,608.6447384257168,-811.223530531191,158.62197718861975
49.52,0.7348492598343607,0.0786793497129874,-1.2207511511414633,0.0517319668239988,-0.0254378049715324,0.0248427248485939,0.0038556964409939,0.000422388567396,0.0374970969013348,0.9992887761991628,-0.0010852733356447,0.0249412854160599,9.101879020494179,-0.0090094569746829,0.0164277631297478,-0.826176349237499,9.127512279630775,3.747040661295032,1.7826255136265117,1052.9996274445607,1047.5101187124371,1046.8099535852812,1050.625252243482,515.246681805602,459.965888833259,663.2780673542374,-725.3054795962198,158.62447207162273
49.5225,0.2151886473922485,0.3514068104567849,-1.1460962351581756,0.0559743989213275,-0.0234097267980037,0.0187240158315582,0.0039585472395334,0.0004434929291417,0.0376004810255706,0.9992844677074092,0.0040731617800673,0.0262916015653331,9.105778962472638,-0.0089837424587671,0.0162639743518312,-0.8277703996781721,9.127472239264979,3.7470952727033295,1.7805524435759017,1054.5026650612033,1048.813629507016,1048.559568886502,1048.8769264091943,573.3290768854871,468.26605588427645,588.3312059279327,-541.7349859209405,158.6274022513348
49.525,-0.3410242901319679,0.5166058442567016,-0.9092759679968349,0.0582770827436099,-0.0204002799174521,0.0130218570367959,0.0040643309117409,0.0004785558020536,0.0376980460107134,0.9992803477453605,0.0088243328903544,0.02740465664791,9.10858971362296,-0.0088965436314125,0.0160943047541524,-0.8293480432948345,9.12742841047932,3.747149536320568,1.7784794768175285,1055.8662728289855,1049.8514489918566,1049.7516096149184,1047.9165773138795,547.740980010296,374.3940663085044,394.7392085399569,-274.9083197290887,158.6297851864235
49.5275,-0.9567727073142284,0.6126878325810916,-0.5245516314839913,0.0575952431164836,-0.0173837478962037,0.0087716990009755,0.004169053569185,0.0005211539191538,0.0377853561875986,0.9992766060473695,0.0131813948607383,0.0282072306341239,9.110307953192816,-0.0087574412441886,0.0159242879858695,-0.830918930830488,9.127383686345889,3.747203087602254,1.7764072562739828,1057.241369961256,1050.6855998385595,1050.5332649292027,1047.5023848105484,583.6131140108334,296.23033553910625,237.53113072154187,-64.03180049598085,158.63210081306931
49.53,-1.6513654184249376,0.6804014038222609,0.0095047618684448,0.0517742686759291,-0.0157027254242133,0.0082074596658283,0.004264268369726,0.0005597637604726,0.0378543398813483,0.9992735889110652,0.0172527580848628,0.0285468757596062,9.110958990567942,-0.0085869326479456,0.0157671648671783,-0.8324924292151462,9.127341485744875,3.7472562153715927,1.7743354240238076,1058.7843383990412,1051.332600669553,1050.9392652685267,1047.5964183113997,534.2277310978118,173.4540910435712,65.75907297657592,118.49377752325243,158.63479548491105
49.5325,-2.1167557497610185,0.7312814034680688,0.4261577233818529,0.0436814520054608,-0.0159137365465382,0.0115517610844009,0.0043488598911932,0.0005898769501958,0.0378988767724413,0.999271532734558,0.021033869272077,0.0284151024891493,9.110594793641432,-0.0083967644330066,0.0156235733865569,-0.8340775506539049,9.127303374068795,3.747309683714192,1.7722623216028355,1059.9125086167428,1051.5528702937763,1050.8620602940855,1048.094853698164,409.9913760510111,32.150542495157346,-96.65077884846654,263.06654132345284,158.63696691541583
49.535,-2.418328648673244,0.8000555073943533,0.7329747448182019,0.035264468518441,-0.0159420268493069,0.0163410664157818,0.0044251007040012,0.0006094427846891,0.0379214860153812,0.9992703326650711,0.0244915057461088,0.0278722510982789,9.109293270262846,-0.0081964986005361,0.015488374751636,-0.8356822197552143,9.12727023837847,3.7473639491422697,1.7701851270065907,1060.8342952792973,1051.4933533820288,1050.456011374284,1048.9117510180176,358.1292714921788,-64.7282404915255,-219.6079938079733,405.50631155171857,158.63905692716395
49.5375,-2.606317978393296,0.8919076527293204,0.945938193692492,0.0271579224872226,-0.0141469341729537,0.0210716469911786,0.0044982069455726,0.0006153284777894,0.03792798461257,0.9992697512516164,0.0276306029941381,0.0270367743936779,9.107156004359535,-0.00799894252535,0.0153514879677142,-0.8373129792966972,9.127242363041411,3.7474192908618567,1.7681030470883248,1061.7031549742046,1051.2292290913188,1049.764020325045,1050.1223852559235,283.9863735477902,-107.57782281699072,-259.2850825269664,467.160196536058,158.6414659810576
49.54,-2.6552762182933205,0.9512941786127372,1.0105681657589516,0.0220068208737283,-0.0109353410664488,0.0235079214680138,0.0045756428585715,0.0006029728993639,0.0379294572137917,0.9992693423763496,0.0305023207714291,0.0260718326051988,9.104305284276212,-0.0078199145427318,0.0151991269114591,-0.8389749937075824,9.127218882013869,3.7474754119786815,1.766016519539954,1062.2542271470347,1050.9554642679443,1049.1595859616505,1051.2475520006958,191.85682954752528,-100.9871195371881,-214.8840610958624,464.55559273871467,158.64338775942846
49.5425,-2.633458916820106,0.9674719863231795,0.9946111230602968,0.0174951266921127,-0.0066199670541335,0.0248469960738132,0.0046610092787751,0.0005780823605214,0.037941300009067,0.9992685029918638,0.0329881634072685,0.0250816605531955,9.100881812314466,-0.0076576126873516,0.0150233317642339,-0.8406721394774375,9.12719811654708,3.74753169697922,1.7639254908511597,1062.6624391219427,1050.7242934936323,1048.6896000195652,1052.4451632196185,143.23305493605352,-79.19703001849071,-145.26636534821435,488.05033798992145,158.64521683601393
49.545,-2.5658614613298467,0.9471778231156472,0.934054198331782,0.0125393871640647,-0.0026852346724539,0.0261677549650407,0.0047509574097184,0.0005451774729762,0.0379733832293103,0.9992668730590188,0.0350062640380376,0.024047656544522,9.097040718634922,-0.0075114152820286,0.0148278245561907,-0.8424067754075718,9.127179597521828,3.747587693935453,1.7618296187719675,1062.9703924217156,1050.5594791178517,1048.433254134909,1053.6878036906467,98.97508872431804,-54.74130427715385,-34.21198181470955,503.8380354800245,158.64696647809103
49.5475,-2.435982259170928,0.909289161090413,0.8315192273164782,0.0064506590520693,-0.0007145574116287,0.0281862166162903,0.0048368894903269,0.0005106156378882,0.0380263425087386,0.9992644664983356,0.0364569794385022,0.0228613311322315,9.092947025158423,-0.0073767161888586,0.0146250052917694,-0.8441799234041554,9.127162904079565,3.7476439893076647,1.7597286804316898,1063.1573145655639,1050.450586972247,1048.5185401104918,1054.9643533970163,48.56115891231883,-54.0779260468931,124.67219437801748,558.4131765408855,158.64861745442207
49.55,-2.1896967420509084,0.8890720820298095,0.6656609995603932,-0.001344619646365,-0.000185596125192,0.030888987485391,0.0049166573432432,0.0004840755550104,0.0380977218594301,0.9992613852660645,0.0372030567353383,0.0215368661299042,9.088769676685432,-0.0072426573826578,0.0144162868778131,-0.8459917192987244,9.127146778299682,3.7477014002532374,1.7576231620323515,1063.2131982162773,1050.289089487617,1049.0566151067994,1056.4798695733523,-14.696510179002628,-82.2083971511836,264.52255024933146,540.1710198773764,158.6504811147655
49.5525,-1.9035044444964089,0.9127505266812554,0.4986273697803477,-0.0073498115877952,0.0001803974558794,0.0327225348988151,0.0049911913306424,0.0004745912684827,0.0381809563027665,0.999257872246733,0.0371373380038584,0.0201457540137196,9.084677308902544,-0.007098499821378,0.0141980506534584,-0.8478413041381719,9.127129653147684,3.747760516565129,1.7555129560652083,1063.0838320146688,1050.039544986491,1049.8411528617391,1057.6652084964046,-98.19190605830788,-140.4195985807659,364.0578582699746,440.0064438848767,158.65193396112116
49.555,-1.5439614559848367,0.9724349022297658,0.3173210876761741,-0.012175431288204,0.0015709076527457,0.0338042333123024,0.0050508436918267,0.0004812239887328,0.0382663772594744,0.9992543368577866,0.0363399080218825,0.0185607459262967,9.08083503272346,-0.0069486030902675,0.0139856424890567,-0.8497263416498705,9.127112210190644,3.7478213984287447,1.7533972818956498,1062.7222386859862,1049.5869914947139,1050.8769043981476,1058.679901792775,-222.49179504003664,-250.88498372138824,479.7316708389464,389.2234008500792,158.65328055957517
49.5575,-1.059441030185777,1.0510626670713905,0.1071928002084825,-0.0161021873501776,0.004518099478914,0.0342411442525051,0.0050871055995229,0.000501384041525,0.0383469582533442,0.999251084933144,0.0349318427458828,0.0166724041225587,9.077399184933908,-0.0067991013527724,0.0137934747811436,-0.8516435681628738,9.127094916273544,3.747883401928596,1.7512761646947157,1061.971373039468,1048.785120067883,1052.239811215935,1059.611325500656,-330.8763837975347,-330.088379327812,493.2613200993479,287.75336114462164,158.6547718215608
49.56,-0.6411035586602674,1.0914154463245043,-0.0442940255637966,-0.0175708301297472,0.0077837260465467,0.0338843095023974,0.0050934380968289,0.0005299697990437,0.038420245812161,0.9992482427090382,0.0330879155985271,0.0144014846731801,9.074513429925007,-0.0066594574019961,0.0136339187118766,-0.8535889123580019,9.127077582548798,3.74794538442812,1.7491494831432588,1061.0678567669977,1047.936549598074,1053.3432109986456,1060.1186685984987,-413.4573460583064,-360.71678227695946,408.67623311347296,151.427190651158,158.65590985120133
49.5625,-0.2393418006267634,1.0751168004987683,-0.1553999748338795,-0.0175809392431033,0.0112407757820451,0.0329689201976937,0.0050657548749412,0.0005614148114813,0.0384883485500373,0.9992457519714156,0.0309961310212084,0.0117071830468641,9.072305456927813,-0.0065390879804386,0.0135164226159818,-0.8555576447739055,9.127060535300233,3.7480060386207295,1.7470173288307993,1059.9040863091784,1046.9815361565,1054.2831923815006,1060.368461453911,-552.1812382738991,-424.1766333611615,358.26578068504955,68.55947536934633,158.656938864878
49.565,0.2035036393340131,0.9714039784926138,-0.2352638479166954,-0.0168369886935656,0.0151776176361301,0.0317552106303153,0.0050067047957693,0.0005923254135158,0.0385517501092104,0.9992435832368908,0.0288092288317481,0.0086651696716571,9.070883732342455,-0.0064433875764822,0.0134398124013468,-0.8575446190703605,9.127043824574926,3.7480649490787847,1.7448796412189864,1058.3069505756307,1045.81566643127,1055.1345399020693,1060.4614659753452,-596.6387008307851,-417.3723024790572,261.58189416687753,17.852209370621456,158.65804800755055
49.5675,0.5366907212350023,0.8132068760388962,-0.2607444331391405,-0.0159140402179169,0.018014976748202,0.03092560847804,0.0049244622504953,0.0006189269727674,0.0386127540359113,0.9992416112616912,0.026686826606738,0.0054421844820157,9.070335212480446,-0.0063778766339108,0.0133942719075184,-0.8595442876506103,9.127027362144878,3.7481217706236736,1.742736059948126,1056.9208928050227,1044.8946746441038,1055.5911018523357,1060.4577225007642,-534.8290346907097,-343.647319458302,131.44332510448845,3.4298158775964755,158.65886833094484
49.57,0.8350445255430823,0.59125010171481,-0.2541926439699978,-0.0146845056954793,0.019968171062327,0.0303737074453013,0.0048296357837186,0.0006429490432119,0.0386754000187285,0.9992396305476858,0.0246833110943031,0.0022432314496034,9.070724039259124,-0.0063378795648722,0.0133659060569512,-0.8615508123271564,9.127010866025236,3.748175421818808,1.7405864445633132,1055.6328054021756,1044.0974298339777,1055.791756527592,1060.4786150547332,-477.23151264965713,-288.15451681574643,41.19984997554748,25.747631936815875,158.65958224659613
49.5725,1.1043601645334664,0.3308786208648116,-0.2302949421078801,-0.0129869004716853,0.0211186756853356,0.030014310816198,0.0047365744069982,0.0006672922432992,0.0387388658980264,0.9992376066338958,0.0228243296272859,-0.0006677631173505,9.072089917129613,-0.0063162377558695,0.0133342846675851,-0.8635581781812046,9.126993880235245,3.748225860806048,1.7384308806069824,1054.5347352417768,1043.4539020600264,1055.7971011022132,1060.5864606604482,-374.6318733335004,-208.25337743297757,-40.44192713347661,74.79472999708189,158.6602093923563
49.575,1.3308045536586657,0.0441496253372076,-0.1944564263400334,-0.0104655938993162,0.0215021808831136,0.0297917764062456,0.0046629237623903,0.0006905481888019,0.0388006255603522,0.9992355567094012,0.0212033025855795,-0.0029796363170593,9.074447300137486,-0.0063127021355471,0.0132731452281202,-0.8655602512744204,9.126975781393966,3.7482743688589792,1.7362695047740233,1053.759646035507,1043.0561629468123,1055.5895468919243,1060.8525887047188,-256.65690256992605,-104.35550830756372,-135.882587676882,159.6185846366645,158.660733704752
49.5775,1.5334358263955075,-0.3048768824700673,-0.1442020234439876,-0.0060186585725032,0.0212708133077844,0.029557421191729,0.0046166890891874,0.0007092325261263,0.0388612251177779,0.999233424254594,0.0199297507634201,-0.0045662365143775,9.077786259559838,-0.0063292528621748,0.0131723530641694,-0.8675505921924515,9.126956492596653,3.7483209663663537,1.734102975046966,1053.2514507289263,1042.9321245184883,1055.1176881638285,1061.384553583632,-120.38866354561868,20.50529617860821,-207.86914020905704,228.189695487734,158.6612460407652
49.58,1.62960423410968,-0.580655732085388,-0.0975799736148856,-0.0013863637653473,0.0204850444538395,0.0293224844212194,0.0046001972008808,0.0007184573738429,0.0389208087268537,0.9992311965719838,0.0191184133689717,-0.0054127743361126,9.082072396708089,-0.0063695235201824,0.0130308905149538,-0.8695226499739167,9.126936283973258,3.748366070403801,1.7319306982409015,1053.1577027177796,1043.1586894277052,1054.5502011908802,1061.9935371821564,13.95517357176882,161.49653315634092,-260.73293233435226,266.41791688302885,158.66157689578117
49.5825,1.6419555298361237,-0.8149309738422192,-0.0453243817137505,0.0034042939546989,0.0189013446835295,0.0290254180405933,0.0046105225968827,0.000722567752736,0.038979612579009,0.9992288740425704,0.01869560632499,-0.0055991122654703,9.087248004858887,-0.0064204692109026,0.012855345777148,-0.8714699994654389,9.126915131572595,3.7484111800620585,1.7297531268454491,1053.3212265967854,1043.7396071842704,1053.814023502156,1062.7166431680475,102.99746460413375,329.5281028080941,-358.03466486354284,321.6313888861524,158.66180926854219
49.585,1.5684856613964326,-1.014606399418844,0.0239522698264117,0.0087419180421138,0.0158141413537475,0.0286899849065463,0.0046377034482333,0.0007288282653189,0.0390375450381838,0.9992265005196616,0.0185120133484891,-0.0053349556331953,9.093233834180708,-0.0064632331257243,0.0126634943614414,-0.8733863067101166,9.12689246556825,3.748456252943343,1.7275703824185888,1053.6726900408007,1044.8063299417463,1052.7600278665616,1063.601694126588,134.46802422580228,438.67911244650594,-408.7973085840611,307.73162784140163,158.66197538845225
49.5875,1.4504941030218388,-1.0905956083150652,0.0844733692914573,0.012409048648745,0.0122167469210549,0.028567497936498,0.0046712074784857,0.0007382044737122,0.0390922679342289,0.9992242144140264,0.0185152131286161,-0.0048471761366288,9.099930993977503,-0.0064898998857369,0.0124737696045055,-0.8752654564805714,9.126867083975762,3.748501128872292,1.7253811847436695,1053.9935667179138,1045.9330027465007,1051.7700369592376,1064.2553013072531,118.6494459449325,474.8682201821183,-408.51104923537616,221.87149234007407,158.6620204842694
49.59,1.2990504443529982,-1.0581800135031563,0.1404749942659138,0.0148091192529995,0.0080544285716155,0.0286880791265051,0.0047071408320258,0.0007464154121562,0.0391434446002634,0.9992220474204052,0.0187373034769638,-0.0042460581862315,9.107223562856449,-0.0065024183276701,0.0122926778898979,-0.8771019087473576,9.126839570724014,3.7485455470765143,1.7231850955497963,1054.2659372705257,1047.1806710426583,1050.7174726203837,1064.711051588289,107.88269095823063,543.6979801534054,-461.67506918767714,134.91423329758084,158.66196915663517
49.5925,1.0994290766032564,-0.9052111485911642,0.1896714559037739,0.0165115540713169,0.0036961534160478,0.0292090848958753,0.0047444476500295,0.0007530521038819,0.0391888118370746,0.9992200915165476,0.0191286726166239,-0.0035854315055697,9.114982649522148,-0.0064969046864588,0.012120691372761,-0.8788910139621209,9.12681019165988,3.7485895100041566,1.7209822220180673,1054.5329801727053,1048.6514926472692,1049.461661613298,1064.9298724737416,98.80514242922692,514.2348665810589,-446.3491450430832,16.336173762298436,158.66179638787816
49.595,0.916942157632762,-0.711093043851393,0.2054806770776333,0.0177508956579302,0.001332872860535,0.030105180112389,0.0047856550986626,0.0007620160111739,0.03922439952909,0.9992184863305366,0.0195530571116805,-0.0028466110061071,9.123070504290249,-0.0064631665487483,0.0119508583823119,-0.8806293764176967,9.126778261658291,3.7486338462130178,1.7187726346095775,1054.7599629826711,1049.7518453755613,1048.4857268951703,1064.7927324571003,113.2424887115906,399.9474218779369,-360.3775712236687,-124.50410944805296,158.661560012025
49.5975,0.6942263861949338,-0.4956589585080654,0.1868454774396434,0.0197533427128527,0.0006495757118544,0.0313242915587018,0.0048333050006648,0.0007775396316796,0.0392500869841243,0.999217222075815,0.0198605710205857,-0.0020045825878822,9.131345327996316,-0.0063915632827642,0.0117754451130686,-0.8823150621648538,9.126744021169513,3.7486791117707616,1.716556705008293,1055.0991926162635,1050.65122975666,1047.6597737571788,1064.307351926501,171.3351905794785,324.91343630705813,-295.34073045045614,-247.39992133269047,158.66122816834107
49.6,0.412837027962507,-0.2971222871626691,0.1405846462722313,0.0225493732476279,0.0011729127961318,0.0323367005998184,0.0048872530588185,0.000803783318842,0.0392691256455298,0.9992161714234468,0.0198969040754175,-0.0010763805085026,9.139666380578273,-0.0062739001443289,0.0115908898732126,-0.8839478592059578,9.12670877334792,3.7487262729351327,1.7143354721818596,1055.6166389355692,1051.3764125570974,1047.0090232429172,1063.5557328504362,263.89933037586513,254.68041033118848,-208.86385466424952,-349.90091799650133,158.66081760692074
49.6025,0.0417043465397634,-0.1441266972986041,0.0722091446699832,0.0251561354656782,0.0020408125554472,0.0325492270504014,0.0049404534221174,0.0008432949661257,0.0392868490729203,0.99921516052829,0.0195325003746475,-0.0001987042260025,9.147899304839779,-0.0061061554105166,0.0114056583286763,-0.8855294075326701,9.12667364699468,3.748775693765933,1.7121101410830795,1056.4186892681416,1051.9246318083149,1046.6154544838585,1062.55784733652,420.52430619247696,214.30729266178733,-107.3863137432814,-465.9573030396931,158.66031281311425
49.605,-0.4967022186644788,-0.0178597246108087,-0.0160875514866873,0.0263514155337465,0.0025637387659375,0.032062683688294,0.0049876257861439,0.0008943746237085,0.0393084549213124,0.9992140161229714,0.0187211726035328,0.0005285021759883,9.155920234342878,-0.0058939178291499,0.0112254751719648,-0.8870634632865512,9.126640420286826,3.7488271948847527,1.7098821725633206,1057.7192604665327,1052.447949020407,1046.4720916742003,1061.2259463352364,520.7653059691958,180.67276692095072,2.121763647163613,-483.79842174379326,158.65959920151556
49.6075,-0.9896961477643512,0.0501341886333379,-0.0844440145691569,0.0252338817570523,0.0025659924056085,0.0314678683121112,0.0050321316436268,0.0009484255683914,0.0393347832889251,0.9992126967658836,0.0175576802733816,0.001166027954641,9.163619607488716,-0.0056576161495826,0.0110415562408396,-0.8885559235425358,9.126610720812044,3.7488803248320375,1.7076535618562851,1059.0225157979887,1052.82799564292,1046.6260633020943,1060.1388552278,537.6763577501948,152.52099111521832,112.45817261038832,-396.68992030464926,158.65891557036474
49.61,-1.4714604544708347,0.0968705927999217,-0.1430225509233763,0.0219595092909316,0.002313669096493,0.0309586947231861,0.0050758240798036,0.0009931433254748,0.039365794859467,0.9992112068440316,0.0162156320572329,0.0017512987298677,9.170906920371035,-0.0054257364116889,0.0108486482108952,-0.8900143062080778,9.126585872600435,3.7489344521745527,1.7054263220889163,1060.4076422552812,1053.2105539759823,1047.034382537252,1059.2424967337151,585.1158160749227,179.8358755955622,225.80838975374988,-316.3313835222853,158.65814087933308
49.6125,-1.9670018827573477,0.1435906782014492,-0.2044731663338936,0.0158896297735234,0.0018022755293028,0.0305197895066504,0.0051145211435256,0.0010217753776276,0.0394005460986504,0.9992096108294948,0.014776933865893,0.002220533821749,9.177714183485618,-0.0052174537074634,0.0106526642496134,-0.8914471560230831,9.126566484198376,3.74898902343158,1.703200782466088,1061.948094878365,1053.7271750208984,1047.7551052508636,1058.5571983101877,514.46320566216,204.42429164566877,291.5253982627164,-168.3738710419723,158.65710770754487
49.615,-2.269123892416213,0.1776338314662298,-0.2513980084358373,0.0095980482386111,0.0014671058797555,0.0302429497894005,0.0051466506040624,0.0010306405569703,0.0394362611496198,0.999208031577038,0.0132845283475941,0.0025635326930254,9.183996879600864,-0.0050468702499952,0.010455609935887,-0.8928634214207016,9.126552478849602,3.7490438979943783,1.7009758312716003,1062.9799582835933,1054.2326754342112,1048.4920095285663,1058.4006273785049,334.64100037439005,220.5520192625232,310.30231224791373,33.515293615604165,158.65616202686746
49.6175,-2.424770237196969,0.1980085682366059,-0.2949239455112749,0.0028485397974511,0.001602569933634,0.0299192590297143,0.0051697499460808,0.0010187333430759,0.0394717811877195,0.9992065316713072,0.0117473296175745,0.0027572507296755,9.189734810999635,-0.0049225721216831,0.0102619197095271,-0.8942716531666958,9.126542058498648,3.749099041671612,1.6987496180732649,1063.6212998802355,1054.82993511721,1049.3066168121015,1058.7247747782656,180.84254124778295,280.50066930099285,365.1614676606592,250.74815540670804,158.65513087473948
49.62,-2.431072814511285,0.1859012846358644,-0.3382186506899904,-0.0053661885043899,0.00250499616366,0.029276136828111,0.0051774757374876,0.0009912189366682,0.0395108074755276,0.9992049911959918,0.0100731601634485,0.0027112734396475,9.194931750024463,-0.0048404153842219,0.0100836407076188,-0.8956794796843747,9.12653334621403,3.7491534735078154,1.6965205707331437,1063.8841709898327,1055.6351787807168,1050.3178168668703,1059.654368155539,16.780069192955636,301.04059116982233,371.107935482579,420.3597826506335,158.65379827456417
49.6225,-2.2930238170942014,0.1299783206979451,-0.3592895174208489,-0.0118752425355163,0.0038209191327147,0.0283977866197249,0.0051709337841096,0.0009518426650727,0.0395520829656645,0.9992034465169504,0.0082150713214718,0.0024686972647932,9.199612719155597,-0.0047977867827825,0.0099205769744495,-0.8970935049497755,9.12652487422781,3.749206371597908,1.694287760117123,1063.7052002262003,1056.3351380730599,1051.1621564895156,1060.8265736915196,-137.3736885381162,266.66698348860035,334.7306439343672,530.8339187817918,158.65261155282255
49.625,-2.0303727701650094,0.0183879231697914,-0.3543559757962561,-0.0173392881742786,0.0053206428306634,0.027107660483128,0.0051575419116729,0.000905463572646,0.0395937581711565,0.9992019243571008,0.0061222542160043,0.002185467066555,9.203821569945225,-0.004788773355707,0.0097619783667787,-0.8985192346935716,9.126515198571648,3.749257158556995,1.6920520547700784,1063.1973025471427,1056.9685136981586,1051.9914700865409,1062.3085377494456,-241.7063900660121,222.798695460572,328.3688181217516,623.6562656606326,158.6513500465886
49.6275,-1.6901463352596984,-0.1315615168912469,-0.3228288107952773,-0.0216349890269389,0.0063169134409944,0.0255945847265287,0.0051412336799636,0.0008569607554567,0.0396355715156779,0.99920040883957,0.0037509264875002,0.0019480284805534,9.207618584515965,-0.0048054945294981,0.009603955384027,-0.8999608158034129,9.126503057471105,3.7493050356642983,1.689814261991644,1062.4966682758711,1057.4491315503617,1052.8040005801229,1063.94485501982,-309.2018854889612,130.28851238284616,321.59381247290105,662.1101897561654,158.65003021216603
49.63,-1.2885172343468063,-0.3001692383654819,-0.2617429091150564,-0.0244955521626632,0.0058960106971699,0.0242141680463897,0.0051229530000534,0.0008103879758382,0.0396770521578709,0.9991989103522932,0.0010781105854697,0.001780627516648,9.211076622462345,-0.0048400516084866,0.0094483849904594,-0.901420901319886,9.126487566372173,3.7493501294269014,1.687573137560865,1061.6512931196971,1057.6199562600732,1053.599439148906,1065.619088698228,-388.96718560652624,-22.57965576580982,349.36481268646594,705.9730101979337,158.6486450568975
49.6325,-0.7681953037403494,-0.4777476890463332,-0.1709725855312434,-0.0264492762298698,0.0039750639771642,0.0232733734742392,0.0051065368559457,0.0007713221090406,0.0397177584001826,0.9991974225216596,-0.0019393247146972,0.0017547142708286,9.214276406419408,-0.0048811944849741,0.0092918515992908,-0.9029006589389708,9.12646981024296,3.749393088903717,1.6853284244684783,1060.5518323478375,1057.3362332715324,1054.550824643556,1067.4747200708116,-409.5548683640205,-194.65469844344136,352.32056531381414,630.5303308404114,158.6469144206469
49.635,-0.3159227175936966,-0.575350091489966,-0.0996805477388381,-0.0271267252819461,0.0018316354821081,0.0232516086193248,0.0050903926386643,0.0007463995722996,0.039755566268256,0.9991960318089522,-0.0053640325655241,0.0018354048058439,9.217302885495021,-0.0049150475776161,0.0091403792144286,-0.9043995661385046,9.126450742471825,3.7494341560567026,1.683080049004552,1059.603518777879,1056.6466827678569,1055.3610419754737,1068.7717403524273,-379.3019878079,-364.92809135674605,332.18073204080895,449.30255062031137,158.64542033120492
49.6375,0.1524272258218226,-0.598444300221254,-0.0550733830710791,-0.0272898739664889,-0.000463985990927,0.0238142790170436,0.0050706024134514,0.0007347502861142,0.0397886369836085,0.9991948298921128,-0.0091196264567606,0.0019328131547834,9.220241000663783,-0.0049410891444709,0.0090043031106544,-0.9059153836539648,9.126430333219089,3.749473639938196,1.6808265565918004,1058.6553224087972,1055.511592814748,1056.2117283037608,1069.7212328239143,-408.3316081551586,-576.6979504658825,384.1993246016808,332.16084365000205,158.6438779767089
49.64,0.7358416295586225,-0.5331792806707403,-0.0470808737135588,-0.0271411626009499,-0.0032219944130665,0.0247366975023301,0.0050466995740254,0.0007325142181584,0.039816721374602,0.9991938309279595,-0.0130706579856638,0.0020128932580473,9.22317131260026,-0.0049646904339959,0.0088873352880449,-0.9074444144330482,9.126409219589352,3.7495118375706937,1.6785669124654248,1057.561860737102,1053.763193015526,1057.282038598483,1070.432544570678,-383.5820249993808,-676.6795666497969,395.9413646695757,192.07198638886624,158.64197705313396
49.6425,1.2352244032337272,-0.4091855415730233,-0.0776657174749488,-0.0265163385493337,-0.0053275323121353,0.0253790159063572,0.0050200090247209,0.0007347143934078,0.0398419342584794,0.9991929483577257,-0.0170591708444519,0.0020699148503582,9.22616672333908,-0.0049937917314233,0.0087892517394799,-0.9089817707812406,9.126387921641456,3.7495491968867496,1.676300050970781,1056.737412283802,1052.128194981502,1058.191435127107,1070.6815927558575,-294.02561481414034,-651.0164863246553,355.8047381631694,32.558267591077026,158.6403548403318
49.645,1.7210708814620244,-0.2381055223594835,-0.1321743454882861,-0.0243931888158939,-0.0066081129651968,0.0253600294679727,0.004993134029665,0.0007335178973024,0.0398685551506779,0.9991920060305955,-0.0208736434200747,0.0021176884582239,9.229289888741928,-0.0050421330893869,0.0087068157730061,-0.9105217821317004,9.126366862134649,3.749585954231864,1.674025570674512,1056.0917326630304,1050.508110583901,1059.0610622892996,1070.5953359086336,-216.6766793973494,-663.7700908558387,355.935316775094,-113.56463782370712,158.63869680121303
49.6475,2.2243856274991245,-0.0228443947842568,-0.1975888460491088,-0.0189108895132256,-0.0063378883914385,0.0243662395986034,0.0049706614748042,0.0007234475737065,0.0398986984074404,0.9991909040486796,-0.0243450706527894,0.0022083086354846,9.232590879818858,-0.0051199502612014,0.0086319799922142,-0.9120585948817392,9.126347172772888,3.7496224458065983,1.6717441646194329,1055.6540288868148,1048.8093445272211,1059.9711117109835,1070.1137695667387,-85.55674153820797,-553.4154514987707,299.17325585074576,-239.7163336870924,158.63666930300036
49.65,2.5194003076137634,0.1326261113751097,-0.2334119608846596,-0.0118408009874202,-0.0049731674071468,0.0230539896241246,0.0049578553161569,0.0007035985155061,0.0399322988196455,0.9991896235977058,-0.0273894582829623,0.0024117470729464,9.236105821793624,-0.0052296496673805,0.0085540497722454,-0.9135866938268196,9.12632968452555,3.749659689592648,1.6694564613193328,1055.66394895534,1047.7410333264097,1060.556928568552,1069.3967542401992,96.9533212882611,-330.55900852451856,188.6025974983512,-350.6697195640779,158.6349502842741
49.6525,2.627012223311484,0.2398981852447948,-0.237993118554274,-0.0032897236166085,-0.0035954806181209,0.0218056962505816,0.0049562733665405,0.0006814149639474,0.0399652634516125,0.9991883165976762,-0.0300815890419698,0.0027395629943944,9.239856415961778,-0.0053582709141141,0.0084674457545132,-0.9151012980294287,9.126313975969772,3.7496985115515566,1.6671639230681383,1056.1387954932563,1047.1565494845977,1060.9141246984757,1068.3604209689177,268.2178360820209,-144.0553973750584,103.59490413651812,-461.517417410087,158.63320264141927
49.655,2.558895446908092,0.3035032246319084,-0.2172053486339632,0.0054000670075301,-0.0024774569135306,0.0208349310525565,0.0049642507522271,0.0006630524327576,0.0399907129224085,0.999187263661093,-0.0324777664288201,0.0031483926595834,9.243850871623517,-0.0054946845924945,0.0083717720346008,-0.9165985502446842,9.126298712890236,3.7497396320328606,1.6648667723754396,1057.0050381357507,1047.020756339534,1061.074903089235,1067.0891671531476,426.33239238455303,53.51994042767139,23.91717993411832,-548.4053289366768,158.6314322738664
49.6575,2.2910314686455675,0.3207111960355967,-0.1749017483966311,0.0129153245135048,-0.0013934186957442,0.0202445160548548,0.0049819729020207,0.0006525893556319,0.0400026621365395,0.99918670169255,-0.0345984279052256,0.0036346772618417,9.248084569458767,-0.0056311086450746,0.0082629572711648,-0.9180757472927628,9.126282910520352,3.7497825839893566,1.6625660004989327,1058.2704574551772,1047.4241491867358,1061.033710598146,1065.6183943242368,612.3458103382795,287.90190936691766,-47.089746074628714,-658.6373093469133,158.62963521407823
49.66,1.7946042571053389,0.3033474466737531,-0.11596295440841,0.0196170147025139,-0.0003992205788092,0.0199015843492954,0.0050041270835517,0.0006492640932944,0.0400027756395335,0.9991865896144088,-0.0363834660880314,0.004098429140035,9.252542401065174,-0.0057674305945059,0.0081473395661571,-0.9195312425540048,9.126266695553248,3.749825946267189,1.6602621769924988,1060.0667671874437,1048.4602658863691,1060.8394543588615,1063.7959806064111,670.5218318515771,454.1613026512956,-79.6264564246987,-645.7506945653556,158.62744815739026
49.6625,1.2930220650979167,0.2715264189846402,-0.0726787570748781,0.0229863200719475,3.398319619376327e-05,0.0198366260698115,0.0050257219153372,0.0006514656641178,0.0399940338202673,0.9991868340424253,-0.0377625952345805,0.0044537369766564,9.257199608044065,-0.0059045322909827,0.008030879242944,-0.9209645445726052,9.126249779721565,3.7498692973179018,1.6579553562740372,1061.6230666144368,1049.6949556999934,1060.6355783160225,1062.3896408514083,593.5554362086746,545.5311843818395,-73.94541334840501,-498.71330404803183,158.62559986482813
49.665,0.7716951383354707,0.237205496738197,-0.0486027571068748,0.0241312976641379,0.0002137178534751,0.0199085259264979,0.0050472080201833,0.0006609477486898,0.0399794797612528,0.9991873092177848,-0.0387305655614466,0.004726605983705,9.262022592838829,-0.0060369893697451,0.007909475222198,-0.9223763498283402,9.12623135855024,3.7499129913587073,1.6556463117217293,1063.0345443684844,1051.187921808276,1060.46972729212,1061.3024140861735,550.7616295060782,686.3893770062657,-55.6749900340207,-362.7811930808511,158.6237240072277
49.6675,0.188912980983886,0.2039565402587984,-0.0532014367326783,0.0237454892516548,0.0003477962364026,0.0200690744788541,0.0050640261988872,0.000681722155827,0.0399655267717648,0.9991877782182168,-0.0393355533389354,0.004860676723923,9.266971490587022,-0.0061543273944591,0.007788379914535,-0.9237681985273932,9.126211280216385,3.7499572105493,1.653336524302289,1064.3768747619683,1053.1269025850263,1060.3572033658522,1060.5757348860031,420.05891743466566,714.507017894037,-30.702889706738212,-148.04303195157146,158.6214394691304
49.67,-0.2324383790865499,0.1848510601863999,-0.0899375710792759,0.0226557624709763,0.0005215640833661,0.0202120785109159,0.0050710862155504,0.0007157910851944,0.03995515663318,0.9991881454971588,-0.0395977110516312,0.0047953220087037,9.272001563298092,-0.0062495507951806,0.007674326977297,-0.925142163538162,9.126189875213075,3.750001976539542,1.6510275681311537,1065.1348389556588,1054.760456897748,1060.3162128435863,1060.5621989264152,230.19715707226183,634.0861193742822,-21.331905434109405,128.6075631003574,158.61950613361137
49.6725,-0.5742499141709321,0.1711470860444936,-0.1621410488920058,0.0211981247258628,0.0008672884689332,0.0202938784223457,0.0050722468526295,0.0007608750837511,0.0399484337901221,0.9991883878482434,-0.0394605695384906,0.0046384198937593,9.277063633570846,-0.0063242242055354,0.0075582883546569,-0.9265004211760862,9.126167368711409,3.750047199160608,1.6487198016963311,1065.5278605473288,1056.297333181895,1060.2505438386816,1061.2187727015043,108.97372753041844,631.0430932420286,-60.43999685013296,433.193089780167,158.61753968704753
49.675,-0.8938121093541072,0.1530046394306939,-0.2839867403419192,0.0190830453697722,0.0015101599296524,0.0202055872486713,0.0050717158410063,0.0008099047738709,0.0399461789766475,0.999188454532536,-0.0387882016946799,0.004505579730293,9.282105572504728,-0.0063888697014547,0.0074315173050628,-0.9278444617799274,9.12614404529404,3.750092745605483,1.6464111019294227,1065.6797075933112,1057.9156723639599,1060.0140128593355,1062.7281643753172,23.15423886692495,542.5430720725625,-130.5373300155921,650.3987890897716,158.6151384165047
49.6775,-1.0887182694703164,0.1311997231598129,-0.4047330016885939,0.0169386185383471,0.0021523688957072,0.0198617034712502,0.0050683408949021,0.0008525920978722,0.0399488203186314,0.9991883402527328,-0.0373986127122124,0.0044133421492203,9.287072969409255,-0.0064598021998831,0.0072961250421201,-0.9291745152571252,9.126120086110287,3.7501379805825623,1.644098979215323,1065.6436317416635,1059.0100485422593,1059.5978571886035,1064.4707666469549,-24.813907196471348,374.46220051522175,-225.18123198794927,756.2528781748881,158.61310026836324
49.68,-1.2126240263083112,0.0999237967384701,-0.5257161438674068,0.0142296947206977,0.0026074878800814,0.0190769597532698,0.0050601761837882,0.0008834066477094,0.0399555371949876,0.9991880906989684,-0.0352083805095641,0.0043674393262831,9.291908108510944,-0.0065447495009086,0.0071561084232599,-0.9304895446803704,9.12609567403897,3.75018249995857,1.6417812550685715,1065.555638057329,1059.7879833665343,1058.8881066993968,1066.509428766188,-33.518818603789576,265.80641589889683,-381.7572873580368,909.0971440842973,158.6110206112655
49.6825,-1.2802976068153804,0.0533984375758179,-0.6399631492952021,0.0100113909279274,0.0024953090461873,0.0174800019354767,0.005045421996454,0.0009010716645806,0.0399679812435282,0.9991876494918572,-0.0322227554288108,0.0043779262065132,9.296550255594818,-0.0066437324282741,0.0070156763154124,-0.9317874307964668,9.12607139171284,3.7502260408495594,1.6394562636963363,1065.4760376486445,1060.3390806217544,1057.6890707518123,1069.0162523673787,-21.552767857827234,143.12224412612477,-488.88533572101096,887.2076164364452,158.60847348363654
49.685,-1.2733382719385207,0.0078315568716828,-0.683796844066466,0.0060185113438026,0.0020640704299162,0.0155975248613867,0.0050233631758964,0.0009041769116278,0.0399872010488233,0.9991869801677372,-0.0284533776014604,0.0044709003559928,9.300936615764492,-0.0067573081546517,0.0068777035737931,-0.9330653889178137,9.126047688738046,3.7502685655525663,1.6371239565244646,1065.4478742180395,1060.5035945871653,1056.4436800207905,1070.9454668483727,-9.938509667981581,18.216740237147143,-528.590001451065,690.8883825662004,158.60630530732314
49.6875,-1.2179015184444917,-0.0505545093854795,-0.6459299397081779,0.0024763944851944,0.0019567068570184,0.0131031923791687,0.0049948249460966,0.0008964641113038,0.0400098740920847,0.9991862084572632,-0.0240158509949018,0.0046986482794303,9.305002973791591,-0.0068767408082229,0.0067423210125218,-0.9343206520267948,9.126023946495694,3.7503108611563616,1.6347847588213908,1065.4263451003046,1060.43016432294,1055.0461207445594,1072.4706942802063,-18.086552595121326,-55.31730439425275,-563.3337692606923,512.9642740434638,158.60408667752642
49.69,-1.1449114393899904,-0.1277024812766968,-0.5262479796635899,-0.000142216413366,0.0022753079170333,0.0101085450916254,0.0049603198496876,0.0008854301689915,0.0400344867052735,0.9991853872154504,-0.0191048784553296,0.0051027227790924,9.308685767549308,-0.0069861950012769,0.0066105120128519,-0.9355510394871696,9.125999484578225,3.7503530373292633,1.632438733306247,1065.357441455064,1060.2270080651942,1053.6270111744896,1073.5102882185877,-53.92978252568324,-97.34747926308522,-545.5443208822027,276.8219860908578,158.60182384063324
49.6925,-1.0807164736424155,-0.2338120992661678,-0.3098903565852589,-0.0016066000745465,0.0025930066919847,0.0070851349340524,0.0049234023152851,0.0008752411695745,0.0400612549068427,0.999184488712556,-0.0138593763764401,0.0057693005601177,9.31192445900874,-0.0070762258283039,0.0064783947258507,-0.9367554763884196,9.125974090059577,3.7503948988327296,1.6300865420727824,1065.156696187676,1059.9434269266244,1052.3183991401468,1073.8548042106615,-133.5899683703927,-131.73906226377395,-518.6522580376352,-7.748751843924438,158.59950485128448
49.695,-1.0377650793530175,-0.390070726258678,0.0232298543148365,-0.0026757606692421,0.0023715514429806,0.0048244300174913,0.0048922029357612,0.0008640479619481,0.0400900981327597,0.9991834772652411,-0.0083104269875635,0.0068542753823443,9.314663820273017,-0.0071490995820356,0.0063345222939846,-0.9379344765629885,9.125948076995636,3.7504361189231696,1.6277298583868711,1064.6894916132119,1059.568312753875,1051.0337498843,1073.471544459368,-212.37613898503,-142.94190955214884,-405.8148688222953,-247.88122559389,158.5966538396094
49.6975,-1.0279327787273551,-0.5318783768926084,0.3088863096978444,-0.0041279423558088,0.0014967743987412,0.0052088527398206,0.0048729579616299,0.0008537690525296,0.0401228410715711,0.9991822467022012,-0.002567142051887,0.0084691708728852,9.316856605511562,-0.0072000605330932,0.0061712742682646,-0.939090540698474,9.125922120771657,3.750475957886621,1.625370951015368,1064.0948154927519,1059.2287173788643,1050.2893247960371,1072.6153980826932,-273.2237843257247,-150.28912344097577,-216.87668369397943,-400.59309773957887,158.5942193004802
49.7,-1.0199410471723422,-0.6644101813376442,0.5268764910547625,-0.0068640240454529,-1.1616682223037276e-05,0.008131381023649,0.0048699212688629,0.0008420368496379,0.0401600476233188,0.9991807567990012,0.0033342314697821,0.0106727478792878,9.318466536172334,-0.0072325178673844,0.005985506128924,-0.9402280915122548,9.12589651765103,3.7505126846383754,1.6230121726647917,1063.3233726915823,1058.8168671366695,1049.9493664658296,1071.4685789706691,-358.8235951850931,-216.9886559471051,-50.560005770077225,-498.943127290176,158.59172247108785
49.7025,-0.9758861172629576,-0.7865229565102115,0.6421674799543208,-0.01074776408139,-0.0023833076686302,0.012675834517513,0.0048864813126707,0.0008216612009754,0.0401985956434691,0.9991791246910549,0.0094423552230429,0.0134914571366785,9.319470288193155,-0.0072592287375916,0.0057762013043553,-0.9413532054793826,9.12587110094059,3.7505455206050136,1.620654433263785,1062.3006975168255,1058.1437740991282,1050.0365247671868,1070.120682446241,-369.54909978300714,-293.3059951908429,112.20411590417116,-442.71054644031454,158.5886537764497
49.705,-0.8918903218166112,-0.8405663169489588,0.596767599180667,-0.0138587639070314,-0.0046750412836284,0.0159824595905479,0.004926989927403,0.0007915839317311,0.0402338952981346,0.9991775177714852,0.015689439848664,0.0169625069280566,9.3198588552661,-0.007281811052597,0.005539805024417,-0.9424732808035844,9.125845400958621,3.750575372534655,1.61829829507326,1061.4756271926692,1057.350337160717,1050.51038704535,1069.2550262384696,-296.48576097505,-383.5088488651165,262.52145913781743,-257.5691539991613,158.58603649707274
49.7075,-0.7513153803694596,-0.8298534107453938,0.4163502351646833,-0.0166523062705136,-0.0069954892453343,0.0182709428456163,0.0049876437252015,0.0007557508796996,0.0402618982472233,0.9991761155528583,0.0219068305900413,0.0209645373343696,9.319639950494656,-0.007292118682935,0.0052870742310032,-0.9435962821665383,9.125819460353748,3.750602827083095,1.6159443156102884,1060.8182687119495,1056.2262298548017,1051.3491320628766,1068.8328366762444,-222.8343429710773,-580.8265652667371,431.60159653762753,-76.78448622751311,158.58335824504903
49.71,-0.526724875095943,-0.7317384580493839,0.0882507984237483,-0.0191210078792959,-0.0098802537111316,0.0197898900731006,0.0050542804394338,0.0007130379389208,0.0402818540427493,0.9991750150267686,0.0280127128870044,0.0251708264704736,9.318838666201776,-0.0072910556780255,0.0050477762780095,-0.9447298585930402,9.12579378525559,3.7506281829599,1.6135927404413979,1060.3614554778133,1054.4462043343815,1052.6683950280392,1068.8711038073316,-100.23747113314153,-719.1551826458809,514.1179851027247,87.27681264912216,158.5800765397692
49.7125,-0.3096310314904737,-0.5773090815594315,-0.2334535691707906,-0.0201121904545166,-0.0123123415067534,0.0199256644427772,0.0051149934810606,0.0006652105151251,0.0402963279562318,0.9991741666699354,0.0338752403446047,0.0292925783090201,9.317495308250642,-0.0072746050429188,0.0048460612408538,-0.9458808172293988,9.125768282266252,3.750651653466521,1.6112429608055063,1060.3170813562842,1052.6304539415755,1053.919721988388,1069.2692207394898,51.963749297211294,-770.7435073072853,501.6687491834708,196.74852874790244,158.57728797992624
49.715,-0.0854748599343925,-0.356986157537134,-0.5444728479208791,-0.0201428514390464,-0.0141596521501359,0.0187602017544598,0.0051603965435767,0.0006182351312231,0.0403039876951461,0.9991736644005412,0.0392899912182223,0.0330880534422397,9.31566365641152,-0.0072315125328788,0.0046994755074391,-0.9470543981127144,9.125742764942302,3.7506746211440416,1.6088920972799736,1060.6212742242994,1050.592486797843,1055.1767387739578,1069.8548464510718,167.9988647970781,-821.1363621388392,480.36037982213185,233.4836478758631,158.57444739101214
49.7175,0.1291392039525735,-0.0991944062330702,-0.8005110938051097,-0.0198111132534808,-0.0151337789989754,0.0164487381405549,0.0051814764337466,0.0005780907435644,0.0403042222065106,0.999173574696522,0.0440585143274736,0.0363222545884281,9.31340848489364,-0.0071509600155221,0.0046232685013213,-0.9482536982387024,9.125717347362512,3.750698943681007,1.6065372892293155,1061.15707568027,1048.5247721308792,1056.3215238874996,1070.4366389788695,246.03744117752836,-787.3977774201078,406.15198065520974,202.22364196574944,158.57156666814947
49.72,0.3189419314364161,0.1743205978191175,-0.9418176629714464,-0.0191723561760002,-0.0151236618230868,0.0128410450513351,0.0051749717050055,0.0005484387941132,0.0402976668215323,0.999173887953236,0.0480377818937238,0.0388680379259957,9.310801283714973,-0.0070274165078339,0.0046204655578142,-0.9494795932551624,9.125692566997197,3.750726287922173,1.604176464351222,1061.851461430186,1046.6554979107464,1057.207498677232,1070.8659646608996,307.79660112837234,-715.5689571159633,308.0852310030211,134.8325711903491,158.5686412808876
49.7225,0.504374668218358,0.4782385480666819,-0.9391837256210251,-0.0178319216433868,-0.0140001572967464,0.0074330325264398,0.0051433139104579,0.0005304413759377,0.0402840756850186,0.99917460333305,0.0511452823406601,0.0407074148392507,9.30791664141176,-0.0068610255644251,0.0046822296623637,-0.950731021350877,9.125668473320111,3.750757729700808,1.6018081127352632,1062.6960586859127,1044.9469273452976,1057.8619500425157,1071.1108018348218,291.3477381674385,-501.2719836595061,165.10861488314467,44.39337141782292,158.5650841264534
49.725,0.6151895660498932,0.6804909439863365,-0.7910079250390374,-0.016247172948349,-0.011860480014233,0.0027034479325654,0.0050885089940388,0.0005243724441651,0.0402640839519536,0.999175688342802,0.0533263068888935,0.0418206785206449,9.30483011497832,-0.0066540044097305,0.0047998545413347,-0.952005509157369,9.125644618673114,3.750793196912377,1.5994327043263272,1063.308200121024,1044.1491379924475,1058.033041751648,1071.0879315179889,213.231021619061,-166.01854874885797,-6.482470435963917,-45.08929879970773,158.56208463192843
49.7275,0.6738711559722497,0.800917745590333,-0.528997998705263,-0.0142512747223179,-0.0087038332016634,-0.0005114757883387,0.0050206009296032,0.0005251457698232,0.0402386165605048,0.99917705880269,0.0546450143359047,0.042341797738221,9.3016137164282,-0.006419794864247,0.0049495747136267,-0.9532998231886216,9.125620544532328,3.75083235388416,1.5970511811075816,1063.762213794007,1044.116834601554,1057.8295376903359,1070.8853553408235,163.2294459335373,157.88936430459324,-161.89385930575455,-109.72971100776547,158.55905315856393
49.73,0.6836389091455444,0.8399130846534913,-0.1712060718632385,-0.0116658888818134,-0.0048990300572091,-0.0006540348851235,0.0049530387658961,0.0005301314396905,0.0402141111106424,0.9991783888706112,0.055137367122692,0.0424781284010061,9.298335228700637,-0.0061677980619527,0.0051013328553982,-0.9546105934777964,9.1255959181403,3.7508739668638897,1.5946641290497923,1064.124347350692,1044.9385848139707,1057.2235724551188,1070.5392829629495,108.63938377982676,421.260711751268,-267.0260862349094,-127.94061240395241,158.5553838898318
49.7325,0.647900930476016,0.7946165312117964,0.0922964776932812,-0.0099524400467879,-0.002390057962943,0.002342162221206,0.0048923383604279,0.0005371304606039,0.040198462778691,0.9991793282327311,0.0548420248047809,0.042317259555275,9.295058409184383,-0.0059065909310195,0.0052390179154175,-0.955934598672988,9.125571399266532,3.750916394987301,1.5922725669077369,1064.3054107129065,1046.2231381603115,1056.4944072591607,1070.2456522788032,57.733695658323754,593.5451393231174,-316.16426094448445,-102.925741420543,158.55230401550247
49.735,0.5800237759651252,0.6952808307133475,0.2675866422126094,-0.0089458629556053,-0.0007474528922498,0.0063074693004915,0.0048445129204864,0.0005404901238171,0.0401964468900668,0.9991796571829296,0.0538778573395199,0.0419438946686455,9.291840637070008,-0.0056520275519836,0.005348729736602,-0.9572690529388193,9.125547851036547,3.7509582580379175,1.5898767823475393,1064.4130158289831,1047.9063105105838,1055.642751150398,1070.0246542558475,43.03294291123693,770.6754397981664,-375.2415838407059,-69.93524035589022,158.5492058999261
49.7375,0.4735315168316802,0.5490697599727998,0.3844112880040371,-0.0078306954599754,0.0004532213559615,0.0090385767187258,0.0048150897065847,0.0005396252731485,0.0402117585468162,0.999179200370399,0.0522863372612595,0.0414456675337209,9.288733158151512,-0.0054109323528835,0.0054181379314685,-0.9586118684653356,9.125526238778878,3.7509987374701343,1.5874780271519375,1064.5205754274627,1050.0765153593043,1054.618199339956,1069.8959760770235,44.8407302170606,775.9101558163942,-355.9683978272458,-21.705415255326248,158.54547190500838
49.74,0.3672497981918432,0.4262460418207807,0.4450334519096956,-0.0068418587250487,0.0010662854172849,0.0089908512096919,0.0048028131716417,0.0005351013788129,0.0402453797499684,0.9991779246416692,0.0500996117689075,0.0407926289887014,9.285781613816017,-0.0051879710794812,0.0054486816241466,-0.9599615615200596,9.125507866259053,3.75103718691862,1.5850770806069354,1064.6372194800688,1051.7858612896675,1053.8629091612609,1069.9161271795708,62.13397601996997,617.2931718115864,-260.6434669097422,33.822474620941485,158.54234968638232
49.7425,0.2436751731959812,0.3192054107769595,0.5203388976496806,-0.00617777987635,0.0015333290840642,0.0075473882051316,0.0047993142339646,0.0005292660296219,0.0402919317395978,0.999176083987886,0.0473277784005421,0.0398310988546253,9.283026098612655,-0.0049841930437873,0.0054559286881797,-0.9613171416583348,9.125492459552015,3.751074186031546,1.5826737708073628,1064.8312453075623,1053.1629812183592,1053.3149820054086,1070.0650884501283,96.73872329889998,471.2207286099646,-173.78361554101707,78.91024767214331,158.5392194561018
49.745,0.1058730203812102,0.2315758424810957,0.6257438907108138,-0.0056880518813939,0.0019694080613568,0.0064665738113179,0.004801065577992,0.0005220297939894,0.0403429110317398,0.9991740367035132,0.0440452210616477,0.0385010857417758,9.280498932425058,-0.004805629898398,0.0054467515125172,-0.9626780252170088,9.125479347205031,3.75111053980016,1.580268373372065,1065.1209130965635,1054.1419649327188,1052.993991083555,1070.3106784179315,144.46169693484876,281.73879253098806,-69.17784516241326,118.84330118826541,158.536084325649
49.7475,-0.0487024350681986,0.170119013772246,0.7517019387215007,-0.0050500794255158,0.0022989398484124,0.0075219691985677,0.0048077376242151,0.0005134448878479,0.0403904923871998,0.9991720989558444,0.0403399879858387,0.0368064480968937,9.278225366215363,-0.004657844886085,0.0054220654393372,-0.9640438589839844,9.125468277882806,3.751146268271968,1.5778612939378907,1065.5535537922367,1054.571675181015,1052.9690927795964,1070.65930495607,226.13071332764423,67.35193013802687,49.950621925063345,176.1654286454142,158.53294485643707
49.75,-0.2462738762796401,0.1267542916180448,0.8788999926589302,-0.0045922095382052,0.0024974878607585,0.0111644448426847,0.0048134776564377,0.0005041801370011,0.0404318200396506,0.9991704116290012,0.0362962358656491,0.034652737378841,9.276225178099933,-0.0045439771598123,0.005393465258479,-0.9654142030165296,9.12545993375782,3.751180947866805,1.5754522122771688,1066.2515666632007,1054.4787245834086,1053.2437441931804,1071.191505561158,283.0638379414113,-115.74511253194557,137.03610946707795,216.71585892451432,158.52917383620016
49.7525,-0.4062983197001923,0.1137220663475961,0.9338112404952456,-0.0049922348397692,0.0026588796302872,0.0147529252681095,0.0048111003520305,0.0004912834957577,0.0404680643432174,0.9991689614292406,0.0320726201149561,0.0319217857251396,9.274511841942848,-0.0044729523627266,0.0053753639354702,-0.966788302618722,9.125454948770452,3.751215071924851,1.5730404259868895,1066.9688729819427,1053.9929496183559,1053.6542733269312,1071.7428842506915,304.6999827220394,-242.36120143592748,178.25977416914583,249.59884609453144,158.52602881513184
49.755,-0.5348174325728138,0.1194468678402737,0.9199728753250238,-0.0063150727509582,0.0028616680042763,0.0178496297879887,0.004794814104549,0.0004749044031872,0.0405043238695395,0.9991675689543846,0.0277759051808646,0.0285274492298895,9.27309253632428,-0.0044463396605696,0.0053790616008532,-0.9681650193262232,9.12545315176821,3.751249282008312,1.5706250169920892,1067.7750665768117,1053.2669185762284,1054.1350430640266,1072.4394997916313,353.528842696188,-327.4709783986653,199.97611023494528,347.1653389558512,158.52288161314124
49.7575,-0.6198175573693482,0.1398628370157237,0.8299778076819921,-0.0087997781963301,0.0030852810027511,0.0207723180403094,0.0047614286120087,0.0004577564416727,0.0405454527862249,0.9991660522386324,0.0234674669728957,0.0244380565320292,9.271967971615346,-0.0044590816974276,0.0054103116648388,-0.9695427946020682,9.125453550441472,3.7512837878417784,1.5682050194000032,1068.7365171954243,1052.3555947263617,1054.6541538781064,1073.4787109454717,330.55168288804504,-310.5325000800445,165.03009083959572,415.17255231302914,158.5191031776889
49.76,-0.6151028715248453,0.1608304282245549,0.7069098928410575,-0.0114763118055943,0.0033536125896149,0.0226205996625522,0.0047139705537735,0.0004413464381139,0.0405922717691681,0.9991643638382594,0.0192314856969916,0.0197409212985241,9.27113208313603,-0.0045067579224845,0.0054625257068445,-0.9709197428414555,9.125454500860732,3.7513185863665934,1.565780552974152,1069.4278249912504,1051.7142560758296,1054.9601935182238,1074.5153625531943,226.24356046392015,-207.7303793605853,86.35453715223905,441.43202717714456,158.51595378792436
49.7625,-0.5264744696917198,0.1753521393766343,0.5523028905148839,-0.014335797087789,0.0035992651644254,0.0239492870900655,0.0046579461477003,0.000429367724026,0.0406440655835262,0.9991625072195224,0.0151053349244641,0.0145757553527621,9.270573250998218,-0.0045784862108523,0.0055237427599337,-0.9722938077042244,9.125452830537647,3.75135383046826,1.5633514622385611,1069.8677349977447,1051.3169428295582,1055.0859265638678,1075.6858710813583,106.57160991030653,-109.45934128188892,13.980025999983024,525.9424938517933,158.51280496913918
49.765,-0.345069557721262,0.1703888427172616,0.3499662240197842,-0.0168615863590725,0.0036588124473148,0.0250599955461626,0.004596369379468,0.0004246742114267,0.0407006376978146,0.9991604785826812,0.0111282885253061,0.0090405884854572,9.270275521729536,-0.004662515909344,0.00558659094908,-0.9736628607073624,9.125445516600456,3.7513884050241866,1.560917657753592,1069.9606830408022,1051.1669593694198,1055.0300936482236,1077.1450750224549,-53.055926225900336,-6.794406365231038,-48.58977662124615,526.4708062079321,158.5090289858493
49.7675,-0.1654287783291191,0.1328916300771029,0.1794766031090152,-0.017519388456518,0.0038693551055221,0.02572155332683,0.0045343660546453,0.000426289015641,0.0407576544090465,0.999158434505878,0.0073973650503376,0.0032751691607991,9.270219004271988,-0.0047531344462495,0.0056395831945506,-0.975024910075115,9.125430586456847,3.75142212662668,1.558479271003838,1069.6024553666155,1051.282970797732,1054.8429776807618,1078.3182251123956,-238.99216326591664,76.71499346566345,-92.23951776361729,440.903583590718,158.50588621781677
49.77,-0.0058030844369175,0.0388171753585649,0.0202638093084171,-0.0164986028538811,0.0047054865777276,0.0260697388696556,0.0044826854001866,0.000434330373981,0.0408111199267422,0.9991564907503236,0.0039769548419595,-0.0024701850786346,9.270380896614316,-0.0048422679909189,0.0056598924467903,-0.9763783734610342,9.125408221077278,3.7514558366756527,1.556036510971757,1068.765722224472,1051.5505343367483,1054.5688960594055,1079.3495929404096,-407.2699091648892,111.29236008335955,-114.31882157170156,378.4955967352172,158.50274990699256
49.7725,0.1066926148239032,-0.1161428248728073,-0.118913599590889,-0.0142775078556632,0.0060328888330041,0.0258943185922072,0.0044440313934599,0.0004474858418715,0.0408599751837433,0.9991546794487834,0.0009343981611718,-0.0080895987559224,9.270737994490794,-0.0049243562533471,0.0056402654561482,-0.9777220635123504,9.1253798199338,3.7514900540264176,1.5535899165195697,1067.56610582079,1051.8394325981492,1054.271383572903,1080.2107030960728,-547.0025255702212,92.28777552861382,-114.68622304611443,297.4744958408769,158.49962104747468
49.775,0.1506922341473581,-0.345967869483745,-0.2207382697157163,-0.0113736142947193,0.0073332748723884,0.0250311885548433,0.0044124043459861,0.0004634481843435,0.0409053545802909,0.9991529790600554,-0.001668459530601,-0.0136336277409791,9.271267666009923,-0.0049964458511648,0.0055905205062336,-0.9790552963708332,9.12534789498778,3.7515248459455126,1.5511395339478111,1066.0307095966234,1052.0119732143908,1053.9954649441754,1080.8369654196126,-715.5063427599521,14.350910808745471,-108.55752628230124,222.97272332632437,158.4965039092644
49.7775,0.155356273396331,-0.6779892671537797,-0.2881074845229931,-0.0092551090335958,0.0073179964102911,0.0236845624892233,0.004388455408158,0.0004790420948216,0.0409485651654623,0.9991513302834474,-0.003764737520116,-0.019025178025977,9.271948139663538,-0.0050598881140008,0.0055077188507599,-0.9803781311074884,9.12531591428117,3.7515599573814415,1.548686002417356,1063.9885741069884,1051.9111871521927,1053.7285959414912,1081.325566712705,-750.0392306182931,-107.09710065265404,-85.85588977966992,142.75537864302322,158.49278017205287
49.78,0.1700247651604442,-0.9577696776293328,-0.2967701017570444,-0.009961135506472,0.0050675885190672,0.0227238266180253,0.0043714223619863,0.0004908679125328,0.0409897204653097,0.9991497306188576,-0.0052984711010803,-0.0242092051795472,9.272760527748675,-0.0051187011756384,0.0053919556245135,-0.981691296199666,9.125286595050824,3.7515949116713743,1.5462305009743844,1062.28051344353,1051.4764877111274,1053.5661854952768,1081.550742312828,-646.1185030303988,-254.8194532945716,-56.35727538061143,66.16143018665403,158.489693137395
49.7825,0.2592670277024363,-1.1813314385716662,-0.2604414011028092,-0.0123605502419375,0.0008271221987821,0.0220474063530586,0.0043551394796253,0.0004960664777731,0.0410285007931484,0.999148219675559,-0.0062394010859802,-0.0292271226807631,9.273690078210013,-0.0051775191871834,0.0052542037454084,-0.9829960496347404,9.125261113500127,3.751629089574629,1.5437731427823238,1060.757981591839,1050.6370898857213,1053.4468095645884,1081.656373863638,-588.4260846183852,-449.8231424004616,-52.87556046993837,36.278776225371615,158.48662484825837
49.785,0.4843317409471653,-1.336501832688712,-0.1727480375419399,-0.0146227248930143,-0.0048553692075118,0.0213295474011016,0.0043357804883111,0.0004942190328075,0.0410644362458665,0.999146832718197,-0.0066098440456022,-0.0340731858727425,9.274726792832336,-0.0052379610912165,0.0051009580891129,-0.9842940995410004,9.125239700351305,3.7516628890571706,1.54131282575559,1059.3383830204364,1049.227371999124,1053.301807692927,1081.732136193955,-431.983630962538,-561.413064752591,-62.955548777940365,28.855930757603137,158.482966472168
49.7875,0.7535265831820279,-1.360248178478718,-0.0692816239132212,-0.0147096529452581,-0.0092708531727113,0.0207918297211127,0.0043155340592884,0.0004838137996495,0.0410970208637051,0.9991455811721688,-0.006414158235899,-0.0386305638790498,9.275866430671176,-0.0053052360915273,0.0049271929889612,-0.9855874799053124,9.125222101860176,3.7516970499453506,1.5388484777509215,1058.5980634370255,1047.8300245619569,1053.1320318206983,1081.800653517426,-191.74627699853025,-570.1955525062841,-87.68396053272924,31.490224232249137,158.4799385441205
49.79,1.05178395984133,-1.285295345010246,0.0556020792916644,-0.012416282025188,-0.0128357820661998,0.0205371404372858,0.0042993816852615,0.000465270474114,0.0411243220880122,0.9991445234033718,-0.0056952656607126,-0.0427305101830072,9.277111141809582,-0.0053813384642268,0.0047224023437541,-0.98687855654601,9.125207461958915,3.7517322843208407,1.5363809321250788,1058.3796516354448,1046.3763942365952,1052.8633878902635,1081.889587315116,21.18764126661343,-612.7677289633133,-144.46746023297123,33.039974531476595,158.47693305267816
49.7925,1.363868148306894,-1.110823500548434,0.2134873497626375,-0.0073208734121893,-0.015919263134132,0.0207508862356444,0.0042933993157923,0.0004426493929339,0.0411447934858978,0.9991436970109756,-0.0045663957454578,-0.0461844601722824,9.278469585898332,-0.0054609364627626,0.0044739400629483,-0.9881700503418932,9.125194305630961,3.7517689071806823,1.5339117398965711,1058.7040016433587,1044.7661859171387,1052.409694519533,1081.9658533900836,202.131334262582,-545.318434110862,-183.44998235720303,6.035545473738789,158.47335308148524
49.795,1.5382686909983867,-0.9172506973197452,0.3368038916699054,-0.0019878492195688,-0.0179226878729187,0.0214338982981689,0.0043011280758092,0.0004228042770773,0.0411589754072336,0.999143063713042,-0.0031974986693157,-0.0488541399747808,9.27995658226603,-0.005532307590574,0.0041745111699315,-0.9894648696560528,9.125181126592814,3.751806821824712,1.5314417105073794,1059.3903083067582,1043.6498020660395,1051.9461379784773,1081.9197650424849,332.43691612136206,-384.4290011648213,-189.9178555147409,-66.87387074418153,158.47039244647237
49.7975,1.5944610832917347,-0.6938087681439536,0.4329200890285551,0.0031745928844788,-0.0196206727026245,0.0226239156302844,0.0043209816896133,0.0004077121812432,0.0411700297265624,0.9991425012554676,-0.0016746581624079,-0.0507079530455955,9.281592322750551,-0.0055921103680112,0.0038282516574426,-0.9907657139273564,9.12516769983236,3.751845148144552,1.5289712355511036,1060.366186223964,1042.8440409113164,1051.4601052419605,1081.6314840363627,413.9303575776168,-269.04220640403645,-185.56660090498156,-172.75480685762233,158.46745660491794
49.8,1.5518061364804308,-0.4564602935277096,0.4942922567884996,0.007680556125547,-0.0208530147685263,0.0241607521695488,0.0043507818378328,0.0003965210556663,0.0411797915552061,0.9991419477902672,-3.3971940898269715e-05,-0.0517379411418002,9.283400966932984,-0.0056418102991699,0.0034418290840545,-0.9920747477661032,9.125153613713383,3.7518831308903486,1.5265002010286508,1061.4599600946472,1042.3045910340184,1051.018304973952,1081.0559910081963,440.7173652432013,-159.33083697706059,-152.778558158856,-309.3117713253614,158.46454296873816
49.8025,1.4054092123001611,-0.2125079240289511,0.504344032770416,0.0114048070778791,-0.0214315917728586,0.0259705301683724,0.0043923109095435,0.0003872936804047,0.0411890407774522,0.99914137027794,0.0017097005016962,-0.0518763965642448,9.285408969038762,-0.0056846823641647,0.0030154078207042,-0.9933932255691464,9.125138357615304,3.7519201210276294,1.5240286157125522,1062.569773050181,1042.0473867264307,1050.6962124511658,1080.0849251797351,471.9840337805381,-65.4806599976523,-105.06717183016468,-510.01626964090065,158.4616589831604
49.805,1.1383098593225338,0.0783132053771262,0.4552966890760696,0.0151799624576164,-0.0214065164660535,0.0279790801554286,0.0044451805801865,0.0003759629908628,0.0412014109264169,0.9991406278200456,0.0035771278916637,-0.0511125369837908,9.287642898816738,-0.0057274746174595,0.0025549442995153,-0.9947210240059248,9.125122368688286,3.7519548533352074,1.5215553049629165,1063.819880263548,1041.9771877340306,1050.4929691148016,1078.505909659994,439.9179703312735,-1.023806464217545,-45.249377159938874,-625.6642069630726,158.45823733169843
49.8075,0.8625755664489315,0.3147599488485846,0.3701913477857388,0.0175178786341177,-0.0208976217653693,0.0292312149069777,0.0044997808556342,0.0003611234861198,0.041218039693195,0.999139714492083,0.0055311238434676,-0.0496216417810144,9.290127054129073,-0.0057705575269441,0.0020856864386296,-0.9960563803957192,9.125105560586904,3.751986656109231,1.5190774537371003,1064.7693629018383,1042.0422676941096,1050.469965565366,1076.9566041449184,363.0582194262804,33.49601355865266,11.075903567228824,-628.1545120101297,158.45542293538776
49.81,0.5592469416291925,0.5420443731755071,0.2536215827485964,0.0188543892410777,-0.0199205687095328,0.0299650852458109,0.0045529406671295,0.0003374145971032,0.041235814566461,0.9991387675365913,0.007611842441747,-0.0474807153948422,9.292881776500048,-0.0058225232186329,0.0016213613761711,-0.9973958801202034,9.125087768700292,3.7520153495838735,1.5165933159713603,1065.6351713606803,1042.144667801824,1050.5483486326375,1075.3651370999419,366.9912786683808,34.071242852072885,40.25644073093668,-658.2317001254144,158.45265313512763
49.8125,0.1909353913870714,0.8006792452017996,0.0968116655698692,0.0195274996219354,-0.0181186493071019,0.0303032865171673,0.0046011561594959,0.0003017170087076,0.0412542418934721,0.9991378185045616,0.0098164949955261,-0.0447898181840082,9.295921435018286,-0.0058873914632927,0.0011768488996086,-0.9987347864315484,9.125069324956506,3.7520398835099704,1.514101722913913,1066.6043192951788,1042.2126239083696,1050.6712477690205,1073.6654456442943,344.14662174921807,4.469846476062656,37.692474969196795,-554.8740126602796,158.44938937543088
49.815,-0.1041678847138839,1.0007030336305212,-0.0347723284319737,0.0195488438872209,-0.0160547435835527,0.0301825137882922,0.0046398873328546,0.0002556086749564,0.0412741012303419,0.9991368523176468,0.0120541798016263,-0.041682913168497,9.299253191055971,-0.0059598009411737,0.0007689469671248,-1.0000676093845748,9.125050807896255,3.752060127556799,1.511601395502322,1067.3559044694248,1042.1670170342043,1050.7368110074835,1072.590767036643,282.1099289054394,-45.84242090120298,10.095731563791851,-331.32683803561446,158.44672622829702
49.8175,-0.3724596535322367,1.1788053252219977,-0.1545429966611607,0.0189535938189331,-0.0134555453710812,0.0296707913719489,0.0046640200182583,0.000205585070706,0.0412953870250688,0.999135890043049,0.0141434269580117,-0.0383178119804302,9.30287648828978,-0.0060246831013705,0.000414908342803,-1.001388830223653,9.125032319742866,3.752076735442565,1.5090925417100731,1068.0148689397067,1041.9834118038636,1050.7217264268395,1072.0088114541154,252.5320100125172,-107.50457862990471,-24.06691547442866,-129.5974417105545,158.44412953548627
49.82,-0.6477955777454844,1.3596031630254355,-0.2749881527401568,0.0174026655919981,-0.0097704131223167,0.0286191529873395,0.0046694627064731,0.0001622887496931,0.0413179947994548,0.9991349526374,0.0158290556951299,-0.034844809263942,9.306783200130567,-0.0060589574078793,0.0001288193646217,-1.0026936751663695,9.1250120660893,3.752089653235225,1.5065767117913091,1068.618564519488,1041.6294941410545,1050.616476430111,1071.94277982809,176.88806644093972,-139.2144068442478,-45.45412313550101,77.13056134928331,158.44109842343767
49.8225,-0.8274910051512538,1.4775108672609802,-0.3534240175652361,0.0154815090682795,-0.0065407897624451,0.0274373622897832,0.0046575484923758,0.0001327717720514,0.0413431594143121,0.9991339818089104,0.0169311233819455,-0.0313275516604899,9.310958117178787,-0.006047571492259,-8.705272207826761e-05,-1.0039786628918224,9.124988829869624,3.7520984819341647,1.504056615195713,1068.8993092719106,1041.287339769643,1050.494455811162,1072.3944642608615,54.69544727604374,-122.43640449894984,-42.016271812759776,266.97646845514083,158.4386486396811
49.825,-0.9446911366678116,1.554341242074195,-0.4127699805784982,0.0128541079572033,-0.0032575801085355,0.02616568495149,0.0046362817846199,0.0001191081659604,0.0413740901854493,0.9991328072403955,0.0173740396041771,-0.0277167790492909,9.315379819860349,-0.0059868553464175,-0.000245177227402,-1.0052419153975263,9.124962985991328,3.752103945059837,1.5015348387674468,1068.8920417558684,1041.0173121185594,1050.4063950710474,1073.2776621703663,-70.07171744522617,-68.08755927887587,-13.516273538646052,451.6543356583915,158.4362836924652
49.8275,-1.0077082683065655,1.5859566955141453,-0.4744468536221981,0.0090801701277736,0.0013520898357322,0.0248550690322601,0.004615859955094,0.0001203206067352,0.0414130907627586,0.99913128703146,0.0171500644169603,-0.0239274010276063,9.320022118726868,-0.0058808450454061,-0.0003644565872759,-1.006483137686903,9.1249359310878,3.7521078495633184,1.499014055497836,1068.5489506846843,1040.9469019732485,1050.4268744434687,1074.6527359391544,-170.72413702341757,39.87862421885427,39.24047248050487,522.6334654148765,158.43354980578363
49.83,-1.0008631524289155,1.5505227388756726,-0.5297462555014315,0.005818489144053,0.0057573550521176,0.0239409889703111,0.0046011921260473,0.0001300450019753,0.0414629083325877,0.999129285959331,0.0163595170096695,-0.0199748069991965,9.324855918842209,-0.0057457312789414,-0.0004552387892111,-1.0077032014315754,9.124909393545343,3.752112035221141,1.4964942947176763,1068.038421070752,1041.2167052396535,1050.6025974334495,1075.8908294974383,-226.90792716682367,194.94552763520943,111.0260107727186,470.1463238913544,158.43136213715687
49.8325,-0.9526720775945364,1.4437233317143403,-0.6011997560699871,0.0030490802776496,0.0099735078684904,0.022987311342053,0.0045934351138746,0.0001392173353007,0.0415234968745287,0.9991268023720816,0.0151644528076852,-0.0159396143603481,9.329851013957017,-0.0056047534775137,-0.0005226335748842,-1.0089036077319204,9.12488520476539,3.752118305293594,1.493973793433872,1067.4144110488496,1041.921629611425,1050.9820044973328,1077.0034675586123,-246.78467412346544,357.5886118537245,186.7117411371009,394.1748631561752,158.42927250688928
49.835,-0.8938350258745253,1.2805059114856108,-0.6909885423577907,0.0010330560690192,0.013719597868331,0.0219572892500727,0.0045954953266139,0.0001433685775157,0.041591604274217,0.9991239591348634,0.0136586164823297,-0.0118552403038028,9.334977381903885,-0.0054737679412892,-0.0005779698044489,-1.0100860791789887,9.124865387967391,3.7521283085955175,1.4914519645706432,1066.804497700134,1043.004648298923,1051.5361561391355,1077.86170381322,-217.80561490647213,514.8312896646665,260.13634909223595,257.6955243415411,158.42726668170303
49.8375,-0.8524892873182474,1.0611605061346652,-0.8020000971738689,-4.6519378361401474e-06,0.0167878587691053,0.0207995375677238,0.0046069924457415,0.0001445861551157,0.0416605946739215,0.9991210335278056,0.0118275907953504,-0.0077966566323992,9.340206430669568,-0.0053563037219723,-0.0006283644225732,-1.011252260852041,9.124851074487097,3.752143685605308,1.488928378782242,1066.3253829743182,1044.495786059746,1052.2826862427928,1078.291945180319,-164.07162722581026,723.9671931723411,364.212489433926,82.41416600349443,158.42536395447775
49.84,-0.8490336379967571,0.7557080700132439,-0.9474821956405644,-0.000264695623957,0.0194503145156597,0.0189705527328521,0.0046233350578753,0.0001451286902746,0.0417205720197427,0.999118457993572,0.0096669035343924,-0.0039001656952445,9.34551176122475,-0.0052555798406115,-0.0006736207904051,-1.0124034442802112,9.124841466890892,3.752165248263316,1.486401509543435,1065.9841395640046,1046.6244842647864,1053.3572185863063,1078.2737746432379,-86.20613772423121,810.185331507859,416.08883752921054,-83.16372252971014,158.42320092718
49.8425,-0.8835081483499241,0.4848789796534585,-1.061611587244621,-0.0002663927732915,0.0208724419122543,0.0167929538245479,0.0046391437809899,0.0001437021330883,0.0417651826096085,0.9991165220949448,0.0072531427660845,-0.0003011688869985,9.350869455713097,-0.0051814803346884,-0.0007119098846456,-1.0135404770342848,9.124835740101924,3.7521927275693434,1.4838703282275227,1065.8943522856969,1048.5467127172872,1054.36313043044,1077.8761265676703,-9.347165616745176,760.7189135351389,415.5294615433518,-204.53374756985295,158.42149822783313
49.845,-0.9231230319101102,0.2193461829600173,-1.1413976606753387,-0.0013122039512727,0.0216366244920238,0.0137320444464648,0.0046477299492922,0.0001383503148294,0.0417944443649478,0.9991152561086538,0.0046878205393492,0.0028585853897287,9.356258390084676,-0.005143957670832,-0.0007380706484573,-1.0146639243865767,9.124833408267897,3.7522246339822423,1.4813350363579536,1065.9374037359207,1050.4280788324588,1055.4348658940212,1077.2511059053895,21.81058836703208,766.8996963446884,474.80276692543424,-273.3294788737078,158.41989733256628
49.8475,-0.90450958415206,-0.0687548520779738,-1.1686192937938111,-0.0042160638909803,0.0218690858896551,0.0093681846774791,0.0046445269393596,0.0001298358886631,0.041813161486531,0.999114480872374,0.0020340288493495,0.005496905101066,9.361659942654079,-0.0051458840627054,-0.0007501420981232,-1.0157742979809268,9.124833251204803,3.752258731567855,1.478796045125954,1066.003405227532,1052.3812111990128,1056.7371442650683,1076.509479173301,4.644535370150504,627.5661481590278,470.8593536784384,-230.03279789301868,158.41809015199803
49.85,-0.7750467502417364,-0.2657081073477061,-1.1224122122230886,-0.0078143114311321,0.0214587463598532,0.0058783963105134,0.0046300044964174,0.0001210886749649,0.0418276576618609,0.9991139310837032,-0.0006748346234605,0.0076433727653355,9.36705751197603,-0.0051839683347683,-0.0007548273876968,-1.016872204521841,9.1248341084397,3.752293012514539,1.4762546922978308,1065.9606264127715,1053.5659095732556,1057.7891626624144,1076.1009419159238,-56.988271437109674,345.2748244440911,402.0334324151027,-82.93535639825944,158.416675186288
49.8525,-0.4723569568858115,-0.3968450142259999,-1.0043067430587038,-0.0118929787721425,0.0204243927942733,0.0031802212071339,0.0046081138378641,0.0001141071566712,0.0418447361061037,0.9991133059527014,-0.0033827299480345,0.0094051024530679,9.372436460767023,-0.0052546571972689,-0.0007639460601622,-1.0179583573277964,9.12483453584307,3.752326531444588,1.4737116331751836,1065.7184638703468,1054.1075853212317,1058.747311427142,1076.09480239131,-158.4319959995454,71.36136638642698,385.17920887141673,107.03824844180399,158.41534873450058
49.855,0.1107117864718348,-0.4564809429513445,-0.7886609883814983,-0.016092328521734,0.0183871909934874,0.0007306230913326,0.0045789319299297,0.0001098613235562,0.0418672388837012,0.9991124887385424,-0.0060195410248624,0.0108252553573527,9.37778466226588,-0.0053537087806371,-0.0007795428832205,-1.019033506578406,9.124832827697446,3.752358880912885,1.4711661372236475,1065.1684664327736,1053.9227164051879,1059.7150587067727,1076.6361331581331,-235.22812939419757,-197.334211704846,312.5060961215915,282.35047553647854,158.413851013766
49.8575,0.7543686495064544,-0.4151461269131666,-0.5544624874015648,-0.0181679898347243,0.0160380436919606,-0.001031789906921,0.0045449158718165,0.0001107092185898,0.0418906372908321,0.999111659238822,-0.0085460104929167,0.0119977834694388,9.383091541797853,-0.0054720272403959,-0.000806941385186,-1.0200983663092436,9.124827312526701,3.7523900845964073,1.4686176876406618,1064.5423232233752,1053.1209142627067,1060.3098419077508,1077.5065547689933,-258.82243041251854,-415.01414132732407,176.8893552847447,407.16392614927565,158.4126748149091
49.86,1.4808152708903504,-0.2842884966593141,-0.2722562997366213,-0.0176647599490101,0.0135209438466856,-0.0025781861552439,0.0045127846367213,0.0001250112858908,0.0419086837940833,0.9991110470522347,-0.0110428003265185,0.0131024804005954,9.388347222786576,-0.0055867833642153,-0.0008590690595574,-1.0211536379702724,9.124816789409472,3.752419661266936,1.4660673955615395,1063.874354280712,1051.8476456985532,1060.5995054831956,1078.6719527888777,-246.961072818941,-540.6008802877258,50.69835573801491,485.8106399992964,158.41156548846598
49.8625,2.1819035550797072,-0.1013199935869369,0.0392164934787955,-0.0140401245998193,0.0116494826264237,-0.0035988925702956,0.0044881665919947,0.0001553864642555,0.041919017891908,0.999110723888962,-0.0134976100478125,0.0142918483972025,9.393543021083863,-0.0056854778328068,-0.0009446417754437,-1.0221998356762314,9.124801057462232,3.7524467735086553,1.463515759923342,1063.3075178592799,1050.4179098612667,1060.5633336864407,1079.935607968991,-167.81765620945006,-544.579418229972,-109.57477667829004,491.7827304745273,158.4105058001038
49.865,2.717400918460651,0.0948289800952299,0.3636705863881267,-0.0060489466565136,0.0115780180120562,-0.0034407797645091,0.0044738359546285,0.0001987689141084,0.0419237356682717,0.9991105867549294,-0.0158094993254378,0.0156545817104646,9.398671244433398,-0.0057664728846881,-0.0010647487696081,-1.0232371414250991,9.124780791457491,3.7524706837660657,1.460961835623044,1063.0352659996645,1049.124748607402,1060.0516315998038,1081.1308664412516,-15.702183009139574,-461.99210460191534,-347.8425304427199,467.2667221270488,158.40949891040165
49.8675,3.0116977104498734,0.2688446688737384,0.7292669688564877,0.0073154344017596,0.0139422512438504,-0.0018650109785817,0.0044715191177592,0.0002553675539107,0.0419253699211505,0.999110518827866,-0.0179567818215256,0.0172534003801497,9.403724035162973,-0.0058216173679066,-0.0012176485838775,-1.0242653807266289,9.124756891095778,3.752491204371808,1.458405282474942,1063.2290069442342,1048.1079493382595,1058.8241210342287,1082.271941579624,171.27047544745767,-246.55947070628943,-550.4385814430774,345.8502851532152,158.40834254155777
49.87,2.8970949149089487,0.3171312274638977,0.9834571071359064,0.0192780837261265,0.0170689605135978,0.0003699545178411,0.004479545136881,0.0003223853289698,0.041927606544594,0.999110371969078,-0.0198810227786159,0.0190737812320662,9.408693391684933,-0.0058494788108261,-0.0013937964276682,-1.025283927434908,9.124730716102356,3.752508139206258,1.455845703589816,1063.8916183769022,1047.8919512538698,1057.299438692587,1082.8601178670183,364.94838043858607,57.96285478715381,-694.1585877271423,144.152458514708,158.40741546811182
49.8725,2.402758385855751,0.2438847746490277,1.150624530329469,0.0296588909111762,0.0197782248512392,0.0034675977612014,0.0044956344921347,0.0003937159796209,0.0419321220997828,0.9991100880177128,-0.0214782092747667,0.021074558950281,9.413570470865505,-0.0058566869284659,-0.001581990910692,-1.0262917290651272,9.124703868955311,3.7525211463206287,1.4532829927192368,1065.053748846428,1048.3977636121951,1055.3533280955915,1082.992703872198,597.1803427591996,364.4984788106417,-908.043240729201,-47.064738143623856,158.40651837199343
49.875,1.457741896870094,0.0377769311079857,1.21844239063497,0.0386538980879326,0.0215936923095877,0.0079895540273507,0.0045176301732897,0.0004610610024482,0.0419377996754305,0.9991097285311588,-0.0226174095083226,0.0232021043371401,9.418345134884808,-0.0058559498078595,-0.0017714720371392,-1.027287396283762,9.124677817682842,3.752531104645058,1.450717068544957,1066.8775200906955,1049.7144436479211,1052.7592224889452,1082.6247941763006,707.1754853237572,562.6600677844295,-949.4468069000953,-210.79265756708156,158.40546742856924
49.8775,0.4894203861251795,-0.193753369820398,1.151069854769031,0.0420158729840077,0.0216501378517279,0.0120417194813445,0.0045421633658168,0.0005152348808133,0.0419401739751362,0.9991095017911112,-0.0231640926135184,0.0253667349708945,9.423005891414752,-0.0058632663758705,-0.0019497702639441,-1.0282693210822345,9.124652963409929,3.752539241500477,1.4481481521203963,1068.5896262730437,1051.2110639511147,1050.6060940610953,1081.9387405843636,681.529998609282,625.6574779555632,-800.8079449873089,-328.05164409479903,158.404606795074
49.88,-0.501630185391225,-0.4298805612392108,0.9571351739965948,0.0399333648667905,0.0200714867484475,0.0156772174254964,0.0045648477759597,0.0005538087034938,0.0419374864774259,0.9991095026159974,-0.0231210230246817,0.0274540850278003,9.427539430553555,-0.0058820300755188,-0.0021040252777402,-1.029235859336655,9.124629754691808,3.7525462136149694,1.445576253901085,1070.2851700837437,1052.8427310377008,1048.7551827640063,1080.9845359558255,700.1584747706657,689.5431613948969,-684.4457853955328,-445.8383695679906,158.40375536268726
49.8825,-1.5373939030212955,-0.6583559505670588,0.6049864894481926,0.0326681443696429,0.0168765317569529,0.0187970843059653,0.0045871369831077,0.0005782896747549,0.0419315367913582,0.999109647383776,-0.0225670353412605,0.0294541703893086,9.43193025213218,-0.0059091098184676,-0.0022350510302515,-1.0301853602521176,9.124608859566463,3.752553009025159,1.4430004846989375,1072.0904186468988,1054.6587797580912,1047.1838651341159,1079.7095487365225,604.1106270366564,611.2801456104182,-438.3966239612968,-462.88029779194653,158.40273777399955
49.885,-2.180983944957838,-0.7744817707530659,0.2445679548505732,0.0248012471666312,0.0139263483871476,0.0201612571334111,0.0046107610919002,0.0005933340361069,0.0419245455400406,0.9991098326045807,-0.0216440061291218,0.031358417411508,9.436162153652516,-0.0059356500502566,-0.0023459834635433,-1.0311163584932788,9.124589622507695,3.7525610777918423,1.4404190464107722,1073.305723218924,1055.89913176575,1046.563199644202,1078.670134466868,416.5343269171132,422.85487344203113,-93.29487019003635,-383.76540259240227,158.40188918529108
49.8875,-2.5471614867099324,-0.8013818264546366,-0.1380677192389593,0.0167461461733315,0.0114927496135555,0.0202095795911571,0.004632403915378,0.0006045484374613,0.041919552842557,0.9991099421202234,-0.0205169240033152,0.0330602738713678,9.440220243346916,-0.0059507912190347,-0.0024310337353118,-1.0320279310863272,9.124570893772221,3.752570671550985,1.4378327175263668,1074.1730902814854,1056.7730541253025,1046.7173907831655,1077.7907217235595,289.29712105012845,291.2751525178339,181.873148905968,-310.00473858077896,158.40103599845023
49.89,-2.6838226497487185,-0.7569955953912467,-0.5019088452786427,0.0089706596278958,0.0093394919204878,0.0191566322240703,0.004652536055341,0.000616012180282,0.0419170961989962,0.9991099479131034,-0.0193177894819438,0.0345223795695664,9.444091183026483,-0.0059473565202221,-0.0024933001604353,-1.0329200398038303,9.12455129720987,3.752581836693672,1.4352432475811463,1074.7522088241756,1057.35550752834,1047.4725653887324,1077.1201107739635,165.39858040006527,178.13233196241356,420.7010439233461,-207.0916053139236,158.40017666084543
49.8925,-2.5741170458036784,-0.6366040870734219,-0.8010185339491817,0.0017793941658519,0.007007304574693,0.0167601872475681,0.0046737803753637,0.0006321040385375,0.0419175465333798,0.9991098197471968,-0.0181788372476742,0.035750137760935,9.44776468538822,-0.005917928909954,-0.002541312823668,-1.0337938102632462,9.124530106023812,3.7525940168574223,1.4326529809563275,1075.000083183485,1057.6637157851137,1048.8208960027803,1076.7552636969908,36.03586586234972,96.71047250848969,684.7891159043363,-85.71836019155106,158.3993078483564
49.895,-2.2198015466117926,-0.4268886416882957,-1.0426010947590183,-0.0059204664552539,0.0043287369768192,0.0125041489109713,0.0046962164927973,0.0006530220749795,0.0419194519260232,0.9991096187863772,-0.0171496181542507,0.0367019268979181,9.451235892900343,-0.0058638627755883,-0.0025787486981441,-1.0346514780474332,9.124507295939905,3.752607797885564,1.4300627184056736,1074.9323881534874,1057.8390598908827,1050.8965109682558,1076.6915189730055,-83.66518304124197,46.17636630252857,801.8669443281841,35.339444778383154,158.39825257337043
49.8975,-1.795333228059002,-0.2258189607881621,-1.1302088573888,-0.011408973000221,0.0028431601166886,0.0083261198110186,0.0047184076548722,0.0006727492575431,0.0419214990124029,0.999109411628465,-0.0161556081731807,0.0373089448335468,9.454506551036362,-0.0057998111879232,-0.0026060921715891,-1.035496115212926,9.124484343607191,3.7526238385801647,1.4274725018775596,1074.5817572682784,1057.8945976166265,1052.8302307244232,1076.9319609208828,-196.27945422643847,11.599057135082692,778.0950121843291,145.5206522750773,158.39736170450593
49.9,-1.3146230361864855,-0.0446093928443305,-1.10521091276978,-0.0152590348737169,0.0026817989322592,0.004528521009834,0.004736070242196,0.0006864457172897,0.0419241381723525,0.9991092029122606,-0.0151371118622443,0.0374575256131157,9.457585665026448,-0.0057384403306324,-0.0026181864561284,-1.036331396749766,9.124462969927311,3.752642299047419,1.4248826113441937,1073.950990882356,1057.897055176558,1054.786986029174,1077.4191222343802,-327.98227666886805,-12.445732492636123,834.804074134245,250.57374171056753,158.39645794758894
49.9025,-0.7713651873525881,0.089720317263374,-0.9797353571136376,-0.017153242886807,0.0041554926027093,0.0010990474109727,0.0047406669379547,0.0006980988531983,0.0419270278266563,0.9991090414265292,-0.0141940788896963,0.0369695308402979,9.460489768984264,-0.0056743347139762,-0.0026016628229623,-1.0371613418074732,9.124443593418956,3.7526624406054263,1.4222926995955545,1072.9418458849334,1057.8323689541633,1057.0042510950966,1078.1848296294363,-394.7516320423601,-39.78415293829824,778.3893179799744,293.64830253860856,158.395357423052
49.905,-0.4134952496300138,0.0976551312999905,-0.8313132662653429,-0.0163709793381993,0.0065407633487904,-0.0007887668518898,0.0047247232543684,0.0007127805791128,0.0419280193319028,0.999109046955937,-0.0134351120443252,0.0356972460209525,9.463242434472168,-0.0056001908639749,-0.0025449995394939,-1.0379898510109296,9.124425497833688,3.752683291455376,1.4197023717404715,1071.9772327221433,1057.6981344118665,1058.6789326190756,1078.887363747074,-385.4243878009906,-75.06199980578009,630.2787322849147,276.3557151696899,158.39442617320316
49.9075,-0.2074540483269745,-0.0159497355781704,-0.6803635886661933,-0.0138374168071694,0.0092860469743018,-0.0018228458226487,0.004685198381521,0.0007343094250224,0.0419243921581917,0.9991093444878584,-0.0129303242053464,0.0335855706736326,9.4658731977758,-0.0055117088321089,-0.0024451509987673,-1.0388203695959444,9.124408068925042,3.752704231624591,1.4171112775819468,1071.01472394593,1057.4570589551347,1060.1556447565183,1079.5666082052835,-392.4479077033805,-129.81616233030488,610.4537009838228,281.98505392159984,158.39347930880348
49.91,-0.1401713478243679,-0.2581474762034331,-0.5351079233428921,-0.0108524551426371,0.011132120394399,-0.0023186544549243,0.0046252859295005,0.0007633181837737,0.0419150641137137,0.9991099635001476,-0.0126735470582231,0.0307045628511919,9.4684163040076,-0.0054116164140406,-0.0023110847031206,-1.0396556343317012,9.12439118809272,3.752724678680043,1.4145186023352048,1070.0149931836252,1057.0490536002146,1061.7312011239965,1080.2972890166827,-322.6299568753061,-164.11085125869948,552.7629179430634,253.8674960487762,158.3923239725845
49.9125,-0.1941469767636806,-0.4911785158741737,-0.4596791133148974,-0.0103129529422706,0.0101537577206849,-0.0025376673593621,0.0045501307162795,0.0007938314906372,0.0419012014083595,0.9991108357826528,-0.0125218333957064,0.0271653679844958,9.470910110283777,-0.0053163335429213,-0.0021546734944049,-1.040497523382168,9.124376183001688,3.752743902328856,1.4119244182095108,1069.4015741615528,1056.6365046988408,1062.919459346235,1080.835945685528,-187.1485680013276,-170.88130524577616,457.5717812102608,210.52549308143216,158.39134453825991
49.915,-0.2830154700992224,-0.6742073979996672,-0.4335675886667294,-0.012516844206532,0.0063882950060822,-0.0030857520433885,0.0044654597904295,0.0008153851243254,0.0418867284719919,0.999111778748173,-0.0122380627095752,0.0230954068904356,9.473395447011672,-0.0052513163483395,-0.0019881868883242,-1.041346998344121,9.124363880463903,3.7527623596632735,1.409328766013617,1069.0792503436196,1056.1946470739863,1064.0190600300457,1081.3499164820887,-79.4582943537128,-174.81011726627153,428.0221194098514,214.16143227414025,158.39034693462384
49.9175,-0.3442168415591173,-0.7680879473139631,-0.4402357678182342,-0.0158386358253064,0.0016293901715839,-0.0040637436201722,0.0043740034971598,0.0008246285320759,0.0418766439613731,0.999112573040579,-0.0117155616855859,0.0185790309568913,9.475913525638504,-0.0052263106092607,-0.0018180508605605,-1.042204149727911,9.12435425088061,3.7527802813895295,1.406731112211877,1069.004282689784,1055.7624541125087,1065.0595699432852,1081.9067528468993,20.413221806337347,-164.77844246501928,400.50678116583606,251.17902908151217,158.38933347493287
49.92,-0.3349122763908335,-0.7371240569746234,-0.472298226527841,-0.0185960375127218,-0.0022934938101905,-0.0053743798036483,0.0042747266195681,0.0008252990479834,0.041876694393659,0.9991129780454684,-0.0109809138238652,0.0136420359309876,9.47850380945123,-0.0052348997106794,-0.0016433675049132,-1.043068138152831,9.124346206650435,3.75279723453596,1.4041305777755835,1069.1813164526511,1055.3707548616608,1066.021593935876,1082.6058116274971,112.5347467753386,-160.4147196289072,398.29998524064496,361.13099547675216,158.38829962191977
49.9225,-0.2377216349700976,-0.5825577451830054,-0.5238572105432059,-0.0202129185070097,-0.0051471248483793,-0.0068389711692487,0.004170983548501,0.0008203029522311,0.0418886216336675,0.9991129034159886,-0.0100405243092037,0.0083987939482588,9.481201329814553,-0.0052714034341966,-0.0014723967046606,-1.0439371225223553,9.124337853596392,3.752813515580776,1.4015267203822823,1069.5669564236603,1054.9603805143652,1067.0510698694868,1083.7124078242812,148.74314542345596,-142.81611482503618,349.9278932706631,459.2851494480252,158.38703334631816
49.925,-0.1000031581311851,-0.3960258912088824,-0.5676816722779588,-0.0201852654143322,-0.0058629086433336,-0.0078147889216958,0.0040678385639507,0.0008171778506807,0.0419111629924309,0.9991123762444768,-0.0089889408706982,0.0030050600828202,9.484035032614134,-0.005319156378958,-0.0013175755123008,-1.044808472321746,9.124327412628482,3.7528301332745224,1.3989193438520475,1069.925032179769,1054.6566742875355,1067.77123340223,1084.9022373747384,128.1717339219339,-121.21282883711666,252.0139280067799,530.6813480528049,158.3859549193427
49.9275,0.0771498868520735,-0.1998777618158929,-0.5980659780625114,-0.0193091358915563,-0.0051389046383111,-0.0086663006184843,0.0039707993024152,0.0008204492032065,0.041942000796929,0.99911147028763,-0.0078677475368948,-0.0023729804447933,9.487026725919426,-0.0053664787662602,-0.0011922002342105,-1.0456788958334793,9.124314178119697,3.7528471539327537,1.3963076766577232,1070.2078150932703,1054.3543163701793,1068.3111395095211,1086.3658145645468,93.32110365766614,-145.68095179528945,189.7540490834124,689.9018091828929,158.3848498832349
49.93,0.3265250888753316,0.0081068709528386,-0.5935846195490861,-0.0184481935525921,-0.0038174865178671,-0.0103938978196905,0.0038883412317509,0.0008237796241887,0.0419753926228857,0.9991103961405048,-0.0065170648224583,-0.0075182355330028,9.490189972942058,-0.0054236867478395,-0.0011149500700083,-1.046544614389859,9.124298398384674,3.752865071997952,1.3936917374886395,1070.391637698057,1053.9282695285597,1068.7200036476463,1088.3517464206495,41.497622784415086,-176.17406020708668,106.94951178646974,743.7939811237189,158.38348969431536
49.9325,0.5666296830520507,0.1498406894833306,-0.5334578973894459,-0.0182903762085086,-0.0030045064267337,-0.01274057622659,0.0038299096060124,0.0008226707551934,0.0420072403995571,0.9991092918359564,-0.0048197932322334,-0.0121915899268732,9.493529059848543,-0.005496758889683,-0.0011066182840523,-1.0474017989095863,9.124280857426728,3.7528842061665433,1.3910728605483211,1070.4153032071924,1053.4734460691432,1068.845887068454,1090.0847844701673,-9.225230175202167,-210.3788347400784,1.9335026005127585,673.5815437758639,158.3823249898766
49.935,0.8371150756874125,0.264824059170918,-0.3965849427488454,-0.0178517916350813,-0.0027613819623073,-0.015306272104977,0.0037974692394561,0.0008129230223378,0.0420348526832457,0.9991082678769339,-0.0026808443268543,-0.0162949349099297,9.497039199272413,-0.0055900952569933,-0.0011720744556497,-1.0482467854653015,9.124261741496406,3.75290395077408,1.388451659322732,1070.3455115471809,1052.8763753548587,1068.7296711606489,1091.7196541395308,-39.62817042519384,-296.9358454180992,-112.54731578952718,650.2056741475828,158.38112432841635
49.9375,1.1711544465438544,0.38279971978742,-0.1481498780788325,-0.0157463402032459,-0.0029087394267745,-0.0174689557078254,0.0037862298613455,0.0007912930348216,0.042057069762249,0.9991073974179746,-4.0155385036261607e-05,-0.0198588015565991,9.500706362866877,-0.0057054229346252,-0.0013015747604996,-1.0490761745173107,9.124240835822894,3.752924160291077,1.3858279449265583,1070.2171623550666,1051.9887668420542,1068.2831504895069,1093.3358128409022,-46.39084404056702,-348.7652707009136,-218.1059675028501,504.1110054942274,158.3796379892884
49.94,1.4254196152946648,0.4641635094906539,0.1074476118622968,-0.0123663759194254,-0.0029188314726725,-0.0180555200940045,0.0037929898195826,0.000761901118026,0.0420748498322317,0.9991066517248404,0.003011764597921,-0.0228808665547002,9.504507413184424,-0.0058292963943611,-0.0014886029056659,-1.049886937001068,9.124218508091843,3.752944955627132,1.38320228304087,1070.1135573269783,1051.1325490013555,1067.6391413231356,1094.2402091669996,-33.06516023361055,-353.39919140165074,-314.04837830616395,245.7575087211005,158.37835890734652
49.9425,1.61383919011149,0.5116260054572876,0.3740105177597374,-0.0077305885800357,-0.0019263765391921,-0.0172190358046902,0.0038197655662276,0.0007292977791481,0.0420874281094119,0.9991060520174612,0.0063685204936692,-0.0252644020136658,9.508411540711696,-0.0059481463222403,-0.0017367837680446,-1.0506763673559507,9.124195084107809,3.7529659993988256,1.380573545160356,1070.0518365538985,1050.221770885045,1066.7129085979752,1094.5646003845084,-12.7615944797006,-359.74732201025074,-413.3716649179564,30.13989766421496,158.37703534037368
49.945,1.724780546748361,0.5106727260584382,0.6179535292897743,-0.0026151388835224,0.0002487418182314,-0.015305191899103,0.0038599229280989,0.0007035408807232,0.0420930766132028,0.9991056861472332,0.0098010292937588,-0.0270794642182812,9.512382433623348,-0.0060365487450253,-0.0020310959784188,-1.0514422896930775,9.124170733720087,3.752986047904176,1.3779410089938076,1070.0497493545795,1049.3338123913036,1065.5722829985448,1094.3909086553208,18.996199131078352,-332.35620798576053,-499.5303941737343,-173.8875809986656,158.3756734178754
49.9475,1.7305332662335364,0.4326629094331598,0.8037873767428522,0.0021791863746637,0.0030291007644985,-0.0125213302030524,0.0039038549637302,0.0006949479342886,0.0420924768561254,0.999105554523432,0.0130628031540894,-0.0284612299793798,9.516380120076168,-0.0060688624935575,-0.0023492168122927,-1.05218321106451,9.124144702956688,3.753003955660745,1.3753044693469427,1070.1468175495538,1048.5599898451176,1064.2152566271088,1093.6951624795158,70.88742133929384,-295.85726574913093,-634.6005613688185,-385.8406502576444,158.37426394659647
49.95,1.6177258195765183,0.2520361593171978,0.937977939398302,0.0070602269527591,0.0054691964379956,-0.0088903874283922,0.0039422330845743,0.0007062897510725,0.0420885538261525,0.9991055688611769,0.0160428099898275,-0.029556056849506,9.520363033221333,-0.0060361667291837,-0.0026677941968541,-1.0528985171793277,9.124116848710893,3.7530189261132487,1.3726637591642703,1070.4041864612764,1047.8545260625572,1062.399280191699,1092.4617054040316,119.6301461561986,-214.07321805752835,-687.7946904731408,-480.13533834139696,158.37251654845625
49.9525,1.4303089457181628,0.0506143716316759,0.9741337075050248,0.010769002269708,0.0061930636600447,-0.0060976074225024,0.0039699253938776,0.0007310565068197,0.0420853899891833,0.9991055807285684,0.0188041149018288,-0.0304493677167796,9.524290080865859,-0.0059506021250998,-0.0029708428532955,-1.0535887519081484,9.124088404408655,3.7530306369033894,1.3700200330091892,1070.7449682803351,1047.4896237548296,1060.7762831747411,1091.2944857878076,162.1515776622911,-99.43644843992791,-659.4422697976911,-449.4614378903856,158.37101336142857
49.955,1.1543121591119188,-0.1650445434205745,0.9418533548359068,0.0144232203121581,0.0056453678228832,-0.0038832222471225,0.0039838163577909,0.0007634608236562,0.042084916382156,0.9991055263493214,0.0213946024307095,-0.0311994001940243,9.528123148035437,-0.005824385731884,-0.0032464825247205,-1.054255987215384,9.124061115520009,3.753039379042801,1.3673757176348003,1071.214944349587,1047.357343820358,1059.1020688427136,1090.2143982145817,233.84739538093388,-13.056951494438776,-729.5158304793763,-413.4239247125765,158.3694615223267
49.9575,0.737274948438078,-0.3959840964940428,0.8403552666627182,0.0181544594780372,0.0039483823314648,-0.0017524992840833,0.0039845069481165,0.0007934024284022,0.0420879235264848,0.9991053807721088,0.0239465769812195,-0.0318087010771409,9.53182918213376,-0.0056805704184416,-0.0034904648407496,-1.0549037488127335,9.124036214402388,3.753045499805749,1.3647328014008684,1071.9142052572404,1047.4243389973572,1057.1287040223426,1089.2273661642437,275.56053315069676,53.41749832698038,-700.4928876039285,-294.49439102534996,158.3675441160302
49.96,0.3404161030233991,-0.5409580570915486,0.7122777024259961,0.0201865223603264,0.0022095499735321,-9.707198156691728e-05,0.0039799989631108,0.000805107513579,0.0420925086982283,0.9991052063179396,0.0267081197401743,-0.0321541613239439,9.535381794476798,-0.0055560578288217,-0.0037142208836827,-1.0555366653957847,9.12401476762869,3.753049752567665,1.362092113855798,1072.5927470153413,1047.624431311993,1055.599604404692,1088.7419262594542,285.7731650337298,101.59359414560784,-565.327433679536,-124.66717093786852,158.36590179898914
49.9625,-0.0682852630465434,-0.61934492080784,0.5446408430282786,0.020731988734851,0.0004484018328726,0.0015000766331465,0.0039790591541279,0.0007891744602343,0.0420932120837037,0.9991052055255064,0.0298102846422095,-0.0321023427921032,9.538762924582072,-0.0054752352748424,-0.0039322525809406,-1.056160120100686,9.123996865341631,3.753053767396151,1.3594542778121403,1073.3430710824075,1047.9323069680847,1054.3020668539475,1088.604030309555,340.1158116154954,157.66596555191546,-492.8450009979067,0.2386680711423339,158.36421609724482
49.965,-0.5166940204740813,-0.626959696319172,0.3031501356986252,0.0195769151672465,-0.0016975783300228,0.0031755605957159,0.0039829217254104,0.0007458828783745,0.0420880771723186,0.99910545226877,0.0331980900639429,-0.031663809159143,9.54196374874742,-0.00544172407742,-0.0041449301495606,-1.0567797099819132,9.123982383887656,3.753058812553036,1.3568191371093719,1074.2933260734196,1048.412761139753,1053.1353793997012,1088.74311959981,354.2017677084011,198.06596900583696,-348.58916460198446,82.17087384973982,158.36214755984025
49.9675,-0.8146393046786193,-0.5589350232039128,0.0756935624453414,0.0173396156382958,-0.0035552315686129,0.004079560995611,0.0039927414807181,0.0006817482403957,0.0420763824840005,0.9991059650412007,0.0367029241512919,-0.0308521196334485,9.544984319811665,-0.005445771383738,-0.0043538387496274,-1.0574004831356094,9.123971303551254,3.753064628490672,1.3541862800335047,1075.1140799209506,1048.9226368131147,1052.5591210309367,1089.0148846788038,337.02482247766693,235.3772197003176,-138.81744638400852,120.11357862799753,158.36038977640388
49.97,-0.9933179228563324,-0.4168866619534634,-0.1634442568130984,0.0142226060163988,-0.0053223330367728,0.0040777233549415,0.0040116564873623,0.0006081416876437,0.0420557978688519,0.9991068191559488,0.0400709393696382,-0.0296434393445834,9.547832602152338,-0.0054668372452418,-0.0045658896968336,-1.05802629452717,9.123962453769026,3.7530710742413342,1.3515539541287367,1075.9784501858064,1049.5896472382535,1052.441292167782,1089.3436874929491,360.03287461162245,300.73155499279056,29.466894018999874,131.85294269762912,158.35860254612436
49.9725,-1.0525654811718903,-0.2221855178232108,-0.3970250576451255,0.010509318169093,-0.0066267028909769,0.0032410174569261,0.0040373175255667,0.0005355228822916,0.0420273641648408,0.9991079714268832,0.0430667397148695,-0.0281219927628616,9.550522761262975,-0.005484717550584,-0.0047768034191881,-1.0586593699566225,9.123954840792168,3.7530780814764255,1.3489208073782348,1076.9142442940097,1050.4262945880791,1052.7064555010315,1089.6741493922923,404.17534868254063,383.8925128957126,191.41312644232343,132.93000828991828,158.35679600266116
49.975,-0.959929137698014,0.0171094810386521,-0.605975836741327,0.0062033401556609,-0.0069400238569004,0.0016276561264869,0.0040645187816322,0.0004723550220029,0.0419936616527901,0.9991093281048552,0.0454961361649939,-0.0264287600585166,9.553072957087764,-0.005481864585006,-0.004976431818778,-1.0593000708695974,9.123946759855006,3.753085248508083,1.3462841473833385,1077.99932692922,1051.509109802733,1053.398357799994,1090.0083375343993,527.4031836636161,538.8374980936431,385.6488598885658,161.9785480279115,158.3549732061179
49.9775,-0.6946073719915176,0.3261041022580687,-0.8109651509045754,0.0013830861505147,-0.006207957367358,-0.00050811592734,0.004092558698188,0.0004263186602065,0.0419571275890627,0.9991107852475838,0.047188712567689,-0.0246178979268888,9.555502925664674,-0.0054414839744021,-0.0051643589236393,-1.0599469349354955,9.123936241303625,3.753091357033479,1.343641699985494,1079.5512602123251,1053.1204820785451,1054.6346998004728,1090.4840421324311,615.9566589460187,640.243618121658,503.3922379645144,202.36264204857997,158.35277658414122
49.98,-0.3884341833446656,0.5810421655015287,-0.9344132329584623,-0.0013054723494551,-0.005100787392494,-0.0019828488778776,0.0041224358417033,0.0004017650027541,0.0419208832800036,0.9991122063920406,0.0480439738907842,-0.0227103579504851,9.557831677933672,-0.0053529674723552,-0.0053437573741681,-1.0605971115555095,9.123922009278541,3.7530954045053937,1.3409932718653415,1081.0791102239518,1054.7103278933428,1055.915318989818,1091.0201507446427,652.3990540867388,673.178975696984,539.0040841230955,259.6131657168861,158.35094493846532
49.9825,-0.0739662417954519,0.8108863909829948,-0.9934211109439124,-0.0019764559045346,-0.0036403853954637,-0.0033791352919649,0.0041541993667505,0.0003968135224656,0.0418887776671697,0.9991134306880736,0.0480848130680944,-0.0207449707464182,9.560075596188616,-0.0052183620551998,-0.0055156713900875,-1.0612469906845508,9.123903999748167,3.7530971339807455,1.3383391111685703,1082.8132554827607,1056.4863769570316,1057.3297202210897,1091.7821079610162,780.8359194448993,793.9643774737251,621.5525456059563,395.17694873338326,158.349119329161
49.985,0.204611945315323,1.0300065681958648,-0.9563780897900576,-5.736754914072574e-05,-0.0010222523100365,-0.006030337696771,0.0041863870768506,0.0004091785495151,0.0418599737258148,0.9991145002349564,0.0473465258870654,-0.0187824168101097,9.562247786204013,-0.0050406290013114,-0.005678626763187,-1.0618929203948295,9.123882572522222,3.7530974670812,1.3356799707722469,1084.9832898211728,1058.680149780708,1059.023081717845,1092.9960354883078,776.9879458982023,786.3130059082848,598.539890850146,491.60846766778695,158.3469431061093
49.9875,0.2843460701394623,1.1434500129219791,-0.8038965677416926,0.0034787442205278,0.0021449433776836,-0.0095394029400894,0.0042193378920871,0.000436113512892,0.0418332976838414,0.9991154644319707,0.0458812029836158,-0.0168409734298375,9.564357435151774,-0.0048246901832828,-0.0058357833609692,-1.06253172427661,9.123858868269393,3.7530979726275366,1.3330182278218472,1086.6981952122535,1060.4179419865752,1060.322419675342,1094.2401502993564,621.5065816116752,642.7002769156284,476.9721106499507,532.9782663331118,158.3451466273081
49.99,0.1591478198443355,1.1637834507621008,-0.4978991029216607,0.0078114806383437,0.0062935448182469,-0.0141634752709327,0.004249452992872,0.000472874451699,0.0418112344878486,0.9991162363982358,0.0437836395946581,-0.0150066964441502,9.566410055820835,-0.0045806962020809,-0.0059825953189136,-1.063161089155467,9.123834111814164,3.753100347796853,1.3303553795260044,1088.0908227292327,1061.8936511652876,1061.4079422710959,1095.6609268199747,493.3725269541295,560.5964844443048,417.3546394098752,644.018544706154,158.3433731066321
49.9925,-0.2111688929513621,1.076595176660481,0.0311950229504261,0.011870388681463,0.0113092901431652,-0.0191456682707543,0.0042725715848439,0.0005105635799103,0.0417966343490228,0.9991167182175368,0.0412368931218494,-0.0133698019325869,9.568407770075208,-0.0043292174044065,-0.006113607826619,-1.0637795855069023,9.123810102942477,3.7531054738844554,1.3276917896022526,1089.165057847022,1063.220924408794,1062.4091928723894,1097.4602430228842,273.4370031474975,403.79059653739466,316.43342259319246,657.404967966095,158.34127674495497
49.995,-0.6400002249416107,0.9284655785970074,0.5485410344841584,0.0126922369174306,0.0143916248007261,-0.0206394107897075,0.0042869119084048,0.0005437487712119,0.0417907940301214,0.9991168657318964,0.0383704572414741,-0.0119621818904875,9.570350512414528,-0.0040853653452693,-0.0062290340855907,-1.0643866214085316,9.123789020396579,3.753113590355624,1.3250275144048196,1089.4580077449707,1063.9126041479756,1062.9901093840626,1098.947951659807,-15.606916189782368,193.3955320840516,184.16676055066677,571.5342008802768,158.339559678583
49.9975,-1.0751548292765376,0.7410064778663059,1.0278745323955747,0.0096478094610952,0.0157650098240887,-0.0176983478722207,0.0042918688705026,0.0005710520637101,0.0417908768435124,0.9991168006267545,0.0352491347366231,-0.0107804139510135,9.5722369998543,-0.0038571569888046,-0.0063318442905926,-1.0649823369507612,9.123771780320592,3.7531243698700454,1.3223619746760027,1089.0870232660732,1064.1879020692147,1063.3300266751432,1100.317914027287,-304.830140932613,39.80620185874596,99.68309662945073,555.7186369784229,158.3378768672517
50.0,-1.459082023934344,0.5165301469975833,1.411700081647686,0.0020693152025415,0.0160920021519062,-0.010137919603342,0.0042861439719786,0.0005903717974615,0.0417947755023375,0.9991166184647025,0.0319633466059141,-0.009827051786769,9.574065530013586,-0.0036550398244812,-0.0064228958364915,-1.0655675017833512,9.12375871001964,3.753137475949884,1.3196954088684716,1087.9338570403092,1064.1116351572691,1063.4885248672094,1101.7265448446965,-520.7529346543386,-81.24578154391315,19.38682923634532,467.94717707058953,158.3358996068369
50.0025,-1.5876860232055143,0.3504326456167527,1.495500935144478,-0.0055959110948125,0.0160704470342099,-0.002511015086817,0.0042709499986781,0.0005974766390866,0.0417994113366571,0.9991164461258782,0.0286585494500053,-0.0090522857368066,9.57583471325356,-0.0034945934259701,-0.0065072707727033,-1.0661434060784503,9.123749723884998,3.7531528882201393,1.3170277991465111,1086.4832585928038,1063.7816731614955,1063.4269608213249,1102.657649912638,-649.1889250259054,-170.40523257642613,-62.501085485168765,317.4487816479736,158.33428797193267
50.005,-1.4883965218808763,0.21118892361567,1.306301540904499,-0.0122017805999737,0.0161509429456655,0.0046386292416157,0.0042433635212085,0.0005918681351465,0.0418052379456529,0.99911627881061,0.0254167269869782,-0.0084790996292024,9.577544987119127,-0.0033828674586764,-0.0065802746097221,-1.0667119251516892,9.12374459598932,3.7531692883543335,1.314359000487343,1084.687912415178,1063.2596089943868,1063.1760194397834,1103.3137887529372,-748.7209561167027,-231.5721709727493,-129.36909684101667,217.9414113986035,158.33271397372172
50.0075,-1.2226837992745134,0.087300469706376,0.9199655487773896,-0.016969234516958,0.0163508151381994,0.0103225495440687,0.0042023315353719,0.0005771777515943,0.0418137991812575,0.9991160565564184,0.0222517708930364,-0.0080906321868175,9.579198709430049,-0.0033174622467518,-0.0066400465533664,-1.067275376333732,9.123742955139356,3.7531856417875247,1.3116897355091532,1082.7396538122184,1062.6238123066314,1062.7801153371195,1103.7473569696315,-786.9646559907205,-278.08729870246503,-188.2414906208744,126.33147621179552,158.33117058605097
50.01,-0.8171271771776945,-0.0321090641892505,0.3825074934439307,-0.0193268772625573,0.0166276642711418,0.0130069013613579,0.0041522306495474,0.0005565011811963,0.0418239593897922,0.999115806854698,0.0191989986367938,-0.0077685338862156,9.580799991935221,-0.0032962475337028,-0.0066946911427767,-1.0678363371362638,9.123743446928689,3.753201273725187,1.309020458452278,1080.753089135228,1061.8691725008755,1062.23481198668,1103.9454461339956,-852.9141121708745,-362.88760032820926,-266.0554055896231,46.799837481397546,158.32966249645247
50.0125,-0.2593294356861004,-0.1872199581486168,-0.2875531222917349,-0.0198070584851814,0.0169662390718063,0.0120502306723954,0.0040929106294583,0.0005422580128477,0.041834259903084,0.9991155826383686,0.0161150082038686,-0.0074786297464577,9.582355474559613,-0.0032950566344393,-0.0067419600832618,-1.0683976526174923,9.12374444124384,3.753214512360111,1.3063522323091112,1078.4750832513619,1060.8093743049894,1061.4498383091707,1103.9813561570384,-801.1937679599664,-418.0181414187836,-303.63063117982085,-8.372367055240185,158.32789038931455
50.015,0.2054480412677165,-0.3332766817252909,-0.7559936648974123,-0.0188232571093143,0.0170853969039077,0.0080696504304287,0.0040249111135705,0.0005451864179142,0.0418432994567209,0.999115434997258,0.0128886337503145,-0.0071824762413498,9.583873192133005,-0.0032914474065833,-0.0067795851619106,-1.0689620139391796,9.123744643300926,3.753224403688212,1.303684409870559,1076.747120295426,1059.7790817937807,1060.71665883078,1103.9035842987191,-640.6445193549104,-441.3431811488784,-304.15684085815354,-40.50612402656089,158.3264418848607
50.0175,0.6164914084406994,-0.4944381606387813,-1.0301037207794015,-0.0167025859420439,0.0167444024049529,0.0021748749375161,0.0039549069567467,0.0005653196323951,0.0418497237421515,0.9991153927258116,0.0096140845424902,-0.0067423343550706,9.585361428167738,-0.0032845314337416,-0.0068164694150105,-1.0695315158166308,9.12374403657466,3.753230840427508,1.3010163385755102,1075.2718606545902,1058.602658399247,1059.9290541048813,1103.778825536906,-576.559812944584,-537.3174405770421,-354.44788391055283,-54.97684685685188,158.32501877679385
50.02,1.0087969849914595,-0.6880954796829414,-1.0857036828884965,-0.0129646877320118,0.015327754012363,-0.0047868320116532,0.0038917840484137,0.000601506729157,0.0418536311017515,0.9991154201658916,0.0064014541600876,-0.0059899851396832,9.58682807709453,-0.0032744851353197,-0.006865612842397,-1.0701075170484864,9.123742317562622,3.7532334046181375,1.2983483033837464,1073.8643212307015,1057.092494590894,1058.9444194112264,1103.6287000644347,-447.3364864472372,-552.0414346705725,-363.8908270930145,-49.51248605304695,158.323336536881
50.0225,1.2392687268076497,-0.8309010941627867,-0.9177389197543384,-0.0093090176086687,0.0132579274042879,-0.009340989029991,0.0038393070317121,0.0006475999868287,0.0418588804746127,0.9991153525010998,0.0034400305745193,-0.0048707530225299,9.588279779437233,-0.0032702618862235,-0.0069285707555581,-1.070690498499837,9.123738790749057,3.7532315058522454,1.2956804302331957,1073.035178222353,1055.8424512258928,1058.1095999694153,1103.5312631066406,-253.63954661593527,-471.7879044702129,-329.9147794467262,-28.119391331964035,158.3219537119199
50.025,1.3728900831845323,-0.9324139537248016,-0.588281949861628,-0.0059515314097955,0.0105989426813471,-0.0120631926853171,0.0038016403394796,0.0006912334444253,0.0418690455454071,0.999115043828038,0.0010228165509427,-0.0033384131291334,9.589720079427416,-0.0032929592890553,-0.0070077096537089,-1.0712797419650557,9.123733498820355,3.7532256714725056,1.293012352862278,1072.5961234976232,1054.7335550685452,1057.2948455139942,1103.4881031077753,-101.12147420404028,-424.97561125897926,-341.53480021451094,-4.17446210699168,158.32058877636547
50.0275,1.437633844712181,-0.9895886475918788,-0.1093576456505765,-0.0025341308490361,0.0070030922469376,-0.012952885649064,0.0037892388598327,0.0007215481682572,0.0418861931752307,0.999114380576376,-0.0005995185936111,-0.0012350350420599,9.591147239579636,-0.0033601185036612,-0.0071200649171757,-1.0718730805959773,9.123726214809011,3.753217407704691,1.2903424903577663,1072.5295708513324,1053.7175731695968,1056.4019259683419,1103.5103907961056,49.06021192962035,-302.35307045398247,-302.4398201010898,17.182254237687022,158.31897031463154
50.03,1.4216442834719476,-0.9797947540018508,0.2782015231911931,0.0002227773253035,0.0040836854370428,-0.0115872821829893,0.003797789883327,0.0007410504466079,0.0419101374612433,0.9991133762921144,-0.0014649476121454,0.001316734755527,9.592553989685614,-0.0034587025092636,-0.0072537199170091,-1.0724672167501137,9.1237163142596,3.7532082630277688,1.2876686516387816,1072.8414245572715,1053.2217897162743,1055.782646413488,1103.5740143789635,192.0009334560218,-114.080704652055,-209.1123254915684,23.255419341124483,158.31763755958866
50.0325,1.3346721347633703,-0.9167452812566256,0.5681689375665481,0.0033957647089656,0.0017170641848024,-0.0084939166442333,0.0038167188472091,0.0007528477221386,0.0419389704618609,0.99911213979275,-0.0016499687521393,0.0040686144781713,9.593926246011199,-0.0035734675259399,-0.0073849883781283,-1.0730577527242815,9.123704074286179,3.7531998640084954,1.2849896568320247,1073.4895755186117,1053.147169646337,1055.3563643408847,1103.6266678928112,305.5023323340066,38.97778213111276,-130.92994662818123,6.359577259305682,158.31632182912648
50.035,1.1848046459614574,-0.8188251743942758,0.733097746656635,0.006878499404705,-0.0001917196440234,-0.0046484091507481,0.0038430487706349,0.0007606186550984,0.0419693751782894,0.9991108102954832,-0.0012581517154259,0.0069150048838879,9.595241703623248,-0.0036885901977061,-0.0075080619871046,-1.0736394461570515,9.123689749713563,3.75319276345344,1.2823054524007744,1074.3689362189423,1053.4166786269302,1055.1279966803468,1103.6058122652603,394.3332556638581,177.40213798324496,-38.67865086597544,-42.833465921172234,158.31502106722155
50.0375,0.9567460644923333,-0.6897035519005116,0.7268567340860139,0.0102396024180953,-0.0017688318187434,-0.0007865477110203,0.0038723150642685,0.0007617789928577,0.0419997053420989,0.9991094702290249,-0.0002955642052049,0.0097161845333726,9.596471195243392,-0.0038018211181491,-0.0076147160948299,-1.0742068744360467,9.123673336630848,3.753186860748957,1.2796150365990175,1075.461241796932,1054.0341803362537,1055.1629710865548,1103.4125005632052,513.1678461683924,322.68087928466474,75.02575222854378,-143.47822321259943,158.31373939614025
50.04,0.6025682882324311,-0.5089157436149419,0.5379231839259959,0.0133917524636429,-0.00352085922458,0.0031445491270605,0.0039023577798401,0.0007504087134306,0.042026142160084,0.9991082915624692,0.0012779011760794,0.0123760118760812,9.597579507893249,-0.0039188146467582,-0.0077025023374699,-1.0747550570925495,9.123654609208275,3.7531824228120296,1.2769183969355056,1076.934775449782,1055.030083023352,1055.5031254414891,1102.888421149198,556.6530418261544,381.9289874817379,166.83084242618511,-249.6535437495909,158.31222391754764
50.0425,0.2586192205171686,-0.3429108052265356,0.2683625815671196,0.0149714938189796,-0.0048320398689546,0.0053778584173282,0.0039295926957119,0.0007253909284832,0.042043257590691,0.999107518621098,0.0033921178255756,0.0147794125261463,9.59852763046992,-0.0040356044013542,-0.0077672280859813,-1.0752802786238445,9.123633595237578,3.7531798645089194,1.274217809181503,1078.244507006064,1055.9438252736632,1055.9971252986863,1102.1642328444564,529.6129609041619,354.98382911473556,224.0520267012689,-350.7154497134732,158.31097937112577
50.045,-0.1036465369143368,-0.1708486799641701,-0.0463587133388553,0.0151817174203565,-0.0056444993591109,0.0056790991618942,0.0039448618054335,0.000693489227819,0.0420473753075178,0.9991073358566988,0.0058079654486288,0.0167172584338423,9.599276118273934,-0.0041319104440699,-0.0077939877867122,-1.0757807378809003,9.12361008424078,3.75317922872012,1.2715155450582685,1079.582840254304,1056.8050021689266,1056.623385574996,1101.1348439006297,582.0832315317895,347.150319830732,278.02478623609926,-509.07402244521023,158.30975250917277
50.0475,-0.5160691243259998,0.0261381490499832,-0.3805553450812988,0.0138449678544357,-0.0057064940206865,0.0030368218508241,0.0039448859043333,0.000658642853646,0.0420361562516838,0.9991078506980312,0.0083362248193215,0.0180987981296028,9.599787384110895,-0.0041954914167953,-0.0077804821916781,-1.0762565326060092,9.123583468880929,3.753180190287284,1.2688133433091486,1081.1549231637205,1057.6795768728155,1057.3872492298656,1099.6188627322329,559.1240998240532,291.59697972912545,259.7072535895713,-580.5585014636775,158.30829809749997
50.05,-0.8116692933534793,0.1696655204270788,-0.5646228134034897,0.0116594659743772,-0.0049844912587189,-0.0009985123830909,0.0039350366306873,0.0006214838978086,0.0420110729669007,0.9991089780123088,0.010854157764865,0.019005259004851,9.600028721731007,-0.0042238585518434,-0.0077426343829647,-1.0767095602198935,9.123554665043272,3.753182770056312,1.2661117415358325,1082.3784607534255,1058.262987067573,1057.9219218429444,1098.2320513933098,455.3718298592629,212.02724484117493,169.76270645955492,-543.9227037131277,158.30709831097795
50.0525,-1.0305954163187363,0.2818279705217529,-0.6199031480872134,0.0088580665510182,-0.0037732272996763,-0.0048179943246449,0.0039226805862945,0.0005852751395648,0.0419752100725352,0.9991105570063122,0.0131914148224576,0.0195671696486058,9.599976477550538,-0.0042112493995172,-0.0077005709733678,-1.0771434519740852,9.123525907903828,3.753187399739061,1.2634111653845903,1083.431782313018,1058.7397130970219,1058.2360627621636,1096.8992492136658,405.95621387129165,201.68742374767288,73.62406625349979,-528.6301441961574,158.30590721082044
50.055,-1.1862805823409954,0.3807343128260251,-0.5572287970944749,0.0051850368550222,-0.0023261655085794,-0.0076946941967805,0.0039119880362624,0.0005528452837606,0.0419322217538704,0.9991124173579377,0.0151899163938654,0.0198619611355282,9.599619911465089,-0.0041548834083509,-0.007666899969941,-1.0775633408398175,9.123499405752183,3.753193345999165,1.2607112864606156,1084.4082418227804,1059.2714241863105,1058.2900421742115,1095.5889006723314,300.33998859024086,197.5889549784723,-31.518446862748775,-404.3486083178528,158.30448226321815
50.0575,-1.2202346993613216,0.4413643003558408,-0.4355776879457805,0.0019734006615471,-0.001395033876279,-0.0087396217606628,0.0039093938654067,0.0005246911795706,0.0418833420908704,0.9991144846505619,0.0167496283508263,0.0200164909330949,9.598963101288925,-0.0040593732999647,-0.0076580923124377,-1.0779754570100717,9.1234763789052,3.7531995609782647,1.258012381167659,1084.93348225597,1059.7276578719147,1058.07847052785,1094.8775061720755,145.44791165837358,187.54296284359447,-119.9139565474366,-184.48914191298735,158.3032938968161
50.06,-1.1530309582558904,0.4918905228346756,-0.2939426695871,-0.0012257129015895,-0.0007552767877426,-0.0088823774924736,0.0039196145683073,0.0005025326573374,0.0418326679065434,0.9991165718838972,0.0177619998005095,0.0201322989674234,9.598027251880424,-0.0039283668748546,-0.0076860987766597,-1.0783869010402471,9.1234571818044,3.7532052536384497,1.2553156037878577,1085.1354813810726,1060.2091390005287,1057.6904723914743,1094.666454962766,29.112406970788573,191.15696592033703,-162.84190349689456,2.993952415729831,158.30209906133675
50.0625,-1.0050173079785665,0.5404358469984128,-0.1696318973059457,-0.0043001940825166,-0.0002093502095892,-0.0084539385237169,0.0039377836025583,0.0004871920463131,0.0417878140241899,0.9991183814578964,0.0181481802708964,0.0201317630621826,9.596852524070636,-0.0037679183936752,-0.0077412621986828,-1.07880533893767,9.123441885971156,3.753209558417189,1.2526215782434196,1085.0790442908235,1060.6834427015156,1057.2642610103662,1094.892475934154,-77.8440139503144,175.10779378183096,-150.35417053832165,187.17342047615344,158.30089473604764
50.065,-0.7696802686130506,0.5855832560261273,-0.0942109596412139,-0.0069376970507456,0.0004961351146289,-0.0077134914572683,0.0039550280313278,0.0004801687358096,0.041753097002755,0.9991197684202384,0.0178358092899413,0.01986527424123,9.595497180396633,-0.0035830423109678,-0.0078047015424777,-1.0792384045526733,9.123430444722983,3.7532118055211456,1.2499299159747623,1084.7462613113214,1061.0846779694373,1056.938701538783,1095.602322065146,-199.1188426024455,141.76588129059405,-88.2393086334108,398.2338061811115,158.29967398461906
50.0675,-0.4092127093224512,0.6217144923672056,-0.0764852804213654,-0.0089724413043348,0.0018987539872619,-0.007151814569104,0.0039705092466926,0.0004818901767937,0.0417291270552755,0.9991207095521272,0.016803851957118,0.0193394972930233,9.594034799468247,-0.003382059922046,-0.0078743995779207,-1.0796929451946182,9.123422730969088,3.753212759809085,1.2472403411478714,1084.0834500778108,1061.392272107969,1056.8230644671987,1096.8836449650607,-278.97287220616187,74.25313221029522,15.814353777151249,515.6007615230556,158.29818367223248
50.07,-0.0661310385752589,0.620015353770279,-0.1222450505260356,-0.009456025641762,0.0037306753455635,-0.0072204275885517,0.0039824425590857,0.0004872097184862,0.0417158023982108,0.9991212186632494,0.0151622673332486,0.0185402329274376,9.592553072665153,-0.0031850398080028,-0.0079456958549996,-1.080174629577046,9.123418575869536,3.753213261249422,1.2445517541220243,1083.3513969502899,1061.4559436304887,1057.0177733076691,1098.1803258727623,-320.75456873764847,-17.902346672843034,135.2443952199203,532.9598414430011,158.29691590170967
50.0725,0.2934754465418799,0.5660135391325588,-0.2237678130245372,-0.0085668243980632,0.0062322187602003,-0.0074331381093692,0.0039870435365586,0.0004907867696053,0.0417093612761039,0.9991214717461032,0.0130470918947597,0.0174154761824998,9.591150869359794,-0.0030116134656648,-0.0080096761448991,-1.0806875960507283,9.12341762026473,3.7532138890108313,1.2418631324652176,1082.4796772341242,1061.3027603746048,1057.499286443298,1099.548444172273,-402.4140127882434,-110.668322707568,251.5183395291465,583.1099903086597,158.29561576171187
50.075,0.7194867297743079,0.4336146800382774,-0.3976278230508689,-0.006176109370634,0.0093343248781796,-0.0071569808376605,0.003983469220667,0.0004924266541826,0.0417048611638344,0.999121679329562,0.0105203008809272,0.0159732782256165,9.589933752823024,-0.0028694524365205,-0.0080643447601099,-1.0812341326815929,9.12341960580708,3.7532154798238393,1.2391735670114987,1081.3393268863476,1060.9026020169508,1058.2753650053155,1101.0958758243073,-419.8774733526205,-172.59996423681778,285.72307689240847,531.2818307723784,158.2940117855374
50.0775,1.061659078912484,0.2792685373499922,-0.5684841239892409,-0.0036310081781132,0.0110084656058372,-0.0069111314956672,0.0039675947309479,0.000495760214772,0.0416996285192266,0.999121965789305,0.007587418347515,0.0141604123524432,9.589010153351843,-0.0027561491916104,-0.008100979637579,-1.081814631820094,9.12342345665492,3.75321855491696,1.236482539273771,1080.38028986736,1060.4397605534202,1058.9279018277607,1102.2048533261363,-362.21259741220103,-197.1244011387145,216.15844522558848,391.56829170123416,158.29263408522328
50.08,1.391105600153647,0.1122294381911134,-0.7260829734219088,-0.0012865574040175,0.0108577387944575,-0.0079102404687833,0.0039424133441859,0.000498675290243,0.0416899917993484,0.9991224694024768,0.004385289748388,0.0120532265303691,9.588485454815924,-0.0026804915502376,-0.0081256023748983,-1.0824273538682592,9.123427252986035,3.753222569571,1.2337885869996843,1079.5282638992883,1059.916980011258,1059.3561572314425,1103.0537172828117,-316.42389720861684,-226.07809959233492,84.49378260475211,311.21571607443445,158.2912087078323
50.0825,1.77036975394389,-0.0627703336242411,-0.8333697803687686,0.0010130289037432,0.0089414684963862,-0.0111738393248706,0.003913364111841,0.0004944079658245,0.0416747656899767,0.9991232184595004,0.0011531135587533,0.0097682215871615,9.588458041754242,-0.0026596164513886,-0.0081488052608581,-1.083068622883028,9.123430717259316,3.753226640831562,1.2310917099683742,1078.798170381316,1059.309370055458,1059.3503707407847,1103.7609319065095,-192.97303029579,-207.20383010173776,-117.49911529148804,214.67348999929456,158.28943784228295
50.085,2.054562063045752,-0.1741289840982757,-0.8081859094489501,0.0032222956984315,0.0070140073907446,-0.0149295953528864,0.0038844560415802,0.0004791088461395,0.0416545114233075,0.9991241749336705,-0.0019204262791894,0.0073933459209353,9.589015225781731,-0.0027023254251133,-0.0081779583757413,-1.0837331326369608,9.123433893855328,3.7532305050734567,1.2283911075286915,1078.5633987478088,1058.8809608607487,1058.7686616549847,1104.1270847328087,10.210535942960824,-143.23838108338643,-367.2483886260736,115.37074794993292,158.28790831152327
50.0875,2.2488345233542555,-0.2616928977559541,-0.630973438930909,0.0076481792221555,0.0060250236817776,-0.0186048020610509,0.0038589490118053,0.0004561636796695,0.0416295817775538,0.9991253105217692,-0.004784307556023,0.0050041257356396,9.590228916922786,-0.0027998184197985,-0.0082190492876637,-1.0844142428600765,9.1234358115847,3.753234016815135,1.2256851130420503,1078.849223061031,1058.5931781500417,1057.514128797656,1104.3377856462587,211.68714382404767,-87.1305441921331,-606.1841107258342,71.9442772984253,158.28631926973554
50.09,2.305803431203987,-0.3525902735031262,-0.3262571960216483,0.0147487708963029,0.0061591326068082,-0.0217373693534752,0.0038398271895383,0.0004342896252908,0.0416001796049098,0.999126603379171,-0.0074930918881107,0.0026710336659067,9.59215209962472,-0.0029299522719516,-0.0082775385138931,-1.0851043996588883,9.123435086957443,3.7532365824158767,1.2229745554066929,1079.6218344669296,1058.445308139788,1055.737741101354,1104.486806119301,422.6881443384284,-27.88284573633456,-804.4767649361779,61.02988188755778,158.28467850636895
50.0925,2.1289379663042176,-0.4722601680366779,0.1041386778737697,0.0243712457731373,0.0073024467314314,-0.0238234771241769,0.0038274903205221,0.0004211664819359,0.0415691026932986,0.9991279366345224,-0.0100911418422523,0.0004103274442789,9.594816669147976,-0.003071125684323,-0.0083528097107149,-1.0857956156243744,9.123430960133144,3.753237081998835,1.2202614098503328,1080.962663782724,1058.45376392136,1053.491744972973,1104.6429350556966,692.6477725962674,25.732027980780668,-1030.7967299191027,89.3976218161146,158.28297294891516
50.095,1.620012099208708,-0.6503086037147954,0.6928476776396657,0.0358343407968059,0.0084026045537973,-0.0243446839850762,0.0038216297110892,0.0004231152976145,0.0415400929504963,0.9991291577553584,-0.0126088568373912,-0.0017798574283129,9.598231747692724,-0.0032035762426131,-0.0084423758613837,-1.0864797327198077,9.123423880601814,3.7532339653673095,1.2175461190096935,1083.0850733299078,1058.5739682796918,1050.5837574517632,1104.9337942283812,829.5517979160497,47.55445096409244,-1042.9143726254215,134.6394275582718,158.28084881429004
50.0975,0.9956519347834168,-0.797190536134313,1.1675209783824936,0.041995072704261,0.0074723117741979,-0.0222737228452458,0.00382986197635,0.0004384160044102,0.0415132788305422,0.999130233994366,-0.0149306503492097,-0.0037585917040371,9.602382864430787,-0.003325115274539,-0.0085604071963441,-1.0871483576858447,9.123414688852348,3.753227315333455,1.2148284111697472,1085.1104227723065,1058.6915361761803,1048.2771731098433,1105.3161321934883,816.3069933609139,35.72635323087516,-828.7117913533928,188.10461348693403,158.2790127007836
50.1,0.2862403917040305,-0.8811516139830732,1.5228057320969963,0.041785016043085,0.0036110021192281,-0.0171121736115284,0.0038578766989291,0.0004650544305467,0.041489544834464,0.9991311086430484,-0.0169533347052263,-0.0054234847346257,9.607232999105946,-0.0034338809260331,-0.0087174904743989,-1.0877931560853626,9.123403368992669,3.753218079586412,1.2121080904124084,1087.1666082967145,1058.7526000458463,1046.440198494994,1105.8743172958164,861.7609784003997,9.99252536617859,-637.0737013431491,282.56512927544696,158.27710685856513
50.1025,-0.5078689774046307,-0.8493693029008893,1.7112477910216772,0.0362217987708152,-0.0025787848008516,-0.008641781106007,0.00389848821545,0.000500636199536,0.0414730232261582,0.9991316346579562,-0.0185944783061428,-0.0069194840096108,9.612724676746737,-0.0035278818072682,-0.008897174388546,-1.0884061831282754,9.123390096375244,3.7532070995187015,1.209384408839364,1089.4192276643043,1058.7414988030112,1045.0918046031304,1106.7289578398643,762.920161840403,-9.648804377270217,-327.1121890373397,335.1108386054525,158.2747384662262
50.105,-1.0514440769305164,-0.7036851558839224,1.6330276356425564,0.0305075308485561,-0.0068731517167312,-0.0012745048089283,0.0039423606846209,0.0005392243492784,0.0414636749924621,0.9991318481897165,-0.0197234751801662,-0.0084346740938067,9.618781674460434,-0.0036130573665845,-0.0090792686596081,-1.0889799229578236,9.123375333575458,3.753195936338459,1.2066554557093192,1090.9812091059184,1058.70435602396,1044.8046375498063,1107.5498714888445,542.5202138839676,-2.036052372522003,59.45646558249478,336.0540621531172,158.27269686318473
50.1075,-1.4580194527127275,-0.4701010614043228,1.3212904174058115,0.0260991366392486,-0.0090006343426634,0.0049648889122682,0.0039837003434993,0.0005760377996711,0.0414580087014587,0.999131915784568,-0.0202467497160701,-0.0100856264328974,9.62531174946715,-0.003693793524216,-0.0092527276346855,-1.0895076478076011,9.123359287763689,3.753187326664492,1.2039206725306506,1092.1318287337256,1058.7313185411488,1045.389086931043,1108.4092281506307,414.5709263017257,46.32147976780863,427.7943562125782,369.58134752073374,158.2705851141924
50.11,-1.8262489021403807,-0.1629103554242197,0.7536254881427084,0.0226091374938996,-0.0088490063174761,0.0097308448909748,0.0040138842338672,0.0006077989386246,0.0414543053626204,0.9991319432705968,-0.0201186031792542,-0.0120378218532136,9.632211229889203,-0.0037717724678143,-0.0094015613510896,-1.089984148081066,9.123341680564227,3.753182755629663,1.2011807602435456,1093.0540637374252,1058.9359634227987,1046.9436093308675,1109.3977782264465,279.39167866651843,108.76671402364885,675.6336030328112,344.9281101141023,158.26797103242896
50.1125,-2.064033888242584,0.0619073240284692,0.2046357753890384,0.0202985909853197,-0.0068690229119423,0.0104845441473732,0.0040260242490519,0.0006319824120169,0.0414526105927822,0.999131957484408,-0.0193216768463862,-0.0144173801863787,9.639369704286308,-0.0038481288891441,-0.0095141890695686,-1.0904062608799432,9.123322990968285,3.753181895362921,1.1984379230609228,1093.528787127059,1059.2751521112673,1048.7672549462088,1110.133868701202,163.92075364543214,161.3781740702136,789.0079224949261,267.95854621282086,158.26572724509478
50.115,-2.2386437114527244,0.215681262644607,-0.3130432733339814,0.0167730649787151,-0.0045201693853031,0.0081082416960706,0.0040209959957202,0.0006440442005189,0.0414528620276491,0.9991319589796354,-0.0178067724202142,-0.0171963470967928,9.646675390079475,-0.0039300975129907,-0.0095957521080226,-1.090773167925818,9.123304114516502,3.75318344198236,1.1956935177425791,1093.8736675056527,1059.7428542931502,1050.888648943344,1110.7375709575113,147.5163673455859,191.614077772139,862.1804907663882,216.84807060561687,158.2634176462235
50.1175,-2.3420670598449447,0.307587689203603,-0.7378955993752739,0.0115125687560516,-0.0029418953143826,0.0043125682895438,0.0040001399874134,0.0006436246364546,0.0414567723934006,0.9991318714713444,-0.0156159843170918,-0.0203277191591725,9.654020978515064,-0.0040168552094548,-0.0096522781262827,-1.0910867756627287,9.123286079160737,3.7531858781085767,1.192948939919552,1094.2663689637864,1060.233222500127,1053.0781574000368,1111.2181090542292,202.85608362422488,176.1492732068754,857.0682174673202,163.9317933935288,158.26105535441528
50.12,-2.3230806773441675,0.3436018574953705,-1.0058185724154596,0.0048717432278856,-0.0022213997915558,0.0001058544149409,0.0039637291216239,0.0006340658295991,0.0414692712456078,0.999131488715604,-0.0128726091324893,-0.0237756762030003,9.661309405052883,-0.0041003290816028,-0.0096869942305081,-1.091351741590089,9.123269181526172,3.7531878041728786,1.1902055472129063,1094.8879479237744,1060.623600659185,1055.1739900306827,1111.557229924479,355.16321201766937,120.1681055069752,868.5996100244768,125.51237911982697,158.25863184838508
50.1225,-2.121735447644104,0.3537608345157357,-1.1328848438985493,-0.0035138463696486,-0.0017578424471101,-0.0049090678403252,0.0039164381197125,0.0006188428105202,0.0414932099544337,0.9991306746549452,-0.009705472922268,-0.027413824772844,9.668459024550284,-0.0041732449359309,-0.0097119022078132,-1.0915751466706711,9.123252691137328,3.753188920992725,1.187464387401436,1096.0421850238756,1060.8340630276623,1057.4211554501615,1111.8456709498287,496.304087324503,22.911900573329067,765.8303069028223,98.37785066560934,158.255655604414
50.125,-1.797244394108201,0.3541453463435139,-1.0932065878479804,-0.0103008396320018,-0.0014894485414244,-0.0089271694099088,0.003867865214206,0.000600731653411,0.0415265513370999,0.9991294763568,-0.006229785413086,-0.031016534361463,9.67540802667482,-0.0042308372484476,-0.0097489239831494,-1.0917660887178813,9.123235920038985,3.7531890616363506,1.1847281467726256,1097.3694683603946,1060.7381601620516,1059.0031415651936,1112.0491191778067,592.1337535976745,-91.83839289120608,566.8817537147032,94.10169609495289,158.25312048516875
50.1275,-1.3318838868024458,0.3607191062217083,-0.9465162983432506,-0.0158774548303743,-0.0010443474929143,-0.0120690357530416,0.0038235529268233,0.000577198164424,0.0415672785865796,0.9991279598201404,-0.0024629215241231,-0.0344370773671751,9.682117806176736,-0.0042801206151729,-0.0098099477861531,-1.0919351494192555,9.123219712991903,3.753186899147784,1.181999822281013,1099.0028537918613,1060.3748710632067,1060.2555642187324,1112.316179430303,749.8302916337054,-196.9734601229804,479.43282960839525,156.4819708638988,158.25053024892003
50.13,-0.6772412616417248,0.3823426170487269,-0.7192306912414969,-0.0195872464816183,-3.407030102717665e-05,-0.0137110594996737,0.0037893932541984,0.0005446583658034,0.0416118950180888,0.9991262524546184,0.0015991436287948,-0.0375205886658205,9.688574027031665,-0.0043309537964062,-0.0099070247611486,-1.0920932952426836,9.123205024715578,3.7531821364953264,1.179279104691582,1101.118619818565,1059.753292861436,1061.4003057132368,1112.8315290321268,762.8829152932858,-230.06619255608763,368.89999041435885,232.8247133713094,158.2473601407275
50.1325,-0.1181895056634633,0.413503621361768,-0.5404631777465306,-0.0198206605973879,0.0010349703682222,-0.0133069357346474,0.0037707042250561,0.000509809866003,0.041653364804362,0.9991246217111256,0.0057636035616474,-0.0401141018203784,9.694786406573256,-0.0043710715371513,-0.0100516825292878,-1.092250771084185,9.123192161600638,3.753176837721917,1.1765634992155751,1102.8172683683297,1059.2245401004257,1062.1000641708051,1113.48030299716,616.2928701320345,-175.33832979027042,242.21712580264668,304.4127444820828,158.24466806465784
50.135,0.3763058893137523,0.4610578948993497,-0.4149062873067871,-0.017770257471173,0.0020007734701057,-0.0122601675976304,0.0037653884530355,0.0004789810337508,0.0416854705398324,0.999123328255402,0.0098423291508632,-0.0422089901658434,9.70078742109133,-0.0043885323051169,-0.0102391496984594,-1.0924161482630312,9.123180081294253,3.7531724363701056,1.1738489679102917,1104.2000841692225,1058.8766012124856,1062.611391342249,1114.3535927545358,484.83965078019287,-75.1528425214544,201.65096729291375,416.43130879676,158.24192498928684
50.1375,0.8298494342536885,0.5406507849472352,-0.3318844118190485,-0.0135590456812354,0.0029933543592489,-0.0119345134658037,0.0037676016188648,0.0004522443504069,0.0417064994687046,0.9991224616664524,0.0137698211810829,-0.0438763985914928,9.706629087920962,-0.0043847756435406,-0.0104557284817453,-1.0925956708908648,9.123167694509863,3.753168144602949,1.1711325503024883,1105.2414666222319,1058.848775887818,1063.1083190072702,1115.562459541145,253.71737109804351,67.86194730230984,176.711571800252,447.8129222274202,158.23857560360352
50.14,1.0699382122489671,0.6252204769277753,-0.3002361096691506,-0.0091592832400676,0.0038166622510009,-0.0127483200512409,0.0037725356218236,0.0004319309109257,0.0417146818627889,0.9991221113111212,0.0174432871020568,-0.0451690326709566,9.712378826851223,-0.0043563837854584,-0.0106899297150334,-1.0927931784983989,9.123155229284256,3.753162942243765,1.168413964755812,1105.468671024713,1059.2159109489971,1063.4949492012506,1116.592657365674,-51.998605403015965,223.47627280002916,161.07237772572358,391.04494342226735,158.2357373683103
50.1425,1.1765694268497051,0.7203418985401339,-0.276078423511528,-0.005053124204999,0.004653922525625,-0.0142819406797242,0.0037774903951002,0.0004234141656157,0.0417091916622104,0.999122320096584,0.0207085868956582,-0.0461008186667552,9.718114862993223,-0.004293509291424,-0.0109348428313158,-1.0930102900688412,9.123143531809305,3.7531571516406736,1.1656935539303312,1104.981473595217,1059.966157251817,1063.913680895898,1117.5176842582543,-362.20168909807967,391.3739573348083,196.23930215588155,365.3402579047856,158.23285169708888
50.145,1.1986396905165784,0.8230170265744056,-0.2287504583099143,-0.001468888726774,0.0062478515150982,-0.0163758530530451,0.0037785137395538,0.0004312982360635,0.0416889668815234,0.9991231464137103,0.0234317032632991,-0.0467162249363183,9.72392105824143,-0.0041878594069315,-0.0111804812582473,-1.0932466689352769,9.123132653395885,3.753150929874552,1.1629716885341075,1103.657662579222,1061.1727807356724,1064.4761457120303,1118.4193586551987,-578.0054804008386,465.40558520108624,211.95219861263536,294.47485844419526,158.22933604878668
50.1475,1.174831920042725,0.8725992477656999,-0.1684363948358581,0.0004722838085868,0.0085936563603334,-0.017845348466764,0.0037781169812984,0.0004550771681443,0.0416517167394992,0.999124676187758,0.0255894510719516,-0.0469447639895418,9.729881559384593,-0.0040427941306438,-0.0114302475373987,-1.0934999927325315,9.12312276123434,3.753144691641748,1.1602480899354228,1102.0914461932111,1062.293185177824,1064.9734418889618,1118.9900585504763,-671.1466488765119,438.6159598509845,191.40061153429212,199.8775240674148,158.2263639966735
50.15,1.155572967945655,0.8517880274918097,-0.0977324592965538,0.0017221173999192,0.0118635237088495,-0.0185847611689117,0.0037773189175976,0.0004932022064806,0.0415988038639244,0.9991268507104905,0.0271834623183209,-0.0467530959017064,9.73607572101027,-0.0038636953271203,-0.011683856503175,-1.0937663255286163,9.123113690599729,3.753137494434768,1.1575224542522495,1100.3019293348425,1063.365860534925,1065.4331487697011,1119.418746275535,-710.21343252628,402.327056153648,163.40862246925835,159.416035454033,158.2233502976841
50.1525,1.1614846272128752,0.7569168493392096,-0.0361910462021426,0.0027290264466199,0.0151705427328128,-0.018600488437635,0.0037759020170832,0.0005392253984265,0.0415354218105782,0.9991294588135464,0.0283150043013073,-0.0461439318643478,9.742573317614655,-0.0036663347921714,-0.0119375654939942,-1.094040287151956,9.123106179799873,3.753127775284237,1.154794643963,1098.540379030578,1064.3048204585932,1065.7904850013083,1119.7871387277469,-651.7710785658741,333.4732159041891,99.91875069708276,147.6113644919378,158.22030401027348
50.155,1.1988001430172548,0.5730930279204022,-0.0092854011117838,0.004103308825073,0.0176923283664037,-0.0177890729453486,0.0037771434665339,0.0005864487956803,0.0414650035501178,0.9991323487736636,0.0290984060835307,-0.045060291098917,9.749430759315423,-0.0034669480484006,-0.0121951678835663,-1.0943152136191197,9.123099934582797,3.7531158535943336,1.1520634866022617,1097.0430739420115,1065.0332266144471,1065.9327425231868,1120.1568030979952,-556.3729157498132,277.86108049251914,-6.770024191979946,177.05731387757356,158.21722106612944
50.1575,1.2506090341791984,0.2721867370818945,-0.0366769515986213,0.0070334857505879,0.0193847177248719,-0.0161664791884365,0.0037795056818348,0.000631978176237,0.0413917212707005,0.9991353525746745,0.029574419881165,-0.0435441734277756,9.756688057995492,-0.0032725099520227,-0.0124504288041529,-1.0945837129312919,9.123094639009828,3.753102957438665,1.1493281469764107,1095.7585144518316,1065.6941258610543,1065.7566348803487,1120.672425297134,-372.58042375805456,222.86538463451927,-130.71599633165212,204.65207161540536,158.2134828659542
50.16,1.264811903407054,-0.0196667958671492,-0.1076250400105541,0.0107053964803099,0.0196389680307023,-0.0147652884744626,0.00378240407731,0.0006684447697837,0.0413195549478816,0.99913830925027,0.029875510717746,-0.0416308677102503,9.76436633443243,-0.0030992386936808,-0.0126991053483317,-1.0948379364435084,9.12308943288034,3.753090134208697,1.1465891066060983,1095.1801718232202,1066.1475535376203,1065.279162541528,1121.1800634560727,-133.78889433049585,187.87720897798343,-259.9205875148562,214.51133641988173,158.2103382415405
50.1625,1.2090976547798635,-0.3209390005882997,-0.2018986444585155,0.0149619450235748,0.0187541344111586,-0.0143464634090311,0.0037825554593897,0.0006924487619635,0.041252729041781,0.999141057329529,0.0300577019228828,-0.0394130343684586,9.772466985393697,-0.0029537739184821,-0.0129317161530308,-1.095070206960854,9.12308338561992,3.753077768850636,1.143847283261681,1095.0895699801788,1066.6335119059447,1064.4570319427737,1121.744981979234,48.17133907090298,251.38173297377887,-428.94411826749,247.67299310596871,158.20716628432336
50.165,1.0358096059832935,-0.6604946016635258,-0.2867414310194363,0.0193285218214986,0.0165491274624093,-0.0159841091980437,0.003780065560466,0.000703315777087,0.0411942177707674,0.9991434750658752,0.0301291116737867,-0.0369223610545652,9.780971476875902,-0.0028365081623227,-0.0131466412000855,-1.0952732595686077,9.123075153995309,3.7530651308192673,1.141102921479776,1095.4210285185743,1067.404462202488,1063.1344419501927,1122.4184284216014,170.77548815964647,328.42026148661284,-524.7250189659596,233.18007660433872,158.20333203111835
50.1675,0.799850352783837,-0.9090779478379936,-0.2935478584526566,0.0218595316895869,0.0140527158416628,-0.0186853213799771,0.0037798114110265,0.000699484070481,0.041145861126398,0.9991454713963877,0.0301212318763897,-0.0341044829352696,9.78984191357578,-0.0027498798912083,-0.0133527217578159,-1.0954405216890095,9.12306374823979,3.7530513139534953,1.138355454688318,1095.9434474209775,1068.2756132133788,1061.8334068479423,1122.910882362256,233.21558495687788,397.888012487989,-536.5902146203081,167.37717421233887,158.2001162289484
50.17,0.4759470783246647,-1.1138037475116587,-0.2093061754894485,0.0233136159182816,0.0114803299245898,-0.0211867972056093,0.003784669803035,0.0006847700616281,0.0411094690842865,0.9991469616023823,0.0299608529037361,-0.0309453308880337,9.799023035539724,-0.0026844935800233,-0.0135549904755604,-1.0955666816244711,9.123050026004256,3.753036072847448,1.1356048457649697,1096.5871064433595,1069.393902264929,1060.4514908770896,1123.2553142926636,291.632082732796,528.1954574242066,-593.2853168635057,102.76516476961002,158.1968822055975
50.1725,-0.0031003090641516,-1.307535085069626,-0.0150790579317675,0.0242932341509014,0.0083516703380816,-0.0227225386246632,0.0037938210767267,0.0006651287230962,0.0410893773778978,0.9991477709938026,0.0295319932462236,-0.0275063226008425,9.808444641908329,-0.0026265515238579,-0.0137507238104674,-1.095648118333232,9.123035365189,3.75301935852754,1.1328526391246923,1097.40160783464,1070.9165905004975,1058.8669802636275,1123.4247081861035,302.1821731735872,558.6544441984513,-542.9122119609425,14.523166266409888,158.1929839554512
50.175,-0.468020730811386,-1.4235984183349775,0.1952032244916689,0.0247044500217162,0.0051684741997473,-0.0226878520061797,0.0037991679735978,0.0006518467820043,0.0410871026760772,0.9991478625287054,0.0286111430761258,-0.0239909862054592,9.818024985996574,-0.0025507453881382,-0.0139220459305824,-1.0956833134822803,9.1230210584595,3.7530015011189586,1.1301009431774995,1098.0980173092282,1072.1871744859227,1057.7369298172837,1123.3279301239957,290.93894646929255,462.5661141636008,-382.56459288616935,-90.16976694597297,158.18972355668257
50.1775,-0.980129876935791,-1.4869386678342156,0.4114351987669658,0.0244451507404092,0.0014768160121263,-0.0215662380532699,0.0037960759587389,0.0006525101337792,0.0410977994085654,0.999147449065038,0.0270536778553992,-0.0205406281035342,9.827673504465983,-0.0024410426915682,-0.0140587788159974,-1.095672564184225,9.123007626086336,3.7529829035642503,1.1273517594883575,1098.856302566987,1073.2294210713167,1056.954157299196,1122.9738593513737,327.6814227788488,344.91062601141033,-236.5198146035132,-180.2269301604885,158.18645404462114
50.18,-1.500911940108912,-1.5031131995440095,0.600482052123199,0.0230710785641194,-0.0021356952072629,-0.0197653052785001,0.0037883538067835,0.0006691684444184,0.0411170072793846,0.9991466972255988,0.0248348719843029,-0.0171366778388372,9.837293802539948,-0.0022952607862533,-0.0141692231680547,-1.0956175912714652,9.122995129143096,3.7529645511085623,1.1246059904355907,1099.7364244231208,1073.911727615978,1056.5543307442672,1122.426795473194,402.5844295213788,157.39786209033943,-52.990482706736834,-253.21322244454453,158.1831793845171
50.1825,-1.9725213573175997,-1.4600257155212304,0.7254659585804111,0.0196512923004253,-0.0055187247558057,-0.0173020523355396,0.0037785054750326,0.0006933007029163,0.0411438959181757,0.9991456345008,0.0221424695297282,-0.0137946079083018,9.846787147113265,-0.002135182811068,-0.0142583320867555,-1.095521356928062,9.122984260941168,3.7529467633194695,1.1218643715600567,1100.8692247145952,1074.0164103817688,1056.689204885662,1121.7077932391503,580.6904595891623,-97.65625962072141,186.8014942573108,-332.14265444359006,158.17990147368775
50.185,-2.383293416238689,-1.3354089576239496,0.7758142316114747,0.0127178269663142,-0.0092812209716474,-0.0138641846582744,0.0037667343876165,0.0007129109041538,0.0411774875004782,0.9991443064500942,0.0192379142566781,-0.0105764642305765,9.856055961525731,-0.0019906729873252,-0.014326111094029,-1.0953875777327846,9.122976352696291,3.752928996569656,1.119126813636878,1102.6398767210683,1073.4234463178743,1057.4883382155542,1120.7660822009752,727.078616982023,-323.63464134934804,389.876889970028,-336.5463077524842,158.17596811424468
50.1875,-2.5230569093992665,-1.1651291398192327,0.7296964537699276,0.0045938509995345,-0.0120888506678295,-0.0110640943208241,0.0037539530262222,0.0007230456481564,0.0412128394640736,0.9991429141647674,0.0162519859422705,-0.0075218676929382,9.865006453153432,-0.0018765241211348,-0.0143751168485377,-1.0952200863586268,9.122971729564041,3.752910944267988,1.1163925780528652,1104.504617799502,1072.3982371750235,1058.6385893355105,1120.0250617003894,822.9477184039506,-483.6119906376404,535.9706874033564,-259.18036511485224,158.1726933279969
50.19,-2.389262019940634,-0.915936517808192,0.6033698176620521,-0.0054119546403726,-0.0151160234408027,-0.008841700917512,0.0037422188441362,0.0007246424830293,0.0412457085568526,0.99914162164596,0.0132068485445923,-0.0046392878439709,9.873550319341609,-0.0017946919763539,-0.0144112945024241,-1.0950222882353775,9.122970279348888,3.7528924628105513,1.1136608313144003,1106.7546153130843,1071.0053863646883,1060.1681916525683,1119.470180375402,1053.2610005601396,-639.7116039368849,719.8200157079965,-171.24604987989522,158.16942522090935
50.1925,-1.9068972340445576,-0.5184608546074556,0.3892347258293811,-0.0172890730591907,-0.019212853224872,-0.0070229047615051,0.0037314145758945,0.0007174013193784,0.0412734775579646,0.9991405361966073,0.0101528986622605,-0.001976238047703,9.881606317367021,-0.0017491744524011,-0.0144361217905332,-1.094796843254892,9.122971265739203,3.7528738835335567,1.1109309611714897,1109.7709228023054,1069.1996791553374,1062.2376894140523,1119.1688314509895,1126.5953783928271,-640.3298286221251,764.7562686659238,-33.24895020749072,158.16551546515277
50.195,-1.29538001709622,-0.1160156869882289,0.1874674458031402,-0.0241491242620456,-0.021856827293032,-0.0063036232582348,0.0037220889944509,0.0007028158671676,0.0412933462170488,0.9991397703639178,0.0071100996579225,0.0004400903636028,9.889101311173063,-0.0017392170372216,-0.0144531442517013,-1.0945453546239898,9.122972873792035,3.7528563425525334,1.1081999696216107,1112.3875922050513,1067.803737221576,1063.9919729959,1119.3039356243646,1018.6978431708836,-491.8348637287106,671.837430783873,144.61342271601515,158.16227051288843
50.1975,-0.6004044567730565,0.3179712690556714,-0.0016411151828379,-0.0250386716628289,-0.0219095555406559,-0.0067887788645416,0.0037179640756636,0.0006823843031538,0.0413020263045822,0.9991394451388466,0.0041037051809357,0.002651660657939,9.895971067544007,-0.0017632411153021,-0.0144732251857648,-1.094268349901052,9.122973589861928,3.7528400574856016,1.1054650123863912,1114.8644120181552,1066.740504836696,1065.5968765679684,1119.8918985645687,995.468962820032,-362.01723179965154,642.8260684257006,360.9419146974205,158.1590431568721
50.2,0.157893323619948,0.8036927026113013,-0.1786594153549156,-0.0204000813826787,-0.0187942020542099,-0.0087639239364108,0.0037212700634238,0.0006551534528087,0.0413002219822458,0.9991395236573408,0.0012073071202402,0.0046758717333446,9.90216177480044,-0.0018238899488526,-0.014503920104171,-1.0939658803675436,9.12297296221858,3.752825009036228,1.1027252172328423,1117.364937019154,1065.9936510625769,1067.2061033380303,1121.1086451978526,797.1781030844355,-182.9740123620896,528.7019478936169,518.4719105040662,158.15519513132563
50.2025,0.6415872733425201,1.1337500052943277,-0.2738862393924547,-0.014807585542391,-0.0148983744363437,-0.0106171017296391,0.0037344181676112,0.0006207953325798,0.0412877828984148,0.9991400040102096,-0.001518532212355,0.0065412397669381,9.907631194681718,-0.0019214875212497,-0.0145532244751959,-1.0936382296010203,9.1229714362097,3.752811296280571,1.099981330826137,1118.8503025335795,1065.8256347748852,1068.240386307438,1122.4842581170903,435.18308075480047,10.36902073711678,353.9876355272136,597.2666354820806,158.152012170206
50.205,0.9462772520616268,1.3563176503123704,-0.3251609335188405,-0.0103186201686101,-0.0109736216623674,-0.0115996296438394,0.0037571707387907,0.0005845486380563,0.0412642040145641,0.9991409041933212,-0.0041284526440374,0.0082351603108419,9.91235026008482,-0.0020431527703086,-0.0146236237344966,-1.093286787890165,9.122968792392289,3.7527981141435887,1.0972355153925513,1119.540852422926,1066.0454961662624,1068.9760415156647,1124.0949783752603,134.98901963850955,129.90721936619315,254.1791575537964,655.9937029765761,158.1488572424283
50.2075,1.130638766857954,1.483743622869522,-0.3583228758672862,-0.0075095012704085,-0.0070455182409872,-0.0118715074252392,0.0037832038968445,0.0005505977783455,0.0412303906342318,0.9991422056022918,-0.0066658700613706,0.0096297980597036,9.916305160151076,-0.0021771594331279,-0.014703828089554,-1.0929147103681265,9.12296441046312,3.7527850108523952,1.0944909281303334,1119.5252476317723,1066.4751708717165,1069.5112820952077,1125.7642266319751,-163.35913609633107,193.0443271877188,177.53158383034145,648.6375806004936,158.14572793257935
50.21,1.2259261906622652,1.5005796586207003,-0.3898535334470348,-0.0063495707370436,-0.0031201065528792,-0.0118743783663055,0.0038081233706717,0.0005199646803137,0.0411860672728632,0.9991439332493884,-0.0091161068437629,0.0106383384583501,9.919498252332131,-0.0023184026284137,-0.0147860342948444,-1.0925268648654387,9.122958653452415,3.752771984753023,1.0917501285144484,1118.724056742444,1067.0107178022015,1069.863699434817,1127.3381662782645,-487.605091240937,231.471896663726,121.07375038442213,636.5859063876875,158.14263218677848
50.2125,1.2941056588652908,1.4067887705732731,-0.4373439108195101,-0.0052393398045851,0.001320464705477,-0.011988632617292,0.0038297235082319,0.0004932083008453,0.0411314716652187,0.9991460844503368,-0.0114607598032965,0.0112216548892399,9.921949198838492,-0.0024627555127524,-0.0148666802464025,-1.092129600252865,9.122952350006322,3.7527583307950185,1.0890149299600405,1117.0872221755699,1067.632530355034,1070.1166508471292,1128.9471561639107,-663.5048938429252,216.18846686785983,63.98352166658152,527.944177502789,158.1389593136014
50.215,1.327277609468685,1.2476967429022414,-0.4808133675127632,-0.0032824502765344,0.0047801774543285,-0.0124974370802914,0.0038465199360347,0.000468213545314,0.0410672342413415,0.999148640479532,-0.0136359317445057,0.0113565941564759,9.923695900824974,-0.0026118772606631,-0.0149430564274953,-1.0917302286632504,9.122946269523021,3.7527436334631945,1.0862854249286744,1115.4065322732276,1068.0916601365411,1070.18361704315,1129.9778871657795,-672.7649172721809,177.70503849264972,-8.421546964014182,340.72263421295094,158.13593579508702
50.2175,1.3260648295357471,1.0253564136681848,-0.5110680566072214,5.592296492217897e-05,0.0078390506143382,-0.0138371468075755,0.003856580109467,0.000445047851801,0.0409957872038559,0.9991515105047956,-0.0156299764453969,0.0110159176811375,9.92479434814785,-0.00276254331054,-0.0150112751094775,-1.0913363751535528,9.122940886733037,3.752728094617449,1.0835613642586504,1113.7233975892073,1068.5210555474976,1070.0745431123091,1130.6507693349763,-673.2103388005481,202.736987625806,-93.48830357711766,219.02504269066324,158.13295334018565
50.22,1.262780911818107,0.7160924812878342,-0.50762286908377,0.0049013438085055,0.0104564781208401,-0.0160685574318084,0.0038606825055962,0.000425801186641,0.0409206299098973,0.999154549340726,-0.017478003924774,0.0102299441815429,9.92531732269548,-0.0029071996165831,-0.0150732693723337,-1.0909551829902089,9.122935037711583,3.752711489147869,1.0808417159446315,1112.040480579228,1069.1053450746695,1069.7161755252648,1131.073012379232,-525.3230073844447,241.68658173895352,-167.78818744087914,104.68772208318217,158.1294244993688
50.2225,1.1502695221753163,0.4486439510215632,-0.4594122407120821,0.0086816951540142,0.0114741999556656,-0.0178704565786429,0.0038542838819975,0.0004132263847973,0.0408492748857867,0.9991574676138159,-0.0192411880601109,0.0089254922458786,9.925353453302112,-0.0030362561448026,-0.0151192575342084,-1.0905929420586349,9.12292758405303,3.7526937955512496,1.0781256720167363,1111.0967825522837,1069.7294884561932,1069.2356021751043,1131.1742079453925,-262.1147803818554,288.949636892255,-222.0382863429905,15.108416132935872,158.12652735112667
50.225,0.9812996032206606,0.1992221764545679,-0.3603774872600594,0.0113787655431169,0.0116334408404105,-0.0192301831046526,0.0038345433345858,0.0004077076325558,0.0407874379116651,0.9991600454321224,-0.0209404757341551,0.007061817028524,9.925004043497763,-0.0031453176134187,-0.015142944639779,-1.0902543777821763,9.12291836320698,3.7526758775344136,1.0754125454641843,1110.729906677318,1070.5500932591315,1068.6059840935493,1131.1485544598968,-33.07974265042783,401.2709779497084,-299.5435865191208,-5.708342811345308,158.12367742361224
50.2275,0.7308469124010731,-0.0569721533307273,-0.189270406215132,0.0135745467037689,0.0111330530118452,-0.0202805205489919,0.0038057378312955,0.0004109363378327,0.0407402857876426,0.9991620567440987,-0.0226240546589423,0.0047405031997682,9.924379136433796,-0.0032278984635601,-0.0151536801396978,-1.0899421415409651,9.122906550148745,3.7526582288734422,1.0727007077400743,1110.9313838390317,1071.7358433459399,1067.73788424251,1131.1456662313356,162.54436209083775,450.930570818124,-330.51383626672214,23.94465285232084,158.12031429013794
50.23,0.4948714659953004,-0.2263814486880983,-0.0120831322661094,0.0149531067593814,0.01019573360811,-0.0207075758886447,0.00376740209413,0.0004245571436504,0.0407111939491028,0.999163368708299,-0.0243486484438272,0.0019686198020746,9.923595097917577,-0.0032775915208862,-0.0151504628442924,-1.0896569881354032,9.12289198011572,3.752640085787695,1.0699879931266447,1111.5426284877726,1072.8047461132232,1066.9534149122148,1131.2682777241585,306.1168605822129,409.5981572307388,-324.1288726743893,84.94017690127494,158.11756050338826
50.2325,0.2426113199934229,-0.3501904083350166,0.1872353281777547,0.0159649379467825,0.0092120728532829,-0.0206896369867755,0.0037236476771878,0.0004465981319027,0.0406990588215909,0.9991640157995176,-0.0260992831071594,-0.0011598191385211,9.922770204078857,-0.0032969671551579,-0.0151419135682709,-1.0893975604157853,9.12287555825467,3.752621469575768,1.0672728617475713,1112.4619681419435,1073.7838341320946,1066.1172398791373,1131.5703671158424,396.34146215812166,344.99870150033985,-345.4533941535787,144.21414220104836,158.11485910293396
50.235,-0.014079911068758,-0.4421120151918298,0.3923175970338136,0.0164454323858158,0.008316139898213,-0.0202565720333752,0.003690058510683,0.0004701935805081,0.0407037394326561,0.9991639461643232,-0.02775609596892,-0.0043280410645349,9.92202072466,-0.0033013818239355,-0.0151611285260113,-1.0891605307178756,9.12285898003875,3.7526027886419304,1.0645539152312116,1113.5243357985614,1074.5297396207231,1065.2261479414483,1131.989348435163,439.35153864145184,207.12030193206687,-374.7266997005128,172.54913555221077,158.11220236015512
50.2375,-0.2627514651315378,-0.5046026464883947,0.5858129308958195,0.0160158721691977,0.0073266652246936,-0.0191912329859063,0.003673979222558,0.0004899009776792,0.0407247910938224,0.9991631495889092,-0.029233126874394,-0.0073823757089744,9.921458761185777,-0.0033035741746658,-0.0152233340658511,-1.0889418079623423,9.122843647088999,3.75258380552676,1.0618309068370475,1114.658725835152,1074.8194356417555,1064.2436063806335,1132.4331127936039,502.10244841870696,-3.5478004644555807,-456.0943245104167,160.84836623850563,158.10960086883426
50.24,-0.533924172208873,-0.5551516188101832,0.77742950777819,0.014454105615963,0.0059620104609732,-0.0170001091062639,0.0036737438636383,0.0005066952411108,0.0407578870490301,0.9991618046144424,-0.0305754359606977,-0.0103435386553788,9.92118865280904,-0.0033025712053121,-0.0153247089484106,-1.088737259881418,9.1228298202448,3.752564330310391,1.0591051962624107,1116.0348480406562,1074.512000618401,1062.9456763188953,1132.793590266356,504.1689645509488,-218.3753687615248,-490.7313490040367,77.40700522215539,158.10654453177744
50.2425,-0.7270635331625335,-0.5819569381846063,0.8839857418236486,0.0123151317467621,0.0047659757149532,-0.0143965539112183,0.0036878657336259,0.0005264815030475,0.0407977814316484,0.9991601272955924,-0.0319198318215013,-0.0132251048202563,9.921303840869575,-0.0032876084186697,-0.0154622706606882,-1.0885430004316858,9.122817190998049,3.7525451184207186,1.0563795290048956,1117.1795706579044,1073.7275587979489,1061.7899496356158,1132.8201478197143,457.3876303197201,-389.60146964594134,-461.353008927645,-59.57667619351604,158.10405294915145
50.245,-0.8823813715127604,-0.5965088377139556,0.9192917793120962,0.0096868667487189,0.0034309222896278,-0.0113552860683011,0.0037121624536305,0.000551136903584,0.0408403894526147,0.9991583012960148,-0.0333176780574126,-0.0160971739489422,9.921885824757416,-0.0032571967412446,-0.0156268019601017,-1.0883557217949775,9.122805376934162,3.752526313681319,1.0536551613178755,1118.321786192256,1072.5639932701704,1060.6389112742559,1132.4957068853882,500.20294443367544,-531.2450829803321,-475.7827978188128,-207.091671984866,158.10161936431552
50.2475,-1.0347778263560805,-0.6017083139532406,0.8764148907895931,0.0066612042551344,0.0014505405333288,-0.0080557841842274,0.003737885846743,0.0005794822791551,0.0408825937935377,0.999156487563776,-0.0347542134528322,-0.0191221771375319,9.923002653102541,-0.0032166566437338,-0.0157988132908882,-1.088172773704738,9.122794271040025,3.752507084527771,1.0509319999823703,1119.680585380074,1071.0713333830458,1059.4110356465203,1131.7846894597894,491.75121204956827,-506.6973588835996,-400.0629517647668,-282.25171049201185,158.0987661736373
50.25,-1.147009666237878,-0.5983035605312764,0.7779238026974916,0.0043817056675883,-0.0004827337497647,-0.0058076367689838,0.0037656619349035,0.0006089989169957,0.0409195025601611,0.9991548813532624,-0.0361702093913364,-0.0222766919009662,9.92470701936611,-0.003175417980453,-0.0159790040897376,-1.0879916240943273,9.12278435128923,3.75248703884844,1.0482103726537704,1120.7805422525016,1070.0305064757547,1058.6385965154338,1131.0844483329295,424.53935961314033,-317.79840467576634,-229.79255543303205,-252.3363669752165,158.09644412631528
50.2525,-1.2594449628035111,-0.5958523310544483,0.6312194524340357,0.002158444844937,-0.0022518387633519,-0.0040940181330346,0.0037940047689714,0.0006361428798619,0.040951430829128,0.9991534745641386,-0.0374773115030463,-0.025577590783776,9.92703592383376,-0.0031453157021751,-0.0161633128664888,-1.087810077482728,9.122776755197206,3.752465643171204,1.0454901091204665,1121.8032821781378,1069.4823413596685,1058.2620728693564,1130.5230076249145,421.05116154467686,-97.08897807754093,-51.51133695810224,-162.15254527456523,158.09417901344025
50.255,-1.4024970204172875,-0.6131090715994262,0.4222855707370433,-0.0007484207713715,-0.0034487213022331,-0.0028345237021816,0.0038180103987786,0.0006558761733013,0.0409797099105337,0.9991522329568951,-0.0385499849210711,-0.0291077638197248,9.930009888859423,-0.0031411306325416,-0.0163402206864229,-1.0876261735367565,9.122771831111205,3.752442115916817,1.0427706445554992,1122.885798060226,1069.5450615853667,1058.3810398306432,1130.2736856065562,367.017782084025,134.83567744362895,146.9364215558629,2.3435818397035124,158.09152527496957
50.2575,-1.524409015093681,-0.6576162689664865,0.2361917104221965,-0.0034392984821774,-0.0035620681468318,-0.0022673695617365,0.0038347354571021,0.0006679476515974,0.041001537950235,0.999151281419901,-0.0393464129978833,-0.0329037595760061,9.93363145246178,-0.0031669318345043,-0.0165032851191377,-1.087437940578736,9.122769278299442,3.752416881734724,1.0400519564420991,1123.6383710885589,1070.1565197468867,1058.996754977136,1130.534725534113,269.218442391156,317.67452032528826,352.4869347864319,203.44966784473712,158.08936613450513
50.26,-1.6315170713694243,-0.7339604972128458,0.0522314704177247,-0.0066689023099412,-0.0035845341729322,-0.0019190445889322,0.0038420518842563,0.0006724716753235,0.0410138587685812,0.999150752010415,-0.0398234679528187,-0.0369806432552634,9.937884993821687,-0.0032253063753653,-0.0166484895614324,-1.0872433439098923,9.122768745103345,3.7523907045900184,1.0373341371222295,1124.2318902721806,1071.1334341869915,1060.1434745045735,1131.2909339457788,216.13634936632337,402.34190399166766,538.2421169912934,367.491525623421,158.08725945115967
50.2625,-1.7046870730887431,-0.8183185118902468,-0.1206132760926755,-0.0106230630771402,-0.0043240579468892,-0.0018956826152672,0.0038386367295334,0.0006681752584009,0.0410169312767815,0.9991506399665254,-0.0399043624172495,-0.0413321567561466,9.942736376958631,-0.0033209110715938,-0.0167742139332113,-1.0870402119423683,9.122769989327312,3.7523646707197185,1.034617602751632,1124.719052835391,1072.1682292668463,1061.687965562094,1132.372183162231,180.61681913427347,362.94888189149407,695.0834692146682,475.984753656878,158.08519488716055
50.265,-1.7066104651919212,-0.8696438063492343,-0.2681600252722037,-0.0152446713007944,-0.0064744635890283,-0.002702576193424,0.0038242833355751,0.0006564736200183,0.0410099989097214,0.9991509782724124,-0.0395617823790446,-0.0459205182336631,9.9481321395597,-0.0034512269972473,-0.0168823415818745,-1.0868261392449272,9.122772360774956,3.752339453249056,1.031903375824514,1125.1349743678525,1072.94817859645,1063.6188918506489,1133.6708577140644,181.390889200094,213.8812365024604,906.0282389496989,572.6443443092854,158.08317949570124
50.2675,-1.5933144506972636,-0.8301437533956842,-0.4033999956362877,-0.0208494903177165,-0.0106528622472571,-0.0044343615722715,0.0038019121280987,0.0006388151297578,0.0409900918011277,0.9991518779423536,-0.0387663889863362,-0.0506378425791044,9.953999538650766,-0.0036122324182308,-0.0169822876035991,-1.0865982078497556,9.122773992687865,3.7523160020059,1.029191550989904,1125.6260072813907,1073.2376354493576,1066.2181067568383,1135.235404883775,184.3591152018656,-31.373481062594102,971.5777455363,543.6701063589172,158.08081586303413
50.27,-1.387226348047026,-0.6781959263323061,-0.4789273499878468,-0.0252497128029544,-0.0147447762536839,-0.0058895179741646,0.0037685777981267,0.0006157448176043,0.0409578633951214,0.9991533224466383,-0.0374790870823933,-0.0554847849740194,9.96024640865747,-0.0037997096218278,-0.0170710897218608,-1.0863530312917853,9.122773095391766,3.7522943816319145,1.0264813423629584,1126.0567699438623,1072.791311191137,1068.4767805783329,1136.3892082458603,173.00664714280418,-322.37017073586566,886.6099646440499,404.05551262954094,158.07889046383207
50.2725,-1.0598423808555215,-0.3923929576161811,-0.5218806815803485,-0.0292011680471408,-0.0182314197251345,-0.0068866331109632,0.0037238971407612,0.0005885358695963,0.0409159158279473,0.999155206099916,-0.035679461841601,-0.0604019644391765,9.966761305410545,-0.0040065952109885,-0.0171515234249743,-1.0860862809501712,9.122767979907056,3.752274280477301,1.0237710531292676,1126.4910405171051,1071.6257845956775,1070.6511565800608,1137.2556824469236,175.1201949281268,-638.44115915257,896.793083879217,299.13322437719137,158.07700945282733
50.275,-0.5404338840688975,0.0699535180575028,-0.5448084769959834,-0.0329788048984623,-0.0207393029607274,-0.0077946455451755,0.0036692760177706,0.0005567251396645,0.0408727539514291,0.999157175865248,-0.0333204129322439,-0.0652876143162732,9.97341450474044,-0.004228790947977,-0.0172297986604128,-1.0857926967226628,9.122758804241997,3.752255205723906,1.0210582774924055,1126.932370918502,1069.5991053953771,1072.9607459977249,1137.8848743677452,132.40786830317623,-798.8218200481703,771.1545359260674,160.24641261688873,158.07480183224249
50.2775,-0.0282016640861238,0.5013293574623088,-0.541569512049426,-0.0347461139236976,-0.0208607131507675,-0.008728064568862,0.0036061219050736,0.0005204146931932,0.04083432652154,0.999158985503136,-0.0303764673117541,-0.0700332293255072,9.980059105766074,-0.0044603295586274,-0.0173116278731937,-1.0854664759933523,9.122745968924631,3.752237384728605,1.0183408908234495,1127.1530798586211,1067.6316754954344,1074.5069292596932,1138.0569145100085,41.17285718750904,-778.8687514362773,517.0111113620434,3.563150300713456,158.07300229047658
50.28,0.5167344085634544,0.8968211469697908,-0.5095773332055532,-0.0342164979492429,-0.0180418523360561,-0.0104225486173643,0.0035410693540789,0.0004784478966325,0.0408034725915584,0.9991605002284476,-0.0268041648115481,-0.0744225874358624,9.98653365547146,-0.0046982929938028,-0.0174130984139449,-1.08510172067814,9.122730225827198,3.752220800199412,1.0156187042060438,1127.1382352044395,1065.7047616381935,1075.5458015545364,1137.9026901192487,-68.92565439072216,-771.3216312821908,326.78440890502026,-122.60714173728284,158.07124294959544
50.2825,1.1392768023601187,1.2371729247644383,-0.43248572814125,-0.0306387621896936,-0.0114462626755591,-0.0129672478412106,0.0034843819963455,0.0004336902106997,0.0407789794435237,0.9991617342647752,-0.0226489200060433,-0.0781612856316205,9.992664856209716,-0.0049316141233637,-0.017557370082864,-1.0846933408088135,9.122712538263585,3.752204481245735,1.0128936856901332,1126.808451586668,1063.7750673390271,1076.1408513042168,1137.4438788013226,-168.62042861044316,-610.0615971661745,110.6375658463892,-192.747705036974,158.06917620614638
50.285,1.587903437300096,1.3700051422201822,-0.3422417723287993,-0.0259286389589222,-0.0049661258011612,-0.0146628548351617,0.0034373037357748,0.0003953567843814,0.0407579948599642,0.9991627918317032,-0.0181020424358788,-0.0811297541267962,9.998270485277311,-0.0051353011019836,-0.0177472159596084,-1.0842382366303387,9.12269371655047,3.7521866390935137,1.0101680174154168,1126.295133061387,1062.654453652361,1076.0989893837686,1136.9389515940632,-239.74224983200213,-329.8643695620871,-114.56043607466704,-197.4956678371099,158.0674892623439
50.2875,1.9323987358331385,1.352814251107368,-0.2472686143391071,-0.0205954778853985,4.788634215652503e-05,-0.0153822533870661,0.0033989951556058,0.0003664843320289,0.040736471405683,0.9991638356219948,-0.0132441054948666,-0.0832580671573117,10.003165075647564,-0.0052984227958104,-0.0179789543993896,-1.0837353904345255,9.122674777373817,3.7521653470985834,1.0074433008802304,1125.6097403375074,1062.1257454912159,1075.5680491238431,1136.4564004621363,-288.12938712216067,-117.11671847762508,-275.79256091601184,-165.1066917914387,158.06583667579798
50.29,2.1837073965371614,1.2493715870409303,-0.1704757108163878,-0.015230423857569,0.0030309963291119,-0.0151742061214443,0.0033697622667348,0.0003473404755886,0.040713799157662,0.9991648871462776,-0.0081094294541183,-0.0844613088755688,10.00716488158802,-0.0054172139668412,-0.0182499409604403,-1.083185937173239,9.122655355950883,3.752140364821249,1.0047205314972063,1124.8544861257776,1062.0688700599735,1074.7200265791898,1136.1134181351067,-303.4264144422917,71.62160544176888,-390.74428616525455,-75.27757075718696,158.0642106352923
50.2925,2.3263576134356545,1.1003678269707071,-0.1370324456484998,-0.0098677732520008,0.0041432425853313,-0.0140286996699833,0.0033499185823024,0.0003377354438885,0.0406898985412048,0.9991659468256368,-0.0027309158342635,-0.0846632752673193,10.01009297792756,-0.0054899523590631,-0.0185567318543612,-1.0825931969435703,9.12263488148992,3.752111839509413,1.0020006029884059,1124.0926082652952,1062.483853518425,1073.6143276930159,1136.0800126083504,-323.87788595348667,258.27321744236974,-517.2493574627051,85.54645954759678,158.062614008315
50.295,2.3804389451906145,0.9246331236351832,-0.1520966603285254,-0.0030233960132121,0.0047641159281594,-0.0125201585529873,0.0033382885903567,0.000336374487315,0.0406637003959781,0.9991670619434044,0.0028739865535474,-0.0838293718259409,10.011784467280515,-0.0055182999464502,-0.018892218936434,-1.0819625638065853,9.122614007864179,3.7520803307093975,0.999284409075912,1123.2350966960091,1063.3602361471862,1072.1337797918748,1136.5411504328451,-300.6476444255446,361.0800616418701,-553.5251716024081,263.1011883138518,158.0607284020912
50.2975,2.334471499655681,0.7962415736872751,-0.1924250271084894,0.0027751175359475,0.0054145910383544,-0.0119609819323657,0.0033352126386075,0.0003398470537907,0.0406362250646034,0.999168190895242,0.0087276134575464,-0.081909324837611,10.012091784249968,-0.0055099382663845,-0.0192523650459546,-1.0813011001114232,9.122594602613566,3.7520464507072018,0.996572843041263,1122.5893700431689,1064.2892538266326,1070.8467018350063,1137.3955185499185,-241.8573709324064,392.6920639683241,-516.5816267997883,435.08162782887234,158.05917947281696
50.3,2.2037553924930746,0.6772227954078536,-0.218365535134944,0.0079877695476494,0.0065867183087392,-0.0124581558380932,0.0033405399303131,0.0003399807954114,0.0406069076098274,0.9991693598267822,0.0149459272491552,-0.07888121145365,10.010888973533316,-0.0054839110423302,-0.0196319338870208,-1.0806171829017217,9.12257787113698,3.7520121611610895,0.9938665064387798,1122.0258098413467,1065.3236964670289,1069.5508716578747,1138.7165585719906,-225.77733881132465,468.5481568318996,-570.0914484282561,662.1278268199853,158.0576502093907
50.3025,1.9599042041419588,0.5134508672658233,-0.172740072126622,0.0138104832019888,0.0087934929294968,-0.0143237291716863,0.0033564700266136,0.0003322281137085,0.0405744666875591,0.9991706162336618,0.0215744818810594,-0.0746890923680367,10.0080757771067,-0.0054524787623851,-0.0200314290334465,-1.0799199767075278,9.12256383929246,3.7519795797678657,0.9911650338255468,1121.4604833491117,1066.6319946107933,1067.9962445928636,1140.70615768402,-183.96689447589233,489.6079024039769,-571.7440500466835,765.0846838355984,158.0558337419814
50.305,1.689978125313418,0.3352451117214654,-0.0344847566692873,0.018511443691609,0.0110899512070227,-0.016605153097589,0.0033881431508892,0.0003161987987472,0.0405392630535013,0.9991719300473993,0.0285791653103166,-0.0692320418529211,10.00358094024222,-0.0054197331737282,-0.0204581734269217,-1.0792189013135098,9.122551574809796,3.751949040267688,0.9884676199360328,1121.105975368968,1067.7717359790463,1066.692151407644,1142.5419819911651,-108.24130152167444,468.03331282434254,-526.1627215537865,725.0277277041206,158.0543327315643
50.3075,1.359314122031763,0.0989553486683808,0.225025409751351,0.0228391819724659,0.0131832700647899,-0.0189459728888857,0.0034331255571331,0.0002963646504984,0.0405042590464992,0.9991731887890838,0.0358245328791563,-0.0625749614640995,9.997364191866838,-0.0053788878116712,-0.0209033184652238,-1.0785236413537542,9.122540418142105,3.7519186588283935,0.9857739716221424,1120.919276841503,1068.9721611749162,1065.365430985093,1144.3312963225424,-29.404744234201157,541.5943632840439,-588.523044328912,722.6798627523235,158.0528417375872
50.31,0.9130243034575168,-0.2389068840893211,0.6481898374331992,0.0268214474489364,0.0143208068191958,-0.0204288294855915,0.0034835902274536,0.0002791873816463,0.0404742193399354,0.9991742250945304,0.0431339483994847,-0.0549077538709746,9.989418452830089,-0.0053184511658002,-0.021346082920039,-1.0778437034441315,9.122530754272056,3.751886758249736,0.9830844919967104,1120.9589516477968,1070.479707795468,1063.7495361859978,1146.1553813049284,68.40086576591457,557.9148370665353,-591.2005109157155,582.3543224793251,158.05106069070212
50.3125,0.5244024432365405,-0.5372873132110917,1.0389615738461566,0.0285244897250402,0.0135190161792091,-0.019133600953231,0.0035341705362215,0.0002715186549438,0.0404559871886449,0.9991747803378632,0.050328238601556,-0.0463899041342829,9.979771177742812,-0.0052262177973483,-0.0217705175050313,-1.0771877178132572,9.122522520386493,3.751852980837692,0.9803997238160213,1121.2612811703323,1071.7617353602463,1062.4094284305174,1147.2430679349363,184.32923639028044,503.2747994732774,-521.7508914366788,320.4648561073285,158.04958093302093
50.315,0.1523056857611362,-0.8092861229207022,1.3793879742690567,0.0284436529423458,0.0108822973768183,-0.0144181521495417,0.0035794856455148,0.0002742049601946,0.0404563402287899,0.9991746008986578,0.0573510876304899,-0.0372048411057015,9.968483736333742,-0.0051025682532181,-0.0221597711800313,-1.076563068506815,9.122516061969668,3.7518163563737934,0.9777185751858284,1121.8805978297476,1072.9960817928322,1061.1407817288168,1147.7577055854636,344.9114759525455,508.7923613142392,-520.8673701912694,88.07332957235344,158.04810320258096
50.3175,-0.245314608632725,-1.0638786605407347,1.6373417811912439,0.0268668908558766,0.0065849394197839,-0.0067240502904021,0.0036201919030718,0.0002854458818767,0.0404746298505166,0.99917371178402,0.0642058645112838,-0.0274352687356611,9.955650755756185,-0.004953271805008,-0.0225097309483221,-1.075975295114111,9.122511726569014,3.7517766661126135,0.9750381533862608,1122.9858385500959,1074.3056971668188,1059.8050915795595,1147.6834345827983,458.14482292034177,434.7732338931159,-442.9089873890924,-129.5367217484246,158.04632954770247
50.32,-0.5286293933669797,-1.202631141770582,1.691990085731028,0.0249600455117147,0.0029709593120042,-0.0005363310360277,0.0036624927733157,0.0003060986103375,0.0405047522563488,0.999172336127879,0.0708472982481715,-0.0170680202014367,9.941399199947796,-0.0047778742512924,-0.0228287112348775,-1.0754280382442187,9.122508238726617,3.751734452201312,0.9723573608476904,1124.1713219443504,1075.1699479622987,1058.9262367918702,1147.110021976721,514.9274276401364,283.2681749160504,-287.50191886055063,-300.5540814687725,158.04484946298848
50.3225,-0.7718985584286799,-1.2680487502047793,1.580961546717148,0.023024422948837,-0.0001823770608124,0.0046820575389963,0.0037057913091465,0.0003331133127518,0.0405403108868146,0.9991707337417052,0.0772998096683017,-0.0062439363435418,9.925886976202717,-0.0045827924521055,-0.0231106071734961,-1.0749237223389254,9.122504726091378,3.7516905453926985,0.9696750264719266,1125.5604756882942,1075.7220380413978,1058.3675819852583,1146.180664175456,577.9537101215509,163.28639626350028,-163.2087183390542,-394.6441493639013,158.04336574273003
50.325,-0.9983800543751634,-1.282360822483405,1.3559426967544563,0.0212864713411424,-0.0029117088241187,0.0089928758903953,0.0037428473168257,0.0003665593619131,0.0405750427815383,0.999169182657651,0.0835160403860877,0.004753957857845,9.909303503796691,-0.004366246331657,-0.0233361317095555,-1.0744640002672818,9.122500753220727,3.7516447130837456,0.9669888612192976,1127.0610904949597,1075.9863799436168,1058.1101932001743,1145.1368012299008,615.6230244738742,37.97547912720678,-27.806246089616575,-400.0914090047217,158.0418783575549
50.3275,-1.2244030291236987,-1.2459039734244723,1.0377325704879503,0.0198085477207414,-0.0051863996482165,0.0119301741854196,0.0037690994738772,0.000409850681958,0.0406038016440235,0.9991679063194296,0.0893787231072172,0.0156884943453483,9.891868812365969,-0.0041187585612824,-0.0234930799552414,-1.0740499143495987,9.122495845755942,3.7515970384970214,0.9642989491036332,1128.6385908106652,1075.911915437034,1058.22855075481,1144.1802071304314,702.8390085948585,-96.53708516652524,135.4844644644213,-354.86526886016225,158.0403863686216
50.33,-1.5045171389840286,-1.146700657647826,0.6129379346028014,0.0177617305523738,-0.0079075232512302,0.0137886494059643,0.003782893132569,0.0004626028188797,0.0406262415115346,0.9991669249671398,0.0948412865731518,0.0263689637051495,9.873831648227645,-0.0038388557717589,-0.0235763595466272,-1.0736825560811551,9.122489496648145,3.7515489251293226,0.961605732120122,1130.5752855379308,1075.5036945177847,1058.787615522496,1143.3624748856016,715.457402460604,-183.7188453161131,268.70839309335577,-225.98841513438208,158.0385911955335
50.3325,-1.732744344077125,-1.010675675537155,0.2681418581055135,0.0147845557263548,-0.0107016037190649,0.0140542141782453,0.0037812685965995,0.0005174389278212,0.040645153605657,0.999166139465706,0.0999859773852473,0.036568376122978,9.855468678456484,-0.0035397392854722,-0.0235788014667386,-1.07336394711454,9.122481228428095,3.7515015062260577,0.9589104838141022,1132.21587782297,1074.993321210453,1059.5720927202776,1143.0502650547587,662.9628575761918,-210.4204331391262,371.1366872957944,-45.2909748631778,158.03709218264729
50.335,-1.9203819795716712,-0.8073847575832481,-0.0240021607611034,0.0098762719161467,-0.0139024418785365,0.0133229990630495,0.0037640837545785,0.0005655372137007,0.040661508559162,0.99916551540407,0.1049159516136744,0.0461134047210637,9.837084160177476,-0.0032378534706862,-0.0235004840856734,-1.073097430684712,9.122471150147613,3.7514553924619904,0.9562149801288315,1133.8900998258134,1074.4515923520885,1060.643298958976,1143.1360200112856,744.5575543023955,-211.9273284446189,526.299259667918,111.2676028774888,158.03559182994744
50.3375,-2.054509898838691,-0.4849584386079416,-0.2828284557108908,0.0025445023715607,-0.0171442087675481,0.0118008257422884,0.0037323903715133,0.0006017336343528,0.040676364613001,0.9991650086060236,0.1096534341085351,0.0548591250950568,9.81901023255182,-0.0029422033834943,-0.0233455087826872,-1.0728880642011367,9.12246080434804,3.751410547603255,0.9535215975896588,1135.9386655944786,1073.9336845682308,1062.2035890186148,1143.6066030691459,752.7721954839094,-148.6876001482109,608.8141211354991,210.8331781665869,158.033792798776
50.34,-2.071642924922021,-0.1658014279136299,-0.4126592335802385,-0.0037765134927982,-0.0187640047614102,0.0101875980137135,0.0036897884444787,0.0006176351866798,0.0406896487404306,0.999164612645954,0.1142765802879775,0.0627132526197768,9.801603952613002,-0.0026694106061719,-0.0231241063391523,-1.0727424876673732,9.122451585929111,3.751367913326402,0.9508319656155616,1137.653960803235,1073.708154351347,1063.687369564655,1144.190185902119,672.9401529666316,-35.457564794051045,619.5590759113217,243.43560306684873,158.03229726561838
50.3425,-1.991355119638544,0.1715729118958198,-0.4561800945043872,-0.0093653853579361,-0.0189754636755608,0.0084826965095487,0.003643475329412,0.0006111404453708,0.0407005448663969,0.9991643333156478,0.1187344988892217,0.0696667622178661,9.785246392765169,-0.0024234258413095,-0.0228554601853255,-1.0726685480902451,9.122443951313343,3.751328491851611,0.9481483158405806,1139.3033663593135,1073.7563967442604,1065.301384398173,1144.8237810844807,683.2322109992976,83.05992130397777,725.6363423002091,263.4451428280167,158.03080827904637
50.345,-1.805945100581413,0.5467412342543865,-0.4272031225011863,-0.0149247528702211,-0.017533076824257,0.0064172304292789,0.0035960127981492,0.0005851517457884,0.0407101808927807,0.9991641120313296,0.1228687029507367,0.075633666506719,9.770340704066804,-0.0021975491427969,-0.0225495830439161,-1.072674967371697,9.122438279285744,3.75129240387232,0.9454723253041988,1141.0701218582283,1074.1234539578663,1067.3155512761527,1145.507411616258,590.0000584892206,176.78959940144574,742.0276055175534,227.16172798529644,158.02903156911546
50.3475,-1.6002969071253699,0.798234895835265,-0.3581722372815727,-0.018698301095347,-0.0150123263707259,0.0047484471907834,0.0035451861947256,0.0005454610075906,0.0407182018189209,0.9991639663494128,0.1264562707221087,0.0804505300571048,9.757306764952384,-0.0019786211053273,-0.0222064604649299,-1.0727703146432155,9.122433949301255,3.751258159482284,0.9428043430052006,1142.253366651761,1074.640344741268,1069.0115224257627,1145.9595897244078,390.6988836058465,234.50721682945007,675.4841629409566,154.89770277987452,158.02756073339745
50.35,-1.3672447124799127,0.9536380514982076,-0.2811040298651892,-0.0217448286304281,-0.011571895464251,0.0035810871323559,0.0034936995137058,0.0004958660417309,0.0407218491056339,0.9991639957736824,0.1293147817784413,0.0840644254866817,9.746570460835198,-0.0017581356039666,-0.0218361191222016,-1.0729613539158138,9.122430608641542,3.7512240045531304,0.9401441023501788,1143.0236162762585,1075.2959900420144,1070.6929720908593,1146.2819001301575,230.09693192141648,273.22140549169785,670.0010245912108,113.68257830132615,158.0261011007611
50.3525,-1.1258534295749032,1.0189347978893688,-0.2335108284976306,-0.0243405151558584,-0.0080175912611166,0.003247449414552,0.0034470867782287,0.0004407259059061,0.0407210771848553,0.9991641794511694,0.1312538918582049,0.086494473684145,9.738555294588286,-0.0015266859041701,-0.0214542985599355,-1.073251914597828,9.12242768522829,3.7511886319571848,0.9374903939519244,1143.4038513113671,1076.0064517687251,1072.3615275487157,1146.528002615914,58.11622694197223,286.3428829214071,667.8790309383425,95.04485355241424,158.0246511582828
50.355,-0.8852128502780728,0.9819557157997236,-0.2658662472931406,-0.0263452880424144,-0.0050115105747913,0.0040334262305288,0.003406520185887,0.0003795525347964,0.0407174522214426,0.9991644492327671,0.132177471250366,0.0876896917068205,9.733672026729993,-0.001284907156535,-0.0210667532088955,-1.0736420345525108,9.122424765531152,3.7511512378138128,0.9348411682012508,1143.3141974109683,1076.727704456622,1074.0323672455527,1146.75712439792,-134.8095973443143,312.1789184582889,738.7652664460661,122.39713406118533,158.02321290051245
50.3575,-0.603852899572963,0.8444330933100394,-0.4367780856658817,-0.028143929280909,-0.002473453437234,0.005873162658542,0.0033714267366238,0.0003162406125793,0.0407119859489939,0.9991647667339734,0.1319087950595034,0.0875899889448376,9.732307871108334,-0.0010239551717046,-0.0206760200415732,-1.0741268997410771,9.122420635758807,3.7511116142997696,0.9321932359089679,1142.7298033246452,1077.5673463610176,1076.055353880948,1147.13998828622,-277.81408590160737,302.4907792651925,741.6045647617389,177.98838477281424,158.02149989691367
50.36,-0.3758236352217869,0.6742316353688447,-0.6919334395615258,-0.0292231629872543,-0.0011408348120874,0.0073854302462919,0.0033390746939085,0.0002591359251855,0.0407043334519641,0.9991651540432608,0.1301925022578314,0.08612025179387,9.734813394143643,-0.0007255461407682,-0.0202809592453635,-1.074696245607406,9.122414039063262,3.751069435054716,0.9295439277861868,1141.9251269814615,1078.2401583529468,1077.740390069358,1147.6470663217833,-366.32644544442326,265.02262133149173,660.6474508320192,261.2641082123019,158.02008234984655
50.3625,-0.1516023991707344,0.4676527427051879,-1.024111964601789,-0.0299303412764938,-0.0001638862479423,0.007232915582541,0.0033099650750999,0.0002083187975089,0.0406920632306762,0.9991657091041624,0.1269500611189726,0.083286953432353,9.741484558234093,-0.0003901660467154,-0.0198876601592533,-1.0753339487912517,9.122403846797958,3.751026033201104,0.926889702046549,1140.898171097422,1078.8924594676755,1079.3585911351097,1148.4463088272823,-480.03302868231,282.9797757207787,670.3426467615581,431.637132623616,158.01867398470148
50.365,0.1163633336267579,0.1934040836403905,-1.4162077623499831,-0.0304833739156203,0.0008423286360669,0.003178165414843,0.0032860738784722,0.0001650516330109,0.040674361730008,0.9991664640285544,0.1220999813418416,0.0791521581910654,9.752552606068802,-1.741705559331233e-05,-0.0195068481799061,-1.076018391072274,9.122389611192132,3.7509837430048254,0.9242275330740926,1139.5249618380487,1079.6550572315512,1081.0921033031675,1149.8052519849025,-512.9234307808591,274.70353757933,578.1336576258383,565.5577931811108,158.01699311271116
50.3675,0.3374470513146711,-0.0478665645359313,-1.6577335982262327,-0.0307332760776629,0.0013161283331093,-0.0031619129066875,0.0032699901181382,0.0001303116713683,0.040651937852964,0.999167391140772,0.1155906219037369,0.0738171209949916,9.768172471708905,0.0003901646250877,-0.0191520024580224,-1.0767232314139896,9.12237118652282,3.7509447527888744,0.9215555984300136,1138.3335539435202,1080.2659771555711,1082.2492594232363,1151.274097793185,-473.13142633159606,236.36890439276343,378.0353418478511,647.3412257868275,158.0155989051349
50.37,0.5447047303608709,-0.2887305758197346,-1.7422170246042414,-0.0304670088897071,0.0009952275015258,-0.0100987175976811,0.0032557192988738,9.925439966334144e-05,0.0406299787672181,0.999168310862512,0.1075066168679517,0.0672385134419314,9.788414361709426,0.0008151504025483,-0.0188188475030399,-1.0774188554754462,9.122351241767776,3.7509099977947034,0.918873538655768,1137.1593047063895,1080.8369017535158,1082.9822800124075,1153.0419581138383,-500.1592174438144,239.89675031308713,205.5612065646386,821.6646023207776,158.01421006114023
50.3725,0.7476136900251282,-0.5577064240820077,-1.6405510111904846,-0.0288286957423876,-0.0004943063847083,-0.0171302696311702,0.0032397821566747,6.710777154001302e-05,0.0406136790604034,0.9991690407847073,0.0979672135693048,0.0594500188965749,9.813255373566951,0.0012365294461326,-0.0185092682340657,-1.0780731838337483,9.12233444673296,3.7508798794289087,0.9161824415743092,1135.8327578562998,1081.4654609071372,1083.27706545606,1155.3824208047913,-463.6373587068316,220.35213207052067,7.469222941979267,868.0564125511573,158.01254794416315
50.375,0.8496997729598145,-0.7517869851298065,-1.4035947282364751,-0.0259888000108357,-0.002463551386718,-0.0217476526793093,0.0032237794123883,3.8383813658402605e-05,0.0406061170310142,0.999169470309218,0.0869511161025427,0.0506197516695235,9.842576684697917,0.0016494149735255,-0.0182371177914464,-1.0786527717102956,9.122325028515863,3.7508542930888096,0.9134823476861518,1134.8411179128575,1081.9386624138674,1083.0196261271176,1157.38224017659,-361.2038661653161,176.4667408981281,-196.5164230268752,771.985397760338,158.01116530336768
50.3775,0.8541570263269063,-0.9042707187078244,-1.05167670777148,-0.0221860868689365,-0.0048463256285696,-0.0249968728557437,0.0032075324717717,2.1444092113804486e-05,0.0406094585876892,0.9991695389490484,0.0743983775810366,0.0409096129663301,9.876162889439833,0.0020545993875822,-0.0180124412284208,-1.0791242494792819,9.12232609196231,3.750833625013671,0.9107722814845896,1134.026738525475,1082.347794611627,1082.2944833409265,1159.2423477935895,-286.9931021623311,148.40970428505582,-349.2526053626112,691.1206694029363,158.0097836263573
50.38,0.7729751642669787,-1.01965293562919,-0.6452412905338604,-0.0184854743175886,-0.007364003508327,-0.0268778414107805,0.0031938141022996,2.7356398549227404e-05,0.0406223297378533,0.9991693264963748,0.0602355421262125,0.0305646058475002,9.913703201538127,0.0024569819863618,-0.0178510232964888,-1.0794554043813496,9.122339682487777,3.750818027132537,0.9080524987888292,1133.406152402045,1082.680710935293,1081.2733631003036,1160.8378435236064,-191.24898844465167,105.04841948949516,-449.23886566943776,541.8832017600791,158.00840156268697
50.3825,0.6089805881499862,-1.0918628034137212,-0.2234551470769765,-0.0162482956974932,-0.0099599461865119,-0.0270609749359256,0.003191316107868,6.064106460278087e-05,0.0406424604374895,0.9991689314997576,0.0445594459465417,0.0199606347429012,9.954796413660036,0.0028468869955668,-0.017779426181115,-1.0796164648852196,9.122366614365616,3.750808306217852,0.905324865490784,1133.0704935832512,1082.8730367090748,1080.048289012578,1161.9517638023913,-72.13414042955459,36.45353904874941,-544.0560742895686,346.0661885226692,158.0070177860111
50.385,0.3641996569902489,-1.1333251298925575,0.2460466635709231,-0.0157560308992533,-0.0130356773715988,-0.0257274159232161,0.0032049185876553,0.0001161635371411,0.0406683120117477,0.9991684298136828,0.0276900074241225,0.0094046458592672,9.998962792890303,0.0031960042158742,-0.0178130861803985,-1.079581723733772,9.122405354371985,3.750804292134228,0.9025915052052736,1133.045481699898,1082.8629786305366,1078.5530827288583,1162.5681744662184,57.87173712039243,-55.02738939673604,-525.1088364951144,91.92110301892016,158.00535409571057
50.3875,0.1537608050935225,-1.1334718667868484,0.5804705880943241,-0.0165457709425401,-0.0155463447424695,-0.0238799838194449,0.0032320454999602,0.0001890013895161,0.0407001059840399,0.999167839354513,0.009967215732387,-0.0009380912136092,10.045657950152439,0.0034808070513844,-0.0179486279247658,-1.0793306113944607,9.122452214147069,3.750803330470364,0.8998545415471193,1133.3598522688533,1082.5978997620907,1077.4227448301012,1162.411369317486,197.1301151830077,-169.5667755011569,-404.0220802228512,-202.09171754835216,158.00396452694517
50.39,-0.0419233234672228,-1.0993246597961943,0.8411619099035103,-0.0176729313310574,-0.0180316675326958,-0.0217811165032094,0.0032707335082456,0.0002717697812212,0.0407351994686866,0.9991672234053766,-0.0081965445862306,-0.0108934866827231,10.094286473616664,0.003677689564046,-0.0181804939246009,-1.0788481795451137,9.122501531309922,3.7508019652852354,0.8971160981311639,1134.0311322758134,1082.0151447530304,1076.5329723277428,1161.557715878476,376.4898667893035,-335.1894712364676,-320.05248631632645,-511.2588084638549,158.00257144652255
50.3925,-0.2628379453009371,-1.0164585976407892,1.0649805371977452,-0.0187803551475355,-0.0209311779793633,-0.0190250688827016,0.0033193425105906,0.0003565884596598,0.0407701988518657,0.9991665711783974,-0.0263644818548399,-0.0202900287216058,10.144218939631452,0.0037679889067445,-0.0185003629051678,-1.0781255888848156,9.122548520428928,3.750796473397012,0.8943782985722283,1135.242301602798,1080.92195240591,1075.822482398521,1159.8550752751692,507.86675934142687,-464.76617558690896,-196.72927609648409,-701.8448803713957,158.0008959331067
50.395,-0.4503669310750124,-0.9088051994266722,1.1772140718565358,-0.0193184598827748,-0.0233103834245488,-0.0163876377341091,0.0033744355231052,0.0004352790013894,0.0408026208232306,0.9991660209061116,-0.0440910450243065,-0.0290083034900822,10.194809739598535,0.0037385804909956,-0.0188929164403095,-1.0771604246412938,9.122588313404169,3.7507843463358665,0.8916432664851327,1136.5704660725219,1079.6913138750947,1075.54932594726,1158.0484914766173,587.996196735202,-548.743696005696,-45.37930290764459,-745.7662005688968,157.9994970119392
50.3975,-0.6616102604338612,-0.7563206490129861,1.2119757969837688,-0.0196485552343142,-0.0255878178255277,-0.0133432937074942,0.0034306522649464,0.0005048412910409,0.0408344133431175,0.9991655186593948,-0.061044531052791,-0.0369851289463402,10.24541418949655,0.0035928553242311,-0.0193367691473615,-1.0759566557700235,9.122618139007056,3.7507650520404017,0.8889131254847206,1138.1822825864756,1078.1782339258802,1075.5955858839827,1156.1262442723228,756.2878565179345,-708.6709184317975,83.61380634690578,-798.579524067371,157.99809636371515
50.4,-0.952184867724688,-0.519885593046484,1.1652823012598204,-0.0204243297851782,-0.027794520289791,-0.0096299984154758,0.0034896085656863,0.0005765856626512,0.0408712070113786,0.9991647376540712,-0.0771998897152525,-0.0440277192660059,10.295403694016196,0.0033682226887506,-0.0198252432323875,-1.074523988460837,9.122636675496988,3.750738796719381,0.8861899991858126,1140.351905355108,1076.1479592829387,1075.9673949789942,1154.055593856284,816.9511731158223,-756.5171473881259,177.25811712239215,-671.0143719930988,157.99641524859393
50.4025,-1.2161839732312398,-0.2814489413916551,1.0565656050565175,-0.0218919676747501,-0.0289486712791785,-0.0067982108503381,0.0035499330967374,0.0006564311879686,0.0409130404256744,0.9991634962058816,-0.0924540944046089,-0.0500370916145245,10.344184427047391,0.0030932247584878,-0.0203439487438658,-1.0728779589615247,9.122644561011395,3.750706231107354,0.8834760120750254,1142.2670384520568,1074.3956481889377,1076.4818764695951,1152.7711724123556,764.2278515360158,-678.1351163285021,231.4658152031096,-381.84153494911254,157.99501538934217
50.405,-1.4723829656859344,-0.0077797323784037,0.8834606528146564,-0.0247462194346372,-0.029374226157027,-0.0042771554478698,0.0036043455861591,0.000747646606593,0.0409574034034556,0.999161625879114,-0.1066886182966616,-0.0550700733675541,10.391212254646176,0.0027920341066802,-0.0208656041099237,-1.0710393291894131,9.122644140074307,3.750667604932272,0.8807738746834634,1144.17304461279,1072.7572837012947,1077.1247240550103,1152.1463861815375,742.2748625936423,-607.7193552278529,265.7265351449639,-128.85300409473425,157.99361827761112
50.4075,-1.6896564773335103,0.2875588392540749,0.6653531667729072,-0.0289511451299948,-0.0292843685994278,-0.0020025795002314,0.0036446028075701,0.0008471759108917,0.0410036526577828,0.9991589623633476,-0.1196914974379306,-0.0592416374079859,10.436006714256584,0.0024746924747811,-0.021361115449119,-1.0690329107204677,9.122637124525134,3.750623689447481,0.878086601776256,1145.9784127650216,1071.3570514128012,1077.8105091453187,1152.1269073918825,675.6382349937394,-471.22300494532726,271.89959876827476,130.27631299148808,157.9922246783004
50.41,-1.8215443416457675,0.59746014619296,0.407857985796206,-0.0346215126309752,-0.0285406078996111,-0.0002650786386469,0.003662464380856,0.0009378221890135,0.0410510786375004,0.9991558110044728,-0.1309917063012373,-0.0627108778994353,10.478163951818637,0.0021195094951727,-0.021801581845489,-1.066886212586858,9.122625715147576,3.750576264429408,0.8754139728980931,1147.5512357877603,1070.4011686765668,1078.4842220488524,1152.7977677464953,611.380850319989,-289.8291728040813,283.18706143763,424.18512447676346,157.99083682702422
50.4125,-1.8515916752668111,0.965790666303862,0.0811522890487188,-0.0422848301604114,-0.0265984275964064,0.000689095169452,0.0036516816727766,0.0010079673803666,0.0410974551159242,0.9991525647143288,-0.1402663509653296,-0.0656201165681675,10.517359084052584,0.0017145427936865,-0.0221647279435307,-1.0646277170360208,9.122613479593417,3.7505254998854394,0.8727545552788786,1149.0353170166231,1069.90790554878,1079.2264444525076,1154.2478330142671,460.5898086493749,-64.03079550874648,258.4552181818785,607.9810552864801,157.98918003707888
50.415,-1.7727357598319031,1.2507715537423432,-0.1806930852311819,-0.0481736017742694,-0.0238204874369671,0.0003086294535154,0.0036137477457516,0.0010540743785156,0.0411400300953437,0.9991495164646492,-0.1473902025132305,-0.0679666397934341,10.5533483247913,0.001262037978909,-0.0224476321315035,-1.0622852957392674,9.122602748416266,3.750472717337888,0.8701054716282544,1149.854184831005,1070.0810146990232,1079.7764981397606,1155.8376730229247,228.93771811297597,184.49999676026547,207.63837526768225,672.9542371393759,157.98780804902427
50.4175,-1.6193008511568567,1.4896889954086543,-0.4023759189349135,-0.052350427198472,-0.0198354425698827,-0.0010759768795181,0.003560800333464,0.0010752045604509,0.0411781589337159,0.9991467552011754,-0.1523184549593406,-0.0695382168530439,10.585970472669915,0.0007664739263877,-0.022672435332885,-1.0598851398579838,9.122594086702632,3.750419983398604,0.8674651967043447,1150.1800056071886,1070.8304055325818,1080.2646363288463,1157.612604199966,30.265962125607054,440.1333950599132,206.1907938383993,774.6443188248251,157.98644686335558
50.42,-1.4053096432139467,1.705244229651244,-0.5978933450441613,-0.0556273607788738,-0.0142685149064424,-0.0033631972786211,0.0035128497337899,0.0010725912421444,0.0412133800782478,0.9991441898598478,-0.1550779594949771,-0.0699648840393113,10.615143900670448,0.0002342718111824,-0.0228801804611102,-1.0574512490823171,9.12258730088936,3.7503685894350607,0.8648347833248318,1150.0055146416335,1072.281681674324,1080.8074521089532,1159.710894617051,-146.17939486006088,600.5516241371429,196.37024882071847,732.6695200531345,157.98482814932035
50.4225,-1.2380224769057928,1.8232252812581284,-0.6941177951236281,-0.0576524978135149,-0.0096546879220808,-0.0055373303449435,0.0034793968631917,0.001055545626032,0.0412465401528097,0.9991417385447028,-0.1559056826394059,-0.0691001962708221,10.6408575296361,-0.0003116050156881,-0.0230921460229167,-1.0550057193212,9.12258114246516,3.750319553714697,0.8622157235267136,1149.4491086328887,1073.8331636532648,1081.2464875729493,1161.2759518002283,-281.5031680862754,659.5005830810614,176.55506396727168,561.2900124876289,157.983493357708
50.425,-1.1079672255092203,1.884770292232208,-0.7228457384784974,-0.059548973185715,-0.0057039964955408,-0.0077845772806054,0.0034484431451205,0.0010233523581024,0.041273619552878,0.9991395704076826,-0.1548704254862429,-0.0672725634104531,10.663168029612184,-0.0008684062777267,-0.0232850159741296,-1.0525686437117383,9.12257521763027,3.750274339776544,0.8596078587617498,1148.5979988012011,1075.579184589731,1081.69022742879,1162.5173446794906,-402.4820492929608,775.407687213932,196.91443714472305,460.265414253846,157.98217594281195
50.4275,-1.0035894268579053,1.9014253158898435,-0.6937535334595895,-0.0619137846816139,-0.0013524134307942,-0.0099974269321574,0.0034016922500024,0.0009745954224097,0.0412868354266477,0.999138035837495,-0.1520529757171701,-0.0649538081944829,10.682188496568717,-0.0014348237527184,-0.0234235619883038,-1.0501566501022344,9.122570401711501,3.750232716454183,0.8570085089427933,1147.4366983864231,1077.7102020893365,1082.2310597586732,1163.5772788714987,-418.50663678089273,761.5190916918541,197.29283895667075,324.80432302288574,157.98061887877535
50.43,-0.9559642280278768,1.8637551066977416,-0.6319525884668697,-0.063982558139958,0.0027824132255283,-0.0114709619154654,0.003329146128107,0.0009116448281489,0.041280171771315,0.9991374041370988,-0.1476265531994941,-0.0624391025515513,10.698077017081472,-0.0020027213325822,-0.0234910725686612,-1.0477816735782868,9.12256723417508,3.750194103520895,0.8544144846822517,1146.5054656172988,1079.386780048187,1082.6766916235724,1164.1413662946036,-332.5580613564516,622.665299702612,171.8277631628583,187.0118232116918,157.97934432668944
50.4325,-0.9380294976945646,1.7573667172440155,-0.5497518365766868,-0.0657961088365144,0.0078971913325571,-0.0129642687218936,0.0032311982976288,0.0008376275963506,0.0412511277725092,0.9991378029809131,-0.1417876674623524,-0.0598005336741207,10.711025731729949,-0.0025633941246155,-0.0234926325165164,-1.0454507115515537,9.122564740878454,3.750158119333293,0.851823096375185,1145.77390807964,1080.8235285878511,1083.090198574488,1164.5123379875577,-241.38204990591856,517.8486589967713,155.9311492659729,146.32041113324493,157.97809788372456
50.435,-0.9320748355320688,1.5846088705898536,-0.464265771304252,-0.0674107288777196,0.0131802248680512,-0.014186890694915,0.0031095200767946,0.000761743496747,0.0412040183661359,0.9991391292742888,-0.1348752645876474,-0.0570746940922957,10.721246516625072,-0.0030954771314337,-0.0234357712729767,-1.0431665518578843,9.122561877712055,3.7501241842716695,0.8492334832084367,1145.2985553677684,1081.976023343172,1083.4563473699027,1164.87296835027,-115.8389072596636,378.28861504447406,133.0885068063554,179.98251698607416,157.97687828228243
50.4375,-0.917475407208906,1.3358973489307495,-0.3917191548399404,-0.0693029980048089,0.0176132558803875,-0.0145987306440318,0.002973650096616,0.0007036342382242,0.0411447418899332,0.9991412567595644,-0.1274553740647885,-0.0541195607659658,10.728958651723756,-0.0035561478018242,-0.0233440747525168,-1.0409280673116903,9.122556051936094,3.7500915591007535,0.8466445909244599,1145.1947135433422,1082.7149716630715,1083.7556411085193,1165.4122505724872,42.898081360720326,224.42832367271367,120.30957765998238,320.0719941228454,157.97569577070067
50.44,-0.851753109855775,0.9764324538017752,-0.3348460976534246,-0.0725214773565942,0.0212392963201583,-0.0143333579846119,0.0028392744745552,0.0006799754946175,0.0410814291670816,0.999144035176966,-0.1200323956000654,-0.0506638177341562,10.734381821383995,-0.0039091442936392,-0.023251914104532,-1.0387309329984185,9.122545087378317,3.7500593836419567,0.8440577007988705,1145.513045774572,1083.0981649615346,1084.057895258202,1166.4733283208827,181.97765253716864,64.89863292255313,108.86800812176148,478.6888876104792,157.97432610423473
50.4425,-0.7308735139813362,0.6542584621833423,-0.3117921451929097,-0.0756482615964827,0.0226925614124737,-0.0141719005513926,0.0027123719844047,0.0006955256304739,0.0410232018383569,0.9991472163281052,-0.1128670287140316,-0.0466568359236225,10.737727726223358,-0.0041422787918307,-0.02317048876912,-1.0365689080485057,9.122528147846051,3.750025660770788,0.8414741245873506,1146.1046018060283,1083.0394648276847,1084.2999811491284,1167.8056950105408,281.728838740029,-78.30011307287891,106.8679588251506,636.8442274573151,157.9732303280291
50.445,-0.5255505903525102,0.3399839307726757,-0.2961543020449701,-0.0784119876419027,0.0228689799556993,-0.0148642944560171,0.0025999697520665,0.0007531004024577,0.0409768472816074,0.9991502419121736,-0.1061766788434404,-0.0420317239303128,10.739189213322945,-0.0042480542428686,-0.0231111480648515,-1.0344337987525762,9.12250645159139,3.749988163300896,0.8388940681190358,1146.9216899682729,1082.70666439617,1084.592235052328,1169.6575494581712,374.12432053808885,-171.52496441637734,153.57827464663714,928.1041502057888,157.9721865485984
50.4475,-0.1894146852077556,-0.0073099916720563,-0.2553079050451366,-0.0805250170849194,0.0223791894652112,-0.0165381303514722,0.0024963297182782,0.0008438078263758,0.0409411488829291,0.9991529301779746,-0.099934434210601,-0.0370123763683928,10.738935854006012,-0.0042430905356936,-0.0230563873387149,-1.0323163783614475,9.122482339973937,3.7499460737301664,0.836315364514598,1147.9752234087173,1082.1818400056036,1085.0678725223609,1172.4462157615656,369.72686645816975,-184.6852977115724,201.0089515977024,1098.3636964956368,157.97099858434393
50.45,0.1444142450610383,-0.2692308317765733,-0.1855518074940246,-0.0808467326595742,0.0217275257769753,-0.0180313965213374,0.0023835899265931,0.0009489432127555,0.0409123783321067,0.99915532067591,-0.093906420897331,-0.0320966747928272,10.737109344499256,-0.0041647691464606,-0.0229620842639427,-1.0302068479387148,9.122458792264645,3.7498991126564234,0.8337361944084328,1148.7703243005647,1081.7832379076117,1085.597279810317,1175.149367940652,274.0975972617851,-124.24550529806776,238.0402302907588,1123.7882846605933,157.97006505796205
50.4525,0.4995438687335387,-0.5091119199338355,-0.0723732592921565,-0.0795854658306419,0.0209090945027811,-0.0191007544021621,0.0022549765356485,0.0010473007974953,0.0408925867089839,0.9991572587833772,-0.087785632530803,-0.0275495245318929,10.733819838413185,-0.0040584488880941,-0.0228066298487076,-1.0280945476565888,9.12243776033101,3.749847653783185,0.8311574492288908,1149.345711395027,1081.5606124791127,1086.2580736738153,1178.0651571848712,189.8964520532353,-40.567494419329314,308.24489646543793,1279.4661372818875,157.96919253440288
50.455,0.9128806546719131,-0.7813055073716683,0.1028029845915819,-0.0766265734391193,0.0195454228417693,-0.0196263095320914,0.0021148046588884,0.0011215566502145,0.040880105518895,0.9991587594283224,-0.0813256812111626,-0.0233978953140639,10.729144452261984,-0.003963720015272,-0.0225919989506657,-1.0259688096471469,9.12241947859344,3.749793280769573,0.8285803521818998,1149.71980656083,1081.5804004355152,1087.138504292643,1181.5466986270555,90.07083159572113,57.899211874444,322.80981823870974,1234.1203604009077,157.96821791986974
50.4575,1.2281164648385436,-0.9984239702593648,0.2649360650556095,-0.0734956088737281,0.0178633350708296,-0.0193450373930699,0.0019567245170542,0.0011542970393691,0.0408678093603102,0.9991601216488892,-0.0742723925931625,-0.0198987840242628,10.723131009872333,-0.0039203229131737,-0.0222992576396656,-1.0238206262004537,9.122404097516911,3.7497362736956954,0.8260034727690871,1149.7960655530055,1081.8501085384853,1087.8721227650096,1184.235758986879,4.049811546017483,157.14778913185145,275.2760496364728,988.521148703916,157.96746686264095
50.46,1.502662128203396,-1.202569901845202,0.4189801750551681,-0.0703593784253002,0.0154044638738452,-0.0182787194134031,0.0017745948043589,0.0011374191915112,0.0408522747669238,0.9991615142577204,-0.0665538341898262,-0.0172928954222783,10.715801061938285,-0.0039498019138521,-0.0219121529145944,-1.0216428923396228,9.122392336064454,3.749676153255536,0.8234259874942313,1149.74005561856,1082.366139381175,1088.514884540826,1186.4893043705779,-16.301622853885693,278.0752063335768,246.5023186511612,850.5000039080646,157.96677949264924
50.4625,1.777838581038216,-1.4228879882052858,0.5667525084410927,-0.0664855571990354,0.0115771594592691,-0.0161872567583845,0.0015733471070716,0.0010756428076776,0.0408331035085744,0.9991629629794326,-0.0583438122296571,-0.0155656350627321,10.707155847113855,-0.0040489336026256,-0.0214400101093021,-1.0194307794198676,9.122384251249933,3.749613398942973,0.8208483779323724,1149.7145574387364,1083.240484570152,1089.1046343582643,1188.4882590064155,27.714444050420212,360.3336957905388,181.0613759309928,594.9406330889955,157.9660279253726
50.465,1.9506445496633644,-1.5779916077674567,0.6444146839357346,-0.0626626303744665,0.0077916115510598,-0.0140036979236565,0.0013755762192813,0.0009780236335264,0.0408092366362091,0.9991644926330572,-0.0498729340901831,-0.0143110472517891,10.697185648644036,-0.0042071324848779,-0.0209306698534688,-1.0171823234720796,9.122378374341265,3.749549632953736,0.8182732982540017,1149.8786278388122,1084.1678078601285,1089.4201914204812,1189.4640075360244,133.12831067617037,410.7942117812117,91.09383291406515,236.17276001142923,157.96546216393827
50.4675,2.040406590498401,-1.6963649429853995,0.6685266208233542,-0.0579578725093854,0.003819251751681,-0.0116776046123443,0.0012048111890549,0.0008543464829236,0.0407817348307342,0.999166049823262,-0.0413657638343566,-0.0130896977769164,10.685880157004746,-0.0044121521187863,-0.0204361314601813,-1.014899827434012,9.12237364279942,3.7494872130487584,0.8157055915421078,1150.3801989921176,1085.294455629059,1089.5601035228349,1189.6691228064733,268.4723106391343,481.53792775127073,31.903993653469932,-42.82452362548868,157.96495835128408
50.47,2.0384565328933313,-1.7808264610045612,0.6529010581686144,-0.0526049434066813,-0.0001375558461305,-0.009556466637035,0.0010702155028281,0.0007139343065822,0.0407513867019853,0.9991676103526292,-0.0330293871459115,-0.0117528710608525,10.673238795450391,-0.0046508963290734,-0.0199815142718849,-1.0125905905143227,9.12236937030889,3.749427124427628,0.8131483911040766,1151.2209893920067,1086.5754974988827,1089.5797113887484,1189.2498849178971,418.0563303659845,540.4717824196687,-12.08928745835983,-301.093644706753,157.96450503836007
50.4725,1.9015282097547457,-1.819343157984629,0.6047070390605542,-0.0465893371532067,-0.0042793716022207,-0.0080834974232456,0.0009719037635192,0.0005660190451042,0.0407220323743183,0.999169019306208,-0.025057869882625,-0.0103237257327275,10.659279417442123,-0.0049091199253162,-0.0195758862956869,-1.010266174035771,9.122364283441236,3.749371053683304,0.8106033446647202,1152.4704806439483,1087.9968145411588,1089.499657085543,1188.1636545829388,627.0266476195477,631.8313188019098,-43.84995363218453,-592.4128495794017,157.96411132145334
50.475,1.5685123170212099,-1.8027488583371087,0.5332798315093612,-0.0389465068691082,-0.0096572180518007,-0.0071896669586,0.0009019477102042,0.0004196282447395,0.0406893750883485,0.9991704557729868,-0.0176312376159028,-0.0089727266046156,10.644046224502416,-0.0051713174024643,-0.0192141619606179,-1.00794149170202,9.122359592542793,3.749321344314675,0.8080709067678616,1154.356122630106,1089.7346540928938,1089.3604616205876,1186.2878206699986,733.5117075844059,612.1099879903906,-45.67666301095021,-742.4178466102078,157.96370576980237
50.4775,1.1660884525059878,-1.729565315810614,0.4754666402569633,-0.03303782392205,-0.0142573688301164,-0.0068053450129848,0.0008498287223758,0.0002845997561644,0.0406522785939975,0.9991719793975244,-0.0109341812664176,-0.0078972008886362,10.627615768124915,-0.0054195240329366,-0.018887495150422,-1.0056335914361627,9.122356276051825,3.7492784652136177,0.8055502466324924,1156.1380391818673,1091.057364481108,1089.2712737704885,1184.451565349891,722.8469858449838,457.2957505290494,-12.560689877812306,-733.5827502352798,157.96342189373604
50.48,0.6928190349275585,-1.590893745078182,0.4229916024947659,-0.0293949714570318,-0.0184832879097885,-0.0059201294609764,0.0008129297428196,0.0001708241310423,0.0406147254767559,0.9991734393887148,-0.0051331935481704,-0.0070989112824006,10.61010065951548,-0.0056355948563942,-0.0186033907508154,-1.0033602878824548,9.122353167243297,3.749241589105104,0.8030392314671123,1157.9703575593328,1092.0211328455403,1089.2976581711985,1182.6199069188203,775.5472326427605,289.44745587103824,60.87301517679021,-738.1749426985012,157.96319189721743
50.4825,0.1535772498908326,-1.3510926781028516,0.3599578418784435,-0.0287049704768831,-0.0227900422249786,-0.0042802794189161,0.0007877633359625,7.89739655154332e-05,0.0405791966317737,0.9991747471480243,-0.0001910221336322,-0.0065807059177945,10.591652377737848,-0.0058186015717652,-0.0183664028871629,-1.0011396557635035,9.122349604174833,3.74920983498917,0.8005360474045438,1160.015775345083,1092.5046017604639,1089.5756388463726,1180.7606906363967,695.199342011115,38.900284667705726,158.82731615084487,-585.0341849491406,157.96297524384687
50.485,-0.1839257634666384,-1.0942156043328115,0.3047604522897875,-0.0307377731047986,-0.0256435360488427,-0.0030597716302286,0.0007734842581911,1.2483657056205413e-05,0.0405399146050754,0.9991761293325372,0.0038782709964447,-0.0062647301036731,10.572460283546185,-0.0059607156429633,-0.0181854458028726,-0.9989894821190614,9.122343914481144,3.749181951714748,0.7980419500352146,1161.4463542693852,1092.2156342688786,1090.091794751952,1179.6947359940773,487.1920815371831,-267.57362726757447,279.64913771651726,-296.21280865702226,157.96284178478194
50.4875,-0.3211736926887989,-0.782834017489833,0.2509358057489867,-0.0343452844657479,-0.0277310261026116,-0.0024393247975436,0.00077668070564,-1.63781333219782e-05,0.0404943695316166,0.999177673290273,0.0068836570886897,-0.0058909369328399,10.552748851894679,-0.0060361187617674,-0.0180829885022448,-0.9969266394575484,9.12233373418941,3.7491569367446287,0.7955603996520234,1162.4517357527702,1091.1667336241253,1090.973884534956,1179.2796265931108,324.97759628674174,-614.4813292115981,477.2180301208496,-26.254714871843344,157.9627541200777
50.49,-0.2093487081608754,-0.3494454434311176,0.1967158760807249,-0.0389715408137136,-0.029591817521605,-0.0023736252292628,0.0008022572126126,-4.785090564572954e-06,0.0404420705535041,0.9991794011008424,0.0088332406405035,-0.005232108167706,10.53277359972358,-0.0060371592652835,-0.0180748031473917,-0.9949663664848744,9.1223185952514,3.7491334495575512,0.7930931237345707,1163.0712422508195,1089.143227622819,1092.4778849025574,1179.563462419718,126.55755042490142,-833.8180497601422,617.8038379562329,220.2003635845087,157.9626979713705
50.4925,0.1037902295043831,0.0586227128425823,0.16297018505323,-0.0418717673322784,-0.0307235415536143,-0.0025905217827352,0.0008539084219572,4.351244978209843e-05,0.0403834472071174,0.9991813238990171,0.0098705100910716,-0.0040878578395334,10.51281355520008,-0.0059691074512174,-0.0181708336503095,-0.9931210152672366,9.122299677214366,3.7491116428335673,0.7906397874263437,1163.084523504894,1086.9976433753284,1094.0629037247343,1180.3806284110324,-89.17019054892974,-895.7663264668972,678.1008673560051,414.18265573208095,157.96268900161854
50.495,0.583533500413051,0.5042748667588886,0.1350337013282707,-0.0424797134757946,-0.0310655758138523,-0.0025471457221979,0.0009316685357761,0.0001179096648714,0.0403214913025476,0.9991833803668444,0.0102753068236727,-0.0023432807761075,10.493162163655494,-0.0058510537268459,-0.0183700350080595,-0.9913987410376722,9.122279350988368,3.7490922872157215,0.7881986610727356,1162.6253912980749,1084.6643959904823,1095.8683892393392,1181.6343756983795,-246.36765461456108,-916.4672813637793,729.4653648229446,542.3165591550469,157.96271539410677
50.4975,1.1282926582180148,0.961821016326688,0.101161521664336,-0.0403179015047037,-0.0300775797678369,-0.0020855157830772,0.00103178922835,0.0002032028753394,0.0402542765682719,0.999185745677934,0.0104137331612114,2.3731143551482255e-05,10.474116604815347,-0.0057114397637031,-0.0186601439549936,-0.9898022844430818,9.122259693790083,3.7490742355333206,0.785765052416106,1161.8526852318207,1082.4153069685071,1097.7102305488509,1183.0922112068088,-359.3521720635266,-825.2337034694168,701.5552020753162,592.6306653388953,157.96276801464413
50.5,1.6537827986145288,1.3973451347810015,0.0461429297525796,-0.0348990168274673,-0.0270484386193067,-0.0013417856621608,0.0011459202862463,0.0002816511622535,0.0401870536162441,0.9991883441897637,0.010693745578167,0.0029205261455811,10.455966305808808,-0.0055843499106201,-0.0190158836011278,-0.9883282501963117,9.12224261699556,3.7490537270314097,0.78333254705047,1160.8286304377589,1080.5382274731387,1099.3761652497124,1184.5975290250713,-472.5521604236497,-686.5665061694805,635.7471782596219,625.7933168343022,157.96284831676653
50.5025,2.1603374749313127,1.84342193696999,-0.0545920856791123,-0.0264152541911355,-0.0215471197386979,-0.0005953150493882,0.0012648146587345,0.000349829678258,0.0401326921617954,0.9991907830713308,0.0112163198158865,0.0062252160964,10.438980896067887,-0.0054763830792629,-0.0194077677854691,-0.9869671164670208,9.122228604377971,3.7490265297364354,0.780895706824197,1159.4899244297046,1078.9824744376629,1100.888966440146,1186.2211777909777,-483.38966263948174,-433.5444840800902,441.597775352922,534.2164111564665,157.9629715480451
50.505,2.437044772274077,2.1202858205847983,-0.1665377220423358,-0.0188626092840975,-0.0158505195580568,-0.0003301877442467,0.0013792003145271,0.0004077268011271,0.0401015892879916,0.9991926559979646,0.0120051245781471,0.0097901809152958,10.423398984136767,-0.0053877143651169,-0.0198037243554258,-0.9857038809640054,9.122217245851871,3.748990043749621,0.778451426212683,1158.4116821245602,1078.3705050527371,1101.5841541264783,1187.2686110808547,-397.40233986165225,-104.04229412683112,143.37827015862723,323.189702766984,157.96309300174002
50.5075,2.551386105254153,2.276044502890566,-0.2968942499210326,-0.0116199123497558,-0.0094335882513928,-0.0006235085028233,0.001479805222335,0.0004517197501418,0.0400982301035463,0.999193673573422,0.0131526293097832,0.0134328539133188,10.409418461019024,-0.0053254894646725,-0.0201697737150673,-0.9845193906748348,9.122207452708896,3.748943646563327,0.7759985719541038,1157.502912730395,1078.4622629670284,1101.6058577909396,1187.8371263048134,-340.8871480354636,169.62284572629835,-135.48316667623607,107.79304357866548,157.96322976721666
50.51,2.5232196814175447,2.3193847461520214,-0.4540224397559272,-0.0039550566479601,-0.0016597801084288,-0.0017616870952398,0.0015573651319913,0.0004763317103514,0.0401202696144997,0.9991937290807192,0.0147824667774038,0.0169355681883587,10.397188902111479,-0.0053000450269811,-0.0204715971897579,-0.983392050013016,9.122198986275855,3.748887732211232,0.7735374859090431,1156.7072463843845,1079.218619281368,1100.9067382930975,1187.8075762987476,-237.54505029702736,345.28919624017885,-352.87349912391755,-145.34185522745088,157.96340697262988
50.5125,2.389421321289445,2.2483037991479713,-0.5690096566334393,0.0015255543124448,0.0045009394031364,-0.0033812432692838,0.0016084061569186,0.0004824478568028,0.0401586357547311,0.9991928649591888,0.0168828337976678,0.0201728756221185,10.386805844587316,-0.0053090633457916,-0.0206879798357334,-0.9822993906938412,9.122191862661268,3.7488231978182007,0.7710682673092538,1156.3151874789096,1080.1887089482302,1099.841490295319,1187.1104170286756,-106.57405122355162,404.932112432218,-487.9111250455713,-422.5660674387312,157.96356232280868
50.515,2.173097645061682,2.0948517234748967,-0.6516731031167692,0.0065178186488352,0.0100869166221235,-0.0054771751161703,0.0016455079318397,0.0004742158871926,0.0402019391883635,0.9991912916341747,0.0193795774212567,0.0233238941970508,10.378306993629044,-0.0053445721590628,-0.0208319373897225,-0.9812192772348876,9.122186155544105,3.748752054488276,0.7685926555749887,1156.1743761282664,1081.2432798435302,1098.4671826678687,1185.694745961553,-23.759021214731327,430.8731889716736,-633.0489878793132,-769.7052336065733,157.9637219595323
50.5175,1.8466988829843252,1.8607595468476064,-0.7060958724103447,0.012232574986498,0.0155790135655709,-0.0078757164522407,0.0016840097094694,0.0004564507732441,0.0402390904969637,0.999189542939974,0.0221785400740884,0.0265983231939071,10.371673968624672,-0.0053969970347937,-0.0209254135092974,-0.9801319246553548,9.12218105972903,3.74867757429156,0.766115172985602,1156.196392372836,1082.3430748930866,1096.6762453559254,1183.2618908606464,20.79005869767416,353.31893267362034,-655.8804317112217,-984.423789970648,157.96391441384947
50.52,1.5366433096921868,1.659059456649583,-0.7158435997805453,0.0164234215397266,0.0190084069317145,-0.009550414635216,0.0017395386854391,0.0004378491118998,0.0402619161375723,0.999188019428912,0.025096362035339,0.0301946688778082,10.366835538939812,-0.0054487083575974,-0.0209953627194261,-0.979021063813192,9.122175208249763,3.7486050233411112,0.7636412630265685,1156.2783264217549,1083.0098745068992,1095.1877805093109,1180.7726270116973,25.222358123242717,213.09068408784708,-576.4224630141832,-1041.811240003939,157.96407271549978
50.5225,1.2088103932469496,1.4844106966104484,-0.6937322132744048,0.0195295657022123,0.0216482717985212,-0.0113348588214484,0.0018224085143635,0.000433291364193,0.0402680935486272,0.9991868592402318,0.0278079072278559,0.0341939336062646,10.363673469569285,-0.005469269052638,-0.0210630292727864,-0.9778745118895364,9.122167150668622,3.748538512232987,0.761174961343203,1156.3225041634523,1083.4085283135264,1093.794133040853,1178.052834660624,3.039655897785487,131.1612094370786,-535.7288135496544,-1084.5584556790386,157.96422580765287
50.525,0.8825180601265764,1.3460648742360553,-0.6494889464012146,0.0216494532131369,0.024070693953035,-0.0133569439563585,0.0019266092698175,0.0004559275385769,0.0402625272976206,0.9991859202511144,0.030000800995368,0.0383331264923061,10.362030625217912,-0.0054303120117322,-0.0211212782622017,-0.9766841783973444,9.122157017490013,3.748480035533,0.7587182887583959,1156.2935247012435,1083.665680554084,1092.509136441565,1175.349834733307,-26.232219552489592,102.24147552466319,-486.69904587457154,-1030.5770029407267,157.96437268150257
50.5275,0.5736305497428249,1.2529028285562207,-0.5876065887607947,0.0226196080840133,0.026564337317494,-0.0150789222576952,0.0020434110003438,0.0005145238908849,0.0402565313647105,0.9991848128526192,0.0314414838404633,0.0422924268550876,10.361716387873935,-0.0053119704717326,-0.0211600692043316,-0.9754446413484308,9.122145234619465,3.748429500635009,0.7562688328008244,1156.1913430656898,1083.91973569115,1091.360637811479,1172.8999496459176,-42.64478496031735,158.11851855347507,-475.61330515171215,-971.8853035149581,157.96451028603764
50.53,0.2316431080124604,1.1805766629260792,-0.5108736084551752,0.0226779184596131,0.0296421288434649,-0.0162275193173252,0.0021640837544842,0.0006171087770291,0.0402566025973572,0.999183335817632,0.0319008831374797,0.0457617704860536,10.36251403452448,-0.0050957072553496,-0.0211710508176772,-0.9741522517092476,9.12213232906023,3.748385004950676,0.7538244127189676,1156.080300776442,1084.4562731468516,1090.1310699158053,1170.4904082157295,-18.543361099199085,262.6561987119318,-427.3990753703196,-771.9412943866445,157.96466307753764
50.5325,-0.0347562240508198,1.1374886839660154,-0.4571665466408574,0.0221803407845487,0.0322304898997274,-0.0165174158612607,0.0022799015556363,0.000765414676622,0.0402649053828353,0.9991814855545416,0.031270219341302,0.0484421424068819,10.364188342199396,-0.0047752820265835,-0.0211461370576657,-0.9728046024549812,9.122118292218095,3.7483440499464904,0.7513822062432735,1156.098626260194,1085.2330166847084,1089.2236424346293,1169.040243173988,53.520099825500346,393.7706858317856,-338.4021599501099,-451.54480067939943,157.96477942699488
50.535,-0.3021211976983958,1.08939345291425,-0.4185485101751154,0.0216638022420746,0.0348213930643997,-0.0167488066882084,0.0023863899105617,0.000944138248562,0.0402809210443561,0.9991794130115808,0.0297886276982884,0.0501293185327644,10.366492347024492,-0.0043780634068103,-0.0210842534581159,-0.9714002281280159,9.12210251670047,3.7483031142825567,0.7489390018282851,1156.3479012755697,1086.4251265760115,1088.4390591160538,1168.2326842123316,179.6259309475308,609.7697645888793,-313.0782142379975,-208.92901303034927,157.96488412002913
50.5375,-0.6562238373910936,0.9970532270220572,-0.3774990399283445,0.0213732514273907,0.037967560371595,-0.0178473844959976,0.0024914137578749,0.0011344698991045,0.0403030003730613,0.9991773309934536,0.0277721151784414,0.0508965022712465,10.369174501530043,-0.0039394701078378,-0.021007806049784,-0.9699388162706628,9.122084687960129,3.7482602706284145,0.7464948378258071,1156.996755914932,1088.2818655076544,1087.6582513634385,1167.9955981088356,297.2321942676874,727.0947217671411,-254.65807068472228,26.237539687032257,157.96499669065508
50.54,-0.9967989033336944,0.8707043551135557,-0.3330053373017646,0.0213151312167523,0.0409860025525196,-0.0194857225066259,0.0026097304119927,0.0013165489686568,0.0403243327941841,0.9991756646095133,0.0255601437512386,0.0509868348222053,10.371987902722612,-0.0034978789306175,-0.020952371033302,-0.9684220915354192,9.122065588084656,3.74821582222296,0.7440545961310395,1157.8340622469068,1090.060600184844,1087.1657687626312,1168.3638719107666,381.94296642903754,717.2949176245734,-157.71210066278516,251.5489171918566,157.9650803736693
50.5425,-1.3826164024139012,0.676192119608013,-0.2666496667573216,0.0205927733928233,0.0443712778089974,-0.0211722021957889,0.0027623650084378,0.0014776389950224,0.0403389331590947,0.9991746942885048,0.0233491124721351,0.0508089262926296,10.37469850586269,-0.0030792418605013,-0.0209662586916782,-0.9668541666886348,9.12204708044446,3.748172010460781,0.7416234105582272,1158.906470747078,1091.868340095779,1086.869690860124,1169.2533426947955,490.090331328451,750.7579162407435,-81.22584531288732,498.16402689759326,157.96515471760097
50.545,-1.8534638643499033,0.3689387926491678,-0.1670377459269109,0.0176068659538849,0.0474737921342085,-0.0221864580444889,0.0029502895666649,0.0016106207518005,0.040342094392046,0.999174327457618,0.0212041155711614,0.0503906612055441,10.377096993829348,-0.0026981326994784,-0.0210596599964607,-0.9652422228713478,9.122030228856461,3.748131711190231,0.7392026027774368,1160.2845139035503,1093.8143897660495,1086.7596395360667,1170.854692045256,485.39197909616206,646.7743538034454,-2.593450929136992,667.8661184922638,157.9652343036405
50.5475,-2.195174821796209,0.0754004098567602,-0.0803836345607432,0.0126794898294156,0.0482586922754084,-0.0219633650240676,0.0031613317700829,0.0017100492759447,0.0403342397414776,0.9991743226739308,0.0191494376002919,0.0495181527866878,10.379003361462008,-0.0023659815245052,-0.0212177500399631,-0.9635953370226904,9.1220147016121,3.748095548967578,0.7367917522569825,1161.3334306425568,1095.1022118647932,1086.8567236054785,1172.592673287254,355.53211143060247,426.4366127827635,66.4390711183047,768.2037132944677,157.96529322662477
50.55,-2.4058498229620766,-0.2152881888135631,-0.0038325602484125,0.0053678350983732,0.0473193799010818,-0.021259251878357,0.0033819058898967,0.0017774169805222,0.040320877519272,0.9991743524792244,0.017071599668364,0.0479820122665159,10.380269609233983,-0.0020817002783504,-0.021423451499784,-0.9619231088067854,9.12199996288819,3.74806302563836,0.7343869973415105,1162.0621744607042,1095.9465728299647,1087.0918348916584,1174.69571061173,211.6576273512973,261.1050617011671,104.06368194484592,889.9164615196236,157.96534493776545
50.5525,-2.4601406211215626,-0.4749683459029315,0.0620282153546881,-0.0030213274935232,0.0455966712522908,-0.0206832084692966,0.0036008890631984,0.0018163957290235,0.0402991538699084,0.999174502139233,0.0148221425211792,0.0456522802105038,10.380782522918752,-0.0018405948373339,-0.0216641296939584,-0.9602348939712382,9.121986129341671,3.7480353870555514,0.7319855278062501,1162.3917187793138,1096.4077371733,1087.3770420152027,1177.0422555948544,17.447025872950185,96.9839261500483,108.97823984356272,975.6850711688237,157.96539081119883
50.555,-2.3011292177930365,-0.6751704115718296,0.1219878170077519,-0.0113114600508384,0.0431110841630197,-0.0203738351562505,0.0038129207331141,0.0018338967826559,0.0402634996025087,0.9991750368718996,0.0122015647488531,0.0425441789697224,10.380465621420084,-0.0016327098334728,-0.0219373188249545,-0.9585395475540875,9.121973300616084,3.748013042072024,0.7295862129531911,1162.149409590069,1096.4314924607145,1087.6367260908755,1179.5741359675699,-238.80162080360213,-80.19793104468125,87.78214027320303,1120.4175570567438,157.9654295672063
50.5575,-1.8824854316196864,-0.838054212628693,0.2013910387694112,-0.019671659110731,0.0394875633321393,-0.0202748672976162,0.0040105153754558,0.0018330020682647,0.040216291713212,0.9991760537686744,0.0091024406061532,0.0386439303647838,10.379282015602183,-0.001456040804262,-0.0222342600731571,-0.9568459571703852,9.12196175971923,3.747993637871616,0.7271889984915942,1161.1977106752952,1096.0067475180763,1087.8159527165692,1182.6443433801408,-442.16982598382066,-223.00580417497676,31.16541563652615,1101.1838253091175,157.96546742627368
50.56,-1.389536388006278,-0.9193669073245532,0.2826637548523757,-0.0247657210812272,0.0366497834478353,-0.0202320022487208,0.004180332538525,0.0018208157786094,0.0401609225372046,0.9991777070132793,0.0053442984843788,0.0338335418653673,10.377235359274904,-0.0013007963525937,-0.022532944264139,-0.9551635233145868,9.121951985635501,3.7479743044752887,0.7247963870719859,1159.9385604601487,1095.316463439839,1087.7925531690585,1185.0800550941183,-564.1161887797026,-334.9768558684309,-56.21435037128887,913.8046263533522,157.96549124293455
50.5625,-0.8271504688371345,-0.9725234855713188,0.3832429451171474,-0.0274185004382408,0.0347111821947454,-0.0199799431486914,0.0043158626058769,0.001803474583127,0.0400991909788694,0.9991801253268516,0.0007888830409679,0.0281446357943726,10.37436713815272,-0.001159691150414,-0.0228218181876728,-0.9535017059578876,9.121943548051352,3.7479527438452407,0.7224103123175764,1158.3771297313992,1094.3318632387357,1087.534880964713,1187.2133665119036,-702.4774013434148,-485.61094848913456,-174.00221962977776,834.2914902621799,157.9655062830844
50.565,-0.1772122514630528,-1.0408842202247868,0.5191706781041548,-0.0273066187246329,0.0332766180745942,-0.019231922330792,0.0044133162747183,0.0017873745076046,0.0400332961303222,0.9991830716070356,-0.0046876459917731,0.021668670570967,10.37075590586844,-0.0010251921924309,-0.0230921051313656,-0.951870005614446,9.121937260845183,3.74792709435562,0.7200316292047138,1156.4261734534348,1092.8884086973956,1086.9225420709104,1189.2515125454252,-686.2096784917085,-559.8785847935552,-274.2963924154498,642.1878799762351,157.96551342065413
50.5675,0.2755820638880582,-1.1179443525742359,0.63290929275214,-0.0248748065946974,0.0321825794189916,-0.0181042749115833,0.0044740397630838,0.0017741333339394,0.0399675420666983,0.999186205317592,-0.0110878347951257,0.0145974532060407,10.366514718001431,-0.0008991576423698,-0.0233424143322357,-0.9502774181858874,9.121934210444035,3.747896901436092,0.7176607241272195,1154.9460813389387,1091.5324703147664,1086.163399002635,1190.4243059117864,-516.0705228922868,-558.1827196695813,-346.5993433912036,348.63174054517356,157.96550984130917
50.57,0.5855900454976773,-1.2129257511595104,0.7268645673556527,-0.021510576132822,0.030160677884063,-0.0163935232235393,0.0045024219149481,0.0017632973129576,0.0399054772284401,0.9991892671020152,-0.0183510570072739,0.0071771246459241,10.361788136544037,-0.0007870781727036,-0.0235755416596484,-0.9487319782240672,9.121933736451249,3.747862476930352,0.7152977139703008,1153.845820838972,1090.0974950990462,1085.1895453539535,1190.994671248152,-357.08150221167404,-631.3443051102524,-458.2204356656423,111.2280340394693,157.96549600004678
50.5725,0.7825297427682584,-1.3209494299111708,0.7917235464328085,-0.0179798855719742,0.0263238275340268,-0.0136319135932585,0.0045033738837713,0.0017593162489547,0.0398471230805549,0.9991921736900126,-0.0265003034782654,-0.0003426887064144,10.356747607350036,-0.0006842434715105,-0.0237948312529911,-0.9472402858872608,9.121933711506983,3.74782401125166,0.7129408165832714,1153.160673827882,1088.375748789218,1083.8722968243087,1190.9804460819832,-130.24490128702996,-617.8399588961406,-488.8945437595112,-115.10506593102512,157.96546727912647
50.575,0.8185366466545884,-1.3825319139985988,0.7915518369574749,-0.0159303549484452,0.0223524445908695,-0.0106733572206137,0.0044880876243645,0.0017657824268864,0.0397894059980296,0.999194973590569,-0.0355183330538881,-0.0075982103804235,10.351585565810428,-0.0005870291737402,-0.0240151683208389,-0.945806754946742,9.121932370982966,3.7477833681749657,0.7105881479529553,1153.1945963325363,1087.008295304564,1082.7450726351547,1190.4191459184967,137.99709794368243,-517.3655703459272,-434.7061004897164,-323.7703174107245,157.96543319383875
50.5775,0.7545806749322695,-1.3945774258875407,0.7309983764823337,-0.0144917269022524,0.0181317940282356,-0.0075556096421335,0.0044631644686858,0.0017779943305425,0.0397308150506253,0.999197713157036,-0.0452036714985991,-0.0143452203577764,10.346510758213206,-0.0005064095375675,-0.0242421744405067,-0.9444338812000084,9.121928443113923,3.7477416696672687,0.7082396779345201,1153.8506593176007,1085.788920937487,1081.6987663218592,1189.3615944949288,349.75237919834376,-452.8077246601268,-392.62865466748065,-488.65011188048686,157.96538864738915
50.58,0.6308534172633519,-1.3609057605671049,0.6320500916318889,-0.013173183093438,0.0140165882341763,-0.0050872826483318,0.0044284658757694,0.0017886942168435,0.0396735512117724,0.9992003402408446,-0.0552923994261543,-0.0204998226711413,10.34174089477681,-0.0004573132021255,-0.0244688012037826,-0.9431222246657438,9.12192091322797,3.7476996621546728,0.7058960466346925,1154.9433582285267,1084.7442566812651,1080.781929361819,1187.9758953590965,506.68682932879614,-365.960145347066,-328.64628582052785,-606.4709534293878,157.96533559081823
50.5825,0.4570151295905713,-1.2796030775133844,0.5168178129567583,-0.0121024970854837,0.0104537122719986,-0.0039012293344162,0.0043917871376879,0.0017941709927055,0.0396214767117044,0.99920270569765,-0.0655731578172191,-0.0258307457102814,10.337493817646076,-0.0004486407696142,-0.02470346968979,-0.9418695392846954,9.121909339475534,3.747658197152037,0.7035558978876874,1156.3840934642462,1083.9591202107508,1080.0555348927555,1186.3292397277803,653.9616518145359,-277.28123005162524,-276.84681946306614,-744.6811219785387,157.96527260347136
50.585,0.2132876323133467,-1.1483625587494903,0.4035634693566288,-0.0114774207806175,0.0069742686652844,-0.0038067599810143,0.0043580790413359,0.0017907614254282,0.0395838380907858,0.9992044678700098,-0.0758246783495757,-0.0301846900052268,10.333980908642,-0.0004898073361657,-0.0249492700885096,-0.940671189332733,9.121895937378754,3.74761663209476,0.701217284198814,1158.213166487601,1083.3578505310063,1079.3976952645028,1184.252489749202,640.35925602856,-161.5150775664565,-211.6064156989174,-748.6129172722472,157.96518613395867
50.5875,-0.0061041304590105,-1.0295012783432371,0.3536639985905754,-0.0115752580662764,0.0045363843376235,-0.0042675867243592,0.0043212257380509,0.0017784516884479,0.0395672743186571,0.999205434595549,-0.085897214044803,-0.0336533073392794,10.331399072596872,-0.0005834729750666,-0.0251887054971125,-0.939520643423756,9.121883092645742,3.74757305772044,0.6988803022975725,1159.585889744386,1083.1515448229193,1078.997502814262,1182.5861751414225,469.74810777654574,-24.12974261168204,-138.8893465840027,-622.1434785513337,157.9651055616333
50.59,-0.2324546266170936,-0.9213995106555712,0.3582147729045981,-0.0121858334469521,0.0025989169876085,-0.0042849764459452,0.004277872750265,0.0017601533553919,0.0395718421782574,0.9992056634501124,-0.0956868381205083,-0.0362881499533675,10.329923499647288,-0.0007278963872389,-0.0254097499568935,-0.9384090036559992,9.121873095453966,3.747526204994075,0.6965442061470477,1160.5619070264847,1083.237201817948,1078.7032485315826,1181.1417723564437,305.8112241056988,95.58030964821795,-114.27081588211487,-559.4529742330772,157.9650169591564
50.5925,-0.5077423866832336,-0.8222070035378996,0.4129521539041362,-0.0133658467131517,0.0009299532101483,-0.0034332794552877,0.0042320966159702,0.0017360303946606,0.0395935645887956,0.9992053476163644,-0.1050163260409064,-0.0380077823662162,10.329703147978174,-0.0009277703876805,-0.0256144256018579,-0.9373250395159038,9.121867815427677,3.7474754911006385,0.6942071611525352,1161.1149458649152,1083.6294463711606,1078.4261487348513,1179.7889102702557,97.53495307731784,182.49533249020945,-92.02830918574547,-425.10002555661697,157.96490247172216
50.595,-0.7398989929418525,-0.7707218530760443,0.482326811210579,-0.0147353021059661,-0.0001058785561285,-0.0023943056688674,0.0041901096171855,0.0017015528773706,0.0396305529959538,0.9992045972345984,-0.1136023840453456,-0.0387058215949164,10.330857025994508,-0.0011971113956668,-0.0258090975629701,-0.9362558843440972,9.121868651896941,3.7474222537483057,0.6918677099079311,1161.049581791871,1084.1496784803983,1078.2431069856543,1179.0162722286625,-112.29624976170892,236.5958313069922,-61.414097337151766,-240.01871435863447,157.9648011993251
50.5975,-0.974724038850349,-0.7454965137215531,0.5540301323187796,-0.0166845071007381,-0.0011436550497508,-0.0012950090944984,0.0041579562163843,0.0016495915231306,0.0396754770355001,0.99920373197906,-0.1211035689318692,-0.0382957583475387,10.333470692164992,-0.0015539610722661,-0.0260007540951944,-0.9351878037845868,9.121874693410915,3.7473689890627258,0.6895251228511415,1160.5534646161063,1084.812425527696,1078.1190782481651,1178.5888166984619,-264.8525836812505,313.0553858067505,-33.4769375753978,-128.40237462881103,157.96469510015163
50.6,-1.2572412055326152,-0.721461591914613,0.6151467480484456,-0.0196705676326184,-0.0028012283634432,0.0001655741623096,0.0041310519233656,0.0015852278608006,0.0397241182965044,0.999202948768217,-0.1274398019090181,-0.0369103440837294,10.337590371956477,-0.0019913958041983,-0.0261787152360351,-0.9341075942484136,9.121883973164897,3.747316202820772,0.6871786966452988,1159.725318873464,1085.7149554094328,1078.0757222977772,1178.374260355518,-294.37422519963036,342.1077979182811,8.130470890781117,-50.39943703336612,157.9645638389574
50.6025,-1.489634620857932,-0.6810887099463612,0.6228781451424462,-0.0224843067451644,-0.0046809878842977,0.001688861184629,0.0041019434677806,0.0015162667587431,0.0397737595239214,0.9992023709470368,-0.1325956647967269,-0.034746522836637,10.343224636086624,-0.002495112045236,-0.0263284827726431,-0.933003155199111,9.121894619582118,3.747263157894236,0.6848294671091117,1159.0815934901095,1086.522964517286,1078.1597306026192,1178.3368195132953,-191.5823825966456,328.71609236791767,65.01375429462627,-14.811635284596983,157.9644524013301
50.605,-1.7095915192307776,-0.5878680868914014,0.5579541435246835,-0.0258286527005999,-0.0070303764984306,0.0037367845756333,0.0040640995854747,0.0014497007478634,0.0398206827542439,0.999202125517123,-0.1365503597444637,-0.0319879059401618,10.350346720600866,-0.0030497186130097,-0.0264385199660675,-0.931864195119701,9.12190560337704,3.747210091395363,0.6824803059665925,1158.7674069604805,1087.3585358712733,1078.4007910692503,1178.300202179095,-38.18820635722524,335.6471354489815,125.68931361345612,-35.47395557659915,157.96434012550685
50.6075,-1.9065773646711224,-0.4332001113505505,0.4158698749914695,-0.030080289921095,-0.0096787651714904,0.0062069802674086,0.0040082823404203,0.0013918827470117,0.0398608450297493,0.9992023098077844,-0.1392909054456196,-0.028877065366692,10.358897179953162,-0.0036378792813839,-0.0264934447556036,-0.9306830389819316,9.121916225552692,3.7471578958158065,0.6801348240624338,1158.8906524583235,1088.2012001945316,1078.7881771706868,1178.159449735412,174.45397702406305,336.7384751098932,191.50908632272285,-100.3329525060056,157.96422791959574
50.61,-2.056920938040278,-0.2002585353078201,0.175022753971227,-0.0356864146909416,-0.0120636099612142,0.0087045859474352,0.0039367012453184,0.0013469192948292,0.0398889688659385,0.9992029472561036,-0.1407736264942341,-0.0254219482558216,10.368787695271005,-0.0042441545723247,-0.0265001037305207,-0.9294540408642225,9.121924262651131,3.747107498637776,0.6777940540338431,1159.6396768456,1089.0422282468212,1079.3583365008633,1177.7985374165655,467.3139032139599,369.18030198734624,290.168280426348,-218.78582046085916,157.96411647418307
50.6125,-2.168192891462915,0.1451722534213249,-0.2049199627615774,-0.0432565429308331,-0.0133252386203301,0.0103099160271472,0.0038590022836098,0.0013222176448528,0.0398988886967797,0.9992039604366358,-0.1410483683789627,-0.0214715666128365,10.37990312397908,-0.0048444663632822,-0.0264801213219727,-0.928173675125152,9.121926725092877,3.747059188782017,0.6754583445577695,1161.2272219743943,1090.0471017044695,1080.2390185728193,1177.065520633107,667.7758885312636,368.35021246255826,349.97790831990017,-311.2825223513254,157.96398417583964
50.615,-2.2073394173758945,0.4515660199766438,-0.5579684746161677,-0.0493770342152905,-0.0125952402545879,0.0095309905707395,0.0037802351890546,0.0013268534518681,0.0398860438852288,0.999205129781044,-0.1402402260656783,-0.0169643704754654,10.392106174181436,-0.005408801670154,-0.026446960720978,-0.9268408909799558,9.121921365088909,3.7470125560007608,0.6731300549245695,1162.978556288258,1090.8839793091347,1081.1082260424637,1176.242124804808,731.2287105329062,334.76008304686246,366.4105596834056,-347.9395714465663,157.96387530284787
50.6175,-2.214038908706869,0.7261277802792971,-0.8897770678876061,-0.0547170634445151,-0.0103535912887474,0.0067279533173641,0.0037017890818169,0.0013623621132475,0.0398498485031149,0.9992062500909236,-0.1383614309519687,-0.0119157551110533,10.40524421779038,-0.0059192325379258,-0.0264065526872543,-0.9254564924271212,9.12190737989964,3.7469670450191286,0.670810755898994,1164.8833655270555,1091.7209021197023,1082.0710713712347,1175.325822775876,790.9277601370422,364.2560012781315,435.3532380067055,-379.0564935447371,157.96376780183076
50.62,-2.221782687101978,0.9685500470463728,-1.2048155506207738,-0.0603159018939556,-0.0066359517358362,0.0021881261997718,0.0036174535018292,0.001426967901683,0.0397923741508956,0.9992075412380684,-0.1354036875019103,-0.006497838373453,10.419151824156948,-0.0063626656598471,-0.0263500044394486,-0.924022638529372,9.12188515213507,3.746921979154615,0.668498790889347,1166.9331950889452,1092.7052593155263,1083.2849922324983,1174.3468423370834,655.788129623471,349.9362410759688,451.1205597790615,-300.55232126367713,157.96363997420727
50.6225,-2.25138776961322,1.0744568361543598,-1.3716096543918577,-0.0643029288561699,-0.0029533346324009,-0.0020334196853261,0.0035188428166655,0.0015127860870832,0.0397191579688957,0.999209140617986,-0.1312750008771494,-0.0009307307778627,10.433654324279578,-0.006737447045807,-0.0262632063417512,-0.9225418125521946,9.121856115952497,3.7468767371174247,0.6661922692579351,1168.1623061751748,1093.4705833250828,1084.3266741701311,1173.8230611695567,347.27627175411476,279.35900530526794,424.1779143509795,-106.37130202717924,157.96353381926633
50.625,-2.316552853961195,1.0719121587272302,-1.4279784185170916,-0.0678055585707025,0.0008332156903669,-0.0063747652093096,0.003397922782227,0.0016133208182467,0.0396315393744334,0.9992112441904624,-0.1259515381797247,0.0045723135375287,10.44856757666518,-0.0070402485429468,-0.0261320257298253,-0.921016290825156,9.121820884478067,3.746831083797544,0.6638913988625998,1168.6695764477142,1094.1020543420516,1085.4058818042513,1173.814985826948,48.41918074744028,224.82456001937393,489.59449078123686,147.15021591859764,157.96342673207187
50.6275,-2.414706935609507,0.9595209438558988,-1.3779071253456519,-0.0725046187285437,0.0049706450492449,-0.0111750312330158,0.0032541505726785,0.0017142024079931,0.039534205674915,0.9992138233256044,-0.1192748643851582,0.0099463835477982,10.463701231228487,-0.00728478199805,-0.0259545512381785,-0.9194473249072752,9.12178050601872,3.746785299230515,0.6615980443120615,1168.4044020789115,1094.5947061251788,1086.774646624035,1174.5588122491492,-218.08093310894705,122.66746614976093,517.5854980824249,401.56851623398694,157.963294768234
50.63,-2.4718806874765478,0.8021645156377216,-1.25683660683585,-0.0778062643477709,0.0075863743725903,-0.0145089794176899,0.0030882514834608,0.0018023904771793,0.039437431986979,0.9992166084036052,-0.1111434147299881,0.015151232035455,10.47885716042612,-0.0074851033848145,-0.0257301275305655,-0.9178351853852899,9.121736774007967,3.746739328445961,0.6593102740857187,1167.5791717821687,1094.7153916728007,1087.9938092946647,1175.8228284081188,-401.8599484424376,-18.50838379681553,501.84516798405434,616.8870274303144,157.96317960683635
50.6325,-2.435733765491069,0.6237858894469247,-1.0825142751522885,-0.0850675702404874,0.0086358395894064,-0.0171219918147479,0.0029005849280088,0.0018706475728576,0.0393493208146579,0.9992193549215443,-0.1016018703977394,0.0201365288191907,10.493829341801913,-0.0076474429940776,-0.0254567533880144,-0.9161789558683988,9.12169102274005,3.7466924523109726,0.6570272273930075,1166.3951023366983,1094.5021642061947,1089.2838724639566,1177.6432473863024,-536.9953168618731,-161.56501246765544,570.8734395425116,878.0035476755783,157.96305562610695
50.635,-2.21552534798346,0.4359566082307987,-0.845666866641486,-0.0948009835771827,0.0082821716659233,-0.0195077580008371,0.0026927257983197,0.0019146533117621,0.0392729722691472,0.9992219315290012,-0.0907735823921671,0.0248700902835202,10.508405621874152,-0.0077758425783834,-0.025133852075255,-0.9144762428287784,9.121644243030861,3.7466447255425166,0.6547484889392855,1164.894195197862,1093.9075666104632,1090.8481764923747,1180.212846146493,-527.7648025399714,-258.0932967204761,561.0681167516617,961.9471619206333,157.96289181984116
50.6375,-1.8623376947048744,0.3226104942017092,-0.6466525789588942,-0.1022239104992965,0.0074377259079474,-0.0208487769688368,0.0024696432398969,0.0019298644945288,0.0392094016605518,0.9992242564523832,-0.0787859407690205,0.0293803993442893,10.522369517269526,-0.0078783445420871,-0.0247660456186881,-0.9127229961992908,9.121598033293509,3.7465957428739767,0.6524721903283837,1163.756278323997,1093.2116977225917,1092.0892130477164,1182.452983195908,-414.64012374437215,-296.76691811972256,463.9451879956496,869.1059348535066,157.96273869965958
50.64,-1.3488378789790063,0.2517351798225686,-0.4649374161510007,-0.1074669667202103,0.0071149063025584,-0.0215929066947065,0.0022364901391862,0.0019023591642373,0.0391573071773606,0.9992263329348056,-0.0655730746242263,0.0336808997409911,10.535503875642757,-0.0079833598345195,-0.024356748780391,-0.910913729687726,9.12155425625627,3.7465455589133727,0.6501954128777204,1162.820994579139,1092.4237320198636,1093.167902432354,1184.5583758207626,-346.67134374535334,-316.3294643970551,393.4051242857944,796.1255094791305,157.96256281061827
50.6425,-0.7398619337546543,0.1964940411687104,-0.3054224740201218,-0.1103042447319297,0.0076941916781004,-0.022037615808549,0.0019937054346562,0.001827474551819,0.0391178402171381,0.9992280757918676,-0.0512644000689206,0.0376822618471478,10.547590892547406,-0.0081052075697341,-0.0239007085801636,-0.9090425441240176,9.121514909078574,3.7464937351046874,0.6479167572158451,1162.022921605272,1091.6300504006078,1094.0562386691436,1186.4336107433,-308.3009851691955,-311.1544710931639,304.6893178207744,685.7469788056862,157.96236366902963
50.645,-0.0741122829164448,0.1292461007176425,-0.1742837299655861,-0.1103149845179577,0.0090879363656774,-0.0223153061834609,0.001731139156538,0.0017120012808302,0.0390923622209621,0.9992294075527064,-0.0362311898593374,0.0410694792606889,10.55841838452382,-0.008239222724549,-0.0233738985541161,-0.9071043073792486,9.121482650553618,3.746439352932648,0.6456338224183196,1161.2794896532923,1090.8679596643972,1094.6913490214588,1187.9871107147928,-346.92336409525967,-332.51982673369906,228.1819792433195,621.4895407698353,157.9621315184803
50.6475,0.7227657439644568,0.0062671403326591,-0.0445964279002993,-0.1078062280507578,0.0105830488043885,-0.0224218888681656,0.0014399200087993,0.0015650584322907,0.039077230666614,0.9992304469751172,-0.0208811999105652,0.0435450968857987,10.567785930261593,-0.0083782393932441,-0.0227550534112249,-0.9050951335054644,9.121458830275936,3.7463811601974495,0.6433446853178144,1160.2883047847947,1089.9674512669385,1095.1971485653607,1189.5410584471508,-397.80075485750586,-339.9070990738345,156.20430193981176,537.6941782074824,157.9618090423029
50.65,1.3514686550284702,-0.1374519723280755,0.0472430226848744,-0.1042248521457528,0.0109809323375857,-0.0222769537009575,0.0011212722112616,0.0013976589005626,0.0390683862972727,0.999231348407607,-0.0056383931497662,0.0450186167843129,10.575510255882547,-0.0085131479825117,-0.0220420382959135,-0.9030135004630364,9.121443164562455,3.7463190515997966,0.6410503544668993,1159.2904858790066,1089.1684241690295,1095.4723705311571,1190.6755816058278,-443.1682757710411,-348.95496983427046,100.10963228245936,444.6829606897153,157.96150004891504
50.6525,1.9243988264885683,-0.3175514773248063,0.132959487342951,-0.0995912754561539,0.0103606803050648,-0.0220529008955336,0.000782947320745,0.0012232810794597,0.0390615801921953,0.9992322994226592,0.0090441806438252,0.0455357662030404,10.581433431576269,-0.0086304985522313,-0.0212459481511588,-0.9008620730077384,9.121434692976937,3.746254034779448,0.6387547630457546,1158.0724634059386,1088.2226764177663,1095.6976967267733,1191.7644732506003,-578.8202064921501,-469.7561583669865,107.94919114618033,484.79611275204417,157.96114546204458
50.655,2.5448940164072984,-0.563051443186993,0.2426754111700167,-0.0929896396030732,0.0091959401567777,-0.0217388559310082,0.000436723245274,0.0010542234580952,0.0390544701649577,0.9992334118503172,0.0227606081001058,0.0452268363661118,10.585431525318002,-0.0087179623139087,-0.0203868035795455,-0.8986490398601034,9.121430913919129,3.7461875862915286,0.6364657509912891,1156.3963848465444,1086.8196433771934,1096.0121164868883,1193.0995621695893,-633.9211751631718,-566.2748221858385,130.0440449496637,493.9836571559172,157.96066358881535
50.6575,3.0102037980190937,-0.7827773712298718,0.348651559403232,-0.0866060361868572,0.0081236942526686,-0.0214032619322387,9.493949284480246e-05,0.0008975978264951,0.0390519816701788,0.9992345075091214,0.0352348566218365,0.0442339594965363,10.587422604125633,-0.0087706607592092,-0.0194873133450756,-0.8963886188815419,9.121428689588157,3.7461206616290768,0.6341907445419509,1154.9028575301256,1085.3913023068396,1096.347916951521,1194.2343915363779,-588.2262435780095,-619.9446630013438,145.99223681363387,444.6873932540256,157.9602128828716
50.66,3.426475212685923,-1.0023149370308269,0.4756916410204069,-0.0792564639652169,0.0065661844002331,-0.0209687063331677,-0.0002286871751,0.0007602000964875,0.0390563197022778,0.9992355144462548,0.0462157297964295,0.0427372391712642,10.587372993556592,-0.008781609581474,-0.0185751140713512,-0.8941004346836586,9.121425082969488,3.7460535158670454,0.6319336794966077,1153.4552536286528,1083.719920062185,1096.7420776709569,1195.3229991358603,-584.9394818866776,-765.1453857619978,166.64893501297797,441.400635884476,157.95970916858923
50.6625,3.8690077148991855,-1.2358805448584365,0.649700604966437,-0.0692744333519538,0.0033613202300348,-0.0201385040846346,-0.0005164989465142,0.0006560539349306,0.0390621335408362,0.9992366568433286,0.0553166886025857,0.0410207987068934,10.585302318805333,-0.0087283522145747,-0.0176880480162217,-0.8918080423696035,9.121417817919454,3.7459883967426726,0.6296961011887665,1151.9781601206907,1081.5655753780277,1097.1811616265863,1196.4413947158012,-467.3145125370568,-783.0398388242729,132.44805136926735,357.2755136647695,157.95904186307132
50.665,4.184858635267774,-1.3798638722584127,0.8021362634104191,-0.0600062620301898,-0.0004339023896947,-0.018946806842804,-0.0007501395131262,0.0005979903273949,0.0390693271078476,0.9992379347886672,0.062191922244571,0.0394004926401356,10.581285964894128,-0.008588807535729,-0.0168674026194299,-0.8895369435707848,9.121405299015782,3.7459274333494927,0.6274792142598993,1151.1186810659697,1079.8047208680673,1097.4043179278024,1197.1093767041828,-234.4397943412952,-650.9540033970404,28.74702407705975,190.6887350309196,157.9584327580374
50.6675,4.433751019190687,-1.4464274847744376,0.9399967474966564,-0.049739219350372,-0.0048191556087512,-0.0169319304351404,-0.0009131607044257,0.0005982436958512,0.0390760089218778,0.9992393876909788,0.0665192001234548,0.0381733941219757,10.575454256128292,-0.0083404401040866,-0.0161530830738138,-0.8873124288653702,9.121386819298015,3.745872901793721,0.6252832721374078,1150.8059611489837,1078.3108053610408,1097.3248967469715,1197.3948383909565,-17.395281522149357,-519.2468983636517,-102.27067106138063,41.01536542596198,157.95776844860075
50.67,4.615932543005186,-1.4405830171994785,1.0450650445994942,-0.0389182129840897,-0.0091970712652058,-0.01411770729828,-0.0009987684705669,0.0006596240750831,0.0390779900983237,0.999241098406894,0.0681792221671123,0.0374498974378352,10.567988088002089,-0.0079761648268748,-0.0155686727499165,-0.8851573014259677,9.121362792014656,3.7458260779506607,0.6231057971924439,1151.0317046583589,1077.2084863762475,1096.8929645724954,1197.3144535313127,228.76207732800023,-315.60490096314027,-272.3920190562443,-121.77551900064988,157.9570586758216
50.6725,4.704167998957836,-1.352129001572306,1.08854277047865,-0.0280558427094267,-0.0131701487271479,-0.010581614819385,-0.0010123335625574,0.0007745137826997,0.0390759156453426,0.9992428602436902,0.0672754192359177,0.037101464144258,10.559111567909689,-0.0075068394235544,-0.0151161137115519,-0.8830896928405341,9.121334282305469,3.745786123234272,0.6209432576825684,1151.9497715356226,1076.7327808562263,1095.9629366516915,1196.7859607959535,557.9968720964972,-46.888434185324165,-525.0964144803262,-326.1413568993853,157.95629500499302
50.675,4.681817841334103,-1.1715171140497267,1.0557447377941265,-0.0149403773144155,-0.0170914472021664,-0.0063147944377467,-0.0009610711931725,0.0009251612610686,0.0390666694424921,0.9992444543917208,0.0641346115417988,0.0369814417676942,10.549081040014295,-0.0069617408813124,-0.0147933520910491,-0.8811210096300295,9.121301918030765,3.745751834045212,0.6187893537233193,1153.8216890188428,1076.9740442053208,1094.2674825000925,1195.683746746815,798.475233277123,218.34232676813116,-704.3861927650177,-469.7679715129068,157.9553181791735
50.6775,4.538237550397657,-0.9806636581587168,0.9614518957831276,-0.0035483196711007,-0.0194908875189874,-0.0032663419368305,-0.0008521965751869,0.001089709473579,0.0390538692811145,0.9992452092195376,0.0591839064414686,0.0369672643048137,10.538175057803713,-0.0063789195475458,-0.0145970283453733,-0.8792550444894343,9.121268044819974,3.7457216637728745,0.6166358358402456,1155.9421477020103,1077.8244924900675,1092.4410056878648,1194.437120938388,934.3149096406563,449.7929584995289,-784.0269864154234,-550.5824709708584,157.95445568918606
50.68,4.244291848613392,-0.7742853908472926,0.815783136430531,0.0080858444683621,-0.0211552307733934,-0.0010649037460151,-0.0006929249213759,0.0012606112405382,0.0390407485020792,0.9992444797131008,0.0525638052950138,0.0369748092249702,10.526684924977628,-0.0057730859346842,-0.0145232377696408,-0.8774882580293613,9.121235330752793,3.745693910530067,0.6144785770750512,1158.4932635670418,1079.2230089978164,1090.347347568019,1192.9308343919631,1180.3225290050123,699.335324899636,-930.2618538917856,-703.8618571345561,157.95354573421633
50.6825,3.710266086726509,-0.5330487694533913,0.6102524982844578,0.0208952550623436,-0.0226082331262819,0.0006827800183696,-0.0004904714445137,0.0014329981590232,0.0390302260073273,0.9992423448469596,0.0443772460492117,0.0369456841847837,10.514901821127895,-0.0051563831291329,-0.0145663282692156,-0.8758105364560403,9.121205405159172,3.745668021109225,0.6123142458439196,1161.8437603470384,1081.3211691145675,1087.7896964184035,1190.9178116527135,1246.651820147143,807.5724451221009,-902.1739722032567,-756.2687711082841,157.95240289281895
50.685,3.12532840318299,-0.3498589092261895,0.4331987865457763,0.0299235676714531,-0.0234551971928702,0.0015761239009326,-0.0002520513573765,0.0016026050226351,0.0390254164022864,0.9992393312732188,0.0347369250025605,0.0368412504151956,10.503106263896331,-0.0045419358383935,-0.0147185406645947,-0.8742067013458192,9.121177236222682,3.745642542016892,0.6101395298947337,1164.7265226677807,1083.2608712234291,1085.8364777070003,1189.1494905364195,1140.8679318091715,784.7711541465148,-695.1312965922581,-701.7873047776918,157.95141129269845
50.6875,2.425072964269137,-0.1952676156996074,0.2685441431007309,0.0370237389529541,-0.0238001395384354,0.0020311922004952,1.5120127261259776e-05,0.0017653818869193,0.0390301154911577,0.9992359180526104,0.0237768201846953,0.0366372896603371,10.491559815536144,-0.0039443440650891,-0.0149699255281226,-0.8726585283047714,9.121151009628464,3.745616292737948,0.6079520818663838,1167.548100006079,1085.2450248852967,1084.3140399354454,1187.408875128828,1200.6280747557419,859.9090462941239,-525.7205641416256,-727.2931425583714,157.95038296420995
50.69,1.500650775775452,-0.0490712856909681,0.0988205879180037,0.0431243373077684,-0.0236967928805489,0.0020352018294502,0.0003038277966246,0.0019140487111441,0.0390488338846042,0.9992324321128216,0.0117271750878676,0.0363157836267318,10.480499394082674,-0.0033854971080156,-0.0153082225519266,-0.8711471193503727,9.12112846836734,3.7455894618522607,0.605752996132416,1170.729663041554,1087.5604164548959,1083.2078748862943,1185.5130248236312,1119.4825568166564,827.7946681645376,-265.9102928176257,-640.8938445062536,157.94911138398953
50.6925,0.7028254885061312,0.0400843851323913,-0.015104527108553,0.0460791560295138,-0.0234420168761155,0.0016548993132657,0.0006068564379393,0.0020437078894385,0.0390856190845461,0.9992289266688834,-0.0012014061739931,0.0358639793751496,10.47013464419636,-0.0028844256899923,-0.0157194454038121,-0.8696553705392902,9.121110131994287,3.745562475608745,0.6035474140745347,1173.1455127901652,1089.3839982261215,1082.9844884713564,1184.2044059062953,907.3672693474142,699.1043533182681,60.908523711774016,-445.75150347218306,157.94802413331084
50.695,-0.0674392684089692,0.1007700861115202,-0.103029002086114,0.0467266253577035,-0.023237372561579,0.0011975294961477,0.0009169861991146,0.0021526140712527,0.0391394251781646,0.99922535948093,-0.0148333332771647,0.0352693053821054,10.460647301470688,-0.0024553930893647,-0.0161881229076673,-0.8681698829744342,9.121095536245699,3.7455357592196896,0.6013435134197758,1175.2664993882931,1091.0559382214888,1083.5124175048536,1183.2842673062692,793.6634974205786,637.1291892695236,326.44480688670814,-292.5227746491987,157.9469128731006
50.6975,-0.7713789813339714,0.1439393930231344,-0.1763950374199296,0.0452945925363224,-0.0229964415773125,0.0008305735294711,0.0012244341784477,0.0022402639756622,0.0392041462937554,0.9992217174875428,-0.0289899300446461,0.0344584779825133,10.45219306079392,-0.0021105495485889,-0.016692818159015,-0.8666819770531529,9.121085337851818,3.7455091655066983,0.5991474531268088,1177.1138302772645,1092.5696441724663,1084.6167125057887,1182.7417920330506,665.2891198941923,555.9614917078645,556.7117413754085,-119.65056207958033,157.94578531945183
50.7,-1.3468171770304065,0.1733147425186084,-0.2432315782989997,0.0417204042967299,-0.0224821157538899,0.0006103387950035,0.0015126088827122,0.0023014408030014,0.0392726090638666,0.9992180866976488,-0.0433695026341971,0.0331990176948352,10.444905776314075,-0.001869501864759,-0.0171984663440267,-0.8651877677415396,9.121081217459789,3.745481192534049,0.5969599355091556,1178.592944987766,1093.8357456800295,1086.295976211732,1182.6860144958707,554.2608852467657,479.90037615493753,832.3936423309821,85.31142301208276,157.94464267947154
50.7025,-1.841090163648468,0.2030391397394774,-0.3272319018163586,0.0358197724403248,-0.0217073311969264,0.0004332189533584,0.0017666671282297,0.0023304604928615,0.0393405168972674,0.9992145084019632,-0.0576319578007201,0.0312778813107227,10.438899974405608,-0.0017519031781847,-0.0176717158955099,-0.8636872972329577,9.121082767813027,3.7454502956757576,0.594780171445579,1179.8851347034995,1094.969146053242,1088.7786807174457,1183.1683491481112,385.5519701294593,335.4055720339469,959.0702010853955,258.2752555561076,157.9432600424738
50.705,-2.0690103452687185,0.2331464128616108,-0.4028722898075295,0.0301031442935247,-0.0211431683732097,0.0002291483417358,0.0019816120397925,0.0023271943061289,0.0394057556512416,0.9992110028703172,-0.0715225557284163,0.0286724856139417,10.434272488264758,-0.0017668067987489,-0.0180956984489913,-0.8621835010773963,9.121089362464973,3.7454147295183904,0.5926107037352756,1180.5207048384116,1095.512773540198,1091.0913272171547,1183.9773907736503,158.02755694831933,119.79945673395613,944.9872723707526,387.38887236812127,157.9421023645141
50.7075,-2.0995274154190966,0.282716045487609,-0.4773146846256217,0.0242520556951997,-0.0207158286225624,-0.0002452933347136,0.0021592967944129,0.0022959384874216,0.0394693460827569,0.9992075160194532,-0.0848566114847173,0.0254857144529038,10.431105565233699,-0.001913797024527,-0.0184652782509755,-0.8606813689624847,9.121099161613252,3.745374254921632,0.5904544665209899,1180.6752724882415,1095.5681433369123,1093.5036170793019,1185.1052935099528,-37.213024706515235,-93.00027408289469,1054.771791545642,538.4233574502078,157.94094326803477
50.71,-1.9205959689227263,0.3793489767463145,-0.5440266517146563,0.0177643436724847,-0.0202219256526173,-0.0014011267767452,0.0023029367678351,0.0022391856319917,0.0395278356606021,0.9992041902289852,-0.0974021816387332,0.0218252957946616,10.429470520818242,-0.0021925652985506,-0.0187778914559455,-0.8591868958005024,9.12111085453724,3.745330307379145,0.588310300582212,1180.334639714879,1095.0477721697832,1096.3651861748856,1186.6695075609027,-199.0936641932868,-282.71411711501304,1024.653717853448,583.9642198338279,157.93955489357273
50.7125,-1.611129198325134,0.4975954958095989,-0.5593204666633365,0.0132344041076854,-0.0196463717529582,-0.0030111754916572,0.0024164735796293,0.0021666966694942,0.0395779893044148,0.9992012490513312,-0.1090774903155342,0.017799669012966,10.429426562153703,-0.0025870620549194,-0.0190336491793129,-0.8577058218173516,9.121123463687683,3.745284528471284,0.5861746273101673,1179.679804167276,1094.1545727513385,1098.6268856685645,1188.025114609119,-314.5414863981141,-437.41686032581487,857.793842087965,526.4176264121069,157.9384025765202
50.715,-1.1650896597909437,0.6562025219708941,-0.5075627171109067,0.0100220800793066,-0.0186566237534347,-0.0052899323960482,0.002503370694323,0.0020909519072282,0.0396226556897866,0.9991987989600972,-0.1198656943095654,0.0134930605301589,10.431020514058217,-0.00307326473873,-0.0192333134433508,-0.8562426838959165,9.121135763800051,3.7452373114592854,0.5840452312177324,1178.7619322828875,1092.860687868153,1100.6541553853276,1189.3015956929646,-433.02199076625254,-637.5301019297161,812.814285997131,521.9228056853411,157.93725753775695
50.7175,-0.5087060773284346,0.8857216546517208,-0.3524921142534656,0.0075748551685879,-0.0167834203908861,-0.0082666254235938,0.002566980292963,0.0020215117104392,0.0396623957481849,0.999197162886014,-0.1297068888128567,0.0089707729343232,10.434286002892271,-0.0036285032935159,-0.0193788521670966,-0.8548001885164646,9.121144438550376,3.745188857475057,0.5819215992042504,1177.5146942134438,1090.9669222416883,1102.690957098552,1190.6347286375471,-461.02034279261807,-729.8311049704624,661.9285137813785,448.74927987998376,157.93589399032845
50.72,0.1128881508229869,1.099558017600848,-0.1518340042082337,0.0063272203170082,-0.0146712809257284,-0.0101291008268913,0.0026106567793105,0.0019637154569621,0.039697236571229,0.9991965546094675,-0.1384793707322999,0.0042849607425519,10.439240903890129,-0.0042339026290678,-0.0194736955867114,-0.8533787909619974,9.12114713488749,3.745139145226776,0.579804729886118,1176.4568305689263,1089.211532343304,1103.9637979542315,1191.5453420923625,-408.7353137699848,-708.5362707665367,399.4108851641389,323.7981347625172,157.93476748223267
50.7225,0.7746431313206839,1.3206357956475552,0.0934327446933939,0.0061222036652709,-0.0122359536428259,-0.0103956793965378,0.0026397490467305,0.0019125696383503,0.0397257754549991,0.999196682515558,-0.145877988122094,-0.000484337503906,10.445885335181387,-0.0048854029517246,-0.0195258460236604,-0.8519761268773037,9.121142473955242,3.7450883946350375,0.5776949574891244,1175.4710176445928,1087.4242408878536,1104.688011524374,1192.2537193113608,-374.04122917986535,-693.8160405502092,186.00419627695865,254.9815965794156,157.93365181719537
50.725,1.429652426850972,1.5314510813579911,0.3438268951956242,0.0073678943547193,-0.009439271276899,-0.0092293219083469,0.002665264622602,0.0018600788731762,0.0397435322984428,0.9991974078071968,-0.1515697708609613,-0.0051420386999696,10.454195096352956,-0.0055821735686075,-0.0195546778314978,-0.8505863886732615,9.121130383745113,3.745037634961927,0.5755900531964663,1174.5866244230263,1085.7424521405512,1104.8938189356168,1192.8202500752602,-325.04294181665045,-613.3027717998297,-50.1457010208925,199.98056474018992,157.93254538593126
50.7275,2.008571137311932,1.7025477381984868,0.5651765527369372,0.0114048706642467,-0.0055214751114512,-0.0071571084981686,0.0026957474698359,0.0018018676001993,0.0397478235245535,0.999198680129752,-0.155343188081067,-0.009535503265334,10.464115205814831,-0.0063158558450013,-0.0195774485166007,-0.849200351781681,9.12111233012204,3.744987676452232,0.5734873254257695,1173.845802935511,1084.3577270288574,1104.4372830192697,1193.2536221350608,-294.3650251008734,-499.6115278923471,-350.50222958002706,168.92746509734476,157.93145022551764
50.73,2.515339536618977,1.8223720084383164,0.7680553668634029,0.0202981209381817,0.00084993019055,-0.0046698253537363,0.0027314985388242,0.0017440539690556,0.0397384191972717,0.9992004599246548,-0.1572600711145586,-0.0136648842012268,10.47555288437017,-0.0070593838109869,-0.0195998434819235,-0.8478057269189321,9.121089707176878,3.7449391501992824,0.5713835412174749,1173.1147992975211,1083.2443945010882,1103.1413077877155,1193.6648874007471,-248.52574601000944,-292.674322902108,-587.2074961079031,138.4766971031896,157.93014907963902
50.7325,2.721391179259369,1.8303396920968868,0.8736001185342449,0.0300449322653874,0.0068426058546071,-0.0027107537913174,0.0027775576746292,0.0016942051579034,0.0397205174044486,0.9992025587410068,-0.1574577040098369,-0.0174145596420945,10.48837615327889,-0.0077839865847832,-0.0196371057470421,-0.8463870716668758,9.121062445103831,3.7448943696282337,0.569274857444977,1172.6031742054604,1082.894355414346,1101.5012455387287,1193.9460056205771,-199.31133606210037,-2.196971400191793,-746.8796668756995,105.54584635051972,157.92907556491562
50.735,2.6779523918043333,1.7412426980545692,0.9038911382083435,0.0396175347830011,0.0122477325180604,-0.0005120938225645,0.0028472562568646,0.0016584642284485,0.0396959597481389,0.9992049620230112,-0.1560851946613489,-0.0204801473833193,10.50241320073643,-0.0084644458805916,-0.0197194463703681,-0.8449265987130207,9.121030383725179,3.7448544818820406,0.5671597654044298,1172.1182426172115,1083.2334096440873,1099.4069094533406,1194.1926166324995,-228.85544308353133,311.0512800098832,-990.2084519693226,104.872571001707,157.9280129886584
50.7375,2.377679726246015,1.5492043547188108,0.8435304848662811,0.0487214177301051,0.0171431371836707,0.0025864453796457,0.0029466356549479,0.0016441562698719,0.0396691080675917,0.9992075802803186,-0.1533686223158254,-0.022689214121588,10.517452331032972,-0.0090742675311628,-0.0198650488199778,-0.843406207686892,9.120993977377216,3.7448187882336224,0.5650382584870807,1171.458896990042,1084.4496118143963,1096.5502032788795,1194.470368475586,-267.05083534211536,569.0928271536267,-1079.075947758104,98.82699324534259,157.92675010621863
50.74,1.982622630727085,1.3470695233501695,0.7094535479237032,0.053711025533829,0.0199545839076787,0.0054795909546959,0.0030705320795487,0.0016582000396194,0.039642456615273,0.9992103458614742,-0.1495768409439056,-0.0240869778617001,10.53324476744654,-0.0095884075098413,-0.0200728379765463,-0.8418091464196717,9.120951988998977,3.744785706205147,0.5629120053816197,1170.7829884405003,1086.0788737798568,1094.0115297145471,1194.6867515987265,-297.9698003990943,750.9924131119997,-1024.0674797665397,77.77111127564035,157.92570746208193
50.7425,1.5212478594780259,1.131177364100572,0.497197567471195,0.0557757635240402,0.0219579331248478,0.0082702329736214,0.0032158758860491,0.0017048769267623,0.0396195072986186,0.9992131213677024,-0.1449575874319062,-0.0246597490461495,10.549509611394772,-0.0099885348853524,-0.0203442157967209,-0.8401208486705743,9.12090454529564,3.7447533575647687,0.560784261971993,1169.969047988048,1088.2045738799527,1091.4298658800515,1194.8592240319635,-367.4408936802532,1005.8418349445984,-1128.4406525563693,51.01443009986843,157.92467433868725
50.745,0.9635387950246836,0.8743217136286705,0.1872491842269408,0.055800769819607,0.0240525385384517,0.0102955936286651,0.0033821274444284,0.0017838072886728,0.0396039621614837,0.9992157190537944,-0.1396868022916888,-0.0243296413079979,10.565941167940196,-0.010266990775721,-0.0206833054132849,-0.8383299519890295,9.120853263228279,3.7447216553360496,0.5586573851268558,1168.945783972098,1091.1080829545824,1088.3693264517626,1194.941823749226,-351.5955000526012,1090.3532298658652,-1108.9858605684424,-5.498155547590529,157.92344475829393
50.7475,0.512753310668411,0.664270185881617,-0.0756672788670323,0.0553565055067115,0.0257647204671379,0.0100924966655379,0.0035682657242292,0.0018901938486938,0.0396001364436829,0.9992178482153348,-0.1338673325299043,-0.0230208778312598,10.582217230562966,-0.0104266478800851,-0.0210916872766033,-0.8364291269288502,9.120798771107337,3.744691267654813,0.5565336500596276,1168.211070487784,1093.656340029285,1085.8849365772064,1194.8317332542258,-223.02364298045447,1012.3034042973017,-973.9002624372224,-99.45035347131984,157.92242788386272
50.75,0.0533766862416869,0.4542772866267696,-0.2898589715640391,0.0556394256680679,0.0272114987108201,0.0080872188583077,0.0037596361951554,0.0020241508053172,0.0396034600947706,0.9992194720226016,-0.1277276281157284,-0.0209370492696252,10.598006523867856,-0.0104644449785145,-0.02154711567915,-0.834416248373593,9.120741789414666,3.744662454919709,0.554413488882874,1167.8306657571968,1096.1695999760643,1083.4998251395807,1194.4445719818696,-60.481767908786864,980.7155452941795,-931.1317763768611,-209.09435805516213,157.92141815276042
50.7525,-0.4481468610066166,0.2410064690419526,-0.4347658805608814,0.0561445907367861,0.0280526129415511,0.0054741447965922,0.0039380928083536,0.0021831637416809,0.0396051706420281,0.9992205727048014,-0.121445427213955,-0.0183574307982085,10.6129817195109,-0.0103851297169834,-0.0220197962821282,-0.8322941051535118,9.120684474677022,3.7446352000478935,0.552298622054032,1167.9086616482405,1098.5599177557515,1081.2292776953263,1193.7862614639507,168.94445931498464,911.3515417221946,-868.3136778374878,-325.86018205517274,157.9204135838197
50.755,-1.038825958686036,0.0206391208571137,-0.4859179032854478,0.0561598135628232,0.0282768690661171,0.0031169255840474,0.0040882452470595,0.0023590676091685,0.0396010658388416,0.9992207694682582,-0.1150698303717567,-0.0155101074894896,10.626831034176751,-0.0102070077655075,-0.0224821503617668,-0.8300701508780702,9.120630261161455,3.7446086338498414,0.5501926934237685,1168.675388053772,1100.7263576846776,1079.1582567503913,1192.815271071593,506.3197012561115,889.5654220106276,-844.9255430396304,-478.78078609699577,157.91941423948978
50.7575,-1.8720866613548648,-0.2567715123226378,-0.4543737753055031,0.0548889453755142,0.0282850168790249,0.0011106279181382,0.0041983841538262,0.0025418117703645,0.0395944650175152,0.9992194646277486,-0.1085923007828133,-0.0125534559696951,10.639267644135742,-0.0099554381354986,-0.0229102918992325,-0.8277562519044516,9.120583365202078,3.744580803503095,0.5480984462211511,1170.4402601545223,1103.007744865807,1077.004649980126,1191.3923575334647,774.107146851724,778.4825511830408,-718.8065067104787,-540.6672158922362,157.91821967882527
50.76,-2.6559648021259066,-0.5005872927378544,-0.3744682917739129,0.0520827558697993,0.0280827508261682,0.0001580859828438,0.0042656362946268,0.0027204749552413,0.0395898583555823,0.9992167073214968,-0.1019572510035035,-0.009471512455068,10.65003874054946,-0.0096603774446164,-0.0232927320805019,-0.8253677449980479,9.120545937060946,3.744549030300084,0.5460174794046277,1172.5459237880273,1104.6187704405893,1075.564224216842,1190.1119349921344,934.4296956205421,580.2935223765177,-485.9323955473671,-497.973450819536,157.9172270112436
50.7625,-3.4751076427092156,-0.7517143364664317,-0.271270872547959,0.0462058156280204,0.0272636337067139,-0.0001829846555421,0.0042901982546607,0.0028850009854273,0.0395899695763312,0.9992130770478196,-0.0950994294244121,-0.0061992119554262,10.658933457772392,-0.009351738026654,-0.0236212903536645,-0.8229226711447152,9.120519236765968,3.744510483280012,0.5439518510292503,1175.1124086326274,1105.9092124776907,1074.574988002388,1188.9024902793656,1169.1025909989935,490.5268594173541,-316.89050134407057,-476.53724019986106,157.91623589132172
50.765,-4.390442021396838,-1.0404795171585004,-0.1530766943375929,0.0343167003902467,0.0250581417210105,-9.114837115431112e-05,0.0042788204645565,0.0030251298612678,0.0395921589400139,0.9992092241967396,-0.0879161251370397,-0.0025527703644287,10.665789132465092,-0.0090597610371968,-0.0238975431843527,-0.8204402577991388,9.120502238533556,3.74446456501536,0.5419029378060238,1178.3914367430252,1107.0714047376773,1073.9797717101208,1187.7292487911338,1181.8502384529727,361.4018612784652,-114.34681659262819,-360.0598662044468,157.91504667481777
50.7675,-5.010979785226396,-1.2482628881434208,-0.0759518419874071,0.0207524947875661,0.0221419275087433,0.0002673916391899,0.0042465827437072,0.0031368303460338,0.0395918737336895,0.9992056536291568,-0.0804030006718329,0.0018118701847219,10.670493832974037,-0.0088033054938667,-0.0241369047069576,-0.8179393946801558,9.120491522597122,3.744413484675457,0.5398685868353861,1181.021659824887,1107.7162217840817,1074.003253919425,1187.1021909483452,972.5462355632344,194.3046072142267,116.67029302528532,-160.57873806863398,157.9140545015947
50.77,-5.40639971669203,-1.3945379843515533,-0.0305978750875268,0.005382875193379,0.0184276871701904,0.0007660650227278,0.0042124047644738,0.0032158018177556,0.0395868023066093,0.9992026451237442,-0.0725214350831408,0.0072963199788592,10.672989660705117,-0.0085993799041738,-0.0243614502490871,-0.8154373095894359,9.120482626481412,3.7443608216211346,0.5378436207099496,1183.2541679208439,1108.0429277737487,1074.5631231752477,1186.9263551007903,842.1279813298281,78.25520524821148,360.95778726116527,30.36671640864635,157.91305955617793
50.7725,-5.586559387604064,-1.4750647144297075,-0.010712121221279,-0.0129922635194142,0.0135070695491099,0.001299387825079,0.0041788260746206,0.0032590131587546,0.0395782888647588,0.9992002884486952,-0.0642514766192622,0.0139279212383587,10.673273871596018,-0.0084588436680382,-0.0245674956959554,-0.8129496898428208,9.120472961659619,3.744308114554068,0.5358253052380888,1185.2322997315382,1108.107497810323,1075.808042855732,1187.2540245303885,590.5961526620473,-25.463301763852964,539.4028087955024,201.80662954490052,157.91186052848718
50.775,-5.502261388381683,-1.4540847250670135,-0.0135096630099874,-0.027362442510479,0.0092594164418921,0.0014488069580579,0.0041459969988567,0.0032743795402453,0.0395679490813981,0.9991985250956434,-0.0557903973555291,0.0216649499956165,10.671394884415232,-0.0083714955275119,-0.0247494079004699,-0.8104898328494007,9.12046017108654,3.744256873018124,0.5338112860486621,1186.2071486841514,1107.9156112649296,1077.2601372192228,1187.9353882485138,248.84157496504488,-125.90532833230932,645.5927530927391,337.661851670473,157.91085567528265
50.7775,-5.215201316008864,-1.342833624921289,-0.0196378265144261,-0.040328099749778,0.0052598367029398,0.0011683618261088,0.0041147565850579,0.0032740537249823,0.0395584247618225,0.9991972489888178,-0.0474111381447121,0.0304568776456359,10.667450287801032,-0.0083177361672346,-0.0249039319492507,-0.808068499630511,9.120442268732896,3.7442087916393616,0.531799317736565,1186.476507606364,1107.477971168661,1079.0360066211974,1188.9423337887415,-26.957992422453422,-255.316308470134,826.1080080146579,487.5794386950254,157.90984320565553
50.78,-4.697612931840911,-1.1212747538450551,-0.012081371170029,-0.0539866261302348,0.0011629918621587,0.0006232318123555,0.004081880910993,0.0032605014278476,0.0395495290819828,0.999196572460118,-0.0391737452618126,0.0401319470100802,10.66158483687534,-0.0082912276840735,-0.0250212386797839,-0.8056943982886112,9.120419701911905,3.744163226131205,0.5297893567635434,1186.072358722039,1106.6390297225785,1081.390677259298,1190.3732854419902,-249.26984825951808,-368.74517569646633,878.121220782512,537.9633516497852,157.90861736991295
50.7825,-4.164981631440076,-0.8830783604052174,0.0157228744509299,-0.0638044984872082,-0.0014892961384092,0.0001818333750709,0.0040435378366372,0.0032348018226176,0.0395426426935137,0.9991966447274304,-0.0311035670105056,0.0504795481777803,10.653983602763487,-0.0082864506385662,-0.025090466531806,-0.8033747230811343,9.120393904086878,3.744118789279795,0.5277835122920151,1185.2301583650676,1105.6342452901804,1083.426612725106,1191.6321505469882,-413.9576951554928,-478.08820273406224,805.924376732352,492.64408663077376,157.90758524230384
50.785,-3.5676766095240984,-0.6187090940679641,0.0694817069614592,-0.072096386292132,-0.0031692104558023,-0.0001123574207787,0.0039975618538563,0.0031993811276199,0.0395367685016789,0.9991976317773976,-0.0232515330950391,0.0613026085063307,10.64486567777292,-0.0082948811902654,-0.0251032495338023,-0.801115510622006,9.120365471334583,3.744073460959183,0.5257833997587165,1184.0025702462603,1104.2485887089067,1085.420299142962,1192.8365058751451,-533.3692613253788,-625.1824849186036,776.8425949382735,459.7950378962117,157.9065402491672
50.7875,-2.9364983683822232,-0.3557424412733349,0.1421646272999255,-0.0793150281173461,-0.0041300135552337,-0.0002088027106975,0.0039384971177252,0.0031566886662376,0.0395291433834374,0.9991994043176082,-0.0156731651766171,0.0723133382208071,10.634479318287871,-0.0083073267760162,-0.0250455544844974,-0.7989220201280047,9.120335358379876,3.7440256680257553,0.5237903471864291,1182.5633120584391,1102.5083328655855,1087.3108256997991,1193.9311257364704,-602.0489735283736,-783.3732678767168,720.9490439136707,402.9535545091248,157.90548317434585
50.79,-2.277303839487848,-0.119992035310487,0.2289231647604069,-0.0852583209351097,-0.0041400215975817,3.4214790822975107e-05,0.0038708217421709,0.003107980908926,0.0395150440476423,0.9992018964802832,-0.0083938889006659,0.0834161230997589,10.623092833904824,-0.0083170731674724,-0.0249188951701252,-0.7967979520944699,9.120304063162898,3.743975443661705,0.5218039484002254,1180.9923253786214,1100.3317223695267,1089.025044362527,1194.8512736476891,-694.8634325210234,-1044.7625671022815,708.181942925468,360.9199302838051,157.90440980184638
50.7925,-1.4631299492720404,0.1062524430821588,0.332923935245216,-0.0905513946769717,-0.0032066193653325,0.0008699171181988,0.0037983066768508,0.0030507451793053,0.0394933307562347,0.9992050056925936,-0.0013638756996284,0.0944818278860805,10.610989874844549,-0.008323790416129,-0.0247232624530449,-0.7947457654081618,9.120272872369041,3.7439226036016375,0.5198236146734428,1179.0889948958325,1097.2845200300717,1090.8517354144285,1195.7357253878904,-686.8775151218994,-1165.9452715553873,633.2684641883077,289.47441825042654,157.90310066067167
50.795,-0.7703558988229503,0.238555003185141,0.4062902396703364,-0.0933529355554208,-0.002154002846434,0.0021150360762047,0.0037132071780519,0.0029858502819369,0.0394640489457809,0.9992086810577482,0.005380579125743,0.1051289593727947,10.598465736291498,-0.0083214993093168,-0.024440928073415,-0.7927671573362906,9.120241813522762,3.743865745642288,0.5178487765146745,1177.55793780301,1094.5019960117468,1092.1913866834702,1196.298645738942,-591.8443092535125,-1119.9630226669524,506.2467478877864,196.27020633874625,157.9019904777533
50.7975,-0.068923863695601,0.3137768201602094,0.4535241513404483,-0.0946218807171952,-0.0012167663141126,0.0039230765170827,0.0036106298772025,0.0029158386058721,0.0394280738582838,0.999212865966825,0.0117662691419306,0.1150325901461698,10.585817710173876,-0.008302316456425,-0.0240598184400948,-0.7908622035789422,9.120210251627011,3.7438043259700495,0.5158783972551466,1176.1297733495676,1091.684704916742,1093.3829691538651,1196.7170764195832,-602.0405924935507,-1185.9487687747176,503.9911996228207,164.52557082253176,157.90085835273192
50.8,0.7711899888194038,0.3491360199803983,0.4779070680031665,-0.0942961149373174,-0.0003233122618828,0.0063556002091209,0.0034936442958249,0.0028407227066764,0.0393860270094484,0.9992175030026392,0.0177774413722163,0.1240344049987752,10.57333654168138,-0.0082635268625322,-0.0235819536772404,-0.7890290481558944,9.120176270484864,3.743739462778076,0.5139115348507954,1174.547734840541,1088.5722521678704,1094.7113426815856,1197.121273593055,-558.8680028205414,-1051.8155934036788,479.32774823064426,142.9723324472157,157.89947213615207
50.8025,1.454961117459069,0.3423709736739735,0.4817751974062638,-0.0922333783361564,0.0002920868687881,0.0079414945661281,0.0033678816519999,0.0027592595569629,0.0393376974158995,0.9992225409291932,0.0234257504599836,0.1320354334469222,10.561301070016137,-0.0082054888902749,-0.0230155598441199,-0.7872643179413183,9.120139164934647,3.74367242802902,0.5119481561231085,1173.3354333354634,1086.4256269497207,1095.7796078950196,1197.4319380818197,-462.30302242003046,-722.847205189303,423.6600993059016,128.06690643563167,157.8982922383772
50.805,2.0947576985835896,0.3070328573550764,0.4924069166227992,-0.0883124793839365,0.0009008697126593,0.0084992407287307,0.0032397811727967,0.0026727167191427,0.0392810757961692,0.9992279288371456,0.0286713219513352,0.13896917009074,10.54997273703038,-0.0081260519380204,-0.0223730482008798,-0.7855634268440512,9.120099098328973,3.7436041988540816,0.5099892905725786,1172.2362197284428,1084.9580161419271,1096.8296431781132,1197.7616081252327,-449.0980939604445,-461.9311689794269,449.0451029214432,150.2521345066411,157.89708487463355
50.8075,2.7708072833526725,0.2381017312730564,0.5387975447156527,-0.0815943869626278,0.0017215708636431,0.0084622516592689,0.0031102152533859,0.0025885874222599,0.0392195661396255,0.9992333028961966,0.0333443813565811,0.144677003537587,10.539592697762348,-0.0080152012263033,-0.0216614746939217,-0.7839209878431725,9.120058081071656,3.743535674517005,0.5080354025044987,1171.08994286566,1084.1159711048226,1098.024833409628,1198.1831987543533,-378.1563640200032,-154.77584648994065,410.27053549484594,153.43071688818208,157.8956026636854
50.81,3.2236415959229205,0.1623238945027912,0.6112385960756844,-0.0743206406133868,0.0024438811028763,0.0084963338739468,0.002983952459589,0.0025197265066929,0.0391580848320271,0.9992380740608058,0.0371738901296869,0.1491146120598743,10.530373697560064,-0.0078572761394603,-0.0208977022778086,-0.7823303080443395,9.120018725484073,3.7434691447026847,0.5060858511041044,1170.3454379083419,1084.184136909477,1098.8809958555885,1198.528761709674,-231.83978851514607,166.6550009813515,281.74988768335584,128.20662070992347,157.89433885954267
50.8125,3.520588523334378,0.0741841465113625,0.7040020228317772,-0.0658452027634465,0.0029904000043827,0.0094152441467628,0.0028645371369635,0.0024736333166517,0.0391048235354633,0.9992413675644352,0.0400120901568789,0.1522414943805381,10.522496998861138,-0.0076475120516376,-0.0200997046921235,-0.7807834054579093,9.119983845857897,3.743407600862745,0.504139867864501,1169.9307439230854,1084.9492461097286,1099.4335828480434,1198.8242318579023,-95.03657599083913,394.5490492381801,142.0574181107823,105.03933164668985,157.89304480676938
50.815,3.6608624229304634,-0.016087831725454,0.7897112975792492,-0.0570475394715671,0.0033127769357316,0.0113843079976287,0.0027556187609998,0.0024490344026968,0.0390691490717063,0.9992423353045862,0.0419080016586775,0.1540520879309869,10.516107707954609,-0.007396823344943,-0.019288204721928,-0.7792709155743798,9.11995687587474,3.7433544743477807,0.502196828863011,1169.870255028388,1086.156882155666,1099.5912829461415,1199.0539583679067,71.20980263258383,551.4197500596673,-65.20549955422514,73.84929092086936,157.89172560506182
50.8175,3.5838186372884713,-0.0951930744991299,0.8345876714779379,-0.0479398266619185,0.0033514397207567,0.014340628030078,0.0026646310866018,0.0024433382299242,0.0390605246638378,0.9992407819664152,0.042953707889672,0.1546634586515834,10.511310618994612,-0.0071193595709411,-0.0184921599009385,-0.7777821670494784,9.119938021183737,3.7433114170266686,0.5002561333685985,1170.2867929362485,1087.7063448600284,1099.107555350272,1199.1934783125068,286.2380799257053,715.5003773177646,-389.1779187087933,40.05397237981694,157.89037640807777
50.82,3.2107057528073923,-0.1555421654250778,0.8123220845293048,-0.0363560986427634,0.0026769874110066,0.0180219788928111,0.0025992841261488,0.00245395326343,0.0390858954067249,0.9992370142768492,0.0432526062291217,0.1542451025442282,10.508169763620772,-0.0068289814865926,-0.0177423182302954,-0.7763055398012987,9.119924958285322,3.743279739472596,0.498317180650244,1171.3014454280171,1089.7343840422568,1097.6453933525968,1199.254228229806,437.48007724151427,746.7571545324488,-684.8568145677608,3.0519068956464723,157.8887236504791
50.8225,2.6584202451622807,-0.161696091442058,0.7240499746599239,-0.0269028328004965,0.0013748494082131,0.0207183494810606,0.0025609886973983,0.0024782879683102,0.0391440280069069,0.9992315452127544,0.0429107927881001,0.1528815887225226,10.506710207620625,-0.0065376443911949,-0.0170597924629769,-0.7748289535081521,9.119916565106106,3.743260176292092,0.4963793699769117,1172.474193322454,1091.4401306326872,1095.6832712774365,1199.208737846985,500.72015091160966,667.1431401189463,-912.9169203268125,-43.756987786560224,157.88731932052866
50.825,1.8793041802686816,-0.1136031201245594,0.5722219785863298,-0.0190518841606121,-0.0001521254557968,0.0227460249252482,0.0025437956575783,0.0025137521150513,0.039225420463518,0.9992251218823736,0.0420339474480093,0.1505478287233802,10.50691866523464,-0.0062545459755517,-0.0164530021891884,-0.773340205191217,9.119911132343264,3.743251307731224,0.4944421006175658,1173.8050461825767,1093.0700997428532,1093.0808087509604,1199.0354432908732,577.289206472665,690.6676787390202,-1227.6261082501692,-116.4203573163236,157.8858885044471
50.8275,0.7608143245765011,-0.005599655648759,0.3409234345405521,-0.0129605338528162,-0.001444509639548,0.024091368500448,0.0025416267154,0.00255898347583,0.0393119431870473,0.9992187734427908,0.0407046200162559,0.1472567764650775,10.508742008142335,-0.0059841195526446,-0.0159275523057132,-0.7718271507974943,9.119904986113763,3.7432496342616313,0.4925047723741527,1175.3606393548189,1094.893469026384,1089.5451407361825,1198.6266360604031,537.0098745850892,645.3867429401229,-1300.8945843271258,-190.0935350018154,157.88414285833625
50.83,-0.2357349210659049,0.1022602887182222,0.1286849585969264,-0.0116118699750206,-0.00153630337492,0.0242042734073216,0.0025531081335297,0.0026145199823954,0.0393886771275054,0.9992133667751784,0.0389727421501007,0.1431528165957026,10.5120880436745,-0.0057254803993502,-0.015492393370446,-0.7702781078214911,9.119895383893116,3.74325135857583,0.4905670619178052,1176.4900955554997,1096.2970334575507,1086.5763358293307,1198.084975615865,397.854889208362,537.9075617593547,-1110.0325434875915,-257.4935119473641,157.88266573601587
50.8325,-1.1728890653841835,0.1905998963348851,-0.082037161598619,-0.0145597924639231,-0.0004643260431903,0.0235391185241052,0.0025791153266078,0.0026772629179336,0.0394497567572925,0.9992094237631762,0.0369680178760443,0.1384464146287648,10.516830153634755,-0.0054812416825198,-0.0151549218769548,-0.7686825168397636,9.119880316723066,3.7432530282094056,0.4886291800156944,1177.3499138008615,1097.5830068351822,1083.9949780187417,1197.3391685006657,307.3371757783908,536.0357463465775,-965.1823013876829,-353.75610700239207,157.8811671617236
50.835,-2.0883928415728885,0.2353443414180906,-0.3201802935233624,-0.0221913494041492,0.0014287959553521,0.0224568954650452,0.0026135331324378,0.002743420626426,0.0394957189846688,0.9992070722101936,0.0348257497419596,0.133213310456758,10.52281582492157,-0.0052529681615114,-0.0149068716788546,-0.7670319044576219,9.119859634968746,3.743251909185211,0.4866916522054174,1178.0267814343924,1098.9772121892852,1081.7504243223896,1196.316195080852,187.56268150663124,480.88999280656105,-643.601710344086,-365.1055454634526,157.8793462642694
50.8375,-2.6001165137926554,0.2058325100328914,-0.504789643585311,-0.0307952098101025,0.0030821261652219,0.0215549168463527,0.0026392344313492,0.0028094915314112,0.0395284887760811,0.999205965024266,0.0326578812540418,0.1273012258905356,10.529873604642564,-0.0050401537559036,-0.0147187143452999,-0.7653205857957119,9.119835032979594,3.743245855517389,0.4847566452682439,1178.287727208394,1099.9874567992129,1080.776969467024,1195.51364077335,40.59777332197624,363.40268612106735,-193.18726914483824,-260.617891371024,157.87781167064597
50.84,-2.805511460259555,0.1065438528430635,-0.6761619958434639,-0.0404072314266241,0.0046109541693823,0.0206000249102239,0.0026463397618491,0.0028735996400888,0.0395532478466768,0.99920559086226,0.0305379632676587,0.1207050695934347,10.537813028607111,-0.0048401507890578,-0.014568413473006,-0.7635455373523302,9.119808652875268,3.7432342912567815,0.4828258554487942,1178.2297703010024,1100.7942256198914,1080.784487976665,1195.0131056239964,-77.36712092719834,282.2516312901746,147.69910904671352,-111.71412623215215,157.87626130755817
50.8425,-2.7614577343187623,-0.0366257712932278,-0.8343881406381042,-0.0494746595169845,0.0056652117245068,0.0193989080506233,0.002629410866367,0.0029361762619183,0.0395783107697724,0.999205373572472,0.0284823436481557,0.1135004939539163,10.546432787264797,-0.0046475260256892,-0.0144379303510374,-0.76170665410526,9.119782960345978,3.7432169267161512,0.4809008303516828,1177.9008916037578,1101.3987149556644,1081.515465012258,1194.955070142189,-198.03268349655633,187.9317054328457,422.78936426216467,117.61095695184632,157.87469947193327
50.845,-2.4635617454333145,-0.2000487397423183,-0.9662569486338964,-0.0563721118195115,0.0053763864969447,0.0175881380283697,0.0025947729934294,0.0029980193161407,0.0396052285753336,0.9992050453884516,0.0264934124490059,0.105991195300703,10.55552564533436,-0.0044574481555812,-0.0143252181509154,-0.7598064359229443,9.11975991667369,3.7431934722082625,0.4789831175815075,1177.2396068835203,1101.7338841470548,1082.898434797974,1195.601160408755,-364.7343859988676,84.54173141494942,691.457400193859,460.149539087198,157.87312582763658
50.8475,-1.900856004661153,-0.3693117042719664,-1.0716931708999873,-0.0618458922019045,0.0033671306414978,0.0144381255873617,0.0025498763636187,0.0030599195778747,0.0396284123878055,0.9992046979704776,0.0245586220531258,0.0984799020000423,10.564888801253732,-0.0042655039060072,-0.0142288376443927,-0.7578499907836584,9.119739423302857,3.7431636383885407,0.4770742647428665,1176.0772196737623,1101.8214236127394,1084.9727520132292,1197.255817837626,-479.4039192353287,-16.86699492210256,784.1575300852209,734.9689085505693,157.87122653551387
50.85,-1.3251439995500258,-0.4584414346607621,-1.0981011059800632,-0.0644251821659918,0.0011734323004556,0.0110883694210892,0.0024967091286569,0.003119442696749,0.0396435423687257,0.9992044701335394,0.0227154344330386,0.0911225521161177,10.574331366234505,-0.0040721277264477,-0.0141386813524927,-0.7558446688432718,9.119720272295181,3.7431272914456986,0.4751758187651323,1174.8425872873427,1101.6495491724443,1086.819222448402,1199.2760049515095,-529.7322211110256,-113.20565736101634,724.796391394079,887.6702861101763,157.86963677574605
50.8525,-0.6980323913409505,-0.4770276474262351,-1.0479035142720508,-0.0656466028053482,-0.000599850330334,0.0074785421576791,0.0024440841679347,0.0031653916659698,0.0396479172540094,0.9992044741834916,0.021179699314502,0.0841816951690452,10.58367538503668,-0.0038914608633373,-0.0140552715765497,-0.7537989317330906,9.119701192496018,3.7430851671029455,0.473288965189221,1173.4285585682098,1101.2553953259348,1088.5967339701963,1201.694169268173,-628.1402486137691,-219.778312868881,748.5972127860612,1065.867458720641,157.86804233067025
50.855,0.0710071091479944,-0.4179631366628641,-0.9032179348881244,-0.0660829252553976,-0.0019973345169125,0.0036994700846517,0.0024014260581115,0.0031860881501664,0.0396431324356052,0.9992046714966272,0.020167473828289,0.0779028172045093,10.5927612304585,-0.0037384320943536,-0.0139816863295819,-0.75172168558653,9.119680662287593,3.7430393893732608,0.4714133359339716,1171.7018860442722,1100.5506576080993,1090.5622085123343,1204.6053422451157,-604.3973438400917,-297.87517021325806,695.9955358234843,996.5659508169113,157.86612674426803
50.8575,0.7051078810889738,-0.3062076461476739,-0.728408025557116,-0.0657513192787644,-0.002549612151254,0.0014393339526856,0.0023726010460309,0.0031764930653917,0.0396324724481429,0.999204965096703,0.0197398557808947,0.0723919608976643,10.601450887588127,-0.0036178594383417,-0.0139154554466906,-0.7496215531593728,9.119657510709168,3.7429926239632496,0.4695468073325795,1170.4065718490078,1099.7660194748676,1092.0767116493155,1206.67699902226,-443.41092402318594,-361.3012974661263,594.3698029773208,674.9134461656239,157.86453095984288
50.86,1.30667870713658,-0.1336617907348902,-0.5257618299918168,-0.0642575319950462,-0.0025608913055197,0.0001324000681899,0.0023594254010832,0.0031380398277039,0.0396174412874764,0.9992053307422976,0.0198102446903326,0.0676930310989285,10.609627341144348,-0.0035253429586375,-0.0138542755835963,-0.7475060057328365,9.11963230512008,3.742947212373735,0.4676873915873395,1169.4848314241583,1098.7441511207703,1093.5340575272182,1207.9799094759408,-270.83042346962213,-514.5767649482063,642.8408726697293,323.1052534970952,157.86293874678967
50.8625,1.9459314844844275,0.1476622204563294,-0.2847877919704555,-0.0602263926754373,-0.0022997288655933,-0.0005788855157136,0.0023639897095805,0.0030803510503783,0.0396019236313486,0.9992056421861312,0.0201125546266752,0.0638420479402982,10.617193547494296,-0.00344546870775,-0.0137995320462392,-0.7453808438599652,9.11960710233506,3.7429041960015894,0.4658341271676069,1169.052419731659,1097.1931356501254,1095.2909160126655,1208.2925252897464,-20.681580813869335,-627.9479278495699,646.9670049608668,-127.43633288035043,157.86103585991737
50.865,2.366356263659384,0.4520278874353671,-0.1070900634723916,-0.0550027228981136,-0.0019207837719591,-0.0006564065639923,0.002381732796465,0.0030196424877682,0.0395901656710133,0.9992057760830332,0.0202311146552496,0.0607233471194964,10.624072629193787,-0.00335409679219,-0.0137456403136406,-0.7432501533888793,9.1195827138362,3.7428656243639353,0.4639862148971167,1169.381423520089,1095.6044114815209,1096.7688925520242,1207.3427278115387,286.48564874264275,-695.6960249828132,580.3635077830497,-643.9873423718327,157.85945908652857
50.8675,2.6150345441697143,0.838004205693132,0.0278055916158856,-0.0483573992629836,-0.0011465665632614,-0.0003710907185654,0.0024093277582255,0.0029654521359042,0.0395861493874134,0.9992056698280478,0.0198918009571193,0.0582299382535382,10.630204147020608,-0.0032385975939496,-0.0136905670457795,-0.7411159378687734,9.119559558302868,3.7428335829230415,0.4621427446083783,1170.4848479753707,1093.7146555252143,1098.1927335515784,1205.0725885778902,561.4763149813681,-796.5328447388873,540.1041158545434,-1115.2322208258036,157.85789374529512
50.87,2.684443056780367,1.292063867408728,0.1180032401556492,-0.0406886121877051,0.0003156373969355,0.0001470243210283,0.0024419308915726,0.0029180688108415,0.0395943179427996,0.9992053102141846,0.0190179901643957,0.0562069451886465,10.635542664701987,-0.0031012138077385,-0.0136307912773728,-0.7389782679930912,9.119538222709592,3.7428088683731735,0.4603017942017434,1172.1888050949972,1091.6217472578244,1099.4694131312983,1201.7665667074068,794.6648524948185,-862.6104298662675,444.0907555114792,-1534.1355017217093,157.85633866192654
50.8725,2.508581446725095,1.815179612312472,0.1486106501904617,-0.0321875787457063,0.0031683454161439,0.0009045006195591,0.0024619445161199,0.0028744389537898,0.0396134893411503,0.9992049082024084,0.0175978812117938,0.0542214964844808,10.64005818063168,-0.002949118367297,-0.0135442301854792,-0.7368359387609799,9.11951969555564,3.7427896596302648,0.4584607827061656,1174.458172237847,1089.4016033758808,1100.4131873291367,1197.4019110692775,1064.430409371029,-962.0471240658497,300.54065568720085,-2091.0946683898064,157.85479589911105
50.875,2.0131005881701025,2.4876153436720387,0.1167851128666806,-0.0224951789833876,0.008804124219034,0.0019991172339538,0.0024521194225006,0.0028339364540767,0.0396386705447265,0.9992046469951292,0.015575565951741,0.0518483254741985,10.64373214261102,-0.0027863538706308,-0.0134091766299664,-0.7346867342726544,9.11950321077849,3.7427730113393274,0.4566209670894562,1177.5109571418475,1086.8115116374995,1100.9721164097327,1191.3110933654673,1115.7770766529354,-900.1757740673838,90.1461763883982,-2307.3843920456575,157.85295751195144
50.8775,1.3973885327006392,3.0504195360083073,0.0405087875633498,-0.0161758819244313,0.0153839788807762,0.0028883688849822,0.0024047486559348,0.0028037769558816,0.0396634785108188,0.9992047202833552,0.0127457469869332,0.0488719373151965,10.646554931610599,-0.0026062428348657,-0.0132174892397857,-0.7325278799248214,9.119487377581045,3.7427561908391738,0.4547844066016809,1180.0370576211067,1084.900724505548,1100.8639182110785,1185.86498910906,935.4205563296307,-672.17891038201,-170.19087619465088,-2163.558660250358,157.85143444050473
50.88,0.6520242099172887,3.571209798359292,-0.0680518022437863,-0.0131751612124923,0.0234089171246203,0.0032958549865973,0.0023212573495579,0.0027874571361305,0.0396846773153393,0.9992052150322412,0.0090013046033286,0.0452696564629989,10.648525875573405,-0.0024083619886331,-0.0129729240581209,-0.7303565033345722,9.119472084282249,3.742738072760224,0.4529517417589825,1182.188059923498,1083.4506170855875,1100.1211620287593,1180.49330006421,792.5639290630025,-499.66887986963127,-462.87621735968025,-2238.7091815967688,157.849917356547
50.8825,-0.2695934710033672,4.097270665786068,-0.2014278557287007,-0.014090504297722,0.0345292923438541,0.0027494441134284,0.0022147790900794,0.0027765300898393,0.0396993586846398,0.9992062215171964,0.004511259523436,0.0412609962264928,10.649654025605832,-0.0022104895304438,-0.0126943836879992,-0.7281698913812373,9.119457746076302,3.7427181254621056,0.4511219171441739,1183.9998772664237,1082.4023801061987,1098.549537124279,1174.6714432010704,507.79178941666737,-260.46046472862184,-671.5610044726159,-1962.1687331933683,157.84809869508425
50.885,-0.975166928734222,4.417893929571255,-0.2880895153770973,-0.0179119059971121,0.0453604509310662,0.0016449888132472,0.0020992924468395,0.0027656974697716,0.0397045582374964,0.999207820247674,-0.0006091146968425,0.0370901511527218,10.649962068286424,-0.0020257757224431,-0.0124010823362715,-0.7259662117829899,9.119445591825757,3.742695250655785,0.4492938727187775,1184.727018870579,1082.1483147619458,1096.7633570063992,1170.682456398252,126.29423314886384,18.179148908611545,-784.77560197908,-1359.6074199856823,157.84658038782842
50.8875,-1.545164028849258,4.5811761155171284,-0.3227377984622549,-0.0233971291618672,0.0577123127204473,0.0002436231256768,0.0019769886425926,0.002762580104844,0.0397027690919344,0.9992098380549193,-0.0065165121902432,0.0327660344993593,10.649490001791879,-0.0018479291776722,-0.012095215938604,-0.7237453326760799,9.119436514416368,3.742668263988952,0.4474672023940758,1184.6313484321684,1082.4932758507418,1094.6256591143815,1167.8734061011385,-196.47144971026088,258.67012777039645,-987.2429723592128,-938.2181814451288,157.84505408083822
50.89,-2.041047242322487,4.579038174204054,-0.2859432912582623,-0.0305688489986411,0.0729067783180251,-0.0015776642721246,0.0018483103556828,0.00278052590628,0.0396986264202423,0.999211956165564,-0.013478975254124,0.0282712931660282,10.64829537421644,-0.0016621076836574,-0.0117769143025959,-0.7215090759645634,9.11943032545575,3.7426373993752047,0.4456444397268538,1183.7446616220273,1083.4416654007985,1091.8271421446007,1165.991365491024,-410.7399227334197,404.12902676639914,-1043.3459757551127,-451.17543866085833,157.84320758925284
50.8925,-2.3033998593546845,4.423873036659708,-0.1868391369230418,-0.0364537748212093,0.0847140824246098,-0.0030781627676908,0.0017244784275164,0.0028249790621762,0.0396906215740116,0.999214020612397,-0.0215768467624055,0.023818869081059,10.646454608990783,-0.0014648566921373,-0.0114622350370473,-0.7192612833878461,9.119426580002214,3.742603747923464,0.4438294027428764,1182.5776488185031,1084.513920984572,1089.4089292356107,1165.6175289078362,-500.31893522161096,445.44933772526696,-966.3668969666163,62.31964081190649,157.84165247740358
50.895,-2.436161631562749,4.146706414515627,-0.0271630781805824,-0.0419643069299718,0.0948793995175084,-0.0042162192860789,0.0016183865908972,0.0028961548114973,0.0396786901077922,0.9992157370595494,-0.0307678919416677,0.0196615515148073,10.644067338896011,-0.0012594369993738,-0.0111705376893302,-0.7170080474839708,9.11942389051259,3.742569965276081,0.4420238620703583,1181.243066945918,1085.668912089426,1086.995307659765,1166.3029636950837,-528.4661293940214,449.0256044778084,-955.2749829006304,412.4980140578991,157.8400759354802
50.8975,-2.485798038708903,3.8034182405669608,0.1635233978833671,-0.047280376443485,0.103707734610724,-0.0046918896396047,0.001540832594775,0.0029914460619881,0.0396653552856307,0.999216594666028,-0.0409433080170032,0.0160153949865872,10.641259002809388,-0.0010519001447683,-0.0109194756052961,-0.714757372442701,9.119419379889607,3.74253845107258,0.4402292988406479,1179.9353181715317,1086.759049006962,1084.632554321105,1167.6800189781268,-497.1097843467279,401.97960509426775,-923.8680736383902,671.9600952606215,157.83847850042523
50.9,-2.459280357869217,3.4175056385979685,0.3570968203017884,-0.0524884673727622,0.1111453093814191,-0.0040310859134878,0.0014846466096266,0.003114696906358,0.0396539482485391,0.9992161823013364,-0.0521402392358225,0.0127315676952021,10.638182531451974,-0.0008369826432015,-0.0107028883701506,-0.7125188076189185,9.119411115584777,3.742510048340357,0.4384467338695657,1178.7575180241863,1087.6788101148954,1082.3759672915771,1169.6627641713835,-493.7273686973842,364.9417000889068,-955.5683474588591,965.2265524919194,157.836852335502
50.9025,-2.3581827916047384,2.93469652879706,0.5432630104814808,-0.058871567174958,0.1186050179533857,-0.0019109004784011,0.0014393941575312,0.0032710162824933,0.0396453120684191,0.9992148100320016,-0.0644207591421241,0.0096057023908096,10.635016153290694,-0.000606783751302,-0.0105114224343609,-0.7103021958359774,9.119399872361226,3.7424853129542823,0.4366754045095389,1177.4666813280435,1088.5837575074077,1079.8547125838084,1172.5061517405888,-475.7066928368044,314.765979060824,-881.4884057368126,1098.2025895373974,157.83486349412618
50.905,-2.22195275180708,2.5199885407558,0.628961705776998,-0.0641816678761487,0.1239564488279559,0.0005561331152117,0.0013945752119679,0.0034608811416939,0.0396343773376469,0.9992130786336504,-0.0777455001139769,0.0064406328418883,10.631962323812626,-0.000359727873478,-0.0103363044136804,-0.7081166903263745,9.119386272804336,3.742464603421311,0.4349143133255292,1176.3789845600013,1089.2526400102004,1077.968525262891,1175.1537771190735,-475.50619036717353,281.75575572721004,-692.36292015775,1106.002993001635,157.8331722656911
50.9075,-2.033458002338432,2.0759977419496902,0.6204909870620962,-0.0688418633317977,0.1290307191688259,0.0033214838655241,0.0013441297138234,0.0036726336188724,0.0396188906185175,0.9992113928261542,-0.0918112692390342,0.0031354581414701,10.6292465570143,-0.0001118313433428,-0.0101746490131533,-0.7059698818197253,9.119372008399433,3.742448025657496,0.43316208885693,1175.0891503762095,1089.9925362860424,1076.3928979830227,1178.036166705592,-652.1477774535771,381.2222227952912,-598.736312350605,1323.7806531411072,157.83144367344198
50.91,-1.7426529528124544,1.4741975851471103,0.500585408126427,-0.0736319764036838,0.1349257062324371,0.0063924651345353,0.0012944086765867,0.0038947539622483,0.0395989400956212,0.9992099424476882,-0.1063064745374496,-0.0001364207946345,10.627111707831707,0.0001202076264082,-0.0100406593431227,-0.7038670457550709,9.119357805354449,3.7424361508422894,0.4314165574936039,1173.1182456727315,1091.1587511241776,1074.9748437011365,1181.7726803847825,-805.0976109382163,494.6467238360781,-425.48599919765434,1421.00100993298,157.82932500996907
50.9125,-1.4368492604487344,0.891866503011263,0.3260676875520742,-0.0773698269622856,0.139320494825565,0.0081893053744747,0.0012454939552622,0.0041173483887749,0.0395793084195669,0.9992086579331654,-0.1209592101447712,-0.0033248994777065,10.625814053373858,0.0003220964268836,-0.0099385971232264,-0.7018111402287608,9.119344187216045,3.7424280942428862,0.4296772618649661,1171.0636623215166,1092.465769905224,1074.2654679870332,1185.1411717552603,-895.9764356053673,599.7011793524505,-171.78043581209,1402.4953079216195,157.82752260318225
50.915,-1.0485579636499536,0.2161765076356512,0.1108834731503386,-0.0809377262713224,0.1424469842393704,0.008853685469854,0.0011833652907191,0.004336023498516,0.0395687566377173,0.9992072481272202,-0.1356268421282262,-0.0066691110406276,10.625615973297043,0.0004878984092337,-0.0098515917737514,-0.6998027270262192,9.119332830805105,3.7424209326197646,0.4279437312001797,1168.6383634947088,1094.157257020937,1074.1159415220768,1188.785156924384,-1109.8488964735911,816.2310828584766,70.33986021784625,1654.281279538572,157.82568320546207
50.9175,-0.4736892618294916,-0.6781692218924593,-0.1418073823456868,-0.0841283366761386,0.143265068770986,0.0082787253165371,0.0011035434187055,0.0045491090728065,0.039575276028121,0.9992053968812776,-0.1502179586785451,-0.0102024104446298,10.626777493149758,0.0006150789419861,-0.009774426825989,-0.6978393734408495,9.119323629112374,3.742413016283375,0.4262142575206371,1165.5144178391458,1096.5469253195183,1074.6171672881228,1193.4125781529576,-1137.5921370601736,908.4146763916931,295.1375787630095,1713.911559208951,157.82343607123036
50.92,0.0956846410665674,-1.4535421877992567,-0.3114371466920918,-0.0850721794834397,0.1411327940320869,0.0067653894382478,0.0010084734394262,0.0047574139431132,0.0396024494931379,0.9992029287868962,-0.1646901283241055,-0.0138137513773442,10.629549382896265,0.0007046812743397,-0.0097096838208992,-0.6959157486887522,9.119315670652067,3.7424042855260176,0.4244863199754243,1162.9504028094052,1098.699330402898,1075.5916294158926,1197.354714720433,-963.7213152413677,848.4875666567845,495.12668540719017,1546.9513094669283,157.8215333285796
50.9225,0.747803901632838,-2.2003346713760603,-0.4072573206813689,-0.0840204558628293,0.1362122775837301,0.004658577766778,0.0008969944551355,0.0049633825389216,0.0396480586594425,0.9991998926512636,-0.1790414639294271,-0.0174775059279388,10.634166763290265,0.0007610286872586,-0.0096530760582775,-0.6940241532128036,9.119308626325584,3.7423947340139994,0.4227584252793096,1160.6958112629432,1100.7893631527986,1077.0928007151565,1201.1473347002852,-816.8698711685834,787.6585829141341,674.8921773012356,1451.6983755811302,157.8196041295638
50.925,1.4573766393124707,-2.8791707921185528,-0.4322677068811165,-0.0815584048344827,0.1290851301817781,0.0026323544440437,0.000777361802551,0.0051657380468861,0.0397053629673546,0.9991965284513608,-0.1931862840377681,-0.0209858414215197,10.640843953054667,0.000783781317513,-0.0096113635146706,-0.6921548751677956,9.1193018950522,3.742383715534876,0.4210301829416757,1158.86605345356,1102.6376233174708,1078.9660903024003,1204.6132065983427,-603.4869517220254,640.2793829277833,817.4952909269814,1268.3511099473312,157.8176572759257
50.9275,2.221756446736417,-3.4350343359746764,-0.3772574867439011,-0.0778271246948133,0.1198595161494792,0.0011165863923559,0.0006628265270915,0.0053498010633451,0.0397675764473889,0.999193137232576,-0.2067527679407575,-0.0240531655638344,10.649773600615655,0.0007549738571497,-0.0095956983030685,-0.6902970345969097,9.119293843821112,3.7423703665724544,0.4193020062324883,1157.6783765043317,1103.9907600674392,1081.1802771697935,1207.4890902500251,-362.44252977504624,447.85107631628114,1018.4938487290024,1105.5647712411933,157.8156943645708
50.93,3.1751508455973387,-3.934622695541176,-0.2403244133466967,-0.0717705363652597,0.1077123453578379,2.281277093951536e-05,0.0005522298300547,0.0054995787820798,0.0398278083372399,0.9991900433814168,-0.2193555232944004,-0.0267215817761961,10.661117942641951,0.0006569347616659,-0.0095957450669619,-0.6884396543429497,9.119281177164957,3.7423547378040185,0.4175743439968243,1157.0538408046866,1104.87687869905,1084.058559546041,1210.1410304545436,-101.58040154819253,197.80924779369224,1063.4943287893764,843.2588596852617,157.8133265155109
50.9325,3.9650022186080474,-4.213813207438878,-0.0878551342618369,-0.0644344807541055,0.0974880792742789,-0.0003140360878323,0.0004443300701591,0.0056110905358902,0.039880984214938,0.9991874460148376,-0.2308665888363605,-0.0290465418737877,10.674997267534595,0.0004893952483019,-0.0096005926981596,-0.6865720158072268,9.119262115313328,3.7423365891905047,0.4158484462601521,1157.1704744965905,1104.979806306408,1086.497748813743,1211.7053845484536,159.12794086071744,-70.54700904469456,948.4006991650099,513.3561688786915,157.81134711941357
50.935,4.688001564195632,-4.36912829008237,0.0790668757894347,-0.0540613141687941,0.0873934888414207,-0.0001100232048003,0.0003415507630862,0.0056913501236497,0.0399249715064453,0.9991853757100116,-0.2413907765280424,-0.0310177047454538,10.69148511644882,0.0002669247464206,-0.0096040819525232,-0.6846841435334863,9.119236447322788,3.742314929170668,0.4141256329013085,1157.8494805089906,1104.5241436538265,1088.8005630418684,1212.7078112989384,397.066177092208,-281.02310131515054,942.661295465216,339.3631787825956,157.8093657090431
50.9375,5.3951233149557565,-4.437909230139414,0.2696263770840288,-0.0384880633249122,0.0752079483181764,0.0007294608811706,0.0002462495189729,0.0057466435096204,0.0399570583691565,0.9991839050744156,-0.2510183719822418,-0.032648620604532,10.71061020137548,2.123612180057223e-06,-0.0095993656211117,-0.682767268375325,9.1192061133078,3.742288722554092,0.4124078135735084,1159.1558053820495,1103.5746907998337,1091.211055291065,1213.402200442365,535.7375404943339,-371.30530966498674,800.6289252714856,181.6143049012968,157.80699019360867
50.94,5.796517471877315,-4.412352922706663,0.4044279256961606,-0.023499503553633,0.0649719899072155,0.0019027632723989,0.0001661629464541,0.0057850401551976,0.0399734187192346,0.9991831524126208,-0.2598725672942939,-0.0338559277726564,10.732352590957984,-0.0002919959391873,-0.009586957843839,-0.6808138306254057,9.119173941791223,3.7422573145873375,0.4106976696439778,1160.5281682114598,1102.6676171055033,1092.803707668222,1213.615882823444,579.1578577697003,-335.32209564628954,528.3464806171676,8.391174380308511,157.80501530309652
50.9425,5.960524506226378,-4.3131848097715615,0.501006208863424,-0.007445800497966,0.0547788282125276,0.0034555186309524,0.0001069945253816,0.0058150084878438,0.039975695337998,0.9991830262853684,-0.268084495187478,-0.0346121641034457,10.75664199435864,-0.0006040678322286,-0.0095650997986292,-0.6788173939539572,9.11914325544092,3.7422201320472976,0.4089978516545358,1162.0515946708997,1101.8980803216011,1093.852787694152,1213.4441563142664,679.1432141495698,-257.73478938490825,318.898322043579,-179.05191600543665,157.80304828646064
50.945,5.872589347837955,-4.1181672150509065,0.5662721781244648,0.0112963450152537,0.0425538855155857,0.0056543654231861,6.718235446443244e-05,0.0058453244572975,0.0399695923240862,0.9991832777509964,-0.2757940877635042,-0.0350539445893879,10.783355431337784,-0.0009241767611813,-0.0095235241854011,-0.6767721252185892,9.119116971613838,3.7421761939689016,0.4073102245211337,1163.9238842822094,1101.378943158578,1094.3981992784409,1212.7206232434164,683.1573514397252,-96.7113225790824,73.69639389669254,-361.4779184000431,157.80069986728523
50.9475,5.579186635178339,-3.8984947664999297,0.580880522253071,0.0252015926608911,0.0322117229762527,0.0077487586267931,5.07564269149751e-05,0.0058765187549944,0.0399588569664803,0.9991837853007928,-0.2829528434043387,-0.0352094633757371,10.812320030767962,-0.0012555108152337,-0.0094614818897026,-0.674671605362207,9.119096770010435,3.7421269463262337,0.405633798889176,1165.4673814280952,1101.4145237087064,1094.2212696636352,1211.636766722268,612.1289330480573,131.5732588790761,-205.18549621159272,-534.256623704277,157.79875459628508
50.95,5.091954677770786,-3.634430617027401,0.5676601944515935,0.0371185082245057,0.0221805451391442,0.0095753658277084,5.8763846687974905e-05,0.0058969613950439,0.0399454968289392,0.999184562801053,-0.2892428703188112,-0.0351787563281919,10.843313640663528,-0.001618174316234,-0.009376831040967,-0.6725079836805797,9.119081629729715,3.7420761968654848,0.4039659789013452,1166.9845289474513,1102.0368094529736,1093.3722717973824,1210.0493401248937,668.4224875511281,418.1087381813675,-523.1005632827926,-795.7062227320897,157.79682316774966
50.9525,4.317975068472194,-3.3029139274027246,0.5474180799397405,0.0502189679023227,0.0117974139033357,0.0107065790084296,9.027137843876479e-05,0.0059014727558183,0.0399343677147642,0.999185468247997,-0.2944760893482986,-0.0350864943560882,10.876052185397143,-0.0020232205379389,-0.0092689747571258,-0.6702712831817111,9.119069321356552,3.742027999038763,0.4023023124915044,1168.8094938658523,1103.5050673996143,1091.60576684722,1207.6582356086055,675.7687961222707,652.8882913912665,-757.5956391599972,-931.6287198813658,157.7945228410624
50.955,3.532975747244558,-3.051717009752471,0.5475703746072677,0.0603948992007719,0.0050979666692994,0.0108688736601282,0.0001472714015324,0.0058931267383126,0.0399268050882971,0.9991864415274871,-0.2986316350060216,-0.0349686962416683,10.910186680563925,-0.0024697742913579,-0.0091456387776253,-0.6679491680899393,9.119057695771891,3.7419840373740025,0.4006407610640272,1170.3633729280596,1105.3012509099271,1089.5842936015858,1205.391196525491,631.3741365048326,812.919041647631,-888.066033340738,-924.9995806935472,157.7926210574047
50.9575,2.62705016431696,-2.866904184384591,0.5771717400200544,0.0689884963019454,-3.2552766695238475e-05,0.0108643113712907,0.0002212817773147,0.0058813230818879,0.0399205159326655,0.9991875123731586,-0.3018295114447092,-0.0350587636008016,10.945303513067802,-0.0029465974771671,-0.0090044939620714,-0.6655275449264065,9.119044927421696,3.741943462374656,0.3989806661109711,1171.9663645483784,1107.5696626078543,1087.165436680514,1203.0332377051354,647.0817763591513,954.413345579008,-994.503546650813,-929.422577377479,157.79073539896433
50.96,1.6514507003774888,-2.750703428388006,0.6245853423808602,0.0752572072071972,-0.0047713258731924,0.0114353610232549,0.0003025236994575,0.0058740420843609,0.0399119995876319,0.9991887446348364,-0.3041571000764628,-0.0355883417020076,10.980930406702353,-0.0034428678172234,-0.0088446389778462,-0.6629909889200866,9.119030110126449,3.7419061608261295,0.3973204091692574,1173.5987818098567,1110.0733176378246,1084.6117758683292,1200.7440836386013,652.7158940417419,1010.2458741691044,-995.818116920096,-871.1071506180098,157.78886311436298
50.9625,0.6466680896756424,-2.704948054452862,0.6691599764003279,0.0779870003605595,-0.0101382133139692,0.013313106729211,0.0003868267983762,0.0058744812784086,0.0399012209713512,0.9991900553142224,-0.3055911761720382,-0.0366307636859117,11.016541819098986,-0.003953065543444,-0.0086750486815238,-0.660323435452361,9.119012147330388,3.741873093667936,0.3956592494136811,1175.229944018584,1112.6208919786955,1082.186346095918,1198.6777019520491,704.8594240435737,1068.9692528042076,-961.1099134267165,-835.4981992918782,157.7870066140776
50.965,-0.511902395157168,-2.686933759722841,0.6843261740148417,0.0774884556694996,-0.0179103787270608,0.0165352412611395,0.0004691540169426,0.005877734231471,0.0398896784363041,0.9991912971060912,-0.3059313346163953,-0.0382420453579497,11.051566386009439,-0.0044810021659387,-0.0085052361767863,-0.6575093162616422,9.118990465761689,3.7418463681398335,0.3939961813845874,1177.1230789300766,1115.4181639018484,1079.8062263011932,1196.5665926421395,674.1268611798394,945.7853658581987,-737.7191731291396,-706.8246936490617,157.78479628371048
50.9675,-1.3823062791256884,-2.6629285247301184,0.6494088702770876,0.0744424458414507,-0.0250740061774838,0.0191975398418086,0.0005484205052033,0.0058696388859501,0.0398775963454029,0.9991923597194152,-0.3047703289913781,-0.0403550758602286,11.085395458121564,-0.0050415548592721,-0.008350820638655,-0.6545346641297206,9.118965231494332,3.741827565209048,0.3923322355329234,1178.600578324485,1117.3498188079889,1078.4977502302704,1195.1435784838022,561.3037674155396,664.7571886834745,-349.2855403685547,-502.28095734815014,157.7829682713526
50.97,-2.09979477864952,-2.589687557852943,0.564463497591143,0.0690128776740773,-0.0323308125862054,0.0211732005555151,0.0006236282982352,0.0058415716696763,0.0398697186421087,0.9991928410441036,-0.3018262978866944,-0.0428488374754666,11.117383749936167,-0.0056412511765762,-0.0082280383092952,-0.6513885462337847,9.118936453184844,3.741817456152031,0.3906712106767675,1179.9295977671516,1118.7419498452628,1078.059798599352,1194.0551878554013,544.5493601905525,485.17425551924777,14.182332668171531,-412.52626895358657,157.7811540247303
50.9725,-2.7430427676144595,-2.4177280406734534,0.4207654185306174,0.0601583697750096,-0.040926931887499,0.0226134341451051,0.0006944635639323,0.0057917772789396,0.0398717835164809,0.9991923565274512,-0.29697699088274,-0.0455388401773042,11.14686096134328,-0.0062768915029495,-0.0081534172355719,-0.6480640896050858,9.118904572157884,3.741815419313168,0.3890156119568048,1181.3233251254392,1119.7756900855863,1078.5686618936113,1193.0809471390332,476.3334017204052,285.16686612332666,340.89649441262577,-311.52349286724046,157.77899213283052
50.975,-3.0872638767764435,-2.2001561663124467,0.2818066265018773,0.0515918663761167,-0.0476197721205552,0.0232224525769035,0.0007629729438466,0.0057270340463515,0.0398881284310812,0.9991909733983602,-0.2903004270469193,-0.0481449833964815,11.173145719804568,-0.0069338785801355,-0.0081448080439587,-0.6445591399901576,9.118869347469577,3.741819787235232,0.3873665040347483,1182.311264775755,1120.16778417588,1079.764281071416,1192.4975703910643,360.6718038102924,82.59450238118242,595.3376380663898,-195.2803075576824,157.7772027765142
50.9775,-3.2468847880660454,-1.920214263852668,0.1394640943918053,0.0428937091087352,-0.0531039023040992,0.0232428154834758,0.0008280043795781,0.005660587482681,0.0399184685952833,0.9991888747704448,-0.2820380335722572,-0.0504268413963517,11.195563659966291,-0.0075890569621446,-0.0082130439626989,-0.6408767913009203,9.118830292859624,3.741829579489399,0.3857240457826639,1183.1266841444888,1120.1886625974919,1081.5453500839403,1192.1045456012455,322.14592037318545,-50.52334294725513,853.1289774352628,-134.0855144941766,157.77542565727967
50.98,-3.270588181905538,-1.547714231838996,-0.0236669381208224,0.0333600106517636,-0.0577637275601507,0.0226543269498898,0.0008784812645366,0.005598365108566,0.0399606539410608,0.9991862936530445,-0.2722945223929054,-0.052356200032073,11.213473248476529,-0.0082285078622931,-0.0083518206889277,-0.6370256923240186,9.118788160401321,3.7418431859240737,0.3840886425701419,1183.9219943776216,1119.9151674611437,1084.0299259585945,1191.827142818593,262.77310034847886,-137.55156000940826,920.5461083990325,-69.40982152524244,157.77330686546048
50.9825,-3.192614410614876,-1.235224880607735,-0.152571404133942,0.0264531640125437,-0.0603063470226528,0.0219892087328341,0.0009060928610373,0.0055401618173656,0.0400118888856701,0.9991834799806488,-0.2610527245819572,-0.0538436829057953,11.226283461470029,-0.0088467327060245,-0.008553449853515,-0.6330201646609607,9.118743760377107,3.7418592337290058,0.3824627655132827,1184.440549646232,1119.5009047974445,1086.148080625938,1191.757496493619,177.25245575350277,-199.7541120209005,811.9992827906226,7.040033746540794,157.77155246410447
50.985,-3.057804752450844,-0.9455208315344448,-0.2826504064674693,0.0202842745225778,-0.0621531639712146,0.021438510435567,0.0009091414709593,0.0054824910424231,0.0400661942226402,0.9991807970545356,-0.2482342535495611,-0.0546621913537009,11.233470316510436,-0.0094431349658812,-0.0088132825438633,-0.6288803270349566,9.118699358993254,3.741875866954373,0.3808498516846465,1184.8082566563885,1118.91639690104,1088.089922372544,1191.8623429873255,119.62479584120292,-264.29668831974715,729.4641401376243,69.59247066794056,157.76980962137074
50.9875,-2.8964571253959073,-0.6838163774370015,-0.4234452216848804,0.0144092541439024,-0.0634809968762688,0.021006180955486,0.0008819070397175,0.0054224414218781,0.0401196592843117,0.9991784795382926,-0.233797083405259,-0.0546918563861951,11.234591753588235,-0.0100165396453657,-0.0091159535603731,-0.6246321411618471,9.11865763828646,3.741889331215297,0.3792529772734249,1185.0386736254384,1118.179421355845,1089.795401326628,1192.1054588469592,53.16883314500964,-335.89442357612006,624.7801639519807,122.30276716521185,157.76807635807702
50.99,-2.7089772269411325,-0.4565743296256219,-0.586100446624124,0.0087401613699816,-0.0644004094978609,0.0205661975358225,0.0008315569128532,0.0053540858118067,0.040168266919928,0.9991766794220528,-0.2176412291405544,-0.0535568178868283,11.229306294926118,-0.010570120178107,-0.0094565047189237,-0.6203063802581715,9.118619537656873,3.741896182645167,0.3776746355737425,1185.0741008221137,1117.2369247831587,1091.2138231923054,1192.473856823152,-39.96732191971201,-463.6953604239022,579.1766668897063,170.78732525921694,157.76635475506313
50.9925,-2.440021009119992,-0.2148797274771674,-0.806184397097989,0.0018337839851657,-0.0656474875299853,0.0196836221821998,0.0007737560515608,0.0052604452817922,0.0402075833166641,0.9991756136799852,-0.1994344076066021,-0.0507430860595828,11.2173895001396,-0.0111203563812753,-0.0098346655309293,-0.6159374599698382,9.11858439525495,3.741893873340005,0.376115457167776,1184.83883701584,1115.8609445537277,1092.691284661074,1192.9593954732543,-140.74450284658343,-541.2674818922328,528.4668509393239,165.8088197671138,157.76430260836952
50.995,-2.1593854319168764,-0.0318132905612598,-0.998087385064828,-0.0043060973530963,-0.0666090835746842,0.0183460126790458,0.0007241268329779,0.0051198741077777,0.0402298493815131,0.9991756769528244,-0.1787665683479939,-0.0457965349946327,11.198739772851035,-0.011687711533488,-0.0102455234899408,-0.6115624400864904,9.118551218861661,3.7418804831864025,0.3745745323207092,1184.3703783078804,1114.530587373696,1093.8561574470032,1193.302900921988,-251.03645379918703,-559.1870480088669,479.70102912989216,101.81218011193116,157.76260430164484
50.9975,-1.7983434775049103,0.1335051204447216,-1.1699016083037854,-0.0101622911773705,-0.0669101619763095,0.0160653986469689,0.0006978489811025,0.0049195966081117,0.0402296780238727,0.999177140292936,-0.1554572589953168,-0.0383265971528356,11.173379890224757,-0.0122797239683411,-0.0106809388188679,-0.6072201131333752,9.11851777173843,3.7418555334691455,0.3730511102471099,1183.5836547468434,1113.065009313682,1095.0897898067246,1193.4684563738144,-420.0524823904471,-657.8608151926873,576.3388372422709,15.007240059198928,157.7609188065894
51.0,-1.2656009254137093,0.3014743918717351,-1.3076954361260222,-0.0155598229314209,-0.0663022743991218,0.0121232612221092,0.0006991283351539,0.0046561879569585,0.0402030460770277,0.9991801924289528,-0.1295760674895838,-0.0282467253467726,11.141462577607683,-0.0128902479354654,-0.0111184723567294,-0.6029502113956396,9.118481199801137,3.7418191947908017,0.3715453493096191,1182.27011589593,1111.2412832977357,1096.737851633212,1193.377937122284,-537.0105673983171,-664.2369911907409,631.0280108835568,-81.84986117196954,157.75891185572172
51.0025,-0.748000879137743,0.4056114615620878,-1.3325826813383024,-0.0184322311393556,-0.065202741027826,0.0078818714384439,0.0007237099375914,0.0043295252260676,0.0401445878821118,0.999185060406179,-0.1013033077753302,-0.0157230868528746,11.103275982043776,-0.0135075484821779,-0.0115262240250972,-0.5987922498401472,9.118439036844297,3.741771568589868,0.3700572489783325,1180.8986019098543,1109.7438243577312,1098.2449298611396,1193.0592070679547,-593.9146024950932,-574.5207908907804,612.9908318434038,-162.37215293704926,157.75725317578463
51.005,-0.1754720742748979,0.4619654968234063,-1.236704305351417,-0.0199415770599659,-0.0641647285743494,0.0030733048835575,0.0007697587640231,0.0039413269346541,0.0400517137905495,0.9991918114661156,-0.0708846510806155,-0.0009287872279629,11.059243081897726,-0.0141175862102427,-0.0118774473620884,-0.5947842120292915,9.118389504607473,3.7417131526306497,0.3685865605866144,1179.300542883453,1108.3686793432803,1099.8028057924307,1192.5660763575984,-741.4194759017691,-553.2115275836885,663.3210545744777,-222.4194935847889,157.75560985401967
51.0075,0.5405176448007303,0.4644430240006122,-0.980164893213404,-0.0204378123916217,-0.0633858789131292,-0.0022106999781106,0.0008297934541324,0.0034977632003576,0.0399267192739386,0.999200258869224,-0.0386904932799776,0.0157854443978154,11.009917142504275,-0.014701801509161,-0.0121424240029424,-0.5909617509068789,9.118331596673043,3.741645772272818,0.3671322427456718,1177.1915045303435,1106.9777667198111,1101.5615351340136,1191.9471096000304,-796.9410778824085,-451.9130822646748,599.3169952153488,-201.73132540085288,157.7536570712876
51.01,1.1267474563041686,0.40143168018842,-0.6716931334797587,-0.0192528424022038,-0.0624421182834525,-0.0052423358170894,0.0008931141981646,0.0030081990117857,0.0397780887100102,0.9992098654591745,-0.0051772115497905,0.0339536218409301,10.95597519668485,-0.0152402332496163,-0.0122926816508816,-0.5873570815728955,9.118266143382138,3.7415717105305064,0.3656925274510511,1175.3158374940447,1106.1091139319587,1102.7993907685047,1191.557419730595,-764.9491216103067,-277.6709845834774,420.26697054867657,-100.32003616014985,157.75204696527598
51.0125,1.6477858743046938,0.2531969069599346,-0.3156249536650221,-0.0155700924839545,-0.0604709020427406,-0.0060436270130499,0.0009567943405798,0.0024881385487496,0.0396219747149988,0.9992196538245468,0.0290688755037316,0.0532475846091244,10.898206081708276,-0.0157100090025662,-0.0123149901099357,-0.5839978659668364,9.11819626789231,3.7414941614984607,0.3642655398691988,1173.36675892229,1105.5894117968933,1103.662869986758,1191.4455094192294,-780.4175241012773,-153.1403932379488,269.68328552270424,11.676633066047936,157.7504563590739
51.015,2.070787702901974,0.0270474856315838,0.0368344287347805,-0.0097990655860595,-0.0581988644002394,-0.0052942376709686,0.0010187568542186,0.0019540631482542,0.0394776480585975,0.9992283574676452,0.0634496091068248,0.0733289179667621,10.837497338893192,-0.0160919744447462,-0.0122035864593833,-0.5809064788008598,9.118126802199287,3.741418785596677,0.3628494051665739,1171.4137498735363,1105.3434119657688,1104.1478071961187,1191.6158028959253,-758.0013886342912,-51.12014692854346,95.75931990124968,129.56829369984877,157.748883289691
51.0175,2.335179045574072,-0.2787055935595326,0.3436914014335603,-0.0025891310965113,-0.0570312131945912,-0.0036258026346391,0.0010763904065282,0.0014224541473001,0.0393529624971193,0.9992352152701504,0.0973809234727402,0.0938327349202546,10.774818236552495,-0.0163716645394519,-0.0119590824865809,-0.5780994231698809,9.1180620986107,3.7413512458450024,0.361442248509623,1169.576751979122,1105.3338110622508,1104.141666586264,1192.093350887728,-735.0000977528784,11.394280582584168,-115.5288108029572,249.31483938331417,157.74733320480067
51.02,2.4496626251973046,-0.6866944308648946,0.6285091014452288,0.0061406596734564,-0.0581601224528333,-0.0012547780646507,0.0011341302339376,0.0009097928828875,0.0392522122903515,0.9992399132490356,0.130306498200587,0.1145440929707753,10.711198004920185,-0.0165393604369578,-0.0115962855883216,-0.5755867336537142,9.118003961350531,3.741295060048549,0.3600421950647929,1167.73874938477,1105.4003833686816,1103.5701631421039,1192.8623770928425,-571.6063397702587,5.6190181476239,-298.64247590838386,279.87616204022066,157.74550229148736
51.0225,2.3861804440178567,-1.0119208508427269,0.7879054224166387,0.0127782435227572,-0.0613181625261867,0.0009111290537366,0.0011910292887028,0.0004325567034039,0.039175999350444,0.9992423312056312,0.1616919520212307,0.135141631239449,10.647707872958103,-0.0165885717983194,-0.011128538675533,-0.5733720756565897,9.117953129684512,3.741251830422823,0.3586473699985423,1166.7187202802693,1105.3619061529887,1102.6484542067212,1193.49273169793,-253.7196722453734,-65.00404600716593,-452.2496418869216,204.7187771829656,157.74400294306096
51.025,2.18976429245952,-1.2715783112160033,0.8671493836112537,0.0182738898081955,-0.0658631645811728,0.0033177124342503,0.0012438494424946,3.1155078359979084e-06,0.0391249218857242,0.99924260688238,0.1911183275094159,0.1552723343002757,10.58543773881808,-0.0165197642802417,-0.0105694683377225,-0.5714524905714384,9.117911569519254,3.7412215239156095,0.3572558984773179,1166.4701510235443,1105.0753631386463,1101.308914932671,1193.8859709787564,108.91771741343176,-197.2713173124148,-671.23516750323,73.42420042769726,157.74253372315707
51.0275,1.8470047350704564,-1.4799635559433608,0.8801611738754184,0.0235237622478633,-0.0711922162705193,0.006371660636233,0.0012873676871756,-0.0003780236773292,0.0391013546386355,0.999240852970567,0.2184446236905372,0.1745597768114066,10.525470265137752,-0.0163478059589069,-0.0099312850777196,-0.5698182888749665,9.117879658176127,3.7412030651743433,0.3558659056675665,1167.2633088673367,1104.3755495664263,1099.2922783692031,1193.8598527000684,483.28885536132304,-309.36744753833045,-791.6156671459291,-113.8689902710084,157.74080892476465
51.03,1.503257600032495,-1.5683142201010796,0.8364542755314089,0.0269220999288281,-0.0749429230564618,0.0086803098218955,0.0013202674587212,-0.0007138173097479,0.0391065304689907,0.999237458937626,0.2436277107320654,0.1927412796477554,10.468857848774576,-0.0160910065216919,-0.0092304058224016,-0.5684535664254969,9.117857218299743,3.741194408348989,0.3544755167357468,1168.886595300352,1103.5285259009538,1097.3508365969396,1193.316626027401,833.1578258903693,-368.48331463490325,-802.3738201602577,-333.83303213693927,157.73940618099843
51.0325,1.1269634625753593,-1.579593389192817,0.7585065387680867,0.0293397728355221,-0.0782706443564381,0.010426839627846,0.001341835041948,-0.0010086939389395,0.0391375641067446,0.9992329359859472,0.2666717716889786,0.2096023219645744,10.416603954141818,-0.0157672679292977,-0.0084825204893022,-0.5673369337394525,9.117843093983069,3.7411926683008256,0.3530828577817805,1171.4290979967848,1102.5331329932535,1095.2804092684055,1192.1906875393854,1274.3364559192587,-430.4038763848965,-894.9878833074276,-617.7231437108297,157.73804279847704
51.035,0.6559033190519306,-1.5143409623699795,0.6524033307012337,0.0310591965651172,-0.0822393545892557,0.0121095483096192,0.0013449121447943,-0.0012623794900109,0.03918981498513,0.9992278082693152,0.2874903772297279,0.2248344078011461,10.369651873241306,-0.0153856510802969,-0.0076938740521358,-0.566442591058467,9.117834781747309,3.741195280120393,0.3516865747899111,1175.2582775799517,1101.3765065190282,1092.8758971804002,1190.2280103088451,1471.2413957175363,-387.6519846385526,-828.1267392186093,-799.186731713326,157.73645656654253
51.0375,0.2505671675524061,-1.3960315794335152,0.5701708011761311,0.0317096178221294,-0.0855567573503789,0.0131899111178648,0.0013332085138292,-0.0014798617476247,0.0392521190079587,0.9992228146546844,0.3061205901968343,0.2383875122159343,10.328854714199633,-0.0149575555974627,-0.0068800470556018,-0.5657406047650049,9.117828523926663,3.7412007334207926,0.3502866971862453,1178.7853049753762,1100.5948730700595,1091.1397755723103,1188.1947538808167,1396.0426036560839,-250.63757290349767,-588.7232681701687,-857.3158955753637,157.73517959109913
51.04,-0.1736946043885418,-1.2086477142965175,0.5085597274623158,0.0319996141206384,-0.0886967120215765,0.0136860283257105,0.0013216234005837,-0.0016689353423355,0.0393082634855595,0.9992188973759468,0.322665071635927,0.2504703197505558,10.294960350865171,-0.0144936424683796,-0.0060660527340102,-0.5651979963995106,9.117820585522548,3.7412072382717514,0.3488834819846889,1182.2384905982256,1100.1233186545119,1089.932280839552,1185.9414308309724,1312.5500615237904,-133.73294049658833,-362.2562271211302,-905.3751370507968,157.7339534684907
51.0425,-0.6198721587416681,-0.9609539611061874,0.4675728308423353,0.0318644989386325,-0.0915286968209925,0.0139457693702495,0.0013209642344615,-0.0018325184635847,0.0393458919972708,0.9992167264821868,0.3371213237936259,0.2612304804326168,10.268613214992392,-0.0139948447175632,-0.0052691526425307,-0.5647800683137105,9.117807093827007,3.7412129166617007,0.3474771861991477,1185.3480552829983,1099.9262083675765,1089.328494436704,1183.6678781955604,1116.1142609797228,-28.754626453914007,-70.11812579236044,-879.3769306319113,157.73277288587772
51.045,-1.092481673693802,-0.6388233815063296,0.4432024635426195,0.0308127662598601,-0.0938432514241889,0.0147515014497436,0.0013347814535349,-0.0019725404429677,0.0393567121967141,0.9992163236154024,0.3494572142627973,0.2706835378392726,10.250346700592623,-0.013457447384878,-0.0044954262507315,-0.5644509950369972,9.117785327607635,3.7412158905790736,0.3460680668435393,1187.8190619031272,1099.9795455222422,1089.58169021059,1181.5445461778106,917.8609272771773,39.42045092843675,315.8710301211303,-867.8018617871363,157.731651487999
51.0475,-1.6722436931861309,-0.1705254159345062,0.4118601927904357,0.0282533756291758,-0.0956663484180005,0.0167105817191859,0.0013609913296828,-0.0020909306120817,0.0393431219863457,0.9992172439960554,0.3596346066559197,0.2787378535596745,10.240576237020738,-0.0128756124674898,-0.00374195482847,-0.5641743428155713,9.117755768604413,3.741214283743508,0.3446563809317695,1189.9373599193802,1100.1233106222185,1090.907849587308,1179.3288688866287,641.6154239860035,27.52111038197156,639.6682275887907,-743.8290551658897,157.73037979493049
51.05,-2.137302126040733,0.2778416433258327,0.3710377563735945,0.024701212865793,-0.0960706073658037,0.018464710978933,0.0013916098219531,-0.0021896183025235,0.0393139012978114,0.9992188704649548,0.3676062527456102,0.2851873766579596,10.239596204036832,-0.0122428035494503,-0.0029974513642295,-0.5639135719134172,9.117719435209239,3.741207457909444,0.3432423854777438,1191.027139023059,1100.117151074152,1092.7800313485357,1177.8254009019793,318.98658226579806,-70.84825844195633,865.9235565619955,-522.0286591677508,157.72938566265546
51.0525,-2.5320013261445657,0.7662262396362794,0.3116441284836304,0.0191800647188857,-0.0948959378410327,0.0196305482838728,0.0014177442393925,-0.0022705314301158,0.0392764555265999,0.99922072607723,0.3733159402486881,0.2898145971432991,10.247575331770792,-0.0115534090394787,-0.0022490139265781,-0.5636324474731353,9.117678069114397,3.741198188356353,0.34182633749538,1191.53229283071,1099.7690693300085,1095.2374673701204,1176.7187255907886,122.99224203140784,-259.39065389216864,1151.4116127213597,-390.1913072740082,157.72846421395812
51.055,-2.8539058008581875,1.3689568719578271,0.227354655895549,0.010224324890634,-0.0914737321761645,0.0203536837589307,0.0014274664221001,-0.0023347406952983,0.0392367815426429,0.9992224323895764,0.3766817147563826,0.2923438742154635,10.264559380932903,-0.0108029384149865,-0.0014805510711195,-0.5632954953573854,9.117634934038053,3.741189515389701,0.3404084939985838,1191.6421002332152,1098.8201978046925,1098.5370894121372,1175.8744443656108,-16.182795037176128,-434.000269584072,1219.5162534404644,-227.38236629950012,157.72744764350867
51.0575,-2.9509755898179137,1.8650350648926208,0.1546812523417838,0.001473927948939,-0.0872932490276812,0.0205878203130492,0.0014055323453475,-0.0023811314964153,0.0392010208765303,0.9992236665489216,0.3775734224284447,0.2924321031952071,10.29047488518388,-0.0099873862790164,-0.0006729401525498,-0.5628684020338072,9.117592219849236,3.74118311401332,0.3389891120012609,1191.451378855524,1097.599067982087,1101.3350486373258,1175.5818137592903,-108.20307113252888,-548.0367013108587,1080.443692852434,-33.63556017205253,157.72667844507154
51.06,-2.840989283989765,2.3366227487309428,0.0872234790198782,-0.0074022630753891,-0.0823307823910685,0.0206407143919558,0.001350533834733,-0.002409560546334,0.039172169390223,0.9992242566964288,0.3758943838143172,0.2900189635341768,10.325119218384952,-0.0091079961494164,0.0001766152085231,-0.5623182872004826,9.117551648923804,3.74117889008728,0.337568448517329,1191.1010848775525,1096.0800142981368,1103.939307876402,1175.7062665647506,-168.79765795685563,-680.4927620523636,1066.4842566328084,141.75972538982182,157.72599436025325
51.0625,-2.4753707497767903,2.8563613021550776,0.0165165698540163,-0.0167347846956004,-0.0752354543885143,0.0206338184980311,0.0012696836550536,-0.0024231627033127,0.0391485313510201,0.9992242503383716,0.3716308116010452,0.2852221609457066,10.368168959331,-0.008173769328712,0.0010605697330723,-0.5616141699637098,9.117515360969984,3.741175717395965,0.3361467607413947,1190.6073905657406,1094.1966041718283,1106.667469920485,1176.2906123862388,-182.813351257694,-657.6923402201444,926.1668011472248,273.5881852362341,157.7252765835397
51.065,-2.0039538233789926,3.235282927054343,-0.0332967337492478,-0.0225408779622318,-0.0679261957250818,0.0205992019486517,0.0011719218450658,-0.0024252023529432,0.0391285597872807,0.9992237541176168,0.3647926285295335,0.2781988142548286,10.419195504655699,-0.007197463828156,0.0019686688248253,-0.5607275020184223,9.117485093793107,3.7411727224058526,0.3347245033158188,1190.1870181212648,1092.791552597039,1108.570141882134,1177.0742074909303,-162.8486994552608,-491.0575789685242,692.0283703050343,351.04087214463334,157.7247677188905
51.0675,-1.4078579303202543,3.5376166353294773,-0.0742016079477042,-0.0261462747264049,-0.0593395808422744,0.0204852420227523,0.00107016109753,-0.0024137128199777,0.0391119825724112,0.999222914795438,0.3553113451655768,0.2692006351275426,10.47767730809152,-0.006189254883377,0.0028849875583081,-0.5596326706268456,9.117461978286583,3.741170177508292,0.3333027050486842,1189.793147068464,1091.7413162769844,1110.127611772012,1178.045816746963,-150.19204698752722,-351.39909653548995,579.109483319575,396.41593146414107,157.7243553994801
51.07,-0.7450049483020974,3.764573987017332,-0.1081611329246094,-0.028278598425933,-0.0500829317675159,0.0202094293977025,0.0009791886151065,-0.0023852951967262,0.039106111218135,0.9992216888361743,0.3431254332338294,0.2585297783205848,10.5430096823646,-0.0051602544554542,0.003790239914447,-0.5583072918289154,9.117445413799361,3.7411687681475234,0.3318824985341657,1189.4360578863268,1091.0345571143607,1111.4656892987334,1179.0562871482523,-131.87233027095488,-209.481316210858,498.1962116104552,381.818767747456,157.72402594651336
51.0725,-0.0391418691865715,3.894320282185955,-0.1346969475406107,-0.0290025894403431,-0.0403182267348508,0.0196368709096731,0.0009141523746835,-0.0023408869362066,0.0391198004592627,0.9992200479878994,0.3283012343834805,0.2465130337224342,10.614513987600768,-0.0041282305757473,0.0046634360793967,-0.556732427296005,9.117434464882953,3.7411696090769215,0.3304650163664261,1189.1337854171095,1090.693909695931,1112.618592830062,1179.9549105856984,-119.82149129574516,-94.70790421632658,474.8394743084035,331.8370293297114,157.7237997093972
51.075,0.8152402660223834,3.9412313860170167,-0.1627690712284869,-0.0282382868371786,-0.0284204278312774,0.0187859517282311,0.0008858655237049,-0.0022822059077944,0.039155043112941,0.9992180241437976,0.3109550148802809,0.2334150204583775,10.69145546268082,-0.0031128946113842,0.0054868591166037,-0.5548927888572402,9.117429623955632,3.741173838673696,0.3290513911396281,1188.8369504298475,1090.5610175932788,1113.8398866702767,1180.7154722949017,-100.31729392175617,-26.112137975392496,417.5863306711245,206.91268700146213,157.7236516702081
51.0775,1.501455016299216,3.90077588367794,-0.1910354803420903,-0.0260742556920589,-0.0187303678300333,0.0182350959642792,0.0008897849017903,-0.0022056111226104,0.0392120456894387,0.9992152322989212,0.2911176364726059,0.2192035615802947,10.773064755199192,-0.002128027058719,0.0062581105722022,-0.5527767013040754,9.117431653274894,3.7411825868790487,0.3276427554479465,1188.6321989475007,1090.563349006054,1114.7065244834187,1180.9894740207064,-80.35774986477041,7.276276367390235,298.58321694282364,28.4523746342788,157.7236340860874
51.08,2.1162370265924775,3.798713494131449,-0.2380186827516542,-0.0218569011751967,-0.0093374761319809,0.0180526125414939,0.0009115085463143,-0.0020952495463092,0.0392886618345285,0.9992114822637366,0.2685857524128723,0.2036653158842179,10.858547497686901,-0.001173633925686,0.0069837241971584,-0.5503760558032266,9.117441323524295,3.741197065138511,0.326240241885544,1188.4351616805243,1090.5973989751155,1115.3328027549894,1180.8577341680727,-97.23861376682659,25.705992451399233,190.06912006256525,-136.581276488617,157.72372966341075
51.0825,2.712647412758549,3.635453259860335,-0.3297030433605243,-0.0141123343129461,0.0014048146695312,0.0181004707554826,0.0009408578606867,-0.0019408763628634,0.0393792138547382,0.9992069014005736,0.2433105638667971,0.1866917907047408,10.947076552386363,-0.0002556090660919,0.0076646803214486,-0.5476863023904398,9.117459213011404,3.7412185690639097,0.3248449830465834,1188.1460058786663,1090.6918789683111,1115.656870083732,1180.306567638263,-124.0654718276166,61.71217399493369,25.49664503566024,-243.6670068613357,157.72397894363192
51.085,3.052672609216162,3.4900432518283204,-0.4381997364344989,-0.0056847163094766,0.0095521658833468,0.0181846240473461,0.0009731911491269,-0.0017410398143852,0.0394764250229864,0.9992018637077804,0.215471764690452,0.1683078219042314,11.037802816865064,0.0006118089137533,0.0082957736142524,-0.5447064823499778,9.117485026376489,3.7412476081966175,0.3234581115252395,1187.814834321386,1090.9059598450904,1115.4602859801676,1179.6393991337657,-159.38986503884675,147.7211240989597,-193.42854745299832,-271.5212803666613,157.72430150726152
51.0875,3.201920640525932,3.362156275744979,-0.5690517570149131,0.0037763084035714,0.016743110748376,0.0177943598084408,0.0010144556444619,-0.001501120662751,0.0395759925068219,0.9991968130508898,0.1854435874217347,0.1487882711335711,11.129867665713142,0.0014092859082109,0.0088608917705005,-0.5414392809985928,9.117517202498984,3.7412832201449864,0.3220807599156749,1187.3490565534728,1091.4304845888053,1114.6897273464679,1178.9489612364307,-237.447365619952,345.8552177327014,-474.3568782680842,-259.5870091723136,157.72474664769507
51.09,3.1654280591823034,3.246805734919643,-0.7203514149757982,0.0146071712981948,0.024763369432292,0.016194149158695,0.0010739863606814,-0.0012275324478318,0.0396773912961482,0.9991922182623794,0.1536586273248284,0.1285110119304672,11.222421214765935,0.0021201451833838,0.0093415381965206,-0.53789075738889,9.117553213394393,3.7413236372723504,0.3207140608120527,1186.6275974932855,1092.6352359337548,1113.088501588826,1178.3414640879034,-284.95616061813024,563.8089849115503,-688.1216097116184,-152.24886322549935,157.72542722027532
51.0925,2.9827653517301798,3.1804746337755234,-0.8114264777968501,0.0224364709399343,0.0315117725529516,0.0137580528345744,0.0011559716806297,-0.0009266887095009,0.0397794219329759,0.9991887542890828,0.1205685259359862,0.1077685085357463,11.31463520722712,0.0027324794884726,0.0097266105952394,-0.5340698739986582,9.117589328849816,3.7413655563392303,0.3193591468085473,1185.9242757503814,1094.2495295133645,1111.249119297908,1178.187716920303,-286.02288271093676,789.6675063473955,-811.8377559673826,40.94618645898749,157.72612039670966
51.095,2.690427078459915,3.125283271748083,-0.8336513171454111,0.0290058787248789,0.0386762075196673,0.0104608890834093,0.0012591356403705,-0.0006050029876293,0.0398809645341957,0.9991870644967068,0.086635517107052,0.0867531744265443,11.405709457048063,0.0032393764748534,0.0100127981442631,-0.529988068776619,9.117620336337959,3.741405649417739,0.3180171504993216,1185.197483079732,1096.5835734654884,1109.0293128089927,1178.546195020198,-300.6068636754489,1190.2670701288848,-1016.4196314847488,287.4137993391635,157.7269499168689
51.0975,2.2722119540899803,3.035942967080703,-0.7635631724242115,0.0355505771316616,0.0475766554772615,0.0063485237605935,0.0013698910818005,-0.0002688888220878,0.0399809519801731,0.999187183568192,0.0523173656252676,0.0653921781856762,11.494877957578844,0.0036387708479347,0.0102113821153388,-0.5256586289060241,9.117644022699347,3.741442231719096,0.3166892044785385,1184.4212414320032,1100.200864864012,1106.1670211404817,1179.6247859169996,-251.70280124226193,1443.9707509100915,-1041.1650651848631,493.53043488974646,157.72811027951846
51.1,1.906419171570363,2.914238948591449,-0.632049390646169,0.0397842621416952,0.0550399112391276,0.0035661827267531,0.0014783904454247,7.524024725000937e-05,0.0400769586786214,0.9991887889680056,0.018073290720763,0.0437050391091907,11.581407537674613,0.0039317803986297,0.0103305132458318,-0.5210964738653425,9.117660228500675,3.7414768369876152,0.3153764408221244,1183.93896907352,1103.8034272200423,1103.823487483066,1181.013847194648,-144.13396549320544,1523.9117458961337,-878.3002954575552,625.8145711191681,157.72922062498583
51.1025,1.5586586056479952,2.713944029492316,-0.45550974292597,0.0431752180820469,0.0624404219094528,0.0020367164827531,0.0015844024177159,0.0004209706805132,0.0401627681049346,0.9991915508352072,-0.0156376451134281,0.0219405016326631,11.66460061618496,0.0041212932958122,0.0103688610431723,-0.5163176919490825,9.117670025224669,3.741511564057425,0.3140796194491795,1183.700571604538,1107.8204235934857,1101.7755196631979,1182.7538587725924,-49.97423966385385,1636.267486929209,-736.6727417891393,721.6009505860203,157.73048756325431
51.105,1.2433225517288524,2.43295281719002,-0.2737574027876645,0.0462467781798098,0.069486195577,0.0016122207169823,0.0016885283840536,0.0007618889378311,0.0402340602197714,0.9991945699843948,-0.0483696242578323,0.0003746468172215,11.743799324134615,0.0042114758067427,0.0103248200815997,-0.5113387180853017,9.117676008622553,3.741547938177785,0.3127984734275409,1183.6890978752008,1111.9847646546928,1100.1401237741184,1184.62185194758,47.77650326102332,1647.7794626981204,-525.0824155123197,738.9928028896832,157.73189063763047
51.1075,0.9806795629777068,2.047996243653732,-0.1228924414170624,0.0486441588835604,0.0757319914651373,0.0023276478154913,0.0017898204582808,0.00109158147933,0.0402941047287389,0.9991966723972656,-0.0796979330480419,-0.0207469333368238,11.818385692917476,0.0042073336174987,0.0101990475821959,-0.5061756819364471,9.117680976180996,3.74158737879508,0.311532560225492,1183.9394541208433,1116.0593209069805,1099.1501075856347,1186.448822787043,157.63899197923604,1706.3986330020327,-267.99545776045125,757.0585692652065,157.73346548668547
51.11,0.7390645725885308,1.47506159921145,-0.0086361824625461,0.0502910399070235,0.0818027060001391,0.0039763377162923,0.0018785372223263,0.001403634765139,0.0403475751428487,0.9991971189307204,-0.1092312944380769,-0.0413854920388197,11.88778010876757,0.0041146168994606,0.0100020568005327,-0.5008437863257094,9.117686469814878,3.741630610524581,0.3102814373113049,1184.4772928350963,1120.5167578196952,1098.800146485317,1188.4071447939027,222.55735836486093,1524.8483956074708,7.7473522479937325,663.7410499386775,157.7355627739365
51.1125,0.6019879196748337,0.9245092220236404,0.0272722284955174,0.0508210720951146,0.0851913944600142,0.0055075060507206,0.0019621824796846,0.0016916380344271,0.0403991464053682,0.9991957233639422,-0.1365898689772576,-0.0610969899454186,11.951438970034292,0.0039388086052255,0.0097284871823371,-0.4953575132302323,9.117690702557327,3.741675679998728,0.3090446621532521,1185.052240912668,1123.6835628850215,1099.1888443468747,1189.767528036738,240.1214002861388,1127.5662537161368,271.3402533258408,478.6539986839496,157.73748904169778
51.115,0.5205901206417207,0.3322172439942784,0.0227022247662685,0.0509109999927015,0.086817724806307,0.0066465739332254,0.0020610574501308,0.0019508854998436,0.040454365253126,0.999192602657388,-0.1614514255120214,-0.0791302207851469,12.008855127073923,0.0036870943065047,0.0093627694200601,-0.4897302833328933,9.117691101969731,3.741718757641275,0.3078217922196165,1185.6778998365276,1126.1545890882787,1100.1568477519472,1190.8004147873237,278.7585898610166,922.0536474929504,508.4107703930462,368.9965195662526,157.73960633483145
51.1175,0.4503790642783874,-0.3800870691685866,0.0218438853242334,0.0514270308206339,0.087212358550474,0.006499930820236,0.0021805028600521,0.0021812733413146,0.0405169237549792,0.9991878100045004,-0.183648856339736,-0.0950923919777683,12.059552867538043,0.0033718895111735,0.0089067400018804,-0.4839738053598278,9.117685086626045,3.7417578095670985,0.3066123849786705,1186.446033861972,1128.2938311224823,1101.7308981988378,1191.6125106345676,289.29138587226333,655.6436077258525,600.1369727898804,215.193981679412,157.74237327786548
51.12,0.3740093362535659,-0.9367596466560068,0.0689196816942515,0.0530773136155761,0.0864238440981977,0.0046071554533329,0.0023089201510266,0.002383466439475,0.0405795088141273,0.999181846334053,-0.2030787517080939,-0.1090178556840018,12.103083723245405,0.0030061685531665,0.0083806269582584,-0.4780981926781694,9.117672390425543,3.7417913681557065,0.3054159971286696,1187.1243567658896,1129.4328071269097,1103.157532615898,1191.8763846957213,295.40954560564734,338.33105327331367,539.28955264341,1.766728994106421,157.74487059935845
51.1225,0.2300079707344734,-1.4003434476007428,0.1998101798425612,0.0559560217792487,0.0841067078501301,0.0017971582757094,0.0024316700726386,0.0025581304570033,0.0406335876059064,0.9991756234178102,-0.2196677196602063,-0.1210400354128438,12.139026346825712,0.0026015307136326,0.0078083672336092,-0.472112485976045,9.117655154702865,3.741817805773634,0.3042315680654429,1187.9230815900007,1129.9854863888495,1104.4273459620563,1191.621344279538,400.0628304844668,125.24129794858275,467.65639631059247,-251.8271983787616,157.74756933246164
51.125,-0.0483475693502172,-1.7727278091269318,0.4397787891263322,0.0585572199790086,0.0786059758812984,-3.585212795015256e-05,0.0025338721841973,0.0027066041593387,0.0406743630530936,0.9991698084782396,-0.233383908756369,-0.1313222216640451,12.16698783195622,0.0021680992107773,0.0072140088754401,-0.4660251081397698,9.11763612929492,3.7418369167693104,0.3030564154643546,1189.12467091831,1130.059013616652,1105.4958145974488,1190.6172487038286,488.0494075201914,-61.530140979686195,287.3458069133334,-491.15999123081673,157.75104236977785
51.1275,-0.3592920458716156,-1.8758270461941051,0.6604172600232874,0.0582883795654275,0.0716455898983944,0.0012506960027128,0.0026067410756119,0.0028326321542464,0.0407014900731756,0.9991647392044302,-0.2442699411590405,-0.1399000298171665,12.186607258484916,0.0017154573162769,0.0066149354844709,-0.459844647984417,9.117617922845886,3.741850015122108,0.3018889753137418,1190.3633286275997,1129.6778356839516,1105.8640749966216,1189.1655443233863,533.498194082449,-235.04715439595907,22.664139001187554,-698.834528218419,157.7541323982563
51.13,-0.7238501743161888,-1.7277307009085514,0.8256422023269974,0.0552160928330875,0.0635503674556658,0.0052261396829097,0.0026484358278944,0.0029418129496201,0.0407140212279398,0.9991606853182806,-0.2524237084581982,-0.146660906700519,12.197561366600889,0.0012519244885054,0.0060207051508151,-0.453580846113257,9.117602927531411,3.741859569854908,0.3007304311390497,1191.7921618887235,1128.8837778446716,1105.6091352924548,1187.1230760627348,576.981627913506,-379.1462986948652,-203.35894852986317,-890.9121908448003,157.7574250776384
51.1325,-1.1202263704516227,-1.3835369764780323,0.8995653484554049,0.0513651255841542,0.0565361342719371,0.0098994044110304,0.0026565682434061,0.0030413134793464,0.0407146999490674,0.9991577482847535,-0.257995745948636,-0.1515239662457377,12.199569804868684,0.0007849611979109,0.0054396603234581,-0.4472455538754216,9.117591432176303,3.7418684355110177,0.2995819468776945,1193.2482367671687,1127.7821041904763,1104.8472802539718,1184.71098336916,539.1397279920867,-503.88864383253696,-409.46771214840686,-1004.4819557656452,157.7608845512108
51.135,-1.5648776337857655,-0.8701779990965096,0.8443897891644379,0.0484967836362066,0.0529283006600229,0.0139593750150941,0.0026348170225506,0.0031392524786069,0.0407074592401354,0.9991558648285302,-0.2611629477258805,-0.1542804012923355,12.192405188801663,0.0003208841369785,0.0048729665539516,-0.4408537472669248,9.117582260998836,3.741879172352239,0.2984461908672875,1194.4878605286815,1126.3643346255112,1103.5617967317148,1182.100666283911,422.1720564732209,-677.1665181079417,-649.7881682952852,-1113.1493066333167,157.76454265707017
51.1375,-2.1773811842964994,-0.1832793653602775,0.6484941682300213,0.0465545035273029,0.0532959079513225,0.0175371204028402,0.0025944830117407,0.0032380344855769,0.0406951414663201,0.9991547313130724,-0.2619605382235046,-0.1545643218646088,12.175906674810827,-0.0001404177028703,0.0043141553212828,-0.4344241680450762,9.117573965257655,3.7418922696414967,0.2973262975974697,1195.3590970495359,1124.3962715999348,1101.5983394124935,1179.1452368359903,170.6874519776684,-747.7821164013034,-756.7973348806157,-992.5347523571343,157.76915752418725
51.14,-2.747828704063224,0.3618117026348942,0.4137516693398595,0.0449099059735572,0.0563757714027137,0.019250188273796,0.0025493561905812,0.0033361901270432,0.0406764460055854,0.9991542621082165,-0.2603298801909109,-0.1519804336141815,12.149987777396284,-0.0006028912510165,0.0037544499146672,-0.4279794865083859,9.11756547530554,3.7419085709011193,0.2962245033079747,1195.3412977885705,1122.6254240435028,1099.7778100573098,1177.1379925221229,-191.6395615870366,-711.7843508942422,-724.7066625445993,-647.2818076880205,157.77318665744517
51.1425,-3.315539372016807,0.8134908139219125,0.161637197546755,0.0401120095552405,0.0601019199589396,0.0194499971344587,0.0025165501518885,0.0034351253263445,0.0406492619877723,0.9991545090840636,-0.2562833735118394,-0.1460797493536547,12.114642723942833,-0.0010680474701923,0.003182658230364,-0.4215461683780445,9.11755653637495,3.741928254105401,0.2951425306398956,1194.4008992416016,1120.8373498454669,1097.974806099774,1175.9088277975532,-621.2256269308914,-766.0726516016158,-746.8977253035334,-322.78161381738613,157.77740003521012
51.145,-3.8496453473885,1.2262586456812308,-0.0957084284047437,0.0279392329976974,0.0634859789784609,0.0180927131180266,0.0025052446075499,0.0035303877572587,0.0406141361360417,0.9991555983222158,-0.2497066092594753,-0.13664398614426,12.069957757810778,-0.001541754612209,0.0025957618534006,-0.4151539658130345,9.117548386697376,3.741948746067716,0.294080315845142,1192.2351696539145,1118.7950607854928,1096.0433214307902,1175.5240844530351,-938.2099742989088,-718.4753780808895,-649.3635360229607,40.68445560317479,157.78266058818767
51.1475,-4.061093402526301,1.4655087822652757,-0.2366835175186693,0.0136850060939784,0.0656209394736965,0.0162747125973085,0.0025191567356989,0.0036068592947199,0.0405663337362579,0.9991579006462734,-0.2402441527987753,-0.1236354502158848,12.016123024255617,-0.0020376835093589,0.0019970094685782,-0.408835376268255,9.117543228123779,3.741967366895656,0.2930372198482147,1189.7098493701046,1117.2449729550603,1094.7279884196575,1176.1122500755691,-1107.2899471192225,-580.6954902154582,-459.76842806727274,393.3464776552168,157.7872079830109
51.15,-3.951590639479555,1.5938585930277023,-0.2808483871271708,-0.0008510391546074,0.0686135611297232,0.0145684228326984,0.0025475971871011,0.0036512268992623,0.0405029976399984,0.9991613553438708,-0.2276197186270706,-0.10739578207756,11.953432630151056,-0.0025657909693924,0.0014025153806814,-0.4026251338478559,9.1175421284316,3.7419842393383225,0.2920121044057012,1186.6987199183231,1115.891583334418,1093.744479290456,1177.4908168413094,-1370.2326081504264,-551.67227834444,-373.8004728258509,729.3081319659357,157.79191719845383
51.1525,-3.460548692961204,1.5994492655374355,-0.2245255981719884,-0.0149494378242064,0.0738513022647,0.0129070902222369,0.0025722071867083,0.003660954491016,0.0404296751196584,0.9991655759835348,-0.2118494474431174,-0.0884683694769343,11.882290286740457,-0.0031249115066777,0.0008347775753086,-0.3965599183826175,9.117545031157,3.742000533956068,0.2910052099483607,1182.8586863293488,1114.4866115633367,1092.858986055527,1179.758790735401,-1402.2807924286656,-485.9716375462327,-299.4429378558212,885.737816601342,157.79774666699836
51.155,-2.814952648682078,1.4647224593564394,-0.1013575805481146,-0.0230173887627964,0.0789570808041849,0.0122214546532336,0.0025804553727547,0.0036415030722073,0.0403534776499287,0.9991701598548898,-0.1931598760489514,-0.0672817010395,11.803219514461423,-0.0037053493773589,0.000311819965988,-0.390677983692622,9.117551086774608,3.742016878235895,0.2900184789000305,1179.6873159561765,1113.4617251466857,1092.247264601176,1181.9195059243184,-1223.6023567069183,-391.65978215873264,-250.47025614017045,868.9721162298327,157.80274730690272
51.1575,-2.0273664158642686,1.1829268493530682,0.0746118953351167,-0.0275459213812043,0.0835450494407941,0.0126274248140061,0.0025610736668999,0.0036044169013514,0.0402760642051451,0.99917490083987,-0.1719458031748835,-0.0442661432313661,11.716867349937816,-0.0042899777655803,-0.0001487492188204,-0.3850185068754484,9.117557825141155,3.742033416225439,0.2890525303640878,1176.74067454582,1112.528312652545,1091.6066347748276,1184.103651316546,-1122.8885447865819,-365.1724403573049,-281.1069585259628,847.3394043823404,157.8078894999448
51.16,-1.19630426707402,0.7952566990503769,0.2752401248267209,-0.0298624187419431,0.086851403956525,0.0135065752697833,0.002506987052955,0.0035540467005098,0.0401944601560842,0.9991798019919756,-0.1484596636045285,-0.0197997145964802,11.624009394993355,-0.0048642339446178,-0.0005312241328495,-0.3796205850351475,9.117561453345456,3.7420491477952496,0.2881079146236993,1174.0728732322407,1111.6358629448982,1090.8417298085456,1186.1562029462323,-988.0524945775453,-347.54632822410207,-349.64636393670236,764.3415909532632,157.8131444593253
51.1625,-0.3817394807338588,0.3168881237351117,0.4891433668060106,-0.0303985768358485,0.0882248812113604,0.0144156564099973,0.0024243458203835,0.0034907916631947,0.0401085531233994,0.999184773860924,-0.1228899399142572,0.0060006203845384,11.525541968039148,-0.0054135335767228,-0.0008281589372301,-0.3745221053058922,9.117558542974765,3.742062199424785,0.2871847027548742,1171.8004120729297,1110.7905810114237,1089.8584029551432,1187.9253592713144,-901.5073140016297,-349.1254522288265,-485.2553619232688,696.3022811711164,157.8185301839124
51.165,0.5154249434191739,-0.305850291405982,0.7439576693059154,-0.0295464959926811,0.0876631022926203,0.0157073451338192,0.0023253291407572,0.0034193247771885,0.0400220252665786,0.9991895801425272,-0.0955632355429046,0.0331074140530698,11.422469264243116,-0.0059173211066291,-0.0010346204721917,-0.3697585694039013,9.11754721668194,3.742070354618375,0.2862829741271665,1169.5653366622366,1109.8902356837557,1088.4154529989314,1189.6377143520847,-735.32948266046,-295.5269454225652,-565.0121873240388,559.0015237542825,157.8251379157022
51.1675,1.1640835559557348,-0.8273011140769241,0.9392534700485132,-0.0276284314881113,0.0856009748131052,0.017363150537298,0.0022228042055056,0.0033410369285056,0.0399430024136853,0.9991938453283636,-0.0667753230661668,0.0614467396232261,11.315893683635789,-0.0063556193116923,-0.0011441372099165,-0.3653617052365856,9.11752715456952,3.7420713092701128,0.2854006023951839,1168.1237646596255,1109.31294628431,1087.0333420185216,1190.7203668900872,-487.94178506680106,-172.51293070726476,-574.4181840628033,373.5666590668551,157.83076059431951
51.17,1.6760695477601824,-1.3166028774731826,1.0923168810022599,-0.0242967274059347,0.0824554336330895,0.0198609532126615,0.0021279154987401,0.0032521125537952,0.0398788827803182,0.999197278723542,-0.0367536168779653,0.0908413614697977,11.207000755440877,-0.0067114122348889,-0.0011477449558124,-0.3613581611736527,9.117498396205711,3.7420631463092633,0.2845350181569288,1167.1256277369012,1109.0276710302187,1085.543362078616,1191.50554764742,-337.50168897248614,-32.22230584368137,-661.1445751613802,299.3399239347576,157.83649825479816
51.1725,2.0917084029267032,-1.840055614803373,1.1959569409349515,-0.0186012817973729,0.0778091857064486,0.0237307539298879,0.0020467637839983,0.0031506233440665,0.039836897711246,0.9991996124956776,-0.0058209402466185,0.120949114685435,11.09704100692655,-0.0069665874164167,-0.0010330527822761,-0.3577685275639831,9.11746127172528,3.7420454061374926,0.2836836520103955,1166.4362562147646,1109.1518347550918,1083.7276191427177,1192.2170665097597,-172.0758420681734,138.26098674651095,-659.0567282474051,237.56958305295157,157.8435091444796
51.175,2.2433530731701814,-2.208225807318288,1.1966461896428455,-0.0127319382390366,0.0727563289111581,0.0274887504980391,0.0019845400407266,0.0030339463684575,0.0398151434543633,0.9992009699171996,0.0256686910107018,0.1513641887196628,10.987309932332677,-0.0071052991569099,-0.0007887952550961,-0.3546064661506709,9.117416164717108,3.7420191755136174,0.282843934553579,1166.26524852656,1109.7189759639518,1082.2480784373772,1192.6933955626853,4.003895952926312,331.77561636049484,-576.7589550398276,175.15076739332605,157.8494505566914
51.1775,2.165749108412424,-2.490956183844296,1.0973933424369506,-0.0064242773393588,0.0662561844173042,0.0313528201631792,0.0019499870165377,0.0028983405182481,0.0398055875441768,0.9992017274604286,0.0573481222334556,0.1817262111364661,10.879123497548816,-0.0071157072179452,-0.0004092954053349,-0.3518781060348458,9.117364165300787,3.7419871226383186,0.282013296384481,1166.4562756945293,1110.8107128368952,1080.843824367517,1193.0928203467267,145.9802249629283,595.8961686340407,-597.9105658685493,152.33624170000652,157.85548730104776
51.18,1.7942276196966382,-2.7263516621961577,0.8714175732908953,0.0007120179256238,0.0575197891020814,0.0355311128700063,0.0019554005908503,0.0027449011932145,0.0398028429275104,0.9992021146316514,0.0887195863443911,0.2117331546630094,10.773793557077113,-0.0069870215568098,0.0001044751895194,-0.3495817929698643,9.117308363974514,3.741952166200409,0.2811891681010962,1166.995149651374,1112.698456807119,1079.2585256080372,1193.4550767711846,230.01725787141424,773.4555957567544,-565.653212749641,99.71391184148516,157.86283222121648
51.1825,1.2583340219743075,-2.8457574676415542,0.6162308446745784,0.0057659077743646,0.0500613850452239,0.0380280043477907,0.0019906432424157,0.002570017376373,0.039799755900304,0.99920245767621,0.1193516295534754,0.2405893617281486,10.672616508489407,-0.0067164405602637,0.0007624104299144,-0.3477078344780564,9.117252202798385,3.741917224888707,0.2803689803014196,1167.6063619838867,1114.6779908156807,1078.0155583037674,1193.5913899059344,255.9310332540972,847.271980325307,-481.86222757256377,-1.2553124436629275,157.8690296339744
51.185,0.5152665114509801,-2.9130257684943537,0.3330485232192453,0.0093727360476301,0.0428005790218587,0.0386221405359738,0.0020266626095055,0.0023704138361895,0.0397945252973804,0.9992028806658276,0.148788900216738,0.2671196162316393,10.576852776283484,-0.0063061146901297,0.0015819967436081,-0.3462385178243781,9.11719912336215,3.7418852172038393,0.2795501635834528,1168.2748048176452,1116.934816708748,1076.8492144701731,1193.4488002089663,262.9092446840904,919.6806645736337,-450.98560022243055,-116.48770890216518,157.87529716704307
51.1875,-0.3610923555055733,-2.965665844661691,0.059533976874019,0.0115987605107893,0.0361176936650983,0.037615921890002,0.0020393813410774,0.0021552627106521,0.0397925721414384,0.9992031677388956,0.1763365577144999,0.2903084249553276,10.48769440073989,-0.0057553547731486,0.0025713512780898,-0.3451484562308647,9.11715204347283,3.7418588521139258,0.2787301485451906,1168.920908207306,1119.276394138545,1075.760630302657,1193.008951361424,238.73950973669596,912.8435050248872,-405.1094551779034,-251.7272427053756,157.881615468278
51.19,-1.3251411242834803,-3.035681188216264,-0.177694601769035,0.011568903195163,0.0302210311965928,0.0358224681811024,0.0020242739862138,0.0019359775182742,0.0397967055758023,0.9992031833409843,0.2013042589751593,0.3096031582381255,10.406227704454382,-0.005067627973232,0.0037198443809987,-0.3444050223019395,9.117112273737426,3.741840227734929,0.2779063657846302,1169.4685023663276,1121.4990342338683,1074.8236671942855,1192.1901639954403,197.94616556104177,883.1984027061054,-350.51180687210285,-432.8774123482676,157.8879860416233
51.1925,-2.450355138734148,-3.1686467661978983,-0.4191289445717315,0.0070451723976627,0.0230995835270381,0.0344376101301815,0.0019872880257729,0.0017239654579238,0.0398084162322062,0.9992028538827944,0.2230581513696859,0.3247202750706214,10.333412347785426,-0.0042509532536459,0.0050052165251094,-0.3439691885815996,9.117080356889016,3.74183104596132,0.2770762471084303,1169.910639035112,1123.6923861520777,1074.008071268296,1190.8445642996817,106.75704629046773,672.6610013699625,-222.3478955383825,-530.2114082827318,157.89567972077944
51.195,-3.244833124441279,-3.322285939684187,-0.5978144739053435,-0.0014512853785399,0.0162553453318266,0.0343448774771376,0.0019335469719012,0.0015269212521388,0.0398316626126672,0.9992020378672674,0.2410998395319743,0.3354138209794202,10.270066751562576,-0.0033190741694464,0.0064022780513333,-0.3437965443473159,9.117055698499763,3.7418317812688313,0.2762379338345251,1170.00228759778,1124.8623392407198,1073.7119277165928,1189.5391069540256,-50.33983959911014,273.1077021069024,-9.511222041428036,-526.5853095134177,157.90212366656314
51.1975,-3.7602293885623888,-3.5035041993641385,-0.7637747237471487,-0.0138483801052868,0.0081748600380226,0.034352087935389,0.0018840937184182,0.0013403199956454,0.0398713191505921,0.9992005483336376,0.2552590004067165,0.34182349040228,10.21683398503786,-0.002296791229189,0.007872441428645,-0.3438388069470513,9.117037232006867,3.7418419123757034,0.2753914701049714,1169.6589398371163,1125.0579246626107,1073.9605151580888,1188.2116377521168,-285.47928794572675,-187.4810490072328,256.5402659142416,-559.211213403601,157.9085915674728
51.2,-3.965259588729285,-3.723482880166745,-0.932072782855352,-0.0299829491446962,-0.0023366207568834,0.0328205333526587,0.0018667677331071,0.0011515971157921,0.0399306392759388,0.9991982497315568,0.2656004182260343,0.3442976415613046,10.174176552930891,-0.0012161168890836,0.009370662101028,-0.344045365786909,9.117025021884206,3.7418609759867536,0.2745372157254256,1168.5748911580508,1123.9249339956832,1074.9946290461648,1186.743050887006,-524.1890268331236,-656.9085741597796,502.27162367152,-509.4744518370712,157.91636937038788
51.2025,-3.7826540903353503,-3.8881817072755633,-1.018022414640136,-0.0423993611254251,-0.0113484139689709,0.0299945434580493,0.0018906354070536,0.0009520605361785,0.0400080654194928,0.9991951836248912,0.2721642941381261,0.3428962396964625,10.142395419514862,-0.000106883509886,0.0108634227296813,-0.3443641829860705,9.117018731481544,3.741887904375252,0.2736755305015514,1167.0379947029496,1121.7733817918104,1076.4718732764477,1185.6642654929303,-741.9012736388065,-1095.1117743772963,698.5558562517313,-407.92677080867907,157.922856171509
51.205,-3.2836775740355275,-4.009978188999657,-1.0115461498880676,-0.0523289413015448,-0.0203419248810513,0.0260240320380545,0.0019479602344891,0.0007546743244375,0.0401017131318432,0.999191403505722,0.2746198982934833,0.337457501962635,10.121634933380863,0.0010160561653846,0.0123276350527066,-0.344742601599309,9.117017568508638,3.741922099519575,0.2728067742239995,1164.86538478986,1118.4493751238017,1078.4874083274203,1184.7034170329644,-1067.3934398139404,-1674.7277806874608,966.2865607788776,-415.3985653433813,157.9293385339527
51.2075,-2.426835426333497,-4.074459659113528,-0.8766675200430323,-0.0606552435537148,-0.0314074634411228,0.0208511741666216,0.0020135712091897,0.0005896471245954,0.0402115917515337,0.9991868938400796,0.2723625735143981,0.3275859623481041,10.111879688739874,0.0021504050068988,0.0137518220430973,-0.3451278518011106,9.117020096350243,3.741963439901532,0.2719312981936076,1161.7010275038772,1113.3997428883688,1081.3033060803443,1183.5872726662124,-1211.9974053746027,-1965.197197163156,1058.0748158311096,-418.1752209829162,157.93710079757432
51.21,-1.587647659953404,-4.030769428295361,-0.6688626073187228,-0.0647847282223722,-0.0414285096816477,0.0173051527761131,0.0020667661228286,0.000475654470799,0.0403371348561813,0.9991816762502282,0.2651086740587408,0.3130707468915505,10.112922103171867,0.0032862460486262,0.0151223789745133,-0.3454683715843898,9.117025666070058,3.742012655596704,0.2710494310661498,1158.805397762984,1108.623389137981,1083.7777824065784,1182.6125409280487,-1155.8078814689047,-1943.341471291472,968.4124530867105,-410.12646703225994,157.94354758212737
51.2125,-0.7199205314070704,-3.8505302832358623,-0.405566474761065,-0.0668034781848312,-0.0525641399872374,0.015988088045293,0.0020976547568946,0.0004196966397115,0.0404796018234442,0.9991757072233945,0.2528985404621487,0.2940045727268728,10.124361735099088,0.0044059053544313,0.0164197263108139,-0.3457151250393002,9.117034951334784,3.742070231499892,0.2701614980640744,1155.921988096538,1103.6830355319203,1086.1453683457737,1181.5366403310527,-1111.8821496999085,-1943.961268478876,900.4199857200942,-447.5469467381101,157.94996296931285
51.215,0.1046636601211725,-3.542895640563902,-0.1407722123181837,-0.0671092351450219,-0.0637995133059486,0.0165581905264753,0.0021062784406677,0.0004270956550018,0.040638198154806,0.9991690263847368,0.235886036831863,0.2707686259192894,10.145621386125654,0.0054908487878827,0.0176192694159376,-0.3458226432261555,9.117050277731572,3.7421362467749786,0.2692680844783369,1153.2459870144817,1098.9035827955815,1088.2798823351811,1180.3748061943572,-983.1376066148525,-1819.4877445359691,777.0640390059841,-478.3244757061138,157.95634626062017
51.2175,0.805553813419231,-3.095549019116433,0.0807676273192454,-0.0649645043256414,-0.0734308650291173,0.0181410582358468,0.0021033001926422,0.0005024302868731,0.040806185356938,0.9991618972780916,0.2143131221740125,0.2440420841604262,10.175962604090156,0.0065224808026889,0.0186916546610693,-0.3457500290686427,9.117073537203444,3.7422104888124617,0.2683705106188149,1151.0063000634611,1094.5855968092355,1090.0306885408056,1179.1450179525211,-854.1874283477719,-1756.0495042047987,675.9987445390616,-545.7896139244856,157.9626841158639
51.22,1.4263247857001475,-2.454630140011598,0.2670238718190635,-0.0595097079737782,-0.0815180696782014,0.0199540943614256,0.0021047036192245,0.0006457446239244,0.0409724858460041,0.9991547813148411,0.1885786985335055,0.2146829804697341,10.214507185693233,0.007480380052124,0.0196073120141907,-0.3454616544247279,9.117106394699976,3.74229226768882,0.2674702257313559,1148.9750498727467,1090.1233352745655,1091.6598760578736,1177.6458581247373,-626.0310326065318,-1511.3273669259343,527.9945764342783,-549.6720207688129,157.9702290434321
51.2225,1.7235677925053463,-1.8888054867771051,0.3533470636057736,-0.0530845531605033,-0.0852498856046314,0.0211145754785006,0.0021204269444739,0.0008464291127151,0.0411308483391098,0.9991479981555684,0.1593535247839944,0.1834777643132911,10.260263499685786,0.0083397972369855,0.0203450858213226,-0.3449274315714231,9.117148462186998,3.742380028848764,0.2665686790618074,1147.8761449004269,1087.0289599746022,1092.6706614229784,1176.3966578486757,-318.2757926829445,-1121.4016363503736,353.3699043043282,-502.9136810282736,157.97646075397972
51.225,1.7868997791581247,-1.343884522345712,0.3777069449892734,-0.0458887916921092,-0.0868915323939239,0.0219690772398781,0.0021494085408384,0.0010797445588713,0.0412817041293065,0.99914166238569,0.1276428238210912,0.1510218954169822,10.312150994563844,0.0090707740004727,0.0208962365433576,-0.3441230871328868,9.117196826995047,3.7424715915665634,0.2656673198560246,1147.3836709093312,1084.5163270928108,1093.426725579396,1175.1312897195946,-92.11896774353784,-999.2010167851724,300.6405191663368,-571.5270444141165,157.98262884078474
51.2275,1.6456099261835624,-0.7384595415716755,0.3507413557349939,-0.038362248978076,-0.0881248156149657,0.0229332511078276,0.0021832927283941,0.0013156914111952,0.0414237894050324,0.9991360164842004,0.0945990386431489,0.1177874298592037,10.369024713755843,0.0096449342339866,0.0212620284128789,-0.3430304429909208,9.117246653796979,3.742563512249729,0.2647675973598551,1147.4155500617096,1082.032954890681,1094.1738640188087,1173.5390226266077,97.21641023615604,-844.6387097344312,261.7477642584188,-605.251950438887,157.98995070577945
51.23,1.421721959424395,-0.2667733366363917,0.291967320597373,-0.034097812113303,-0.0891421472886515,0.0237898585316598,0.0022148383855667,0.0015415352666147,0.0415509116347924,0.9991315020072044,0.0610523291179208,0.0842976783271504,10.429698670847731,0.0100510769178332,0.0214473289442886,-0.341637480830868,9.117292835165095,3.742652137943952,0.2638709608191465,1147.869752960512,1080.2931335441365,1094.735464400689,1172.1050299673987,242.57993378233877,-651.6622128709364,217.3898140938288,-604.8025359969504,157.99598086829164
51.2325,1.1996393062452189,0.1938706845303486,0.2080107261987548,-0.0321278130621904,-0.0898872162758763,0.0245257584335345,0.0022409897369059,0.001748014351715,0.0416601672034143,0.999128325617354,0.0277830602236054,0.0511629341965387,10.492963682310789,0.0102856547958024,0.0214583519154655,-0.3399386800690394,9.117331162664842,3.742734656739208,0.2629788594797539,1148.628449730622,1078.7746438263243,1095.2608130892784,1170.5150099466211,367.02043193251205,-636.6692656471392,211.58195411695633,-742.7838334454397,158.00193038528175
51.235,1.0591029208631875,0.7556630565616897,0.0948737733415906,-0.0318778624783287,-0.0899028571262532,0.0249673711834123,0.0022567680174775,0.0019258660564827,0.0417559951729088,0.999126269736866,-0.0044262944336969,0.0189374154539,10.557612016314724,0.0103498238478928,0.0213061073287319,-0.3379347335196461,9.117360462837048,3.742810543192764,0.262092742587525,1149.704855120173,1077.1097872159037,1095.7933741712727,1168.3911108001748,394.76117876077114,-591.7097857896052,161.020768733269,-818.7248975978849,158.0089679659135
51.2375,1.112033447950905,1.2341594749871925,0.0034969118498846,-0.0327748560646493,-0.0887904840242968,0.0248505473346853,0.0022659761041471,0.0020652494117197,0.0418395355618257,0.9991251497146084,-0.0347848646385569,-0.0116674010364262,10.62245889389853,0.0102469887410107,0.0209985196781379,-0.3356328413394955,9.11738221707688,3.742880457931229,0.2612140593883072,1150.6022556244268,1075.816094897375,1096.0659169329451,1166.4213854586299,330.98173104373365,-498.94557870554246,46.38745481781726,-834.7473607861779,158.0147407774924
51.24,1.3692879681660068,1.7070089101052832,-0.0711189284305041,-0.0336891541050147,-0.08607474219321,0.024327644103622,0.0022744156183994,0.0021595309675706,0.041905571048781,0.999124968886601,-0.0625906624021957,-0.0399327034675959,10.68636615268008,0.0099841736394713,0.0205443219608978,-0.3330460373392238,9.117399838656008,3.742947803629184,0.2603442591279558,1151.3597637753924,1074.6150593223747,1096.025311445362,1164.2173739962418,266.93360925620885,-460.64161959258,-87.09159818571342,-925.2129164917961,158.02040909422294
51.2425,1.7710338901525475,2.149808639826207,-0.1256832239285108,-0.0333084858533619,-0.0818436061217553,0.0237662596174787,0.0022770011438825,0.0022154167781899,0.0419557398950967,0.9991253378457436,-0.0874728228700155,-0.0654101029086043,10.748258610586888,0.0095787526747526,0.0199606774492136,-0.3301920746289841,9.117417281978327,3.743016854116689,0.2594847910523183,1151.9369236707066,1073.5128867994142,1095.6304589420167,1161.795320876175,185.62199599036427,-407.8241565216291,-257.6328341097497,-1024.8485271465356,158.02598325639988
51.245,2.262895183810529,2.516889846395906,-0.154287831175497,-0.0297685694960857,-0.0760091346087549,0.0234147733372819,0.0022662560717384,0.0022445443580536,0.041997703468239,0.9991254812179938,-0.1092226822408962,-0.087761203858178,10.8071386498127,0.0090520244486151,0.0192677121206353,-0.3270935281552964,9.117437691143188,3.7430883714534846,0.2586371044072424,1152.287873755345,1072.5759385397655,1094.7371472748123,1159.0931313605065,115.54860717822976,-361.2342506188696,-509.6826765873751,-1247.1588607034375,158.031433999037
51.2475,2.8065120948268087,2.818691853284661,-0.1592853331966709,-0.0214870401238863,-0.067723979018396,0.0230495866378322,0.0022461467591164,0.0022590269936783,0.0420388351906889,0.9991246813048208,-0.1276954937434034,-0.1064722535595979,10.862104273953536,0.0084257813811021,0.0184801846413643,-0.3237778544581234,9.11746039565424,3.743159209219352,0.257802648438583,1152.514666706598,1071.7067155463187,1093.0820455590788,1155.5595265726547,65.43133700776292,-268.47753587327907,-691.5431550772078,-1326.3617867392225,158.03781872587567
51.25,3.107649554733196,2.922508026498028,-0.1390204837219775,-0.0118939084549786,-0.0599241523653768,0.022558982852829,0.0022238117150664,0.002269435708784,0.0420855548318115,0.9991226862745096,-0.1427796926190521,-0.1210389401757477,10.912364187240208,0.0077216704018032,0.0176135818962956,-0.3202763168331143,9.117481879528967,3.743226320487992,0.2569828723921879,1152.6150304403834,1071.2335508604003,1091.2794314994296,1152.4613224268164,33.29688040879164,-131.05680481378937,-780.8279076108017,-1232.713838201546,158.0429995131694
51.2525,3.145588770475022,2.8471693325243628,-0.0937954307289309,-0.0003604358265067,-0.0516072100551925,0.0219682291597273,0.0022083369085857,0.0022802450253346,0.0421397727623475,0.9991193408338596,-0.1543010159357457,-0.1310048035940269,10.957249916589136,0.0069584996286368,0.0166851947023581,-0.3166230822542029,9.117499581989598,3.743288265540384,0.2561792255139072,1152.6811511086419,1071.0514315222504,1089.1779060210283,1149.3959573816524,15.257051298741697,-9.692110765440292,-952.578669165736,-1281.2732509497703,158.04802429846148
51.255,2.8347755689734555,2.544907862129468,-0.015829608344032,0.0141104239222673,-0.0420730773670475,0.0212755713162579,0.002204065977822,0.0022843003891535,0.0421964032161261,0.9991148467398978,-0.1619069733713475,-0.136120245909913,10.996223641476677,0.0061489772863573,0.0157182353034978,-0.3128539626048251,9.117513371979314,3.743342997856257,0.2553931561544258,1152.6913156968772,1071.185090306573,1086.5165381535985,1146.0549561720643,-27.265181617881048,106.76212615798244,-968.6940632644157,-1123.4175246734303,158.0538619505793
51.2575,2.3040618319925694,2.1335563001831748,0.0598228585071266,0.0246051264984577,-0.0351756617394917,0.0207382152085726,0.0022026691134611,0.0022586239517499,0.0422473470924087,0.9991100239091332,-0.1649818307426485,-0.1365265223147807,11.028881213131132,0.0052976125673581,0.0147460163001153,-0.3090049711261992,9.1175245616662,3.7433883988920225,0.2546253298997083,1152.5448252005524,1071.5852421530408,1084.3344357047035,1143.7788697582823,-126.84598600519789,213.2568277474668,-832.8947520029332,-759.8135577039191,158.0585585849199
51.26,1.598081408622816,1.5998204244348817,0.1273274327850999,0.030787181294345,-0.0303996488167421,0.0207797597900092,0.0021983823555274,0.0021825176999355,0.0422804063416875,0.9991057900078298,-0.1630318523314746,-0.1324069708416019,11.054948556660428,0.0044116815464292,0.0138008030136086,-0.3051113135165646,9.117535165714019,3.743423146488942,0.2538741963146307,1152.0570857668515,1072.2513744453095,1082.3520643935876,1142.255888383548,-337.63949906584463,338.60132036753345,-795.9706788451078,-464.08732581534326,158.06307186005327
51.2625,0.7331768291380604,0.884622652799067,0.1688580268194173,0.0315507972152192,-0.0281172871800986,0.0221897725638558,0.0021922771360788,0.0020402742293743,0.0422875140437283,0.999102733996732,-0.1557483257961721,-0.1238832352303714,11.074277245949924,0.0035028289679494,0.0129100741025671,-0.3012062750223983,9.117544414125629,3.7434476307363735,0.2531378152391927,1150.8566277052223,1073.278248754879,1080.354582310476,1141.4584331292046,-565.2192323111032,398.01234339950145,-653.5544078895622,-113.0882716477903,158.06826627103732
51.265,0.1284244694403181,0.2699214029556155,0.153198386485716,0.0279157332030328,-0.0284960947070046,0.024047601252641,0.0021841530925123,0.0018260775387303,0.0422680273278029,0.9991010309213708,-0.1431273287479981,-0.1111826800788772,11.086834383554528,0.0025899798906914,0.0121003188484304,-0.2973200564637348,9.11755037166047,3.7434631417474096,0.2524140662998687,1149.2309896052948,1074.241436162308,1079.084292354138,1141.690447025309,-783.3632384149344,383.91290985581134,-417.7348156575752,269.5590239042936,158.07240389316848
51.2675,-0.2577650022312172,-0.3365811104301095,0.0838464198460304,0.0231952629651618,-0.0295640078001676,0.0255563032417217,0.0021720200037172,0.0015434340762326,0.042226711283606,0.9991005689698064,-0.1254565947008844,-0.0946447302278075,11.092695134801172,0.0016982740944612,0.011396308851821,-0.2934792748521942,9.117550861350782,3.74347109186422,0.2517003258512461,1146.9398115131512,1075.1978133041566,1078.2659082321902,1142.806228248725,-1127.1226837067532,388.29945257069227,-258.9905488333937,661.802218825849,158.0763361191584
51.27,-0.4513336949708247,-1.051444626610526,-0.0350257650913183,0.0186685454900874,-0.031011415185302,0.0262571348362836,0.0021599507147447,0.0011972316165827,0.0421693127417304,0.9991011520874692,-0.1031263797790101,-0.0745472877981124,11.092037457863093,0.0008532466500579,0.0108158568153958,-0.2897070050332599,9.117543788379889,3.7434731983244456,0.2509944539458145,1143.595376186758,1076.1829334251624,1077.7893396099705,1144.9994581194399,-1274.9287813858089,310.7465026920865,-101.08857609056317,908.5713891250989,158.0808100995096
51.2725,-0.4271722909014933,-1.6370644274157573,-0.132210777905377,0.0166345069591019,-0.0330016061889062,0.025888626531765,0.0021525857587804,0.0007965074826247,0.0420959221928397,0.9991028206969416,-0.0766873594526861,-0.0512171142858048,11.085130169685378,8.152218403004299e-05,0.0103724625038797,-0.2860227415786583,9.11752764278867,3.7434712919181607,0.2502959980428758,1140.565167606219,1076.7515458176179,1077.7604653517371,1147.3490851943527,-1182.6284445436456,150.13758104469173,44.65544377725988,990.4763377148723,158.0843300144326
51.275,-0.2893985742842279,-2.199556638778729,-0.1869902814688511,0.0168485836271913,-0.0366660649866824,0.0248499852706142,0.0021494399614629,0.0003614841871401,0.0420032108926968,0.9991058213018827,-0.0470025936631703,-0.0251366120439115,11.072322116221995,-0.0005862505648581,0.010077916065336,-0.2824426054337246,9.117501613290631,3.7434663318061903,0.2496046529663009,1137.6822339640453,1076.9336213303852,1078.0126168288566,1149.9518398080097,-1066.4357973314056,-3.678463750609745,128.5634188944893,1035.0103920601828,158.08762919058643
51.2775,-0.1171481315677577,-2.720076649201205,-0.1811813122150658,0.0183918532142643,-0.0420646636225552,0.0235757156269227,0.0021535514814068,-8.575009875276582e-05,0.0418957298605572,0.999110131945417,-0.0150200385852562,0.0032532628645269,11.054035551595236,-0.0011222197626225,0.0099372892038916,-0.2789798658090333,9.117466472940256,3.743459756930709,0.2489201180969189,1135.2329886195591,1076.7331534988648,1078.40328244621,1152.5241371546563,-814.6971309310553,-175.1152473736979,165.2768661873843,965.2080990454189,158.09074270216632
51.28,0.0479366653673224,-3.1520819413367978,-0.0827668257518473,0.0204159098254534,-0.0495146180239121,0.0222734844717817,0.0021701679081566,-0.0005231072039323,0.0417817781185387,0.999115489156642,0.018284223931892,0.0335327485869025,11.030754974928328,-0.0015037251985902,0.0099497567571801,-0.2756451697227875,9.117425152625774,3.7434550703288383,0.2482421797515436,1133.608748309388,1076.0580450935163,1078.839001159794,1154.7778803032393,-481.9917910944532,-391.7926605746214,173.46510142590293,857.4202952966128,158.09362998609612
51.2825,0.2154178164424174,-3.520266181517755,0.1496726931060629,0.0221974800450319,-0.0604838833331992,0.0209203192976562,0.0022043457335123,-0.0009285056106231,0.0416683287432202,0.999121325309318,0.051919945573453,0.0652620134668416,11.003015720940393,-0.0017142835700287,0.0101101403977345,-0.2724467299669825,9.117382788636226,3.7434555508027807,0.2475706389605996,1132.823029664089,1074.7741901959935,1079.2706079533386,1156.8112386311354,-92.89451560866632,-526.5943292730788,127.88880465875815,602.7417466699361,158.09683119630785
51.285,0.3362498486100783,-3.678008762430677,0.4286336244584202,0.0226474917666289,-0.0707812637685939,0.0202395288490012,0.0022558196852104,-0.0012837376992499,0.041558459723236,0.9991272750249788,0.0849775299762228,0.0978782433257507,10.971393595856208,-0.0017459571830826,0.0104122654632469,-0.2693904107939664,9.11734404945403,3.7434628140496016,0.2469052967545117,1133.1442757313444,1073.4250734471495,1079.478445183088,1157.7915890365905,303.4777050424776,-560.9111553331645,44.518034442285135,224.41406495856768,158.09927854381166
51.2875,0.4538138522060041,-3.676709541727032,0.7631124507736275,0.0221162745868983,-0.0809165819589452,0.0205434431809713,0.0023110374780959,-0.0015809727320608,0.0414595303526394,0.9991329064666674,0.1167777338646696,0.1305289578039347,10.936495793802926,-0.0016020284736329,0.0108539918709735,-0.2664796961812688,9.117311473917285,3.743477966574529,0.2462459541637104,1134.3404181893022,1071.9696344193262,1079.49319812555,1157.9333089559289,673.359419043912,-621.6306417273441,-30.475183127855846,-133.51146328567074,158.10149723087247
51.29,0.5923168937680175,-3.518439130157886,1.1645510050088554,0.0215597613447008,-0.0914239470383498,0.0229138649429166,0.002348260513517,-0.0018141003356397,0.0413838374521982,0.99913764585221,0.1466989015837184,0.1622056675657689,10.898951662784366,-0.0012914043241177,0.0114348697636753,-0.2637159584574487,9.117287246865843,3.743501549765462,0.2455924122186203,1136.5110728265608,1070.3169202385156,1079.3260692674487,1157.1240317201627,872.6298474960087,-566.3191877977001,-76.90135444764269,-449.4269866358056,158.10389669011587
51.2925,0.6837950749123589,-3.2863698760712765,1.4420246742220415,0.0224540220654838,-0.0985799260896518,0.0270122794190791,0.0023521415130421,-0.0019776748473061,0.0413412057324785,0.999141025336484,0.1741755865852547,0.1920752996350843,10.859397898935308,-0.0008273431331338,0.0121492671691248,-0.2610989219530964,9.117272882699556,3.743533552397405,0.2449444719496663,1138.7035674267845,1069.1380384803363,1079.1086913533115,1155.6861740227487,906.0465092377312,-418.3324391676385,-76.8710382180932,-708.7748436109918,158.10567910869318
51.295,0.7046808109321553,-2.979590871219522,1.598120956661322,0.0250686160653179,-0.1046833484313334,0.0329241036091775,0.0023111285880838,-0.0020710471677375,0.0413396064837211,0.9991426481194348,0.198792674219289,0.2194267232731343,10.818466332116872,-0.0002281342688528,0.0129889521701583,-0.2586267874952748,9.117268233585008,3.743572733366456,0.2443019343872787,1141.0413053727518,1068.2252580426764,1078.9417140763583,1153.580157502106,1019.3426512502076,-350.11172297490714,-27.765122771122847,-1039.7711470570264,158.10723969324323
51.2975,0.5983914506011743,-2.5348664986888143,1.6076640359818286,0.0287634864906003,-0.1117179816558806,0.0405685543593346,0.0022261132638703,-0.0021037099104968,0.0413793002427434,0.9991423662345792,0.2204079736540726,0.2438596707211946,10.776765374621016,0.000481334108861,0.0139397124265167,-0.256296693335991,9.117273178841632,3.7436175001953265,0.2436646005618823,1143.800280683031,1067.387479865463,1078.9698657394563,1150.4873182874683,987.1870995574634,-284.3288537437639,69.15444019988271,-1192.8925028929634,158.1088615594527
51.3,0.3812661811098068,-2.093080384166686,1.4739457231257669,0.0314329357465304,-0.1174983200973798,0.0461166091737748,0.0021143746465012,-0.0020957347261766,0.0414538849925503,0.9991401975671664,0.2391624621327461,0.2653693409873373,10.734864645278437,0.0012707952245298,0.0149802594966467,-0.2541052024737356,9.11728721169853,3.7436658495304367,0.2430322715039019,1145.9772408705417,1066.8036137739568,1079.2874862773579,1147.615694987638,842.0543414111547,-240.0667683699021,199.81180832745633,-1166.1892122679492,158.1100092098409
51.3025,0.0328378882099928,-1.564373171122788,1.2375756341999595,0.0331288241822823,-0.1227472512062851,0.0499071239676376,0.0019995218808216,-0.0020759116159403,0.0415535094747207,0.9991363370028878,0.255428953646104,0.2841286766535905,10.693292066633832,0.0021071859371744,0.0160878755279536,-0.2520484178750342,9.117308469239456,3.743715707243101,0.2424047482437678,1148.0105523900888,1066.1871460236132,1079.968924781094,1144.6563722261255,795.1475640601485,-271.6316691895569,328.2875301131556,-1168.19699131708,158.1109525293899
51.305,-0.4058157907691294,-0.9604353668755116,0.9654015209032232,0.0333850426417403,-0.1271594571265692,0.0519938045847817,0.0019058233143564,-0.0020742962121871,0.0416675261322992,0.9991312875896013,0.2696461590483739,0.3003725441787535,10.652536102408035,0.002959613675659,0.0172411055972229,-0.2501220607908571,9.117334430367103,3.743764999204627,0.2417818318119048,1149.9529786908388,1065.4454554280103,1080.928923927922,1141.774710031058,762.7157764966531,-337.8254814521006,429.81779533143543,-1103.4905043224892,158.11173276403505
51.3075,-0.9166835542041348,-0.2790776469696833,0.7096022765414018,0.0317759573580982,-0.1297945322597705,0.0521678316853228,0.0018533847732986,-0.0021158611631791,0.0417838106850175,0.999125643781886,0.282178259315844,0.3143025891821617,10.61305049538588,0.0038031078363806,0.0184215860369028,-0.2483213830026735,9.117362499786273,3.7438116538212576,0.2411633232387377,1151.824131272574,1064.4980186163518,1082.1180137577524,1139.1389197045103,806.9742394441582,-456.36265188876973,536.2690135616034,-1073.1049814020903,158.112325038238
51.31,-1.560498003783458,0.5862923287979359,0.4738384912771881,0.0282251704076253,-0.1297325278416805,0.0513751117919241,0.0018508344043278,-0.0022081717213615,0.0418908990597752,0.9991199641915812,0.2930503126024106,0.3259455244193719,10.575266060649852,0.0046249219395509,0.019616556832646,-0.2466407469748304,9.117390082201762,3.7438547752374545,0.2405490235546969,1153.9878498880616,1063.1636421685653,1083.6102689957315,1136.4091851240448,769.7654973164115,-502.55592967655735,527.8506699024346,-914.8417066559568,158.11283034372178
51.3125,-2.0842080058271986,1.306033603767073,0.34760872196611,0.0240297191547464,-0.1268559827443764,0.0509013362513742,0.0018980633627593,-0.0023474940815063,0.0419824870756421,0.9991145861162593,0.3020877085767407,0.3352082888047456,10.539586314465755,0.0054211038799187,0.0208164827012824,-0.2450735381746508,9.117414582318377,3.743896508710791,0.2399387337902071,1155.6729587591526,1061.985238967971,1084.757267107262,1134.5647111712346,627.7823122561838,-455.3957365004002,411.09293837708816,-641.4074095289301,158.1130889288152
51.315,-2.5484138100172222,1.9785816045641635,0.2777289753918891,0.0182344954969254,-0.1218521955877893,0.0512054805415121,0.0019769961857229,-0.0025246539713554,0.0420525988866397,0.9991098390360184,0.3090298256967611,0.3416850552493748,10.506390546059396,0.0061928584372919,0.0220187704368424,-0.2436116235706633,9.117433405494047,3.7439394846666456,0.2393322549756949,1157.1267614493397,1060.8866634860651,1085.665733687615,1133.202148076403,555.5259022813401,-436.44453209035834,331.03683239306866,-489.8999898271308,158.11318911460876
51.3175,-2.9848816639050786,2.695921205040813,0.2199302156915932,0.009268025844244,-0.1143157899800817,0.0524104073294818,0.002066050926032,-0.0027202409181089,0.0420996612385571,0.9991059035637944,0.3134448032723715,0.3449674943281078,10.47602306769088,0.0069476969503737,0.0232199449366786,-0.2422457057097,9.117444584266291,3.7439863335303953,0.2387293881415853,1158.4505882705607,1059.8030163075184,1086.4124512692283,1132.1152112220975,394.6299066809188,-347.1790934221687,220.62989894750527,-313.42201597646965,158.11313802145662
51.32,-3.218120914061254,3.2053505346567124,0.1648801350938926,0.0008023554081523,-0.1070512577351607,0.0538729368260882,0.002145391045604,-0.0029132003405983,0.0421349605267784,0.9991024635537518,0.3149203599020282,0.3447413846565189,10.448780111457353,0.007694276832004,0.0244131161307776,-0.2409655721060103,9.117449111695834,3.744039685727419,0.2381299343183085,1159.099910982745,1059.1507680189536,1086.7688831823532,1131.63503799652,148.30413089925815,-208.53121506248365,106.35888369984636,-115.88889150590684,158.1129612222661
51.3225,-3.2965082891291915,3.615115748056625,0.0805272693431954,-0.0075408161228769,-0.0988663682496137,0.0552081300971864,0.0022071200724433,-0.0030824776576563,0.0421753103351139,0.9990989767579244,0.3130989059316259,0.3409986186311854,10.424896029364003,0.0084399121980044,0.0255836363592299,-0.2397606479643522,9.117451542870144,3.7441021709389486,0.2375336945362892,1159.1921089250563,1058.7603602322067,1086.944245687727,1131.5357667645687,-96.401409244432,-125.46045536521837,68.11614508452448,24.394687411210068,158.11265520863367
51.325,-3.2062327338143746,3.985673116324472,-0.0588631335987183,-0.0169523341173881,-0.0878675743042884,0.0557518330712297,0.0022521874387435,-0.0032070228595854,0.042232270238273,0.99909504207017,0.3076636100037754,0.3339730170944922,10.40454187859824,0.0091892851762123,0.0267117026123765,-0.2386199653451752,9.117456276103985,3.74417595124792,0.2369404698259524,1158.617903936523,1058.5234657421272,1087.109463907776,1131.757011433576,-324.31325514354967,-66.85368165009312,78.65166789438787,119.48014446437153,158.11215021854565
51.3275,-2.9778189907065085,4.189882261964264,-0.199617419911014,-0.0242211236934587,-0.0776597304854291,0.0552599021483759,0.0022852055139781,-0.0032700197671886,0.0423140628778397,0.9990903306475704,0.2984202350072522,0.3240221327299508,10.387824363733444,0.0099424136671084,0.0277761065165952,-0.2375320484892623,9.117466309401895,3.7442616666335824,0.2363500612177282,1157.5705426493375,1058.4260918239563,1087.3375040271992,1132.133167486891,-531.9242362351649,-47.39416091715374,136.58067191621427,164.76973076270477,158.1116229198881
51.33,-2.590165938218755,4.286042923513408,-0.3555478820034103,-0.030753454724921,-0.0667075463440014,0.0542137533456466,0.0023146051524364,-0.0032667240604471,0.0424236126699332,0.9990847133769896,0.2854555303449094,0.3116183205028933,10.37477997939792,0.0106912329648113,0.0287557015563525,-0.2364851506767571,9.117483601547768,3.744358442218992,0.2357622697420415,1155.9582827553495,1058.2864949375416,1087.7923672673564,1132.5808600873888,-732.071905697729,-86.1933477272046,232.8580140564273,170.54187224271487,158.1109945156287
51.3325,-2.0687907411800057,4.301023708156813,-0.5197440121441999,-0.0367542535635625,-0.0557041547687771,0.0530426033948958,0.0023459725759054,-0.0031945325821436,0.0425580806579954,0.9990782722905676,0.2689225219534089,0.2972114910434701,10.365385352040976,0.0114252127214901,0.0296336774082512,-0.235466795028644,9.117507971330792,3.744463758786954,0.2351768964293173,1153.9101831208473,1057.99512508532,1088.501794097482,1132.985876848105,-912.6248496789565,-176.091361461159,348.5406461388756,128.34737119594848,158.1102886529204
51.335,-1.386629782170582,4.240223831253453,-0.6924689859646779,-0.0420958430590232,-0.0454654855176921,0.0519370441988876,0.0023740142567114,-0.0030529576867385,0.0427151009522719,0.999071079271476,0.2490354963175224,0.2810507565902828,10.359562318676025,0.012132794411753,0.0304021985707081,-0.234463301756616,9.117538888437453,3.744574850149532,0.2345937423099856,1151.3951585069524,1057.4060381302354,1089.5350704980517,1133.222596943369,-1193.0523967040635,-342.1003167720684,512.6224761503296,41.2664462382884,158.10949627703863
51.3375,-0.3998926464374923,4.115491622086945,-0.9050976874680318,-0.0467796987625473,-0.0344173797113423,0.0505217939229569,0.002389455858919,-0.0028471640671839,0.0428942297496232,0.9990631427616689,0.2261474527190084,0.263313719570878,10.357171014227243,0.0128005876326059,0.0310597814538563,-0.2334602978575875,9.11757565927494,3.744688950118788,0.2340126084144713,1147.9449211373324,1056.2846235014613,1091.0649064782313,1133.192209079296,-1316.020140831242,-475.84412382896727,580.444815636632,-74.63308756214974,158.108453257485
51.34,0.5281974286116752,3.98965064244936,-1.0758626480952675,-0.0481207540347558,-0.0257420631397031,0.0489391427338738,0.0023783722387277,-0.0025880645209251,0.0430894414377528,0.9990546335837686,0.2007439788771139,0.2440838505015936,10.358011813747423,0.0134136868006238,0.0316120636516733,-0.2324427835281562,9.117617164187203,3.7448032925067856,0.2334332957731994,1144.8150578027928,1055.0268175110891,1092.4372945762364,1132.849431505558,-1272.7733788253627,-547.7731665859591,518.5069421534612,-209.31824033016915,158.1075122365526
51.3425,1.4989974037628124,3.8519031681750135,-1.2145793405426732,-0.0461207783732136,-0.0167304906698512,0.0464693363853869,0.0023343192623038,-0.0022996183026371,0.0432921729952382,0.9990458387208428,0.1736042170029138,0.2235810212872041,10.361819119548272,0.0139528896390654,0.0320661489127059,-0.2313962384344293,9.117661362826254,3.7449151112344823,0.2328556054165998,1141.5810542432023,1053.54575766853,1093.6574411889999,1132.1456178776448,-1401.9735306773343,-663.0084045238282,433.85213960890167,-396.0192607380541,158.1065017018037
51.345,2.615622362373984,3.672109964878623,-1.3038937576519987,-0.0400058402896089,-0.0051706819588888,0.0421367146909459,0.0022555235061735,-0.0020079720230883,0.0434857784752794,0.999037427955776,0.1455683711929569,0.2021025817327622,10.368274017399973,0.0143998756025642,0.0324314740377173,-0.2303063838052164,9.1177047315427,3.7450217400435792,0.2322793383750977,1137.8051901494125,1051.7117754884732,1094.606555274279,1130.8693352018695,-1330.978817648612,-651.6014696688067,217.99297262907876,-541.0996556689457,158.10521350950637
51.3475,3.432284282625704,3.5124321845759696,-1.28705238593996,-0.0322058216435392,0.0043326689729173,0.0375692447092642,0.0021447733470305,-0.0017392693537171,0.0436549877326871,0.9990301837290444,0.1174938871181816,0.1800101235267513,10.37701102865313,0.0147388337162993,0.0327187915280552,-0.2291592689960179,9.117746180097933,3.745121129193397,0.2317042956791178,1134.9261601549558,1050.2877503201844,1094.7474060521458,1129.4401195992987,-1054.545229414868,-521.1927528877885,-111.81435592601439,-646.1810666105398,158.10407987583548
51.35,4.050450230342,3.35885034493772,-1.1606270514563435,-0.0220056840164737,0.0127004307663185,0.0329339477521005,0.0020145922120206,-0.0015155430200673,0.043789331907641,0.9990248686225728,0.0901711899036719,0.1578335611425036,10.387623080801935,0.0149581586868923,0.03293656899301,-0.2279416649918506,9.11778593095092,3.745212738190841,0.2311302778342797,1132.5324640023355,1049.1058117240327,1094.0474834946483,1127.6384298688151,-903.1971586748144,-452.50513699275194,-506.11518576416177,-868.5494515603918,158.10288650879158
51.3525,4.489757360449236,3.212528729753916,-0.8985211028649894,-0.0072774756046164,0.0217181505936237,0.0284009229173953,0.0018773402345768,-0.0013465431917493,0.0438857462424201,0.9990219470695986,0.0641388919509978,0.1360701557680228,10.399673256227151,0.0150541061285078,0.033094100445842,-0.2266403806671515,9.117824632703615,3.745297272547896,0.2305564116879625,1130.4101743615859,1048.0252246352227,1092.216830123327,1125.0973723415007,-637.5512437824376,-344.2996924262446,-814.4288056317162,-979.8914993156801,158.10138791967023
51.355,4.573441218240426,3.14426145707622,-0.6213104304651909,0.0063216562954229,0.0288850274920863,0.0260011125787028,0.0017440969866361,-0.0012406255492716,0.0439429169023247,0.9990214388103044,0.0398985370000124,0.1151508183036967,10.412698840819695,0.0150250910754584,0.0332012024987884,-0.2252428172205249,9.117863885776686,3.745375494489996,0.2299798302561679,1129.3447077834217,1047.3843132619008,1089.9753394664879,1122.7389723722342,-279.2112790211767,-217.0965411475917,-993.3965662621551,-969.1232714167697,158.10008509984027
51.3575,4.368209674759044,3.1521849141644998,-0.338155815725433,0.0194303108980267,0.0360321385555863,0.0253700673993484,0.0016240464792863,-0.0012046406069149,0.0439608459824749,0.9990232191101264,0.0179045556337715,0.0954267503646974,10.426219631732137,0.0148715976974857,0.0332674397345299,-0.2237376098216432,9.117904541176266,3.745449672423376,0.2293978601445344,1129.0141179664793,1046.939741929484,1087.249847292014,1120.2517559844143,-22.394512836874487,-157.2859199759089,-1118.4808645824144,-997.6820578335241,158.09872754624627
51.36,3.9595334692586417,3.2340360860123702,-0.0924332279873528,0.0305974018730073,0.0431848972848473,0.0260978190286962,0.0015214934352778,-0.0012304505601653,0.0439402492237916,0.9990269309324116,-0.0017267528007837,0.0771202918438769,10.439747725395868,0.0146022806770034,0.0333023829366903,-0.2221151938107955,9.117947064558049,3.745522284360864,0.2288098758939188,1129.2327352192372,1046.597883662022,1084.3829351435809,1117.7505620830711,193.6096343295422,-120.61458534274801,-1113.6623519734017,-987.2917555096996,158.0973252653415
51.3625,3.376306079184828,3.412159196897562,0.070127560946894,0.0386910425757419,0.0503150760189016,0.0277445620937557,0.0014387352948562,-0.0012967833668195,0.0438855892293653,0.9990321246149217,-0.0191836563843194,0.0603849520472453,10.452795383251287,0.014233325790688,0.0333137870861783,-0.2203695066293173,9.11799154658036,3.745595746082501,0.2282178579311136,1129.9821661381275,1046.33666900277,1081.681535532144,1115.3152972068633,409.455939636218,-94.37065316387536,-1075.8222820086255,-1047.9347522294668,158.0958694689839
51.365,2.5692995862168577,3.7342991086375177,0.148767812110421,0.0455499262837854,0.0592585345944206,0.0295702329727434,0.0013745081757654,-0.0013751518769727,0.0438115142061994,0.9990379978612636,-0.0348434125781762,0.0452714838105031,10.464887339694902,0.0137864285767431,0.0333081475766068,-0.2184994631408524,9.118036536325226,3.745673054049373,0.2276266245389903,1131.2800149174195,1046.1260303962024,1079.003823733535,1112.5108883219211,506.766644584565,-48.627495136860155,-853.1434542137533,-1012.0709186321274,158.09406071195184
51.3675,1.8625555849116375,4.078240695581449,0.1227935105852575,0.0493475859162342,0.0673638372700381,0.0304390592866688,0.0013251649600126,-0.001427333556559,0.0437386237929858,0.9990435266312752,-0.0493308211258942,0.0317587332895404,10.475573890484243,0.0132896822666485,0.0332906211046474,-0.2165099573505156,9.118079100366282,3.745755420952949,0.2270411417809368,1132.515999361048,1046.093531527086,1077.4158182610793,1110.2549426137073,480.78253822598487,39.07718624875817,-492.47613773061215,-895.3426144020309,158.09250169053547
51.37,1.1610186116610255,4.464785388483877,0.0232385324734388,0.0515599063611714,0.076629387578705,0.0306385857401058,0.001286753792365,-0.0014298505703787,0.0436777301399346,0.9990480803537805,-0.0630090399054558,0.0197761611716089,10.484447937440969,0.0127657671418387,0.0332656983759504,-0.2144128744548856,9.11811676141504,3.745842125020424,0.2264657580533255,1133.6839276085507,1046.3214163274463,1076.5414430448807,1108.0341752499087,444.5417538166566,189.40591443965192,-251.34918921781596,-974.5948124963448,158.0908889210939
51.3725,0.3420112921130488,4.914743824183353,-0.1504808667005896,0.0529224925342123,0.0897743039576883,0.0302711724543478,0.0012582322157109,-0.0013743984476402,0.0436367329117034,0.9990510861901984,-0.0759655205499769,0.0092747748576532,10.491160883101468,0.012232117201449,0.0332363642181018,-0.2122268277172837,9.118148434325263,3.745930790880328,0.2259031207823266,1134.7387081301324,1047.0405610992848,1076.1590723149895,1105.381968551223,293.7323224622048,354.8857071625706,-74.84714487170534,-962.3680864251696,158.08889235054963
51.375,-0.323091965791566,5.224075332229461,-0.3189880864581743,0.0532050904952997,0.1024441267507429,0.0295195189336924,0.0012416442462921,-0.0012538753022524,0.0436240293314483,0.9990518701829776,-0.0883033490686661,0.0002483706206144,10.49543416503325,0.0117067425045651,0.0332042632492724,-0.2099758595393446,9.118172725055498,3.7460180702945127,0.2253550938717372,1135.1525892208604,1048.0958448632575,1076.1672073205225,1103.2223348177872,37.73548220609676,525.4279937434379,2.474016968792488,-826.3530742559635,158.08717888767208
51.3775,-0.9758911634332942,5.404482615281755,-0.4898300862075603,0.052499435384492,0.116370919470149,0.0283451016083853,0.0012286578989945,-0.0010633249668328,0.0436409768540202,0.9990501945227178,-0.1001330223832975,-0.0075472944345178,10.497070031296364,0.0112068242151662,0.0331756982763035,-0.2076872743573924,9.118189270206003,3.7461019572351777,0.2248216537900996,1134.9273855411627,1049.6677010679996,1076.1714423998335,1101.2502031799468,-263.8456563143805,801.458641021235,-75.55319533463033,-777.7454258443072,158.08541641816944
51.38,-1.7401394583447771,5.4211573679618805,-0.6760526112077357,0.0499042581789729,0.1335141320127245,0.0265346444595844,0.0012146880191938,-0.0007984431428529,0.0436885273514154,0.999046324136725,-0.1115876492332164,-0.0142917834217649,10.495956209188856,0.0107486421161667,0.033155170711181,-0.2053911425986074,9.118198561858474,3.7461831008728903,0.2243032515419621,1133.8333609392876,1052.1031380683655,1075.7894413438491,1099.3336076885637,-536.9437268454913,964.1675664180253,-245.2912615271653,-592.2534815754415,158.0832488580927
51.3825,-2.34342334376198,5.249899121062721,-0.8021399394020177,0.0458370128379535,0.1474812312159716,0.0246430499937147,0.001202029978445,-0.0004586030789527,0.0437685384891137,0.9990405032039996,-0.1227528362025632,-0.0200321062069459,10.492069702218368,0.010345485476641,0.0331438843613006,-0.2031190851000074,9.118201361752742,3.7462627190061992,0.2238017567243417,1132.242666906934,1054.488538900092,1074.944986092197,1098.2889357720683,-761.5240412957168,991.5553858819216,-467.194375103206,-270.2721974842645,158.0814024376226
51.385,-2.875516772863961,4.88596132792839,-0.8842484079062795,0.039750957448936,0.1605498701482168,0.0221462154913957,0.0011940395790307,-5.524696675137568e-05,0.0438768652745152,0.999033194526084,-0.1334914893419899,-0.0248101887279203,10.485478959769916,0.0100032100977954,0.0331422838031204,-0.2009023894595309,9.11819956518061,3.7463412052934153,0.2233173722582793,1130.0257407328127,1057.0609149977709,1073.4534694683352,1097.9822467011436,-972.088441004101,1028.3429118077688,-695.600091863397,11.699061669918065,158.07951969412954
51.3875,-3.3151491739065833,4.3761194328188715,-0.923266189133406,0.0321072901342311,0.1725077444682306,0.0192042401135291,0.0011961641516236,0.0003906402216516,0.0440038860701105,0.9990250905956019,-0.1434906496028627,-0.0286352240298424,10.476339333980555,0.0097209073004129,0.0331494308613204,-0.1987702512719652,9.118195152136364,3.7464184664960367,0.2228495973883634,1127.382224701911,1059.6302534591337,1071.4669856328783,1098.347431080418,-1134.8492047284815,991.1872316738869,-879.3256273489127,305.9245347062442,158.07761143315844
51.39,-3.603740968057112,3.7213063777369286,-0.911867299927036,0.0228946501119104,0.1825379362278837,0.0162922182310868,0.0012201538801689,0.0008610822533387,0.0441454183507998,0.999016674564144,-0.1525149656085327,-0.0313772212883247,10.464881257782384,0.009496297120949,0.0331608211880432,-0.1967481033072569,9.118188732594147,3.746495459709028,0.2223966307052863,1124.3514947091671,1062.0168511561428,1069.0568413315884,1099.5118693746756,-1391.6877703960306,973.7177468107108,-1094.5754195543436,679.7004829855994,158.0756784025346
51.3925,-3.737277039549755,2.8197755690720614,-0.8563423254790105,0.010555815006532,0.1913615250482592,0.0138661393255013,0.0012765463767444,0.0013253712479123,0.0442950724468077,0.9990086094791308,-0.1600784272194299,-0.0329377082486061,10.451403490281452,0.0093189196252218,0.0331717809747149,-0.194855813006223,9.118181441815512,3.7465729125508904,0.2219549470171124,1120.423785849937,1064.4988421931828,1065.9941085351115,1101.7459334953428,-1468.8912230998756,834.3123623523578,-1101.9427267162248,942.2756881853,158.0733380272194
51.395,-3.6605188032918954,2.009679833674691,-0.7916445950012048,-0.0001572483325447,0.1956788068456618,0.0131444934264394,0.001364414938901,0.001748041668924,0.0444426036672772,0.999001635651424,-0.1656154702647856,-0.0334533821555863,10.436256572098642,0.009173394193089,0.0331812845314989,-0.1931056901972413,9.118175971082335,3.746651825844955,0.2215186483933813,1117.0070385936642,1066.1884129679067,1063.5471276980045,1104.2232478156045,-1377.7603732454052,599.7435287924533,-908.4363277470756,1102.1716779934468,158.0713762627067
51.3975,-3.4040314852733324,1.1667110748357836,-0.7162771680788913,-0.0100793759463459,0.1974949463893611,0.0128891161759412,0.0014683301820426,0.0021066897286317,0.0445774672772413,0.998996033817914,-0.1688496386819699,-0.0333368366733789,10.419820132450052,0.0090467302666356,0.0331926613272083,-0.1915014912857808,9.118175665453213,3.7467323796185417,0.22108326463342,1113.5349839837063,1067.4975598371464,1061.4519268963738,1107.2567918853129,-1525.2714606287784,509.65921174584736,-810.1438373736621,1450.7107357172579,158.06940965719764
51.4,-2.9418405040969455,0.1141490844339351,-0.5944298302232569,-0.0197228934670216,0.1983586308191292,0.0114882649836225,0.0015736622783546,0.0023915702942361,0.0446922491717259,0.998991895798433,-0.1697632002524858,-0.0329523389342607,10.402485681969196,0.0089284859330467,0.0332077178693512,-0.1900396378508468,9.118182293301203,3.746815082957776,0.2206460212943537,1109.3806812905273,1068.7367090266337,1059.4964085111399,1111.4768014941842,-1514.1109455777023,422.71770850562666,-621.1560962098707,1636.8389247438056,158.06705243148684
51.4025,-2.4807636898782914,-0.8183405038859433,-0.4392481695466665,-0.025464432496014,0.1985407422925855,0.0090163706513701,0.0016735867525905,0.0025979610290635,0.0447884577583484,0.9989889810613586,-0.168424817852432,-0.0324737657260111,10.384643178344406,0.0088089296420029,0.0332244023398421,-0.188710484150428,9.118194800165728,3.7469002342905906,0.2202046318123197,1105.964429255814,1069.6111483796756,1058.346146415323,1115.440986509036,-1350.606025966672,346.84470367861184,-374.6127416561551,1666.9401028049035,158.06509647047287
51.405,-2.000931546620466,-1.8327377960497624,-0.2025134876991624,-0.0291001734408531,0.1977229821977763,0.0059054947997315,0.0017571562185554,0.0027263797742269,0.0448697765488089,0.99898702398424,-0.1649999922918029,-0.0321342295278598,10.366666579272108,0.0086798667221767,0.0332417729626255,-0.1874985340884953,9.11821186949022,3.746987631519045,0.2197575071058528,1102.6276511606904,1070.4709325450276,1057.623344802858,1119.8115020082128,-1439.1708991309672,401.2237883925093,-243.35926354701164,1992.8055801365576,158.06315666583828
51.4075,-1.4475495380936758,-3.1379952517579763,0.1684043807630253,-0.0320484321587734,0.1937736628712151,0.0033713502188945,0.0018062070128706,0.0027798994488938,0.044929132778769,0.9989863019323976,-0.1596946142789633,-0.0322958295176729,10.348902720545547,0.0085336919314266,0.0332616416387915,-0.1863835476946787,9.118232350758273,3.7470773599634826,0.2193031736166652,1098.7685747601658,1071.6172673216363,1057.1293500975887,1125.4050144097096,-1377.1947360890636,448.08665919822306,-132.45136950702135,2081.98789138576,158.06085629708485
51.41,-1.0139467739029016,-4.258466356790255,0.5132650261278252,-0.0341513534686681,0.1866158071231396,0.0035380542011727,0.001815521521548,0.0027665933198409,0.044964580465086,0.9989868257969776,-0.1527856035703987,-0.0330262534846329,10.331661071441342,0.0083657621609033,0.0332810165864833,-0.1853433325783053,9.118255284480702,3.7471694195176335,0.2188404104418999,1095.7416774802416,1072.7113658410199,1056.9610879553227,1130.221441465147,-1145.6850938860548,462.33538436371407,-21.60180028794261,1915.3157111711812,158.0589681391838
51.4125,-0.5983557399091414,-5.329961943412744,0.8293312505757322,-0.036298491670116,0.1748473507797281,0.0064718089391163,0.0017923222470198,0.0026964136912861,0.0449793370468671,0.9989882974050812,-0.1445569844894709,-0.0341168100604116,10.315208671048884,0.0081738131529359,0.0332927714657065,-0.1843553941308038,9.118279491430858,3.7472626905773305,0.2183692688944757,1093.0401492907326,1073.9289442434563,1057.0213410961492,1134.9815929655704,-1072.2307938392735,542.2193198444277,87.89928884033353,2020.982894768232,158.05711574628145
51.415,-0.101764652423099,-6.449471199011461,1.1061447295453584,-0.0381624673190049,0.1559924046218861,0.0117727091600953,0.0017468068913432,0.0025822970046773,0.0449743311173638,0.998990410117438,-0.1353332087782376,-0.0352832512438419,10.299767004164046,0.0079584294660371,0.0332895439985981,-0.1833979717043562,9.118304015049718,3.747356244327837,0.2178915012783397,1090.38052351105,1075.4224624402395,1057.400584399524,1140.326355938979,-844.5064200583374,527.0841857308401,202.1001939982728,1852.4918468282597,158.05493909504887
51.4175,0.316874337258588,-7.177274837231315,1.2249301757030169,-0.0384828876608417,0.1375486348799877,0.0164042157056869,0.0016958225748528,0.0024506934855772,0.0449534927004409,0.9989925726845582,-0.1256951861831512,-0.0360830144442722,10.285509586389397,0.0077273818790612,0.0332622697577512,-0.182451691605923,9.118327102298878,3.74745030881056,0.2174093521199006,1088.8176171904388,1076.5643651721118,1058.031842066141,1144.2440521997166,-453.4710762416989,395.80701589027507,333.37827455599154,1405.0328999882456,158.05316601988213
51.42,0.7377026227696584,-7.646133376542685,1.2292817480077916,-0.0374629663941036,0.1176388384721021,0.0204896379507667,0.0016590125462124,0.0023369228729286,0.044924868644771,0.9989941729886468,-0.1163909287278294,-0.0360033858722344,10.272567285771592,0.0074939394718453,0.0332018007266208,-0.1815006212576096,9.118345991666253,3.7475453189179855,0.2169252706862397,1088.1131681298405,1077.401497519692,1059.0674757723048,1147.351520438924,-122.485332706467,251.76891819387652,490.6200661237477,1077.864897123461,158.05143652138403
51.4225,1.1529174630556112,-7.893963845470176,1.159451351611235,-0.0354291896987418,0.0973589503356591,0.0239462772229139,0.0016388338699314,0.0022567461903879,0.0448931100285442,0.9989955517006132,-0.1077746252953878,-0.0349034612662145,10.261040573044747,0.0072660077988075,0.0331068903335728,-0.1805321403177576,9.118360332552397,3.74764153468005,0.2164417369207417,1088.205190526907,1077.82320976308,1060.4849423967576,1149.633376685329,229.7821664728151,32.91448203447679,664.2437607716842,689.8047894128122,158.04974296089344
51.425,1.5488687147307527,-7.897834894909978,1.038550717062714,-0.0321615931791169,0.0772806721484511,0.0265138080243343,0.001633068196059,0.0022081869099532,0.044852800110838,0.9989975077098732,-0.09983907196079,-0.0327592432144234,10.251003909545302,0.0070457729488909,0.0329798303707998,-0.1795382001315092,9.118371855644236,3.747738438985982,0.2159614819552795,1089.2620789622051,1077.5660699298644,1062.3886945761649,1150.8005443859895,660.6582331143985,-299.7213410209328,945.9390662730746,247.76469414642688,158.04809115274927
51.4275,1.9842589618832929,-7.678308640749573,0.888433274382456,-0.0267876463792293,0.0542715036521666,0.0284988510790542,0.0016352927794147,0.0021864930222915,0.0448029879767287,0.9990003295143604,-0.0925273074195914,-0.0296413837980741,10.24250910791954,0.006835697338616,0.0328260017771823,-0.1785152341437262,9.118381329053273,3.7478346330231034,0.2154875429897181,1091.5084816924807,1076.3246030579746,1065.2146377281251,1150.8722001560618,948.2552118949101,-614.1206587772688,1114.6330037178493,-181.59163371099712,158.04615357764033
51.43,2.3031717554759354,-7.363899398693629,0.7936849584921247,-0.0212838457481783,0.0369865017625404,0.0293873138983723,0.0016393327492098,0.0021869125180696,0.0447459935171745,0.9990038471479636,-0.0857881949363171,-0.025626618826767,10.235592861474988,0.006639052373016,0.0326523085510426,-0.1774640810882029,9.118389394367266,3.747928824117604,0.2150215171310608,1094.0033550216751,1074.4954666359808,1067.961859594749,1149.8925862174356,1067.8042906103194,-876.4491417245217,1156.1405076648496,-567.7295032858461,158.04457268296747
51.4325,2.5695323010851245,-6.978303492469448,0.7567507560371907,-0.0150028948301958,0.0219200580307434,0.029870920163797,0.001638055787537,0.0022046933879542,0.0446875446566103,0.9990073759032658,-0.0795793705599514,-0.0208273082550528,10.230284612011868,0.0064597257544353,0.0324674960116118,-0.1763892328860187,9.118396747219517,3.748020563832444,0.2145636673460908,1096.847503145535,1071.9423573493495,1070.9953402664523,1148.0335526396311,1260.5151311666675,-1242.189231849444,1362.6544407979359,-952.9167448126501,158.04302274221274
51.435,2.829565092436555,-6.481116385666602,0.7836349409973055,-0.0068958820098789,0.0051226151634337,0.0305532443662748,0.0016231294414091,0.0022350836226121,0.0446425723981117,0.9990097299367052,-0.0738682580157686,-0.0154000462487486,10.226613370053158,0.0063024602047424,0.0322819128512557,-0.1752979928998412,9.118403155421277,3.748109538386887,0.2141141589321103,1100.305930677512,1068.2845204767304,1074.7751317987422,1145.1280024933699,1230.9523955442555,-1395.3056754748516,1377.5261225035842,-1122.973481267466,158.04119416604647
51.4375,3.0028268057604723,-6.044666408411161,0.8501737942366994,0.0001980743296588,-0.0087834756306171,0.0316316201516958,0.0015921223921237,0.0022733312127102,0.0446252605053165,0.999010251939865,-0.0686254311823087,-0.009405652218453,10.224612539102692,0.0061719677798658,0.0321048364473167,-0.1742000680050249,9.118408211117847,3.748195434000196,0.2136731727635467,1103.0022651232507,1064.9658289719819,1077.8829708789642,1142.418685233299,1003.0217571076746,-1328.1377245474944,1196.4629400397791,-1085.5442453964636,158.03969345724252
51.44,3.1424292236960065,-5.567176241199109,0.9268121495547756,0.00734991396118,-0.0227663237179689,0.0336654577564353,0.0015498682369806,0.0023146841489153,0.0446405740578074,0.9990086670788492,-0.0638229336972007,-0.0027846259340389,10.224322569788018,0.0060722129537643,0.031943793697282,-0.1731067520783717,9.11841150645454,3.748277936891637,0.213240889714829,1105.3210394630455,1061.643831853999,1080.7574464989357,1139.7002812663925,912.4753312555066,-1403.7936926205568,1171.3646156855164,-1153.1085058441945,158.0382133820302
51.4425,3.283878299423274,-4.916936558132646,0.979302311131768,0.015513230158509,-0.0392579609856093,0.0373907274871407,0.0015109545260111,0.0023543961735263,0.0446842637477686,0.9990051273737648,-0.059430957636393,0.0046929811928103,10.225791029254005,0.0060061667282652,0.0318033652089498,-0.1720301546506816,9.11841263330824,3.7483567342941706,0.2128174906603849,1107.5646417795303,1057.9468605088755,1083.7397939573948,1136.6531427040748,729.8365329168878,-1270.6771097240883,992.8328565889764,-1066.7908773386443,158.03645759570864
51.445,3.382073742249497,-4.299237309396152,0.958088432173592,0.022000724783073,-0.052452408357459,0.0412489226791656,0.0014871925773309,0.0023902830908546,0.0447526505707178,0.9990000795007876,-0.0554787955471277,0.0131753509750711,10.229071103543927,0.0059771982759591,0.0316889654898945,-0.1709814194598603,9.11841106431717,3.7484319649144946,0.2124031564746456,1108.970222127632,1055.290446305375,1085.721610781883,1134.3663268796963,471.40378028440983,-938.8803518512204,671.2214188054725,-863.3193001342654,158.03500899635858
51.4475,3.443119462576881,-3.6177481131356255,0.8511193580133133,0.0289382296740385,-0.064001339181726,0.0448906846619352,0.0014895964786155,0.0024272478183505,0.0448450906926783,0.998993779673358,-0.052141895202682,0.022775062831697,10.234216992299432,0.0059903096484541,0.0316055913584241,-0.1699698406322473,9.118406455603198,3.748504893562607,0.2119980680320388,1109.9216606809505,1053.2524587496237,1087.095901051419,1132.3365462034076,313.5768015272548,-693.0176564141767,445.5252501578337,-777.771178746218,158.03357296027988
51.45,3.4441361028827724,-2.921846662982348,0.6784026206605817,0.0368751181953151,-0.073216505930518,0.0477086374613844,0.0015316945756329,0.0024730178759933,0.0449574839462359,0.9989865406318708,-0.0496482872697244,0.0336350031296372,10.241277930386074,0.0060496998125389,0.0315564711978537,-0.1690021023189251,9.118399410424692,3.748576630905821,0.2116024053975999,1110.5381061352691,1051.8253580233027,1087.9492370326734,1130.4774709859635,179.6899258066323,-410.4607066117925,222.97515148472897,-713.0742148941398,158.03214565171868
51.4525,3.326606154476417,-2.2817565577460424,0.4514864690074238,0.0461019264943997,-0.0789759059020468,0.0493086718101429,0.0016275353915655,0.0025344424130795,0.045088804023349,0.9989784684961006,-0.048199593667972,0.0458885262675979,10.250290524157032,0.0061574950645692,0.0315435230064335,-0.1680811394459315,9.118390030479853,3.748647649584492,0.2112155604201955,1110.820110309984,1051.2001552165636,1088.210776808843,1128.771175128935,70.01269846261495,-89.74903412312392,-0.0332088264258647,-723.4462209107492,158.03072708280553
51.455,2.9996446364640263,-1.6802098344327387,0.1601190967215733,0.0580783496175265,-0.081992248788541,0.0499009364193377,0.0017677201991079,0.0026105063601567,0.0452347701059049,0.9989698172893032,-0.0478456643616474,0.0591658536558025,10.261274602701954,0.0063109848859245,0.0315754215303279,-0.1672036873214804,9.118379769524433,3.7487178933082426,0.2108346624928279,1110.8881696275819,1051.3766128526875,1087.9490709885413,1126.860239881413,1.1300984749590173,205.54088903698755,-169.71158136921488,-680.4298293251734,158.02903293780267
51.4575,2.561818861606928,-1.3743759811594345,-0.0665180536149426,0.067933188468131,-0.0823634903289826,0.0494362820376552,0.0019237923956342,0.0026895663541011,0.0453857205870721,0.998961115172818,-0.0484188740393818,0.0726837481292179,10.27422574618216,0.0065012817774803,0.0316658978220146,-0.1663598480134216,9.118370231065262,3.7487865028413454,0.2104559156126894,1110.825760802359,1052.227859661749,1087.3622189019968,1125.3690259823074,-19.68531101432648,455.1492953803463,-281.4965031067383,-578.6511386336992,158.02762674618043
51.46,1.9865559201948555,-1.293422758121726,-0.2452748601743119,0.0754672466929492,-0.0826531484836768,0.0481843445751552,0.0020750517630752,0.0027564043205395,0.0455297814828261,0.9989529961105412,-0.0496476440151717,0.0858054850288966,10.289100925222568,0.0067154406429975,0.0318243947596804,-0.1655344598037325,9.118362720187966,3.748853707418271,0.210074674311147,1110.78974307251,1053.6523593295904,1086.5415884730069,1123.966984188243,27.7668825972594,708.5322478632029,-381.84745947208455,-603.3395718356618,158.0262252392797
51.4625,1.2325294825760504,-1.41774259328002,-0.3838090505146183,0.0797461273114236,-0.0847581412266347,0.0461180726259214,0.0022128815428865,0.0028043342867617,0.0456598923731878,0.9989458281763848,-0.0513944387897193,0.0981476607273394,10.305806068508112,0.0069409622539854,0.0320541771659162,-0.1647075929516607,9.118358295065216,3.748920095863298,0.209687451942242,1110.964595215345,1055.770520901062,1085.452981604638,1122.3523281231319,125.4823442035826,804.2319858981933,-396.1045621948208,-587.5496250101784,158.024547907008
51.465,0.6336427897112382,-1.6478258929719605,-0.4337428883645403,0.0798053628286935,-0.088331465999697,0.0442018298753951,0.002329084922708,0.0028256965144112,0.0457731920863258,0.9989397527248142,-0.0534673648397108,0.109338409705977,10.324192017511448,0.0071630539604125,0.0323561263238949,-0.1638548487897309,9.118357916288746,3.748987159783327,0.2092913929563872,1111.4171547935284,1057.6735192590832,1084.5610656620315,1121.0292360631906,265.5370317180774,745.7745920601432,-336.33801034753634,-531.5494656496421,158.02315343263487
51.4675,0.1427191428836279,-1.9278961288102137,-0.4290142184758494,0.0783011988274955,-0.0933473782671921,0.0423557623102404,0.0024154240573638,0.0028056492986177,0.0458617646588386,0.9989351861851749,-0.055491611265064,0.1190074759293766,10.34405091282274,0.007362529859433,0.0327289358085409,-0.1629488432069452,9.118364330919988,3.749056605642636,0.208885091453463,1112.292280373936,1059.4993938613643,1083.7712915528996,1119.6945807948823,488.6024902460473,748.5415415118027,-313.5624556800063,-591.8292514620515,158.02176219639935
51.47,-0.2797968710936841,-2.2348710915440257,-0.3939707393934497,0.0760247468212541,-0.1004214526005899,0.0410028833606121,0.0024635081642458,0.0027332686911581,0.0459209865896804,0.99893238688123,-0.0571351386835143,0.12680083507944,10.365113287051647,0.0075208355335635,0.0331688555011478,-0.161960830023855,9.118379760672749,3.7491291303610126,0.2084692389149181,1113.8601672447564,1061.4162269666388,1082.9932533836331,1118.070089805883,651.0447397067162,642.0576649472777,-255.03971052594943,-594.9816453456291,158.02009674493078
51.4725,-0.4911014067518848,-2.4148819678719993,-0.3717433266097598,0.0740072395386041,-0.1070242713426448,0.0409132301357415,0.0024690284405271,0.0026109463517358,0.0459456578555685,0.998931628591928,-0.0583024578958406,0.1324830220142471,10.387047135253916,0.0076239127542927,0.0336683302260812,-0.1608627129910152,9.118404167102849,3.7492049478858687,0.208044394792163,1115.5475040724712,1062.7096821861023,1082.4960930002692,1116.7196725681526,726.4966386853224,449.5869524139808,-169.3462692809178,-529.0158435555917,158.018712960575
51.475,-0.5773049871117457,-2.4718045576053447,-0.3885894286029007,0.0723610483810633,-0.114143580892244,0.0412361409578656,0.0024297478350269,0.0024431921883884,0.0459333356352828,0.9989330333002792,-0.05890902457283,0.1358910766312439,10.40946575972844,0.007660102939231,0.0342169544524494,-0.1596288900295088,9.118435496213984,3.7492854717379114,0.2076094568563849,1117.492650438185,1063.66416172871,1082.146522037228,1115.4250105881035,793.0190483664254,329.9314929577849,-117.4560010499294,-500.8330248702812,158.01733504049923
51.4775,-0.5851409010566984,-2.40826943685314,-0.4490716343434983,0.0711967962149057,-0.1214013265203933,0.0413660917925407,0.0023456945836862,0.0022345161091528,0.0458853715924648,0.998936525184105,-0.0588426014256737,0.1369414371342415,10.431937756339124,0.0076207650058863,0.0348017497353498,-0.1582382196369385,9.118470890167472,3.7493733696105767,0.2071652950535606,1119.5125993143,1064.35933965089,1081.90881299502,1114.2155074438035,791.8048983828198,226.881378185701,-67.81802324904844,-459.9017299457876,158.015963757423
51.48,-0.52999687155685,-2.197772919322663,-0.557916570153234,0.0705284170666564,-0.1280336648044456,0.0412977512641974,0.0022289683467937,0.0019894280220658,0.0458068823028444,0.9989417706282748,-0.0579612847851962,0.1358383979490337,10.453996925793632,0.0075010694426366,0.0354047513184364,-0.1566766829982055,9.11850787379586,3.749470358613317,0.2067153027915143,1121.451674930101,1064.7985686196391,1081.8074319209827,1113.1255019383736,799.8941671541614,151.28689854551783,-5.908718935640241,-460.07076579329913,158.01460331606035
51.4825,-0.4222853579564012,-1.797739971629484,-0.7170249493612614,0.0699984031601825,-0.134161107141305,0.0405879071417956,0.0021025889860575,0.0017124421694418,0.0457099933204149,0.9989480518894992,-0.0561026194433694,0.1330545379808026,10.47515924026326,0.0073008152875532,0.0360045102198709,-0.1549390360038905,9.118542896022847,3.749576151429044,0.2062666587421947,1123.5120701500728,1065.115774143618,1081.8792694003419,1111.9151536148358,697.4621478213044,91.88264559528932,68.5693492134929,-442.16083112814175,158.01298787551715
51.485,-0.3110128811941629,-1.3681261907167592,-0.8386614039528522,0.0695041804770207,-0.1376349690352975,0.0386851239852135,0.001991195044433,0.0014129043757688,0.0456097040446712,0.998954517461984,-0.0532049097251047,0.1291417501910342,10.494944282416467,0.0070258651350864,0.0365803310813131,-0.1530290758371286,9.118573305087969,3.749688295314427,0.2058264372792829,1124.9389856692044,1065.2579818476152,1082.1502786670499,1110.9146977827347,510.14218872120466,37.38050740919696,165.87681236451925,-422.36731667859425,158.01165988317842
51.4875,-0.1838332433285536,-0.869853974658696,-0.9004241144148803,0.0686359192030498,-0.1395745675326472,0.035076843300992,0.0019172335627031,0.0011132180435947,0.0455240259383489,0.9989602087196036,-0.0494945535288513,0.1246567264642347,10.512895137270707,0.0066902420230357,0.0371144243540819,-0.1509592655714774,9.118598992816512,3.749802499472856,0.2053990586610814,1126.06278109368,1065.302676680664,1082.7086534621649,1109.8033170314416,440.7613177441836,-7.500675737715738,321.5835704312386,-543.8584205973203,158.01035628330843
51.49,-0.0192577840450003,-0.217902836496086,-0.866083500521619,0.067265708294513,-0.1405202308804965,0.0295596264147167,0.0018914320863639,0.0008347892853237,0.0454664335003442,0.9989644205388756,-0.0452129642468511,0.1199414862471417,10.528602517433319,0.0063106048270131,0.0375956207927091,-0.1487493390891631,9.118620477764734,3.749916271095649,0.2049865275932578,1127.1427922579264,1065.2204784689263,1083.7581965192069,1108.1954056797467,369.0293092164384,-63.66199276036574,445.18056471519697,-653.6171055804549,158.0088271132246
51.4925,0.1146846504499501,0.3604566947358421,-0.7468180743999092,0.0664729981041367,-0.1404775613758437,0.0254013336646278,0.0019084599546442,0.0005942727650195,0.0454476534812984,0.9989666043384888,-0.0405480825302066,0.115021372571771,10.541723125593348,0.0059046403282149,0.0380204963153217,-0.1464246410227346,9.118637405603906,3.7500286072339306,0.2045895098028057,1127.9079276397606,1064.9843667168625,1084.9345562857388,1106.5352315035425,297.1540715009568,-148.61588810487447,515.2786154857587,-744.7848741670268,158.00758683322897
51.495,0.2145161960448433,0.9673078203926604,-0.5724089326683754,0.0666962540893384,-0.1395431579127262,0.0235089354134611,0.0019666284511658,0.0004006043759649,0.0454714814549352,0.9989665032166016,-0.035559004885209,0.1100098262573787,10.551987449878716,0.0054890400786952,0.0383871600200682,-0.1440160892826359,9.118648666989424,3.7501388718837,0.204209286624637,1128.628562615432,1064.4773990284018,1086.3345895966368,1104.47148130891,316.56235779134647,-309.4868785823345,632.5300819485112,-1002.9652771914568,158.00638666231958
51.4975,0.2480168172508123,1.7113713115778844,-0.3709129840080624,0.0682341581775584,-0.1366673051043184,0.0241960724148648,0.0020776684718523,0.0002599738802424,0.0455382004134493,0.9989639500464934,-0.0302736488901343,0.1053151918682714,10.55920709952582,0.0050804928112174,0.0386920507942963,-0.1415592563454737,9.11865371798276,3.750246532488696,0.2038471446079735,1129.490739428718,1063.43693232395,1088.097206695483,1101.5204051175826,312.3800150575447,-464.94144005429456,631.2792263465155,-1149.1456521987395,158.00499725967387
51.5,0.1735758465145698,2.321633789702011,-0.2518537602873467,0.0701515957156124,-0.1322852679407407,0.0256822124927904,0.0022476516744895,0.0001712934740581,0.045644522056583,0.9989589027482428,-0.0246135467090477,0.1012295200010017,10.56328773893405,0.0046939408505784,0.0389351506698011,-0.1390911332221269,9.118652456639943,3.750351184436555,0.2035039746208906,1130.1904626907183,1062.1526918281324,1089.4909857283667,1098.7257530479214,263.17158328807926,-598.141462850752,513.373758072897,-1155.588892178189,158.00388425516184
51.5025,-0.0256291424751052,2.884766528567056,-0.2007334276683797,0.0721150020951202,-0.1256640886139208,0.0264630933969609,0.0024727527951158,0.0001240529178909,0.0457841522709111,0.9989515441613472,-0.0183530854122946,0.0978319465760005,10.564232024827684,0.004341427522465,0.0391204915930462,-0.1366478233792284,9.118644808427527,3.750452650753536,0.2031798180267113,1130.8065973451571,1060.4462250096988,1090.6640754858452,1095.7424606566967,221.349608970218,-735.9882625916142,420.1200023676517,-1188.599458824166,158.00281989174982
51.505,-0.3224630740361765,3.38073209071519,-0.1960089806933315,0.0736401555449916,-0.117525493016675,0.0264437623953441,0.0027379170569137,0.0001062887505723,0.0459502979318964,0.9989423880910484,-0.0112880517031515,0.0949645221972815,10.562136430854473,0.0040338282972998,0.0392556092348428,-0.1342623825222624,9.11863189143932,3.7505517453471993,0.2028724000392914,1131.29721073557,1058.4727505151725,1091.591585740206,1092.7827557537976,156.46333048581437,-817.4144234221242,307.54971260005453,-1124.9869031404317,158.00179679202495
51.5075,-0.7020605650246518,3.7698748271468423,-0.2217308537800776,0.0738133407261725,-0.1080819788182244,0.0255985048920883,0.0030290181993614,0.0001092134104593,0.0461386269201897,0.9989318530660029,-0.0033193780910968,0.092491045300513,10.55718103737729,0.0037814206751621,0.039347551440085,-0.1319639582568234,9.118615424242993,3.750649590632696,0.2025787077828428,1131.5889139975868,1056.3591528925863,1092.2018240488462,1090.117526140992,77.65595007542984,-903.4801824843756,197.78608697165308,-1035.9971141239712,158.00082379385975
51.51,-1.1766936750815913,4.095841322177268,-0.2549578232311691,0.0711285354492689,-0.0958622560326155,0.0240574969495375,0.0033389363683286,0.0001324428275363,0.0463497144904854,0.9989200796216532,0.0054464051381715,0.0904285390887775,10.54961794491624,0.0035947035241399,0.0394009859020238,-0.1297768400634672,9.118596024937162,3.750747402012496,0.2022962264884337,1131.6854904859467,1053.9553496027547,1092.5805161750632,1087.6027701831824,-7.195571657481152,-815.2019262793978,83.00595809683118,-768.6474129652357,157.99971369931228
51.5125,-1.5223010223707598,4.248976318859675,-0.2682438175813924,0.0662335018798254,-0.085226509701517,0.0227845936220484,0.0036579001325307,0.000176965189348,0.0465761497245749,0.9989075809204064,0.0148388363942044,0.088734904768122,10.539761387913684,0.0034811164444214,0.0394209112156582,-0.1277186982515965,9.118576023474656,3.7508452337665688,0.2020224859791531,1131.5529361392992,1052.2831432611872,1092.6168538393304,1086.2742890761635,-98.59479773603613,-555.9350151943702,-42.41474989482971,-348.9825017753935,157.99883605352483
51.515,-1.7519942519486775,4.290405755618281,-0.2586653097554384,0.059936237688473,-0.0745851163723979,0.0217575112875584,0.0039654639622445,0.0002423547365576,0.0468004120290084,0.998895345004,0.0246804797271496,0.0871373218940391,10.527974313675163,0.0034440727786909,0.0394146636760985,-0.1257992672107619,9.118558158005678,3.7509431165877953,0.20175491363675,1131.1925164972663,1051.1756745267814,1092.3684424255891,1085.8578576743043,-216.81950062508517,-326.33999510574205,-177.5922961395532,18.91345381320108,157.9980073943316
51.5175,-1.8619260894293337,4.2363020895083485,-0.2227203304098125,0.0526118738757867,-0.0623364195490304,0.0208024417074588,0.0042400085006205,0.0003245207881233,0.0470059196236573,0.9988842864393868,0.0348521929000335,0.0853304517158761,10.51464867222852,0.0034833713505021,0.0393893439413771,-0.1240207654769441,9.118544218827559,3.751040520455243,0.2014904129545282,1130.4688386361747,1050.65144328566,1091.7288923586336,1086.3688563452297,-320.3349447667913,-53.70691658687955,-292.77398768916584,329.2868072624649,157.9970698862648
51.52,-1.821376450599888,4.126621617179539,-0.17824591154507,0.0473121843928963,-0.0527196719178883,0.0202676062820982,0.0044649579094876,0.0004205228115003,0.0471821935201457,0.9988749290336822,0.0452053054806317,0.0831104597910183,10.50018635397209,0.0035972361895897,0.0393502126900587,-0.1223784355743583,9.118533921908176,3.751138694673161,0.2012251026162145,1129.5908417734315,1050.9071399438467,1090.9045724871423,1087.5042917106175,-416.3227020153643,230.48258112673497,-386.1303874895228,555.4435958881528,157.99633657365283
51.5225,-1.6729623191864853,3.973321598178311,-0.1279318145867027,0.0431430600821782,-0.0436836550934851,0.0199915646852797,0.0046397528699417,0.0005266993385995,0.0473248396614802,0.9988674322357822,0.0556183317021436,0.080600361578942,10.484979640685735,0.0037822605642553,0.0392982138570847,-0.1208619613290556,9.118525801228461,3.751239140992448,0.2009550367837908,1128.387225126097,1051.8038561912942,1089.798240421185,1089.1460743246719,-608.8986303470928,503.17084677194833,-535.0718946252847,780.8298654633571,157.99565410169478
51.525,-1.413703500698062,3.756072707455605,-0.0711728885082104,0.0395512905037263,-0.0332837015096437,0.0198921882391851,0.0047771191401424,0.0006299340738176,0.0474299132884419,0.9988618874363858,0.0661822317698928,0.0781799747488498,10.469395908104175,0.0040313471385759,0.039231221652201,-0.1194563665508364,9.118518955755027,3.75134281003982,0.2006771778440805,1126.5463486216988,1053.4229941777044,1088.2292130140183,1091.4084410379307,-736.5971630661403,645.330148544178,-594.7741870520217,839.4899045435776,157.99489570692404
51.5275,-1.156836936933094,3.5518441407994703,-0.0327775771362056,0.0371274974961599,-0.0249262447202759,0.019952442420613,0.0048964407329598,0.0007172639544332,0.0474965320845204,0.9988582242605512,0.0769977931728634,0.0763524435598629,10.453766749887215,0.0043366344595739,0.0391460193806864,-0.1181430190203761,9.118513086015424,3.75144982889048,0.2003903672429999,1124.7042393107645,1055.0305069340168,1086.8243694859232,1093.343523847392,-784.334610800405,644.6424221854953,-551.4717422025476,749.3753627275314,157.99431586065202
51.53,-0.8778891314307428,3.321450021555772,-0.0077683685036473,0.0347424194072426,-0.0167479623920207,0.0201130985876755,0.0050129569670509,0.0007784180650033,0.047527868117088,0.9988562121228428,0.0881171308607282,0.0755178649138883,10.438380935634708,0.0046904013050552,0.0390413040930355,-0.1169006127968441,9.118507511501905,3.7515598531589753,0.2000938154236172,1122.6246755676948,1056.6462062886335,1085.4718543030044,1095.1553178515703,-850.7325981307083,610.2897143599514,-509.9746670675904,688.2763268034416,157.9937924895258
51.5325,-0.5910595849588243,3.0653377400314574,0.0054987545546935,0.0327613472221671,-0.0087471473900773,0.0203248879255747,0.0051368457320687,0.0008082372219567,0.0475279996237666,0.9988556110893736,0.099496897048815,0.0759554400197057,10.423478369958152,0.0050853867859787,0.0389182750914942,-0.1157070399721751,9.118503277013424,3.7516715663094815,0.1997882141957136,1120.4505763201148,1058.0819555058135,1084.2744961505875,1096.784905481406,-859.6548802142174,496.4136466346378,-421.8505133984879,598.7122551924706,157.99331769176922
51.535,-0.3084815534482683,2.776277245962979,0.0070306550775868,0.0315916198494916,-0.001301658281488,0.0205447010798737,0.0052741760382113,0.0008049478494538,0.0475038882003967,0.9988560723789516,0.1110400389557365,0.0778400019118192,10.409246608938629,0.0055145387558128,0.0387806713400008,-0.1145413811499551,9.118502202847914,3.751782892398596,0.199476159661535,1118.3264011666215,1059.128274521808,1083.362601736011,1098.1488791275344,-875.4833254260643,349.45206220391213,-324.5289426495378,533.5064258405054,157.99290324760616
51.5375,0.0047802631012983,2.3977591299703014,0.0024726550047595,0.0311140213256505,0.0066188415699856,0.0206957189716257,0.005427395768841,0.0007684593478896,0.0474662477269161,0.9988570906847828,0.1226353195802931,0.0812489964938702,10.3958206286211,0.0059708579662473,0.0386346783341289,-0.1133855739078776,9.118505063080548,3.751891697287811,0.199162565058202,1116.0731596929822,1059.8292158168342,1082.6518514373392,1099.4524376106099,-742.975039633432,169.418534484675,-200.1210402976086,419.84927748137113,157.99247752548328
51.54,0.227828982821998,2.06742660173867,0.0008216349168342,0.0313774481278112,0.0121932889620663,0.0206204577724858,0.0055839127453013,0.0007046402328334,0.0474242189386231,0.9988582984301444,0.1340590714920116,0.0859302666021794,10.38328989276176,0.0064483777538325,0.0384912102336258,-0.112224539397221,9.118511816442041,3.7519966730973024,0.1988520440540782,1114.6115259684575,1059.9753671942303,1082.3619965345235,1100.2481255149391,-465.24228152305864,-5.490565767829057,-68.04226360901495,255.1506074662088,157.9921834404288
51.5425,0.3915940658716114,1.7408295343193985,0.0106173260596727,0.032510149639407,0.0164686150956212,0.0203800294158555,0.0057349298262593,0.0006172584690516,0.0473754887481692,0.9988598509400272,0.1451611372855151,0.0916886988392109,10.371697525194806,0.0069397123631713,0.0383613006434811,-0.1110480660279791,9.118522551522473,3.752098016643541,0.198547391037244,1113.7469482853655,1059.801762987995,1082.311640119294,1100.7281906479416,-220.96269638011628,-102.78491167741066,8.409706961624824,137.0698132330043,157.99195315338517
51.545,0.5006643667988661,1.3754801741973934,0.0427841909707477,0.0347841111779841,0.0201947067368441,0.0200766570403836,0.0058733538587009,0.0005099821227002,0.0473163617047186,0.998861968819106,0.1558219905768407,0.0983428788678414,10.361047701278615,0.0074377030910668,0.0382559041879528,-0.1098504038637206,9.118537018096337,3.752195346512929,0.1982511857401615,1113.5067124865564,1059.4614426358432,1082.404045069332,1100.9334745811047,45.505373331066494,-110.60836428956517,40.70844362699128,14.795416011988705,157.9917510121965
51.5475,0.5133308959236496,1.103601805558294,0.0878535743958726,0.0367700969993458,0.0225085053415474,0.0199099046499027,0.0059936216744738,0.0003886604956012,0.0472461982415595,0.9988647257329734,0.1659047164144676,0.1057234697959785,10.351313604635482,0.0079365876777542,0.0381852577670305,-0.1086295815997406,9.118554462561384,3.7522888696036234,0.1979639693520175,1113.974475152021,1059.2487211665475,1082.5151823374288,1100.8021677280015,307.5758097222906,-36.79307096679559,32.85918957843161,-111.1273429578773,157.9916443978649
51.55,0.4516923451843494,0.8674311135987832,0.1481065507977187,0.0381170318039143,0.0244652863603191,0.0199353852417769,0.0060903389662838,0.000260564932758,0.0471700256117249,0.998867927800952,0.1752680640701533,0.1136452730969265,10.342445145210212,0.0084322800634873,0.0381585276815897,-0.1073864191145208,9.118574852127502,3.7523788334460577,0.197686359325376,1115.0445915351688,1059.2774772810092,1082.568341017224,1100.377837866315,568.0131852000891,83.93526196637391,-4.696875635452087,-246.29550247669744,157.99160162731243
51.5525,0.3098307234275768,0.6168711319762121,0.2275241546059067,0.0389441407519317,0.0266204283291618,0.020315468356319,0.0061498876220489,0.0001413031543704,0.0470953590254985,0.9988713013465792,0.1836125699632101,0.1217445821477216,10.334381267597003,0.0089238437623257,0.0381849697330863,-0.1061228116786022,9.118597374966816,3.752465779337339,0.1974170485037891,1116.8145410780228,1059.6683974763798,1082.4916979592515,1099.570690215617,689.967852443342,194.89922236361497,-57.95291618729421,-337.9552943478647,157.9916235350764
51.555,0.1478354354058649,0.4270585032545783,0.2892682785577845,0.039172436650695,0.0281854638925291,0.0210172066557689,0.006168297790293,4.1964664460303456e-05,0.0470296095387121,0.9988745160766164,0.1907601377370528,0.1298407937355094,10.32704660045982,0.0094104475962274,0.038269739112718,-0.1048423712996349,9.118621071744931,3.752551503917827,0.1971538651816852,1118.4944307973824,1060.2519733928264,1082.278576436288,1098.6880613945773,663.5977764775605,257.18048059621225,-120.69632823366383,-387.73285979262425,157.99170241178592
51.5575,-0.0491617120635872,0.2498846683878001,0.3337963400297865,0.0392055935765533,0.0292920141103275,0.0221839368929849,0.0061502001168732,-3.2854796075626156e-05,0.0469781014195525,0.9988772837002136,0.1966890749425717,0.1379176621260994,10.320355224812648,0.0098909070907207,0.0384139535698982,-0.1035497810809035,9.118645199434292,3.7526381625898897,0.1968942584248323,1120.1325299604123,1060.9542998793615,1081.8882163180829,1097.6320259166532,613.9937162908651,268.13491244861245,-187.29896849053569,-446.41035388385615,157.9918437620908
51.56,-0.2702091839428805,0.0818496255614669,0.3576109623491207,0.0391588503956637,0.0299471727797349,0.023680486203367,0.0061004665602851,-8.515114357553438e-05,0.046937134153283,0.9988797321233612,0.2015217310631015,0.1459582339149945,10.31421719875674,0.0103632268706299,0.0386165884168443,-0.1022499182310328,9.118669675231581,3.75272596103758,0.1966372615318085,1121.5643993788383,1061.59264795507,1081.3420815938348,1096.4560096251569,493.2997799887683,196.82542676864324,-255.86991768828364,-496.0689389012678,157.992036611843
51.5625,-0.5124886135401846,-0.0724425763302452,0.3569666522687383,0.0386862607399154,0.0300663894029563,0.0252685881435841,0.0060305650838988,-0.0001189931039831,0.0469026533655208,0.9988819543690272,0.205434892680564,0.1540820958279069,10.30854096543642,0.0108260927095665,0.0388731015180515,-0.1009482703623278,9.11869418270144,3.752815760014329,0.1963851904586654,1122.5990288603539,1061.9384270132039,1080.6088667296426,1095.1516812221491,344.9569294383718,34.87034500788911,-361.347207988148,-598.6408701472543,157.9922912237346
51.565,-0.8099691007005864,-0.2346779186487158,0.3423608913672542,0.0370304886127494,0.0296204410684101,0.0267204194186468,0.0059551269618664,-0.0001298584459302,0.0468767880305596,0.9988837174371016,0.2084349895226706,0.1624865938328641,10.303241059293832,0.0112814150624768,0.0391761604217292,-0.0996503801520277,9.11871698679344,3.7529096870626737,0.1961402010086887,1123.2891840260284,1061.7669996801092,1079.5353455538957,1093.462805274423,161.479976624477,-186.22974837603144,-419.24412191139186,-631.9271320665345,157.99266776180988
51.5675,-1.0457867980190796,-0.3447263301895253,0.3370464731965838,0.0347554991804022,0.0287822441484173,0.0272927265818107,0.0058825117708847,-0.0001157954791556,0.0468610886571456,0.9988848772359376,0.2105742455907282,0.1712480482882088,10.298239790678249,0.0117313216788046,0.0395181797338421,-0.0983608740764243,9.118737484542537,3.7530083774309846,0.1959044545839108,1123.4064287434767,1061.0072782713232,1078.5126461200844,1091.9920455618148,-35.85352783473339,-443.9322095537594,-424.7516783733873,-584.0334820702733,157.9930404501115
51.57,-1.247089292217994,-0.4227830311967818,0.3619131306260336,0.0319934893376171,0.0275438807929569,0.0272853098886496,0.0058139459782375,-9.348075671254624e-05,0.0468476744023801,0.9988858633878496,0.2122741121593037,0.1802953128045823,10.293462924812852,0.0121739779558486,0.0398923464033408,-0.0970830041135285,9.118756678007284,3.7531107962237495,0.1956767687905363,1123.1099163868548,1059.5473386323395,1077.4115871620277,1090.5426378640705,-204.42835106523887,-791.2722631004647,-488.04150317317914,-605.0151713704099,157.99347398595603
51.5725,-1.4241603215728058,-0.4775496464197019,0.4420711136371155,0.0281977868465358,0.025871266301842,0.0271384540047192,0.0057316184560667,-9.053141647707503e-05,0.0468221992454304,0.9988875001543556,0.2141525019107682,0.1891736317573291,10.2888493084635,0.012605230644755,0.0402952661966866,-0.0958168197665695,9.11877572757356,3.753217791693357,0.1954517085467898,1122.3842869881514,1057.0509169558245,1076.072438604221,1088.9669697049655,-311.7292026580568,-1013.3002863605088,-483.2924608413833,-529.5945768875318,157.99406407202116
51.575,-1.499824615682952,-0.4938002695139536,0.548569740107597,0.0244991990926579,0.0245163555202529,0.0273115630822131,0.0056120998755032,-0.0001210919493879,0.0467789427168127,0.9988902077632886,0.2165374665244643,0.1973393221703606,10.284355446150016,0.013024203883515,0.0407241470317359,-0.0945594262565876,9.118795470225699,3.7533299946038254,0.195222911433595,1121.5512703735635,1054.4808372005343,1074.9951248578195,1087.8946649796314,-365.0188465066501,-1083.3489898773591,-411.1155916985069,-359.4190915824109,157.9946133648797
51.5775,-1.4807798195083408,-0.4874508163204693,0.6762890747031808,0.0202641187204406,0.0232648456189514,0.0280451075994816,0.0054479969616028,-0.000180080813511,0.0467214843655085,0.9988938429813572,0.2193699678012602,0.2046091430656491,10.279947116664347,0.01343402789454,0.0411731885769171,-0.0933071143346623,9.11881639555653,3.753447135506464,0.1949882487031967,1120.5591927556172,1051.6341720064347,1074.016860645727,1087.1698742470523,-460.1342228646992,-1251.2391248363213,-396.3946805958552,-228.3924388965519,157.9952212332488
51.58,-1.3346950510425493,-0.4657547867129585,0.8126543401322006,0.0149148438259966,0.022063702386331,0.0297883006027823,0.0052478437336677,-0.0002491760968338,0.0466583744247142,0.9988979126115014,0.2223251806146416,0.2111513042498634,10.27559625794532,0.0138402160701326,0.0416345377217029,-0.0920566195936895,9.118837577825314,3.753568201699996,0.1947503898739113,1119.2505992592423,1048.2246415763584,1073.013151454842,1086.7527027851495,-523.4373985504348,-1363.812172031852,-401.4836763544749,-166.86858476129316,157.99601654491977
