t,ang_acc_x,ang_acc_y,ang_acc_z,a_vel_x,a_vel_y,a_vel_z,quat_x,quat_y,quat_z,quat_w,acc_x,acc_y,acc_z,l_vel_x,l_vel_y,l_vel_z,pos_x,pos_y,pos_z,mot_1,mot_2,mot_3,mot_4,dmot_1,dmot_2,dmot_3,dmot_4,vbat
46.7075,-1.1582482095237479,1.1741602389617558,0.3862862076400868,-0.020379100397389,0.0371006617727922,-0.0262466396010668,0.0067421805217815,-0.0029551702599317,0.0656964206191419,0.9978123800121352,-0.0116684037811073,0.0178496087170505,9.692163572839384,-0.01148772124089,-0.0192926444851285,0.0016309673145149,7.737238225545028,4.284172266174388,2.0342102943915545,1118.3168890427903,1130.0482671842124,1126.9095328411875,1114.6486910967926,-68.53441890026393,18.666701372867006,-949.5541715248837,193.3187007979916,148.60278794374264
46.71,-0.9264990090570122,0.9392647890721152,0.5482209488365382,-0.0233209970006275,0.0410701419418364,-0.0256579078727384,0.0067720498285896,-0.0029078453302266,0.0656924212921414,0.9978125812817268,-0.0133398362114866,0.017632205096655,9.691249686989252,-0.0116153406663211,-0.0194912447616306,0.0013739632765284,7.737218037247229,4.284122006753781,2.034212662714358,1118.109061399136,1130.1205435466,1124.6514250389382,1115.0318334455715,-115.40519660603914,50.4339004272428,-911.583097359982,130.83710808121472,148.5994946026025
46.7125,-0.7154246052975543,0.6187080778386794,0.6711267018767433,-0.0249060175535521,0.0443933565552638,-0.0244570278805571,0.0067922680196732,-0.0028623958701985,0.065691302877978,0.9978126490245808,-0.0151748364724521,0.0171938566390892,9.690129858414915,-0.0117500177915837,-0.0197007749192191,0.001113544168913,7.737195791183954,4.284069746027456,2.034214270395295,1117.7398630597606,1130.3004366863483,1122.3516173543917,1115.302876637198,-210.91437213925144,101.71998544005216,-982.1842345200798,96.36969646771448,148.59616970063405
46.715,-0.5456754650940909,0.167879918553447,0.7433556062519522,-0.024742413031489,0.0462572035706398,-0.0218978915367404,0.006799098352454,-0.0028181637385379,0.0656887075072489,0.9978128998861582,-0.0171663917918692,0.0164981694309261,9.688812362788642,-0.0118912542010393,-0.0199204173826945,0.0008486267680621,7.737171920197412,4.284016940741121,2.0342152239225686,1117.0544895384392,1130.6291434738007,1119.7405038663353,1115.5136819279103,-296.33418052879574,130.6602400466331,-900.3397717104176,61.962290309807166,148.5921484471583
46.7175,-0.5033292768217364,-0.2242500110314065,0.7200265556123633,-0.0237679773076632,0.0458139043552208,-0.0189984241801387,0.0067921173192872,-0.0027724525240413,0.0656810348714424,0.997813583131576,-0.0193421558882397,0.0155733583358246,9.687310534082597,-0.0120386107311403,-0.020149275487882,0.0005781177198543,7.737147213261072,4.283963780084721,2.034215967543302,1116.258192157116,1130.9537378865818,1117.8499184958373,1115.6126880887473,-364.13885633202347,127.72273722364636,-656.6038289503527,28.09682401841937,148.58877464369968
46.72,-0.5667883361699345,-0.5858129768073062,0.5984741927228909,-0.0235340435254134,0.0439069117562882,-0.0159405730309014,0.0067753517242224,-0.0027286522176836,0.0656675918145477,0.9978147061230868,-0.0216065755058514,0.014522823446799,9.685642477865677,-0.0121919273992146,-0.0203863099338468,0.0003011803746863,7.737122798445621,4.283910050011305,2.0342166205458905,1115.2337952567807,1131.2677571599183,1116.4574847215863,1115.6541660480023,-439.75750272743664,117.3430481794494,-447.0034622956505,9.088265356553972,148.58538085383145
46.7225,-0.6964452610000734,-0.894338982649923,0.403068865036476,-0.0244438472981029,0.0411273484255206,-0.013402917115878,0.0067526010644188,-0.0026888442417393,0.0656494968550056,0.9978161623627516,-0.023890348709277,0.0134430586437753,9.683831367246329,-0.0123513025340334,-0.0206303487694014,1.696863147105946e-05,7.737098880179899,4.283856049880812,2.0342171220467926,1114.0594046434776,1131.5404531274792,1115.614901184358,1115.65812941553,-487.12617938965747,98.7545633126451,-181.9140976582709,-7.205425735670312,148.581972917122
46.725,-0.8641824235541371,-1.1202328895125828,0.1487472299260285,-0.0267117033049013,0.0375530032446699,-0.0124307151218151,0.0067258804510267,-0.0026542691916964,0.0656261973900739,0.9978179706278671,-0.0261436800824462,0.0123919075795783,9.68190519496668,-0.0125168523417199,-0.02088014259382,-0.0002753500191627,7.73707527572163,4.283802110855349,2.0342169821424325,1112.7981643598312,1131.7615299764818,1115.5479142332947,1115.6181389193239,-542.8434718289217,94.48258705282976,157.90101468424646,-29.447974610938623,148.5785505216159
46.7275,-1.0551788521467813,-1.293037062721858,-0.1708581730949687,-0.0303860353927022,0.033173818943058,-0.013334038005311,0.0066913605035387,-0.0026246281629687,0.0655983314846621,0.9978201150809072,-0.0283554399170988,0.011310498496214,9.679896599942158,-0.0126887035826283,-0.0211342200720667,-0.0005767454381047,7.737052118953496,4.283748157173922,2.0342161099156546,1111.3451872843355,1132.0128660627431,1116.4044062577784,1115.5108895424755,-499.35328115831834,100.63285150062563,458.5050973085272,-50.46381452281968,148.57442993404152
46.73,-1.174475242050354,-1.3665426541644583,-0.412964998721179,-0.0336478347147755,0.0298050445489717,-0.0151740961229577,0.0066448004651915,-0.0025996098545804,0.0655690108340452,0.9978224203804869,-0.030517189010191,0.0101259305126501,9.677841782325677,-0.012866925673065,-0.0213907654939639,-0.0008880511457109,7.7370293422365535,4.283693567562688,2.0342147246210702,1110.3013979540383,1132.2646942339852,1117.8404397198383,1115.3658198467097,-364.13237900937486,122.16795753623163,690.8913974992732,-68.47021511895171,148.57098678400112
46.7325,-1.2268889763434787,-1.38846171784838,-0.6027630713437327,-0.036802850214345,0.0267192184673243,-0.0173058687032162,0.0065884360191064,-0.0025813691684834,0.0655412089436909,0.997824669508486,-0.0325668675415994,0.0088806506976811,9.675779364223656,-0.0130513133076106,-0.0216476622387352,-0.0012095774553679,7.737006613861945,4.283637853121493,2.034212786118297,1109.5245253892876,1132.6237058504244,1119.8588632452763,1115.1685384668804,-277.441269819908,190.65193735536073,965.9182071503128,-91.08448961477832,148.56753653427597
46.735,-1.1925752524971625,-1.3801668688274715,-0.7602614263148411,-0.0407140656268635,0.0232999179663046,-0.0198170695827556,0.0065268056135353,-0.0025729226148536,0.0655171274416831,0.9978266796191348,-0.0344254520567475,0.0076536241947902,9.673750095367108,-0.0132412834812325,-0.0219025583563257,-0.0015412829557522,7.736983396363684,4.283580383051032,2.0342101107978774,1108.91419160494,1133.2179539207611,1122.6700307555857,1114.910397398636,-180.69261321115695,243.00769129582775,1048.42083618747,-87.73198710569037,148.56339116516483
46.7375,-1.0730388542342284,-1.3580652731974547,-0.8353641691184116,-0.0439935084520833,0.0206599459797721,-0.0218790660542984,0.0064653225656464,-0.0025761518474409,0.0654968967659525,0.9978284018360476,-0.0360375116655669,0.0065353060495091,9.67179618193393,-0.0134358063259807,-0.0221530232992504,-0.0018828499573686,7.736959086894214,4.283520849592108,2.0342068662340247,1108.6210623232312,1133.8387443069043,1125.1009674262164,1114.729878531352,-93.67116061980352,261.00077237915974,935.9781863564637,-49.51952394073682,148.55993486425135
46.74,-0.8549998252835723,-1.3274254771966492,-0.8602145781275633,-0.0470093991569472,0.0179382548990107,-0.0239625776509155,0.0064060784968673,-0.0025886333308967,0.0654769481339098,0.9978300627146952,-0.0374377109685315,0.0055509640650954,9.669960678764467,-0.0136333923892116,-0.0223967591099431,-0.002233927933852,7.736933304650202,4.283459091094619,2.0342026745566955,1108.4458358018408,1134.5229577826576,1127.3499216873704,1114.6627997789324,-74.70395551692918,288.53645090060905,895.4134081542138,12.587814734354277,148.55647967190276
46.7425,-0.4883619177434888,-1.277734794601394,-0.843550937057778,-0.0501007982167946,0.0141326615086284,-0.0262855878389683,0.0063500945815894,-0.002606133064413,0.0654535377593547,0.997831912394262,-0.0386998280185043,0.0047020975169322,9.668286527654793,-0.0138324050525737,-0.0226317145200018,-0.0025939691450901,7.736905663597744,4.283395318739984,2.0341973371103674,1108.247542545647,1135.281426561406,1129.5780344669836,1114.7928176050236,-83.45950324004066,243.2347870964288,712.6662346671425,89.32779859955129,148.55233840926513
46.745,-0.1137341456395959,-1.2204849697654283,-0.7990758653749225,-0.0520456618647511,0.0104501214114078,-0.027851292103037,0.0062985420420872,-0.0026276322428714,0.0654270808387246,0.9978339184116894,-0.0398381792829499,0.0039851813214304,9.66681587197776,-0.0140314948571465,-0.0228561590041594,-0.0029620687472887,7.736876709853688,4.283330064289801,2.03419088437414,1108.0285382856407,1135.7391317181387,1130.9132528607029,1115.1094387719295,-104.36282293325466,117.6564149173226,412.09011800889874,169.0960446791495,148.5488943326969
46.7475,0.2929080750293042,-1.1471530976629136,-0.7283330299228514,-0.0527174281314781,0.0068177850936851,-0.0290871781729349,0.006253256154248,-0.0026516912328021,0.0653979432533408,0.9978360493477432,-0.0408765165492203,0.0034072564235365,9.665589211863338,-0.0142295904053547,-0.0230689444243586,-0.0033370546553332,7.736847130137986,4.283264052414977,2.0341834681559967,1107.7257284309803,1135.8697086359928,1131.6384850570291,1115.6382978284198,-147.764011943097,-43.24728310555263,183.1405339355542,269.2293314755248,148.5454610860057
46.75,0.749951620701133,-1.0567765060435148,-0.6091505946453775,-0.0511162891224249,0.0034105822266931,-0.0306082870446191,0.0062163066236685,-0.0026765433121105,0.0653660322887256,0.9978383042293574,-0.0418461124423165,0.0029790921044086,9.664644802456616,-0.0144259806665131,-0.0232695861961979,-0.003717525777514,7.73681695646704,4.283197639853359,2.034174857459613,1107.289718225925,1135.5228953026108,1131.828955530381,1116.455585429308,-163.53532921685976,-217.8298372297539,-29.12596542185304,314.71383606650727,148.5413583505631
46.7525,1.0496805627803432,-0.9985782732970084,-0.4719207008619927,-0.0478098684766378,0.0015057199743688,-0.0321856787588475,0.0061850246432124,-0.0026986060710834,0.0653312592331621,0.9978407166246314,-0.0428200275583573,0.0026229332633421,9.664018377120893,-0.0146203591911192,-0.023458214069127,-0.0041021592525979,7.736786150275629,4.28313101355003,2.0341648895826467,1106.9080517848968,1134.7805594498452,1131.49285522992,1117.2118670087507,-144.44605992918582,-382.0487073678897,-213.37157321075208,296.5244663080586,148.5379575863992
46.755,1.210106670042434,-0.978134614442259,-0.2837084561097054,-0.0428415284972361,0.0002434292280631,-0.0340627440210004,0.0061553404615676,-0.0027138203855428,0.0652945531973177,0.9978432632523012,-0.0438823024788174,0.0022370721597605,9.663742530384033,-0.0148129021545676,-0.0236355180270144,-0.0044895742762236,7.7367548444967555,4.2830641347205365,2.034153321705091,1106.5674879262788,1133.6126517657704,1130.7620976643268,1117.938207760849,-120.9667185227608,-518.856207398365,-338.59632547424513,270.8178009104792,148.53458097562446
46.7575,1.2345945574975137,-0.9941543128148164,-0.0518926358685037,-0.037231200243648,-0.0009063359410309,-0.035893131892583,0.0061261810707299,-0.0027248362594615,0.0652578891959523,0.9978458139632072,-0.0449830471014712,0.0017733171271892,9.663846463609268,-0.0150043497237741,-0.0238027380750872,-0.0048780113878893,7.736723900365916,4.282996780399444,2.0341394863991704,1106.3032181922829,1132.186278412852,1129.799873602548,1118.565956013304,-78.61245293923149,-599.7393466904665,-418.53481921609136,215.57764413165887,148.53122883496323
46.76,1.1076231096388507,-1.043245703564962,0.2161002162718961,-0.032452763611431,-0.002459336487557,-0.0368392395810724,0.0060961131896692,-0.002736774086082,0.0652253261163001,0.9978480984310938,-0.0460237765289004,0.0011792982351215,9.664355897308631,-0.0151959703971074,-0.0239615988394262,-0.0052657403944068,7.736694201953898,4.28292896756083,2.034123695645642,1106.1744256615827,1130.6139550323207,1128.6694235682482,1119.0160959815064,-15.3960491563715,-679.0303614462282,-510.04437377374694,152.21517592841735,148.52791219049564
46.7625,0.8406383703061797,-1.1066635446214956,0.5338006380616414,-0.0293967718700953,-0.0053128106507843,-0.0357528238638595,0.0060628654258084,-0.0027544553944964,0.0652006355736535,0.9978498710872654,-0.0469107124582326,0.0003938667405652,9.665292919586799,-0.015389244006426,-0.0241143828424559,-0.005651315430056,7.736665956598194,4.282861797878353,2.0341067995982733,1106.2262379465008,1128.7911266056192,1127.2496517336779,1119.3270318929465,60.28645045882157,-627.8006291299306,-513.9346830900294,79.07845688906083,148.52398179215612
46.765,0.5820837766739715,-1.1312376366712231,0.7538710917501334,-0.0290162556009991,-0.0085903958562882,-0.0330391027328032,0.0060247822469457,-0.0027768913759621,0.0651823430143613,0.9978512395661108,-0.0476586174962586,-0.0006174191994771,9.666675610657053,-0.0155852946874575,-0.0242640472763775,-0.0060337393551892,7.736637780520626,4.282795931886209,2.034089660656505,1106.4758579138772,1127.4749518866695,1126.0997501527968,1119.411488265952,150.40127250026708,-460.3485226518026,-435.6609277224249,6.166348859875294,148.52075458952936
46.7675,0.347234446151744,-1.091912130204293,0.8883143719557329,-0.0296761583093428,-0.0122999345051468,-0.0295920211608861,0.0059807837049397,-0.0028014140047509,0.0651691439238892,0.9978523020381712,-0.0483112709618039,-0.0018670343625397,9.668518268860867,-0.0157849898995417,-0.0244138774520778,-0.0064123249749339,7.736608214444557,4.282731547868217,2.0340724630978566,1106.9782443090016,1126.4893839923623,1125.0713470950675,1119.3578636372458,285.6760784979445,-347.87956278160374,-410.1912884133701,-44.552840066876286,148.51758613433284
46.77,0.1314286708961388,-0.9483649613603526,0.9329946671536116,-0.0306805390596714,-0.016512910667179,-0.0256036116314212,0.0059320944463141,-0.0028263938639355,0.0651609388496225,0.9978530617941956,-0.0488869379303498,-0.0033151411564378,9.670831494359748,-0.0159890101272187,-0.0245672048687294,-0.0067864232495746,7.736576947140608,4.282668233545053,2.0340549175807916,1107.9042383063677,1125.7355540727604,1124.048793710729,1119.1887240656174,393.49906453028655,-209.20200779531325,-334.8335451400195,-73.47597612520865,148.51386236006076
46.7725,0.0126208440704813,-0.7469685415063377,0.8784042366509067,-0.0312729889462041,-0.0194981208783745,-0.022759592994115,0.0058827063026492,-0.0028493352675946,0.0651555650075866,0.9978536430534546,-0.0494145366937241,-0.0048587509654576,9.673622076746398,-0.0161977814614664,-0.0247272503477083,-0.0071553424844564,7.736544191191451,4.282605617018881,2.0340366563571313,1108.945739631654,1125.4433739533852,1123.3971793693668,1118.9904837566196,464.25936805209335,-60.274315296974486,-220.67448783920617,-87.47401010376731,148.51083182966912
46.775,-0.0539003496892238,-0.4757087113301953,0.7500069857519687,-0.0315763011599121,-0.0216202479937178,-0.0206705711827875,0.0058363593874274,-0.0028683628519591,0.0651475750556836,0.9978543847610116,-0.0499089630188349,-0.0063925898628984,9.676893153430678,-0.0164115638713539,-0.0248969018717535,-0.0075183875396324,7.736510800447168,4.282543498825325,2.0340180386901183,1110.225535146626,1125.434182496276,1122.9454212715339,1118.7513540150987,596.63329338447,43.40329344238452,-161.3389359747173,-113.19435518738494,148.5078848817784
46.7775,-0.0969272908976644,-0.1039686646860418,0.5442742219505629,-0.0317571467974071,-0.0228589680709979,-0.0189825571345179,0.0057951436985686,-0.0028811467258639,0.065130625014075,0.99785569583428,-0.0503941374277789,-0.007835519224876,9.680643998312073,-0.0166306073884753,-0.0250784476983513,-0.0078748948375756,7.736477990195776,4.282481346880106,2.033999424036893,1111.928906098578,1125.6603904205972,1122.5904846894928,1118.4245119806824,631.2535373429408,111.32735440681915,-105.55289703974324,-125.23132075005338,148.50445407586707
46.78,-0.1208396339107899,0.2119074062123712,0.3543939038345085,-0.0317069810533361,-0.022593913172482,-0.0181446495447684,0.0057585707866927,-0.0028884710830252,0.0651024279267088,0.9978577259204812,-0.0508360910992226,-0.0091538142610687,9.684869926212183,-0.0168553854587296,-0.0252732882319289,-0.0082240710271179,7.736445693695411,4.282418452065925,2.0339805673597815,1113.3818028333424,1125.9908192683104,1122.4176567863349,1118.1251974113484,561.6711891509218,152.5398729295853,-45.32019522202546,-121.42780941128096,148.50168910843823
46.7825,-0.1516890799421796,0.4940970220897118,0.1712563604343942,-0.0313904748362651,-0.0211347205470829,-0.0178744318130831,0.0057255920937643,-0.0028954644468605,0.0650633587290725,0.9978604411070447,-0.0511171547975977,-0.0103255671310465,9.689561876933286,-0.0170864231733537,-0.0254819941838226,-0.0085647348984176,7.736413447932213,4.282354433170892,2.033961141959145,1114.73726204433,1126.4230897852444,1122.3638837133828,1117.8173729336263,509.13735736436473,185.08478651933356,4.926095195830594,-119.3996248991269,148.4990285590884
46.785,-0.1969378051738104,0.7229208694414067,0.0093620717467897,-0.0310734564857906,-0.0189354958512112,-0.0181185934548005,0.0056969172018,-0.0029059256097496,0.0650148559867219,0.9978637320897408,-0.0511433348488394,-0.0112906914288762,9.694705577704404,-0.0173240142676375,-0.025704462694193,-0.0088952797517516,7.7363816138709955,4.282289768065326,2.0339415486967027,1115.9274896201655,1126.9162432009075,1122.442287262314,1117.5281992868524,422.2013427735533,204.89308497052184,81.25180078145993,-103.2230435172932,148.4964593490163
46.7875,-0.2596477943595474,0.866939247458434,-0.1141904190395786,-0.0310499642867835,-0.0160677980137211,-0.0187628290234467,0.0056729637334677,-0.002922736255886,0.0649584304981969,0.9978674897466842,-0.0508398138994746,-0.0119930326604454,9.700281235376659,-0.0175680547461892,-0.0259399699767023,-0.0092136895430839,7.7363503971931,4.2822248133971135,2.03392173761754,1116.8482687581989,1127.4475552100976,1122.7701427172904,1117.3012577160396,333.2312619735451,227.4912413727884,229.5514141525287,-75.02125414773674,148.49400563057003
46.79,-0.3427304910083314,0.9322836918366972,-0.2112509802693765,-0.0315683345868441,-0.0123316138482632,-0.0196605997314894,0.0056511430696455,-0.0029459711848678,0.0648961543185863,0.9978715936459892,-0.0501920275373734,-0.0124323945907111,9.706263185331073,-0.0178178773770741,-0.0261871088971433,-0.0095176718180265,7.73631910671873,4.28215925255525,2.0339005122896765,1117.5936459300317,1128.0536994077704,1123.5900443330756,1117.153093016114,210.9650766643257,201.3520085953921,385.15328118113155,-26.752050396030384,148.49120110363327
46.7925,-0.4034185700029354,0.903743162010572,-0.2504299418623628,-0.032478541498106,-0.0094288106420815,-0.0203848528865094,0.0056302394689192,-0.0029734831177015,0.0648322815158493,0.9978757803253488,-0.0492300576571707,-0.0125821880607569,9.712619623329783,-0.0180722356161977,-0.0264437983997385,-0.009804427829747,7.73628669490714,4.282092661280951,2.033876812941341,1117.903094141521,1128.454315253075,1124.6959091231968,1117.1674974640596,59.144475193958655,118.15669418000064,525.627333453171,41.20665634352628,148.48898494521305
46.795,-0.4351009786861617,0.810810620855995,-0.2518171671832102,-0.0337005778345605,-0.0069559876092362,-0.0209867239181431,0.005608252663961,-0.0030015526931512,0.0647727498413437,0.9978796864774084,-0.0480197432307518,-0.0124337408862598,9.719312863350765,-0.0183293023102104,-0.0267072860569001,-0.0100709317840745,7.7362524379116815,4.282024099377639,2.033849817518376,1117.8893683060016,1128.6444828786707,1126.2181810003428,1117.3591262978318,-77.65734891197795,18.735019351396417,728.5958875551192,129.95588619285624,148.48689909909012
46.7975,-0.4187141897844523,0.6619998543464171,-0.2179472628771124,-0.0352095653009756,-0.0048666464898963,-0.0215117810772947,0.005583907073715,-0.0030272611526944,0.0647221460805626,0.9978830309510904,-0.0466153271744216,-0.0119718194461678,9.726299885413411,-0.0185867119259783,-0.0269743992932143,-0.0103140985512327,7.736216164131859,4.281952548517568,2.0338191699458323,1117.5148073969615,1128.547990349832,1128.3388885609693,1117.8172768950233,-190.93235941081056,-89.09554730721528,782.2521356168272,205.3764998923129,148.48455178122788
46.8,-0.3475741927638172,0.5369819694107902,-0.1650895641909728,-0.0366900463969581,-0.0041700281061904,-0.021868054292512,0.0055567154797346,-0.0030484918213302,0.064682125571529,0.997885716451085,-0.0450596342313115,-0.0111746162633866,9.733533152053212,-0.0188417162358167,-0.0272418567153455,-0.0105311902165572,7.736177889358162,4.281877478027824,2.033785502421308,1116.934706508947,1128.1990051421344,1130.1294416784287,1118.386008797294,-272.2986698947778,-174.57906804311443,661.499262420355,258.42475947084006,148.48272879289615
46.8025,-0.2088209706197235,0.4402790164184485,-0.0905346635350104,-0.0385055309532374,-0.0043778211133725,-0.0221807068096328,0.0055303521207834,-0.0030629945129594,0.0646510653385525,0.9978878346761096,-0.0433980784884137,-0.0099476974440327,9.740961586193448,-0.0190914134575199,-0.0275066998416765,-0.0107200472073978,7.736137891291315,4.281800311193765,2.0337502000105996,1116.153314047487,1127.675095009616,1131.6463848730727,1119.109400692378,-360.3719855719741,-223.56641329185877,545.3259884746288,334.89944864566934,148.4810476123907
46.805,0.0268176787458186,0.3688611629466018,0.0205398126748392,-0.04048865890242,-0.0047508565555341,-0.0224652183963998,0.0055077008072639,-0.003071444134126,0.064627654847417,0.9978894525551044,-0.0416254419813329,-0.0082238772231929,9.748532282814084,-0.0193332471898171,-0.02776632791598,-0.0108795223714762,7.736096039894899,4.281722519095633,2.0337144308367554,1115.1328465810889,1127.081173075676,1132.8560716207996,1120.0605060405207,-360.5200450433681,-169.9355262464632,314.45664116942174,343.32420377722275,148.47919791133876
46.8075,0.2559374867974361,0.3366122395221566,0.1274689331404635,-0.0412326082219958,-0.0043885161756881,-0.0225729025017956,0.0054879210461489,-0.0030743476996938,0.0646101718564885,0.9978906853238138,-0.039749020460421,-0.0060167039787701,9.756192067258388,-0.0195651108519889,-0.028018549863587,-0.0110098483568995,7.736052415039374,4.281644411468994,2.033679278268435,1114.3507138222717,1126.8254173783844,1133.2186680789184,1120.8260217112627,-266.33805703354494,-7.5770539851835,1.261245504246554,275.3702089765694,148.47779871422912
46.81,0.4687101692146083,0.3060753955540629,0.2414758112926903,-0.0402470333009655,-0.0032898829631272,-0.022373865251236,0.0054677476338114,-0.0030726764567789,0.0645979744347464,0.9978915906241328,-0.037773994178459,-0.003395965598007,9.763889113077248,-0.0197856350662148,-0.0282615028313074,-0.0111124743605856,7.736007561145247,4.28156606167803,2.033645781982228,1113.8011562959205,1127.04328780575,1132.8623778483209,1121.4373570854043,-162.77259617814565,186.57185923866115,-252.37520749702344,201.87314968187496,148.47654972798637
46.8125,0.6234938908981292,0.2555872758778205,0.3522314830323564,-0.0377230430371003,-0.0018794549814742,-0.0219424898862373,0.0054453613156265,-0.0030701837417856,0.0645909717383053,0.997892173443219,-0.0356523093599593,-0.000415133661984,9.77157429095281,-0.0199943466899857,-0.0284936674997584,-0.0111895362576128,7.735962871317088,4.281487780577754,2.033614334184055,1113.5368508413803,1127.758276674578,1131.9567920414327,1121.8353874596723,-26.39635276157277,408.02617627174,-466.5270638569532,93.47460024709424,148.47542698954192
46.815,0.6646938385797517,0.1632530855006706,0.4440657387507641,-0.0342379756980194,-0.0003809684539094,-0.0212530149267888,0.0054195032899053,-0.0030710535537409,0.0645834790789484,0.997892795730937,-0.0333282255639542,0.0028742259117326,9.779202257514253,-0.020191253551036,-0.028714008164964,-0.0112436699983771,7.735919346803744,4.281409563838275,2.033584972064788,1113.6691745321127,1129.083418687107,1130.5297425290382,1121.9047300866391,146.73233702930472,695.7097832588794,-697.147713728289,-51.43231136541642,148.4744582274166
46.8175,0.558193174046315,-0.0016157954317749,0.5078436788697555,-0.0304424613032241,0.0008514672613262,-0.0198973869985988,0.0053892120811753,-0.0030766464383162,0.0645693376372641,0.9978938570364304,-0.0308015322928074,0.0064224284223802,9.78673218055934,-0.0203768823616386,-0.0289216849677413,-0.0112778014426351,7.735877023544672,4.281331472652993,2.03355751972077,1114.2705125265275,1131.2368255908743,1128.4710534727894,1121.5782259028451,281.35754356907614,844.6693433321113,-769.5165120866178,-181.73376586500837,148.473475592256
46.82,0.3468793243837184,-0.1752969729125417,0.5023513383517332,-0.0282522878517996,0.0011911174516173,-0.018157209498274,0.0053516246097618,-0.0030832686410148,0.0645467341557111,0.9978955003382816,-0.0281734324101671,0.0101423792892349,9.794128328851134,-0.0205522563114853,-0.0291157305593659,-0.0112950379765306,7.735835638280408,4.281253263763436,2.03353184553942,1115.0759622499588,1133.3067654037695,1126.6821599686032,1120.9960612573138,362.3961376433384,828.9846455567193,-680.1322885939318,-278.04886538654324,148.47280772487176
46.8225,0.0400834801987985,-0.3648532384511268,0.4165671149109763,-0.027628918674813,0.0008935448404346,-0.0158698846354449,0.0053050537560214,-0.0030881297279209,0.0645167274041696,0.9978976736436868,-0.0255256505218091,0.013962376310193,9.801360044295505,-0.020718723625073,-0.0292951028229795,-0.0112979760345721,7.735794806241682,4.281174696481518,2.033507124464261,1116.0824932147425,1135.381748818654,1125.0703920298229,1120.187981575914,461.84141915709023,852.9792165018719,-619.5871196060139,-376.03422905584785,148.4722975812844
46.825,-0.3885295265242547,-0.5758678647751972,0.2165692758210368,-0.0288683545274213,-0.0002206059583777,-0.0130247434115666,0.0052509274359562,-0.0030923552919303,0.0644802420929601,0.9979003046188007,-0.0228583684792822,0.0178605647633463,9.808401146790004,-0.0208776709396376,-0.0294588181001896,-0.011288258629258,7.735754722554195,4.281095675550675,2.0334820680682384,1117.3851693457455,1137.5716614862813,1123.5842243705715,1119.1158901120336,478.5371480765487,719.2835518000678,-446.72904814719794,-385.6238127576335,148.47186851569947
46.8275,-0.762952102066924,-0.7086278851985685,-0.0143335991369614,-0.0310599458370217,-0.0018804037152067,-0.0114067267917324,0.005193791231775,-0.0030966519650595,0.0644386250868575,0.997903278914447,-0.0201746547790352,0.0218712617272462,9.815229093171764,-0.0210302949016135,-0.0296059321704503,-0.0112666732379474,7.735715145041272,4.281016659379383,2.033456414592225,1118.4751789551265,1138.9781665776563,1122.8367467890855,1118.2598625121248,429.8139226112924,453.4672179454933,-186.69837909609367,-309.60539630314963,148.47166384365138
46.83,-1.1283921748917671,-0.7612441676109262,-0.2674884332771021,-0.0335926790174945,-0.004385050736931,-0.0116897714564175,0.0051383062956218,-0.0031015587626472,0.0643933521332421,0.9979064741149112,-0.0174793499577392,0.0260265688422848,9.821824432542943,-0.0211774416011519,-0.0297354607067062,-0.011233387277136,7.735675429105307,4.280937943863557,2.0334300983983247,1119.5342389588,1139.8389975760067,1122.650732475092,1117.5678631305193,464.2126654658467,249.71323282594267,39.9813257452729,-249.0828127535769,148.4716177859891
46.8325,-1.536933365605246,-0.7001177559192695,-0.5308054893428861,-0.0369804922775686,-0.0081151510513528,-0.0142116528813493,0.0050835931073324,-0.0031070722180134,0.0643446060625004,0.9979098812459716,-0.0147937695217515,0.030246505729095,9.82817070209391,-0.0213194183813975,-0.0298462456750358,-0.0111884255425869,7.735635099643376,4.2808592400929335,2.033402830215435,1120.796242282457,1140.2267327417867,1123.0366534178122,1117.0144484483562,470.65980632472497,44.313962348792366,230.06532912060771,-154.54497609472406,148.47174499748067
46.835,-1.8372074351743444,-0.5372806596724486,-0.6758723142128557,-0.0406986646108854,-0.0111544488149921,-0.0171945003102845,0.0050258029021202,-0.0031124614148893,0.0642946891292543,0.9979133726158926,-0.012156274154223,0.0343903663679403,9.834253588929856,-0.0214561964434222,-0.0299368084945459,-0.0111316645227403,7.735593472679997,4.280779393115195,2.033374565512008,1121.8875379904248,1140.0605673877508,1123.8010591206955,1116.7951382500453,456.14266786870405,-149.64350220384372,382.68889971780726,-47.580750023505594,148.472001821575
46.8375,-2.072323576332667,-0.2724362102408666,-0.718120485121565,-0.0456188146180446,-0.0130385510278137,-0.0201585559893817,0.0049597080739409,-0.0031156700059992,0.0642472145284315,0.9979167476322768,-0.009632212782613,0.0382894512111689,9.840060235043836,-0.0215874533052696,-0.0300054477602841,-0.0110629143507206,7.7355503533183185,4.280698137549738,2.0333460834556227,1123.0769556217983,1139.478515230768,1124.9500979163995,1116.7765446982387,497.11844808127387,-287.4314930189833,515.9655463584475,11.671712086257171,148.47241297661623
46.84,-2.2353245102669983,0.0505805455519644,-0.6739505554528854,-0.0514262257738102,-0.0135445082247806,-0.0228490835647537,0.004883143700918,-0.003115434699299,0.0642035213583643,0.9979199344971624,-0.007267064007965,0.041832674970969,9.845578143269659,-0.0217125846578063,-0.0300506153257447,-0.0109816667727313,7.735506031043643,4.28061523883707,2.033317749111992,1124.3731302308324,1138.6234099226551,1126.380886852489,1116.8534968104764,543.622079176652,-392.51296369359727,634.0370524950624,35.11848616242809,148.4729499263938
46.8425,-2.296493041194324,0.4033608422949649,-0.5417822193936583,-0.0579316713391237,-0.0122202306075332,-0.0249694336763054,0.0047984378588991,-0.0031109852893047,0.0641656536151177,0.997922791252468,-0.0050904638254486,0.0449968829133185,9.850794556166436,-0.0218310484433134,-0.0300710026009337,-0.0108870536564638,7.735461441097946,4.280530590124509,2.0332895181224715,1125.7950660176828,1137.5159504122992,1128.1202831788764,1116.9521371290512,643.5222444309088,-527.5990021345275,824.1946553466954,30.53328680751341,148.4736352725874
46.845,-2.2506720863342053,0.8156365998462642,-0.31837878013023,-0.0653976747088744,-0.009016977843423,-0.0265343236294253,0.0047062532829832,-0.0030994057068944,0.0641363573025991,0.9979251447896716,-0.0031757958320048,0.0477310112887683,9.855697345159305,-0.0219423967342331,-0.0300656389301474,-0.010778359269062,7.73541685030566,4.28044385292126,2.0332608943099624,1127.590741452984,1135.985414911985,1130.5018601292188,1117.006163244514,656.6307331443392,-581.2690940723977,905.0229657174813,3.9960054305972807,148.4746241570466
46.8475,-2.125236000287484,1.1308395038347134,-0.1117974595982812,-0.0709064761542501,-0.0058647976152829,-0.0268244113742209,0.0046070756678704,-0.0030808067322165,0.0641154719132128,0.997926999919101,-0.0015366823648951,0.0499806517007164,9.860274898136765,-0.0220462024891807,-0.0300343588044712,-0.0106547930078877,7.735371898945034,4.280355032645121,2.033230911692696,1129.0782196834064,1134.6096049419357,1132.645398007466,1116.972117156204,563.0129942373817,-552.8508892258642,858.4329975968259,-26.063886222014244,148.47558263564216
46.85,-1.9325636418317889,1.4114039066485269,0.0758546461631067,-0.0757970398418137,-0.0028154735336529,-0.02605473209056,0.0044993061713904,-0.0030564614029533,0.0641026504839151,0.9979283802578602,-0.000165534819956,0.0516551305400046,9.86451692626739,-0.0221422036980811,-0.0299779549268936,-0.0105158580151645,7.735326706733499,4.280264959094816,2.0331992509873875,1130.4058064241724,1133.221160465854,1134.7940251172051,1116.875843813404,502.0166736243954,-590.0012385217815,901.0523875191675,-42.63237057379468,148.4766747606755
46.8525,-1.6544992533503875,1.7110318966473623,0.2436626014987373,-0.0809894646534016,0.0009424795338824,-0.0243804925835136,0.0043830880878317,-0.0030258687232563,0.0640956353898995,0.9979294304682468,0.0009137495219971,0.0527087431385368,9.86841462390735,-0.0222301731957775,-0.0298985926876774,-0.0103614952421764,7.735281414059661,4.2801749093762735,2.0331665007270145,1131.588303051526,1131.6595987493295,1137.150659945058,1116.7589553033351,329.85854550708103,-537.6858312353737,795.6444292824494,-29.370136981773136,148.47813210405027
46.855,-1.407177807354012,1.9277735579538968,0.3225028270136898,-0.0845064287399458,0.004609532173889,-0.0228265297959326,0.0042595478381237,-0.0029854473389242,0.0640897373706735,0.9979304571089888,0.0016194392777024,0.0531297333886492,9.87196170408876,-0.0223098744109048,-0.0297999264354767,-0.0101924375541484,7.735235460186256,4.280086121515152,2.0331341252942448,1132.0550991517086,1130.532731309676,1138.7722472636194,1116.7289931284947,43.36731090418253,-396.76455484684703,550.8375585944488,19.706636071522475,148.47946265000527
46.8575,-1.170719869979621,2.0974278428201902,0.33813310343339,-0.0871065779313407,0.0092619448230844,-0.0215268379095838,0.0041314054624612,-0.0029338908000814,0.0640804247821325,0.9979317433403284,0.0019189988111802,0.0529475688594815,9.875155040497674,-0.0223813528303392,-0.0296869089311284,-0.0100100700447285,7.73518839917003,4.279999812890043,2.033103363691488,1131.805139606047,1129.6757759750942,1139.9048477380315,1116.857488483693,-294.42172853241067,-301.2330304355612,374.11999532421225,113.81998000625919,148.48090553512185
46.86,-0.9244898186875234,2.2231532676206887,0.2985424855864627,-0.0892677740387283,0.0157859352523586,-0.0204560504030463,0.0040047601085197,-0.002873185917819,0.0640681450008176,0.9979332273776924,0.0018526090831953,0.0522684193896767,9.877995246154848,-0.0224452993073562,-0.0295653439984377,-0.0098162114880773,7.7351403932881535,4.279916389531841,2.033074492074737,1130.582990509048,1129.0265661574995,1140.6428472402388,1117.2980930285255,-592.7373605832296,-170.63220984110015,172.0352703113833,223.7214500225256,148.4827564806436
46.8625,-0.7608146014130925,2.246792324967541,0.2320699954526966,-0.0905079284522239,0.02157368092736,-0.0199479694634042,0.0038843646673409,-0.0028080936124461,0.0640528717083281,0.9979348762625015,0.0015171669525382,0.05118349910045,9.880488340635084,-0.0225027655661871,-0.0294416459930001,-0.0096132487311684,7.735091823703189,4.279836312547848,2.033047704980581,1128.8414528031294,1128.8226149258883,1140.765024089589,1117.9760957338062,-807.3618787988343,-12.991134084125129,-35.593568003268935,349.39067144264607,148.48439030880795
46.865,-0.6401869638869137,2.173106828668861,0.1487231092678079,-0.0915695660692259,0.0274445041622807,-0.0197360621782289,0.0037726735955608,-0.0027445126721041,0.0640331852182384,0.9979367537655824,0.0010332931968467,0.0497524694576584,9.88264654889304,-0.0225550946441888,-0.0293224117360745,-0.0094040340736626,7.735043096037469,4.279760180006813,2.0330232193837783,1126.5461811150517,1128.9616104870788,1140.4648794002223,1119.0450463857399,-963.7782966795056,106.69938439214702,-171.08926846887795,496.26107767448616,148.48610846646437
46.8675,-0.5465274212918415,2.015468312441188,0.0624650242054914,-0.0927448171364098,0.0331270008439806,-0.0196900526676072,0.0036697641345427,-0.002685443107097,0.0640083492366586,0.997938898253426,0.0004662122300402,0.0480063542791263,9.884488660207415,-0.022603923883543,-0.0292138140422643,-0.0091917997570797,7.734994562709724,4.279688033044174,2.033001117370582,1124.0225613197363,1129.3561118478483,1139.9095777472453,1120.4574011221764,-998.8294330993529,206.7889673304824,-257.7231319448017,639.7838576008232,148.48788816758207
46.87,-0.4686268845766362,1.76227036539794,-0.0173298065080481,-0.0941796817834992,0.0381434793208955,-0.0197769583092606,0.0035741201133838,-0.0026293489937059,0.0639776000938513,0.9979413690171955,-0.0002054220318098,0.0459636523180874,9.886039719576516,-0.0226510189804601,-0.0291211043867126,-0.0089799089855354,7.734946444175335,4.279618876848288,2.03298091751418,1121.5520339495595,1129.9955553237303,1139.1762637404995,1122.243965673741,-992.2631205088163,316.28036621688995,-330.92750889815204,844.4860539362934,148.48973162258824
46.8725,-0.37234581927535,1.366916008629742,-0.0960351037609644,-0.096030966124137,0.0432873323006096,-0.0199927795743795,0.003481087558071,-0.0025724465784296,0.0639430408861362,0.9979440597002333,-0.0010460607343836,0.0435949142205882,9.88733052619958,-0.022698358198033,-0.0290479856988705,-0.0087716179920416,7.7348988869985424,4.279550730369968,2.0329620618027477,1119.0612457171896,1130.9375136789336,1138.2549402027537,1124.67983139186,-784.8809592929306,357.24581936287814,-324.324549539158,911.132948758393,148.49200432255975
46.875,-0.2799804195861341,0.9825806190635276,-0.1416534966003885,-0.0973880522167781,0.0467281755244116,-0.0202575093005729,0.0033853709149927,-0.0025135708812256,0.063909841751108,0.9979466634088108,-0.0020642330169444,0.0408632504967761,9.88839603676501,-0.0227481057530342,-0.0289963897293025,-0.0085695613858417,7.734851593637523,4.279481745306704,2.032943530778071,1117.6276291530928,1131.7817844205456,1137.554640992803,1126.7996304175351,-402.7414685956071,331.25973279600765,-250.80598648455708,824.8131673871965,148.4939395178533
46.8775,-0.1727095573580742,0.5763110352333871,-0.1598693271736744,-0.0982049304910688,0.048888810196874,-0.0206019296391417,0.0032840787919093,-0.0024551202642416,0.0638855814700547,0.9979486996938528,-0.0031905166692162,0.0377803754208094,9.88927363129244,-0.0228025006265426,-0.0289665731978128,-0.008375484981296,7.7348047102914785,4.279410451307869,2.0329244540033646,1117.0475383742134,1132.5938123429123,1137.000910270332,1128.8038972287923,-46.855039577416065,333.298410850432,-207.4297358716952,810.473771146002,148.49590709130524
46.88,-0.033099634298985,0.1138755114422671,-0.141913677666619,-0.0984922801130826,0.049867364970319,-0.0210526728591032,0.0031757360319944,-0.0023966763706095,0.0638719874655863,0.9979500635266064,-0.0044059933232464,0.034392098007143,9.890002065097347,-0.0228632198450104,-0.0289577305912949,-0.0081906513321875,7.734758144712393,4.279336654291991,2.0329052702573014,1117.3933539552056,1133.4482764747986,1136.5174923134439,1130.8519992732674,287.42156594856925,285.3458498116556,-154.6670575557191,667.5289847465815,148.49829407341198
46.8825,0.0857040501104864,-0.2113248840028404,-0.0877334920617153,-0.0982532531995402,0.0493769703287556,-0.0214083082808234,0.0030624870713004,-0.0023393407471961,0.0638651909741771,0.9979509912254888,-0.0056545597265584,0.0308133877493616,9.890619476310963,-0.0229314374861884,-0.0289683765321167,-0.0080156261398037,7.734712188363417,4.2792610510645686,2.032887150864034,1118.484646203957,1134.020541591971,1136.227574982553,1132.1415421525269,566.3712413876659,194.55703335697268,-106.6718247596388,415.81047762908,148.50029677878146
46.885,0.2009106236282392,-0.4307136512518561,0.0136592835044258,-0.0975732400192162,0.0476240021504113,-0.0218188111040562,0.0029469358107361,-0.0022831486290368,0.0638622687020303,0.997951660176622,-0.0068984229172089,0.0271666425239007,9.891162281549088,-0.023008097378864,-0.0289963293047148,-0.0078505706919421,7.734667056823508,4.2791844195381525,2.0328709170223997,1120.2252101621411,1134.4210616415824,1135.984133189646,1132.9310516614107,854.1413453023955,133.28336191746078,-110.07568449211983,236.76578801761644,148.5023044356011
46.8875,0.3333164123661435,-0.5358326496660628,0.1931321099051643,-0.0964211943690379,0.0443206319231431,-0.0224111269764942,0.0028303897696712,-0.0022268441224397,0.0638597520953667,0.997952290465648,-0.0081260462342621,0.0235449327507507,9.891663653042787,-0.0230937184626839,-0.0290389868052963,-0.0076952124248092,7.7346225450928845,4.279106919354983,2.0328565993810606,1122.7553529304712,1134.6869584015587,1135.677196560092,1133.3253710926156,950.8420978181812,59.90920676169144,-118.90675873672365,67.14473161656518,148.5047093380319
46.89,0.4421871252279157,-0.4832935316662158,0.3857550727944294,-0.0954404982712755,0.0410603817148947,-0.022810022346496,0.0027132578873815,-0.0021713575226452,0.0638558854155042,0.9979529902536532,-0.0092841839143612,0.0200135511855774,9.892151627109328,-0.0231884605399949,-0.0290933919485168,-0.0075484652459328,7.7345786710575934,4.279028091312738,2.0328433538875386,1124.9794206512347,1134.7206076753912,1135.3895993959623,1133.266775319494,857.5242568903445,-27.20195665122192,-117.7442532987859,-79.19808495151229,148.5067029161692
46.8925,0.5568588647253345,-0.3053611070967981,0.6020026501103706,-0.0946682323545396,0.0384739670504952,-0.0225834855586645,0.0025950157242961,-0.0021156852584284,0.0638509489488898,0.9979537443171111,-0.010360700662601,0.0166130404112061,9.892647580139663,-0.0232919726811294,-0.029156388834844,-0.0074084543862485,7.73453493188796,4.278947950392593,2.0328297928670938,1127.042974214919,1134.5509486183028,1135.0884752935988,1132.9293806678584,766.7911436365727,-101.67257961651812,-115.0296201206268,-162.11606020111395,148.50867773955872
46.895,0.6799250698412563,-0.0617289796103598,0.8092924931153592,-0.0940448779335099,0.0374107324824227,-0.0212557990312135,0.002478633769834,-0.0020612127002829,0.0638447139982912,0.9979545552295722,-0.0112952049265449,0.0134400671371818,9.893164335654225,-0.0234032482045278,-0.0292249754747653,-0.0072720687264145,7.73449090616112,4.278867313750063,2.032814585024109,1128.8133763694195,1134.2122447773083,1134.8144512953588,1132.456195018488,616.0956660594852,-173.13171303826732,-92.3971565407992,-202.8090530981316,148.51063146143875
46.8975,0.8078937799008623,0.1982183212142656,0.9617114727617316,-0.0931615284021169,0.0385467215660747,-0.0182641310913221,0.0023670117076915,-0.0020085946370702,0.0638365894733788,0.9979554510483072,-0.0120464694929276,0.0105803304301881,9.893705657742291,-0.0235205676135701,-0.0292963524395746,-0.0071355078720009,7.73444632454161,4.2787868350488365,2.0327973019223076,1130.123452545218,1133.6852900531112,1134.6264895108943,1131.9153354023672,463.917488650999,-264.1113196410644,-52.729596362635434,-237.540355738372,148.5125533957608
46.9,0.9433951115693556,0.4533518740885928,1.0308904839053652,-0.0911731676603839,0.0417258636738721,-0.0135834810389642,0.0022592034742716,-0.0019556581901594,0.0638271361137626,0.9979564018668636,-0.0126397316271388,0.0080364409362631,9.89426606226002,-0.0236415838082213,-0.0293678030686806,-0.0069949383998477,7.734400743245247,4.278706556709783,2.0327778040337554,1131.1329638126724,1132.8916881791042,1134.5508033135459,1131.2684932397972,283.58961898947246,-302.67143314743385,0.3429816285914121,-232.4435574120064,148.5148152366466
46.9025,1.014551419359826,0.5833819875647117,0.9738718681323308,-0.0884496383928408,0.0447730270454565,-0.0099173126593089,0.002150452994345,-0.0018994994494667,0.0638177408667027,0.9979573361522606,-0.0131261988691864,0.0057260442919847,9.894830735785263,-0.0237634151789036,-0.0294366520108078,-0.0068467874438851,7.734353560610546,4.278626236053165,2.032756500608364,1131.541400640166,1132.1719328873733,1134.6282044190375,1130.7531176153063,89.63401614755601,-273.68859420489207,60.51639154281107,-203.9246685340325,148.5166577228667
46.905,1.010340657267418,0.6167181729837676,0.7975120323204447,-0.0845152541074683,0.0472500125296961,-0.0069917334819602,0.0020351628043113,-0.0018380577866546,0.0638087692781031,0.997958248664122,-0.0135488428292179,0.0035388132005688,9.895375906601792,-0.0238827243682507,-0.0295003415820424,-0.0066878586126885,7.734303781533353,4.278545068812437,2.032733764161805,1131.5811338934104,1131.523245208079,1134.85338527126,1130.2488698971265,-46.56003907207065,-232.5683021457576,133.77530394321528,-228.04785702644767,148.5184502560167
46.9075,0.9013484068251068,0.5622586931898536,0.4697274947867984,-0.0792218311012029,0.0492556272939809,-0.004095582183477,0.0019113741590647,-0.0017724198249688,0.0638024287794401,0.9979590020846116,-0.0138912770205999,0.0014227837032903,9.895869779375657,-0.0239962008098479,-0.0295563622041504,-0.0065152651024472,7.734251348483648,4.278462318570008,2.0327099250226817,1131.308600444806,1131.0090913766455,1135.2970809387527,1129.6128783301751,-139.58585747811543,-119.279404760512,193.05496196128968,-244.06079299666337,148.520537099985
46.91,0.7374045040537212,0.4598430261740249,0.1278282637208525,-0.0757977129062302,0.0502071577364411,-0.0025480684803345,0.0017806826253244,-0.0017025099893378,0.0637991731593846,0.997959566084094,-0.0141627860511212,-0.0006109293537023,9.896274476518174,-0.0241006506918988,-0.0296025194165026,-0.006326875500629,7.734196767764595,4.278378429457022,2.0326858114973767,1130.8832046060195,1130.926848184276,1135.818660081067,1129.0285659321423,-199.60164838211105,59.63997223426891,240.42459356761788,-245.7136853201171,148.52221830617245
46.9125,0.5434873433220486,0.3236757426979957,-0.23801557143064,-0.0748561116280319,0.050639701828556,-0.0024931094509879,0.0016493223357645,-0.001631838561203,0.0637953849742019,0.9979601537237112,-0.0143024726665012,-0.0024714717316694,9.896548158224196,-0.0241932628815053,-0.0296371803374021,-0.0061212077928088,7.734140685082727,4.278293590761742,2.032662045191586,1130.310592202895,1131.307291237817,1136.4992039065917,1128.384309903574,-279.38661898186126,277.42840864664447,329.1852989102419,-286.87776783375455,148.52383496222944
46.915,0.338473635347928,0.1426123432903812,-0.6393357258644449,-0.0757111142708535,0.0508062927210454,-0.0044318677690897,0.0015222924050805,-0.0015636137718088,0.0637884176304262,0.9979609197179484,-0.0142621773035811,-0.0040977695106452,9.896647931920992,-0.0242721062778848,-0.0296590689725863,-0.0058980372744835,7.734083988637018,4.278207689857971,2.0326393886555416,1129.4862715111115,1132.313990227508,1137.4645865756167,1127.594177092975,-324.25896021824667,446.3034958405378,366.4569125312881,-279.03344334881064,148.5256960258845
46.9175,0.219601146942501,-0.013882745514402,-0.8971036143972311,-0.0764630362095493,0.050762446446316,-0.0076045670371725,0.0014043121617125,-0.0014992538585236,0.0637765944852908,0.9979619619960828,-0.0140332735915369,-0.0054361321805266,9.896532333674209,-0.0243362568450737,-0.0296673966345448,-0.0056583798823158,7.734027574771104,4.27812094919235,2.0326182938330346,1128.6892974018028,1133.5388087170209,1138.331488469249,1126.9891426868292,-342.9961753090602,535.8716168526813,337.56794063839163,-214.4519987686448,148.52717863844202
46.92,0.1621402758351376,-0.1707123560203888,-1.0375384035343536,-0.0765678533330513,0.0505566555802071,-0.011684191982526,0.0012990820784742,-0.0014368147173132,0.063760467031313,0.9979632435874632,-0.0136770733277991,-0.006451092200427,9.896163872762516,-0.0243858749982977,-0.0296619164332364,-0.005404503439951,7.733971942106093,4.2780338388147765,2.0325989254236534,1127.7712906345653,1134.9933483117727,1139.1524262788096,1126.521917099131,-387.48471822885904,587.4187972413322,301.9489098821868,-156.33093735855832,148.52858813817804
46.9225,0.1481798392063368,-0.3251075272241009,-1.0717193527457267,-0.0764049649422881,0.0501624368683047,-0.0156514474268623,0.0012072746549955,-0.001376379298898,0.0637409467435155,0.997964706121212,-0.0132193699333462,-0.007170122097934,9.895511326210942,-0.0244220673284137,-0.0296430786882705,-0.0051396601248801,7.733917363602166,4.277947307291055,2.03258137080202,1126.7518738106603,1136.4759027032248,1139.8412330186586,1126.2074880000373,-427.1497664190608,560.586236284266,223.9209886955214,-88.21935239775519,148.52993587970235
46.925,0.1717671558892691,-0.4717518968202613,-0.990974693138612,-0.0760224080405563,0.0494113206763185,-0.0188427633456317,0.0011289971467267,-0.0013178072184704,0.0637155129848402,0.9979665121151202,-0.0126904128843496,-0.0076304044591665,9.894551584405312,-0.024446468200165,-0.0296122431261236,-0.0048678594148643,7.733864380413598,4.277862651284582,2.032565950190745,1125.6355418024689,1137.7962794931957,1140.2720312222875,1126.0808203371423,-496.4461201824822,502.03845297661934,114.52059290044014,-20.978138055841736,148.5312084438849
46.9275,0.2226919310002332,-0.6286826560289303,-0.7985191588732463,-0.0751402675618377,0.0479225668995951,-0.0215800932558523,0.0010646926618108,-0.0012608429095492,0.063682699776672,0.9979687576561116,-0.0121202834294014,-0.0078594919444392,9.893271114796434,-0.0244612604069476,-0.0295713181448984,-0.0045935993904098,7.733813509899609,4.2777804415856755,2.032553319210297,1124.2696432097466,1138.9860949681092,1140.413835983161,1126.102597309758,-485.7498525501212,350.92103361030325,-11.460340877112195,26.58900664626034,148.5326485273136
46.93,0.2707725090645462,-0.7342010372026653,-0.5917806269053033,-0.0739455510641346,0.0461474938677105,-0.0229542440506015,0.0010143805156869,-0.001205775347335,0.0636427449169632,0.9979714301120132,-0.0115258885665672,-0.0078897609904798,9.891666958610477,-0.024468888886426,-0.0295224620840637,-0.004321607549231,7.733764652756659,4.277699794465793,2.0325439779650405,1123.2067925397205,1139.5508846612456,1140.2147295179022,1126.2137653703735,-383.33440856584576,128.56799970152548,-132.90202544756804,50.48430783635966,148.5337765716066
46.9325,0.3163863976800553,-0.803009117690169,-0.3749648651783863,-0.0725747221406987,0.044037203404893,-0.0234420841204515,0.0009725136071536,-0.0011514779434521,0.0635991327437883,0.9979743163411104,-0.0109555137818379,-0.0078563695477115,9.889747404768388,-0.024471788309041,-0.0294677349330693,-0.0040568989935885,7.733716633646557,4.277619520604124,2.032537330944252,1122.3529711669191,1139.6289349666163,1139.7493258559239,1126.3550188489396,-303.1195025959091,-71.52817623528769,-237.94637627985696,55.33206954398236,148.53483081834406
46.935,0.3721462009779565,-0.835321198317789,-0.1370795176133063,-0.0710697907046253,0.0416532935623873,-0.0231703335512636,0.0009305790127479,-0.0010989118394103,0.0635552677874532,0.997977208577236,-0.0104162272376928,-0.0079494572670865,9.887531578267664,-0.0244719846297895,-0.0294091796575426,-0.0038041209444746,7.733668271959048,4.277539547447564,2.0325319002919526,1121.69119502674,1139.1932437800688,1139.0249976365023,1126.4904257180935,-174.1641188325066,-234.47866413454727,-269.145190489961,35.37139760444925,148.53601207489243
46.9375,0.4301029659152299,-0.8166815720442143,0.0282678628869019,-0.07031033891024,0.0397283373830618,-0.0224812159316156,0.0008845767591214,-0.0010483735890637,0.0635129443705025,0.9979799976998072,-0.0099189496173184,-0.0082625253016992,9.885048344605808,-0.0244709224121429,-0.0293489225714805,-0.0035670156669924,7.733619257381298,4.277459643214318,2.0325268365869342,1121.482150572756,1138.4565416459427,1138.4035999034732,1126.531875836962,-16.62154866591356,-348.97202415868287,-228.0440042104401,-6.853509410991004,148.53692789346144
46.94,0.5146825731586037,-0.7460758089632628,0.1563988169081255,-0.0704105604589701,0.0376663763565757,-0.0217213938550166,0.0008367180689722,-0.0009976055909939,0.0634729165244483,0.997982636824316,-0.0095139020518841,-0.0087564629185466,9.882335009128086,-0.0244695406864575,-0.0292891239729583,-0.0033483560819157,7.733569848337677,4.2773803800062415,2.0325225019271373,1121.6080872834107,1137.4483836592772,1137.8847776154512,1126.4561581710386,115.0751284990613,-472.6866669002758,-190.6952718390064,-67.01563902416846,148.53777436677484
46.9425,0.6489732707238095,-0.597489093540851,0.2778130630197987,-0.0705714414009149,0.0354395855428163,-0.0210003507602761,0.0007917321665114,-0.0009468529341092,0.0634370928199984,0.9979850003281108,-0.0091958693615609,-0.0093390190296206,9.879435739341158,-0.0244685007888739,-0.0292317836344476,-0.0031499414893339,7.733520458985425,4.2773020463848,2.032519227914418,1122.0575262152515,1136.0931083114403,1137.4501235442779,1126.1967976418407,198.54410083120305,-493.4666780873817,-129.66254193763876,-123.86585983234028,148.5387124045838
46.945,0.7702304341368577,-0.4207666950424587,0.3640489439702468,-0.0697069711658256,0.0337920360326608,-0.0205704835308423,0.0007513221850569,-0.0008965741504818,0.0634074236405052,0.9979869626567291,-0.0089569224170408,-0.0099716880953214,9.87639994168342,-0.0244681190276968,-0.0291786700535964,-0.0029729920810129,7.733470991154202,4.277224257542606,2.0325171879070596,1122.6008077875672,1134.9810502688388,1137.2364649057627,1125.8368288718766,236.22308812976937,-407.5347386851332,-67.98231372587723,-167.33659117109468,148.53943132134555
46.9475,0.8601225008556262,-0.1949429834063136,0.4469369138414804,-0.0674793297700422,0.0323192013566523,-0.0201900054533923,0.0007142274532057,-0.0008465417548039,0.0633861521370593,0.9979883831446232,-0.008804607101606,-0.0106679139641832,9.873280126564705,-0.0244683781655416,-0.0291312242769022,-0.0028180979253725,7.73342096046588,4.277147135820222,2.032515626748741,1123.2386416558995,1134.0554346180163,1137.1102119756488,1125.3601146859862,262.9589253717332,-317.25483934157774,-50.22963122148371,-198.74270727654056,148.54008770062035
46.95,0.8891251764643349,0.0601515352543212,0.5305355231871659,-0.0645218477511315,0.0313609729880367,-0.0196934723917524,0.0006739911889187,-0.000794323708005,0.0633754585685903,0.9979891299936344,-0.0087951551800074,-0.0115359217190379,9.870129791103537,-0.0244689416446633,-0.0290904918587914,-0.0026853749937051,7.733369910170264,4.277070219742846,2.032513525037895,1123.9156024144263,1133.3947760721303,1136.985316749655,1124.8431153354932,274.5834933764359,-182.57507971370367,-65.19063246765957,-195.43853686162953,148.54069434041392
46.9525,0.8110328882542637,0.325294994306208,0.6097018047315558,-0.061212640861495,0.0314178892227332,-0.018846730375842,0.0006249772449954,-0.0007388098735284,0.0633723123822344,0.9979893996338,-0.0089570094897595,-0.0126654089827147,9.867000818033924,-0.0244689874674662,-0.0290573560056499,-0.0025739977206919,7.733317707908061,4.27699290705483,2.0325105761034306,1124.6115591227824,1133.1425592194475,1136.7842588133103,1124.3829220016776,303.7156654224452,-9.302784563860135,-115.77101872923392,-156.36004055241426,148.5412435775408
46.955,0.5717111422575907,0.6113250853466085,0.6814119210083721,-0.0571253218926127,0.0329316251311769,-0.0172216379205072,0.0005657608182113,-0.0006816894415191,0.0633723501647978,0.9979894664511272,-0.0092577352942452,-0.0140638181182237,9.863941218235887,-0.0244675950082106,-0.0290323636363396,-0.0024820732706939,7.733265108036463,4.276915416761904,2.0325068977100846,1125.4341807415371,1133.348262149311,1136.4064616560095,1124.061315132732,291.5696013900615,153.72853585255464,-156.57785474260157,-56.00274116929404,148.5418394433874
46.9575,0.2563241887176525,0.788920992886808,0.703485557434389,-0.0542337313525158,0.0354094585946265,-0.0153529459842854,0.0004972745090056,-0.0006207270854872,0.0633718691051011,0.9979895636488199,-0.0097388889402791,-0.015685763727354,9.860993573149562,-0.0244639393384055,-0.0290156435583091,-0.0024072253030652,7.733212732470188,4.276838404032385,2.032502424083656,1126.0694071297335,1133.9112018987107,1136.001369539597,1124.1029082958307,228.1760057430089,287.60044924541785,-159.32836003185946,99.50031844859409,148.54228545736385
46.96,-0.1428896562655589,0.871058051101881,0.6649499635543011,-0.0528930140391716,0.0387907222303101,-0.013058420748923,0.0004217889908149,-0.0005541890393487,0.0633675206224529,0.997989901236161,-0.0104301407680669,-0.0174598778695589,9.858193446895475,-0.0244573148048213,-0.029006897962157,-0.0023466155972027,7.733160785495588,4.276762060969169,2.032497155120532,1126.575060770253,1134.7862643955389,1135.6098198558495,1124.5588167249753,168.25908118909703,427.2956319079888,-129.57167043858095,295.1821278309537,148.54268138260937
46.9625,-0.6440652690830747,0.8449976984921923,0.5330818775447131,-0.0537328603515805,0.0430221363437677,-0.0100480025735445,0.000338707048263,-0.0004804901010554,0.0633576806508434,0.9979905814633506,-0.0113613924636675,-0.0193722786856144,9.855568355993773,-0.0244471690774143,-0.029005254712559,-0.0022973708472675,7.73310861255103,4.276685761441684,2.032491146589634,1126.910702535678,1136.0476800582487,1135.3535111874044,1125.5788189349844,59.92929994601244,475.14224755562526,-28.782702819429517,433.3910515371882,148.54310110231876
46.965,-1.0152085289318875,0.7290955537080093,0.3527383616447947,-0.056591516091432,0.0459037971707786,-0.0079812352209781,0.0002470719225715,-0.0004015992066964,0.0633422853988656,0.9979916060325588,-0.0124925070275149,-0.0214224018814291,9.853136798250718,-0.0244330985491631,-0.0290092478832796,-0.0022564251792903,7.733055800125823,4.2766088683416426,2.032484160276752,1126.8747072699832,1137.1619756333182,1135.4659063417523,1126.7257719826623,-94.06992611361336,436.09638319613134,134.25058918644433,478.5971619410528,148.54340638968623
46.9675,-1.266558613375638,0.5474256758816372,0.1175607976438495,-0.0613050484304021,0.0474877053216542,-0.0070782815363942,0.0001461993955017,-0.000317240636779,0.0633214737925335,0.9979929658838632,-0.0138263707148823,-0.0236040968730083,9.850907985728156,-0.024414812953808,-0.0290169288783601,-0.0022208891820151,7.733002199597002,4.27653047063193,2.0324770571109223,1126.4403529051099,1138.2281619742305,1136.0247641333372,1127.9718047446909,-280.8814347993856,441.8765109463419,341.98027547399033,511.422622692236,148.5436673259681
46.97,-1.377114091843167,0.301496385516112,-0.192655930380664,-0.0678685164554604,0.0478303618039604,-0.0071207674418074,3.853483421751655e-05,-0.0002273190530937,0.0632939953466275,0.9979947400872312,-0.0153572509642173,-0.0258530208082984,9.848881751315519,-0.0243921849801229,-0.0290261027277874,-0.0021878559853616,7.732947930048227,4.2764500521454725,2.032470726694725,1125.4703000959876,1139.371358188048,1137.1758077191207,1129.2828850961212,-413.1107536867309,391.7279421200234,471.7466240879136,409.824294284062,148.5439310453374
46.9725,-1.3016211543331273,0.1037088133823808,-0.4458335218326059,-0.0731827107401715,0.047075563010942,-0.0077004204931713,-6.937088658603951e-05,-0.0001364757295256,0.0632618608168705,0.9979967977582463,-0.0169795545405067,-0.0280334796422918,9.847048925173949,-0.0243656754717348,-0.0290343479836874,-0.0021541202417969,7.732894239964848,4.27636773633068,2.032464695361639,1124.3747991366752,1140.1868016848316,1138.383497253778,1130.0209262161122,-461.35838151780314,296.0875994977264,474.29244126122575,190.0522036486046,148.5441108472329
46.975,-1.078872903316024,-0.0671697818170243,-0.6578017054457788,-0.0774776483700162,0.0458581387054592,-0.0090639790490175,-0.0001705401135639,-4.786081373573335e-05,0.0632275638803566,0.9979989788604628,-0.0186145025672783,-0.0300028518360696,9.845392280022397,-0.0243361893663801,-0.0290394242990035,-0.0021166411559737,7.732841690736237,4.276284107685896,2.032458019898959,1123.1635081883971,1140.8517961855373,1139.5472699254283,1130.2331461143647,-508.46171723011,254.23576255302964,421.1573133120248,-33.69047604149608,148.5442504170934
46.9775,-0.7097453879705016,-0.2446612549971264,-0.8221345524525773,-0.0803576387452308,0.0449500327063352,-0.0122150918417327,-0.0002614051512883,3.7442240731888726e-05,0.0631913240394015,0.9980012683957452,-0.0202258049362833,-0.0316858012500073,9.843887532952445,-0.0243048375199013,-0.0290396430030184,-0.0020728524638611,7.732790081485533,4.276199934882244,2.032449879136448,1121.8324905505267,1141.4579804975956,1140.489283820336,1129.852473835905,-433.08568126495294,184.01589418581037,220.9527062399736,-227.4294822912198,148.54437259914636
46.98,-0.3792906880032303,-0.3836835100255207,-0.8593588596950364,-0.0805501565527913,0.0450722677937446,-0.0157441849501394,-0.0003438978572441,0.0001210522757023,0.0631547318157353,0.9980035639471078,-0.0218343853210333,-0.0331138420547445,9.842504550445245,-0.0242730247416142,-0.0290338441985543,-0.0020209891282692,7.732739111158944,4.276115708995326,2.0324403754634814,1120.9980797820715,1141.7718756564668,1140.6520334566287,1129.095998702908,-248.708558526696,74.36953830316102,-91.86040691542831,-352.52619574062163,148.54443739033192
46.9825,-0.091464787470182,-0.5263776000948238,-0.7834335875132052,-0.0791745110540084,0.045322038088491,-0.0190406612088913,-0.0004210151167321,0.0002018669364126,0.0631206610149883,0.9980056830938392,-0.0234061784039733,-0.034344040941119,9.841208832227153,-0.0242423630177998,-0.0290214817851177,-0.0019598027919731,7.732688520584873,4.276032202390217,2.0324296888060327,1120.5889477578928,1141.8298281891116,1140.0299817857588,1128.089842857201,-87.02839604665043,-28.819289015999694,-370.90196784822257,-406.7742088065704,148.54446442354447
46.985,0.1300302553464547,-0.6683268195228627,-0.624430308675806,-0.0772316526340284,0.0448356365199064,-0.0215482531998131,-0.0004946632415389,0.0002765485876715,0.0630925858514614,0.99800740698007,-0.0248591244002281,-0.03541511694796,9.839963364755517,-0.0242145459299867,-0.0290026318319536,-0.0018886707156028,7.732638623819944,4.275949598835914,2.03241829917881,1120.5629378018386,1141.6277792113867,1138.7975236173893,1127.0621276588768,69.20472455509396,-152.5810767816112,-598.7508891454247,-376.12576715777186,148.5444605082025
46.9875,0.2629876561131091,-0.7879190962768771,-0.3943970691253058,-0.0751641680661731,0.0429587298234754,-0.0229080301738843,-0.0005659846495815,0.0003440761563197,0.0630731697369274,0.9980085688341008,-0.0261533047177594,-0.0363473117769548,9.838730561754181,-0.0241911528211238,-0.0289779593820593,-0.0018079828151842,7.732589692699605,4.275868001782841,2.0324072370543127,1120.9349713806685,1141.0669228052031,1137.03622734003,1126.209214021411,218.6194577821216,-334.02595769658734,-819.8353112817028,-300.48331879223133,148.5444195400372
46.99,0.3426982936832964,-0.8714647819211396,-0.0823884729928082,-0.0733081278651282,0.0393117475989622,-0.0232519565969371,-0.0006373638031638,0.0004034560499813,0.063063208022352,0.9980091205662424,-0.0272489861439942,-0.0371838628472102,9.837474145719604,-0.0241734597145184,-0.0289486340275005,-0.0017192084631437,7.7325418803149475,4.275787780737296,2.0323979405393646,1121.6560350907498,1139.9576494229032,1134.6983470609787,1125.559711064915,276.305746425602,-475.19194501244345,-834.6670526536714,-166.12186108797334,148.5443276688349
46.9925,0.3758865765360208,-0.8745834544470643,0.1748251401395633,-0.0726092058611865,0.0359251908924599,-0.0226164794146058,-0.0007122230208386,0.0004546279746757,0.063060626204338,0.9980091957848576,-0.0281248942295649,-0.0379852798273989,9.8361609021221,-0.0241622127889678,-0.0289162272285169,-0.0016247942552686,7.732494658721879,4.275708774037432,2.032391432528511,1122.3165001127952,1138.690963080143,1132.8628920767655,1125.378604715972,241.45924905477972,-562.807341856308,-650.0020684451556,-1.4667662169826752,148.5442154541922
46.995,0.4196352845894744,-0.8087684696285636,0.3971913541752345,-0.0727276523233435,0.033169081858666,-0.0213768950345354,-0.0007937047173274,0.0004955247928315,0.0630619969947419,0.9980090161319968,-0.0287197747199825,-0.0388067761001748,9.834762214880978,-0.0241575884721647,-0.0288824762795104,-0.0015276618745961,7.732447294573549,4.2756307955639805,2.032386952139394,1122.8633313360226,1137.143612713624,1131.4483367187559,1125.55237723383,194.2957188460157,-717.3568689342087,-479.1993568852653,143.66891017822962,148.54406596792123
46.9975,0.5235891611804633,-0.6716602308082215,0.5981483382784448,-0.0732679542884393,0.0309558038926218,-0.0194467193843077,-0.0008800082151116,0.0005257069690507,0.0630613987146344,0.9980089633816706,-0.0289990250182906,-0.0396021620426129,9.833255253035096,-0.0241590614640488,-0.0288491925190496,-0.0014307635264079,7.732399487848913,4.275554031044227,2.032384484051783,1123.2879787070256,1135.1041787354702,1130.466895292338,1126.0969492668635,119.91876369841752,-752.9478550741956,-226.3846056089484,243.63456508214128,148.54384295650874
47.0,0.6631010480422553,-0.5304695373934732,0.6986662246379004,-0.0733409070670437,0.0299325527193058,-0.0175228200489631,-0.0009650093022135,0.0005516487275467,0.0630533796549028,0.9980093848006952,-0.0290602792161206,-0.0402297280605545,9.831623651325668,-0.0241655867581875,-0.0288179441159836,-0.0013370680887686,7.732350750491594,4.275478466764534,2.0323842718300367,1123.462925154515,1133.3788734382513,1130.3164136907103,1126.7705500592415,52.67814678896018,-664.6943376994975,72.66809129366509,302.14057824701024,148.54362021022496
47.0025,0.8440772433034968,-0.3838902404153785,0.7219598974466142,-0.0720414152544916,0.0294962838747672,-0.0154003344926612,-0.0010458898877898,0.0005762185525105,0.0630396916941598,0.9980101675095704,-0.0289374236851851,-0.0406155545125604,9.829857786067128,-0.0241760949162729,-0.028789532041254,-0.00124927155225,7.73230138097095,4.275403335325388,2.03238554255384,1123.5513694409703,1131.7807070469755,1130.830235748806,1127.6076521580972,49.19209963643181,-643.2792191187565,350.1733368369996,390.6276625882858,148.54335832466495
47.005,1.0730741883812587,-0.2167281181603081,0.6600637066033203,-0.0685158035000239,0.0293345522343691,-0.0130620484253369,-0.0011196710166232,0.0006007730842896,0.0630223462733583,0.998011184143942,-0.0286384002978021,-0.0406835717886575,9.827954691949312,-0.024189179029398,-0.0287642205024881,-0.0011694429493767,7.732251456429331,4.275327804827751,2.032387236142936,1123.7088856526973,1130.1624773426558,1132.0672803748964,1128.723688372184,82.60519408859503,-527.4987811625153,526.750421735918,413.00418778866305,148.5429976166529
47.0075,1.2485666323455833,-0.0870098446046534,0.5381401323392352,-0.064459992161027,0.0293241861414603,-0.0114192822860468,-0.0011857296815564,0.0006285823214991,0.0630037653649562,0.9980122793059066,-0.0282163400366517,-0.0404015693347627,9.825917533863066,-0.0242031879883308,-0.0287417123760555,-0.0010992227741347,7.732200723303799,4.275251817793809,2.03238809333033,1123.9643954114135,1129.1432131411618,1133.4639878574867,1129.6726730970415,131.2594713235569,-329.94166897590725,596.7962506837437,360.24572799961805,148.5426572991383
47.01,1.39465728626456,0.0379370337594091,0.3526794709647407,-0.0604079062504016,0.029319001462241,-0.00977606548031,-0.0012457599941468,0.0006628553273314,0.0629855504482866,0.9980133474885216,-0.0277313777187961,-0.0397837994086661,9.823754952742954,-0.0242162691584338,-0.02872126433813,-0.0010397835824635,7.732149195412685,4.2751753002158965,2.032388120254337,1124.3651830093145,1128.5127689977778,1135.0512616283124,1130.5249170121804,172.82773914216955,-188.78951348951324,641.517593824473,304.9126002499893,148.5422743934973
47.0125,1.5203916246992943,0.1655973245676284,0.1262672383781451,-0.0569603322318948,0.0292938275637404,-0.008229323129288,-0.0012975727490306,0.0007023234138574,0.0629685696848127,0.998014336380934,-0.0271567926954933,-0.0387758020044955,9.821480387755546,-0.0242265068031753,-0.0287017650895466,-0.0009913976902475,7.732096901226906,4.2750982980190395,2.032387564518181,1124.8285341071248,1128.1992655737135,1136.6715758266107,1131.1972360982923,173.1437124949958,-59.9571693096698,632.5571692753275,203.0042952151105,148.54185528977027
47.015,1.6330613211951983,0.3029378008354237,-0.1238553257404854,-0.0539306243661363,0.0292991403780281,-0.0077012261417293,-0.001338470738537,0.0007447541481399,0.0629534232972443,0.9980152127756792,-0.0264523437610997,-0.0373172027748742,9.819111069265693,-0.0242320573762219,-0.028681780211188,-0.0009539340906741,7.732044473364149,4.275020557102473,2.032386416062211,1125.23090157179,1128.2129831512293,1138.2140474746907,1131.5399384882564,121.78671081416884,59.53249263112369,637.9012920662152,54.35292763236644,148.54139199954693
47.0175,1.7599370116270892,0.4787620789930137,-0.4043454670236051,-0.0496911086224473,0.0295208027251281,-0.0090564561473076,-0.0013655123658775,0.0007899524226634,0.0629401806178673,0.9980159769307126,-0.0256233850980325,-0.0353439866548378,9.816667077030349,-0.0242311992621137,-0.028659659293762,-0.0009271190487951,7.731992503884083,4.274942171002508,2.032385137746094,1125.4374676611951,1128.4969280368691,1139.861082286939,1131.4690007364538,4.302332578252008,131.830295624355,556.3363998935865,-111.37067206067272,148.54078504961626
47.02,1.8549814412459296,0.6250552739844777,-0.5871073457200002,-0.0453366760591839,0.030091650257121,-0.0116000845114962,-0.0013777011804095,0.0008397366536181,0.0629283072442399,0.9980166633742076,-0.0247228080707236,-0.0328320877634092,9.814170454548691,-0.0242223242343085,-0.0286336445648757,-0.0009107404720816,7.731940842118599,4.274863568653744,2.032383722917204,1125.2524132346812,1128.8721346293514,1140.99572947416,1130.9830851279528,-162.58088464442932,163.9580576989445,388.4207883923696,-276.1701963896436,148.54023737610302
47.0225,1.9307398094526351,0.7475427316491478,-0.6914032309100258,-0.0404048450444218,0.0313682735202883,-0.014501464317519,-0.001379271748529,0.000895631191862,0.062917983780258,0.9980172536817224,-0.0238093716871558,-0.029865050349785,9.811644461498547,-0.0242039803542003,-0.0286018850987411,-0.0009047841988141,7.731888990315466,4.274784689563745,2.0323819252971926,1124.6245632379723,1129.3167183253643,1141.803186228902,1130.088149754505,-367.461673605128,203.605994229341,259.9143373175229,-467.318991407062,148.5396476350213
47.025,1.9946123745008069,0.8281805393884225,-0.724773844809021,-0.0346110644962052,0.0340272549900435,-0.0173555340659851,-0.0013753761181839,0.0009584328169999,0.0629049179931384,0.9980180106261656,-0.0229334151846592,-0.0265501695244349,9.809112957834541,-0.0241745817324528,-0.0285627547888533,-0.0009092078034521,7.73183634962384,4.274705201834552,2.0323793014122824,1123.4151048666572,1129.8901646004972,1142.2953011607465,1128.6464901709196,-493.10788803797783,215.19741653308205,88.21142929132327,-570.2019504597313,148.53889378499676
47.0275,2.0258477510369484,0.8114044553638261,-0.6895829289885582,-0.0302447017865487,0.0372249404089768,-0.0190026746878076,-0.0013719282500886,0.0010299839515493,0.0628836324920432,0.9980192707101788,-0.022170598437623,-0.0230133560243463,9.806599790917904,-0.0241326786606474,-0.0285147639083572,-0.0009240951901676,7.73178303336045,4.274625008416532,2.032376550359373,1122.1590237977814,1130.3927054080302,1142.2442433753588,1127.2371400022048,-508.6476029860149,204.86088719743276,-124.03815294886064,-584.3792009939727,148.53822947421892
47.03,2.0326618888486148,0.6863973496444999,-0.610255360528384,-0.0262066116155526,0.0409596810115626,-0.0200315486931542,-0.0013720524224873,0.0011109596692547,0.062852121084179,0.998021156781208,-0.0215730520346594,-0.0193323883782624,9.804128143943522,-0.0240773539833215,-0.0284564330817955,-0.0009493999086282,7.731729305579399,4.27454449369352,2.0323746095486537,1120.8718668517258,1130.914469036485,1141.6751103960019,1125.7245941659482,-518.9295831555854,229.98097131010576,-365.4081737577739,-669.1426206294809,148.53753113248283
47.0325,1.9980969710947256,0.4203372534386058,-0.4828005707669427,-0.0211405434594997,0.0446706839131763,-0.0209067292127582,-0.0013740833639649,0.0011976610613792,0.0628143834470986,0.9980234219323748,-0.0211028650819137,-0.0155016935076582,9.801719787133742,-0.0240084732263283,-0.0283862615708421,-0.0009846388026994,7.731676000519006,4.27446383341782,2.0323732872477813,1119.5643758820058,1131.5426102645797,1140.4172025065716,1123.8914268990604,-409.01091489224194,225.4168049394804,-545.0095403386453,-664.4177296059536,148.5366581369991
47.035,1.9132915956615324,0.1346973715154565,-0.3556257877841994,-0.0162857074365533,0.046194125775807,-0.0215906499174742,-0.0013783196107831,0.0012860757125613,0.0627756249456533,0.9980257405307936,-0.0207188548147141,-0.0115590790987914,9.799394619211984,-0.0239264235485727,-0.0283030148103096,-0.0010293752300512,7.731623578094769,4.274383066116074,2.032372370038427,1118.8268122772636,1132.0415530611829,1138.9500626943072,1122.4025055179168,-204.6556756545077,186.64717879341424,-653.8756860919258,-577.3101235434526,148.5359045872288
47.0375,1.742681895603228,-0.1566621944204123,-0.2060856215166927,-0.0108140603213873,0.0456470830547714,-0.0224143755933695,-0.0013835882178023,0.0013757511772864,0.0627374796192239,0.99802800961316,-0.0204471742157732,-0.0075130934704127,9.797170058679551,-0.023831776374361,-0.0282060148525391,-0.0010831036150024,7.731571746009168,4.274302808159589,2.03237088868932,1118.5410975037328,1132.4758461585473,1137.1478240761103,1121.0048762813417,-43.85556304477528,157.50268632551297,-760.8760303947846,-536.9218894675096,148.53512752907125
47.04,1.487756907362268,-0.4043995122391807,-0.0361087237204453,-0.0052222768924922,0.043481255129969,-0.0233358498264426,-0.0013895521010212,0.001468617475879,0.0627007053048247,0.9980301784808328,-0.020359785787136,-0.0033891290895606,9.79506060305042,-0.0237253692780662,-0.0280950163865296,-0.0011453266836312,7.731519847590516,4.274223398981612,2.0323688643300835,1118.60753446204,1132.8290664928095,1135.1456825423368,1119.7178960705817,86.6134514439648,118.17088486075912,-831.9872450781822,-480.19593368842817,148.5343334942987
47.0425,1.1368005367238103,-0.5563580697442687,0.1548935376688769,-0.0001221178732685,0.0400432313032602,-0.0240578344850752,-0.0013949015607795,0.001564718801564,0.0626641865059126,0.9980323195445762,-0.0204877661483821,0.0008013230177431,9.793077252315866,-0.0236082401781407,-0.0279701971799215,-0.0012153042696939,7.731467703788343,4.274145326789569,2.032367055393375,1118.9741647609528,1133.0667005828511,1132.9878878507172,1118.6038966128983,183.46583320644353,80.31150143943235,-965.3075161374154,-442.5661616434364,148.53352188987455
47.045,0.6481514172174678,-0.610072706270041,0.3889038123708785,0.0036362852486591,0.035995640465796,-0.023968279381812,-0.0014007317748224,0.0016611535369222,0.0626280755487261,0.9980344273245892,-0.0208035329267604,0.0049937965547396,9.791227293445468,-0.023481838601403,-0.0278318769899368,-0.0012922096658221,7.7314156765645965,4.274068657173588,2.0323656064463407,1119.5248636280724,1133.230624000007,1130.3191449616472,1117.5050652623631,184.7810315988088,47.57353802246832,-976.5359442669492,-361.435136929696,148.5325312222862
47.0475,0.2377368114276122,-0.5644384612951149,0.563418614826188,0.003726614383813,0.0336215584873126,-0.0227901972583507,-0.0014080998365936,0.0017553181783136,0.062593223369746,0.9980364529863686,-0.0212804136730911,0.0091231325261152,9.789513859441032,-0.0233480130049119,-0.0276803965586646,-0.001375069408778,7.731363831953846,4.273993140455861,2.0323643185623856,1119.898069918946,1133.3045682729635,1128.1052081293867,1116.7967209282515,100.67803583532928,30.525669233414035,-862.0798064656493,-243.26288626513193,148.53169419232708
47.05,-0.1127345244452052,-0.4694641934137766,0.6831394993653298,0.0016075723374827,0.0326506678443528,-0.0206679654412144,-0.0014151558512576,0.0018407164183633,0.0625605507682366,0.9980383530749922,-0.0218065945013007,0.0131748602039759,9.787935407226621,-0.0232089898769652,-0.0275160229398351,-0.0014623564303152,7.7313124800608435,4.273918232190998,2.032362704979329,1120.0282538072495,1133.3832523461742,1126.0087459293168,1116.288750831037,-8.840742771913053,51.905100494987714,-865.5848483957136,-183.53011229391697,148.53084806380434
47.0525,-0.4241961692305921,-0.3574443717213386,0.7317387331729532,-0.001261904037372,0.032863675611492,-0.0174026049712685,-0.0014207256270189,0.0019140690328618,0.062531011218909,0.9980400758481642,-0.022327997839233,0.0171242901140935,9.78648579464216,-0.0230673284503748,-0.0273388703689333,-0.0015524856370351,7.731262135532858,4.273843995437053,2.032361003125139,1119.8538662050864,1133.5640937754383,1123.777283887406,1115.8790703667814,-107.48264270110438,88.51588894912176,-747.1306720851289,-119.65098022853422,148.52982527177647
47.055,-0.5915365919905472,-0.2987190082940678,0.6813815827641014,-0.0034118120574774,0.0336945198554783,-0.0143368422501581,-0.0014242523055122,0.001972235459594,0.0625060363180346,0.9980415394292504,-0.0227877822686635,0.0209342686637228,9.78515427517491,-0.0229258711105926,-0.0271488474414999,-0.0016436719560173,7.73121339460772,4.273770852540514,2.032358913387948,1119.4908405937445,1133.8258317909194,1122.2730925688943,1115.6904959298947,-159.6808306336331,130.05787883160343,-500.2640601880105,-42.6138820782786,148.52896887902455
47.0575,-0.6840721357548664,-0.2919455150170714,0.542831291762572,-0.0054567042735992,0.0342600024543323,-0.0115407115637522,-0.0014289218314609,0.0020114900573916,0.0624853457689766,0.9980427650239876,-0.0231164442801693,0.0244937888101425,9.783926036693096,-0.0227874559614995,-0.0269457161559472,-0.0017340814367197,7.731167172402216,4.273698033006683,2.0323563540391447,1119.0554620519188,1134.214383169596,1121.2759635864684,1115.6660009563902,-164.46528679353605,195.5562230205851,-295.6816060447033,30.305831983589957,148.52811067623426
47.06,-0.7483492965702935,-0.3322894527741742,0.3100259904886454,-0.0073205167314631,0.0337878552103268,-0.0097538432044034,-0.0014377942510191,0.0020307263991286,0.0624695624743556,0.9980437123920568,-0.0232898155186838,0.0276979033175818,9.782782227406868,-0.0226547769482379,-0.0267290015208177,-0.0018217732167726,7.731123744328186,4.273624740069441,2.032352824875853,1118.6685141597764,1134.8036129060229,1120.7946845386703,1115.8420250898128,-91.88109628466765,231.0905032286155,-46.54560166034009,97.67925605451187,148.52708137300894
47.0625,-0.794331054236355,-0.3866461638064541,0.099116846341162,-0.0083450148411573,0.0326676420081941,-0.0100872869214894,-0.0014549344076529,0.0020359100862207,0.0624578898260669,0.998044413452388,-0.023418488216885,0.0304318200964703,9.781700669018702,-0.0225299020375601,-0.0264982264656414,-0.001905029973057,7.73108232507315,4.273550818903387,2.0323474353535396,1118.5960565704954,1135.3698356857396,1121.0432355781663,1116.154397236663,40.18579211150626,237.1770504549542,233.769927342413,150.57767965545332,148.52622588613247
47.065,-0.8617197617086418,-0.4386553961833707,-0.0866309477963319,-0.0094384646630524,0.0312787575298043,-0.0117166945625611,-0.0014829046521854,0.0020374263412345,0.0624481815467972,0.9980449771290612,-0.0236940141121549,0.0326174203247162,9.780656476235345,-0.0224139930343695,-0.0262531162585411,-0.0019822868763036,7.731041569206912,4.273476526073586,2.032339488452772,1118.8694431203337,1135.9894981582963,1121.9635341753813,1116.5949134880896,164.08371295525075,255.65425268746927,468.15559051468574,186.36648305964184,148.52537479672668
47.0675,-0.9581744815497836,-0.4749680244838884,-0.2345349573651978,-0.0108936346172921,0.0298003341123828,-0.0133982166580706,-0.0015211751027785,0.0020430786774469,0.0624371208431115,0.9980455951448693,-0.0242515098728644,0.0342367007544404,9.779623072634852,-0.0223071996339871,-0.0259937918357404,-0.0020520551633103,7.731000300010355,4.273401441406569,2.032329076359933,1119.416475135272,1136.6481069491776,1123.3840135307412,1117.0862296519615,262.84328800548076,273.4022822298777,662.497522498304,194.5052707755536,148.52452879414497
47.07,-1.091329246681154,-0.4818334171114213,-0.3381302932171992,-0.0127656131234564,0.0282197254941976,-0.0143493333930785,-0.0015679716602748,0.0020575609526404,0.0624211850229906,0.9980464806384216,-0.0251627914006801,0.0352961270386807,9.778573902437449,-0.022208750169059,-0.0257209175376462,-0.0021133533681715,7.730958076937306,4.273325122815532,2.032317221000433,1120.1836595603615,1137.3565095694466,1125.2760217878745,1117.5674398419678,343.5227092335422,321.5975439877835,895.2832163126415,196.54252945010424,148.52369056518612
47.0725,-1.2832799996741355,-0.4506721272361369,-0.4268374137176293,-0.0153165971881719,0.026264823543447,-0.0146389780815992,-0.0016203199415521,0.0020819781851103,0.0623982814851467,0.9980477666617192,-0.026428024169086,0.0358263555615074,9.77748418718019,-0.0221172070879328,-0.0254358527363255,-0.0021659632581963,7.730914146871453,4.273248705368611,2.0323051243905366,1121.1340886814382,1138.256094669115,1127.8604296123003,1118.0689422992111,317.02434361411326,331.9721780952598,961.5605664212663,169.08204765200472,148.5226956693058
47.075,-1.4535964885676316,-0.3947024451898062,-0.4794578228637402,-0.0176474774079702,0.0248199332629729,-0.014806320983106,-0.0016736746607331,0.0021147252983276,0.062370119711108,0.998049356357904,-0.0279930283783166,0.0358917145044007,9.776332751797874,-0.0220308332816846,-0.0251407140501884,-0.0022105691801239,7.730868254785509,4.273173293569102,2.032293374872456,1121.7687812784332,1139.0163704599236,1130.0838246199833,1118.4128500802283,185.29821638007505,290.86133783460934,859.2704828709126,129.32858862839316,148.52187710358214
47.0775,-1.6017087837925799,-0.3188379670939466,-0.5066830662326902,-0.0206678490040804,0.0239090104388162,-0.0159524926856741,-0.0017234182179291,0.0021548615243297,0.0623398377540102,0.9980510630630772,-0.0298180601115967,0.0355663443737179,9.775104021814242,-0.0219477503110884,-0.0248384842951218,-0.0022489560425871,7.730820300844419,4.273099918382042,2.0322830661567832,1122.060579763339,1139.710401358289,1132.156782026657,1118.7155852423537,27.902762177589377,262.9545308468668,835.2435656660739,140.6229798537339,148.52107097939535
47.08,-1.6995885698026896,-0.2229630551464684,-0.4965130404439939,-0.0257669936248777,0.0235243745864442,-0.0184246411319923,-0.0017650082373084,0.0022019276956223,0.0623089783491753,0.998052799514444,-0.0318753009871555,0.0349321291253626,9.773789655157753,-0.0218660963348178,-0.0245329829706711,-0.0022838501118966,7.730770319752774,4.273029886135046,2.0322751304757527,1121.9082950893207,1140.3311431141567,1134.2600424483098,1119.1159649794963,-138.67276396942725,169.40930526703116,686.0513955066964,166.25439311965826,148.52011966440904
47.0825,-1.6727780665758762,-0.1504591719821545,-0.4484353187850583,-0.0311631679338741,0.0236325150447741,-0.0205023485606621,-0.0017972592825939,0.0022547198671135,0.0622770428147011,0.9980546023562172,-0.0341290262773398,0.0340137423199644,9.772390244211227,-0.0217843046382092,-0.0242285343732919,-0.0023187354750472,7.730718646027306,4.2729640332937215,2.0322698416096987,1121.3672159434916,1140.5574478846245,1135.5870390041923,1119.5468572079524,-282.8690677157655,4.909830336507401,429.13306294468254,202.78313584829988,148.51934138976014
47.085,-1.4977102276464973,-0.0918239820281792,-0.3697451325810456,-0.0370582131214271,0.0237487312580676,-0.021735655339783,-0.001820697098726,0.0023099789806396,0.0622457234777722,0.9980563741601728,-0.0365070552368198,0.0328092006843586,9.770915895148756,-0.0217015575273809,-0.0239293118518558,-0.0023573230509686,7.730666257813419,4.2729020838454765,2.032266552355664,1120.4939497507414,1140.3556922658395,1136.4057077630343,1120.1298806587383,-420.17129542015954,-205.23890994850737,240.6455531930448,290.45210953890125,148.51857940783856
47.0875,-1.1116151445689095,-0.0347131349281324,-0.2646027289135761,-0.0437061495290292,0.0236010925897355,-0.0220864216403714,-0.0018393363854337,0.0023616912449457,0.0622189107846169,0.998057881437987,-0.0388888024137257,0.0312540780925618,9.769386709253224,-0.0216179107894743,-0.02363883265717,-0.0024032436345957,7.730614827419592,4.272842618421681,2.032264471735633,1119.2663594663927,1139.5312533348829,1136.7902667701564,1120.9991177556456,-444.3059967165028,-398.05220822788766,47.60540116192097,336.24430139299045,148.51768521323407
47.09,-0.6717468046334854,0.0068242508504566,-0.184602558594253,-0.0479443405635625,0.0232165026176167,-0.0217943792311214,-0.0018606121957435,0.0024014208540309,0.0622007784219742,0.9980588728736722,-0.0411114297654726,0.0292226105824401,9.767832404783448,-0.0215341526501934,-0.0233596958138217,-0.0024597761138285,7.730565468016784,4.272783138112434,2.0322634778369175,1118.2724197671575,1138.365431224699,1136.643734768844,1121.811102165704,-351.69282044316986,-542.4927809133304,-140.5807988559181,320.9065242844367,148.5169577708358
47.0925,-0.1804011971738133,0.0453077077063637,-0.1213265912019254,-0.0492478357532553,0.0227891486377405,-0.0215873604654735,-0.0018931184332648,0.0024262367317921,0.062191231522968,0.998059346988504,-0.0431217446001884,0.026580414502399,9.766290746551714,-0.0214513494513665,-0.0230937314263586,-0.0025298413654011,7.730518499503648,4.27272275637262,2.032263350854356,1117.507895364176,1136.8187894303148,1136.0873627758765,1122.6036503770683,-246.6473919403112,-648.62540223089,-275.394213306868,293.662510536518,148.5162494816974
47.095,0.2842548888708598,0.0784872599907713,-0.0695443237575558,-0.0476189970235995,0.0226434214451852,-0.0218249196559618,-0.00193753547604,0.0024395236772023,0.0621856315226535,0.998059582725368,-0.0449803104894539,0.0233609149698327,9.764804998582257,-0.0213705503380199,-0.0228422329369785,-0.0026154236083911,7.73047378243563,4.272662198452961,2.0322634481829107,1117.039182807457,1135.1223042135475,1135.2667637023108,1123.2794147183852,-106.81046129733652,-662.7898757696377,-370.8699614313367,218.94706672503784,148.51555712334093
47.0975,0.6420674687308368,0.0961001145990881,-0.0245380553621208,-0.0438614335992893,0.0230149879945086,-0.02235094557824,-0.0019888115413062,0.0024491132446152,0.0621771748351081,0.9980599924025254,-0.0468267017969192,0.0197189369406378,9.763422707530735,-0.0212926074305828,-0.022606052564453,-0.0027175097783732,7.730430339179523,4.2726023946121225,2.0322631658570303,1116.973843057689,1133.5048400514647,1134.2330129687189,1123.6983857106943,54.00065708306067,-627.3024164117916,-474.26077505568475,103.82262387451335,148.5148832223619
47.1,0.8934062134529839,0.0866779642898769,0.0261370322132978,-0.0390505807443551,0.0238998977415715,-0.0226974779574447,-0.0020447931746246,0.0024615152790752,0.0621621274637596,0.99806079465831,-0.0487764855340644,0.0157539913750336,9.762195118793299,-0.0212182061139745,-0.0223854379478192,-0.0028362505664279,7.730386888642035,4.27254272308524,2.0322624726475285,1117.3091860928728,1131.9857921314867,1132.8954598270311,1123.7985278377582,170.04294927739468,-449.97220142486185,-482.89697001258247,-35.722606465456664,148.51409385657604
47.1025,0.9480852692677298,0.048947538444876,0.0639231697188061,-0.0353489631123702,0.0247255572313116,-0.0226643729954451,-0.0021033672741963,0.0024795684085846,0.0621388988157057,0.9980620848071144,-0.0508720975224356,0.0115618502319904,9.761175022057852,-0.0211477570676459,-0.0221801460840986,-0.0029707471566282,7.73034234834317,4.272482389199619,2.0322609196493646,1117.8240578040752,1131.2549790443427,1131.818528118658,1123.5197726783672,218.33583438444944,-161.456399247899,-393.0486011031271,-178.7393653086833,148.5134499184401
47.105,0.8649369152528323,-0.0152805347380291,0.0921139452065981,-0.0322006209784164,0.0251783851291013,-0.0223165769748013,-0.0021613676250936,0.0025014172555205,0.0621099269930527,0.998063721051112,-0.0530614933003907,0.0072534356224916,9.76041482328956,-0.021081586011583,-0.0219894817275027,-0.0031190325521105,7.730296662672096,4.2724214948637895,2.032257218589192,1118.4008652647956,1131.178510135247,1130.9302168215147,1122.9048310112144,224.34886458111012,104.79559614199484,-313.8411313392439,-322.6335691289646,148.51281682331464
47.1075,0.6586122198348665,-0.1065436839171298,0.1099363849258994,-0.0294439806756867,0.0250169512112014,-0.0216835556230167,-0.0022157063543284,0.0025257814476564,0.0620777914214621,0.9980655524613996,-0.0553028402735605,0.0029381185520554,9.759964542311156,-0.0210199171092115,-0.021812595847467,-0.0032785205271179,7.730250320158027,4.272360786221503,2.032250808852869,1118.945802126981,1131.7789570250527,1130.2493224619611,1121.9066048327215,150.53708444756967,303.89407075686347,-165.38701588657693,-384.1428585208943,148.5120644057179
47.11,0.4465309245904133,-0.1794943173639901,0.1110165671352019,-0.0282840301246052,0.0244260502613666,-0.0212204715542305,-0.0022618392146191,0.0025513953747242,0.0620450398089771,0.9980674337166404,-0.0575518262636997,-0.0012479772306424,9.759870107747556,-0.0209630315098325,-0.0216485840028774,-0.0034462156962851,7.730203649155983,4.2723007897311245,2.03224193859196,1119.1535506870327,1132.69798048903,1130.1032817420823,1120.9841167186116,18.913569153609718,398.35670873274097,43.67348936332331,-357.95913118304145,148.5114389296962
47.1125,0.2529046146926795,-0.2336454239998904,0.1013472855498646,-0.0286134825708479,0.0234484943274607,-0.0209589764262815,-0.0023004124823866,0.0025742390743913,0.0620134067582021,0.998069264911823,-0.059715907429876,-0.0052755981693107,9.760172563422376,-0.0209113411801802,-0.0214964744268877,-0.0036192297030923,7.730157177525542,4.272241320637958,2.0322317839027435,1119.0403699727494,1133.7707405687177,1130.4676899087779,1120.1168091768054,-112.99524046347544,436.52445298740025,279.6646778755464,-344.7603737715836,148.51080920478975
47.115,0.0973903874096293,-0.2665976848227901,0.0836055856868088,-0.0301628180094525,0.0221064309772213,-0.0208197797909532,-0.0023342415057028,0.0025919603377797,0.0619840753466121,0.9980709719810716,-0.0617368285126824,-0.0091587762987916,9.760906327494665,-0.0208653913904457,-0.0213552040526764,-0.0037950240207914,7.730111430344813,4.272182413654169,2.032221636467676,1118.588574484715,1134.880602753968,1131.501605131461,1119.2603148497528,-193.58577681359165,335.78264617079714,468.4954781767997,-276.9584229952915,148.5100424042668
47.1175,0.0522349008272564,-0.2669303257728248,0.0676013155660543,-0.0316128394842386,0.021151462389762,-0.0207107450628289,-0.0023645846536568,0.0026052666820248,0.0619590204336178,0.9980724281143536,-0.0636132745702883,-0.0128810396934378,9.762098001574833,-0.0208258393909181,-0.021223565642187,-0.0039713328771607,7.730067231079683,4.272124374488567,2.0322121236215405,1118.0724410886824,1135.44965379957,1132.8101672996595,1118.7320170618302,-192.6346216546268,130.73417134522123,593.0282987715082,-178.0413972409206,148.50939026149723
47.12,0.0912543588327767,-0.2455897855305318,0.053449407329089,-0.0322872339715202,0.0205099145036926,-0.0205308839904745,-0.0023904676962597,0.0026173837108482,0.0619382909340006,0.9980736251194287,-0.0653900335421099,-0.0163833235716797,9.763765794901973,-0.0207931740800597,-0.0211002949637293,-0.0041460114207774,7.730024453827072,4.27206724417826,2.03220321938296,1117.6254013764428,1135.5342736106936,1134.4667466253159,1118.370107863549,-133.12096485340146,-39.48315303480539,696.9269107949531,-126.95243729670308,148.50872067526385
47.1225,0.1814398795910388,-0.2135204335389747,0.0428680179577903,-0.0320700115620126,0.020107762919016,-0.0203567908290836,-0.0024107432821843,0.0026301001904398,0.0619184444973105,0.9980747754380356,-0.0670838719897356,-0.0196091506665443,9.765919524317715,-0.020767470446977,-0.0209840708130631,-0.0043168225618004,7.7299823430134,4.272010527784361,2.032194528805622,1117.406836264415,1135.252238034396,1136.2948018536363,1118.0972548753464,0.1790934992185605,-167.9131775355068,740.4078267631426,-99.42947792810088,148.50803439289172
47.125,0.3036507915510557,-0.1763993067990126,0.0397360090856835,-0.0311199807026602,0.0199021884434061,-0.0202429615677717,-0.0024262641186987,0.0026411949387063,0.0618975313447081,0.998076004060876,-0.0686360327624048,-0.0225500104125446,9.768560639763447,-0.0207484709641164,-0.0208732675033997,-0.0044813068467903,7.729940365252464,4.27195308130278,2.032185580544504,1117.6262968439387,1134.6947077230157,1138.1687857591335,1117.8729604739083,216.47576110955603,-251.75063581514385,793.7557235540622,-94.09284446946376,148.5073260194099
47.1275,0.4523699746414704,-0.1320847412718321,0.049336095256036,-0.0294756028994735,0.0197449849298052,-0.0201886296063872,-0.002438160848188,0.0026496390265756,0.0618765197606503,0.9980772512268276,-0.0700119877376563,-0.0252052969268811,9.77168163233395,-0.0207355537202383,-0.0207659973709757,-0.0046368487941944,7.729897837471552,4.271893726380182,2.032175623872954,1118.4892150699618,1133.9934848553214,1140.2635804714027,1117.6267906529995,409.048369402053,-224.877159539004,715.9739972180862,-82.05654789599414,148.50644884983203
47.13,0.5584266918839687,-0.0962943223033658,0.071648178653305,-0.0278259896367977,0.0195991155322405,-0.0201929969915437,-0.0024495268183436,0.0026573179798408,0.061857455736701,0.9980783778131948,-0.0712377502219493,-0.0276128139156066,9.775265972003968,-0.0207276911719816,-0.0206604062929024,-0.0047808522292945,7.729854634483359,4.27183211841333,2.032164289528363,1119.6715386909502,1133.57032192532,1141.7486557452255,1117.462677734428,536.1831503404104,-110.79102660490906,517.6298989829401,-42.20150514686453,148.50569479802334
47.1325,0.630384499589097,-0.0597424995328751,0.1109107124885157,-0.026063370538372,0.0193650286117632,-0.020199927261389,-0.0024637035401701,0.0026663268475729,0.0618406447270575,0.9980793519131548,-0.0723456471632071,-0.0298182472261078,9.779288664842706,-0.020723484618753,-0.0205551345870634,-0.0049106790554493,7.729810652078984,4.271768810417448,2.0321514180037243,1121.1701308216652,1133.4395297222964,1142.8517299663188,1117.415783127265,671.741804840414,6.930970723175897,386.7304477107489,28.056318867245917,148.50491692578527
47.135,0.6677820488477098,-0.0119596099584369,0.1761327203448384,-0.0237676337616933,0.0189695008934718,-0.0201216302561809,-0.0024841811765224,0.0026798279179337,0.0618258812005907,0.9980801705316132,-0.0733911278716307,-0.0318715173805999,9.783716798722098,-0.0207213586426805,-0.0204495785585946,-0.0050238455289181,7.729765708123592,4.271705168304727,2.032137160950153,1123.0302477151492,1133.604976778936,1143.6823079837775,1117.6029593287642,641.992742915353,94.56563663097477,225.1955881736406,121.25918976310622,148.5039567098849
47.1375,0.6560604691490624,0.0312497353531925,0.2409658020627948,-0.0215031801882402,0.0186107631090801,-0.0198977602002162,-0.0025097442050874,0.0026987451812832,0.0618106042001431,0.9980809939811182,-0.0743825168621913,-0.0337353343922295,9.788510815694444,-0.0207196659227399,-0.0203441776078976,-0.0051178536112556,7.729720424407523,4.271643329596564,2.032122142212852,1124.3800945362436,1133.9123579054517,1143.9777079071876,1118.022079076081,444.0608224392692,125.85714848999415,48.62817853706714,227.48210424612992,148.50313512048044
47.14,0.6060131673541488,0.0729195319746654,0.3066901341279437,-0.0190883705078644,0.0184341663922188,-0.0193923382834302,-0.0025346064859824,0.0027230797360058,0.0617909753031468,0.9980820748502642,-0.075306623278785,-0.0352853668496375,9.793625621032714,-0.0207168105287399,-0.0202402861627306,-0.0051903738263137,7.72967452223646,4.271584768757411,2.0321067585001584,1125.2505518273467,1134.234262521386,1143.9254488764632,1118.7403698499954,232.01210928544424,114.16902717070496,-81.60197706800464,379.02818979266976,148.50229277973327
47.1425,0.5256197525099454,0.1081545353504477,0.3706471962327591,-0.0166734189419562,0.0186872023778385,-0.0183529125998484,-0.002555812956223,0.002755620900354,0.0617660525539042,0.9980834709728728,-0.0762098244106333,-0.0364496671979126,9.7990114798829,-0.0207114181826938,-0.0201395866342722,-0.005239764788793,7.729627436368334,4.271529800890143,2.0320913685172988,1125.5401550826696,1134.4832030413047,1143.569698021848,1119.9172200250423,-25.996395947809447,58.02147879523305,-162.29168599648685,473.0365093965101,148.50126019598116
47.145,0.4702950856264223,0.1135453641390031,0.3992045068449284,-0.0156656513579978,0.0191715112945054,-0.0171277745748707,-0.0025733551957653,0.0027952639070181,0.0617378906272784,0.9980850577819776,-0.0770672095216793,-0.0372190366725908,9.804616141045642,-0.0207024864271726,-0.0200435909156531,-0.0052648200046109,7.729578600216307,4.271478053929206,2.032075971532706,1125.1205698476076,1134.5243699153625,1143.1139904464803,1121.1055523969792,-282.51136123693965,-14.457963232727584,-197.32480737128665,500.4039326768348,148.50038352016927
47.1475,0.4651273140775317,0.0819360658629806,0.3904596155543378,-0.0161047900511918,0.019707606402683,-0.0157492530515995,-0.0025874814760192,0.0028358024161385,0.0617107749265426,0.9980865863473916,-0.0777549765606203,-0.0375962690629487,9.810386626380044,-0.0206895188747686,-0.0199532055542942,-0.0052645956077096,7.729528555914003,4.271428088556715,2.0320601004561096,1124.1275982764844,1134.410913225141,1142.5830739849912,1122.419239688428,-456.699062865852,-58.70560033714237,-214.17986599041268,530.3110913153707,148.4994927811709
47.15,0.5200917116539099,0.0137503957431767,0.3466662218482707,-0.0170386031746955,0.0201875650112892,-0.0145822552840244,-0.0025997447200497,0.0028713614863798,0.0616897397954662,0.9980877580697048,-0.0781572947059704,-0.0376107990369925,9.816270322545332,-0.0206725697192346,-0.0198684326918339,-0.0052387030043119,7.729478486730119,4.271377777590567,2.0320430352882135,1122.8370745332804,1134.230841913677,1142.0430911165292,1123.7571078535536,-533.972889799588,-66.52314996746334,-207.70810475736033,519.1665376975907,148.49859273373968
47.1525,0.642781507716936,-0.100667653771787,0.2609455574276583,-0.0171182595402172,0.0205173064381526,-0.0138363942885316,-0.0026098428092411,0.0028999008725359,0.061676435807683,0.9980884773930744,-0.0782307000147544,-0.0372536288156979,9.822216319200098,-0.0206521230468012,-0.019788479601313,-0.0051874377589382,7.729429278469827,4.271326439347932,2.0320246685846715,1121.457733827485,1134.0782974753035,1141.5445334612039,1125.0150723769173,-562.4293894322216,-32.03807841521846,-196.85626152489863,504.68871092959137,148.4976846844428
47.155,0.828225956449444,-0.2863226296921607,0.1128055503510632,-0.0153007866843916,0.0206034364895522,-0.0130523728895384,-0.0026142185924763,0.0029207255735397,0.0616658179470405,0.99808906588599,-0.0779533967133576,-0.0364538441645764,9.828177294433882,-0.020628950237186,-0.019712022600548,-0.0051118049076277,7.729381372920221,4.271274329971193,2.032006340921097,1120.0249275861179,1134.070651521601,1141.0588098089042,1126.2805514082029,-454.49059537304896,42.918813680574125,-150.40022464677386,401.6789111212362,148.49659042099992
47.1575,0.973474742718953,-0.4708264253666847,-0.0444791870579797,-0.0124191336917023,0.0202626529784988,-0.0122769726234193,-0.0026105245085847,0.0029316030008655,0.0616523709605433,0.9980898762235596,-0.0772736469546337,-0.035170089734364,9.834111185682335,-0.0206042454183611,-0.0196370835883941,-0.0050136983555223,7.72933533820516,4.271221266006097,2.031989237941638,1119.185280850622,1134.2928915437062,1140.7925323379707,1127.0234669325216,-244.94958284518563,145.53950129190355,-71.71278126325856,211.3930208916655,148.49567843851983
47.16,1.0645140924814587,-0.6648847510116024,-0.2250426958415459,-0.0088947889974288,0.0192364944524134,-0.0118418136326133,-0.0025981554319074,0.0029295297100023,0.0616327915087223,0.99809112301015,-0.0761252577940407,-0.0334007347741009,9.839982283266083,-0.0205794945135414,-0.0195611191451782,-0.0048958866390789,7.72929219884736,4.271166823034009,2.0319743888042328,1118.800179671891,1134.7983490280608,1140.7002459025875,1127.3375165126615,-72.77512951833073,283.0099701764455,-6.663294768983407,27.006955026567816,148.49477123873984
47.1625,1.0787190957302504,-0.8748527871172321,-0.439957080294442,-0.0043791947126196,0.0168958507595872,-0.012603238779078,-0.00257766805333,0.0029142158966436,0.0616065335687163,0.998092839750046,-0.0744955364627468,-0.0311687722992912,9.84576170293088,-0.0205561367289281,-0.0194812703539934,-0.0047618988252277,7.729251699449942,4.271110335352313,2.031962142461348,1118.82140520303,1135.7079413945892,1140.7592158641255,1127.1585017076543,67.95433406038497,371.8870672323845,33.46692411522187,-154.48728976712528,148.49369432760443
47.165,1.0037945118677367,-1.0043429322673691,-0.5901578309369002,-0.0006722309113716,0.013903439136997,-0.0144142579619832,-0.0025531961705415,0.0028888460846886,0.0615742795164311,0.9980949632606164,-0.0724439281310312,-0.0285687061802601,9.85142773155084,-0.0205351460067303,-0.019394741842169,-0.0046158326505625,7.729212283727539,4.271052265250746,2.0319523605094028,1119.1399513421927,1136.657784364221,1140.8675805231635,1126.5650800638268,157.04213536906687,399.76444246619855,23.99534341424124,-306.9460616366335,148.4928115555834
47.1675,0.8500255323632037,-1.06256566343172,-0.6813545017735636,0.0025384894208076,0.0101044415200459,-0.0168564798517479,-0.0025254136210556,0.0028567297490927,0.0615350812696686,0.9980975392233772,-0.0700287126459012,-0.0256323225665507,9.85696613081347,-0.0205167271079776,-0.019299309677385,-0.0044615974872206,7.729172716477654,4.270993911101977,2.031944673921976,1119.6066158798756,1137.7067636069212,1140.879192581197,1125.6237713994703,201.38522212499691,460.9646988732863,-58.931905384785615,-447.7846402397046,148.49195024396667
47.17,0.6107971505115001,-1.0441020995130152,-0.7046946424242189,0.0053488331679605,0.0056634075871189,-0.019846988900271,-0.0024951393914571,0.0028217940083716,0.0614896212367194,0.9981005116792496,-0.0673218955407045,-0.0223983368290991,9.862369385339552,-0.020500381335766,-0.0191933364636258,-0.0043027858672577,7.729132284504659,4.270936246991484,2.031938809232723,1120.1468774528184,1138.9626078585886,1140.5729209962396,1124.3261568626272,172.701279417354,446.09327712205055,-189.960460442162,-462.5647900634363,148.49094920652493
47.1725,0.4038124991309817,-0.968451567693795,-0.6515509764461225,0.0063268396074622,0.0027412497838389,-0.0221697543309713,-0.0024648085176368,0.0027885955739483,0.0614408285727119,0.9981036813171692,-0.0644122148759137,-0.0189407890284625,9.867635582598444,-0.0204850022695276,-0.0190757428742103,-0.0041424825567873,7.729090628642928,4.270879884734942,2.031934740870862,1120.4701222769615,1139.9372299925294,1139.929390278987,1123.3109474491555,88.087905341536,363.90947347180855,-349.477655318245,-347.19039058032166,148.4901476485551
47.175,0.2369921905341756,-0.8603258543675165,-0.5347605548022791,0.0057917759578934,0.000778166690885,-0.02410305040033,-0.0024372224160207,0.0027610070876162,0.0613905661924222,0.9981069162600564,-0.061378949885877,-0.0153455215059697,9.872766958958382,-0.0204689039810444,-0.0189460315248186,-0.0039829439110415,7.729047513753096,4.27082530820441,2.0319318657441534,1120.5873169795263,1140.7821552259484,1138.8255327196475,1122.5902049097247,11.71406885650268,312.16269607591533,-509.09874814630126,-217.79521949158837,148.48938558133207
47.1775,0.130503875479182,-0.7502096621293992,-0.3817216806621003,0.0045055372412692,-0.0005898215482092,-0.0254287378973924,-0.0024131945559146,0.0027389703871851,0.0613403036718139,0.9981101247861937,-0.0582258587845638,-0.011666953280977,9.87776812459483,-0.0204500507549918,-0.0188040736489114,-0.0038252215278703,7.72900317051037,4.270772034720204,2.03192891187388,1120.5286926212443,1141.4980434729096,1137.3838965382542,1122.2219713516968,-55.457170740651655,253.50735396946536,-625.9871329883716,-58.93084695108785,148.4886595351551
47.18,0.1067726264012967,-0.6621357840184166,-0.210430776755949,0.0030493970467601,-0.0015891267516788,-0.0258136482807714,-0.0023916900449094,0.0027236742775956,0.061291527675514,0.998113215887234,-0.0549839579864817,-0.0079237516220907,9.882643422500317,-0.0204262081711099,-0.0186498952069302,-0.0036693444609482,7.728957924012642,4.2707191716245125,2.0319252313849727,1120.3100311258231,1142.0496919957948,1135.6955970547083,1122.2955506749695,-109.34934104098768,205.12387339859296,-737.9806770004396,108.86120431192361,148.48797976479173
47.1825,0.1531207419711476,-0.6013057290244652,-0.0150938352118678,0.001802361946552,-0.0027158772119117,-0.0255017200908902,-0.0023695802338451,0.0027160010890285,0.0612477115690466,0.9981159826250786,-0.0516808732309457,-0.0040951526506715,9.887394816493945,-0.0203951811935261,-0.0184834955978208,-0.0035143591168375,7.728912163513403,4.270666387220657,2.0319208675753218,1119.9819459160399,1142.5236628399018,1133.6939931532554,1122.766277373256,-110.74054008357751,143.47194417816291,-678.5757893241391,201.8081896846856,148.48721978493876
47.185,0.2172676702383381,-0.5934903247560077,0.1222457309246547,0.0017453095711306,-0.0036664663795857,-0.0249291011223627,-0.0023459349363186,0.0027171344947638,0.0612102927270083,0.9981183366519222,-0.048358554694046,-0.0002043517533976,9.892019972099053,-0.0203547675913029,-0.0183049752673979,-0.0033586839731882,7.728866189832803,4.270613969535859,2.0319159853835407,1119.7563284254052,1142.767051716686,1132.302718108086,1123.3045916233934,-58.0337293539445,66.19523383684533,-443.5922891825617,198.1087007988104,148.486633539229
47.1875,0.2489162809246494,-0.6280745237599119,0.2213645801064344,0.0034418553139552,-0.0044675522759764,-0.0240630200615073,-0.0023197114547631,0.0027236361464585,0.0611792973992667,0.9981202877973034,-0.0449731275102668,0.0037216728351454,9.896510617882367,-0.0203028856002433,-0.0181145428291336,-0.0031999774832999,7.728819893062455,4.270562102724103,2.0319109534981266,1119.69177726927,1142.8546390090862,1131.4760317073415,1123.7568208772507,26.86132514184179,0.0002775801931423,-190.69696825585257,132.27111915405865,148.48609568022053
47.19,0.1881065052267062,-0.7042355638783064,0.2920204740700102,0.0070201858865011,-0.0055020056282816,-0.0227876584569721,-0.0022934899873875,0.0027344315362512,0.0611565037214056,0.9981217229064115,-0.0415365932647901,0.0075872740232498,9.900850923938687,-0.020237695924115,-0.0179123596363933,-0.0030356619772623,7.728772918975546,4.270511021731874,2.031906000553396,1119.8906350511143,1142.7670531045867,1131.3492332668077,1123.9659472191631,125.25764238537661,-67.48994940586456,107.46473004341128,0.950488946818464,148.48550412812605
47.1925,0.035887615970186,-0.7763652514157229,0.3139501125022929,0.0098759364880826,-0.0068921032350704,-0.0217458517638148,-0.0022711705585924,0.002749056893314,0.0611421614115764,0.9981226184333892,-0.0380792384177717,0.0112718974188422,9.905016540843441,-0.0201575868084124,-0.0176986577394307,-0.002862840492963,7.728724788974145,4.270460565931489,2.0319005789239144,1120.3180654811972,1142.5171892620567,1132.0133553575588,1123.7615733219848,224.19744278083624,-139.1719735380063,408.15793756084565,-163.07230401694895,148.48505367760336
47.195,-0.2025229802798586,-0.8244022806087865,0.3077905400330074,0.0111476126355863,-0.0091926392911422,-0.0209500222152929,-0.0022553136213608,0.0027633514585919,0.0611347437949433,0.9981230731581608,-0.0345604975413721,0.0146779497314844,9.908973989329649,-0.0200613316851531,-0.0174737249374857,-0.0026781413678784,7.728676408533047,4.270410526900435,2.0318936547151085,1121.011622265019,1142.0711932368963,1133.3900229546127,1123.150585699078,355.9457556338256,-238.5060278144815,715.8011105473777,-341.4797945468231,148.4846438844199
47.1975,-0.5234447489859465,-0.8162641285936026,0.2836764274633724,0.0104073767714131,-0.0128491407815837,-0.0203368216468271,-0.00224511766376,0.0027720444577135,0.0611299647569958,0.9981233652863096,-0.0309167480457398,0.0177745899365275,9.912680228558848,-0.0199481525643433,-0.0172379377049396,-0.0024779649668956,7.7286285798738,4.270361120132208,2.0318849906952767,1122.0977942593647,1141.3246591229852,1135.5923609102924,1122.0541743492522,428.6889024394521,-302.2424337113807,843.5366858217325,-436.3867701446493,148.48419464635987
47.2,-0.7604102104188825,-0.7374683745966948,0.260097137535809,0.008005868770636,-0.0159027382828482,-0.0200456293824432,-0.0022389619355896,0.0027730639286227,0.0611247866059773,0.9981236897904704,-0.0271480273676151,0.0205531438786236,9.916083305178612,-0.0198178561183363,-0.0169915859547449,-0.0022590565099736,7.728581120366457,4.270312334147564,2.031874858568218,1123.1550667772171,1140.5599810683389,1137.6077063837236,1120.9686518483536,438.5596070919776,-325.0002943392402,774.3772942110484,-434.80042378237647,148.48385214533084
47.2025,-0.9005766895067404,-0.5825518135817904,0.2406507360169951,0.0039751253457933,-0.0182244712682016,-0.0198521531456385,-0.0022352139571939,0.0027659985497037,0.0611159186685047,0.9981242530783376,-0.0232876872419504,0.0230098622790956,9.919123746261922,-0.0196707624481678,-0.0167349386518602,-0.0020187869569886,7.728534078074262,4.270263616592575,2.0318644761199494,1124.2905922948255,1139.6996576512884,1139.4642473813497,1119.8801722303392,455.248500394878,-352.96761554082235,675.3450978169216,-411.9643093493432,148.48353812603995
47.205,-0.9293066021770328,-0.3759754782129142,0.2256628582568742,-0.0008189861619149,-0.0197750680394097,-0.0196342128543732,-0.0022333223673617,0.0027471583443051,0.0611023842198177,0.998125126902121,-0.0193043916484513,0.0251187278433333,9.921736512028371,-0.0195077859547433,-0.0164681941122569,-0.0017552151945292,7.7284878980870335,4.270214479764252,2.0318550227707948,1125.4313092791897,1138.7951429906364,1140.984431872805,1118.9088303016088,443.0852920762397,-366.8477476635813,502.2672291143112,-338.4284058561749,148.4832440430205
47.2075,-0.8210358313125973,-0.1296880422195863,0.2116965688009953,-0.0052040113969655,-0.0204310895936362,-0.0192781894031516,-0.0022332010392333,0.0027117174268502,0.0610845057115812,0.998126305982378,-0.0151427855193645,0.0268468880936187,9.923853090465968,-0.0193303336042324,-0.0161916663032744,-0.0014672130016677,7.728443304635785,4.270164540294239,2.031845787316004,1126.506018755208,1137.8654189129695,1141.9755835269225,1118.1880302010575,437.7909873129317,-410.30567245713354,316.1449868528254,-242.44865556621664,148.48296923993317
47.21,-0.5765493121608511,0.1785990015526089,0.1858364695441686,-0.0082669571874056,-0.0202786157998878,-0.0186164412058607,-0.0022313276483603,0.0026604686663466,0.061061777618973,0.9981278276499376,-0.0108520110923139,0.0282410155556572,9.92540372675464,-0.0191400964762027,-0.0159060864866008,-0.0011546133707797,7.7284008365147425,4.270114527962007,2.0318362152664,1127.6202642157555,1136.7436146283496,1142.5651568070703,1117.696587023777,363.8082135561161,-408.79280779009497,137.02493210738524,-114.25339406515764,148.4826552396649
47.2125,-0.3316292205959364,0.4218975506755,0.1485835892255158,-0.0083897234446096,-0.0194003525292974,-0.0179033216696802,-0.0022231982716299,0.0025992305705179,0.0610343779891991,0.998129675436617,-0.0065760747829254,0.0293786706254191,9.926320800068623,-0.0189389149282074,-0.015612717433331,-0.0008183729839718,7.72836028469985,4.270065665947677,2.0318270805836685,1128.3250598229868,1135.821454874021,1142.6607081874588,1117.6167632307322,217.515572080472,-359.05872825737606,-8.529187893141355,31.84172965896513,148.4824018507711
47.215,-0.1075796381659971,0.6244344284966771,0.0885811763345628,-0.0067477135461554,-0.0177539554145986,-0.0172228510963063,-0.0022083213349324,0.0025344342885541,0.0610071897529107,0.998131533905426,-0.0024712571327247,0.0302643026596524,9.926542584980961,-0.0187286949315279,-0.0153132552962125,-0.0004606723541886,7.728320389636691,4.2700188806970525,2.0318187500291316,1128.7078420761584,1134.9483209870618,1142.5225108676043,1117.855795672072,79.08036895342366,-359.429923642663,-75.80312910527697,164.4482031450093,148.48215179327875
47.2175,0.0960427891597832,0.795503664025301,-0.0096894315605684,-0.0046416825032908,-0.0150339716811146,-0.0165978070814501,-0.0021894100212137,0.0024724022183784,0.060983639269907,0.998133170904866,0.0013085955546363,0.0308454663458449,9.926016268200414,-0.018511075718821,-0.0150099810982264,-8.489185455152524e-05,7.7282800866406465,4.269974537123574,2.0318111407253774,1128.7204616677543,1134.0243052558067,1142.2816925419322,1118.4390042464577,-72.79154586560507,-305.9269859637479,-81.03362750564978,248.08955346211232,148.4818506056978
47.22,0.2088183867057765,0.8665713632743088,-0.1076785263853684,-0.0035128049402432,-0.0124963603221879,-0.0162198331447382,-0.0021709800427637,0.002417945878424,0.0609638796821677,0.9981345553410508,0.0046415114098677,0.0310396826388584,9.924700637880214,-0.0182873916225802,-0.0147056234299813,0.000304474983378,7.728239146406167,4.2699323611290705,2.0318046245444297,1128.3438843468307,1133.4186860572445,1142.1173427300766,1119.0962434393812,-222.18721405490672,-193.91857013924064,-47.94998444269643,275.8162803832828,148.4815958379744
47.2225,0.2807302282808072,0.8591350196055513,-0.2077672299175777,-0.0030356198625647,-0.0100176631725514,-0.0162827194762071,-0.0021563387347645,0.0023738933936455,0.0609480305553851,0.9981356671536694,0.0074510736716992,0.0307935731062733,9.922568237810944,-0.018058877965913,-0.0144030002599208,0.0007019435259008,7.72819783374359,4.26989209843792,2.0318000055920327,1127.6095255974792,1133.05471240511,1142.0419426197186,1119.8180856483748,-379.5625729952339,-93.4351330265576,-13.822045098042713,301.78510919588933,148.48133467914639
47.225,0.3480077203315231,0.7648863435166302,-0.3047289134282866,-0.0028099051608887,-0.0068535824844253,-0.0171651013302589,-0.0021469564325712,0.0023405975391861,0.0609376432475013,0.9981364088653552,0.0097171793564754,0.030094555565087,9.919607379116432,-0.0178268203816647,-0.0141047533340917,0.0011011593891723,7.728156769462419,4.26985374865856,2.0317983839219265,1126.4460714818536,1132.9515103921115,1142.0482325045864,1120.6051689853616,-445.40080254664224,19.709018695648147,13.15351752215352,251.97830754850835,148.48101220597533
47.2275,0.4040429455742239,0.6270211613764674,-0.3462415884405081,-0.0027402419118571,-0.0043233499224127,-0.0182795607765421,-0.0021381757145172,0.0023181069739666,0.0609296881796334,0.9981369753298412,0.0114371365582381,0.0290587757697207,9.915823312525854,-0.0175924344475405,-0.0138133677614531,0.0014951702946836,7.728116953629796,4.269816916056802,2.0318004668264567,1125.382521584748,1133.153257498588,1142.107710207329,1121.077977186116,-404.834434864026,135.18836721871045,26.24111881790235,127.24542905664605,148.48073544929292
47.23,0.4672572830764957,0.4544823069972878,-0.3270403088797297,-0.0024936351103088,-0.0026301063891437,-0.0194499617943939,-0.0021258235906329,0.0023069218623043,0.060921376913019,0.9981375448779108,0.012603373543728,0.0277998554507885,9.91124009719123,-0.017356956132318,-0.0135308688752435,0.0018765538981051,7.728078930378169,4.269781007787591,2.031806934571591,1124.4218993075324,1133.6274522282051,1142.179438098676,1121.2413961306452,-352.4820401220056,256.94441020369186,20.40241476992244,-12.309463383729122,148.4804507301723
47.2325,0.5426785849590509,0.2516860537770317,-0.2180802835843033,-0.0016403193578909,-0.0019355707841306,-0.0208002419606547,-0.0021109291955355,0.0023089481128517,0.0609135472206373,0.998138058501395,0.0131792165548006,0.026335495148701,9.905901387014302,-0.0171215887572048,-0.0132586862628316,0.0022377271463412,7.728042394929858,4.26974547642609,2.0318178421540662,1123.620111384137,1134.4379795496072,1142.2097222811788,1121.0164298691975,-208.21892741542635,322.3180812307167,-11.799786970060994,-146.0298783399103,148.4801014569613
47.235,0.589708219718075,0.1196719882815353,-0.0499773989104614,-0.0003807200369683,-0.0024334951485919,-0.0218482513384769,-0.0020961853569558,0.0023230528636806,0.0609049393417811,0.998138588379434,0.0131899006957908,0.0246520498253091,9.899868930111031,-0.0168871693450926,-0.0129978922629879,0.0025717286613731,7.728006503789682,4.269710296231118,2.03183231672531,1123.3808046704562,1135.2390426343575,1142.1204391638255,1120.5112467389463,10.403358012257875,325.6972750543053,-78.81886402201933,-239.9927086055095,148.4798059888485
47.2375,0.597153524518117,0.0556605240402969,0.1954406675168126,0.0016525267107475,-0.0037216389609511,-0.0226816756638037,-0.0020864857831989,0.002347722713393,0.0608941757392554,0.9981392108050468,0.0126692732714972,0.0226960229078589,9.89322121978386,-0.016654162480147,-0.0127492050061634,0.0028725829132345,7.727970028983547,4.269675260282066,2.031848868709773,1123.6721281741984,1136.0664659248796,1141.8156279610687,1119.8164663261691,201.89068528896897,319.32793109842385,-171.69909059744296,-278.0225484852905,148.47950917010883
47.24,0.5572593449932248,0.0552860384928294,0.4922243993330648,0.0043878173546031,-0.0051709514188428,-0.0230650936288681,-0.00208507894605,0.0023820249134827,0.0608804795680977,0.9981399683689188,0.0116452418492877,0.020450180206525,9.88605083219471,-0.0164227645513608,-0.0125130086368322,0.003135682710679,7.727932233045992,4.269640418506929,2.031866148617904,1124.3902580969016,1136.8356822898504,1141.261943710838,1119.1211339965191,367.0323568561498,274.39405912507425,-292.3249627774042,-239.07609225524453,148.47921431845197
47.2425,0.4575848770503122,0.1174345920133773,0.8190258854320299,0.0069976879917324,-0.0058687812443643,-0.0223697718346325,-0.0020926003053513,0.002424919891167,0.0608649081633731,0.998140797826804,0.01015444360005,0.0179505248886252,9.878461478957597,-0.0161931470800548,-0.0122893513256389,0.0033579449725762,7.7278932494998225,4.269605965374985,2.0318835541972846,1125.5072899584775,1137.4384362205035,1140.3540031471828,1118.6210858648942,533.4413775048538,202.15848423786352,-480.83910775924846,-137.11970624252635,148.47892635297217
47.245,0.292005845485475,0.22278447612512,1.1850644448707532,0.0080274084253535,-0.0050258926152924,-0.0196372867806632,-0.002108683272811,0.0024720512537971,0.0608472864006379,0.9981417213730752,0.008302925962586,0.015249851474903,9.870564826329575,-0.015965614022152,-0.0120780785590032,0.0035378329757866,7.727854029084803,4.2695720002478685,2.031900541038534,1127.0574649844234,1137.8464747110388,1138.857748172044,1118.435535465307,558.9860446611833,80.84924889458716,-603.0880670525319,13.421470023779376,148.47859559281463
47.2475,0.1420462331260234,0.3018605134969055,1.4168130459974024,0.00702376220839,-0.0033279050397912,-0.0156832520488058,-0.0021303893731015,0.0025169836704572,0.0608280168505134,0.9981427366590486,0.0062435588434931,0.0124488625517836,9.862477087988477,-0.0157408371298452,-0.0118787670362119,0.0036752381941841,7.72781526697388,4.2695386376280995,2.031916393985813,1128.3022201817848,1137.8426824649769,1137.3385628119188,1118.6881932150131,437.0792914851828,-85.77377599326769,-632.9413089554637,180.53203830463505,148.47833803954293
47.25,-0.0021422763754755,0.3427175988373696,1.5174778748458315,0.0057080756879867,-0.0014100491851831,-0.0106024473745903,-0.0021544003789213,0.0025554269894236,0.0608080645454363,0.9981438032298364,0.0040900383411482,0.0096569766988486,9.854316087786826,-0.0155199517114459,-0.0116907404132216,0.003771108466667,7.727777815015423,4.269505833635932,2.0319313022880996,1129.2428614418504,1137.4176058310723,1135.693041627265,1119.3381956568307,298.76486441862534,-284.342016828927,-701.9315811367977,351.02360014934766,148.4781070174701
47.2525,-0.1783428776994414,0.3370904075836403,1.448528247752944,0.0054674929424726,0.0006229076664702,-0.0042774675215769,-0.002176300099186,0.0025851567456687,0.0607895973542346,0.998144805184834,0.0019194468913173,0.0070053809088459,9.846197793667459,-0.0153045233020539,-0.0115130553097888,0.0038272645946919,7.727741799013128,4.269473368629605,2.0319451303293095,1129.7960445038766,1136.4209723808335,1133.828904906238,1120.4433112157583,89.18395074415442,-433.6565883295007,-623.6658420564702,431.78603743450105,148.4778703787028
47.255,-0.345136611536365,0.2934739052698084,1.2280277088919935,0.0066163952217312,0.0018628757117532,0.0006600907537206,-0.0021924261330288,0.002603827279752,0.0607753911303062,0.9981455886690044,-0.0001871377097536,0.0046072652219826,9.838233162466652,-0.0150963910137112,-0.0113445704676596,0.0038462204683796,7.727707549276147,4.269441049538363,2.031957630857945,1129.6887811955714,1135.2493228894236,1132.5747124169811,1121.4971258440044,-160.84114940614157,-510.82926339396425,-395.4540344072735,414.860915257456,148.47771396888393
47.2575,-0.5386227520679356,0.2286671384599581,0.8609738511628903,0.0078472184820437,0.0024351961156468,0.0046418253522608,-0.0021975171074471,0.0026086165610454,0.0607653835272461,0.9981461768230204,-0.0021356042393825,0.0026033301306137,9.830525022740634,-0.0148974138816915,-0.0111840935574868,0.0038310492658117,7.727675454119685,4.269408980656369,2.0319691411892213,1128.9918387568455,1133.8668260638624,1131.8516347342006,1122.5176157920466,-415.9501522727314,-615.5892506811284,-163.24350846231323,407.66982140954286,148.47760683378033
47.26,-0.7666385153565871,0.1532999734800917,0.3113048580705273,0.006809183841679,0.0025217773625317,0.0073263265704857,-0.0021908220320886,0.0026009080242353,0.0607591260127624,0.9981465945752273,-0.0039182041780481,0.0010466456953077,9.823166098332228,-0.0147093481422277,-0.0110304209902006,0.0037849304631279,7.727645343948986,4.269376974777483,2.0319804280223894,1127.6090304342097,1132.1713766360208,1131.7584948746703,1123.5354749510502,-563.9649146122181,-598.4472710328313,100.77396002347388,321.3667836468805,148.47754139121867
47.2625,-0.9066271712723248,0.1090914751204408,-0.1773018452027072,0.0032632846427856,0.0022289371550824,0.0070913535565428,-0.0021744723779862,0.0025857234980642,0.0607575325902589,0.9981467678210044,-0.0056007885461608,-6.639004154473938e-05,9.816236520275517,-0.0145336410889772,-0.0108823514481256,0.0037111395697104,7.7276168967306225,4.269345028584025,2.031992408866647,1126.1720141837827,1130.8745897086967,1132.3555045343182,1124.1244497102819,-585.5764400890808,-465.7585988912506,364.5902972903468,171.32557408672585,148.4775426301894
47.265,-0.9463695952009256,0.095616981858105,-0.6224949370438446,-0.001467543359889,0.0016918684635985,0.0044785368071766,-0.0021514073331984,0.0025665876922021,0.0607605641824148,0.9981466828859044,-0.0072208042323293,-0.0007614736127333,9.80980166547142,-0.0143711263316656,-0.0107388166131092,0.0036132926844393,7.727589772543779,4.269313552895672,2.0320050684839495,1124.6811482337628,1129.8425836415631,1133.5814463611227,1124.3921028214843,-572.4848873415999,-353.2781503603958,571.1722753820333,53.6828237347924,148.4776039553352
47.2675,-0.891621489112695,0.107559443988186,-0.9877129295225592,-0.0055529943818493,0.0012549985620231,0.0008286272069116,-0.0021256953274702,0.0025465366459973,0.0607642300966457,0.9981465650356112,-0.0088090191977926,-0.0010914885358701,9.80391085665259,-0.0142218067762101,-0.0105990059790082,0.0034954221746822,7.727563076835243,4.269282731121676,2.0320174404635245,1123.3095897470776,1129.1081989568963,1135.2113659112258,1124.3928638289556,-495.219731801782,-211.19491024826965,711.7646162449544,-56.3198391168665,148.47771555296268
47.27,-0.7419922502102799,0.1391493690758039,-1.2285897425295111,-0.0080332430855391,0.0012425869089427,-0.0030897417709804,-0.0020982880705676,0.0025291005256801,0.0607657004523127,0.998146574388765,-0.010404480105203,-0.0010529437408935,9.798596201800892,-0.0140848960689084,-0.010462175564355,0.0033621044922712,7.727535895386045,4.269252495961881,2.032028643141219,1122.2050495747524,1128.7866090903215,1137.1402694423496,1124.1105036258998,-418.6393243665084,-43.75872063462828,865.6714881103771,-172.75377923242814,148.47788686375975
47.2725,-0.4991545993857186,0.1765128385347399,-1.366555080540078,-0.0090054548336148,0.0019034443560852,-0.0076813574085684,-0.0020692310895633,0.002517070733561,0.060764594243831,0.9981467263038828,-0.0120341590245781,-0.000631137391968,9.793872262511588,-0.0139588782717657,-0.0103275891726165,0.0032183760025372,7.72750784194725,4.269223131819285,2.0320380627814703,1121.216393125244,1128.889405353723,1139.53972335178,1123.5290949327928,-319.51593832420207,111.83511377108682,857.5404732764649,-238.19999485994063,148.47815853846697
47.275,-0.2768653771965026,0.1892976083862883,-1.3639585471848408,-0.0086590665828196,0.0029997376625838,-0.0114354219788986,-0.0020389264406196,0.0025107318240766,0.060759632511108,0.9981470971773168,-0.0136813631751843,0.0001730839044076,9.789736199300364,-0.0138415605257073,-0.0101945461514052,0.0030695770896601,7.727478693224451,4.26919500379657,2.0320453240838767,1120.607469883133,1129.3457846591764,1141.427971808728,1122.9195036516012,-226.06633647394375,240.41560339129757,694.0844309480868,-249.9301215710688,148.4784369958389
47.2775,-0.056226409030421,0.1687549433560169,-1.259125794047554,-0.0078770032367445,0.004389040647264,-0.0148706030890191,-0.002007948764332,0.0025094563739561,0.0607494877844971,0.9981477694220098,-0.0153174993704661,0.0013485295555071,9.786168488458223,-0.0137302840165777,-0.0100622295700705,0.0029210678355679,7.727448191640259,4.269167950094918,2.0320504000176465,1120.0860614428736,1130.09148337068,1143.010145506522,1122.279444324937,-239.855762587572,361.7621538368408,588.9594136681977,-266.9678235318313,148.4787654347014
47.28,0.2065604400009959,0.1061362348208953,-1.0463832444375725,-0.0069504541563781,0.0058605772786354,-0.018131013749529,-0.0019764860582027,0.002512519327264,0.0607341919694735,0.9981487447742284,-0.0169176504792268,0.0028852257130223,9.783134176640791,-0.0136221683961225,-0.0099295232816271,0.0027779451391235,7.727416379759461,4.269141507968069,2.032053544050753,1119.4081910701943,1131.1545954283615,1144.3727688770705,1121.5846645339411,-270.1805196714942,388.87543712093145,389.07339918868183,-230.05789982169523,148.47921223282503
47.2825,0.4362244891736968,0.0357975748834528,-0.8212191226597984,-0.0063024239272711,0.006515855573116,-0.020031127027668,-0.0019466163332961,0.0025178435519431,0.0607162447012517,0.9981498747085228,-0.0184387122758083,0.0047281904002447,9.780584891166477,-0.0135143588221349,-0.0097949043030074,0.0026447581867105,7.727383123543488,4.269114502489408,2.032054419623265,1118.7351588445174,1132.035860556283,1144.9555125024635,1121.1291548258296,-290.1806300074775,316.8180479249457,101.59084422388592,-147.81821551088507,148.4796244616558
47.285,0.6957433982010042,-0.0259675057144482,-0.572210569907651,-0.0059800761770393,0.0059958499105035,-0.0212403474285656,-0.0019233339517914,0.0025271327990429,0.060696984683319,0.9981510656053884,-0.0199208459291319,0.0067636267622425,9.77846137983609,-0.0134042389130894,-0.0096565664810275,0.002525076885736,7.727348132016066,4.269086302605068,2.0320527464591764,1117.9572879201564,1132.738685667987,1144.88072309819,1120.8455734563863,-344.45039697926063,236.80670821510537,-188.21494864727728,-83.94163239841215,148.48007301786228
47.2875,1.051190899240519,-0.0591217392634863,-0.2675693279484616,-0.0057894636500102,0.0041951236817806,-0.0220979179700609,-0.0019069920553014,0.0025428367911992,0.0606755898977529,0.99815236130184,-0.0214185930395107,0.0089628534272182,9.7766957433281,-0.013289685128022,-0.0095125459887635,0.0024214237392035,7.727311889118998,4.2690573406318215,2.032049460867893,1117.0129068596202,1133.2198940973592,1144.014437759227,1120.7094466638373,-323.6082193325944,105.0829530603142,-436.1981146417167,-21.09355238937596,148.4806469815623
47.29,1.3700196595261624,-0.0435364849681587,-0.019654191595049,-0.005023866772829,0.002439030403752,-0.0224065162828667,-0.0018918559057756,0.0025634061396372,0.0606540058036825,0.9981536566411662,-0.0229049919624968,0.0114046543310138,9.775214380760115,-0.0131694086846184,-0.0093607589707759,0.0023351569507981,7.727275778869958,4.269027775121502,2.032045811440664,1116.3392468234947,1133.264100433288,1142.6997325249836,1120.7401056944395,-215.9142859880181,-52.05995894122745,-620.9719729126398,30.406741889358177,148.4811501656648
47.2925,1.6621918205612667,0.0025284741539484,0.2120612344583452,-0.0021285192851597,0.0018237790868246,-0.0224106162173774,-0.0018732794748385,0.002585277839822,0.0606308492808117,0.9981550516633424,-0.0243183488233297,0.0141382237314257,9.773941840078145,-0.0130429847241349,-0.0091993523134356,0.0022661520408072,7.727241222792615,4.2689981632425535,2.0320429920240697,1115.9333354296796,1132.9595943026527,1140.909577894662,1120.861480373284,-101.43865034755702,-164.02653584596715,-765.5204047242198,52.25290446898781,148.48167307855354
47.295,1.876066381228927,0.0485884081905685,0.4218432197126922,0.0032088190810194,0.0027204067399699,-0.022116645666314,-0.00185009502989,0.0026050426711229,0.060606046639814,0.9981565605621996,-0.025605497398713,0.0171394179685551,9.77280432206884,-0.0129108817067664,-0.009026704476108,0.0022127674906286,7.72720894921644,4.268969285740749,2.032042044552555,1115.832053571757,1132.443967754058,1138.8721305013603,1121.0013702167848,39.479512446623154,-228.24243149605377,-833.8080317963737,45.52760777114193,148.48220770147898
47.2975,1.9306770232225168,0.066109642924586,0.5896589821945015,0.0104986180426333,0.0044623123693208,-0.0211478815102924,-0.0018242197375279,0.0026224790038007,0.0605815602511456,0.998158059960837,-0.0267790631170782,0.0203227597801608,9.771732704344158,-0.0127742526413942,-0.0088414526417698,0.0021720143263829,7.727178672116914,4.268941339528292,2.0320434875685085,1116.1307329919125,1131.8183821451737,1136.740537735684,1121.0891184121397,212.521276602029,-261.12821896772687,-907.2844836918099,9.222623404816488,148.48275087663524
47.3,1.7680465564139831,0.0420513336481483,0.7158995703561954,0.0191201916822679,0.0059378195064584,-0.0189037713714534,-0.0017965828897438,0.0026380890387558,0.0605580387094847,0.9981595066389252,-0.0278638111504562,0.0236190250656483,9.770664794584796,-0.0126345879726004,-0.0086425486077387,0.0021400468993152,7.727149429237967,4.268914470158833,2.0320475048287183,1116.8946599547676,1131.1383266592184,1134.3357080828991,1121.0474833338087,326.87920001814393,-215.0474434422713,-823.0972003011966,-47.89986156804212,148.4834054892769
47.3025,1.4487245864511085,-0.0055514269786739,0.7393745806627677,0.0249974750342585,0.0062632707335809,-0.0162485157760997,-0.0017653984872247,0.0026513124398082,0.0605380138429815,0.9981607507385316,-0.028858398057128,0.0270076584341193,9.769547194245149,-0.0124935599683309,-0.0084291260404069,0.0021126350076146,7.727121382742574,4.268888311319316,2.0320540452363582,1117.765128992004,1130.7431449279616,1132.625051734176,1120.849619104299,362.80554353753615,-110.97919587933664,-595.5086701117993,-114.98282663898406,148.48394824336762
47.305,0.985858240057826,-0.0584753632694223,0.665469287427161,0.028888320032726,0.0055249249284407,-0.0131927149454936,-0.0017304394265283,0.0026632355438438,0.0605242497399252,0.9981616212703328,-0.0297928134729308,0.0304377997533673,9.768337138691926,-0.0123528555950102,-0.0082005351528449,0.0020854188648989,7.727094802023703,4.268862289431881,2.0320625519210935,1118.7086876724536,1130.5834306798224,1131.3581647323429,1120.4725692006143,390.89073864182944,-24.589731049422507,-441.64916413787216,-202.3474713178551,148.48448215018544
47.3075,0.3511548318249368,-0.1050630445923082,0.4737496981760804,0.0310206784157236,0.0041586140515221,-0.0100556568063976,-0.0016908973502353,0.0026756914793495,0.0605172253455973,0.9981620851829316,-0.0307082856863911,0.0338702799111557,9.767003073137916,-0.0122139771499711,-0.0079564377945366,0.0020543231880677,7.727069498755402,4.268836141065789,2.032071987812549,1119.7195826852114,1130.6201962727148,1130.4168059134884,1119.8378817477108,325.55367396727604,34.74346669129814,-251.8040171053675,-258.60422264359346,148.48510577482517
47.31,-0.1721367883373121,-0.1242900071046714,0.2535778712854785,0.0306454402566423,0.0033387614751498,-0.0087343540417874,-0.0016477836801489,0.002690884048851,0.0605142417412114,0.9981622979838812,-0.031652856987238,0.0372316716307146,9.765525154211467,-0.012078083652592,-0.0076969445724478,0.0020157613738127,7.727045057793331,4.268809718126788,2.0320816564920894,1120.3364560422908,1130.7571480132788,1130.0991446468151,1119.179548087396,181.78454445492,55.06180306508125,-45.713761520095694,-287.4084815174122,148.48560632597375
47.3125,-0.6082247903404577,-0.1291410209880574,0.0149390582418525,0.0283549803396978,0.003213106640443,-0.0091682520135018,-0.0016019724212385,0.002709004939947,0.0605123902455953,0.9981624338790046,-0.0326322679477627,0.0404508703292008,9.763894743989466,-0.0119459311979631,-0.0074226711745363,0.0019668451628294,7.727020814647709,4.268783273436866,2.032091575841547,1120.6285054074865,1130.8955052880403,1130.188237105888,1118.4008393401232,49.12400977809659,46.730186780175,106.5190353779658,-370.8309214052141,148.48608122970157
47.315,-0.957091397762722,-0.1291056415999244,-0.2447550428082325,0.0239854263583589,0.0036911453047866,-0.0109756023260558,-0.0015542759290166,0.0027289912421646,0.0605103099160589,0.998162577156511,-0.0336247623486802,0.0434598142629658,9.762113628104697,-0.0118178772135195,-0.0071348202531388,0.0019054217027688,7.726996239763776,4.268757463957128,2.0321013698576094,1120.582076091181,1130.9907989471797,1130.6317398237047,1117.3253934803715,-76.06901852241865,24.021818054131007,197.75427318367176,-418.52055704381615,148.48661485213015
47.3175,-1.0702060530220618,-0.1257756675605702,-0.4177864516829989,0.0194089679570736,0.0041233372565584,-0.0127526498423848,-0.0015055172432906,0.0027496578374973,0.0605058013456595,0.998162863732142,-0.0346039838855516,0.0461948118623895,9.760192877318941,-0.0116938980208436,-0.0068352921590961,0.0018300678494556,7.726971171144941,4.268732989616465,2.0321104744330287,1120.2481603148742,1131.015614378311,1131.1770084718069,1116.308236554903,-176.76540242237076,11.66884584890198,232.59416359771345,-429.637443878308,148.48702456004924
47.32,-0.9932614932837772,-0.1088093151687374,-0.5393483124873351,0.0145860884657184,0.0038668238258259,-0.0142406619750512,-0.0014561470954596,0.0027713075748458,0.0604972896495438,0.998163388708216,-0.0355700089308389,0.0486070205614476,9.758151383106243,-0.0115737029324563,-0.0065265937425381,0.0017400222266182,7.72694571576888,4.268711016649569,2.032118592079569,1119.6982490790688,1131.049143176424,1131.7947106416939,1115.177206260979,-237.49713457863209,29.401086903707803,247.6139399793261,-464.58786375725555,148.4873923584065
47.3225,-0.782574312257152,-0.0676187054389447,-0.6222997751950478,0.0103570336615816,0.0029763058889545,-0.0155491437993404,-0.0014076798399493,0.0027921283178023,0.0604833469995685,0.9981642429485152,-0.0364812750392891,0.050631187132245,9.756014724854941,-0.0114567949878076,-0.0062116693652291,0.0016351484533945,7.726919640193165,4.268692004081214,2.0321254036889815,1119.060674641982,1131.1626198128295,1132.4150781717024,1113.9852972361189,-252.34714872177213,80.37836515887173,243.00780454137868,-474.7534228314025,148.4877212716079
47.325,-0.4726565698626256,0.0135591494291524,-0.6657553843125673,0.0082487871257638,0.0019273078262456,-0.016908912617621,-0.0013627275610508,0.002806387413346,0.0604638461637449,0.9981654474946312,-0.0372195947791913,0.0521835177398466,9.753813783476478,-0.0113425646524915,-0.0058935837098191,0.001515833043015,7.726892418387553,4.268675242095004,2.032130614806607,1118.4365133354593,1131.4510350022188,1133.0097496644012,1112.8034391468207,-244.49383561214967,175.72485736036575,258.80362523353546,-485.5247254831528,148.48799836080465
47.3275,-0.0904055803664063,0.1544989574870805,-0.6786538512989142,0.0091402535073521,0.0011568484767584,-0.0186425526051809,-0.0013260904879307,0.0028108461587904,0.0604400707357028,0.9981669271683596,-0.0377166113977675,0.0531484090066455,9.75158324281341,-0.0112304437152803,-0.0055752360509129,0.0013826535622524,7.72686386336817,4.268660081461364,2.032134420174029,1117.8382054639208,1132.0412440996315,1133.7090962978707,1111.5576736087019,-180.96447608289145,250.3703079822575,261.57905074616025,-400.3391447507058,148.48826466132243
47.33,0.1663869876412785,0.2934155883442877,-0.6589228835081314,0.0118577029069278,0.0011994552077745,-0.0201017542213265,-0.0012995419045878,0.0028070223225676,0.0604118473538874,0.9981686850004596,-0.0379923582239024,0.0534827833703456,9.749359202127215,-0.011120054935768,-0.0052592013796132,0.0012362244671285,7.726834690237464,4.2686466114287756,2.0321374331257207,1117.5316909550456,1132.702886542129,1134.317644918131,1110.8017434230687,-78.0075469220775,275.67381192292936,257.1887954757633,-213.4847411190821,148.488426871977
47.3325,0.3094930978892788,0.4260273886015815,-0.6076572699442669,0.0148630097195068,0.0021101120512689,-0.0216182713193475,-0.0012824119720177,0.002797832494844,0.0603807681701215,0.9981706166002756,-0.038090039892098,0.0532003708434524,9.747178078147053,-0.0110113785259761,-0.004947518616443,0.0010771412036297,7.726806213483445,4.268634000631168,2.0321401971913375,1117.44816772931,1133.419613159247,1134.99504027525,1110.490249903106,5.189521820327246,284.9096495987303,312.7948843001596,-14.34898882156806,148.48852177329496
47.335,0.3454055785120789,0.5401904187694225,-0.5084702914627898,0.0175894405092926,0.0041522629154636,-0.0235334916806994,-0.0012734104956264,0.0027842931248934,0.0603500319268585,0.9981725267780464,-0.0380141567727338,0.0523318875652804,9.745075882877085,-0.0109047505258221,-0.0046416422922422,0.0009059964840915,7.72677915044731,4.268621411163354,2.0321430324621783,1117.5576385641473,1134.1274347901233,1135.8816193396326,1110.729998478961,60.25151344275423,199.6696452300509,325.21505204310887,187.91097653601165,148.48855189162464
47.3375,0.2863070695958707,0.5744651678479423,-0.3954386498975075,0.018811789039333,0.0063544223690234,-0.0250397250529307,-0.0012696905719933,0.0027675405872032,0.0603213061374159,0.998174314924898,-0.0377695508315839,0.0509451552020851,9.743086933020841,-0.0108007264697001,-0.0043425771739722,0.0007233799512677,7.726753244295924,4.268608439259773,2.0321455078065007,1117.7494252965237,1134.4179613853964,1136.6211155354642,1111.429804785785,75.75994638751342,20.309661504860355,269.588728021425,358.21189463481323,148.488503190393
47.34,0.1795812061558927,0.5296074613175523,-0.2576898446378073,0.0189298657575518,0.0086220608281148,-0.0260396089028855,-0.0012697237423226,0.002749402771281,0.0602944768873488,0.99817598485003,-0.0373762386877289,0.0490892514845678,9.741243316964793,-0.0106999408683274,-0.004051052164894,0.0005298726536681,7.726728319633658,4.2685947727683216,2.032147371739688,1117.936438296085,1134.2289830976476,1137.2295629797404,1112.521057952136,56.817592179839295,-210.53762815375336,200.67997604845647,518.1962600264874,148.48837359850475
47.3425,0.0485871444727453,0.3850630254667017,-0.0784474429889538,0.018020800749802,0.0111681565716164,-0.0265211059619554,-0.0012713002912698,0.0027300879783818,0.0602696883999967,0.9981775305315184,-0.0368221393039532,0.0468300861812295,9.739573706118945,-0.010603004540343,-0.0037676872411129,0.0003261276911088,7.726704414886395,4.268580450960183,2.0321492871290823,1118.033513257423,1133.3652732446271,1137.624515415707,1114.0207860859189,-0.0790967692410768,-414.2863280583827,65.85245634211411,536.889751876094,148.48812020584722
47.345,-0.0353398567923037,0.203492831555677,0.0702809775065283,0.0166909825676784,0.0125745837279012,-0.026549102256384,-0.0012707537673134,0.0027107669623703,0.0602486045641096,0.9981788532098111,-0.0361127394534477,0.0442679483244716,9.738102245174906,-0.0105104022396824,-0.0034931913396631,0.0001128667416123,7.7266820444303805,4.268566371122708,2.0321520542396208,1117.9360428122388,1132.1575514573576,1137.5588252614507,1115.205506711514,-87.18031578150747,-550.1864684000707,-122.7823034443017,411.7184287729455,148.48782469610077
47.3475,-0.0801486856128976,-0.0100684024182119,0.2037717663425157,0.0153873017477637,0.0126404934589158,-0.0263226317222433,-0.0012641145314137,0.0026956362152952,0.0602294815186566,0.9981800513216919,-0.0353141145146113,0.0415171421313124,9.736847826988,-0.0104222938596452,-0.0032286205919794,-0.0001090328842328,7.726661423166941,4.268553874217178,2.032155545510905,1117.5976116785152,1130.6143409026251,1137.0106038984852,1116.0793782297847,-177.74913509924775,-634.618986493836,-296.4619706946298,272.55710038998285,148.48743879640315
47.35,-0.0988308482431658,-0.2227878144270568,0.3130571685675206,0.0146728921262388,0.0117491305037134,-0.0257150572568505,-0.0012508429130998,0.0026878672003362,0.0602097337085677,0.9981812726793432,-0.0344788387935151,0.0386281338085929,9.735823962149016,-0.0103383193369287,-0.0029753251683615,-0.0003382984451963,7.72664157441184,4.268543145542904,2.032158595561061,1117.047297136742,1128.9844565248868,1136.0765154079768,1116.5682922134647,-265.45296861364966,-621.6121535731614,-445.15285916490495,91.23796693915321,148.48697617973264
47.3525,-0.106075075798169,-0.4072328231678094,0.378449042433859,0.0148546177937885,0.010160759787739,-0.0244929637545551,-0.0012331120820493,0.0026884185041105,0.060187350495854,0.9981826334364452,-0.0336226710437871,0.0355995615067377,9.735037882886274,-0.0102574396798964,-0.0027347986640678,-0.0005731246168733,7.726621257156274,4.268533881881216,2.0321602670343593,1116.2703468354482,1127.5062801347624,1134.7848396026627,1116.53556806448,-375.35503664788746,-557.0577224483592,-604.6013957817739,-125.07848768048429,148.48641936876714
47.355,-0.1269886068412124,-0.5752250927156493,0.3913931869211593,0.0156173821022604,0.007718006262201,-0.0226678277841997,-0.0012136850746922,0.0026975080693642,0.0601612410622218,0.9981841964816855,-0.0327514653396536,0.0324205761254223,9.734489549636615,-0.010177920216759,-0.0025085178587884,-0.0008112284212914,7.726599277999909,4.268526310482732,2.032160007707139,1115.1705219535015,1126.1991679126436,1133.0535084290664,1115.942899775062,-410.5545063646505,-372.37870145812894,-624.7313760098209,-289.05078983165134,148.48564084333356
47.3575,-0.1636472904037468,-0.6675313337776528,0.3437030658720399,0.0160031896051444,0.0056438586115565,-0.0212554659188297,-0.0011964214268398,0.0027143288309041,0.0601312461752255,0.998185970847888,-0.0318569336527345,0.0290598670470642,9.734171333991219,-0.0100974823175044,-0.002297772242621,-0.0010499994965251,7.7265755079144,4.2685199872319055,2.032157915910709,1114.217574303624,1125.6443866274708,1131.661182722612,1115.090314115321,-360.0554758678391,-97.43723767069008,-502.59939550424184,-384.0096376820693,148.48489974338062
47.36,-0.2172515715909252,-0.7187049316909179,0.2400776174352338,0.0156361564001273,0.0040279327268695,-0.0202006632696807,-0.0011812341191858,0.0027361840237104,0.0600987945662477,0.9981878800423366,-0.0308943089401177,0.025561689576044,9.734067345034969,-0.0100135625628188,-0.0021034991758213,-0.0012866450642735,7.7265501466580195,4.268514477766312,2.0321543275929326,1113.370244574164,1125.7119817242904,1130.5405114515474,1114.0228515866531,-316.6542936321292,162.937832830274,-397.9920401557375,-483.7500803487072,148.48406326783459
47.3625,-0.2891047077338395,-0.7480471494857651,0.0659828223744946,0.0144548367738003,0.0024501537574249,-0.0194084035617851,-0.0011634330850986,0.0027579292589051,0.0600661411904064,0.9981898079068516,-0.0297710225405781,0.0220569430611341,9.734153736186409,-0.0099235855954966,-0.0019261987331695,-0.0015183538394449,7.726523156768579,4.2685095640088315,2.0321493072737384,1112.6343028354624,1126.4590757916224,1129.6712225218323,1112.6715637135762,-204.895753312562,363.18125962620405,-232.05785790634715,-486.4913591476819,148.4829509082686
47.365,-0.3485508390503352,-0.753624237141716,-0.1050889774924912,0.0133872650103708,0.0011725735261909,-0.0191633384424016,-0.0011418330020755,0.0027763509077514,0.0600311479241999,0.9981918912896004,-0.0284417184698957,0.0186098572185659,9.734400156647071,-0.0098252039522067,-0.0017659558228256,-0.0017425690139224,7.726494588206656,4.26850485812844,2.032143028655104,1112.3457658076009,1127.5278880224223,1129.3802221620151,1111.5903947909137,-35.0072441407383,483.6454612779868,-33.1365731672878,-407.6967417983339,148.4819354312808
47.3675,-0.4054911825775651,-0.7409180038706468,-0.2800939826287541,0.0126785523157198,-0.0002065680806575,-0.0194405020029338,-0.0011166331976138,0.0027890795649688,0.0599945643189565,0.9981940895590198,-0.0268831350176513,0.0152564988802764,9.7347703881146,-0.0097165953225304,-0.0016222751167964,-0.0019570711414396,7.726465073107037,4.26849988839131,2.0321355830109833,1112.4592666147587,1128.8773030980103,1129.505539655996,1110.6330800045864,146.46380666544835,610.4713090412683,134.84517410714474,-385.93167156230805,148.480831348013
47.37,-0.4697341996847715,-0.6964203897129918,-0.4630633524536823,0.0119476668591973,-0.0021993125983087,-0.0206057616258113,-0.0010870339623987,0.0027962903872221,0.0599581905500822,0.998196293714506,-0.0251238676268204,0.0120520356007552,9.735223303252113,-0.0095966643318242,-0.0014941577283955,-0.0021601063667498,7.726435525074054,4.268495350115768,2.032126774922596,1113.0780848409274,1130.580244567626,1130.0544480325502,1109.660736433104,302.7129022976894,604.499604793782,256.9687148762163,-326.66423154725294,148.47940894496588
47.3725,-0.5146244663063849,-0.625780220500726,-0.5691233427566345,0.0111766150004222,-0.0042623400169722,-0.0224730460754917,-0.0010529605644024,0.0027977072770847,0.0599223735893511,0.9981984832690272,-0.0231874772240825,0.0090328542472969,9.735714574441417,-0.0094651517210709,-0.001380165532108,-0.0023504557174807,7.726406982422718,4.268491784023432,2.0321162885013977,1113.972831126248,1131.8998011219808,1130.7903832303775,1108.999758846849,422.79448835835154,474.29334540841694,345.14640925117953,-232.7311551122594,148.47814668584928
47.375,-0.5374008239202516,-0.5129163608867323,-0.604632071219022,0.0097736321729193,-0.0065991284646212,-0.0251158663570382,-0.0010188297889065,0.0027925726158768,0.0598882121366914,0.9982005890531545,-0.0210949925515023,0.0061423733288626,9.736198607902404,-0.0093225986706493,-0.0012783301224859,-0.0025275968396558,7.726380557736366,4.268488242791862,2.0321046253732855,1115.1920572827203,1132.9517112946692,1131.780180078807,1108.497080657542,524.8799303096574,360.2498461355119,435.6891317799052,-171.81278037657813,148.47681019653675
47.3775,-0.5300556215751157,-0.3683270813872446,-0.5762939176644694,0.007697563341728,-0.0086489580225113,-0.0276637722175124,-0.0009898674312175,0.0027824584767891,0.0598561023972768,0.998202577395464,-0.0189143914817452,0.0033053519802363,9.736629968326486,-0.0091701358284474,-0.0011862094182192,-0.0026918715610138,7.726356846607338,4.268483766717955,2.032092579413657,1116.597230777794,1133.7010503526567,1132.9688288892753,1108.1406949449672,579.2292868757378,217.9767483818772,518.0143790045428,-100.82928252945136,148.4754162327989
47.38,-0.4793083657536563,-0.2040482116862126,-0.482086941947283,0.0053949976179387,-0.0094331005183342,-0.0292460023262788,-0.0009697401836367,0.002770674836589,0.0598262763216433,0.9982044220831052,-0.0167454113717697,0.0004728874382117,9.73696508349071,-0.0090091964574118,-0.0011010390947992,-0.002844514242473,7.726335225045146,4.268477766058493,2.0320806971091407,1118.0882037171004,1134.041595036579,1134.370251973831,1107.9929342448945,632.7684086766059,54.94762647746856,646.9151090090564,-8.132174512589177,148.47395759421036
47.3825,-0.3779755836719429,-0.0177254142604426,-0.3204458502613587,0.0033705983357229,-0.0087144381374991,-0.0300534294526411,-0.0009587372084539,0.0027601618054203,0.0597977041298679,0.9982061773569862,-0.0146758635097631,-0.0023445770848568,9.737163920987916,-0.0088412552538466,-0.0010200252808687,-0.0029875610813365,7.7263146779069425,4.268470037157568,2.032069618725627,1119.7610728211787,1133.975788485044,1136.2034044343222,1108.1000340724042,560.791574941514,-97.86724686395962,672.0547910316527,91.4879842444784,148.4721380553248
47.385,-0.2792943258533004,0.1094117117510332,-0.1654877996154574,0.0025788676375555,-0.0075307093630396,-0.0302753001998063,-0.0009547167451434,0.0027517288576225,0.0597687399720465,0.9982079423798226,-0.0127479594649816,-0.0050973362801249,9.73719160645218,-0.0086676889405372,-0.0009406322131264,-0.003123684232873,7.726294603213786,4.268461004872616,2.032060278505325,1120.8921615918055,1133.55225880226,1137.7305259289863,1108.4503741661165,363.0621338589624,-235.2996218891964,568.8565806179486,198.40878000762896,148.47056793967445
47.3875,-0.1944736883819769,0.2009787933961333,-0.0078646446027236,0.0027101540401409,-0.006664664102524,-0.0302277751321321,-0.0009555961846447,0.0027463768233834,0.0597415199022693,0.9982095882576264,-0.0110057825696995,-0.0077417494059912,9.7370198236527,-0.0084897256909779,-0.000860763289244,-0.0032559923545385,7.726275450865199,4.2684515799934175,2.0320529703680656,1121.5763834904744,1132.7992903755976,1139.0476873374134,1109.092077972443,174.35248228062113,-391.7518524807106,477.1746923034985,354.07785987940844,148.4689461754491
47.39,-0.1344732798482466,0.2786499461575516,0.1696035845158341,0.0039793381821952,-0.0062721607267644,-0.0298385823267416,-0.0009600013100479,0.0027432676776836,0.0597161357600711,0.9982111127650602,-0.0094569100238043,-0.0102538182392099,9.736627619171347,-0.0083084097946753,-0.0007790331159325,-0.0033876652862459,7.726257589926311,4.2684424810320545,2.0320474404190945,1121.763924003209,1131.5934995398554,1140.1163993905047,1110.2207634655144,-36.48781270038533,-479.15471835811246,272.23803415783755,476.8467082558135,148.46694486168647
47.3925,-0.1230474110138619,0.3246906037594378,0.2996171961188139,0.0053279097737067,-0.0064023891002331,-0.0291995251560793,-0.0009656628261888,0.0027414719347369,0.0596924035914356,0.9982125315792416,-0.0081043947269678,-0.0125949251294637,9.736001761990313,-0.0081245079606931,-0.000694805738645,-0.0035216473905298,7.726240587921157,4.268434314682298,2.0320426923768515,1121.3939444269727,1130.4035167838092,1140.4088775082012,1111.4763115137196,-234.24269963372197,-494.9011388260912,-32.02174887758881,568.9088705942868,148.46523414310477
47.395,-0.1303545124709062,0.35191710519907,0.4032379389209965,0.0053174011060774,-0.0062981152027727,-0.0282127602810483,-0.000972497115162,0.0027424968514563,0.0596698988357358,0.9982138658332924,-0.006999589919087,-0.0147675240929291,9.735136986547872,-0.00793839424996,-0.0006081253039312,-0.0036604517596848,7.726223928094237,4.268427908721334,2.0320377670054324,1120.5927105050398,1129.1189938457237,1139.9562906461167,1113.065307818487,-403.4017044828698,-557.4560192910998,-369.5895321616191,767.4992551243287,148.46348217050456
47.3975,-0.1161561098295715,0.3474712829448959,0.4904183402522606,0.0032933541616314,-0.0050500964911828,-0.0267282620934827,-0.0009813672515747,0.0027463516702004,0.0596471466868783,0.9982152026860645,-0.0061643808064298,-0.016794316655161,9.734035508765633,-0.0077500322542591,-0.0005195779294926,-0.0038059814537831,7.726207088398877,4.268423118301739,2.032032327425605,1119.3769359045573,1127.6162366873523,1138.5609298473923,1115.3138077893434,-446.21235592653295,-518.889629896711,-628.7308137065145,863.1623296336448,148.46133561781238
47.4,-0.0606241864713121,0.2981417648534134,0.5293778914564575,0.0010645217635078,-0.0033817403344225,-0.0253431499249716,-0.0009915952112758,0.0027533216596243,0.0596248995743807,0.9982164970451756,-0.0056227072756395,-0.0186670111702714,9.732706437957487,-0.0075589973244754,-0.0004300541975941,-0.0039595422255523,7.726189676603408,4.268419085214572,2.032026213300429,1118.3616487254092,1126.5245456962425,1136.8126365775872,1117.3811194666516,-360.94380733424896,-373.0274790582736,-765.470392579636,828.7054928474244,148.4595123303577
47.4025,0.0408031168149448,0.1931203971510714,0.5329602254827664,-0.0004827738773404,-0.0018658359530916,-0.023855737055314,-0.0010015242459391,0.0027642635478461,0.0596035297747623,0.99821772627487,-0.0054070681074388,-0.0203557668816529,9.731165128018713,-0.0073645780032633,-0.000340641889011,-0.0041218850270399,7.726171324262166,4.268415013217429,2.0320190590421494,1117.5722168678851,1125.75109929206,1134.7335778844922,1119.4573352535826,-254.78339701522296,-239.72664525942048,-831.9299385088761,793.1466712315377,148.4576557501661
47.405,0.1581790626079341,0.0470041233223119,0.5093039225307491,-0.0009567789777496,-0.0008373325091024,-0.0224563479426433,-0.0010079233002539,0.0027772240123923,0.0595828240302131,0.99821891186517,-0.0054919342336386,-0.0218008283041688,9.729432282396248,-0.0071659887914092,-0.0002525851182332,-0.0042932353976073,7.726151540117714,4.268411065435938,2.032010383426091,1117.0877317403324,1125.3259124699448,1132.6529868850407,1121.3468528228111,-110.05197638329268,-78.97672620668253,-762.7591616641555,660.0491475893341,148.45577324281683
47.4075,0.2513306894925024,-0.1299728505217336,0.4580593171321174,0.0002795122131462,-0.0005934582566984,-0.0213441358748209,-0.0010093552346845,0.0027886025645775,0.0595626918285276,0.9982200706990012,-0.0058198462592636,-0.0229762109920377,9.727533302100055,-0.0069626196658518,-0.0001672382042524,-0.0044734536562018,7.726129992660465,4.268407576124831,2.0320001652564605,1117.0219569859692,1125.356215661027,1130.919782076175,1122.7575809915263,57.394324475551656,108.61720080591923,-604.9029403301208,455.205325927085,148.45386127722662
47.41,0.2811945993685508,-0.3438641569681674,0.3723374641839435,0.0031811961165807,-0.0013140462310755,-0.0202497370689003,-0.0010023096061926,0.0027930951545215,0.0595434812266905,0.998221200208549,-0.0062952449755194,-0.0238144724031005,9.725497486605011,-0.0067543481653482,-8.605553382265859e-05,-0.004662197544905,7.726107163368094,4.268404677197329,2.0319885471958865,1117.3747033627103,1125.8689984739747,1129.6284721833883,1123.622879452448,179.82916843598,249.36237106895507,-305.6220464979361,157.4954725257716,148.45153491672227
47.4125,0.2162468735716616,-0.496177125204839,0.2854344429390442,0.0057280957651585,-0.0027530905969058,-0.0194067826840596,-0.00098629720789,0.0027873592655684,0.0595249216022122,0.9982223266299622,-0.0068608164061403,-0.0243013878724639,9.723357639241565,-0.006541787739432,-1.04925334803928e-05,-0.0048591348526862,7.7260844205908015,4.268402456415838,2.031975923134797,1117.9211028281495,1126.6030275163723,1129.3916718436844,1123.5450583541556,236.48057369845125,330.89531820913254,89.50820658013937,-192.94648051590497,148.44957092362415
47.415,0.0635150496330816,-0.5933134731679954,0.1877675283137657,0.0073530964248681,-0.0048796876795897,-0.0187192265615084,-0.0009634713510053,0.0027701535779335,0.0595063230753376,0.9982234934299224,-0.0074988429513238,-0.0244687731021765,9.721149504875784,-0.0063264323261122,5.808122789732529e-05,-0.0050640513114915,7.726063157104709,4.268401430727593,2.0319625340223455,1118.5571062312015,1127.5234750650188,1130.0760132162889,1122.6581470498693,261.65658521213373,420.90099413568464,479.49308837249214,-535.7362531445675,148.44758210907455
47.4175,-0.1808489846026548,-0.6267442783269074,0.0660615713171973,0.0078100401314363,-0.0078438847528713,-0.0183701049821115,-0.0009374704113202,0.0027441931886447,0.059490226328017,0.9982245393823672,-0.0082648761188552,-0.0243708009765094,9.718911340712278,-0.0061105728241974,0.0001185268702845,-0.0052769257944878,7.726044929616116,4.268402160390038,2.0319488034614523,1119.2293857542109,1128.7075324870518,1131.789137285548,1120.8663770884311,211.67653952628,432.7881541027696,725.1417983481971,-731.467224669576,148.4451690594231
47.42,-0.3931421796538953,-0.5839887943606181,-0.0324764746818688,0.0067347035343836,-0.0102892031878431,-0.0185215437227097,-0.0009116895015138,0.0027130526652619,0.0594777901752223,0.998225384213672,-0.0092250505285443,-0.0240545458087205,9.716683375836153,-0.0058970374304856,0.0001700168043563,-0.0054978917839206,7.726030540288986,4.268404774245822,2.031934642939708,1119.6154889288334,1129.6874158355336,1133.7017222080317,1119.0008109265195,110.68603713066356,378.1434592341412,786.3709145481938,-762.2704468553477,148.44313826767447
47.4225,-0.5633093913064527,-0.4829328150741088,-0.1218878460375495,0.0043570464243962,-0.0119407014270828,-0.0188860607693892,-0.0008871106401317,0.0026804528605164,0.0594650821358049,0.9982262520219538,-0.0104394548449373,-0.0235196232668025,9.71450735205635,-0.0056887601859705,0.0002121545349618,-0.0057272092067553,7.72601846799961,4.268408585284149,2.0319198486225476,1119.7828159398637,1130.5982497832208,1135.7209918582855,1117.055024854158,32.86706853930947,373.0831551238135,821.9508853868208,-813.297346065558,148.44109000073124
47.425,-0.6767122839194843,-0.3259912011087621,-0.2153433129281273,0.0010105421716927,-0.0127582776424708,-0.0193968733552268,-0.0008666981351587,0.0026544340601397,0.0594479279103002,0.9982273671915374,-0.0120479573859623,-0.0228004660861237,9.712426254139649,-0.0054883374615739,0.0002452399280043,-0.0059652966642104,7.726007015834549,4.268413070148548,2.031905073131117,1119.77982427153,1131.5528316111538,1137.811476634968,1114.9343241961897,-20.919644486446696,318.4899688027334,659.4864712548124,-711.2401024621703,148.4386164086746
47.4275,-0.6825288521830956,-0.1891837909180718,-0.2806263154342809,-0.0017640830423396,-0.0126854494304693,-0.0198795746335444,-0.000851402008633,0.0026395760993699,0.0594229187442867,0.99822891927646,-0.0141149532616025,-0.0218993560874193,9.710483513919016,-0.0052979462044965,0.0002703465497349,-0.0062125872730317,7.725994961889197,4.268417951734656,2.031890884284387,1119.6782177174312,1132.1906996272353,1139.0184242145613,1113.4988243418454,-44.26603238193299,212.1010457932808,338.576938985842,-489.4447670879248,148.43654587883512
47.43,-0.6012253151824339,-0.0659177604341589,-0.3308799207422576,-0.0042001014769691,-0.012003677058347,-0.0205003551275413,-0.0008401669145604,0.0026334761147177,0.0593930352666656,0.9982307352151196,-0.0165615762725279,-0.020792518171449,9.708722406294038,-0.0051194345542986,0.0002894386912397,-0.0064693679997558,7.725982645392339,4.268422422242627,2.031877393781507,1119.5584941096204,1132.6133368401192,1139.5043613298956,1112.4871003607523,-42.43956551253399,126.01262093996957,73.31493645617529,-337.30921120680915,148.43447105997546
47.4325,-0.464483575175506,0.0416886920327533,-0.3658589934102796,-0.0059890798356177,-0.0113409384705284,-0.0213080981117257,-0.0008336313708266,0.002631602600249,0.0593622076968601,0.998232590349692,-0.0192651101072667,-0.0194970485607222,9.707185644743642,-0.0049543857186826,0.0003053314674276,-0.0067356553151241,7.725971262950577,4.268425518978449,2.031864340189495,1119.466019889869,1132.8207627319343,1139.3849988968418,1111.812278285813,-27.292969316963212,24.398638638091395,-170.82185208842375,-205.21457127186713,148.43239711273563
47.435,-0.2917235514795724,0.1374722120667934,-0.3780427968837896,-0.0066732661001734,-0.0113134256594786,-0.0223635411728824,-0.0008335955119676,0.0026310842588896,0.059333864053946,0.9982342860400264,-0.0221328206020556,-0.0180571342007482,9.705914696828275,-0.0048041063937289,0.0003215209664705,-0.0070110580607292,7.725961197975723,4.268426682034116,2.031850827201757,1119.4220292630357,1132.7353300333095,1138.650252069453,1111.4610275043924,-11.57655420410582,-107.63490841153676,-414.3756562603966,-107.83674079379064,148.43033002811129
47.4375,-0.0844629286012544,0.2517652810898068,-0.3622823583912434,-0.0062643946277644,-0.0115496474015043,-0.0237456472947426,-0.0008431242242435,0.0026308716862128,0.0593096822945447,0.9982357226529512,-0.0251063452159705,-0.0165464916945187,9.7049489346724,-0.0046695616863324,0.000341908447022,-0.0072946811172717,7.725952001083423,4.268425795316617,2.0318359244792066,1119.4081371188483,1132.2825881898766,1137.3131206155388,1111.2730945818437,-4.7182271479912,-219.3960812521431,-521.2239045106537,-48.3451184124518,148.4278650305704
47.44,0.0648492081378503,0.3498433033585066,-0.3239310340100524,-0.0053082854590516,-0.0113559509731561,-0.0247569758678231,-0.0008614492796897,0.0026319056862655,0.059288493796579,0.9982369675470216,-0.0281603834283254,-0.0149696498249526,9.704324590509076,-0.0045513067085775,0.0003703905598733,-0.0075851556858564,7.72594335178526,4.268422709022162,2.0318191159372048,1119.3984381272955,1131.63834962705,1136.044132546902,1111.2193019123304,-13.542130264424834,-298.6185778873569,-487.7410230311176,-12.739352017745508,148.42582919727104
47.4425,0.1770217251477352,0.4448790674677433,-0.2632690122684228,-0.004343132586423,-0.0107099531377364,-0.0253665809315071,-0.00088296199138,0.0026341444264551,0.0592706396582631,0.9982380047743992,-0.031245106165099,-0.0132458740020381,9.70407386555667,-0.004449497812349,0.0004105287536794,-0.007880740850167,7.725935478728915,4.268417550682004,2.031800795800703,1119.340426467526,1130.789495300439,1134.874415500382,1111.2093978217547,-50.4051503725092,-396.68340792352575,-447.2205016982557,5.541637538041762,148.42381870983607
47.445,0.2712176862438795,0.5397630799273962,-0.1702114827020965,-0.0033848823415827,-0.0092934384163337,-0.0257898633458763,-0.0009025938725606,0.0026341590605376,0.0592564991439232,0.9982388248891244,-0.0342472034905771,-0.0113153227439074,9.704224460860921,-0.0043639022672144,0.0004652610056384,-0.0081794405081683,7.725928795728562,4.268410680641578,2.0317817636252036,1119.146412375433,1129.6549325874314,1133.8080300384097,1111.2470101000204,-101.4875387458246,-417.351079096686,-320.5993274040071,28.83981766984001,148.42144259460417
47.4475,0.3243396881127384,0.5891621374687769,-0.0779574138605726,-0.0027421384063455,-0.0074379246101719,-0.0262231116540355,-0.0009185279882594,0.0026289355135182,0.0592449988390269,0.9982395012621004,-0.03706808971615,-0.0091859457230758,9.704799131209631,-0.0042937727156435,0.0005366185487863,-0.0084791035798826,7.725922724789829,4.2684031317698325,2.0317618447844743,1118.8329887737975,1128.7027399049575,1133.2714188633631,1111.353596910104,-164.349473502723,-366.31850771663613,-150.12741824340588,67.90240867422817,148.41949801904573
47.45,0.3625782097886631,0.5956867331684214,0.0274000750023574,-0.0022917550680795,-0.0053762438021432,-0.0266950070870479,-0.0009306916004334,0.0026194732292825,0.0592341229774965,0.9982401514151834,-0.0396931658951228,-0.0068986738129319,9.70581513424521,-0.0042377179236711,0.0006255038399422,-0.0087774792570481,7.725916093368128,4.268396352891513,2.03174047299021,1118.324665007919,1127.8233400488473,1133.0573929471923,1111.586522143392,-267.72205713336865,-363.4915444505583,-56.47775921249216,135.41356186390098,148.41759632252655
47.4525,0.3998899745198792,0.5520550972145591,0.1608175893023694,-0.0017674062201014,-0.0031010329027412,-0.0267538243838228,-0.0009378371923428,0.0026098595829184,0.0592220402002536,0.9982408756192278,-0.0421716510447121,-0.0044702721882193,9.707283830655863,-0.0041937371214305,0.0007316379901199,-0.0090722771694645,7.725907836693241,4.268391783039431,2.0317172706292834,1117.49437848813,1126.8852821827038,1132.9890300673007,1112.0306647194238,-332.5136075774776,-327.61570836376234,-29.829903447334644,184.20469682285716,148.41537071226935
47.455,0.4241432916084996,0.4796142671818725,0.2670139390492086,-0.0011237490733608,-0.0015731652052851,-0.0261612666951961,-0.000939816192278,0.002604944629468,0.0592077900874903,0.998241720047318,-0.0445750713403698,-0.0019383482700629,9.70921080034211,-0.0041593984046458,0.0008538088617962,-0.0093612727989328,7.72589811912999,4.268389838451287,2.031692739714509,1116.6620969700332,1126.18526150703,1132.9082434299555,1112.5075456275051,-343.89998535553474,-272.14091863192783,-78.3677921770558,195.9860700499028,148.413568069255
47.4575,0.4348400655616591,0.3846011460834781,0.3536380332512382,-9.678901442585142e-05,-0.0005782983650689,-0.0250556113861574,-0.0009370927460204,0.0026049938071831,0.0591892562102944,0.9982428103667184,-0.0468938731291196,0.0006435405602476,9.711596261650504,-0.0041321320508953,0.0009901870265101,-0.009642383571665,7.7258878552886365,4.268389930645684,2.0316673917381847,1115.7748785613514,1125.5245775895435,1132.5971911064153,1113.0105950696739,-377.56937856673864,-290.2568211432815,-220.3530417055172,201.92300963811832,148.41182565479895
47.46,0.421029266719724,0.2644823385900545,0.4229185039950581,0.0015350813850639,7.343100909625746e-05,-0.0235210945523796,-0.0009289299364489,0.0026051542481691,0.0591684633173379,0.9982440398399056,-0.0490248161780927,0.0032417773606728,9.714435437415938,-0.0041093663501259,0.0011386571262626,-0.0099137257448489,7.725877734731631,4.26839152852552,2.0316414849010584,1114.7742500771983,1124.7339774013128,1131.8064782214276,1113.5171606756965,-338.9542516491828,-289.1715198571903,-363.4475322582725,152.528619710713,148.40981203113142
47.4625,0.3816601244849211,0.1720604002282162,0.4478983519772678,0.0031599185459629,0.0002864228856171,-0.0222376371117422,-0.0009160325847777,0.0026021023826773,0.0591461836817851,0.9982453715197844,-0.0509031981666958,0.005800243496099,9.717718880498834,-0.0040884343781664,0.0012970491785275,-0.0101736744093773,7.725867470357808,4.268394490961131,2.031614698798968,1114.080107303107,1124.0787199902588,1130.7799534451256,1113.7732381682267,-233.42256051057,-249.4571016916868,-468.0474879999445,54.68758507801725,148.40820427652818
47.465,0.3150205639684628,0.0982053848702921,0.4392258614611275,0.0047804271720652,0.0003013680062543,-0.0210888270293563,-0.0008999009575753,0.0025978480179721,0.0591201119807958,0.9982469365884584,-0.0525758125307915,0.0082579312391143,9.721432713699375,-0.0040665038343784,0.0014632811153701,-0.0104209049440455,7.725855833207365,4.268398574269227,2.0315868997139326,1113.607137274645,1123.4866918928535,1129.4662407814267,1113.7905986010867,-145.85121985298244,-209.18498998319805,-543.8870045254536,-35.97090411547448,148.40667681527265
47.4675,0.2360456874241143,0.043796980328893,0.4051225175847019,0.0058964630870431,0.0002355914840657,-0.0200915013728122,-0.0008853137563849,0.0025992133593187,0.0590868819442887,0.9982489125178438,-0.0541930398944891,0.0105005655247377,9.725559377810162,-0.0040406855675613,0.0016355749891609,-0.010654411613048,7.725841550805574,4.268403474997811,2.0315588831871616,1113.3508512038416,1123.0327950403423,1128.060518422497,1113.5933836476493,-46.27832072014488,-121.62908292095528,-538.3260364307156,-127.99502634000235,148.40522170639403
47.47,0.1637128067291863,0.0136683359936826,0.3439369488182754,0.0057532264034459,0.0001378801666959,-0.019207606737826,-0.0008731361810834,0.0026078313744573,0.0590452267669187,0.9982513689661684,-0.0558051385885351,0.0124889523389082,9.730078321797023,-0.004008527783928,0.0018124634304568,-0.0108734292586802,7.725824557947106,4.268408679385665,2.0315314601130314,1113.3757456710443,1122.8785464782495,1126.7746105992755,1113.1506234693873,78.86564600940403,34.74548107749838,-477.5750151811566,-242.1927545863253,148.40386115824393
47.4725,0.1095133636216339,0.0028874200515661,0.2436504117690613,0.0045491129932051,3.2941942438427274e-05,-0.0181823923393617,-0.000860535846714,0.0026208166880043,0.058997884367903,0.9982541520250224,-0.0573736802205435,0.0142558587557176,9.734966574016546,-0.0039683807491441,0.0019928568314548,-0.011077340670544,7.725806564934283,4.268413315792536,2.031504334954763,1113.745179433889,1123.20652244573,1125.67264334659,1112.382419874717,192.7941298562851,222.8418944586107,-294.23309359065973,-310.0307087382822,148.4023476990465
47.475,0.0959254424873591,0.0112439124431131,0.1419517342283651,0.0035724460943658,-2.3459387258301087e-05,-0.0173834456168485,-0.0008488027848502,0.0026364857885677,0.0589496356792325,0.9982569793693888,-0.0588900436927984,0.0157606929579649,9.740199581806642,-0.0039195499186901,0.0021761301304912,-0.0112655643487344,7.725789186056021,4.268416942678598,2.0314769846197938,1114.3397163203265,1123.9927559505431,1125.3034451313215,1111.600469925695,293.68453928772726,425.102116420726,-8.00066593806878,-322.09947330850093,148.40119325951963
47.4775,0.0989605449202681,0.031643243045629,0.0304660819636553,0.0033028644729399,-2.8666416456395227e-05,-0.0168986592149318,-0.0008371218893044,0.0026525174092688,0.0589037731878182,0.9982596608571884,-0.060331101704062,0.0170082220359854,9.745751318143991,-0.0038624241548154,0.0023617888960945,-0.0114374781925978,7.72577334313791,4.268419907064956,2.031448790611128,1115.2136021303263,1125.3320330278316,1125.6326400168996,1110.771922508176,434.052952772532,695.8775008624876,309.37276705779004,-342.0767589360435,148.40015841867208
47.48,0.085041767429608,0.0618084918051124,-0.097804319971972,0.0039543689338397,4.83167821030525e-05,-0.0170686089546574,-0.0008251628192244,0.0026677506681451,0.0588612975101521,0.9982621393964812,-0.0616955101678131,0.0180002035378056,9.751594818658825,-0.0037983229837775,0.0025493135700686,-0.0115924317224818,7.72575912414186,4.2684229869384085,2.0314195554036756,1116.5099810841903,1127.4721434548571,1126.8503089666112,1109.890086131014,497.3290111736972,841.2705255336067,568.8206250843268,-275.67025146335703,148.399064529092
47.4825,0.030691914152991,0.0849579016775969,-0.1862377556256612,0.0050495211387332,0.0002011754561576,-0.0178148163202003,-0.000812351446295,0.0026789630321155,0.058820792481242,0.998264506928752,-0.0629385863949985,0.0187457559125596,9.757702804114473,-0.0037293717107887,0.0027380086535843,-0.0117297950511044,7.725746269877798,4.268426789060467,2.031389245900862,1117.700247186196,1129.5383856555015,1128.4767431423227,1109.3935712508585,469.84501468902624,833.4022217830654,742.8011092921158,-115.36393291591172,148.39828288689895
47.485,-0.0907942993079506,0.0974852273460801,-0.2429600960533449,0.0063489764579136,0.000461691167211,-0.0188075196712785,-0.0007987035355163,0.0026836404828272,0.0587842475286519,0.998266653088992,-0.0640251412119826,0.0192483805407751,9.764047958575238,-0.0036581900022875,0.0029270185163724,-0.0118490718933901,7.725735077020598,4.2684314333596385,2.031358349143934,1118.8592061576333,1131.639154563769,1130.5643145130684,1109.3132664664347,470.83105068703406,869.5000876124694,967.5227127347224,90.35236012605233,148.3976436237388
47.4875,-0.3158312116012724,0.0905585497306046,-0.2690598917916437,0.0080544974992674,0.000878569266869,-0.0199079727668775,-0.000786402307703,0.0026818742302197,0.058754396842486,0.998268416206346,-0.0649676514958916,0.0194772039999508,9.770603295655969,-0.0035876211927436,0.0031153537871543,-0.0119499723130979,7.725725988622403,4.268437036512999,2.0313272573666,1120.0544024396324,1133.8858860935663,1133.3143567059988,1109.8453330514888,389.7048539961641,741.1529489144259,1000.327789881328,311.53331451889676,148.39704927448102
47.49,-0.5474209907365047,0.0605483202659968,-0.2573774207107423,0.0088790077678109,0.0012421194181132,-0.0205996552516835,-0.0007781143246697,0.0026755096514996,0.0587323195093181,0.9982697285708968,-0.0658076315660457,0.0193985281138527,9.777342400342116,-0.0035204930751098,0.0033018623533879,-0.0120324296164792,7.725718733411283,4.268443246514452,2.0312960013883465,1120.807730427615,1135.3449193083427,1135.5659534624776,1110.8709330390302,243.9476210229204,475.29312553767824,835.1878180895121,532.7762492657555,148.3967035474302
47.4925,-0.7675136174550358,0.0007455652600212,-0.2157903993796656,0.007640978464773,0.0014239132968533,-0.0209801335508053,-0.000774020815473,0.0026641201730477,0.0587166403546488,0.998270676083208,-0.0665337099370234,0.0190289018367784,9.784239791576024,-0.0034594487749421,0.0034851717194009,-0.0120965801940889,7.725712658505967,4.268450139208182,2.0312645946171264,1121.274140544746,1136.2623517212523,1137.4902957964423,1112.509214297815,142.0809373141238,280.516184210574,680.9313075758663,749.3345626426157,148.39651930425447
47.495,-0.9206216124728956,-0.0853869233925492,-0.152374410941975,0.0040697977113697,0.0012530404955465,-0.0212025286352867,-0.0007698496333475,0.0026450148697606,0.058703574116114,0.9982714948284754,-0.0670796847512144,0.0184734182212198,9.791270981271657,-0.0034067434192277,0.0036636562708775,-0.0121427740359117,7.725706784767843,4.2684584549350735,2.031233061933705,1121.518135114185,1136.7475002293943,1138.9706100003539,1114.6176058522399,54.928625701467446,116.57551121664656,459.8767726655672,937.13773808556,148.39647323681967
47.4975,-0.9329534164965816,-0.2050716305441883,-0.0631825662545675,-0.0013514643624292,0.0007248029779379,-0.021379968210353,-0.0007645362895388,0.0026221387242807,0.0586901028681694,0.9982723542001344,-0.0675076207510914,0.0177860150027864,9.798412527064164,-0.0033638954232925,0.0038357148501357,-0.0121715778269313,7.725700376378864,4.268468534430704,2.031202112648345,1121.5487836732534,1136.845229277336,1139.7896796597715,1117.1949029882455,-16.7847587403599,5.845201752842251,197.941770244314,1204.1664931283071,148.39659807893818
47.5,-0.7559666682098602,-0.3924245094681682,0.0757068025206923,-0.0073931357683564,2.278260906502159e-05,-0.0215460144243194,-0.0007602517935241,0.0025995948715782,0.0586747398527597,0.9982733299482822,-0.067882483142758,0.0169606712291082,9.805642612294951,-0.0033318392960856,0.0039999562771262,-0.0121836633572532,7.725693536887951,4.268480390539893,2.0311719997004607,1121.4342113204832,1136.7767262381587,1139.960318851576,1120.6384383178845,-52.544520317544574,-15.488262751355695,-65.28722708736976,1285.174637342457,148.3969495757899
47.5025,-0.4710217259016061,-0.5890180684360438,0.2189981753829543,-0.0106983788049357,-0.0004792440203329,-0.0215254258561316,-0.0007583283977017,0.0025757184738766,0.058661389360121,0.9982741928238996,-0.0681522095289018,0.0160035242108572,9.812941093866172,-0.003311082998079,0.0041553360198086,-0.0121796825098596,7.725687106850301,4.268493450362216,2.0311425243096934,1121.286061071666,1136.7677879635792,1139.4632435243348,1123.620776174952,-54.73590683361109,43.32968393025624,-309.18331560872144,1168.2666345236091,148.3974124955495
47.505,-0.1101905291950012,-0.8261540299095542,0.3882105897045022,-0.0116431623177743,-0.0012305621313149,-0.0212395962941265,-0.0007593194636652,0.0025483576665678,0.0586484894725812,0.998275035693986,-0.0682534887478455,0.0149364677289984,9.820288759231964,-0.0033016508250412,0.0043012339350208,-0.0121601930690631,7.725681429155747,4.268507017678414,2.0311134616982742,1121.160531786315,1136.99337465781,1138.4144022735316,1126.4797714905055,-37.56965987484261,167.1486174794663,-550.1770181529905,1175.3603530501448,148.39805293068463
47.5075,0.3111547645752377,-1.1392603657350868,0.6100548505145535,-0.0100995985755366,-0.0032164431617509,-0.0204735318687586,-0.0007609611270894,0.0025155575976973,0.0586332202827149,0.9982760280856384,-0.0681237620196894,0.0138370778894759,9.827666706198393,-0.0033029575096914,0.0044374985942664,-0.0121255984135329,7.725676194256802,4.26852072705218,2.031084783560741,1121.0982127722916,1137.6035310509772,1136.7123584335686,1129.4975779402057,-3.792903325987748,266.23825326102286,-663.1850983702981,1005.8110860073664,148.39902631534602
47.51,0.5854252873564341,-1.3991192074416456,0.7953617578248738,-0.0069093300373117,-0.0062224860581915,-0.0192825666260816,-0.0007592836832833,0.0024780145936626,0.0586138054539714,0.9982772735879007,-0.0677518957455624,0.0128188320437167,9.835055751659569,-0.0033136462925123,0.0045644729819183,-0.0120761054639521,7.725670686600507,4.26853404567902,2.031056117143762,1121.141567269685,1138.324565924114,1135.098476781683,1131.5088269205376,37.32665643658856,291.0948682110177,-640.3712312269724,678.1856583869908,148.40000687260996
47.5125,0.7267626504233541,-1.6227398194718736,0.9545593759069761,-0.0027403795214376,-0.0107230427925251,-0.0172205243878692,-0.0007529694537813,0.0024357979154912,0.0585898505836591,0.9982787949398552,-0.0671202932741133,0.0119407874582776,9.842436578467908,-0.0033316529965554,0.0046830328965934,-0.0120116519816334,7.7256641290575345,4.268546517318681,2.031027030633627,1121.2848460544747,1139.0590053920328,1133.510502277432,1132.8885062321424,83.47946500894345,264.3551805734217,-639.7660393250045,461.8548221038874,148.40116045223797
47.515,0.7307653057062118,-1.817830791423408,1.0794932786468538,0.0018318346262741,-0.0170627327324165,-0.0135492844961324,-0.0007433802313807,0.0023891442698297,0.0585646868571704,0.9982803939785152,-0.0662214225868775,0.0112068869488897,9.849789087739204,-0.0033542674466265,0.0047944707678405,-0.0119319572926103,7.72565618749039,4.268557852101903,2.0309974064946728,1121.55896459473,1139.6463418269818,1131.8996465850564,1133.8181010310584,116.21589704001617,127.85205930529432,-506.4841199166098,237.16767905087832,148.40274019114304
47.5175,0.6200099463685182,-1.91101719340587,1.1064429269908607,0.0044851761558222,-0.022327695419621,-0.0097043369434483,-0.0007309599741651,0.0023385746112365,0.0585411804801947,0.9982819008294682,-0.0650572319963702,0.010635696476847,9.857091567012505,-0.0033783645731828,0.0049002088851763,-0.01183664920497,7.725646699598202,4.26856812521342,2.0309673152764676,1121.8659255396742,1139.6982656885589,1130.9780816778512,1134.0743446273957,140.11211485210077,-91.40135303241422,-247.74551067913367,28.53340465597644,148.4042158126391
47.52,0.4448757149237725,-1.9390971234156889,1.0425333815513855,0.0054564811634302,-0.0270987464894005,-0.0059275862645221,-0.0007140401191996,0.002285113100415,0.0585216700166206,0.998283177926342,-0.0636425413170362,0.010283587617337,9.864320132483698,-0.0034006427381666,0.005001597897635,-0.0117253819493855,7.725635128473952,4.268578095376059,2.030937232022768,1122.2595251689909,1139.1893350618195,1130.66091903166,1133.9607680543384,175.0552188488214,-288.22596544854406,-11.346411041989647,-79.16191005247626,148.4058522112289
47.5225,0.2623212065614777,-1.9251671163503787,0.9106041051360768,0.0050231358175253,-0.0315866035401036,-0.0028811625181118,-0.0006918619049409,0.0022294673500288,0.0585085405633924,0.9982840855818352,-0.0619923695747757,0.0101839013851223,9.871448667784792,-0.0034179192510597,0.0050998956149976,-0.0115978746325584,7.725621186226941,4.268589037498999,2.0309074505338773,1122.7412016339188,1138.2571358613154,1130.9213496226414,1133.6785350771331,220.751705611038,-437.6109825751315,244.59812920376368,-126.12912522961426,148.40761861886972
47.525,0.1144837105266026,-1.8757067412803368,0.7198637340610765,0.0038099723093776,-0.0359848877876882,-0.0009523593622405,-0.0006655995781625,0.0021697484110152,0.0585017541993864,0.998284630383567,-0.0600779611054291,0.0103236471260353,9.878448774535965,-0.0034275285730498,0.0051963208317263,-0.011453913744428,7.72560514950631,4.268601270182509,2.030877680395573,1123.363283697045,1137.0012801489459,1131.8839096776778,1133.3301224281909,316.5869978610062,-559.2255269732825,560.7523499474015,-147.13844758240816,148.40953777818623
47.5275,0.0043844203871092,-1.7923180925491595,0.458828105001168,0.0026234279180774,-0.0410300922381826,0.0002198613805074,-0.0006390318710585,0.0021081343420266,0.0584998894729914,0.9982848887737692,-0.0579580354931124,0.0106376689920308,9.885289066159896,-0.0034274659370121,0.0052922134790371,-0.0112934180610795,7.725587942091231,4.268614109617025,2.030848389779829,1124.3241366232246,1135.4610082264476,1133.7251113723798,1132.9428428392207,394.1377672209713,-519.5697663551598,752.8808223120237,-131.69278827761076,148.41201214509354
47.53,-0.0308418149302725,-1.7132188188657567,0.2375950967960702,0.0020410548649542,-0.0447991510146148,0.0004676422564344,-0.00061508184609,0.0020471520018346,0.0584998189157096,0.998285036397448,-0.0557006197604824,0.0110724766239966,9.891935096692723,-0.0034167157416412,0.0053890756357891,-0.0111164561942088,7.72557026763035,4.268626450147888,2.030819799393038,1125.3339725331507,1134.4034313171687,1135.6483137892399,1132.6716584868025,449.4571944205285,-330.5578715984944,791.7193507073914,-101.00185310129837,148.41421309997023
47.5325,-0.0208342716624666,-1.6317234695854663,0.0312371528125537,0.0018308815196514,-0.048173343220146,0.0002140550486008,-0.0005950323589944,0.0019855066031417,0.0585032537130589,0.9982849733915968,-0.0532979029161413,0.0115972395417674,9.89834949547946,-0.003395401916106,0.0054885841882023,-0.0109232026784283,7.725553100023933,4.268637084631895,2.0307917425359188,1126.5714225953252,1133.8082188684566,1137.6837081259132,1132.4378335737147,590.1195407949381,-134.0982747908352,850.7412441222381,-105.09596894397954,148.416553709318
47.535,0.0205777008757081,-1.5292585772818144,-0.1897139390241996,0.0022230993912305,-0.052028125002956,-0.0004358864522766,-0.0005801817523042,0.0019215433750998,0.0585116395900325,0.9982846164798336,-0.0507356199522783,0.0121752491485458,9.90449176678028,-0.0033647726533843,0.0055923989595177,-0.0107139246991006,7.725537439198757,4.268646503548408,2.030764068648884,1128.2845702371271,1133.7329399432142,1139.9020200098532,1132.1461786420823,654.000075360984,70.90498407529604,733.6036057857993,-119.9010446398302,148.41951852913195
47.5375,0.0642363937347972,-1.4304486435452473,-0.3510463939326625,0.0029480669183116,-0.0553523825680418,-0.0011112509194121,-0.0005692214302665,0.0018526649501757,0.0585211007395143,0.9982841970736,-0.0479779038366008,0.0128155216214167,9.910318096948831,-0.0033271392663455,0.0057018193531022,-0.0104890025916176,7.725524959275293,4.268655866650604,2.0307371471198215,1129.8414229721316,1134.1627437888333,1141.351726154844,1131.8383283505152,627.0449260603318,242.4467347802351,467.39023728124937,-153.86441092864868,148.42211548661052
47.54,0.1072555175372271,-1.2999458732677527,-0.4912818254097722,0.0036175004820977,-0.0588827838859292,-0.0017391380340682,-0.0005580177816645,0.0017768697835898,0.0585281147648444,0.9982839268044228,-0.0449961580248648,0.0135798126249179,9.915781274790794,-0.0032854463006257,0.0058176527926558,-0.0102489305095929,7.725516258724643,4.268666492348262,2.030711372226809,1131.419794867426,1134.9451736171143,1142.2389711962571,1131.3768565874395,665.5864590047037,373.6314491290976,256.47689564034926,-262.8342173617531,148.4248392961829
47.5425,0.1579256713081203,-1.086982312021941,-0.6344186448810502,0.0044326302943639,-0.063045314203388,-0.0025862072198635,-0.0005437594492418,0.0016922924305192,0.0585316297884159,0.9982838721233862,-0.0417642800499555,0.0145008079031387,9.920831185718175,-0.003242745755564,0.0059403054089053,-0.0099942192376845,7.725510734682734,4.268679162090181,2.0306860817346224,1133.169355267157,1136.0309010344797,1142.6341106330465,1130.5241572637055,590.1793862845061,383.5635611470791,48.047322262957984,-379.7577389320271,148.42825005823553
47.545,0.2051095892058396,-0.8545233382310283,-0.7248169545567985,0.0049799147487333,-0.0661964430187033,-0.0036584973003136,-0.0005269568108876,0.0016018603767117,0.0585308844649,0.9982840719926692,-0.0383536718967735,0.0155485561824138,9.925415028507214,-0.0032016012882841,0.0060699227006485,-0.0097253779956548,7.7255072191519,4.2686932093284495,2.030660925837621,1134.37069179885,1136.8629914228507,1142.4792078075723,1129.4780678927787,396.1437752133826,279.73969574484704,-132.5223216111522,-501.3308626174888,148.4312078708701
47.5475,0.2683016913190013,-0.5673565392715504,-0.7658335373148899,0.0050186967539585,-0.0685551010945761,-0.0053221011896617,-0.0005095856314996,0.001510500110245,0.0585234549574056,0.9982846586404512,-0.0348767406642871,0.0166646752086524,9.929477696646547,-0.0031637779837813,0.0062064890337558,-0.0094429488453567,7.725504236372378,4.2687079139519515,2.0306361543444007,1135.150074143222,1137.4295995132027,1141.971499024991,1128.0175029506206,223.4607762682338,165.69156804380947,-237.70302663857933,-652.8573154239737,148.434282337049
47.55,0.3507888881221827,-0.246075787888358,-0.7468864410381123,0.0047308961509623,-0.070072292075568,-0.0076821123324946,-0.0004911272595944,0.0014205086194543,0.0585103407709344,0.9982855691393672,-0.0313909978950961,0.0178362007102295,9.932961970554036,-0.0031300641978747,0.0063498725008915,-0.0091475733184834,7.725501601568292,4.268722722117298,2.0306122694044926,1135.4879956801915,1137.69144926307,1141.2906926743788,1126.2137813156571,18.097495046404056,28.74337679371259,-292.81664919670703,-789.6729453998483,148.43745134251984
47.5525,0.4522294405562122,0.0935732532447809,-0.6360523823338228,0.0047583672860553,-0.0705408613640121,-0.010749678116908,-0.0004700737781252,0.0013324854766793,0.0584932129344909,0.9982867055399768,-0.0279206310308903,0.019067594524447,9.935809029511821,-0.0031002039877545,0.0064998455174859,-0.0088399942335877,7.725498817741931,4.2687377435086,2.0305896452476215,1135.240561618454,1137.5733163971713,1140.507415779007,1124.0691382236191,-238.0568041122279,-119.73754151033037,-356.82675512330826,-987.8197651311784,148.4407319524522
47.555,0.5713992409957154,0.485139438843097,-0.3918041404088595,0.0058348456011085,-0.0698556269475065,-0.0142415923585915,-0.0004460352263734,0.0012472957154289,0.0584732273872005,0.9982880002912748,-0.0244992179901714,0.0203419324777554,9.93795919830708,-0.0030728733538733,0.006656092126982,-0.0085210009511619,7.725495137800989,4.268753227195786,2.0305681312998685,1134.2977116596317,1137.092761555519,1139.5065588987638,1121.2746824900055,-434.02715820819503,-204.6342705237336,-378.957772481116,-1028.412085055496,148.44479492518775
47.5575,0.6418680407022328,0.7677689733588448,-0.1136943826640818,0.0075840237097483,-0.0681766258973753,-0.0160903881952482,-0.0004208398769231,0.0011680302118074,0.0584532303911214,0.998289282459118,-0.0212108062997237,0.0216019098212698,9.939352836216516,-0.0030457142373472,0.0068182334943446,-0.0081913762496313,7.725489526902269,4.268768879618928,2.030547031297028,1133.0704258274152,1136.5501450445536,1138.6126269166032,1118.9270777983463,-545.2278721633259,-206.63325423009496,-377.19144211126866,-899.7674654738547,148.44828411947034
47.56,0.650451859714463,0.9697381665139984,0.1961078186327236,0.0097527262901829,-0.0652988543594386,-0.0161817195346121,-0.0003958017777627,0.0010947013219691,0.0584350745159181,0.9982904435229816,-0.0180826323987884,0.0227985307274918,9.939931013431362,-0.0030156903310001,0.0069857741523334,-0.0078519085842042,7.725481129114099,4.268784492218153,2.030525502463573,1131.5715722988136,1136.059595284368,1137.6206016882063,1116.775845162634,-669.1511466228563,-164.8546026701363,-462.37909947048126,-853.4832060817915,148.4518786951005
47.5625,0.5617880594035938,1.0885128179685564,0.536613272551395,0.0122168187982192,-0.060756756528285,-0.0141962599469967,-0.0003747671590423,0.0010271875374918,0.0584198572411525,0.998291419258564,-0.015147496969263,0.0238346647231824,9.9396368435732,-0.0029793949066373,0.0071581375228397,-0.0075034926064495,7.72546962999928,4.268799887258713,2.030503539673504,1129.7246700942992,1135.7258720312025,1136.3007314192496,1114.6596617679354,-646.7618782923607,-64.98627799743643,-498.1931880780377,-670.1244839556877,148.4563120623564
47.565,0.3939173330910878,1.0771321390622728,0.7487343950508145,0.0140166454685807,-0.0567677174526275,-0.0112021014659861,-0.0003621669235529,0.0009641203327857,0.0584087614667915,0.9982921418220198,-0.0124192707890982,0.0246029177747974,9.938416507715583,-0.0029335128143498,0.0073346096546854,-0.0071473285180903,7.7254553354834545,4.268815514534772,2.0304816027955344,1128.3377629073548,1135.7346638943811,1135.1296357478186,1113.4252227428588,-485.3787958013772,60.83876678755203,-460.04582400413824,-362.8569566089444,148.46010517939146
47.5675,0.1250431445803845,0.96509759157093,0.851189617498665,0.0156118194265576,-0.0535545212384421,-0.0075905965216287,-0.000357124468248,0.0009030907551169,0.058401160718991,0.9982926511960458,-0.0098898188852334,0.0251033469004288,9.936219940993134,-0.0028752962074227,0.007514238041271,-0.0067851711491133,7.725439584080621,4.26883182696235,2.0304601557153816,1127.297776115291,1136.0300658651404,1134.0005022992275,1112.8453769848895,-351.09402299144904,172.0897905789599,-446.9383664761141,-98.07781437843445,148.46399938105836
47.57,-0.3010704185652147,0.7531843448053838,0.8397379720551632,0.0168603040831911,-0.0509960289181586,-0.0033825556182655,-0.0003572128360075,0.0008454856709934,0.0583949675777315,0.9982930690857916,-0.0076282087379044,0.0253748174589516,9.933002850706975,-0.0028028251155227,0.0076959336081919,-0.0064194146441027,7.725423326579814,4.268848958065735,2.030439606251055,1126.5822927923966,1136.5951128472764,1132.894943915437,1112.9348336709663,-168.7695653387607,216.2412631117297,-334.2933151185064,156.45416671941936,148.46878798923353
47.5725,-0.7169660983973638,0.5463686210973469,0.7349403863601658,0.0168445515999437,-0.0498402360234611,-0.0006414260618092,-0.000360024422278,0.0007924588375295,0.0583897119807245,0.998293423117002,-0.0057006603972419,0.0254591952840643,9.928728453385713,-0.0027151905939727,0.0078785752864365,-0.0060530756761931,7.725407530247922,4.268866813820982,2.0304204304988502,1126.453928288598,1137.111272180698,1132.3290357236367,1113.627647818486,34.10109548088332,182.9639658818424,-129.63105025644572,386.3911988631868,148.47287398331935
47.575,-1.1459182339672327,0.3461121164213531,0.5705529008455307,0.015024900627071,-0.0494050600450129,0.0008527716662983,-0.0003664286913809,0.0007456477130529,0.0583852281180306,0.9982937215194944,-0.0041868410246144,0.0253377224371982,9.92336943820842,-0.0026125215694153,0.0080610843661973,-0.0056897113909947,7.7253930953840175,4.268885252150481,2.03040298698351,1126.7527982698011,1137.509932676686,1132.2467886641543,1114.8667896652832,170.69709288457847,118.7079053593454,49.55208636158397,565.6282004222537,148.47705817848174
47.5775,-1.5378627553410873,0.1733285169939456,0.3917258361148323,0.0112591286609246,-0.0493454165399868,0.0013995963454936,-0.0003786022938414,0.0007032925329233,0.0583805989130352,0.9982940184569912,-0.0030988246630949,0.0249657180955475,9.916909070749153,-0.0024959389072497,0.0082424085883127,-0.0053333347231326,7.725380111891657,4.26890456194656,2.030386662380784,1127.3074137530211,1137.704811707495,1132.5767961554448,1116.4557888205989,252.89337990584764,10.775566937955569,215.11743098282304,688.236842389859,148.48132290079715
47.58,-1.8288019771073367,0.0513678080720881,0.2327698489956361,0.0055604016592276,-0.049536120316953,0.0012648431802504,-0.0003951680631335,0.0006629205989051,0.0583762157603305,0.9982942935548532,-0.0024265438004056,0.0243717452399919,9.909341977803411,-0.0023673096814904,0.0084215000464877,-0.0049884343451305,7.72536832237175,4.2689249275054495,2.030371435592295,1128.0172651693292,1137.5638105113756,1133.3223758190675,1118.3079738772294,311.377213917899,-151.04048114500532,385.748132378997,828.5515601437819,148.4856830061502
47.5825,-2.011683928409667,-0.0230960194334234,0.0983098204139209,-0.0021045810824012,-0.0498879191171817,0.0007778274417238,-0.0004117120657576,0.0006218513911389,0.0583721847825938,0.998294544669514,-0.0021467813824602,0.0236475631077875,9.900675311945264,-0.0022290962570414,0.0085973741217173,-0.004659928941578,7.725357185550456,4.2689462510283445,2.0303576793948817,1128.8642998226117,1136.9496093017697,1134.5055368173407,1120.5985466213199,290.7744489942947,-298.2609362375863,449.02425133418313,814.9885685695533,148.49102229780004
47.585,-2.013597545827295,-0.0209403293531269,0.0458352944394337,-0.0083722090867837,-0.0502111343197412,0.0003017641686161,-0.0004251414926891,0.0005748110904018,0.0583682497424538,0.9982947920416976,-0.0021794823053879,0.0228586570740612,9.890929965278053,-0.0020842593924029,0.0087692167468473,-0.0043530139009007,7.7253469882633725,4.268967960161332,2.0303457592541654,1129.4711374143014,1136.072505830187,1135.5674970757395,1122.3829167200793,210.62884337730847,-414.22323835210074,405.50499768233334,646.9611802900516,148.49555809613875
47.5875,-1.8722500582061692,0.0482188521287241,0.0582511592962989,-0.0138889131652491,-0.0504967363397715,-0.0001156852451305,-0.000437519478024,0.0005182020346096,0.0583655805917152,0.9982949687804809,-0.0024750625815945,0.0219730627430886,9.880141579672086,-0.0019360885339132,0.0089364308437708,-0.0040729835469207,7.7253383599107694,4.2689896875542495,2.03033615675738,1129.9174440394972,1134.878493110011,1136.5330618057503,1123.8333525227672,154.69230980562588,-573.3207322054817,375.69812565187806,521.8604287255007,148.5001792954016
47.59,-1.5767555715090227,0.2029544775976283,0.139148444794287,-0.0191449362313716,-0.0506818431359481,-0.0004503944583438,-0.0004516402704862,0.0004541704454189,0.0583648266040562,0.9982950343424988,-0.0030884182600496,0.0209533986337966,9.86836020308856,-0.0017880778026835,0.0090985244406875,-0.0038251179172966,7.725331162713803,4.269011264316018,2.0303288179777654,1130.24459896333,1133.2059021691582,1137.445987704,1124.992218863708,82.35016438889366,-631.6924797364616,285.50318403385006,307.8857542346912,148.50581749205475
47.5925,-1.2625792256336834,0.3822248021089491,0.2476837544780438,-0.0223702658652417,-0.0505660057002735,-0.0005057760859336,-0.0004665766680546,0.0003879425066855,0.0583645012291396,0.9982950724980362,-0.0041200905377765,0.0198410518151951,9.855649284879014,-0.0016438325995637,0.0092549859068031,-0.003614509785378,7.725324943025998,4.269033221677464,2.030322994740887,1130.329194861442,1131.7200307113271,1137.9605777259203,1125.3727812939414,-12.400005904885257,-589.4763055473409,156.88204174617283,18.942637509070607,148.5105882352956
47.595,-0.9222590605229828,0.5941676050465318,0.3740130455262414,-0.0245452256477068,-0.0499193664382454,-0.0001738442364907,-0.0004796900355832,0.0003221057522269,0.0583611614202169,0.9982952833279012,-0.0056053009543596,0.0187089988888279,9.842084869054535,-0.0015069800156632,0.0094052597764007,-0.0034458129055023,7.725319494089385,4.269056535265743,2.0303181413610663,1130.1825989338056,1130.258520641424,1138.23039791273,1125.0869320512531,-130.19548401218958,-616.0745513139805,74.57076692654304,-275.3495902734768,148.515427206254
47.5975,-0.5288238275209761,0.8522085756141666,0.5076932615956435,-0.0260328754708646,-0.04816328842922,0.0009236883035533,-0.000489799454106,0.0002584420274832,0.0583532255568916,0.9982957585195664,-0.007553380829173,0.017600638112749,9.827754773430382,-0.0013809745149226,0.0095488372562062,-0.003323074131465,7.725314966370827,4.2690817158750844,2.0303141678348093,1129.6782174413806,1128.6396579547556,1138.3334315605534,1123.9960333425731,-247.5818985452504,-560.3170090818684,12.059385176774608,-507.379343554671,148.52130476979943
47.6,-0.240133630152652,1.0399080975620267,0.5721412516313406,-0.0265208041396226,-0.0456471507911278,0.0026091951562857,-0.0004960330758008,0.0001982932338173,0.058341286611745,0.9982964633521793,-0.0099540090755098,0.0165522269029932,9.812756912041296,-0.0012689732311959,0.0096854053850033,-0.0032496684511094,7.725311530204,4.269108774296329,2.0303111414637653,1128.9446894410787,1127.4569355960134,1138.290694838614,1122.5500353334787,-362.29829754512343,-430.1725546195759,-33.805092616816005,-652.9696419725524,148.52625609819415
47.6025,-0.0159645104039012,1.163243144670023,0.5519789491167167,-0.0262697471795816,-0.0420093247548613,0.0051895973943921,-0.0004978926483622,0.0001400351707026,0.0583296786959959,0.9982971451457756,-0.0127284569659135,0.0155880657342254,9.797197427341063,-0.0011736814875005,0.0098150444204397,-0.0032282003233483,7.725309024546352,4.269136690060782,2.030308481534353,1127.8667259536567,1126.4887951816595,1138.1644060974695,1120.7311851327136,-485.8844024841134,-347.8792108428973,-62.27162286478685,-752.7646615223844,148.53125643542475
47.605,0.1429632123744374,1.2138114662194948,0.4445200416307565,-0.0253532421343849,-0.0378404154885293,0.0083184152242581,-0.0004974646627933,8.152379915297304e-05,0.0583233613173643,0.9982975144535982,-0.0157816895023637,0.0146796575284894,9.781188969249225,-0.0010972660482121,0.0099383600914505,-0.003260410449618,7.725306844563425,4.269164544998437,2.0303051523784994,1126.515267428657,1125.717539541798,1137.9793367242899,1118.7862120258649,-597.9841727694417,-259.337044955195,-93.40063883227909,-760.7602357641299,148.53629290051956
47.6075,0.2189804630137714,1.170688557033723,0.2350449139586783,-0.0239297745818194,-0.033931813260588,0.0112398686482748,-0.0004990263866225,2.1206167248787336e-05,0.0583254660654181,0.998297388094953,-0.0190251494838002,0.0137544755562742,9.764848511168497,-0.0010413329733173,0.0100564861358922,-0.0033472194187391,7.7253046247347745,4.269191914234923,2.030300300521123,1124.876805089808,1125.192109956883,1137.6974029033079,1116.9273839538907,-771.7649233464924,-177.47586720841124,-160.42152327514523,-744.7694902412375,148.5413677518911
47.61,0.2261218905472805,1.0259926343830528,-0.0906502939690732,-0.0222298273496486,-0.0302251793033433,0.0126759811972406,-0.0005039631832192,-4.038432663670866e-05,0.0583342682521586,0.9982968671464973,-0.0224016992737765,0.0127963539130543,9.748294660704278,-0.0010069886849351,0.0101709626180217,-0.0034889720231217,7.725302340287169,4.269218357252825,2.0302943248064365,1122.656442811928,1124.8301602057568,1137.1772291079149,1115.062364574662,-843.7981429566438,-95.61773646714413,-232.732588882499,-598.0995979221585,148.54749559106247
47.6125,0.1835550371363747,0.849825398261623,-0.3700673735839854,-0.0211646830971654,-0.0280527898306944,0.0113875932217717,-0.0005100296643391,-0.0001043469635536,0.0583466667403943,0.9982961342505696,-0.0258133915454969,0.0118545902973485,9.73164541600796,-0.0009948402247812,0.0102835871357983,-0.0036855961951834,7.725299717467162,4.269243599432707,2.0302879261104536,1120.6578143750223,1124.7140212745471,1136.5337399588948,1113.9368859642786,-814.5363837414988,-24.534055425043515,-310.87928244303396,-354.7683311664063,148.5526293844688
47.615,0.1282912116204404,0.6449912507633533,-0.5914508933377609,-0.0208063092605876,-0.0268398953593614,0.0083023864500283,-0.00051795650867,-0.0001682133300959,0.0583600027911732,0.9982953446178692,-0.0292315815947429,0.0109209333455986,9.715016613538083,-0.0010049849035924,0.0103962560293064,-0.0039365550709573,7.725296520890053,4.269267356839745,2.030281357716353,1118.5837608932184,1124.7074899286315,1135.622832695699,1113.2885229188291,-910.2492773453016,-4.029316781319748,-463.1782371434048,-197.5723447641463,148.55778643799053
47.6175,0.096649767257535,0.3929648086447269,-0.7410411843251776,-0.0214099260136975,-0.0262580106982095,0.0042434370460206,-0.0005280313597562,-0.0002270009192988,0.0583706618300593,0.9982947092902676,-0.0326738266092221,0.0099951843656669,9.69851948513931,-0.0010371414234485,0.0105106986475237,-0.0042408965514115,7.72529227993271,4.269289716295735,2.030274216025896,1116.1065679883,1124.6938746906403,1134.2178487731799,1112.9490242404588,-889.5866828321592,-25.89608967457561,-558.981235421933,-83.09879311385257,148.56399622301865
47.62,0.1297261685506111,0.188109877781501,-0.7591496240930535,-0.02264555992519,-0.0260329773825555,0.0012774142565528,-0.0005407265074667,-0.0002804049599628,0.0583776409925893,0.9982942853268943,-0.036066470537402,0.0090653123875642,9.682258924653954,-0.0010907640100611,0.0106282467354801,-0.0045971860392974,7.7252876798027295,4.269311137525766,2.030266203740938,1114.1358274790616,1124.5780094802587,1132.8279265185915,1112.8730289532602,-745.0466491818869,-85.48122820339078,-583.4487010622721,-32.414203046511616,148.5691849079264
47.6225,0.2419451709309262,-0.0095101797847042,-0.679670489788275,-0.0239319641781673,-0.025745366412875,-0.0010075549226577,-0.0005547478298707,-0.000328504052336,0.058381340607429,0.998294049751666,-0.0393278313640464,0.0081507085157271,9.666331556786243,-0.001165141603149,0.0107496132818469,-0.0050035498740104,7.725283157999762,4.26933294527992,2.0302573574471228,1112.3813347423888,1124.2664685496231,1131.300605267867,1112.786953225226,-691.0014254456303,-187.47632601534363,-677.8844229966751,-85.50894295772369,148.57438349351267
47.625,0.4542800881082863,-0.2402326205593122,-0.505060555773107,-0.0247751369893491,-0.0255178289493487,-0.002917101129253,-0.0005668343436991,-0.0003717115148067,0.0583812692158349,0.9982940333497368,-0.0423707827984375,0.0073065468487576,9.650824142654516,-0.0012594660956685,0.0108748075851799,-0.0054576761589697,7.725278320365901,4.269356689631836,2.030247342600631,1110.6808203518317,1123.6406278501815,1129.4385044036067,1112.4454842384714,-534.4268315918129,-264.0953294516877,-669.6234193907636,-184.74963967899816,148.58062821545548
47.6275,0.6629455507125283,-0.4244228163035246,-0.3232095794561338,-0.0244010024153214,-0.0257749087627853,-0.0036817972778398,-0.0005760062785423,-0.0004127158833532,0.0583743970620574,0.9982944134166608,-0.0450719554898014,0.0065402949658575,9.635812607941363,-0.0013728664756368,0.0110032919521864,-0.0059567182196146,7.725273297302464,4.269382572693496,2.0302358624958607,1109.7092005844322,1122.945991902366,1127.9524881709162,1111.863205026832,-277.1043196386418,-295.44817585854963,-564.4631983798104,-297.6698694630455,148.58583393302067
47.63,0.8448279338779457,-0.5885084882891378,-0.1382122634480129,-0.0221958027471193,-0.0268034030463718,-0.0034650369130643,-0.0005820263247171,-0.0004539849708603,0.058360093990735,0.9982952271266003,-0.047319341617978,0.0058454483945354,9.621360667579802,-0.0015042429660149,0.0111342285806724,-0.006497361646024,7.725268324302174,4.269410279496848,2.0302225633056654,1109.2952987536376,1122.163386970888,1126.616188411706,1110.9571348911554,-67.63635178937143,-311.518246400851,-503.0899966692386,-403.3124884641194,148.591037341515
47.6325,0.955518960660052,-0.7224566345544239,0.0295098907992895,-0.0183693288872684,-0.0283727778759167,-0.0027310054928169,-0.0005869293297511,-0.000498886119334,0.0583415348141375,0.9982962871376964,-0.0489938536916542,0.0051718820711548,9.60751908736567,-0.0016521705009203,0.0112667596822386,-0.0070758531424322,7.725264218478346,4.26943914306421,2.0302065179955644,1109.3710188254852,1121.388400670361,1125.4370381875688,1109.8466425845104,140.83345960974916,-292.15904576994234,-432.4323080472663,-464.63654247160287,148.59623578451203
47.635,0.9369282315956924,-0.8023350855290203,0.1646118203345516,-0.0135774288315192,-0.0304331695405601,-0.0018658526533232,-0.0005920183868739,-0.0005474706910317,0.0583199163784552,0.9982975235527034,-0.0500487648010809,0.0044886638642661,9.594324651235967,-0.0018148249972957,0.0114001260753889,-0.0076882240440746,7.725260941739339,4.269468554818912,2.0301877881868884,1109.9994660516859,1120.7025917420397,1124.4540268714716,1108.6339521787995,376.29109656362584,-270.03904482726114,-390.79355011875134,-512.0239220370986,148.60142460632056
47.6375,0.7513427905923347,-0.8155228142633691,0.2880822778638873,-0.0081505184250179,-0.0334456936368872,-0.0009628517465415,-0.0005967067638741,-0.0005979048366435,0.0582971800647639,0.9982988251576356,-0.050481764486906,0.0038049886010496,9.581799920818268,-0.0019897447246999,0.0115337243313791,-0.0083304967994137,7.725257744487487,4.2694980660051,2.0301667537125687,1111.2524743083043,1120.038205446224,1123.483070436974,1107.2865229743236,511.9654202758848,-217.12891139707412,-324.93501853606836,-444.0516920145003,148.6076355867442
47.64,0.4858386603486232,-0.7485229943376956,0.3638771929987691,-0.0048056534114624,-0.0363123038321696,-0.0003249024500606,-0.00060382767334,-0.0006449892968372,0.0582770005907062,0.998299978244346,-0.0503701744949486,0.0030704639328907,9.569953686340124,-0.0021736340245277,0.0116671843529104,-0.0089987279092894,7.725253742542755,4.2695269408535,2.030143497247132,1112.5592931530666,1119.6169471850535,1122.8293517787906,1106.4136937187259,535.3943482961635,-149.86633893659007,-232.62611269172575,-268.4868109217118,148.61279543096154
47.6425,0.1713506654087278,-0.6027180009461177,0.4182145224423791,-0.0038160132957561,-0.0390037957096116,0.0003296674072621,-0.0006143975387424,-0.0006859016477391,0.0582611194374233,0.9983008812678335,-0.0497565422492498,0.0022689691510729,9.558781494345856,-0.0023625285969571,0.011800194842424,-0.0096892023798026,7.725248546405906,4.2695546680799525,2.030118285825888,1113.9294460497827,1119.2888737515418,1122.3199398735164,1105.9440889197163,570.6678853610165,-140.8669278622899,-193.84740186491487,-100.54453526631136,148.61793555364147
47.645,-0.1646610428456535,-0.3607821966083753,0.4619885944295765,-0.0057733973654007,-0.0409328504553401,0.0013457778989789,-0.000628063710807,-0.0007231003822206,0.0582513409757757,0.9983014262348208,-0.0485947233486243,0.0014069390777455,9.548266724714729,-0.0025519199359665,0.0119323460777997,-0.0103984717481542,7.725241710361309,4.269581024298327,2.0300909002318526,1115.4126325798732,1118.912612545742,1121.8601147694656,1105.910971042394,487.8389782698155,-149.81048249789248,-146.7042716888204,69.08523943526338,148.62407773175178
47.6475,-0.3486472620494296,-0.1317590511902753,0.4795875924243668,-0.0092166743630341,-0.041181698026204,0.0024926405418283,-0.000644172618424,-0.0007599475962276,0.0582483637870134,0.9983015700006048,-0.0468354645776669,0.000497776819195,9.538381529639569,-0.0027368923180193,0.0120629314622761,-0.0111234061865498,7.725232750355943,4.269606932485096,2.0300613456845884,1116.3686409411328,1118.539821339052,1121.586418515072,1106.2895151168927,298.03500526277094,-175.95013629459203,-93.97762812809012,208.38558122191753,148.6291725561755
47.65,-0.3971709357744921,0.0911330055273253,0.4748402136303709,-0.012654837898108,-0.0406473888183563,0.0039008104849187,-0.0006610575294375,-0.0007992090519424,0.0582518230349949,0.9983013328724138,-0.0444540753967434,-0.000422946032875,9.529088076031396,-0.0029123320188421,0.0121907953775056,-0.011861279531228,7.725220992004078,4.269634399679373,2.0300296795893007,1116.9028076061857,1118.0328618642695,1121.3902266288255,1106.9528989485027,120.11433195337524,-261.6572156909595,-81.2315756539686,308.6956839213839,148.63424074670013
47.6525,-0.3135900095719168,0.3209724746749721,0.4431203362495186,-0.0152629126913742,-0.0395690531427169,0.0054716858350917,-0.0006792206026372,-0.0008400597230328,0.0582614449286832,0.9983007306922284,-0.0415100276983025,-0.001354801832975,9.520340212027255,-0.0030731172529408,0.0123144891684365,-0.012609768285651,7.725205975847696,4.269664591525768,2.0299959010937347,1116.9692126009,1117.2315352605965,1121.180260636802,1107.8329935365005,-74.2209034233458,-323.22584923323865,-83.66225823506551,296.2497373525215,148.64028975789736
47.655,-0.1635156058857472,0.4654981580140036,0.3982758440120814,-0.0158672599213697,-0.0381855760884258,0.0064563390691547,-0.0006995021755787,-0.0008812612373783,0.0582751645310447,0.998299884014937,-0.0380831461787095,-0.0023015023593682,9.512085322218716,-0.003214581142433,0.0124325365424191,-0.0133670206648865,7.725187900279107,4.269697226088558,2.0299596877951886,1116.5317030890687,1116.4167326181027,1120.97191533765,1108.434147635266,-268.426371498816,-343.41838905551725,-101.96131490929652,168.59072817389332,148.64530201007815
47.6575,0.0141570333617881,0.5497147465466826,0.3398000245289661,-0.0151500872813644,-0.0364425365879575,0.0071848948752694,-0.0007236179746006,-0.0009212982330476,0.0582921252321738,0.998298842913952,-0.0342695767700954,-0.0032816063432419,9.504266270826525,-0.0033328044335664,0.012543845035809,-0.0141317085232789,7.725167780884002,4.269730953411025,2.0299206532937037,1115.6270807434073,1115.5144433153205,1120.6704540622559,1108.6759471773692,-424.7351418322624,-360.6088884422181,-141.5398939167247,12.611378171998608,148.65028336011787
47.66,0.1777639864761637,0.5813907387814221,0.2731734644093382,-0.0138184028458745,-0.0344903399884686,0.0076299546754101,-0.0007517723264441,-0.0009592839861635,0.058311218759206,0.9982976729214502,-0.0301598079886194,-0.0042850531257519,9.496823239866355,-0.0034249785560003,0.0126479023883136,-0.0149031849965466,7.725146717459053,4.269764948776591,2.0298789497402865,1114.4080273799063,1114.6136881758907,1120.264215868066,1108.497204526126,-540.2890129413628,-340.84509392847235,-188.7839007284527,-186.6171838795208,148.6552383446308
47.6625,0.2947601647601492,0.5551174644333147,0.1971623857114599,-0.0123295949505078,-0.0326674021955998,0.0078595157583388,-0.0007810412750035,-0.0009968842995321,0.0583303439597886,0.9982964970293404,-0.025797916995249,-0.0052456880347851,9.489695565475108,-0.0034896680059564,0.0127448143172693,-0.0156816186568494,7.725125622607275,4.269798669550409,2.029835654086957,1112.925635678699,1113.8102178456772,1119.7265345586131,1107.742861257971,-682.9241623674378,-310.9751530587446,-261.35935995995294,-459.1339746798068,148.6601608341358
47.665,0.3625935175534498,0.473760365060167,0.0895847870543358,-0.0108053421143451,-0.0310530384871829,0.0081056259054055,-0.0008081999147986,-0.0010358639546614,0.0583487600472154,0.9982953591291948,-0.0212283476849148,-0.006093166318021,9.482823599049096,-0.0035267329758898,0.0128353597903764,-0.0164679702577525,7.725105067200508,4.2698315784595495,2.0297912548739547,1110.9934065680723,1113.0588124105984,1118.9574190682674,1106.2015346527292,-715.4195957725257,-231.12241735390853,-295.6013406462114,-650.1923586310879,148.66602956800713
47.6675,0.354705832905355,0.3809596933101442,-0.0209861122051433,-0.0095790020234384,-0.0302261065485935,0.0084907933380968,-0.0008297983327036,-0.0010767839264004,0.0583665088501561,0.9982942590133976,-0.0165178288958501,-0.0067539177735495,9.47615031534033,-0.0035372483148365,0.0129208636755778,-0.0172639181150129,7.725085679167625,4.269863394283858,2.02974608482884,1109.3485376998347,1112.654605758907,1118.248527855381,1104.491899464814,-648.9226522195486,-112.81748212940013,-289.83498753667567,-730.9202931039989,148.67088794207515
47.67,0.2822564022870174,0.2810564836930102,-0.1606181509731768,-0.0081936559170804,-0.0298239421717664,0.0093164962769053,-0.0008440432770909,-0.0011184287871285,0.0583832161288025,0.9982932208934476,-0.0117655519090323,-0.0071868890156557,9.469622777530793,-0.0035233693195801,0.0130030601413412,-0.0180716556477144,7.725068124545606,4.269894027177636,2.029700537516483,1107.7487933069729,1112.4947249999511,1117.5082441305833,1102.5469331872073,-680.4538475560826,-20.416232491898352,-328.35181691496325,-851.0553567211455,148.67571257072055
47.6725,0.1340704268352846,0.1686905273277185,-0.356047955992756,-0.0063288815059807,-0.0296473546663698,0.0100970419815315,-0.0008494827783574,-0.0011624033870716,0.0583981821752636,0.9982922843832904,-0.0070122988724086,-0.00736419231506,9.463192954075064,-0.0034882788013061,0.0130838349957927,-0.0188936664670903,7.725052713407826,4.269923624989516,2.029654686934422,1105.946268462057,1112.5525245964477,1116.606768770808,1100.236622681212,-632.8255284121442,52.83915930355786,-331.6657994005831,-800.7777017947769,148.68146293873997
47.675,-0.0188622094706884,0.0873873651951622,-0.5215057239104144,-0.0051947239507979,-0.0296378148399928,0.009625342187005,-0.0008467536224186,-0.00120967778144,0.0584108617911825,0.9982914792872556,-0.0023057308843792,-0.0073005430957187,9.456818344199936,-0.0034357915768652,0.0131650603007076,-0.019732461132908,7.725038794978776,4.269952465760664,2.029607820777196,1104.5846656649103,1112.758920796469,1115.8499151335795,1098.5430446782311,-502.86373487630686,101.08721166829412,-301.2118086877586,-590.1931657020832,148.68622220047985
47.6775,-0.1598621635039496,0.0203223442590231,-0.6497550114418199,-0.005831708073004,-0.029675648704297,0.0076257506804094,-0.000837661682421,-0.0012604104497898,0.0584199998617812,0.9982908773749596,0.0022988010663585,-0.0070355969609969,9.45046209389134,-0.0033701174069795,0.0132483686655175,-0.0205903897304254,7.725026441553584,4.269981058712872,2.029559518803793,1103.4319497876745,1113.0579606547894,1115.1007097273684,1097.2856568527,-439.79755624549375,138.65677517964164,-318.8901177333436,-430.56888440899513,148.6909473483018
47.68,-0.2604850563194398,-0.0468985929558195,-0.7147512179003797,-0.0085474679234937,-0.0297254074694225,0.0040685908334579,-0.0008235964334424,-0.0013153549295538,0.0584247661673108,0.9982905254694384,0.0067676132593335,-0.0066053492332207,9.444092597060479,-0.0032956649558616,0.0133349689864085,-0.0214695269211227,7.725016279562821,4.270009814314392,2.0295096718777,1102.385677883685,1113.4522046723666,1114.2554645449143,1096.3902002561883,-312.39608858214734,143.63722624802324,-291.17075493840383,-227.0101760847201,148.69657750730735
47.6825,-0.2626751927580079,-0.0953638093016151,-0.6748028722408826,-0.0110595732680308,-0.0297701157175779,0.0009051300316562,-0.0008036147221195,-0.0013730531930166,0.0584266156383764,0.9982903409267844,0.011038371496119,-0.0060026743569407,9.437682913250296,-0.0032166120304916,0.0134254935841826,-0.022371643322447,7.725008402985954,4.270039601680618,2.0294579011298146,1101.8699693447652,1113.776146786029,1113.6448559526775,1096.1506059722776,-118.86402813277812,124.61208466400412,-213.66095787505384,-7.777688502979458,148.70123521511513
47.685,-0.1814759536902389,-0.1391798854096259,-0.5369232221399916,-0.0125296695459769,-0.0298549151680237,-0.0014914861972195,-0.0007801071599361,-0.0014320312485045,0.0584274641446199,0.9982902115763052,0.0150549990483316,-0.0052860902443975,9.431210069645584,-0.0031367029278144,0.0135202523593622,-0.0232979655273867,7.725002632231261,4.270070890620365,2.029404132280016,1101.7913577430209,1114.0752650956867,1113.1871597555385,1096.3513118136734,66.94106468781897,122.69244150195937,-160.41411113443226,157.72409836523482,148.7058562496566
47.6875,-0.0187890271710209,-0.1866899222680188,-0.2836025715693226,-0.0128220504271973,-0.0300831698897012,-0.0028489397872719,-0.0007567927301329,-0.0014914821385001,0.0584277604593078,0.9982901102151556,0.0187818879073855,-0.0045419019003177,9.42465376128026,-0.0030590185107453,0.0136192683838358,-0.0242491683225869,7.724998110661064,4.270103709724721,2.02934856465464,1102.2046746682045,1114.389608993539,1112.8427853970052,1096.939226464104,221.93019951612035,102.72630977888431,-96.10221840107089,246.21673645196665,148.7113570668872
47.69,0.1418470502550845,-0.2194486687012047,-0.0254090565138881,-0.0120487986236638,-0.0304507886304793,-0.0029041278893024,-0.0007368521896853,-0.0015519537582329,0.0584269652793672,0.998290066569354,0.0222177148417861,-0.0038491953098807,9.417994874288505,-0.0029857736272333,0.0137223643610559,-0.0252253645602442,7.7249932507239665,4.270137758136009,2.0292903442016006,1102.9010087406004,1114.5888966445807,1112.7066486635335,1097.582395495932,317.8023081871936,53.686335430865995,-38.19455381338095,256.7123874198438,148.71590221279652
47.6925,0.2990604399604009,-0.2393890972667756,0.2523889884075307,-0.0108827001760008,-0.0310755815043334,-0.0023504625790877,-0.0007178605026263,-0.0016131753108191,0.0584233027138243,0.9982901871763042,0.0253585997115648,-0.003181700947686,9.411213990082608,-0.0029181747805881,0.0138290530173578,-0.0262262466832281,7.724987335679099,4.2701729598756595,2.0292289629374367,1103.7936862091412,1114.6580406706935,1112.651812627938,1098.222788401204,356.5557011639152,-8.81192598853435,-25.23382628386189,234.0265241780056,148.72040434996623
47.695,0.4394555877234057,-0.2440327394275601,0.5284167549911228,-0.0097155059350928,-0.0319213752366634,-0.0014598237124393,-0.0006980516273835,-0.0016749806640303,0.0584201830213939,0.9982902742991732,0.0282074568083762,-0.0025268174005409,9.40429039518699,-0.0028563621487096,0.0139390131025234,-0.027250976709891,7.724980559785827,4.2702087355808365,2.0291643258438232,1104.6837872464207,1114.5448370146382,1112.580479532114,1098.7525281168228,315.7885839284661,-108.827342061303,-54.024348029182896,164.5657092018742,148.72486847133428
47.6975,0.5496426448122513,-0.2272128878099008,0.782415154013484,-0.0085908472062568,-0.0329066929992485,-8.417115901847337e-05,-0.0006781913992486,-0.0017369007682997,0.0584225252659179,0.998290041544269,0.030762446710023,-0.0019196893101151,9.397201118288688,-0.002799633770222,0.0140522783939581,-0.0282982396695883,7.724972778410195,4.270244450802146,2.029096483937041,1105.372629128782,1114.1139039603875,1112.3816908877925,1099.0456169472127,218.7260856083203,-281.05957088481944,-138.82209396321915,55.89979874600299,148.72928336210867
47.7,0.6360105950142395,-0.1851994074160317,1.033699141780656,-0.0070872656821082,-0.0338320955998146,0.0024291289498971,-0.0006579041721086,-0.0017994893691923,0.0584358765519832,0.998289165522038,0.0330443751294878,-0.0013751581150016,9.389919656436494,-0.0027467285967356,0.0141690629906787,-0.0293664420566627,7.7249636163114195,4.270279534468036,2.0290250524906424,1105.777417674463,1113.1395391602134,1111.8863690622975,1099.0320271105527,66.07758518563317,-436.6538260276269,-232.53761851471532,-73.61727648486394,148.7345189579349
47.7025,0.6600897055671746,-0.1391201566066767,1.1759739004686842,-0.0055144557463653,-0.0340985399578243,0.0054465389103102,-0.0006402938132088,-0.0018592587151822,0.0584621696361133,0.998287537144216,0.0349951366865244,-0.0009680544654949,9.382416215569855,-0.0026958525277003,0.0142899159382582,-0.0304537435311278,7.72495273745664,4.270313429767423,2.0289498428000208,1105.7030170547105,1111.9306348302482,1111.2190027952183,1098.677530564788,-109.49765746955516,-556.4871397866741,-317.8431086841263,-216.26342781570767,148.73882535825103
47.705,0.6217894849411583,-0.0912193045862979,1.224367467682002,-0.0034641539231392,-0.0337184439655508,0.009354924635454,-0.0006255467919038,-0.0019149131807054,0.0584954090735515,0.9982855061538742,0.0366004728760136,-0.0007191057344541,9.374656345396307,-0.0026454534757933,0.0144152085906213,-0.031558344456926,7.72494000436863,4.270346403487028,2.0288706776402687,1105.2299293871158,1110.3571034612823,1110.2971535188783,1097.9507099714751,-274.56017715903323,-752.4392658260483,-447.4775263433897,-402.1607404817804,148.743066438163
47.7075,0.4948576505922861,-0.0346802027896025,1.1609793101318675,-0.0007649684507368,-0.0330718352226463,0.0144184595411077,-0.0006128647465354,-0.0019675126658742,0.0585312541053366,0.9982833223559456,0.0378909081757176,-0.0006316410039519,9.36660106579405,-0.0025942829431224,0.014545115462272,-0.0326786098267439,7.72492634855585,4.270378784942006,2.0287876050200384,1104.3302161689146,1108.168438501116,1108.9816151635002,1096.6667268623783,-361.0557619295804,-830.5165035372127,-497.08127465161886,-531.628217968092,148.74807134643046
47.71,0.3252313906719882,0.0189479686758827,1.0143790217660436,0.0012456734601545,-0.0329470353080407,0.0181380205954758,-0.0006008245706387,-0.0020174647746839,0.0585671233633669,0.9982811360892196,0.0388847673265259,-0.000694480529561,9.358207668850497,-0.0025414526642478,0.0146794767726141,-0.0338132637751585,7.724912666064784,4.270411007118978,2.0287004319492694,1103.4246505774668,1106.2045209435944,1107.8117471456192,1095.2925688816335,-368.7155383313608,-789.0882878950734,-454.6816048346088,-597.4964986147347,148.7521644700014
47.7125,0.1096962603126493,0.0950801450379939,0.7998748110601576,0.0025614824941777,-0.0334728718845296,0.0204436988604529,-0.0005874180647207,-0.0020634554886903,0.058600214316178,0.9982791159057508,0.0395681426122917,-0.0008806871215714,9.349430654974011,-0.0024865206741648,0.0148176866326975,-0.0349615815466289,7.724899311266518,4.270443927774824,2.0286093664591265,1102.4866384772595,1104.2229970616443,1106.7082071393293,1093.6792443693073,-402.56706201296174,-853.1544353998198,-439.30737420323834,-740.6606566809235,148.75616727785953
47.715,-0.1593145692874576,0.2252742911969272,0.511235909798118,0.0027092261772526,-0.0342404334154494,0.0215915923210307,-0.000573992748718,-0.0021021507203432,0.0586274247309033,0.9982774506369771,0.0398854375303503,-0.00122006096906,9.340223133993236,-0.002429440861345,0.0149589547716248,-0.0361234382734126,7.72488653841087,4.270477885460505,2.028515574905806,1101.4118152674012,1101.938748766593,1105.6152102746018,1091.589265598227,-382.6550917073607,-811.7558461453821,-345.5942521278354,-771.1284292433139,148.76085371121977
47.7175,-0.3539086325985553,0.363593065602292,0.2758933523121957,0.0014516716426011,-0.0341373978591025,0.0216945587109918,-0.0005621167833681,-0.0021325125533218,0.0586484940974878,0.9982761581520064,0.0398240477038876,-0.001744750966743,9.330537361932867,-0.0023707180990728,0.0151022060831353,-0.0372994244229247,7.724874639316544,4.270512884292656,2.028420255674421,1100.5733630187217,1100.1642178309153,1104.9802358786892,1089.8236022230888,-328.81923802763487,-677.6742791297489,-186.09984988123517,-686.3070522256623,148.76465221571192
47.72,-0.4763086091174226,0.5164262132109375,0.0707105544226297,-0.0007563240283483,-0.0327350498143062,0.0214102388921865,-0.0005514442242437,-0.0021551047103057,0.0586668343065244,0.9982750385254876,0.039404042434055,-0.0024481926978462,9.320326089551363,-0.0023112474264255,0.0152460043843188,-0.0384907977435377,7.7248644554594,4.270548664946208,2.0283242989036965,1099.7677190772645,1098.5503773709474,1104.6847110251963,1088.1577303371018,-323.7124737918911,-617.9854472886767,-60.75984777814103,-634.4962084920945,148.76832955076463
47.7225,-0.5190997811363727,0.6669011996735186,-0.1007245141023535,-0.0032994350300329,-0.0305938811829044,0.0210134725889015,-0.0005399734755689,-0.0021679877541699,0.0586838093031515,0.9982740185422552,0.0386013738859298,-0.0032846220894192,9.30954456204316,-0.0022519920621656,0.015388568038225,-0.0396992342688472,7.724855744896555,4.270585247760743,2.0282274276774688,1098.9548006497614,1097.0742905944703,1104.6764366397983,1086.6511211806267,-334.20702312456524,-557.3198660470885,59.74599996872384,-553.9707486160645,148.77189980524125
47.725,-0.4612967521813343,0.8052153626862367,-0.2288612453317847,-0.0056114603737832,-0.0280379945523781,0.0205622535286654,-0.0005257531272828,-0.002170444855553,0.0586972998677447,0.998273226590188,0.0374156678808345,-0.0042046038191274,9.298151638841034,-0.002194082546461,0.0155279414853828,-0.040926441516844,7.7248475950914655,4.27062244745096,2.0281281614726807,1098.0966839616408,1095.7637780407103,1104.9834410250403,1085.38787659402,-393.1511970985349,-538.571138820124,190.71572466790775,-499.3046928326742,148.77533424545024
47.7275,-0.2936428642363466,0.9601489063663428,-0.332800988270807,-0.0073739385397037,-0.0250217949956568,0.0199102527499085,-0.0005121465936573,-0.0021606961447599,0.0587062621809694,0.9982727267443066,0.0358225155395025,-0.0052504727998808,9.286111815766724,-0.0021383381766301,0.0156624816463435,-0.042173816624885,7.724838986386909,4.270659957023949,2.028024722335087,1096.9890446642703,1094.381434900372,1105.630015263137,1084.1545977164656,-419.7464578172129,-475.4415114177232,264.28595275456365,-413.167253697809,148.7792915489509
47.73,-0.0969848891563661,1.0907775392796784,-0.377361909691635,-0.0080915846522573,-0.0228537686560521,0.0191817489155376,-0.000501060746912,-0.0021393610192186,0.058710147980783,0.9982725495223655,0.0338451848072518,-0.0064341756326034,9.273395795926314,-0.002085608325018,0.0157903693616343,-0.0434426657161269,7.724829063658226,4.270697730507464,2.027915463953313,1095.9979516725537,1093.3865704836207,1106.3048707888136,1083.32204032553,-408.7700767937077,-366.80797323955966,268.10166956183747,-307.1366776155876,148.78244866105743
47.7325,0.1227071931429875,1.2370583836655724,-0.375468332316394,-0.0081334813620304,-0.0209601808691619,0.0181609420660517,-0.0004883422259973,-0.0021104099264478,0.0587091515441863,0.9982726757668344,0.0315769481447429,-0.0076537242096348,9.259981648167027,-0.0020370380004964,0.015909208502986,-0.0447346175952863,7.724818449858573,4.270736542154502,2.027800315724851,1094.9451942803007,1092.5473950341734,1106.9705236109469,1082.6189143283868,-473.82504907820817,-337.89389621700855,249.3480574786184,-294.24385367073614,148.7854564362732
47.735,0.3679245033064769,1.4349406334091055,-0.316299787424393,-0.0069233361734994,-0.0184283747877305,0.0166324280889535,-0.0004709042709376,-0.0020764473241717,0.0587052822175908,0.9982729820120648,0.0290857319895904,-0.0088211519020414,9.24585731591366,-0.0019937485973004,0.016016662731713,-0.0460518138354542,7.724808240943843,4.2707772889929645,2.027680583615504,1093.6288264271648,1091.6971010025372,1107.5516110762055,1081.8508210571777,-488.7555717863734,-291.04465649005425,145.41463408287947,-273.200457099116,148.78889089097308
47.7375,0.5264747314020953,1.6077443847656845,-0.2211640048686799,-0.0048884111935699,-0.0155916846961959,0.015350311124325,-0.000447615654286,-0.0020427010864832,0.0587016968459836,0.9982732715291333,0.0264866177389444,-0.0098839915152188,9.231021712464152,-0.001957227506449,0.0161107529745504,-0.0473971528340603,7.724799196890579,4.2708204404732175,2.0275573583436577,1092.5014164213678,1091.0921717517224,1107.6975967813617,1081.2529120428903,-454.35444172339373,-227.90299505865897,-45.77974115129496,-224.6617957267732,148.79160639241204
47.74,0.6131357954788736,1.760619637315897,-0.0892095577172918,-0.0020806460610945,-0.0115991034611177,0.0145961388736052,-0.0004198825196063,-0.0020126556073169,0.0587029500399571,0.9982732685480186,0.0238601739940521,-0.010832184679609,9.215486552823059,-0.0019287920566222,0.0161901801971368,-0.0487744117392624,7.724791887820872,4.270865511427218,2.027431891503036,1091.3570542185466,1090.5575860272431,1107.3227123704492,1080.7275120785432,-503.80076999236167,-227.3000221477353,-313.8285415652843,-196.3235848733769,148.7941691046965
47.7425,0.6312445103893735,1.880004213665928,0.0886434303653363,0.0012405115226346,-0.0057219887821759,0.0146146426517437,-0.0003910553239568,-0.0019847938128399,0.0587125047856574,0.9982727706786148,0.0211929704681097,-0.0116845995136541,9.199277644166461,-0.0019090912178992,0.0162545298517245,-0.0501882105323914,7.724785901385949,4.270911817225038,2.027304792475612,1089.9824125714083,1089.9556716409847,1106.1284540735367,1080.2712941185243,-500.7667861673333,-218.90452809486203,-570.9311907623677,-122.07497648275609,148.7970669943395
47.745,0.591908719108531,1.899865977282348,0.2337025567996493,0.0030243471977494,-0.0004496168511646,0.0153507010887714,-0.0003637590241242,-0.0019565484253732,0.0587305668055517,0.9982717698059624,0.0184531305040522,-0.0124456179934348,9.18243501140602,-0.0018982981260987,0.0163042202163274,-0.0516438499854703,7.724780103244958,4.270958437871752,2.0271765250153897,1088.8532202877122,1089.46306338677,1104.46805641664,1080.11713719613,-443.1656630935784,-197.194997875512,-794.6915857199228,0.0764195715873547,148.79933359026015
47.7475,0.5298763179275247,1.8169878960974368,0.3556492361286416,0.0035412009762603,0.0048758386666113,0.0165886003260253,-0.000343044036745,-0.0019242390505423,0.0587575029153067,0.9982702503401004,0.0155856122973711,-0.0131647744049615,9.165013206272253,-0.0018958450588144,0.0163409116033673,-0.0531468841981603,7.724773270593984,4.271003915112272,2.0270472812838487,1087.7665842559393,1088.9696966516067,1102.154996144935,1080.2716762163825,-423.8475847764781,-195.18475939397848,-1013.5121948888172,115.23473172131632,148.8014456509786
47.75,0.4719383425178687,1.6442351057486224,0.4490838141669354,0.0036794597387511,0.0100604544040648,0.0179337137480875,-0.0003311715745828,-0.0018857224869218,0.0587912544430835,0.9982683380281752,0.0125657858741636,-0.0138454875505508,9.147080447238435,-0.0019008822650005,0.0163669108363581,-0.0547028848765303,7.724764497389952,4.271047686519563,2.026916685849446,1086.7339823638288,1088.4871395897997,1099.4004954421932,1080.6933108547369,-396.59541317332395,-183.90443161254908,-1169.3383340333814,220.5037285864096,148.8034291233064
47.7525,0.4327831853127315,1.3721077645129256,0.503691518049204,0.0041134483003757,0.0145190766090585,0.019198178826119,-0.0003250594597332,-0.0018414945190608,0.0588279671602435,0.9982662605461796,0.0094215356638398,-0.0144017280261079,9.12871745671349,-0.0019126521642068,0.0163846620541495,-0.0563171194551884,7.724754396768941,4.271089705142292,2.026784488098659,1085.7836071900745,1088.0501744935448,1096.3083044747734,1081.3741948593135,-396.20600746527737,-171.8330613448446,-1375.970780737567,324.56520644829413,148.80525700044439
47.755,0.4092866030728894,0.9608216428181434,0.5232585705266541,0.0051757352183626,0.0185657821233213,0.0206542322214523,-0.0003225735410977,-0.0017957686070436,0.0588651304626497,0.9982641595085064,0.0062453690873758,-0.0147759231774599,9.110016055231752,-0.0019307702124332,0.0163971657753645,-0.0579939665960225,7.724743978974762,4.271130011870751,2.02665002551497,1084.7529523265011,1087.6279742830748,1092.5206415385019,1082.3161368869792,-357.80769621951436,-132.24738428045896,-1352.4191160548883,332.03323625917915,148.80726986887075
47.7575,0.4053190117522315,0.579710091541939,0.5011775213993036,0.0061754457161672,0.0208073216477927,0.0219223159389659,-0.0003211060070336,-0.0017572259644741,0.0589002069588532,0.9982621701193132,0.0032085344247697,-0.0149145511758005,9.091076913759345,-0.0019555867481584,0.0164075683005029,-0.0597366409286054,7.724733826121938,4.27116876717389,2.026511999588992,1083.994568708976,1087.388937572142,1089.5462088944955,1083.0343610406103,-280.0271302799774,-70.9962171652669,-1096.970235008618,232.70712190963667,148.808796291372
47.76,0.412039638339119,0.2049158671172841,0.4393138459427958,0.006631194397085,0.0215399387323565,0.0232951926754424,-0.0003195352655886,-0.0017312025303718,0.0589328884093827,0.9982603015108054,0.0004165090980861,-0.01479581899967,9.072007385661433,-0.0019872563905686,0.0164190902473658,-0.0615469762617687,7.724724599664195,4.271205936959755,2.0263695466436076,1083.3528166751028,1087.2729931972488,1087.0357903634635,1083.4796724965263,-252.75235272602717,-30.18593118102492,-948.2333834663827,99.42989337413935,148.81016567634828
47.7625,0.4206720674424649,-0.1821149227196864,0.3223021350603791,0.0066731449581824,0.0205215975392709,0.0248810175461782,-0.0003166111401048,-0.0017163976000517,0.0589620217149386,0.9982586231645608,-0.0021482603307263,-0.0143966300473667,9.05291844128842,-0.0020253179049832,0.0164345563955297,-0.0634254328276471,7.724716158892734,4.271242135835841,2.0262220451962034,1082.7308069453452,1087.2380079162367,1084.8050419771612,1083.5315105074812,-203.03531289672333,-6.575117013241017,-667.2553848556842,-70.49712674894212,148.81162746215014
47.765,0.4091480988653838,-0.4192458741937946,0.1961489693578812,0.0073748756832585,0.0184721660766336,0.0259161875094399,-0.0003134917655658,-0.0017121322366198,0.0589851615120851,0.9982572791839363,-0.0044968103076727,-0.0137458064732462,9.033921180081927,-0.0020694065796236,0.0164565642049315,-0.065371003647869,7.724708188158521,4.2712782211684335,2.026068860064356,1082.3376401106186,1087.2401176121828,1083.6995134391836,1083.1271868627814,-135.1096827221546,-9.862593947091105,-283.4801980190455,-246.6098298272269,148.81269475784262
47.7675,0.3447103376339148,-0.5468826022812727,0.0553581934682208,0.0093413864361951,0.0158199218428481,0.0263682254123151,-0.000312982019967,-0.0017155985804872,0.0590005661885393,0.9982563757102614,-0.0066822104546743,-0.0129063409337462,9.015123830050916,-0.0021187354379548,0.016487312043982,-0.0673813575693004,7.72470034721311,4.271314719554965,2.0259096416984788,1082.055258531735,1087.1886949465015,1083.3876409870672,1082.2984613583462,-110.44958656133336,-54.771039001952154,21.53031217138768,-435.86013357290074,148.81360627810915
47.77,0.1758913695340296,-0.578956068202696,-0.107134628960077,0.0125142101313124,0.0129015931871747,0.0260893520534346,-0.0003158936444138,-0.0017231939400872,0.0590076326849911,0.998255953830368,-0.0087710653656634,-0.0119102171588453,8.996628665596372,-0.0021721940750435,0.0165281481646138,-0.0694531035424432,7.724691649790474,4.271352278046676,2.0257439683839,1081.7853921778117,1086.9662624171729,1083.8071650000406,1080.9478861949156,-100.5968541299748,-119.1473148419236,253.2195446237052,-529.7255749090727,148.81452141451632
47.7725,-0.0415331174282021,-0.5267579392938737,-0.2201601100093877,0.0150125497188327,0.0112404310745631,0.0252788815408536,-0.0003225294733971,-0.0017339496315656,0.0590083865084805,0.998255894853633,-0.0107831031422409,-0.010787943217699,8.978529455942164,-0.0022287894509738,0.0165798763788155,-0.0715819170763303,7.724681529701746,4.271390496688079,2.025571061386133,1081.552274261085,1086.5929583722916,1084.6537387101864,1079.6498334837995,-113.37314060184632,-194.42299139627212,391.8671479784661,-526.955389148522,148.81513644722847
47.775,-0.3031727014676888,-0.4305405768099239,-0.294743033624558,0.0156779186701525,0.0103816281793792,0.0241180092856866,-0.000331972630367,-0.0017469966222229,0.0590050800216297,0.9982560673103552,-0.012735921482597,-0.0095520649260156,8.960909496876626,-0.0022875490804732,0.0166427369924297,-0.073762838938762,7.724669596634243,4.271428884398679,2.025390471794291,1081.2185264748027,1085.9941474601924,1085.7665007399312,1078.3131092491756,-163.33628138482538,-276.00898541549645,449.7149192482967,-525.0185032469332,148.81560023308052
47.7775,-0.552778255269701,-0.3269283750152799,-0.3320585304723275,0.0141190385703631,0.0102220106661795,0.0228525189483854,-0.000341108750316,-0.001761289383927,0.0589996749765615,0.9982563581860908,-0.014648401163834,-0.0081784920835056,8.943840083331507,-0.0023477205642096,0.0167163084915609,-0.0759906363833249,7.724656175189766,4.271467642405486,2.0252019466094366,1080.7355928541604,1085.2129134452134,1086.902313306429,1077.0247409675635,-240.73058958039343,-349.5392006673259,416.43315727152714,-492.1343052365257,148.8159403526121
47.78,-0.7250411468193974,-0.2417480307006819,-0.3258571258776966,0.0105813616862969,0.0105077197599275,0.0217609453803506,-0.0003476043239062,-0.001775578516059,0.0589951663032474,0.99825659372863,-0.0165436187162709,-0.0066587887903543,8.927379764795731,-0.0024089027141673,0.016799980724387,-0.0782600636850066,7.724642613772978,4.271506799657462,2.0250058333876906,1080.0148735269004,1084.2464514568549,1087.84866652629,1075.8524377229917,-378.01500288922216,-454.261615161344,328.73704173378314,-482.78403213792694,148.8161340459581
47.7825,-0.7878615528876644,-0.179256682058791,-0.2776500972610238,0.0059402322477474,0.0105222346145017,0.0208918349451393,-0.0003516962059985,-0.0017879715926642,0.0589948716392456,0.9982565814041424,-0.0184578536898415,-0.0050303482885019,8.911574196337504,-0.0024710723806167,0.0168932915842349,-0.0805661326916548,7.724629469040104,4.271546043947054,2.0248030268590287,1078.845517839716,1082.9416053694088,1088.5459985150965,1074.610820806876,-475.79906617300577,-491.75809845589663,162.31643093024894,-427.0027819529421,148.81620156255536
47.785,-0.7088925561823423,-0.1635144499905242,-0.2125534267449625,0.0026907140546243,0.0102996455034045,0.0205238293946916,-0.0003535475681992,-0.0017965062323534,0.0590013334197989,0.9982561750443724,-0.0204269376091355,-0.0033286914069643,8.896456324039244,-0.0025346903495398,0.0169955559798532,-0.0829044226222731,7.724617055087066,4.271585625123765,2.024594088124516,1077.635878196034,1081.787660964574,1088.6602486809415,1073.7174238132259,-517.7775404993179,-465.1505335835176,-59.72827034681032,-328.45396149520207,148.8161242220584
47.7875,-0.509281033613534,-0.1836317321720336,-0.1304092140062483,0.000429329554911,0.0100855751697693,0.0203805619100923,-0.0003524688140865,-0.0017993904794093,0.0590168469365532,0.9982552433641319,-0.0224806205973577,-0.0015730805819573,8.882047126538707,-0.0026006145987,0.017105732081101,-0.0852712107943548,7.724606025607232,4.271625903258454,2.024379585471268,1076.256630137218,1080.61585270149,1088.2473571633623,1072.9685509993992,-616.6317052614584,-514.0073638299909,-293.7341392166161,-297.1602629823312,148.81591352449237
47.79,-0.1724628260338736,-0.2428623487877532,-0.0173037969660564,-0.0010437394898825,0.0099087906163563,0.0202365074621302,-0.0003439335605557,-0.0017964396733528,0.0590430317682933,0.998253693169081,-0.0246137245397494,0.0002853763984043,8.868356583648957,-0.0026702107255257,0.0172219148598023,-0.0876635729937976,7.724596423658115,4.271667174671556,2.0241595222936994,1074.5527196697296,1079.2176241454265,1087.1915779848598,1072.2316224983156,-606.1471787457857,-510.9299121877144,-462.3742212506749,-246.0342474829864,148.81551364262737
47.7925,0.1499165348324404,-0.3130325472846599,0.0875460078502197,-0.0012171294810906,0.0100216689066007,0.0201051476207629,-0.0003242290582546,-0.0017880760904664,0.05907752206799,0.9982516650080848,-0.0268090503488624,0.0022824865734899,8.855385367280881,-0.0027450387428777,0.0173421191767816,-0.0900791894239723,7.7245878440394815,4.271709818927056,2.0239337589878366,1073.2258942434876,1078.06120314055,1085.9354860571077,1071.7383797619837,-479.10897942500054,-461.90763299458933,-550.5172493138529,-180.78415765921665,148.81506370482828
47.795,0.464544010457853,-0.3855587515016928,0.2003969245016863,-0.0003221964486289,0.0098732631542465,0.020125706014668,-0.0002953076159193,-0.0017729934988184,0.0591169376100693,0.9982493597532196,-0.0290836549108165,0.0043583509056694,8.843126751349411,-0.0028260538379084,0.0174652912114398,-0.0925161366639191,7.7245798787327855,4.2717535222337935,2.0237025743946857,1072.1571747726034,1076.9080859804524,1084.4389917382891,1071.327701710019,-381.60513618661906,-505.62445575192726,-675.5463112140437,-179.1353308153058,148.81450034527316
47.7975,0.7743236651748264,-0.4380382123049584,0.336011556194578,0.0020499818831868,0.0083503215986046,0.0205417046186155,-0.0002618064049028,-0.0017512389052425,0.0591609576387347,0.9982467940234248,-0.0314311286495585,0.0064077788753445,8.831568153453455,-0.0029138576776105,0.0175910533276655,-0.0949728803587433,7.724572046674926,4.271798098843661,2.023466421679689,1071.3178685625562,1075.5330808617928,1082.5577545010403,1070.842703107908,-223.96932972535436,-498.01147629797913,-678.1356116470473,-192.087528250242,148.813703002362
47.8,0.9374719718990216,-0.4229936926945471,0.4381627372855255,0.0050132730655023,0.0060333102449589,0.0213504458777633,-0.000227340079799,-0.0017252118746885,0.0592111231517462,0.9982438703826048,-0.0338007682075241,0.0083448813664571,8.820692568482311,-0.0030088999290573,0.0177191518677241,-0.0974482660360451,7.724563752397756,4.271843158155729,2.0232245461824925,1071.037328123976,1074.4180285989612,1081.048313680052,1070.367264068767,-30.578329409202343,-428.83524613722216,-568.1751158347017,-221.33725456103596,148.81294489818592
47.8025,0.9680824486505226,-0.324305769075606,0.5126030918642072,0.0087173101962764,0.0036443016236497,0.022722906081308,-0.000193246186082,-0.0016965541774232,0.059265278505267,0.9982407120979097,-0.0361522074612624,0.0101279180422191,8.810479938916814,-0.0031111110151588,0.0178491689941613,-0.0999414708097095,7.724554361598455,4.271887951645506,2.0229768268321604,1071.16497691551,1073.3889046311056,1079.7168789218656,1069.736016835102,102.28748181039217,-387.15198172370685,-493.031877350898,-284.6575420483393,148.8120984381463
47.805,0.8778143749849031,-0.1565772797991835,0.5523224409435257,0.0126313249924932,0.0018600100278488,0.0244875482964367,-0.000160946454901,-0.0016686218396483,0.0593223227635041,0.9982373777007454,-0.0384144873372778,0.0117150508714004,8.800908783637075,-0.0032202827694261,0.0179809799372382,-0.1024518307580093,7.724543139492527,4.271931830385196,2.0227231176730927,1071.5487655330276,1072.4822686903444,1078.5831542933,1068.9439763585267,184.2646801044305,-321.6751515709521,-402.57956516036165,-351.90144285520734,148.81118525740203
47.8075,0.6520479363314537,0.073749395723804,0.541450879274674,0.0160408907140205,0.001177607078973,0.0263946378881079,-0.0001319047288803,-0.0016462824501813,0.0593823276450267,0.9982338546155552,-0.0404901241369239,0.0130651742680035,8.791957471082615,-0.0033362527372631,0.0181146376268677,-0.1049787998951523,7.724530167954638,4.2719746476473714,2.022462699816585,1072.0863003160327,1071.78052887325,1077.7039810960628,1067.9765096208253,226.23772300059747,-252.60995909844303,-331.09217635993787,-446.60771816193005,148.81019947159263
47.81,0.2695811328197518,0.3792249062091147,0.4694390991037363,0.0186569215708155,0.0018022473249314,0.0283558687980969,-0.0001063536987996,-0.001631188601323,0.0594436719322507,0.998230237128011,-0.0423373391322005,0.0141648535052492,8.783604998259964,-0.0034582833194951,0.0182498702366844,-0.1075220421356523,7.724515983633445,4.272017355235239,2.022195833172713,1072.6799541480311,1071.2192188948516,1076.9276934114991,1066.710937767716,178.0071848135576,-159.25316706980925,-242.482449489255,-459.77006129934097,148.80894264797
47.8125,-0.0905093685901936,0.6221122146638961,0.3671062344535171,0.0193000095404103,0.0034957835083683,0.0295270616591732,-8.444270784997501e-05,-0.0016207442381362,0.0595035118653731,0.9982266989415816,-0.0439892086535187,0.0150090532861602,8.775831852757758,-0.0035849226942581,0.0183861777764238,-0.1100814385929771,7.7245005371720366,4.272060581196043,2.0219223182816,1072.9763362400995,1070.9842630379017,1076.4915688486176,1065.6776593143306,50.83544214367142,-54.42092892572366,-135.71449920108145,-381.51346491898175,148.80784100688183
47.815,-0.4200333511316972,0.8144587214959704,0.2337920244100252,0.0182072690290113,0.006116162332154,0.0302133872422335,-6.73530862983026e-05,-0.0016130595337979,0.0595609494065912,0.998223296125663,-0.0454674992008293,0.015576514174172,8.768620984667098,-0.0037150231900216,0.018523147940129,-0.1126570322207924,7.72448439246655,4.272104219021343,2.0216426201373605,1072.9341313587493,1070.9471142502232,1076.2491209154944,1064.8033704431227,-107.76035687989804,11.300230175214567,-67.0607896934255,-324.3237759999079,148.8066916357971
47.8175,-0.6957385541570938,0.957121940701088,0.054534269731242,0.0149096489008454,0.0096412699479309,0.0305699999881021,-5.311385408169391e-05,-0.0016034964684282,0.059614340742902,0.9982201334550568,-0.0468389961953053,0.0159062978583275,8.761957737843774,-0.0038472015551191,0.0186594921390766,-0.1152492059338648,7.724468409707137,4.272149002582539,2.021357342730182,1072.4375344557,1071.0407641887775,1076.1562649001503,1064.0560404343303,-250.27252506589247,42.49309325807744,-5.206588212920061,-216.812947695169,148.80526713348965
47.82,-0.7771658075039359,0.9928293379842568,-0.0993447132370514,0.0107670968246034,0.0127005777834521,0.0305252483526821,-3.958534412952062e-05,-0.0015889277361518,0.0596638042502232,0.998217208516842,-0.0481436738204202,0.0160409630296222,8.755830555186366,-0.0039806154316179,0.0187938180150803,-0.1178584567891482,7.72445315973158,4.272195379998499,2.0210664251867074,1071.6827687334192,1071.1595797165137,1076.22308797443,1063.7193057046463,-352.231315561223,41.27647996896601,49.65273572747688,-81.08441434795267,148.80404952785238
47.8225,-0.6784855235466237,0.9435235048405152,-0.2446263493648082,0.0060847546756012,0.0158047945413515,0.0301132441598062,-2.600335726311648e-05,-0.0015693127538052,0.0597106128993769,0.9982144449537824,-0.0493688783275392,0.0159976678361734,8.750231217501348,-0.0041152485757984,0.018925156267739,-0.1204851999193838,7.724438488887959,4.2722430084964635,2.020769279585147,1070.6763778778954,1071.2471465886224,1076.4045285787874,1063.6506183625909,-469.3455007532848,22.8714236284642,94.61360670051981,9.73809738592947,148.80280877632768
47.825,-0.37764488504105,0.8037437194721316,-0.3936520259371604,0.0014916929022301,0.0189429225880957,0.0291039813829173,-1.032823710775789e-05,-0.0015462576519538,0.0597536460048122,0.9982119069496832,-0.0504722070142668,0.0158154545485719,8.745154262774335,-0.0042516388292445,0.0190524459769393,-0.1231297842182963,7.724424277424314,4.27229145976886,2.0204659609707636,1069.3360412296515,1071.273936834656,1076.6961560079328,1063.7679961915762,-491.8107678915688,-2.71437549813388,108.5694269467594,53.632373972932164,148.8013029596452
47.8275,-0.0323901333235663,0.6421893992318372,-0.4859681451543861,6.891217689877916e-05,0.0207579647279268,0.0277673462878761,9.143157568813522e-06,-0.0015224417662916,0.0597926424564085,0.9982096060740095,-0.0513930054581292,0.0155275680010809,8.740596566430092,-0.0043904882084733,0.0191750216967338,-0.1257923741038473,7.724409884983019,4.272340276139342,2.0201563590488245,1068.2173240384363,1071.2335747111315,1076.9473757135215,1063.9187802324557,-430.1033550875492,-22.816644222050687,88.11821290281671,42.21471845439029,148.80004116639375
47.83,0.3139989922134194,0.4650404070108656,-0.5354929728261189,0.002315068531599,0.0215882322713854,0.0259584214498714,3.311095636121571e-05,-0.0015001975499021,0.0598281663319619,0.9982075055612136,-0.0520779983974637,0.0151510162579875,8.736556528681348,-0.0045322374945138,0.0192928092485192,-0.1284728796901939,7.724394765506114,4.272388762295616,2.019840448198482,1067.1855244542155,1071.159853613546,1077.1367470724465,1063.979069783848,-393.7463122716768,-29.199660928346542,55.14137246629524,-9.553371316901234,148.7987806610045
47.8325,0.593154281987375,0.2961219444552066,-0.5475805457163369,0.0067327121592822,0.0217158807117029,0.0239999894135846,6.271629394853939e-05,-0.001480045918877,0.0598592948462741,0.998205660872961,-0.0525056978678861,0.0147128606198286,8.733032843856979,-0.0046767939604263,0.0194058967458253,-0.13117096824571,7.7243787254322624,4.2724368509855,2.019518406238945,1066.2485924770767,1071.08757640649,1077.2230825758531,1063.8710133758711,-356.6044680458612,-24.863170902232028,-1.0942919668190227,-97.11356825673225,148.79752754930072
47.835,0.7480212312639845,0.1531270243786856,-0.5215132441336893,0.0114686874691827,0.0214228118987803,0.0223307093976216,9.676737418650364e-05,-0.001460161948902,0.0598853314490288,0.9982041176052404,-0.0526986134218306,0.0142023936871857,8.730023540340602,-0.004823304570559,0.019515183663939,-0.1338858894677067,7.724361621798317,4.272484425592438,2.019190421863033,1065.4025021139855,1071.0355377590347,1077.1312756126124,1063.493501942564,-365.10695257258254,-21.308160381723887,-91.878038105271,-229.3660803992492,148.79629098600347
47.8375,0.7972486712831726,0.0164356391097127,-0.4651081474877158,0.0156118295312005,0.0209963580438559,0.0209664407287504,0.0001305801522763,-0.0014397806290574,0.0599070708878252,0.9982028302365764,-0.0526652210594183,0.0135475388107782,8.7275250121188,-0.0049710524523285,0.0196227176299722,-0.1366162892632575,7.724343498883407,4.272530846975784,2.0188559479868005,1064.4230577142157,1070.9810356045812,1076.7636923853272,1062.724182973876,-363.8701668930437,-26.682919218624185,-182.38640321619403,-324.2541185900951,148.7948360396387
47.84,0.7626898646579348,-0.0743934307178171,-0.4134705598652499,0.0173296933723901,0.0207225949227296,0.0203335893360009,0.0001627699826177,-0.0014194266229665,0.0599262199491802,0.9982016964379612,-0.0523892659579657,0.0127330790568916,8.72553011011979,-0.0051197890638758,0.0197297484292048,-0.1393603825088787,7.7243249729055155,4.272576198129514,2.0185146932648648,1063.5831512795191,1070.9021231629415,1076.2193435965307,1061.8722313496128,-349.2385967636015,-52.052541250778376,-270.30661489375046,-364.176131644349,148.79365465343128
47.8425,0.7072125519683777,-0.154799435106707,-0.3725259941720565,0.0175437276209176,0.0205660731411869,0.020042311383449,0.0001953112405662,-0.0014015304462699,0.0599459325849968,0.9982005236918188,-0.0518193005568049,0.0118013250545077,8.72402689864031,-0.00526999282392,0.0198364415748951,-0.1421159183536056,7.72430680275935,4.272620325664536,2.018166182077573,1062.6768647303968,1070.7207728983271,1075.4121593108575,1060.9033023156533,-415.2886425416139,-117.02663535649393,-417.7632854184301,-429.7220112941248,148.79251342596285
47.845,0.6655520563556052,-0.2558368652737669,-0.3425493301632524,0.0172147791590264,0.0204240021871587,0.0198083615355598,0.0002284856039772,-0.0013866356080378,0.0599663340611618,0.998199304594282,-0.0509408265722096,0.0107681789664124,8.72299767702864,-0.0054218936417512,0.0199429207806723,-0.144880062566988,7.724289132007884,4.272663544596849,2.0178097553262804,1061.5067080668132,1070.3169899861596,1074.1305271694407,1059.723621293144,-438.1398244754142,-182.23517751184545,-522.0820905164204,-422.7835478251674,148.79119902754832
47.8475,0.663076362684804,-0.3524273054995459,-0.3293529022226669,0.0173206187670889,0.0202145645566915,0.0195014533257113,0.0002628145568445,-0.0013732723824231,0.0599866724125047,0.998198087718592,-0.0497767216548,0.0096577374007518,8.722417846339054,-0.0055752337131805,0.0200485570092689,-0.147649582744494,7.724272166516679,4.27270700462417,2.017445213213936,1060.4861656080186,1069.8095970107677,1072.8017488582743,1058.7893845765263,-407.5691389291212,-230.04550866609915,-582.5839687131721,-355.49190711089983,148.79015555359547
47.85,0.6792050504930667,-0.4647908598494571,-0.3138000622458689,0.0181330296072509,0.0197008358517402,0.018857056187396,0.0003006995005146,-0.0013600394052935,0.0600093240672748,0.9981967325620256,-0.0483495438846288,0.0085296085930645,8.722255247622526,-0.0057295576395412,0.020151446635372,-0.1504210513897761,7.724256244410589,4.272751718222091,2.0170726692722094,1059.4688623721663,1069.1667624428285,1071.2176073258731,1057.9461617575887,-433.3273521344684,-288.7609768249956,-747.1695037949277,-347.96884179245166,148.7891726155353
47.8525,0.6788732432736067,-0.6110108614458863,-0.2691217918201517,0.0200267825068212,0.0184646545190359,0.0175350750705726,0.0003388092146922,-0.0013453594675711,0.0600358231173568,0.998195149490264,-0.0466948018665808,0.0073468206685357,8.722470423646246,-0.005883963352798,0.0202506943520337,-0.1531907307093789,7.724240798715944,4.272798530180421,2.0166916074574766,1058.3195288473482,1068.365792126644,1069.065901339303,1057.0495403675657,-400.483148164062,-273.07951682996315,-820.453199692191,-311.31490131335784,148.78807035172758
47.855,0.6261780660071316,-0.7322787626211786,-0.1952170265172746,0.0225213287683526,0.0167713447847756,0.0160043824773283,0.0003741834863505,-0.0013286614491549,0.0600637027324559,0.9981934872966192,-0.0448349824335007,0.0060809908004423,8.723016243965878,-0.0060375144224812,0.0203448492431366,-0.1559550093148967,7.724224587329801,4.272847771500327,2.016301655141534,1057.4664466313452,1067.801364858678,1067.1153413274103,1056.389587251021,-310.77073427716203,-173.5692660099652,-795.9045718387208,-249.20576239502208,148.78722116096176
47.8575,0.4836021523592393,-0.8397959752734696,-0.0768998928298933,0.0256210544218814,0.0144215599425981,0.0143881678793911,0.00040396551172,-0.0013104679175449,0.0600933331194373,0.9981917232254726,-0.0427785623009625,0.004708094786063,8.723838383394787,-0.0061889341050317,0.020432353822943,-0.1587106576970653,7.7242073432040765,4.272899219540449,2.01590313676186,1056.7656751759616,1067.4979457965935,1065.0863784801074,1055.80351155559,-250.20639658023373,-61.26078808853095,-807.7357074793852,-223.6190679180014,148.7864495053306
47.86,0.256390169129617,-0.9294271351945612,0.0690064556462141,0.0284626526719693,0.0118410098225241,0.0133271070151276,0.0004257345184388,-0.0012908563505828,0.06012483543877,0.9981898506115114,-0.0405474023086459,0.0032153077665513,8.724876067053332,-0.0063362928143657,0.0205116963682611,-0.1614551278076807,7.724189092791135,4.272952603281642,2.0154972493173755,1056.2154146484452,1067.4950609182356,1063.076662790017,1055.271491911432,-180.2108692968419,77.71217680183898,-773.167297426212,-198.6975033751498,148.78574591607503
47.8625,-0.0572824891675604,-0.9966341663826668,0.2196841409411269,0.0298075442912588,0.0094991155382892,0.0138136218431381,0.0004429869850253,-0.0012705396584071,0.0601561180775971,0.9981879923007572,-0.038152831561257,0.0016945711330974,8.726062936440588,-0.006477604161607,0.0205798935047692,-0.1641869162026265,7.7241694413787965,4.273007298031518,2.0150852191617994,1055.8646208294767,1067.8865066806031,1061.2205419929744,1054.8100240387137,-107.12872614061756,251.21961651762712,-741.9868837400669,-182.69286708955156,148.7851283433579
47.865,-0.4848189018593244,-1.0549168595630756,0.3618321043875233,0.0288900687702377,0.0067836373439661,0.0160305941030956,0.0004610350857483,-0.0012506919543772,0.0601856812953856,0.9981862344677848,-0.0356030634090095,0.0002705527330949,8.727328770935912,-0.0066106979557909,0.0206339613211605,-0.1669053973161448,7.724148248304395,4.273062667503453,2.014667512944264,1055.6797710177418,1068.7511590008244,1059.3667283713148,1054.358027575984,-30.575869466366,360.94117512294446,-588.5448070403877,-146.13263813648348,148.78449087461857
47.8675,-0.8411079003731932,-1.0863622411812128,0.4249866536547346,0.0264330510290646,0.0043682487100015,0.0182372314697233,0.00048056172466,-0.0012335018372504,0.0602115698702443,0.9981846915709468,-0.0329003623766471,-0.0010135574801766,8.72860143331715,-0.0067334819610059,0.0206732045330875,-0.1696104217618391,7.724125488665472,4.273118403323052,2.014244417445714,1055.7117414821453,1069.6912125562162,1058.2778179577751,1054.079360848032,45.33208144327954,385.76485761439744,-312.7816216179545,-91.53260834191181,148.78404838270512
47.87,-1.1555093511133003,-1.0990983589198269,0.4237069689190907,0.0232644585278728,0.0020218504195687,0.0200780621467071,0.0004997326946358,-0.0012212073839859,0.0602329919227935,0.9981834095216912,-0.0300551588158569,-0.0021596704054168,8.729808229760545,-0.0068437805082464,0.0206987008034615,-0.1723022194152902,7.724101311287359,4.273173623802299,2.013816219373708,1055.9064314249583,1070.6799832888971,1057.8028202632242,1053.900364534274,112.19650602396258,402.86037172770494,-50.737325815608955,-62.46450174745848,148.7837000524721
47.8725,-1.4531487038854063,-1.0874164102871413,0.3615934174632982,0.0191950420429175,-0.0007202237745856,0.0216841708420915,0.0005161832744176,-0.0012158575995846,0.060252672093667,0.9981822227084248,-0.0270872163823946,-0.0031814249450231,8.730877345385304,-0.0069393719445434,0.0207126955026569,-0.1749812550484952,7.724076002562208,4.273227668328241,2.0133826138759088,1056.2727240122651,1071.7055144148555,1058.0241313286967,1053.7670383392945,145.9296414088803,322.67867311331673,210.35729314922753,-43.368407182054725,148.7833923194894
47.875,-1.6192389483396123,-1.0471556492444083,0.2781152049881898,0.0155871776010756,-0.0031549818810016,0.022428210190386,0.0005267669680464,-0.0012167121094365,0.0602723985203764,0.9981810260490072,-0.0240702425077078,-0.0041074712286813,8.731739391801405,-0.0070174165172807,0.0207184834281273,-0.177648052261138,7.7240491480740925,4.273280594029481,2.0129423185434083,1056.636079632002,1072.2933766544625,1058.8546067289694,1053.683522498364,143.1448253987975,158.76820459803528,444.4674282371529,-37.75485458685376,148.78322813389025
47.8775,-1.6837124352601278,-0.961947453706317,0.1870575822177523,0.0113606899262808,-0.0059163011011016,0.0225561871586083,0.0005298156605891,-0.0012231381758974,0.0602921259740282,0.998179824480626,-0.0210774021858191,-0.0049463290795293,8.732328871455639,-0.0070757148036432,0.0207195025857776,-0.180303151178681,7.724020181397238,4.273331933431132,2.0124940189394485,1056.9884481392587,1072.4993554378452,1060.2464684698807,1053.5782640663604,137.05207452469304,-7.4469368653770385,695.9600246672458,-59.12751824600194,148.78315939226724
47.88,-1.6272112164879773,-0.7951513485487258,0.0936649065552976,0.0053708603497708,-0.0093118688585423,0.0222773276975591,0.0005260862599422,-0.0012349269855582,0.0603140366665845,0.9981784866925276,-0.0181725737506857,-0.0056710283666815,8.732585625789236,-0.0071129552567913,0.0207188222552286,-0.182947243302519,7.7239892813926145,4.273381176468946,2.012036716056796,1057.3213400046259,1072.2561419701356,1062.3344068523074,1053.3878849071339,99.47765810047171,-169.59823655325144,791.8478253731834,-81.52375599943673,148.7831860686308
47.8825,-1.4658522059155163,-0.6009851012117495,0.0400987260620195,0.0002151083817777,-0.0117867982190088,0.0219665795166871,0.0005173646332184,-0.0012488745026025,0.0603403283745085,0.9981768834943165,-0.0154692036464283,-0.0062404674690931,8.732456444326093,-0.0071278342752851,0.0207192449702939,-0.1855814430515163,7.723957285282721,4.273428366163977,2.0115705318603903,1057.485836429761,1071.6513642550783,1064.2057075967487,1053.1706452863627,40.51472797881662,-316.1639972536397,720.3650151141304,-94.25108046056653,148.78329805978453
47.885,-1.203306109658295,-0.3605668391109537,0.0161287649600019,-0.0040484990577383,-0.0134490115967569,0.0217851715897734,0.0005085327126682,-0.0012610090769385,0.0603704488217714,0.9981750503601377,-0.0130868927496757,-0.0065658723204394,8.73189647490602,-0.0071202269435094,0.0207222307342125,-0.1882076697468292,7.723925452749085,4.273474239296414,2.0110965291831007,1057.5239136445196,1070.6753219838688,1065.9362319278748,1052.9166295048315,-1.0359353364032515,-440.76124793805513,631.1630776469383,-100.64945731846218,148.78350142913754
47.8875,-0.8859949297055912,-0.0985170969509362,0.0153290408684553,-0.0069194913466915,-0.0141883965040252,0.0216841688861244,0.000503702838531,-0.0012710881576538,0.0604040696842643,0.9981730048765948,-0.0110744173481324,-0.0065826261731626,8.730870727048302,-0.0070927681279791,0.0207291832536769,-0.1908286710727977,7.723895129189858,4.273519125141855,2.010616242387853,1057.4806567530793,1069.4475580153871,1067.3615229849847,1052.6673979997704,-24.737300070897696,-534.5065583545414,463.9402315183261,-89.14092859581602,148.78377897986852
47.89,-0.5486089725952565,0.1640732642789637,0.0378486405403496,-0.0078974071950013,-0.0139689828401853,0.0215879245113058,0.0005060258973184,-0.0012806394838197,0.0604395115176369,0.99817084493416,-0.0094418474287812,-0.0062509255517387,8.729355262137684,-0.0070501521758836,0.0207412868115123,-0.1934481146095233,7.723867631845418,4.273563588542699,2.010131436854451,1057.4002271441652,1068.0027891920947,1068.2559330854676,1052.470924861852,-23.075093152349904,-660.9028310794755,253.419639712732,-66.4685482570953,148.78414374081655
47.8925,-0.1751186306059321,0.4468595036545419,0.0830162061582034,-0.0076214378301619,-0.0125411280485964,0.0215730501557154,0.0005148283420035,-0.0012890276368153,0.0604741136578454,0.9981687323770712,-0.0082301992890279,-0.0056005370115917,8.727338361656718,-0.0069972443517391,0.020760416769205,-0.1960703636067883,7.723844390720288,4.273608077102236,2.0096432414232424,1057.3652812873177,1066.1430438599928,1068.6286211835475,1052.3350552584852,13.301045159817038,-683.8737372818425,26.745850649999696,-32.95538558880386,148.7846789781861
47.895,0.0827461389890707,0.6355054803683446,0.1271366297582333,-0.006771789227231,-0.0104052481332579,0.0218249869161207,0.0005270544948643,-0.0012941845641412,0.0605069839737703,0.9981667255497044,-0.0074956623150215,-0.0047051834139779,8.72482099949828,-0.0069387150672235,0.0207886159171332,-0.198700137610755,7.723825690940455,4.27365301194028,2.009151918442501,1057.4667323699643,1064.5834205056835,1068.3896623387177,1052.306147933908,82.53890082469623,-602.2943336769106,-182.383203035531,0.2465415980621958,148.78520358295515
47.8975,0.2701568739801753,0.7623829034211124,0.1664878097865397,-0.0056088731093467,-0.0080438011290519,0.0224404711993705,0.0005381332089444,-0.0012951415596358,0.0605380988397364,0.998164829925876,-0.0072638546327024,-0.0036687059773314,8.721816760072922,-0.0068794533116177,0.0208278079701568,-0.201342021728243,7.723809612719949,4.273699089585325,2.0086562411932354,1057.7779757914411,1063.1315721916067,1067.7167051683691,1052.3362879664755,192.2644328096724,-584.1708668201901,-352.57904771574664,17.212020305366615,148.78580620064258
47.9,0.4142035744946271,0.8441262871526019,0.1977345635102477,-0.0038658691293746,-0.0057154376303301,0.0233865706154568,0.0005460920587197,-0.0012935921242998,0.0605677381197784,0.9981630273784818,-0.0074982604484541,-0.0025536471279911,8.718351029708604,-0.0068248411475846,0.0208782368433276,-0.2040001860625855,7.723793957882472,4.273746395299727,2.0081550425000203,1058.4280545340118,1061.6625661715855,1066.6267671001403,1052.3922080354348,280.4086201408993,-469.580679057104,-415.74775806863374,17.971695311953127,148.78661531558419
47.9025,0.4768044384226372,0.8588886738138142,0.2071917209234237,-0.0024338493749295,-0.0040153838405492,0.0240310121474915,0.0005507476172481,-0.001288740999035,0.0605974520687997,0.9981612250414684,-0.0081913044457669,-0.0013886758487584,8.71446013888224,-0.0067783977628534,0.0209387493553428,-0.2066781660682337,7.723777694685632,4.273795068185759,2.0076480056410326,1059.1800188921463,1060.78366879632,1065.637966378025,1052.4261464430351,328.9821235744648,-252.16058528950103,-385.3237457730604,7.598415772277553,148.78735843575973
47.905,0.4999218426387189,0.82199648833825,0.1999001241430138,-0.0013906619629063,-0.0020277547839435,0.0244161612390814,0.0005549932190137,-0.0012811134917482,0.0606283505574543,0.9981593536914176,-0.0092978297439739,-0.0001491615185247,8.710189691859542,-0.0067434021024452,0.0210064580696664,-0.2093786979876847,7.7237603889240125,4.2738451966919175,2.0071344101807815,1060.072965151885,1060.401763245137,1064.7001483712743,1052.4302001142962,398.0827427089917,-29.494542179081233,-387.2434568528545,-4.668552680190868,148.78817018628402
47.9075,0.5077664836565646,0.7188252996480472,0.1730647310401421,-0.0006309403131125,0.0006343606359452,0.0249445652403796,0.0005622646067826,-0.0012742196720582,0.0606582054714101,0.9981575424373688,-0.0107105674248094,0.0011977143618371,8.705592906987915,-0.0067237999371261,0.021077946429949,-0.2121035213839786,7.7237423040300115,4.27389692763335,2.0066132763179287,1061.1704326056897,1060.6361960854247,1063.7017490937626,1052.4028036796344,384.82679239781055,206.268245567966,-345.7098265117616,-13.359393410376,148.78922094307083
47.91,0.5115331847050097,0.5868542553240172,0.1357885059046871,-0.0002805890242546,0.0028993041867374,0.0257094107200313,0.0005730085746526,-0.0012705913844259,0.0606844094329171,0.9981559465455548,-0.0123344903060761,0.0026362140670934,8.700729024663056,-0.0067224899773519,0.0211509230282981,-0.214853339537322,7.723723771633277,4.273949594242427,2.0060841736089414,1061.997099113875,1061.4331044729777,1062.9715992387144,1052.3634031472443,289.59614277986213,429.8630113175552,-279.75887912261226,-16.218652183298108,148.7901588938832
47.9125,0.5167560362939249,0.4197425417127587,0.0863872247378048,2.2263392085073264e-05,0.0049162771873303,0.0266149457900231,0.0005880629779296,-0.0012708796386033,0.060705654515621,0.998154644939334,-0.0141007430825403,0.0041619611783574,8.695661090081593,-0.0067409985538918,0.0212230017853966,-0.2176281037592585,7.723705196392074,4.274002895769075,2.0055472482274386,1062.6184133195895,1062.7855111420135,1062.3029546981488,1052.3217104187179,208.566934088784,684.7198713800797,-292.47565383552,-16.08400090573567,148.79116014116244
47.915,0.5108225431575693,0.2091046769418028,0.0277675001331333,0.0006646955231676,0.0062811834780089,0.0272017999180877,0.0006073032767192,-0.0012767569732152,0.0607234101861784,0.9981535468471616,-0.0159195857944813,0.005755244140508,8.690454016122409,-0.0067806349324318,0.0212924851461102,-0.2204270654958266,7.7236865220360515,4.274056933452651,2.0050024143808574,1063.039933784318,1064.8567038298747,1061.5092209695383,1052.2829831427157,95.67234602454499,796.4196391338664,-295.79767474418406,-10.946030956660108,148.7924337910983
47.9175,0.4741347594603247,0.0560962049284624,-0.0027939934579137,0.0016663122932939,0.0059924816200324,0.0269811038260334,0.0006268565563884,-0.0012850929939089,0.0607424706308886,0.998152366817843,-0.0177864113807081,0.0073385183785688,8.685173038622368,-0.0068398189514873,0.0213595633023774,-0.2232489002560407,7.723667847690247,4.2741115977672095,2.0044496691658935,1063.0967750497127,1066.7676093376847,1060.8239663244271,1052.2669802639343,-34.45000675358699,755.4011356949331,-280.02187902392734,-1.5668534143052226,148.7935548970788
47.92,0.3715153922721844,-0.0384755277814247,0.007595334240435,0.0033370698696038,0.0046408073464907,0.0260619442348488,0.0006416046518678,-0.0012911578179819,0.0607671358769974,0.9981508518184125,-0.0197256646540039,0.008815902622227,8.67988182796994,-0.0069156013371433,0.0214254012507121,-0.2260919030678461,7.72364893296281,4.274167224371444,2.003888992481887,1062.86768375055,1068.6337095083516,1060.109111574418,1052.275148875644,-129.33965160453167,706.8527903325564,-286.27358254587875,8.832960104117621,148.79473750657775
47.9225,0.1919846013611944,-0.0702332506057286,0.0615084295329917,0.0055297896429158,0.0031433856814383,0.0248991111942994,0.0006497098256818,-0.0012939135429171,0.0607982887780093,0.9981489486126927,-0.0216966083199715,0.0101450755880017,8.674640702759481,-0.0070062717814927,0.0214903208889209,-0.2289542307835067,7.723629704063914,4.27422464009282,2.0033202453047294,1062.4500767916907,1070.3018732893445,1059.392598411699,1052.311145064455,-194.45103948413876,588.0879760068358,-275.94623722133724,23.70198084134851,148.7959702827422
47.925,-0.0906407458053725,-0.0293416963423128,0.163236724540202,0.0078925865371908,0.0019753707982867,0.0241002797693702,0.0006509368549848,-0.0012901997299992,0.0608365530609566,0.998146621796159,-0.0236976283430639,0.0113131851869981,8.66950564144387,-0.0071085846504724,0.0215545483269433,-0.2318340666216123,7.723610219842171,4.274283511751856,2.0027435917514635,1061.8954285531288,1071.5741493883872,1058.7293803883103,1052.3936587798507,-248.36874775825007,439.2069305104114,-260.706418658859,50.255639045800976,148.79726180334026
47.9275,-0.5248747696522644,0.0767021017207024,0.3124101426192542,0.0094946765164951,0.0014475221823508,0.0244099947861918,0.0006451871176107,-0.0012762856905698,0.0608830248329051,0.99814380835318,-0.0257424692098486,0.0123087449488371,8.664527500491198,-0.0072183400346286,0.0216191083986809,-0.2347296558312705,7.723590273153181,4.274342670985182,2.002159667943683,1061.2082330528988,1072.4979079418977,1058.089066318404,1052.5624232596842,-236.12525297634068,226.27434978233055,-194.19231621272428,74.57871275776104,148.79887632975175
47.93,-0.9178677583261904,0.1819705279883029,0.4290186222695708,0.0084733455647509,0.0022601699083556,0.0259925516487483,0.0006306782129275,-0.0012524987704833,0.0609352592897978,0.9981406565580906,-0.0277838672981068,0.0130842242971098,8.659751611479143,-0.0073326986873666,0.0216868666067114,-0.2376392048749212,7.723568978595352,4.274400939281464,2.001569031545872,1060.714802288248,1072.7055211372979,1057.7584188072478,1052.7665523436394,-163.38083756637215,-36.36051343712965,-74.91225986965024,93.32010986526937,148.80027265380636
47.9325,-1.2631727113390572,0.2685650411396966,0.5049275008181512,0.0045288866083005,0.0041554366317575,0.0282840736270347,0.0006058599216678,-0.0012215353754061,0.060990142650433,0.9981373526904576,-0.0297417883643028,0.0135903597738825,8.655217268357934,-0.0074495189679444,0.021761590641452,-0.2405609492637769,7.723546297650299,4.274456665637185,2.000972148694109,1060.3913288650665,1072.316105374712,1057.7145050190557,1053.0290238090108,-95.65576317217727,-298.890641718055,57.11607783788884,123.61416740898719,148.8017173543496
47.935,-1.536606753067666,0.3284379112574363,0.5305500608842115,-0.0022991245720303,0.0063749285862869,0.0306690894986662,0.0005697310336357,-0.0011878506242555,0.0610480773950297,0.9981338662369612,-0.0315140511560288,0.0137821171385885,8.650957502207946,-0.0075671412996487,0.0218475624032954,-0.2434930580591537,7.723522306480153,4.2745081857184015,2.0003688748321022,1060.236523472387,1071.2110679287068,1058.0439991964374,1053.3846231806847,-22.666333489062406,-495.91460178707706,184.13215940975908,131.96145570180485,148.80350072380313
47.9375,-1.6101236746680099,0.3426678528818422,0.4972851312294499,-0.0083957831754806,0.0078396815070191,0.0322003502012288,0.0005238141874578,-0.0011552872193135,0.0611095348854079,0.9981301624202468,-0.0330156971723574,0.0136554119153972,8.646998807514334,-0.007683708588809,0.0219479691875424,-0.2464336235613539,7.723496725458282,4.274555178359637,1.9997580474765648,1060.2779971976213,1069.8365323657788,1058.6351658161036,1053.6888310875192,36.62916504011867,-616.7634295546728,290.8151014176754,117.15495958043644,148.80502309378525
47.94,-1.5187676091339908,0.3360816998700974,0.4159493146216242,-0.0137994830962658,0.0087568807407878,0.0335004553525899,0.0004728238712821,-0.0011241765766025,0.0611726112992429,0.9981263539309636,-0.0342281825029624,0.0132623314398231,8.64336110585095,-0.0077960975789832,0.0220637282291576,-0.2493807023076047,7.723469246152723,4.274598708466413,1.9991383990884,1060.4196692975875,1068.1272507809363,1059.4980747035245,1053.9703979785863,62.10834535887904,-787.6443126595012,417.16665461478016,113.31692880684047,148.80657634967685
47.9425,-1.2553495797711967,0.3310161514526964,0.2783636821502006,-0.0186163096185437,0.0089890444307657,0.0347616160024342,0.0004212228584203,-0.0010923961916729,0.0612358992462333,0.9981225267247832,-0.0351836628106731,0.0126520440217047,8.640058373661612,-0.0079004129965043,0.0221945965117717,-0.2523322760106703,7.723439894508282,4.274640117813629,1.9985093805428609,1060.5885389244158,1065.8983108024793,1060.7209990891783,1054.2554157315535,45.65180690367408,-811.4884661688787,456.49758692574613,94.91295987044995,148.8084686282531
47.945,-0.9511405269455908,0.3452110563186928,0.144851600116816,-0.0209196822677486,0.0089308204119195,0.0353149012661825,0.0003744561095806,-0.0010584845520827,0.0612975610147774,0.9981187928819524,-0.0359088430511193,0.0118906563422097,8.637099167965465,-0.0079938715995978,0.022338207448881,-0.2552865024723494,7.723408920993022,4.274681542628569,1.9978710647508868,1060.647928332106,1064.0698084500896,1061.7805626381544,1054.4449627779388,-6.621665598828824,-682.1579594696069,404.68929484032253,71.11270271254499,148.81006449359813
47.9475,-0.6133794672114989,0.3852942424791255,0.0110481240507875,-0.0217828919966389,0.0092086484999418,0.0351624801583369,0.0003358836605547,-0.0010192695663376,0.0613558060108004,0.9981152653629112,-0.0364676497890674,0.0110130190138957,8.63448758950903,-0.0080737172252691,0.0224913914226749,-0.2582419129015513,7.723377248189011,4.27472493429583,1.997224421495232,1060.5554305964215,1062.4875210051343,1062.7444455633783,1054.610979245116,-66.4078985561106,-563.4762194704153,353.13409881801033,71.1679379959696,148.81167528808655
47.95,-0.2804273632814751,0.4426141836508625,-0.1101954350895365,-0.0219027501819175,0.0098438270113065,0.0345398265213976,0.0003089453154719,-0.0009722933620816,0.061409179984503,0.9981120371345517,-0.036915493059704,0.0100597303943862,8.632224075417172,-0.0081385925709359,0.0226493070582615,-0.2611976658670182,7.723346340436798,4.274771798749594,1.9965708856611424,1060.3158888393252,1061.2524273527363,1063.546233132245,1054.8008024679189,-129.93304112044544,-385.7372556152613,270.61234149173083,94.64189250006416,148.8132955190176
47.9525,0.0219828408052058,0.5083357362585967,-0.2071376502265614,-0.0214886083084819,0.0106868096028341,0.033689029320608,0.000296185098743,-0.0009177296221058,0.0614557425114715,0.9981092282113748,-0.0372657415306021,0.0090602386813036,8.630306530983635,-0.0081894822207747,0.0228063622923558,-0.2641535077242482,7.723317241718557,4.274823201850473,1.9959109439838587,1059.9057653908192,1060.558834727057,1064.0975072708377,1055.0841887076167,-213.37232984525448,-165.56205924322563,184.2536808385232,158.85523418565649,148.81492430008828
47.955,0.3335859761726955,0.574947175469737,-0.2930725459600214,-0.0205606116409922,0.0122658231420186,0.0325403213955828,0.0002943375529988,-0.0008575534913253,0.0614999027644542,0.9981065650630698,-0.0375072865053876,0.0079509583178417,8.628731635666828,-0.0082285778777272,0.0229594641612787,-0.2671094633475178,7.723290228215961,4.27487860496753,1.995245028829636,1059.2490271901,1060.424617056521,1064.467501536437,1055.5950786388464,-262.21705038306254,64.31446040029535,95.93876797534543,217.45695803267847,148.8168859906062
47.9575,0.5461162208486552,0.602220767136521,-0.3434461351125264,-0.0194060679560717,0.0142851204626824,0.0316163673470965,0.000300106244718,-0.0007981752480384,0.0615469273028114,0.9981037172353344,-0.0375523381355484,0.0066728131810014,8.62749525985734,-0.0082607833189631,0.0231056244103778,-0.2700658549356684,7.723265016720222,4.274937233753992,1.994573194491236,1058.5946801389032,1060.8804070290587,1064.5772011107147,1056.1714734977807,-276.7137797864001,282.3537404446972,20.01974098037748,252.8521478402197,148.8185253509606
47.96,0.7083608826381153,0.5839907973310156,-0.3810515828760417,-0.0177538356039105,0.0164438673149601,0.0308872443418709,0.0003106947640003,-0.0007470544243508,0.0616002410331606,0.9981004679687931,-0.0372935290159381,0.005184183783575,8.626592930235395,-0.0082917590766981,0.0232419913763503,-0.2730231775846092,7.723240749697679,4.274998938169491,1.9938949684403195,1057.8654582911672,1061.836385758745,1064.567600241339,1056.859339378048,-330.4035690260938,502.047837428474,-10.482991889476107,306.7409928485238,148.82016833968547
47.9625,0.8461886977332396,0.5048830378120459,-0.4224349408660897,-0.0151973238545981,0.0185275148192866,0.0301778579624863,0.0003238514917164,-0.0007106470377322,0.0616584944406613,0.9980968962431054,-0.0366388236861313,0.0034634736995829,8.626020126792456,-0.008326676196384,0.0233660894197501,-0.2759819537836612,7.723216625700477,4.275062275070449,1.993210110073576,1056.9426622937742,1063.3906462161988,1064.524786151267,1057.7051784620219,-341.76750367542604,607.9104761944636,-9.519916311087075,293.8736418131017,148.82214221145622
47.965,0.9174240916773841,0.3960976972820168,-0.4582572871382709,-0.0128521775321425,0.0197133933773732,0.0295831884170849,0.0003395033062957,-0.0006920024803206,0.0617179682392001,0.9980932298481388,-0.0355506502145897,0.0015391358592207,8.625772229663038,-0.0083686476013363,0.0234751243494985,-0.2789427166418247,7.7231919434072465,4.275125567334324,1.99251837494872,1056.1566207727892,1064.8759381397188,1064.5200006597836,1058.3287075871144,-314.6243067523965,597.0227599837145,8.861285534790126,209.91755720199933,148.82378686574063
47.9675,0.9521344373410118,0.2529583378363754,-0.4939069489111593,-0.0107360318386181,0.0203978241867648,0.0287879640676295,0.0003592274721263,-0.0006892853355359,0.0617757682250985,0.9980896487801336,-0.0340716435905464,-0.0005188815749263,8.625844484488884,-0.0084176255406434,0.0235662900389242,-0.2819059242923663,7.723166058709941,4.275187802531401,1.9918190722104607,1055.3695407600114,1066.3757600161189,1064.5690925789413,1058.7547662480324,-344.42394297297545,624.5721473426098,25.545116839453428,123.57343651144544,148.8254277911497
47.97,0.9629280611380456,0.0535055223684257,-0.5263460942010638,-0.0084559124274876,0.0207874973344493,0.0274525557253013,0.0003820547384933,-0.0006966874450495,0.0618309045032692,0.9980862190283888,-0.0323135432863312,-0.0026737688954721,8.626232098743225,-0.0084706936740789,0.0236390457330631,-0.284871727908508,7.7231389968913104,4.275248481952984,1.9911116484878195,1054.434501057926,1067.9987988764292,1064.6477262439807,1058.946574769671,-339.0251164328759,542.4400141377599,18.120283523776205,12.385200836927682,148.827387376769
47.9725,0.9508984964582324,-0.1278800448545706,-0.5342053454191288,-0.0066088859542238,0.0208179810460468,0.0260558131921619,0.0004073217612127,-0.000708483507501,0.0618825998969391,0.9980829944583038,-0.0303847579835049,-0.0048787137629815,8.62692977917218,-0.0085246291106359,0.0236934588549343,-0.2878400806203337,7.723111160111592,4.275308056737159,1.9903962541491076,1053.674415177846,1069.087960086809,1064.6596939965602,1058.816692252217,-294.41569359335915,361.89081487063635,-27.631608418309455,-106.80722798346316,148.82900783963592
47.975,0.9157343697891452,-0.3151957193078691,-0.509841884728829,-0.0046022696873557,0.0205225908843312,0.0245002037236947,0.0004339093870008,-0.0007193990855808,0.0619291649409396,0.9980800861450227,-0.0283852491769479,-0.0070920577287011,8.62793125103978,-0.0085762968718413,0.0237304199219253,-0.2908107771575685,7.723082978109344,4.275366721761747,1.9896736405922648,1052.9624225899584,1069.8082529507833,1064.5095682018891,1058.4125386297535,-269.7453344425592,220.45295550730808,-101.54293381701932,-196.6891083317448,148.83060889151713
47.9775,0.8561272255925261,-0.4980395520930775,-0.4521752746572951,-0.0024271272232665,0.019864513445431,0.0228791410329165,0.000457668334914,-0.0007265876029438,0.0619699314171271,0.9980775404376564,-0.0263755028760157,-0.0093252621191932,8.629228737930838,-0.008623722538412,0.0237530930995767,-0.2937833170836477,7.723055002860099,4.2754245378701645,1.988944330297748,1052.3256885056346,1070.1902248643446,1064.1519793274756,1057.8332467105593,-225.25963921800513,72.7259318597672,-203.3503943934517,-257.27070238145217,148.83218835871403
47.98,0.7594409123004933,-0.660090415159555,-0.3522721947130162,-0.0002631878299757,0.0186009233375716,0.0214614472510141,0.0004804697610328,-0.0007280180142271,0.0620040687449483,0.9980754097911158,-0.0243950343040814,-0.0114867932146294,8.630811767445246,-0.0086656042564357,0.0237614144749812,-0.296757291310685,7.723027615151971,4.275481656628609,1.9882084148290649,1051.8361243938675,1070.1718826100823,1063.4928162299211,1057.1261851178456,-166.774794297504,-89.46374536117187,-360.08023533895306,-319.2725556370264,148.8337344668525
47.9825,0.5939512958286817,-0.8067190235613472,-0.1899555980989137,0.0021635284642305,0.0162190337822339,0.0202872187200947,0.0005060405087255,-0.0007228971950386,0.0620316500998145,0.9980736889123608,-0.0224598637083627,-0.0134555395458273,8.632666672512215,-0.0087013411038729,0.023754299187359,-0.2997320675070282,7.72300072686069,4.275538113692296,1.9874657641378,1051.4918145341467,1069.7429061375385,1062.35157815078,1056.2368839323733,-78.42591856245092,-212.82850842977757,-468.28390868683374,-319.88802973330155,148.83554139892215
47.985,0.4145552411160752,-0.8723482802449961,-0.0295453060720763,0.0039421464635559,0.0135750687416412,0.0198143488182124,0.0005317941171491,-0.0007122055552047,0.0620540777350989,0.9980722909120427,-0.0205623823546714,-0.0152233145529841,8.634776101890422,-0.0087309951403278,0.0237344273413304,-0.3027062908116374,7.722973843740464,4.275593927100201,1.98671567055044,1051.4439948010559,1069.1077400679344,1061.1513966864893,1055.5267449691803,31.274081260091776,-294.8710082244671,-514.6041457726919,-266.4347899697988,148.83699956353638
47.9875,0.1997833500275777,-0.8666322754506828,0.1404922985908238,0.0052356729141738,0.0107589622129434,0.019889832882566,0.0005540628825916,-0.0006997724064561,0.0620747100198363,0.9980710064040612,-0.0186475394546272,-0.0168069972711931,8.637118007728679,-0.0087561166228334,0.0237051937500433,-0.3056780535435233,7.72294684098281,4.275649881071532,1.985957778190596,1051.6481849404472,1068.2685510964154,1059.7785574219151,1054.9047099825236,136.70826614431743,-395.94585910088176,-620.4660856360997,-246.3032412192765,148.83839949999876
47.99,-0.0779416719836123,-0.777097936751243,0.333784036716181,0.0060006892126818,0.0077730835954046,0.0206530325743988,0.0005708516047441,-0.0006901580433303,0.0620989912894178,0.9980694955854432,-0.0166466734966224,-0.0181998052758204,8.639664959085149,-0.0087786217991175,0.0236689445144256,-0.3086450910292388,7.722919251970554,4.275706911338062,1.985191736710452,1052.1275361317776,1067.1280107724288,1058.0490662583072,1054.2952287630835,199.15100355879,-425.42907595418495,-630.7231646538919,-200.1426473026187,148.84000172684225
47.9925,-0.303206081590726,-0.6421624304694369,0.4699020250156735,0.0056581425639308,0.0054756338085493,0.0218778224134629,0.0005796376471107,-0.0006854656483856,0.0621307575800585,0.998067520548024,-0.0145351603756601,-0.0194067256496567,8.642383892690894,-0.0087989649162711,0.0236282078770274,-0.3116048351635336,7.722890571300586,4.275765113484598,1.984416877395632,1052.6439399582403,1066.1414057166464,1056.6249415986483,1053.9039967460114,207.09018941205025,-385.2969614914248,-546.6063533390229,-137.18642709606942,148.84126448395912
47.995,-0.4899751363312911,-0.4639032830778195,0.5640064401354167,0.0041905724112281,0.0035416508016033,0.0236555647839447,0.0005829584237512,-0.000687387603041,0.0621693915909882,0.9980651160450296,-0.0122913345613373,-0.020351138312781,8.645235886010527,-0.0088177975800183,0.0235824109037684,-0.3145547927883751,7.722860811444275,4.275824330990138,1.9836331981025832,1053.1629870788383,1065.2015259649709,1055.3160344916107,1053.6092966276028,201.42299452849028,-387.03863469548406,-527.9204484384109,-117.01767244479394,148.84244275159108
47.9975,-0.6367051406835502,-0.2350106452590037,0.6182627286852058,0.0017142279701216,0.0023284694108113,0.0260525888225226,0.000583206204167,-0.0006950700215151,0.0622143268922109,0.9980623155102853,-0.0099389376569722,-0.0209630928283672,8.648176592880166,-0.0088343191382589,0.0235312173503007,-0.3174925602638453,7.722830403569782,4.275884278513626,1.9828408462877956,1053.6510549308832,1064.206212543168,1053.9853393564551,1053.3189083837872,140.52146942516677,-335.44010781032324,-433.7287989508548,-102.39891970768657,148.84374802088774
48.0,-0.6789504476407945,-0.0630262202403058,0.615084384729316,-0.0006276833967767,0.0024733839405665,0.0278599934973178,0.0005816446593866,-0.0007044083645747,0.0622622122993541,0.9980593289702618,-0.0075604876313759,-0.0211963410490752,8.651156887045238,-0.0088459441454656,0.0234752430778506,-0.320416001624746,7.722800389744643,4.275944613643296,1.982040268747124,1053.8655944259635,1063.5243254259208,1053.1473904968584,1053.0973020290648,35.369817726937406,-238.87036564677956,-264.9975042034066,-88.41472164903136,148.84473719429067
48.0025,-0.6320470178876647,0.0551890600858949,0.5699267074526059,-0.0031156647865622,0.0037542793087961,0.0292472352693926,0.0005807634850827,-0.0007106303951414,0.0623097520205123,0.9980563636497376,-0.005250182980625,-0.0209912762347829,8.654123670508241,-0.0088498326150767,0.0234148161038244,-0.3233234706130547,7.722771599005112,4.27600446388896,1.9812320440628035,1053.8279040195175,1063.0118607149352,1052.660351835439,1052.8768347755424,-57.37299532612972,-178.40290945264283,-129.24667803915992,-87.44352860803774,148.8456151224346
48.005,-0.5171948940850791,0.1138679026659677,0.4983027204023854,-0.0055707330275848,0.0056636168470092,0.0303428590098229,0.0005848520008738,-0.0007104464490016,0.0623531597769357,0.9980536559964248,-0.0030761303988144,-0.0202679751378494,8.657020957601686,-0.0088442139241575,0.02334964135905,-0.326213900733721,7.722743828452435,4.276063175451873,1.9804157380669976,1053.5787294493327,1062.632310878657,1052.5011571066623,1052.6600843860244,-142.64818784069553,-125.01110707506056,19.904294750302878,-81.20450300430487,148.84639488835094
48.0075,-0.3426916989150408,0.1052199206845671,0.4033209304651018,-0.0074299830224872,0.0074905515111494,0.0312535011156946,0.0005948838780492,-0.0007035524943608,0.0623879973442145,0.9980514830252942,-0.0010598205165188,-0.0190166724423989,8.659791307372878,-0.008829076800617,0.0232820532403028,-0.3290866346368077,7.722716672844114,4.276120139217552,1.9795918504341892,1053.114663080314,1062.3868051795596,1052.7598733091909,1052.4708122605207,-234.6302268733185,-84.81789946971257,208.99757308776225,-68.02044499601654,148.84705012997256
48.01,-0.1112190921092177,0.0542229744920723,0.270062705442079,-0.007943385054884,0.0081664361810978,0.0322870829424007,0.0006092404674399,-0.0006929995997033,0.0624126382183853,0.9980499448176112,0.0008311920996049,-0.0172860778725667,8.662377365411633,-0.0088062778796006,0.0232164973171175,-0.3319415372756264,7.722689002001443,4.276174601737705,1.978760664084921,1052.4055783149674,1062.2082213813087,1053.5461449721,1052.3199821610447,-267.15317606845,-49.763630861090874,359.7127297185104,-36.00604648129752,148.84768577443532
48.0125,0.0607590992293165,0.0185815548604131,0.1478706506424895,-0.0068629613046777,0.0071074809374155,0.0330643912134029,0.000627563211656,-0.0006807033903205,0.0624290279012851,0.998048918164736,0.0026099819551901,-0.0151119081944922,8.664723675810817,-0.0087767958561982,0.0231565611949928,-0.3347793071719172,7.722660507171091,4.276226606930751,1.977922489494374,1051.7788971999707,1062.137987025254,1054.5584369577844,1052.290782028114,-235.6626557084996,-11.129512876863137,460.77656116107465,13.895263625765605,148.84808597131655
48.015,0.1748622703019691,0.0320185865385904,0.0226091044459919,-0.0051521329469475,0.0052695785048567,0.0334267078594514,0.000647623394157,-0.0006653607923467,0.0624412757595059,0.9980481480475794,0.0042309517752627,-0.012568242348728,8.666778673955962,-0.0087393647564219,0.0231066061587729,-0.3376013721141998,7.72263195853657,4.276277526112721,1.977078051442806,1051.2272650364243,1062.1525738169244,1055.8500277779067,1052.3894584791735,-204.63868181905548,32.17195807245132,602.9389030555676,75.10204837442426,148.84834808171263
48.0175,0.2298360210226262,0.1217382823784107,-0.1169892949135793,-0.0032420082266465,0.0036239604210341,0.0330017375056982,0.0006656689723246,-0.0006460710643797,0.0624548431865018,0.9980472957954276,0.0056530116356363,-0.009764612254584,8.668496239023094,-0.008692989718342,0.0230714855350123,-0.3404097520767472,7.72260410545272,4.276328901013614,1.976228085891928,1050.7557037908766,1062.298846815616,1057.5731314730594,1052.666292269986,-132.67066988685235,80.1283014817772,636.6723927016591,126.82471598243743,148.84850007514729
48.02,0.2140019924441775,0.2459484561883692,-0.2145507168413794,-0.0019354226019122,0.0033267161920541,0.032196871095498,0.000681100516331,-0.0006250360389248,0.0624752816007911,0.998046012893925,0.0068916114141701,-0.0067668401253988,8.669836830888382,-0.0086390405813491,0.023053426811479,-0.3432070437578011,7.722577194601568,4.276381417786,1.9753725447224608,1050.5639116869895,1062.5532153243337,1059.0333897414166,1053.023582059086,-33.280079943170925,131.54935784889494,563.5106550098799,165.95364925738673,148.84848998471776
48.0225,0.1576398699740872,0.3884114073577247,-0.2864715399146678,-0.0011539217695431,0.0043493338050164,0.0313444181539348,0.000695301749048,-0.0006050323042108,0.0625055718380082,0.998044110134029,0.0079739082303273,-0.0036130207849198,8.670768840377832,-0.0085795562460615,0.0230526986882504,-0.3459962016377813,7.722551044467054,4.276435071197979,1.9745112644200833,1050.5893033911607,1062.9565936048607,1060.3906847481103,1053.4960605162732,55.80002441257039,206.110726355024,552.9938873624842,230.01208058524756,148.84833694976047
48.025,0.0820918303261247,0.5372127540582564,-0.3428828268037495,-0.0009387701231733,0.0067249449733915,0.0304206080809502,0.0007076321828384,-0.0005890194592311,0.062545364807498,0.9980416082335548,0.0089277824395791,-0.0003809290826666,8.67126978021718,-0.0085167264825735,0.0230704680362172,-0.3487801645968606,7.722524961625711,4.276489514001425,1.9736436928307943,1050.8429118090523,1063.5837689561079,1061.7983591782263,1054.1736424620112,124.04002916544437,243.3495443249859,471.67207782771106,263.71268039315663,148.84798721816406
48.0275,0.0425066927511657,0.6191905436311025,-0.3666124656744449,-0.0011983274107099,0.0089520535231523,0.0296980812588967,0.0007180062186771,-0.0005802886035755,0.0625923837380523,0.9980386486333604,0.0097874465758617,0.00285789572968,8.671326818409456,-0.0084529863814998,0.0231072108574394,-0.351561826200025,7.722498417268195,4.276544400221256,1.9727691910521152,1051.2095035369882,1064.1733413264865,1062.74904513725,1054.8146239182397,171.26137119853743,232.01393365163264,331.3780982057448,268.1959106741025,148.84755694463823
48.03,0.0584363655233142,0.6440463628366968,-0.3671942624470834,-0.0019035188895964,0.0107622624187777,0.0289187752281293,0.0007263921198399,-0.0005779415842307,0.062643728355506,0.9980354148380975,0.0105150122283572,0.0060358420286792,8.670937453247985,-0.0083877756930685,0.0231629609484438,-0.3543440359602482,7.722471570459008,4.276599426975795,1.9718880478128695,1051.6992186650455,1064.7438386243666,1063.455249669256,1055.5146220153824,210.3305775659104,210.72886485286355,242.01706115576783,285.97362266535674,148.84698228434047
48.0325,0.1363264994388321,0.6190591208960002,-0.347933062841538,-0.0027530249561371,0.0124943360448263,0.0280393214955681,0.0007343534664734,-0.0005784135496416,0.06269498167814,0.998032185939508,0.0110289069044502,0.0091158330724648,8.670109389618746,-0.0083186925197548,0.0232362890794206,-0.357129606112752,7.722444280028405,4.276654208253832,1.9709999749931209,1052.2611564248168,1065.2269856507498,1063.9591304430276,1056.2444920315652,233.28408624999497,157.55978287535197,152.34084104019013,292.8262482727271,148.8462878420887
48.035,0.2939253243145471,0.535285420029623,-0.3034024051779203,-0.0032297683052523,0.0145497362949187,0.0271093254522225,0.0007455678179809,-0.0005800729919406,0.0627443095179153,0.9980290750553374,0.0112849494855106,0.0120965591462509,8.668859977528449,-0.0082446482682058,0.0233241234941859,-0.35992122763123,7.722416409837143,4.276707909072621,1.9701046203997157,1052.865639096296,1065.5316375387436,1064.2169538744574,1056.9787532567468,261.73083855001346,80.80054278866967,53.70202086884982,312.8189962988236,148.84544910371295
48.0375,0.561489262102345,0.3777485265583757,-0.2208524112925449,-0.0033046766454994,0.0168125142554978,0.0262351267621844,0.0007602322274897,-0.0005780171415238,0.0627936833352519,0.9980259589893936,0.0111811402662568,0.0149227230844719,8.667216615699513,-0.0081619613886021,0.0234254063235516,-0.3627213327602263,7.7223879017683075,4.276760578987971,1.9692022765585728,1053.5698106175676,1065.6309883646932,1064.227640547372,1057.80858701306,243.6597434585507,-10.60483435477236,-48.993065925013966,285.00499553159443,148.84427625298076
48.04,0.8252881812701206,0.2173530421334689,-0.1296493758936925,-0.0027997016518714,0.0179747027740995,0.0258235007592724,0.0007783671909375,-0.0005713860515319,0.0628448149326458,0.9980227287495174,0.0106884513581463,0.0175360058537241,8.665215418304726,-0.0080700797561408,0.0235388725049551,-0.365532111778381,7.72235858978071,4.276812953504285,1.968293635273756,1054.0839378135877,1065.47861336697,1063.9719885448324,1058.4037782344035,178.50372993170785,-105.43943702959103,-159.9944033253996,202.90392150308057,148.84316084870335
48.0425,1.0841723709955575,0.0588792112223264,-0.018107165402007,-0.0008184074092755,0.0181224599527086,0.0255404218784057,0.0008024117060529,-0.0005616345296448,0.0628974983633468,0.9980193933704872,0.0098245126112561,0.0199233500258041,8.662900239732137,-0.0079707767647504,0.023660933129358,-0.3683556178164546,7.722328456388358,4.27686647769894,1.9673785601771896,1054.4623292672263,1065.1037911795452,1063.4276685307448,1058.823106620576,124.45288249080475,-202.8701301018244,-305.20844379910005,125.36289134607568,148.84190364027052
48.045,1.319676185325066,-0.0890525863434887,0.134669358820565,0.0038916836178489,0.0172044644890175,0.0251747954257031,0.0008334732892745,-0.0005494198060121,0.0629532913187684,0.998015853283619,0.00859698635091,0.0220565613442079,8.66032225234574,-0.0078657109326766,0.0237883365906087,-0.3711935668701343,7.722297800699437,4.27692212038677,1.9664566743989385,1054.706202226042,1064.4642627164603,1062.4459463258363,1059.030592691134,49.61956186052668,-252.36762762974865,-409.37387990844337,15.287538905672852,148.84023406179864
48.0475,1.407855796030704,-0.1541839571343121,0.2704237079383097,0.0091819829650992,0.0158129285164507,0.0251209860983803,0.000868896933104,-0.0005357281541951,0.0630126450128215,0.9980120817538404,0.0070211322361081,0.023850386122751,8.65753904473557,-0.0077573691850122,0.0239202233847128,-0.3740471332164721,7.722267059838088,4.276980242299333,1.9655278393822169,1054.7104270765287,1063.8419530413976,1061.3807991312044,1058.8995443151043,-41.28361511441361,-249.39022400186303,-464.386044311176,-122.75305136948276,148.83871174038487
48.05,1.3556061409016011,-0.1469246927525942,0.3981436831481956,0.0143766443601376,0.0143254226660576,0.0257590555372766,0.0009077941918877,-0.0005210210028249,0.0630719744517092,0.9980083052991044,0.005111620013818,0.0252600627384271,8.654612800074649,-0.0076488713206713,0.0240542725117479,-0.3769171854304816,7.7222369908825375,4.27704021201051,1.9645918350443603,1054.4997841504698,1063.2173115964504,1060.1240161042792,1058.4168274342865,-138.04998108268805,-255.49050792192816,-574.5869159009787,-289.9385039326143,148.83705821594472
48.0525,1.1390973133380475,-0.0639577939712731,0.5154124379593271,0.0196047635867249,0.0130323693090997,0.0272593592483815,0.000947785580612,-0.0005032188154221,0.0631286060635878,0.9980046964404464,0.0028452769187233,0.0262275234264669,8.651609352310512,-0.0075419859185256,0.0241893391597209,-0.3798041560649318,7.722208478040099,4.277100286703585,1.9636488480422811,1054.0201771711152,1062.5645005017873,1058.507864551698,1057.4498517954405,-205.3522708568429,-210.17874736854557,-590.9435955976196,-407.7923142802845,148.834929215925
48.055,0.8596632322187577,0.0465084859740157,0.5635462041732947,0.0227511629366251,0.0127019601229311,0.0289352941823253,0.0009867743522253,-0.0004809127899625,0.0631789890009061,0.9980014837223352,0.0002186918509943,0.0267089571933946,8.648596341968418,-0.0074395249935279,0.024324329794577,-0.3827080502217459,7.722182435979766,4.277159769788587,1.9626986248258311,1053.4730227961863,1062.1664178596086,1057.1692981262938,1056.377865862887,-233.0610218241135,-114.68698188030928,-510.6041779109663,-461.3929593453944,148.8330403626526
48.0575,0.5296002172679996,0.1662005754257555,0.5415289284673899,0.0243522189106744,0.0133268949601504,0.0310575639897676,0.0010270159243003,-0.0004546332152206,0.0632182417987529,0.9979989740355292,-0.002725627334997,0.0267437068543199,8.645641219378007,-0.0073462924712004,0.024455014613346,-0.3856286162063396,7.722159318268024,4.277219853808464,1.9617403872526131,1052.854872061994,1061.9910655923854,1055.954843662142,1055.1428869987124,-242.92266243270507,-23.58069472946839,-450.93808711730736,-498.6645494277759,148.83104066336523
48.06,0.2014431998406413,0.2683140526104726,0.4545504290766397,0.0246919841299825,0.0147651868400695,0.033411395028289,0.0010698632337705,-0.0004234809450107,0.0632463041354654,0.9979971698664436,-0.0059631648558887,0.0263668350829045,8.642810591614934,-0.0072655961420619,0.0245777985883186,-0.388565217961652,7.722139257934701,4.277280981212693,1.960773914466796,1052.2584094840224,1062.0485143859612,1054.914607690706,1053.8845431157467,-212.63921582027487,88.35379426954054,-362.33912572962464,-478.34364785392455,148.82895592934105
48.0625,-0.0758593553037791,0.3285023221105842,0.2957546040004348,0.023767265392253,0.016545808597137,0.0352698139491111,0.0011127706974052,-0.0003898723755129,0.0632642629077534,0.9979960037095464,-0.0094103540330932,0.025552193201874,8.640169066742478,-0.0072025030788922,0.0246922611708826,-0.3915167182926109,7.722121803214287,4.277343756497703,1.9597997107548528,1051.7916759828936,1062.4328345637327,1054.1431480334954,1052.751168759445,-153.47196097432376,250.56161763882352,-268.84909881125066,-432.00847843266456,148.82677732654412
48.065,-0.3035043697710344,0.3451102965488909,0.050863334621419,0.0216392608765145,0.0183426340274183,0.0358291199124847,0.0011503664141722,-0.0003583911753432,0.0632762410269278,0.99799521839657,-0.0129447999954224,0.0242317600010121,8.637777928649273,-0.0071625520306753,0.0248004888718605,-0.3944816370428597,7.722106187381925,4.277408391625525,1.9588185625259724,1051.4910496791515,1063.301322474154,1053.570362196651,1051.7245007235852,-58.703358015524806,383.5791784951964,-149.42476749908195,-299.68246783776647,148.82406520398644
48.0675,-0.3883476568101681,0.3196559713844698,-0.1704931613056765,0.0194042095365779,0.0193715867408886,0.0349601373154342,0.001178126520716,-0.0003315165002379,0.0632870023941806,0.9979945164820848,-0.0164772635051039,0.0223630897061272,8.635693568757858,-0.0071483773806207,0.0249041471058352,-0.3974583956533938,7.722091155120787,4.277473805471792,1.95783107144318,1051.4981591928158,1064.3507304562097,1053.3960241959996,1051.2527564202553,53.93991769694336,472.96891998615496,-10.011154338139356,-96.93323976475357,148.82173095655602
48.07,-0.3665230974579907,0.269474945947583,-0.382422810524825,0.0171948222331609,0.0199379968418249,0.033566645194146,0.0011963334179749,-0.0003060807578352,0.0632996056497759,0.9979937035725682,-0.0200108351392854,0.0200004403078914,8.633965871415803,-0.0071569447285167,0.0250011907381288,-0.4004454614346946,7.722075074670813,4.277539266997296,1.9568374569465103,1051.7607492676364,1065.666167074086,1053.5203064249604,1051.2398345247611,156.63248130159138,610.6866959831319,113.52208318654768,93.83769211321471,148.81932797344103
48.0725,-0.248036363563018,0.2003782514488685,-0.6092836903833042,0.0153947009589732,0.0202342933385452,0.0318868600528317,0.0012086304227512,-0.0002799370637544,0.0633145581372904,0.9979927426189829,-0.0235298852425072,0.0172613072930786,8.632637321007174,-0.0071847525322204,0.0250872364125008,-0.4034409950195762,7.722057022357178,4.2776049206976765,1.9558369904309356,1052.281321599323,1067.4041639361224,1053.9636346119319,1051.7219448808207,204.2987891930671,637.7978810161869,200.34886910801768,241.30075829535988,148.81637379071924
48.075,-0.1094607235929837,0.1466122458704234,-0.7698864502761683,0.0148479418030827,0.0202816229462154,0.0305283263627242,0.001219157570036,-0.0002499680594302,0.0633344635862671,0.9979914642757644,-0.0270392447921019,0.0142779474815874,8.631742553933073,-0.0072260792271022,0.0251577567063052,-0.406442612869271,7.722036264610399,4.277670492685574,1.954828514886754,1052.7822432136022,1068.8551564791687,1054.5220507705008,1052.4463383162388,184.9887331662066,550.7181684957143,245.68551544290293,322.54404966685667,148.81385916075234
48.0775,0.0192921216179921,0.1043758966072066,-0.8938418281378397,0.0152843318936198,0.0202380288156388,0.0290028538543559,0.0012295908377845,-0.0002137525849614,0.0633636667199579,0.997989592507171,-0.0305405509797543,0.0111432892577554,8.63130802774472,-0.0072745262660116,0.0252105765359324,-0.4094472130398364,7.722011732948707,4.277735918360856,1.953810525009016,1053.2062652651543,1070.1577547786023,1055.192062189147,1053.334665129156,135.98455802078752,509.9829205869901,298.263165265824,383.6795898606248,148.81129639109747
48.08,0.1076675564639172,0.0682847975020774,-0.9842499355663292,0.016715738980142,0.0201703450417995,0.0266524785896077,0.0012385825034041,-0.000172779418431,0.0634035694398595,0.9979870411147708,-0.0339790336888685,0.0078963315836477,8.63135176452552,-0.0073263626448454,0.025246528783195,-0.4124510782113653,7.72198335887127,4.2778015366195135,1.9527823357307053,1053.4621660037055,1071.4050710821011,1056.0133665968287,1054.36473626554,32.91800304367051,389.13788637876786,287.38478021026674,343.4489629939042,148.80817260143715
48.0825,0.0973455275119494,0.047071590520038,-0.9939175831192538,0.0181689794763127,0.0201402009475273,0.0241190731990731,0.0012442582090853,-0.0001322419714606,0.0634519635309737,0.9979839533102592,-0.0372448017570155,0.0045638205416219,8.63188320083642,-0.0073811663261538,0.0252675036085447,-0.4154503373168391,7.721952288272968,4.2778670794081535,1.9517446678847383,1053.370855280373,1072.1034442104974,1056.628986090199,1055.0519099441265,-111.54577516070935,196.65815719858017,213.2555633521679,219.38789023236183,148.8055342230379
48.085,-0.0157366698161459,0.0275374168694688,-0.9141178415017948,0.0195384206756478,0.0201598727569382,0.0209826715739783,0.0012420474749497,-9.720794502125533e-05,0.0635074219188652,0.9979804274769384,-0.0402407245437155,0.0011256554866386,8.632903649591286,-0.0074388548935217,0.0252781788475016,-0.4184412613513573,7.721919448330626,4.277931819011588,1.9506990405789173,1052.9044371279017,1072.3883618680948,1057.07964441359,1055.4616757167023,-247.73228000658284,41.543808837597275,140.1919693942911,116.06800929159004,148.8028657489646
48.0875,-0.2102223311378052,0.0022119315578748,-0.7501495994134925,0.0207673974336305,0.0202225113510764,0.0175625665305913,0.0012288125987958,-7.18911141981821e-05,0.0635690563904055,0.997976525678907,-0.0428897110751496,-0.0024145672748799,8.634406655865348,-0.0074996234890806,0.0252825505896172,-0.4214206757102338,7.721885335056218,4.277995739133746,1.9496459666402937,1052.1321938803412,1072.3111632546852,1057.32994593717,1055.632249990584,-369.16127466110294,-116.2728685237058,38.391575175117765,22.94021106630416,148.80017742383313
48.09,-0.4772402353254408,-0.0391073517352111,-0.4898793585032146,0.0215756275066218,0.0203184895479488,0.0144046619642406,0.0012101684435993,-5.447568907726661e-05,0.0636318261800147,0.9979725592493142,-0.0452147630397331,-0.005899159304545,8.636378452769671,-0.0075603919345941,0.0252772495900818,-0.4243864647249563,7.721850716539256,4.278059210133842,1.9485861412046,1051.0586307545952,1071.806997525476,1057.2716022894658,1055.576376772034,-512.2004489613681,-307.91583093394075,-109.3422366495256,-49.67750543407606,148.79747169007544
48.0925,-0.8182044387572109,-0.1170331313887104,-0.1034478911130079,0.0205698369059728,0.0204115921727136,0.0121487997095125,0.0011940188558828,-4.319142663443252e-05,0.0636906739077111,0.9979688387815484,-0.0472395501984898,-0.0091352359511079,8.638799999692178,-0.0076193686193426,0.025257095212756,-0.427337090834167,7.721816646744144,4.278122473705124,1.9475198886987144,1049.571191635533,1070.7715841000147,1056.783234753922,1055.3838624634132,-551.9960633741466,-433.61874001669423,-251.40897025817267,-70.58018812592361,148.79421358153272
48.095,-1.0566266257109949,-0.2099608300290984,0.2329498564834202,0.0171248940703173,0.0203902550468331,0.0124569969475416,0.001186817196718,-3.6650897283000975e-05,0.0637421880025662,0.9979655728100024,-0.0489849183317118,-0.011960300078246,8.641648639016877,-0.0076760246365688,0.025218235398639,-0.4302712904205176,7.721784083660318,4.2781855073967625,1.94644653237232,1048.298650437727,1069.6389038253944,1056.014557438176,1055.2234758314048,-484.9107945178978,-477.68029037027304,-375.12116889282794,-46.56828943841337,148.79149596801253
48.0975,-1.1772522387301472,-0.332026121045359,0.5196626883694488,0.0114510455877051,0.0201177263258528,0.0149907990993543,0.0011887802101584,-3.14917926069846e-05,0.0637871387882809,0.9979627095289236,-0.0505131105455898,-0.014322774381372,8.64489957571172,-0.0077284938264291,0.0251621913089284,-0.4331878110661713,7.721753470356827,4.278247989883753,1.9453643723671423,1047.1466376629423,1068.383182648162,1054.907628909457,1055.1510210162212,-451.28736712349206,-535.0712192546316,-542.7975822230516,-5.632951839967819,148.7887843057356
48.1,-1.148589200515111,-0.5045516073907834,0.750158657481184,0.0044489684135132,0.0192713357657155,0.0190690400175919,0.0011988849479391,-2.661153023726409e-05,0.0638278663072529,0.9979600991776107,-0.0518477711761536,-0.0162012287085386,8.648527388769873,-0.007777333887914,0.0250918018411726,-0.4360856772342195,7.721724531514309,4.278309513320031,1.9442727541601643,1046.0422136021084,1066.96354772912,1053.3005695270595,1055.1953110722047,-346.7345167834053,-470.8082288043632,-612.4540376522532,34.01356680595565,148.7855476004634
48.1025,-0.9956203787028292,-0.6597565269112818,0.8311097161828856,0.0002273864511558,0.017964140146959,0.0222917849549163,0.0012161932138462,-2.401427761461948e-05,0.0638655953996677,0.9979576639622632,-0.0529564626288646,-0.0175830123062334,8.652507680650844,-0.0078262700973886,0.0250099833758297,-0.4389644974763753,7.721696596338765,4.278370256834178,1.9431722026470624,1045.412965079027,1066.0291415041424,1051.8453587211984,1055.3210888502508,-187.5510170078492,-285.8213484354467,-575.2801939803488,58.65034050668056,148.78287238282147
48.105,-0.7663615300688692,-0.8117394572962157,0.8039542197080793,-0.001722532440902,0.0159331151374095,0.0248122617420576,0.0012369999599799,-2.7360460910187145e-05,0.0639027046087683,0.9979552560141896,-0.053777692898893,-0.0185119827930241,8.656818652067235,-0.0078805146356328,0.0249220748411131,-0.4418246294468467,7.721669431909508,4.278430954593411,1.94206415892741,1045.1044585170687,1065.534440986942,1050.4241685571562,1055.4885627747385,-68.62585634358892,-91.54999270522104,-584.5127470488217,71.11377236488806,148.78022882042416
48.1075,-0.485926601085429,-0.9750743816289448,0.6749288813290104,-0.0019689422238313,0.0129045236979692,0.027039186442104,0.00125794291289,-3.852265877094684e-05,0.0639415862563234,0.997952727247716,-0.0542763235613391,-0.0190311428076273,8.661442208410891,-0.0079438279413921,0.0248328915858937,-0.4446675414887479,7.721643046572337,4.278492225244505,1.9409503482185124,1045.0698357973088,1065.571391540616,1048.9227949859528,1055.6766577120754,32.35459088176172,119.42964971651185,-497.86597096572024,60.73885769902585,148.77710285550648
48.11,-0.2982264866997706,-1.0888414917844405,0.5123688722426315,-0.0011443113893226,0.0102701619080621,0.0283724146022925,0.0012749878645819,-5.8114521956778715e-05,0.06398518573718,0.9979498962346792,-0.0544353961865275,-0.0192006114540297,8.666365112778454,-0.0080187093389597,0.0247476942441297,-0.4474956769288319,7.7216173401043395,4.278553892567138,1.9398318920038145,1045.266231471477,1066.131589235524,1047.93483870233,1055.7922570632331,107.716623790829,313.7546243923893,-326.41946434393174,36.15464459865476,148.77454325816825
48.1125,-0.1925230058541363,-1.176738763455349,0.32248947962714,-1.1020459636678908e-05,0.007492867740294,0.0292170853345345,0.0012848591548638,-8.183716074466249e-05,0.0640358843030184,0.997946617506198,-0.0543180530010691,-0.0190687019263615,8.671579376496334,-0.0081030761750818,0.0246707576585368,-0.4503123128257645,7.72159221038455,4.278615075256058,1.93870935040596,1045.6084189162632,1067.1401646625789,1047.2906976642323,1055.8574309350688,146.2022719852191,450.6619681172619,-195.73541820649544,21.22659698128524,148.77203849890205
48.115,-0.1585155939870624,-1.242880742110467,0.1307099203061374,0.0009256816111378,0.0045584181146775,0.0295854431972486,0.0012871089138262,-0.0001034992907334,0.0640921253556975,0.99794299525971,-0.0540138136251138,-0.0186393075912332,8.677082496169511,-0.008193023959886,0.0246035971318857,-0.4531211812512432,7.721567974828707,4.278675808242697,1.9375837997666272,1045.9972428314038,1068.3848990761114,1046.9561616112967,1055.8983900481398,149.55594739380973,516.408556201592,-58.30287908707606,19.036703012597204,148.7695847432169
48.1175,-0.1923414079290485,-1.2833665924541995,-0.0408571938556528,0.0011436005317629,0.0016989735366573,0.0293410510208398,0.0012862770534789,-0.0001204903651784,0.064149950700526,0.9979392808558124,-0.0535424177627347,-0.0178399376893401,8.682877174223105,-0.0082876735836275,0.0245432181635081,-0.4559259266944497,7.721544583561994,4.278736554595547,1.9364551852059184,1046.3561986532316,1069.7222074435845,1046.9991832687972,1055.9526144501317,133.9138492805202,565.017354429876,103.49098372779896,39.49509239071429,148.76719888232347
48.12,-0.2689497037062921,-1.3018434721305177,-0.1996705243031653,0.0003830537175645,-0.0017068391947247,0.028372561262896,0.0012884277392378,-0.0001365332531097,0.0642039629280666,0.9979358122370452,-0.052811035199865,-0.0165841045227079,8.68897028229199,-0.0083913923884764,0.0244853095793081,-0.4587292936610986,7.7215221165415615,4.278797673551213,1.9353217564521947,1046.6668120778068,1071.2099858482622,1047.473616529936,1056.0958655100935,87.69177470617312,502.35278220240383,240.90320947313057,72.98139196792268,148.76442223273082
48.1225,-0.3281197539114877,-1.2889666093129877,-0.2814581233824118,-0.0009833595964108,-0.0047359617007946,0.0271152452285492,0.0012948226307396,-0.0001514796625031,0.0642514774271983,0.9979327575593172,-0.0517995276035886,-0.0148689533200951,8.695370545741566,-0.0085038383685087,0.0244295305653393,-0.4615325728091592,7.721499070449981,4.278858777885217,1.9341811865637484,1046.7946575267626,1072.2339713545975,1048.2036993161635,1056.3175214099715,26.11371273089945,349.4521636464464,355.77910286602287,113.56264417150992,148.76218584621924
48.125,-0.3475704279914851,-1.2403632594405296,-0.3072919565189981,-0.0029052117594893,-0.0080085045988016,0.0257360415157417,0.0013040088098067,-0.0001667058893027,0.0642905510229049,0.997930240974887,-0.0504662825502652,-0.0127449869473463,8.702086654666772,-0.0086250230249745,0.0243780249867831,-0.4643354315420951,7.7214739978305245,4.278919106095124,1.9330321070243863,1046.7973806414611,1072.957246666493,1049.2525120442647,1056.6636787309503,-13.164097795027523,245.0670224312444,525.1126927161978,176.8666159294088,148.7600361631263
48.1275,-0.3031974654928074,-1.135390147175198,-0.2837558698033404,-0.0049336927102828,-0.0116999948905097,0.024531875622429,0.0013149352322943,-0.0001832895793758,0.0643231126630243,0.9979281374168812,-0.0487778423488099,-0.0102594626937607,8.709124686762078,-0.0087538317728789,0.0243325270754948,-0.4671362005792883,7.721446821079646,4.27897889481702,1.9318742134747993,1046.7288370377876,1073.4593064667529,1050.829262779742,1057.2018544896175,-20.198878152894974,127.269459342759,620.0772311872254,209.52970755459512,148.75756370225784
48.13,-0.2082180571181547,-1.008692586133444,-0.2328227719161753,-0.0056400543258556,-0.014340317701117,0.0240544277844489,0.0013261499336195,-0.0002008281920268,0.0643503080200223,0.9979263739564048,-0.0467318446144144,-0.0074689268113457,8.716485702124979,-0.0088873607370262,0.0242949241242683,-0.4699321033179431,7.721417787750725,4.279038886747178,1.9307073318420305,1046.6963862506966,1073.593593963207,1052.3528982002024,1057.711327268724,15.721251960022668,4.786665499429826,634.2490453800958,202.90761759514305,148.7555974394926
48.1325,-0.0595755939119927,-0.8434881849594132,-0.1673773735094897,-0.0056555439179055,-0.0166600435285099,0.02391305335689,0.0013391739837872,-0.0002203361949003,0.0643735779474887,0.9979248552585008,-0.0443041145045642,-0.0043833421065134,8.724163568550093,-0.0090240203434779,0.0242643028510938,-0.4727196462534903,7.721387189795453,4.279099510973249,1.929531675207028,1046.8074432975875,1073.48323979425,1054.000508006644,1058.216392577594,106.72924814885548,-90.50525272731693,726.1330057937139,205.05125206500912,148.75373436539294
48.135,0.1750890710523454,-0.605406781326937,-0.0879249164969655,-0.0058238631982594,-0.0188547493968671,0.0239832565253071,0.0013552005284807,-0.0002438238326277,0.0643949726557116,0.9979234477572034,-0.0414605519111516,-0.0010226172726525,8.732143189224841,-0.009163165823679,0.024240075857247,-0.475494752283839,7.721356034856842,4.279160557790196,1.928348058323586,1047.2300324914404,1073.1410676995708,1055.9835632291677,1058.736583529048,214.47559203937027,-149.82554594927544,706.6210922092546,167.27750011264644,148.75162402760793
48.1375,0.4134789807667521,-0.3787860624222776,-0.0276312327262679,-0.006260190793226,-0.0200928848685356,0.0242487012629003,0.0013720863050625,-0.0002693100493482,0.0644146247610306,0.997922147050498,-0.0382482474459435,0.0025366588242149,8.740399148298993,-0.00930040126271,0.0242246117082795,-0.4782529372053375,7.721325528036611,4.279221977939951,1.9271572904209673,1047.8798212577851,1072.7341120645033,1057.5336134676922,1059.0527800781576,323.1558918797584,-176.9220025627878,575.220366592636,97.72595045764777,148.7499740864018
48.14,0.6800105018997582,-0.1299270727557257,0.0250382496080409,-0.0064221703032135,-0.020771252324429,0.024590791650143,0.0013876900890881,-0.0002922261417212,0.0644329898742391,0.9979209285788788,-0.0347679818752284,0.0062180538675439,8.748894937999301,-0.0094288577825293,0.0242203041116683,-0.4809895591614504,7.721295749501462,4.279283569021765,1.9259586873524288,1048.84581195084,1072.2564576867564,1058.8596650621323,1059.2252132813367,483.8056738470494,-215.23592095460597,511.41408331155753,48.311259131422325,148.7484417177023
48.1425,0.9864878519308774,0.184737644957193,0.0854990319264981,-0.0048200633220199,-0.0210046619192183,0.0246445907742263,0.0014027470243947,-0.0003097240604973,0.0644536979011098,0.9979195581646724,-0.0310959604174939,0.0099910027776488,8.75758270856296,-0.0095431822990615,0.0242271344817859,-0.4836999862410174,7.721266625901434,4.279344714131544,1.9247506678447048,1050.298849627018,1071.6579324597312,1060.0906838842477,1059.2943363738143,562.4351977910769,-215.39731446635307,383.0716909719144,13.0122128387872,148.74674368278994
48.145,1.1821315324603228,0.4507591975223926,0.1397938438529499,-0.0012993552874265,-0.0206817056578967,0.0243300026961943,0.0014175451210813,-0.0003195529994945,0.064478997848364,0.9979178916694644,-0.0273072275674462,0.01381430478605,8.766403818112321,-0.0096383802839314,0.0242456262760309,-0.4863797281736477,7.721237783175293,4.279405084449443,1.9235335169312888,1051.6579879397968,1071.179471114424,1060.7750235169929,1059.2902743455306,544.7895122620989,-176.23214058585367,201.2414153377329,2.072585260974696,148.7454487737381
48.1475,1.260234253645054,0.7037911588494591,0.2000093775839655,0.0037642120378829,-0.0196569527746209,0.0241416300830693,0.0014356126632569,-0.0003227862848042,0.0645079239055252,0.9979159865546174,-0.0234235590038914,0.0176980281602925,8.775289550333932,-0.009712736775435,0.0242732871369719,-0.4890249012310748,7.721207883986883,4.279464562124937,1.9223084561909625,1053.02279718833,1070.7767717568015,1061.096890960937,1059.3046993001194,523.3945309051009,-140.06393945727729,72.84388764248693,20.758856846233137,148.744280819498
48.15,1.2178375144691176,0.9284690847629576,0.2591862241499249,0.0090642172234587,-0.0178672388767336,0.0244751159331882,0.0014592682908513,-0.0003214825029695,0.064541736325071,0.9979137583085744,-0.0194582134352799,0.0216290698883501,8.784163009521041,-0.0097651111920937,0.0243087125559274,-0.4916323460336167,7.721176208442115,4.2795227605104005,1.9210763647186988,1054.27496059432,1070.4791514171384,1061.1392429552047,1059.3940686297617,449.34092294456354,-84.74168092361863,-41.060185672474205,64.41246149903579,148.74321906446795
48.1525,1.0358265992915865,1.0939600670974023,0.3039490498731841,0.0134610988407145,-0.0149919973717204,0.0255013073600344,0.0014859562794339,-0.0003172509161026,0.0645814832858459,0.9979111423559603,-0.01544428487493,0.0255089595641899,8.792941774711212,-0.0097936383836752,0.0243549400414293,-0.4941996274313231,7.721142054258654,4.279579815205356,1.9198379244221713,1055.269501803054,1070.3530633521832,1060.8915900325744,1059.6267616076148,358.6358240921056,-7.184969742089341,-161.88930930453256,141.47478258548327,148.74228554711922
48.155,0.7019551497922489,1.1956392478092395,0.32606087508603,0.0166236299426904,-0.010470236913818,0.0271044227747528,0.0015149170217252,-0.0003095897129463,0.0646237880795176,0.9979083564322077,-0.0114553395447059,0.0292733690956087,8.801539963627004,-0.0097950268497753,0.024412614046552,-0.4967254244891115,7.72110513698027,4.279636421088677,1.9185931908095797,1056.0681397147814,1070.443226568428,1060.329796408682,1060.1014425426895,224.72330275006672,77.55339064331342,-240.14926137500893,204.5026319382073,148.74131261721635
48.1575,0.3769131776470759,1.1892062749009926,0.3138058930699546,0.0173421737962789,-0.0064528608523991,0.0283517749269459,0.0015462322402815,-0.0003002615494222,0.064669126855485,0.9979053666664262,-0.0075271466155594,0.0328713555540709,8.809871217337092,-0.0097687771817582,0.024481236634185,-0.4992093930992558,7.72106649435968,4.279693705806769,1.9173412197549415,1056.393118316803,1070.7408303053994,1059.6908437257005,1060.6492747673049,71.46207767346804,168.74116575791513,-280.3455308217893,241.2384057577713,148.74062302861984
48.16,0.0614589301528771,1.094108146318873,0.2734542818502873,0.0163942508593112,-0.0030805992601759,0.0292499388648553,0.0015793535552702,-0.000289974083321,0.0647193976008909,0.997902049939868,-0.0037154529545243,0.0362441222653318,8.817852043992014,-0.0097142656126124,0.0245603859478251,-0.5016522479663229,7.721027251570706,4.27975240440335,1.916081650967632,1056.4254501031487,1071.286932397218,1058.9280687545722,1061.3076345714787,-24.64221221761012,300.2490114558724,-352.5887273607638,298.3719265386591,148.74005639992563
48.1625,-0.2600814516478461,0.9034255918429132,0.204078093162153,0.0142031720211432,-0.0001067792171854,0.029905040601855,0.0016139096505346,-0.0002799802806933,0.0647747874339153,0.9978983955144408,-6.475792438148317e-05,0.0393383002527746,8.825404923675139,-0.0096327110434669,0.0246490919472272,-0.5040559337671561,7.720987998524824,4.279812599955816,1.9148151262266828,1056.2699072557152,1072.2420753626795,1057.9279000888955,1062.1411343999987,-64.10750701530934,400.0062681925101,-372.0171353261521,299.1783438919803,148.73951460783678
48.165,-0.4683964747742943,0.7048091985607721,0.1384355783621239,0.0122932181539308,0.0015777146898099,0.0301705435061326,0.0016469726534747,-0.0002687002257254,0.0648334832197234,0.9978945287254076,0.0033316101369097,0.0420624980641059,8.832461983657137,-0.0095236615782162,0.0247485357449292,-0.506423732047898,7.720948899368109,4.279873501501248,1.913542928730464,1056.1049125680727,1073.2869637381787,1057.0679830779432,1062.8035262909375,-45.19703585208352,464.3061096147346,-337.4625957801165,243.4234790825149,148.73917540133152
48.1675,-0.62259528695884,0.4921501198532522,0.0746350904489013,0.010690240596505,0.0026074677172278,0.0302523192210357,0.0016732098775203,-0.0002505001827649,0.0648910332577823,0.9978907518580526,0.0063124132473112,0.0442920077243541,8.838968068354973,-0.0093837316956038,0.0248619790431371,-0.5087603256726797,7.720909951032397,4.279935184903906,1.9122666551402785,1056.0439220764547,1074.5636059107544,1056.2405871099943,1063.358251795412,20.351285420509655,598.4701827616512,-340.3724257622876,207.20656864699177,148.73894960847176
48.17,-0.7683668583311379,0.2455669712991989,0.0084514897694102,0.0088684311478981,0.0032153078315564,0.0302398290514611,0.0016871285883644,-0.0002244655884043,0.0649433072692647,0.997887344354562,0.0088084834676102,0.0458987037014109,8.84488244311395,-0.0092154453752408,0.0249932371062971,-0.5110715488772689,7.7208716922133585,4.279998164062479,1.9109872938844117,1056.2066689951753,1076.2793146519884,1055.3661209491308,1063.8395591341728,106.91471732339498,639.3193432589572,-288.62947051442336,141.5884900968118,148.73880647043828
48.1725,-0.8751261351028322,0.0600797387236797,-0.033959413391684,0.0074260379466625,0.0034570870705654,0.0301842145235121,0.0016902970378809,-0.0001946297363744,0.0649909870239619,0.997884255896626,0.0108580705817097,0.0468784262376863,8.850179211290959,-0.0090277624683922,0.0251394789906912,-0.513364398843341,7.720836208429636,4.280062437188453,1.9097056661003,1056.5784956630712,1077.7602026270463,1054.7974397574235,1064.0661942458955,196.00692433717967,572.2298544343431,-181.69093698611303,54.82641385344247,148.73879151250387
48.175,-0.9825278553845364,-0.0936517714376988,-0.0593886291228653,0.0061498131573041,0.0036242146940548,0.0301058629081126,0.0016871006226365,-0.0001630333496643,0.0650321381671896,0.9978816020373482,0.0124802274071676,0.0472850240351286,8.854849254236097,-0.0088289189062691,0.0252949367270823,-0.5156465200200516,7.720804107321197,4.280127737252039,1.9084218491123053,1057.1867036168617,1079.1404639241616,1054.4576662641998,1064.1136912034403,274.14584740481206,511.89659436391776,-92.16564507578201,-6.578749425394835,148.73888249508303
48.1775,-1.0935093984628164,-0.2125345365534944,-0.0679140650685111,0.0048137306540507,0.003553379918427,0.0300080168007526,0.0016798689647676,-0.0001321857106273,0.0650654561574867,0.9978794619949872,0.0137138368908784,0.0471415261225162,8.858901082753649,-0.00862801652471,0.0254561561737565,-0.5179253832433589,7.720775669514226,4.280193544770584,1.9071355049295693,1057.949224900096,1080.3196855988672,1054.3366115320443,1064.0333004987683,327.15554851759146,399.3761196962162,4.931580412362502,-53.51527499488249,148.739059777618
48.18,-1.1968938980525985,-0.2754192249663324,-0.0519405228503317,0.0027609824249731,0.0027839412104601,0.0298733098105554,0.0016691644343395,-0.0001046864261285,0.0650943592613849,0.9978776111572176,0.0146118139320273,0.046445435833726,8.862360103301299,-0.0084339419901881,0.0256217692856042,-0.5202077873083594,7.720751450550666,4.2802592772097245,1.9058464295261193,1058.822481359448,1081.137344522641,1054.4823241662616,1063.846114828466,389.17609071084473,255.93549818223076,117.89897859769889,-90.38124549710952,148.73933948413455
48.1825,-1.2796513927244324,-0.2674907241479328,0.001453271000742,-0.0008363453784927,0.0012288191964761,0.0296530940998337,0.001653503846474,-8.090211288685304e-05,0.065123240395721,0.9978757658050196,0.0151983612777763,0.0451668441532044,8.865267219235365,-0.0082525747145301,0.0257924979403498,-0.5224994089834993,7.7207310569759935,4.280325091394642,1.9045542222022955,1059.8951053536512,1081.5993630897788,1054.9261064250331,1063.5813942712828,384.39032671552354,77.45017226507701,196.73301588431,-90.23878569823793,148.7397915303011
48.185,-1.2859452959903315,-0.1834971107594737,0.0780449112722512,-0.0046998629465337,-0.0001843403960425,0.029425507969141,0.0016323425676833,-5.73760152641112e-05,0.0651520245227991,0.9978739318736382,0.0154419199838877,0.0433036879532588,8.867676108040364,-0.0080850263155183,0.0259677474511616,-0.5248045591936068,7.720713098269503,4.2803914319412995,1.9032574584572228,1060.7444329930267,1081.5245953839665,1055.4659892456837,1063.3949208999747,320.2560689707027,-119.90425353103085,235.307328563554,-53.13502911554055,148.7402634949979
48.1875,-1.2006844800360084,-0.0222774831884803,0.1886323945146479,-0.0092144667928499,-0.001354746033068,0.0292034982364975,0.0016076607255828,-3.2044452909126205e-05,0.0651793904267641,0.997872192120482,0.0153474901874453,0.0409038906278922,8.869649718285022,-0.007932564380199,0.0261442501138356,-0.5271258787295257,7.7206962805627555,4.280458535163672,1.9019546813477832,1061.4963856985032,1080.9998418221244,1056.1026430678498,1063.3157191257053,304.97770834636407,-314.0042899125674,284.51792029971733,-0.1668241195149374,148.74083169844675
48.19,-0.9866491912861552,0.2379973420023363,0.3523228079673163,-0.0143529154900254,-0.0020346549353568,0.0291005658845957,0.0015795663610503,-3.7213383482380815e-06,0.0652058930870629,0.997870510084362,0.0149401685232316,0.0379881916764663,8.871257740650758,-0.0077954023000732,0.0263206569971869,-0.5294640525344294,7.720678943735545,4.2805258648976245,1.900644581431321,1062.2693215347572,1079.954573934405,1056.8885788471807,1063.3940867793772,264.0134917705396,-429.458659082737,281.75093413628156,57.74732784004074,148.74162100797355
48.1925,-0.733648056412881,0.4818750353895095,0.4995041321581173,-0.0172772649407786,-0.0015259293711748,0.0293544806708888,0.0015502916709134,2.7231164614446488e-05,0.0652309153483458,0.9978689230111536,0.0142783552270185,0.0346206039675457,8.872572638364478,-0.0076738636228442,0.0264933357265387,-0.5318181331677855,7.720659562096562,4.280592867175584,1.8993260065495097,1062.8164531573564,1078.8525485267096,1057.511397738532,1063.6044557649057,202.2512120542944,-456.60723790228366,236.06789395341113,104.46991808675304,148.74236506213637
48.195,-0.4462102380987738,0.7102620053601755,0.6276423238650625,-0.01831241946404,0.0006660541744183,0.0303162938597404,0.0015241187468485,5.957393565860375e-05,0.0652531141081489,0.997867511975,0.0134389366119456,0.0309081244810522,8.8736666308516,-0.0075678989149117,0.0266563206267249,-0.5341858622576406,7.720638016426663,4.280659349336283,1.8979986362632124,1063.2805775950292,1077.6715377448925,1058.0689183169486,1063.9164363698112,183.03504630255975,-501.4508724599194,230.06314963861772,139.30107384475315,148.7431942206285
48.1975,-0.1167662886744937,0.920759697429304,0.7125077129325799,-0.0182602598950014,0.0048257876545557,0.0326928476159758,0.0015017896392784,9.460744589353086e-05,0.0652739327884174,0.9978661804809612,0.0124479279385635,0.026905655670767,8.874609922741044,-0.0074732141295387,0.0268069861186059,-0.536563857367826,7.7206143671413905,4.2807253746244065,1.8966624668848573,1063.7316283888683,1076.3452941644123,1058.661713486724,1064.3009611341288,139.1978800944541,-447.9752391306629,207.52843972143927,125.0535883937388,148.74428167666287
48.2,0.1119227928419423,1.0259551498036403,0.6914234647078921,-0.0175315466198922,0.0085885896814697,0.0356933762872125,0.0014822577706054,0.0001329678370664,0.0652959545235187,0.9978647608099488,0.0113366581280991,0.0226435446543252,8.875467913012281,-0.0073852284689926,0.0269443611142787,-0.538948086151493,7.720588451779729,4.280791525633343,1.8953172152714848,1063.9765669955016,1075.431661549238,1059.1065605155563,1064.5417043117802,53.53834455924687,-302.39650828000765,170.84385315847967,63.928435589708926,148.74526014120548
48.2025,0.2661437251505782,1.0625160157485767,0.5482720212983319,-0.0160359168613354,0.0114386209632706,0.0392510825806222,0.0014621712836516,0.0001733494305106,0.0653237069004166,0.9978629620283956,0.010162027034692,0.0181168666849852,8.876299475952651,-0.0073007511568071,0.0270697989970514,-0.5413342693469894,7.720560100689928,4.280857980110415,1.8939638221388324,1063.9993201116647,1074.8333116230115,1059.5159327525168,1064.6206033120775,-41.398769786102456,-172.10991243334513,157.83797076110915,1.4588912175454052,148.74630757032813
48.205,0.3495574816030145,1.0574126488755506,0.3046454187878859,-0.0140323865214544,0.0132674881480167,0.0425446010561944,0.0014390368633735,0.0002149398349078,0.0653608979814115,0.9978605459595716,0.0089656062923801,0.0133442339187181,8.877155739787776,-0.007216136662685,0.027183415898198,-0.5437184870527765,7.720529248346445,4.2809250692298795,1.8926034936783664,1063.7695731465715,1074.571111987072,1059.8957503693612,1064.548998767868,-162.23632827796675,-9.383262631440376,141.3740977060756,-55.12116689375852,148.74740793022286
48.2075,0.3540363887849217,1.017963737474591,-0.0266240150045655,-0.0120490970024012,0.0145664313815679,0.0444663221653641,0.0014140207629267,0.000256862752364,0.0654056978920302,0.997857631032634,0.0077860124680186,0.0084165385052235,8.8780794929863,-0.0071287331467968,0.0272810713490404,-0.5460975774036833,7.720495975895267,4.280993371443748,1.891236321286036,1063.1881384702747,1074.7863953098542,1060.2228032410476,1064.3449974776083,-333.1331375633114,214.52704300757367,124.42412925227472,-91.47957608733901,148.74856754766216
48.21,0.2995215544889456,0.9327151407678452,-0.4456666726828684,-0.0109082266441276,0.0169160339787037,0.0438453703146376,0.0013914940812953,0.0003005178584491,0.0654526240700711,0.9978545696089256,0.0066173773638365,0.0034905668808433,8.8791057095839,-0.0070345547984876,0.0273547999114364,-0.5484693121100397,7.720461513591072,4.28106367368909,1.8898628575642449,1062.103907458754,1075.6437472021105,1060.5178710156229,1064.091600887431,-446.4518486580768,410.69843059063777,86.08202669864666,-66.23152223607234,148.75002240564203
48.2125,0.2361622822751625,0.820523780003321,-0.7428996892644829,-0.0113073542035137,0.0197523737518843,0.0406597754946917,0.0013755650584294,0.0003475360843705,0.065496702746506,0.9978516820060288,0.0054424891095199,-0.0012763981080476,8.880262399744723,-0.0069302431960225,0.0273970020412343,-0.5508322684456262,7.720427183847319,4.281136269114169,1.8884834412020692,1060.9558792269863,1076.8398874628056,1060.6532133745404,1064.0138398664285,-479.75979222117536,559.2524695260048,25.687462961955635,29.227114771204977,148.75128428572592
48.215,0.1848967029065415,0.6571417249415409,-0.9175433967106849,-0.0122760661730889,0.0225488905788465,0.0360923548033219,0.0013676824526085,0.000396965825588,0.0655354663261198,0.9978491290328012,0.0042808895551719,-0.0057741965976992,8.881571445260784,-0.00681594197795,0.0274036402359561,-0.5531856820727786,7.720393585184019,4.281211096460597,1.8870984681054292,1059.7051084976467,1078.440009549742,1060.6463083304327,1064.237736461287,-531.8065129648866,757.3275531421805,-37.99933490556998,193.2831874028955,148.75259428760467
48.2175,0.1466975861171925,0.4104138270899392,-0.9513253253510344,-0.0130748394998089,0.0247840938946022,0.0310395496156902,0.0013649778735581,0.0004456565916286,0.0655698327088472,0.997846855593174,0.0031812779026255,-0.0099709732113183,8.883049596491729,-0.0066946669746282,0.0273764452465788,-0.5555293351658904,7.720361596916295,4.281287541417496,1.8857088111163127,1058.2968466621603,1080.6265252285184,1060.4632167000125,1064.9802558034435,-471.233147950735,808.6601090247847,-94.04698291777463,355.68710782354685,148.754218949061
48.22,0.1234224887948408,0.1802089490696673,-0.8397964420753103,-0.0131424003586206,0.0255172743524906,0.0277528304640944,0.0013665706269524,0.0004882977431964,0.0656006828867542,0.9978448078701468,0.0022293206046214,-0.0138037124879549,8.884709084798802,-0.006572764808409,0.0273162140163469,-0.5578637784480047,7.720331624601507,4.281364984630324,1.8843150898307597,1057.3489427578954,1082.483310094862,1060.1760734158443,1066.0161720004032,-305.7576861399666,702.7562532920044,-135.6332638085166,488.1646751708335,148.7556150712435
48.2225,0.084068571131889,-0.0496937459936449,-0.6171207645960538,-0.0121378779442775,0.0251902214804679,0.0255990225574764,0.0013737810025331,0.0005196846946148,0.0656289929874775,0.9978429230951152,0.00150904823325,-0.0171745671691431,8.886558730267526,-0.0064571712411467,0.0272225385886445,-0.5601901645026088,7.720303531121094,4.281442766189351,1.8829172076637977,1056.76805823146,1084.1403064949802,1059.7850503809696,1067.4210791792989,-158.67317310540852,635.334419343592,-182.6964329968607,670.0343838911732,148.7570536155101
48.225,-0.0065644138915902,-0.300030921991357,-0.2771950365146768,-0.0099073626426784,0.0238756125695342,0.0243596859121148,0.0013847724912215,0.000539231756948,0.0656558599400409,0.9978411322322364,0.0010177279196781,-0.0200434523764133,8.888605055170913,-0.0063496750446741,0.0270995186180705,-0.5625097860976964,7.720276715359648,4.281520062388132,1.8815141268657969,1056.555576892368,1085.6599821915815,1059.2625912508595,1069.3663439198608,-2.697259916933669,454.90164568791886,-188.17823517528103,726.171281976327,148.7588276711371
48.2275,-0.1184790692422942,-0.4770249248545874,0.0233438336906339,-0.0080361968193262,0.0224537792622783,0.0242810067026589,0.0013975329504526,0.0005508790770376,0.065681151756716,0.997839444632093,0.0006718954742514,-0.0223780219297553,8.890852537153066,-0.006247006711205,0.0269524413210399,-0.5648240527026291,7.720250127087395,4.28159603259047,1.8801057940567023,1056.7545719318753,1086.4148147234175,1058.844159205094,1071.0519355891772,136.79337193268387,183.73559609912868,-148.14835189746796,653.34340786447,148.76034514162424
48.23,-0.2366792044461337,-0.6188896534375407,0.2928880447785933,-0.0071163637280415,0.0210174901005867,0.0251493412857365,0.0014099033134193,0.0005559859606457,0.0657072202194922,0.9978377079948696,0.0004342020660156,-0.0241642175501315,8.893303432320751,-0.0061485002853086,0.0267882124920295,-0.567134258586856,7.720223602234189,4.28167021603842,1.8786932966475247,1057.2395437520315,1086.578660172078,1058.5218494913715,1072.6330609591848,219.9570001282848,-27.541538421505273,-102.48057799794184,595.2048854799298,148.76190247490996
48.2325,-0.31498718523265,-0.7341151519401813,0.504589267760115,-0.0075551141037995,0.0195699410025468,0.0268881026756442,0.0014178847454173,0.0005545962957686,0.0657377571923216,0.9978356849162626,0.0002896230826105,-0.0254369276413689,8.89595773983388,-0.0060546743301584,0.0266169790391779,-0.5694413351360926,7.720197969940568,4.281741836478901,1.8772776622191036,1057.8543569325172,1086.27710703131,1058.331756315104,1074.0279600165784,252.30122499806595,-211.37213433086012,-36.102268964838096,497.2867071330687,148.76349245988686
48.235,-0.2791434460995814,-0.8199702934692649,0.6174586253145687,-0.0102180195111459,0.0179852120676256,0.0294525558592827,0.0014202470216752,0.0005499791061285,0.0657733626603717,0.9978333353186666,0.0001707877063727,-0.0261942183239572,8.89881294203953,-0.0059626758383867,0.0264462350674055,-0.5717458519646839,7.720172982137779,4.281811038691978,1.8758584723431957,1058.5010498770207,1085.5217995004243,1058.3413381465475,1075.119494494848,269.4946128484375,-395.4761037451386,51.69067809099117,398.0996985376133,148.76512147605135
48.2375,-0.0386229264507623,-0.888157306685912,0.6212499285530527,-0.0152700564395797,0.0158477301057892,0.032907394776147,0.0014179999999632,0.0005447980353034,0.0658124312914851,0.9978307620321714,2.5683350346073636e-05,-0.026412065328245,8.901863257625497,-0.0058704921734047,0.0262813357616197,-0.5740475782020787,7.720147900548805,4.281877949752968,1.8744341197763443,1059.20182999676,1084.2997265125834,1058.5902097055591,1076.0184585092675,237.35961861154144,-465.12586886218594,124.5710773980408,256.0982255471171,148.7671211554781
48.24,0.3335515869960268,-0.9115044664460648,0.5202099358147894,-0.0192713455631324,0.0138994739647666,0.0356339347880866,0.0014133776334325,0.0005424822557645,0.0658539158694715,0.997828029963331,-0.0002077252022684,-0.0260610151197998,8.905099007866003,-0.0057752046537785,0.0261262333020756,-0.5763452507039741,7.720122488045347,4.281942195787522,1.873002375684225,1059.6878479700792,1083.1961701561124,1058.9641935335383,1076.399985622584,175.485468129978,-416.9584439495947,169.548377791552,72.69414857571309,148.76882486746203
48.2425,0.8247303205957883,-0.8909823921894758,0.3402713891216725,-0.0204648139472444,0.0117455938831059,0.0373348048556394,0.0014099039052962,0.0005454436873689,0.065895491852945,0.9978252878750739,-0.0005696626714926,-0.0251062834381913,8.908505850555006,-0.0056752353703781,0.0259831674054315,-0.5786366288564418,7.720097623282699,4.28200407584324,1.871561639690612,1060.0792573374092,1082.2149342928371,1059.437951594516,1076.3819292521457,160.40510770886593,-361.9149654378784,209.69477016754536,-101.16663873276875,148.77056728651206
48.245,1.4110358756902748,-0.8031393995312585,0.0880754513785168,-0.0165461252441555,0.0087867283412562,0.0372828659307704,0.001411148465979,0.00055191328663,0.0659363718249685,0.9978225846853872,-0.0010238015263454,-0.0235322539330137,8.912064188164774,-0.0055738468841983,0.0258540289605285,-0.5809187428168567,7.720074346767264,4.282063755463586,1.8701115025585335,1060.489873508624,1081.386595328922,1060.0126673843763,1075.89415242892,150.67819263746537,-223.99566044607488,196.42962207452865,-252.74005303818544,148.7727027091492
48.2475,1.7803052583207695,-0.6711656377186737,-0.1114855266735872,-0.0092151339378464,0.0059706725388495,0.0358028944634394,0.0014139216322939,0.0005598729869307,0.0659791949733041,0.9978197504242188,-0.0015352486625926,-0.0214568437332921,8.915749406473886,-0.0054739650135353,0.0257476762124906,-0.5831881214938984,7.720053003778268,4.282121008937446,1.8686526860959891,1060.8326483005967,1081.0949559906064,1060.4200997048893,1075.118228986954,148.8387754698568,-22.644125451481745,134.90062797057809,-373.64038943230634,148.7745189187866
48.25,1.9215631528517243,-0.4832077285848761,-0.2685362453007301,-0.0004086573368428,0.0034832990775215,0.033951011886748,0.0014167066935315,0.0005696409857528,0.0660269540897082,0.9978165876871792,-0.0021068820897842,-0.0189756017101725,8.919532243734128,-0.005375797532182,0.0256696584223392,-0.5854417576769204,7.720033195484698,4.282176482176936,1.8671866710361065,1061.2340673859724,1081.2733747016648,1060.6871705242288,1074.0259504817602,199.83950684099892,179.22185966029176,79.03451803315785,-524.8697249951646,148.77637242147392
48.2525,1.7896425603807087,-0.2214183757770366,-0.4011658578413256,0.0090816672494642,0.0016773200675711,0.032128238581168,0.001422956407895,0.0005793756465904,0.0660815381542946,0.9978129657682524,-0.002695882108646,-0.016104826447595,8.923379252123409,-0.0052822088108645,0.0256183344596701,-0.5876775572926405,7.720014215667095,4.28223129581536,1.8657143896968509,1061.831845834801,1081.991065288907,1060.8152722950547,1072.4938803619807,241.31547846369745,328.38393565449707,16.49949288156742,-571.0026129435653,148.77863842841745
48.255,1.455780785195608,-0.0064040837737356,-0.4750236817092015,0.0150613429623022,0.0013848592692166,0.031113261528137,0.0014356509625661,0.0005855596978206,0.0661404977390289,0.9978090428163539,-0.0032292478920055,-0.0128739792291885,8.927254050470722,-0.0051978377128914,0.0255909172828794,-0.5898942629635608,7.719994764862616,4.282286307795508,1.8642358042976976,1062.4406447782917,1082.915294379938,1060.7696679886367,1071.1709374170407,263.2484896113528,405.1584888238468,-43.16650468797499,-504.7668249987201,148.7805603807538
48.2575,0.9678638640420956,0.1601497451125969,-0.5282815666285645,0.0184312133152123,0.0023658265530537,0.0305170936079124,0.0014567165598296,0.000584119188033,0.0661999478830473,0.9978050746174724,-0.0036250265566538,-0.0093311936007128,8.931118798244373,-0.0051276235267236,0.0255840901761431,-0.592091564261636,7.71997384450688,4.28234202983946,1.862750844297422,1063.1480882828585,1084.016857733027,1060.5994397716147,1069.9700462369858,291.69200288078326,444.0595968878316,-82.45535095509916,-439.09377337839857,148.7825154384055
48.26,0.4280689461836496,0.2570300761324768,-0.5739924979160359,0.019533438511441,0.0042521320258036,0.0300639220299546,0.0014872781489422,0.0005721147100804,0.0662580559015365,0.9978011820447196,-0.0038226944288857,-0.0055334139036861,8.934935784662182,-0.0050748057651153,0.0255937289575384,-0.5942702397441383,7.719950928668019,4.282399416399056,1.861260922700378,1063.8991047926943,1085.1355923643753,1060.3573912338616,1068.9754685501507,296.72428281035815,425.44715347095064,-107.91643366154794,-332.09497913145526,148.78449636782128
48.2625,-0.0833929198080584,0.2507584234213632,-0.6110639223674779,0.01829246637782,0.0067404823011038,0.0294705519199588,0.0015266588360603,0.000550712431925,0.0663140750688339,0.9977974143561104,-0.0038378600841518,-0.001557504465512,8.938669097623247,-0.0050375805602329,0.0256160801908515,-0.5964321370838321,7.719926823381319,4.282459872507896,1.859768725279964,1064.631709696911,1086.1440935003832,1060.0598576033067,1068.3095713413277,297.57043269094777,397.92599571803856,-139.97655601162592,-208.42734637911485,148.7865062727821
48.265,-0.570173160215168,0.1316278562694537,-0.629791902108953,0.0148740592609591,0.0092300070599542,0.0281944409520364,0.0015733828713751,0.0005235236893487,0.0663672960118263,0.9977938183693073,-0.0037320301171059,0.0025182820500277,8.942285860193444,-0.0050113313365796,0.0256470877591304,-0.5985799256790882,7.719902631085309,4.282524005804024,1.8582748081770613,1065.3869569561496,1087.1252223429665,1059.657508453803,1067.9333318182548,242.72726549642604,317.6637260736404,-155.76653170861007,-67.36199013636666,148.78894838108937
48.2675,-0.8270215144095951,-0.0305424155419837,-0.603610133052065,0.0111579445535455,0.0099127322068994,0.0264421613733944,0.0016230578019894,0.0004931260099491,0.0664187403940116,0.9977903309532352,-0.0035533720640609,0.0065740959428372,8.945757308607492,-0.0049925456634144,0.0256857281462603,-0.6007164591326117,7.719878992900575,4.28259167129415,1.8567781796220255,1065.845346024392,1087.73241213075,1059.2810249447643,1067.972761390646,136.54853428263155,204.35342398626292,-162.72509657797715,86.03632760391666,148.79100596818793
48.27,-0.9127668759467704,-0.2042635248452044,-0.5086734090693316,0.0073100507636563,0.0086888619671236,0.0239595376507201,0.0016720599091737,0.0004609207859135,0.0664702363574716,0.997786835369787,-0.0033300618438751,0.0105150350781215,8.94905919253683,-0.0049792676736676,0.0257301495784665,-0.6028444939125569,7.719856568058093,4.282662542091217,1.85527740867801,1066.0696996275633,1088.1469894628983,1058.8438829709128,1068.3635134562746,40.6430630365568,148.54577599013868,-210.62513484446893,248.28149453547695,148.79308333619275
48.2725,-0.8388251593732822,-0.3679348514370592,-0.3011112005240117,0.0032364604791919,0.0059294184262128,0.0206808007871275,0.0017180635736462,0.0004260919253581,0.0665227731460214,0.9977832703017258,-0.003051382382591,0.014279516490207,8.952171852694644,-0.0049723348680322,0.0257775520762815,-0.6049664070106707,7.719835375168975,4.282736581757464,1.8537713871112105,1066.0485613395747,1088.475141010701,1058.2278992705415,1069.214168863324,-51.65487277058824,97.71300531669814,-241.94996991417787,370.2883846304033,148.79559443510348
48.275,-0.6664860562658687,-0.4425774042111577,-0.0603644912864342,0.0007135421591859,0.0035588115381831,0.0185508777308479,0.0017590170697247,0.0003892393203039,0.0665752271331832,0.9977797145152681,-0.0027342375371167,0.0178245804939737,8.955080236367385,-0.0049707958152493,0.0258255207420287,-0.6070840811490444,7.7198146683878495,4.282812946134441,1.8522599730519247,1065.8114252637104,1088.6355544894811,1057.6341331213428,1070.2149553794247,-126.25910392414788,40.540292588982254,-250.956627321474,449.77165159511696,148.79769854931564
48.2775,-0.439228408142609,-0.4494582134326236,0.2100110199974545,-0.0004706167998769,0.0017619588676904,0.0184137540583544,0.0017922561511563,0.0003532107394415,0.0666269225127557,0.9977762168928648,-0.0024393146527917,0.0211093557552489,8.957773573444273,-0.0049704998235488,0.0258734087112628,-0.6091988533341621,7.719793761666127,4.2828905840443205,1.8507438134363303,1065.4172658199539,1088.677842473646,1056.9731161339334,1071.463027121301,-185.2570112453084,-18.10224680497396,-297.3285694767426,583.7695958790133,148.79980985273562
48.28,-0.1785284204062615,-0.3976838215597195,0.5007490886361212,-0.0001745940265653,0.000398625264263,0.0208853134459335,0.001818033315682,0.0003181024391627,0.0666783652946533,0.9977727431238496,-0.0021777180717089,0.0241499604490253,8.960244192354496,-0.004970346482186,0.0259186968949603,-0.611311593155826,7.719772264615729,4.282969059967398,1.8492229452220377,1064.8851402074836,1088.5450432554564,1056.1474902739585,1073.1338033588215,-185.92273567499967,-89.39332856961246,-299.0143212239664,617.9838436902792,148.80234568486333
48.2825,-0.0185610973528576,-0.323825534066254,0.6716669198172536,0.001277669590329,-0.000182438136634,0.0240732980085836,0.0018375166783089,0.0002835558264928,0.0667327817749562,0.9977690756823904,-0.0019543310414307,0.0269838255142214,8.962487035952732,-0.0049693256637586,0.0259593538438692,-0.6134225642896342,7.7197508908095696,4.283047789081812,1.8476966834312727,1064.4876521415797,1088.2308758307984,1055.4780445278147,1074.5529463397495,-131.47554947784195,-178.02969412477964,-251.7445738989485,539.5032811838032,148.80445609272593
48.285,0.048096528467383,-0.2395660057612968,0.7423696770182925,0.0031525137023341,-0.0003853178851142,0.0271844552513593,0.0018506850300635,0.000252286341408,0.0667906734378603,0.9977651802386572,-0.0018338355665679,0.0296337168259672,8.964499323573119,-0.0049623596519193,0.0259961025576262,-0.6155313478493499,7.719729130804293,4.283125378691861,1.8461636410917943,1064.227762460094,1087.654894784832,1054.8887674044631,1075.831319764742,-74.47489297242838,-275.86261302007625,-213.5551577640216,462.4947049990077,148.8065581004608
48.2875,0.0341279705807772,-0.1581255440422561,0.7308280907677215,0.0046092736245595,-0.0004139376446835,0.0298320057852421,0.0018562330890752,0.000226064560724,0.0668505712444401,0.9977611572471726,-0.0018687053478174,0.0320984051606474,8.966279858653277,-0.0049452075323275,0.0260327980166041,-0.6176369166234557,7.719706171975954,4.283200618192808,1.844622610159509,1064.1152776767171,1086.8515627656973,1054.4102687389943,1076.8654198647455,-10.525580747444588,-368.7594194156816,-155.73961648379347,329.86573890309944,148.80864930426105
48.29,-0.0570769610309743,-0.0869691911400282,0.6386152930354598,0.0050962890253659,-0.0003567846379041,0.0317926148530898,0.0018530298077252,0.0002039252319006,0.0669122688019671,0.9977570235771582,-0.0020645369070141,0.0343739364379094,8.967828398139586,-0.0049168084044427,0.0260745596479234,-0.6197379987013067,7.719682167421917,4.283272495464225,1.843073422146034,1064.1751345563569,1085.8110976877551,1054.1100693220449,1077.480648459256,55.793408062316864,-490.8552337511754,-82.88710168194791,156.50437853688524,148.810723209182
48.2925,-0.2129875661635046,-0.0147261879200089,0.4696060728799776,0.0044946675028064,-0.0002870512475587,0.0332508322395741,0.0018392604712974,0.0001851777682159,0.0669759863718139,0.997752769323678,-0.0024340628564061,0.0364398930973703,8.969145722183793,-0.0048758123702822,0.0261281428658036,-0.6218334803489887,7.719657440165631,4.28334035618369,1.8415171782716624,1064.394244717029,1084.39728659694,1053.9958332305844,1077.6479417574303,93.2571695064758,-523.9325648223305,2.3646934328541374,-32.73575958408545,148.81318684184797
48.295,-0.348113483026883,0.0372717221423283,0.3071163886161319,0.0033041157341284,-0.0002594817303485,0.0337554511185326,0.0018183715062738,0.0001721380034298,0.0670406652263496,0.9977484598192764,-0.0030378340659308,0.0383677536438196,8.970232986547014,-0.0048180015504246,0.0261937548048379,-0.6239230991594157,7.71963157658476,4.2834046914585855,1.8399547610610731,1064.6414204038895,1083.1914348636424,1054.1218927892091,1077.3169696613354,96.58214823452595,-459.98667369341086,98.61743314750004,-211.56423553417116,148.81521563025396
48.2975,-0.4548945378441469,0.0855384817301313,0.1495346329086214,0.0018584045335496,-0.0002614338362257,0.033707995021267,0.0017964938595099,0.0001683741540649,0.0671044513844148,0.997744209215916,-0.0039543208267513,0.0402719731065394,8.971092225054969,-0.0047384290600273,0.026267750840193,-0.6260074983251069,7.719604882106464,4.2834665115785295,1.838387518190596,1064.8771554582013,1082.0973532284752,1054.4889203963214,1076.5901205797607,84.5006862184641,-427.98366393777474,219.90818006995715,-371.9576597506518,148.81721562673775
48.3,-0.5218334057175902,0.1431087057979607,-0.0128712301294313,-4.799019030713938e-05,-0.0002501045761925,0.0332725192101269,0.0017786743439136,0.0001754336626716,0.0671671484495791,0.9977400230405252,-0.0052237522357463,0.0422384288385961,8.971727157544276,-0.0046352798660123,0.0263471443808047,-0.628088032665791,7.7195776681867905,4.283527054789442,1.8368161813622688,1065.063923834982,1081.0515165439524,1055.2214336895595,1075.4571813625812,43.84367398922708,-325.8021494624852,319.1249851279922,-423.37227998774495,148.81957858726184
48.3025,-0.5121522907562733,0.19072840514322,-0.1184206291730577,-0.0018856290162536,-0.000165062160361,0.0327694101719886,0.001769907016166,0.0001899612860103,0.0672276163038368,0.997735969945486,-0.0067935761633354,0.0443400289870985,8.972143380590738,-0.0045139450989388,0.0264282657911741,-0.6301666868920638,7.719549752549772,4.28358800483756,1.835240678772727,1065.0963738281475,1080.468342481162,1056.084545321962,1074.4732591798208,-17.026844306535192,-167.91914228712622,396.8936910312976,-360.15575260699745,148.8215144234442
48.305,-0.4257852865652623,0.2330997011563131,-0.1914513688227976,-0.0039680237658661,0.0001070885200762,0.0320973151980481,0.0017685530431033,0.0002100026071782,0.0672832221739924,0.9977322291608156,-0.0086373694077817,0.0465274861176761,8.97234986721875,-0.0043787782641918,0.0265144522250307,-0.6322456476320673,7.719521741118969,4.283650410360324,1.8336617636144112,1064.9787896134494,1080.2119208325175,1057.205902144714,1073.6564025995478,-83.66710361642883,-43.860779785405,543.8335919755392,-285.3356105479993,148.82341313972117
48.3075,-0.2398215602335072,0.2664913625900291,-0.2465064921802632,-0.0059155546852856,0.000796831074797,0.0312805282217596,0.0017729079604595,0.0002338893828616,0.0673323814227077,0.9977289100226728,-0.010724877039746,0.0487467592330268,8.972358037174258,-0.0042349529329823,0.0266080965567056,-0.6343273960667652,7.71949474036335,4.283714909366633,1.8320803525367004,1064.6780383100652,1080.2490385822348,1058.8037132818413,1073.04658112708,-130.24842551597135,58.907211684178826,613.8301398449628,-151.04779803656587,148.82564614515528
48.31,-0.0334361761917236,0.2696047113897925,-0.2720383452782818,-0.0065253589090434,0.0017607846548309,0.0307452772607217,0.0017848882686633,0.0002593047677183,0.0673749394011747,0.997726019025536,-0.0129992566053658,0.051005399839279,8.972180880248724,-0.0040898643285545,0.026706272486499,-0.63641455299369,7.71946998036726,4.283782146546723,1.8304963504846088,1064.3275474858692,1080.5064568909384,1060.2750528439403,1072.9011636093646,-149.72866211392076,129.64512164801786,592.3565816023641,9.021573295066464,148.8274675272359
48.3125,0.1969223138594617,0.2375034764962532,-0.2851141883831518,-0.0059750296569919,0.0031230298924769,0.0303752474683249,0.0018044671166494,0.0002852702584925,0.0674134370849224,0.9977233836604092,-0.0154181875205967,0.0532767994977865,8.971833290016512,-0.003949809386691,0.0268078726374955,-0.6385092192998097,7.719448544080766,4.283851732311534,1.8289090052200467,1063.9293949994963,1080.8972641904743,1061.7654961898504,1073.0916889935554,-158.5818505178473,161.7332974203343,576.0011154654202,111.94307407628177,148.82924639171037
48.315,0.4252836363365222,0.1755250982005795,-0.2920980150475246,-0.0047056653320553,0.0046348983538333,0.0300710190436415,0.0018301488408205,0.0003089218070441,0.067448609025874,0.9977209567634744,-0.0178958587607947,0.0555062973167705,8.971331138876332,-0.0038239425300686,0.0269135482235229,-0.6406126238443884,7.719430671098849,4.2839226259292325,1.8273172018622192,1063.5346382332807,1081.3151233780395,1063.155058421265,1073.4608789797455,-148.86831683858532,155.86834861966264,502.07999204018734,156.79411183806388,148.83098906242722
48.3175,0.6314366821147211,0.0900362013498085,-0.291701172703376,-0.0028832336621725,0.0057325614538927,0.0297129404342413,0.0018609120278588,0.0003286480571187,0.067481053596897,0.9977186999008492,-0.0203570741713612,0.0576509428268426,8.970689941464132,-0.0037198489218632,0.0270231523097912,-0.6427250623236908,7.7194163287286495,4.283994314439319,1.8257195507271569,1063.1850534153027,1081.676605933573,1064.2758961500526,1073.875659552746,-136.23812339767335,131.46750231342236,398.1357084775264,149.05736028605693,148.83268723072325
48.32,0.8382562542585696,-0.0065105210672457,-0.2756574982186635,-0.0004069543101967,0.0055949973616943,0.029043976963675,0.0018955616076087,0.000344791186988,0.067511802753079,0.9977165455678608,-0.0227517883235543,0.0596698067696281,8.96992379577632,-0.0036419997054775,0.0271365448478954,-0.644845850213029,7.719405270336702,4.284066405357134,1.8241150990320167,1062.853447616292,1081.9724608896067,1065.1457369636537,1074.206165781176,-103.41677531110092,83.4200604644897,223.2442987759653,69.15581552281688,148.83467281652008
48.3225,0.9719042391649992,-0.0536802669358642,-0.2409180783978146,0.0018368891607352,0.0043157423289547,0.0281974202862956,0.0019331283254707,0.0003555964525318,0.0675425992180489,0.9977143788837842,-0.0249841539531328,0.0615271224907811,8.969044266866891,-0.0035964577044488,0.0272534050925304,-0.646973444805459,7.719396590046284,4.284139251298209,1.8225037324945264,1062.667969538748,1082.093706235895,1065.3921176439314,1074.22143863036,-51.59930859715221,30.27736907141204,-8.730146435477845,-60.23473248648417,148.8362836372103
48.325,1.062920339000548,-0.0445778012958444,-0.1748868986879044,0.0042654043402424,0.0027681361821122,0.0270725873460538,0.0019725075361932,0.0003591347380874,0.0675725854558061,0.997712261701671,-0.026950661686573,0.0631888481755196,8.968059605641942,-0.0035881686652371,0.0273734785601134,-0.649105676247514,7.719389387030984,4.2842131038492175,1.8208855792043857,1062.595451073306,1082.123847734964,1065.1020862314763,1073.9049921187436,-0.8746934375717573,9.609744280710032,-245.8599655021878,-207.5324117905286,148.8378488523767
48.3275,1.1209305985112972,0.0290247534786548,-0.0580056518911613,0.0072168452130264,0.0014504662452532,0.0257389226797544,0.0020123379617236,0.0003551771849217,0.0676005799388315,0.9977102781737044,-0.0285768001961656,0.0646232385502416,8.966974184226213,-0.0036180870192585,0.0274966085691252,-0.6512400005575599,7.719382755052826,4.284287659311745,1.8192604787234723,1062.66359607156,1082.1417549572986,1064.1628178164199,1073.1837765714067,54.67633599674144,16.80352272129931,-430.24693575742293,-303.2697648431197,148.83967460138433
48.33,1.1240455848658246,0.1232857647619196,0.061491401904588,0.0095883418141817,0.0011162587192609,0.0251071243880196,0.0020535584145505,0.0003443831598212,0.0676270423628842,0.9977083966488464,-0.0298026682712413,0.0658459248113298,8.965787835063315,-0.003684144181411,0.0276195266888596,-0.6533738819589582,7.719375136678782,4.28436274021974,1.8176277194843644,1062.8688327532896,1082.2078653485703,1062.9508515526911,1072.3886432945294,116.23268720244108,47.781675815506894,-551.3971753162331,-329.64325251192764,148.84115267676088
48.3325,1.0733260163925324,0.2155923738306129,0.1807068151487363,0.0119396467824405,0.0017309796653386,0.0253745119755911,0.0020941100811948,0.000331631275725,0.0676545427873377,0.997706447022448,-0.0306524717934419,0.0668292747955839,8.96449703771548,-0.0037763960543412,0.027742474110247,-0.6555048478000248,7.71936483440507,4.284438474499152,1.8159875047250384,1063.2447595075723,1082.3806633363763,1061.4058319398373,1071.5355603088462,203.95873382156904,101.71163770968884,-724.8430934448081,-356.05759297386584,148.8425864228474
48.335,0.9362381467668394,0.279118859149225,0.2897353462182045,0.0149289646397424,0.0035211587962693,0.0267501230233131,0.0021286074846222,0.0003228646319088,0.067684641416659,0.9977043339539262,-0.031182272306777,0.0674925561474689,8.963095788213677,-0.0038814698608194,0.0278700061883611,-0.6576307637757782,7.719350323510716,4.2845147999108,1.8143408081347836,1063.888626422398,1082.7164235371192,1059.3266360854652,1070.6083553296592,262.5480719069515,136.50150518200144,-774.7724297810461,-305.6053585629394,148.84425679164468
48.3375,0.746946038885313,0.267610641904787,0.3315109195375605,0.0177135795073059,0.005639189130725,0.028475615427562,0.0021548609349134,0.0003198076760372,0.0677161341584916,0.9977021431311384,-0.0313806950498125,0.067811804191936,8.961575584703203,-0.0039906563490189,0.0280030318435989,-0.6597503718927065,7.719330926258362,4.284592336790849,1.8126892547767135,1064.557499867106,1083.0631708622857,1057.5319697909356,1070.0075335160327,281.93655984700075,134.68873431218003,-701.2065734650656,-192.759454796616,148.8456080121607
48.34,0.4729404026000511,0.1791010386412879,0.310822023015955,0.0205614643162202,0.0077860388569143,0.0303002200848226,0.0021742511467821,0.0003215556214891,0.0677510639822047,0.9976997325366096,-0.0311980950527107,0.0678278841899754,8.959926678983042,-0.0040982106305135,0.0281383210850728,-0.6618633942303955,7.719307116046006,4.284670843511867,1.8110332664828908,1065.2983092216336,1083.3898672086805,1055.820603218138,1069.6445580556756,294.84643155800234,111.35406841057134,-651.0015028747455,-104.42332613692201,148.84691837737617
48.3425,0.1366847078214722,0.0383687554495312,0.2424628911276841,0.022957027805363,0.009366607422933,0.0318555272202192,0.0021885815740829,0.0003285711122615,0.067790264352,0.9976970410428015,-0.0306238506492235,0.067594185926384,8.958140112421102,-0.0041967377548732,0.0282723830878686,-0.663970338971619,7.719279587999405,4.284749246588869,1.809371996012022,1066.0317320248969,1083.6199412043388,1054.27696227656,1069.485416885348,273.68665053124795,52.54591010070958,-558.5769435051212,-20.318169825732472,148.84819611041843
48.345,-0.2421254632415749,-0.1294200006189255,0.1361360091024613,0.0238763557908948,0.0094164589563461,0.032447726836541,0.0022041041251428,0.0003417472750466,0.0678304149391094,0.9976942787346889,-0.0296655757369705,0.06724647938865,8.95620854051195,-0.004279526133083,0.0283962395307653,-0.666072661031571,7.719249125694668,4.2848266531375305,1.807705099128749,1066.6667424742886,1083.6525967591836,1053.027718500615,1069.542967206547,235.9315331808532,-40.58048587687806,-467.8531713179262,61.71687815641715,148.84943620083175
48.3475,-0.6783485157005126,-0.3028057377182807,-0.0011207754939372,0.0223996523489553,0.0075356066657735,0.0317216266826554,0.0022248966034298,0.0003618358415137,0.0678693006281032,0.9976915858121542,-0.0283456727191057,0.0668829000311497,8.954129086829868,-0.0043408694207398,0.0285041881247301,-0.6681723994042014,7.719217211918771,4.2849028983881645,1.8060330179058337,1067.2113896908015,1083.4170387749543,1051.9376964199691,1069.7940012761303,153.21621117087835,-127.56977972583466,-330.3275055965643,110.16590936068316,148.8508832429696
48.35,-0.9706591689938632,-0.387070593650898,-0.1031448251356154,0.0192420461854056,0.0051748344163406,0.0306800546245086,0.0022495658237405,0.000388222487605,0.0679055384028091,0.99768905854782,-0.0266824248236289,0.066502614955031,8.951905350735986,-0.0043777271279512,0.0285982092588427,-0.6702719747612736,7.719185419645012,4.284978850252235,1.804356935811397,1067.4328235301434,1083.0147478605543,1051.3760809726311,1070.0937967533507,36.602486075695744,-184.85458293451745,-162.0872020812495,124.02035343154604,148.85205685099453
48.3525,-1.1338881404039804,-0.3866564803835698,-0.1823883817147912,0.014801476745071,0.0030743682157077,0.0299840584600587,0.0022756095262082,0.000418691263409,0.0679379205069642,0.9976867853710988,-0.0246790407348455,0.0660825972789738,8.949547578971814,-0.0043905784508545,0.0286821096274649,-0.6723743182812421,7.719155178706002,4.2850556699083135,1.802677797120028,1067.39440212118,1082.4927658602824,1051.1272604095639,1070.4141030432875,-70.17704685696165,-224.7966010664855,-58.56301883260772,130.98739298768697,148.8531995129513
48.355,-1.1496256035818333,-0.2909988142792574,-0.252940560809441,0.0085470643203155,0.0013961771044479,0.0294602783594591,0.002301908630042,0.0004496419015388,0.0679649884928287,0.9976848702729968,-0.0223227283963644,0.0656215428069372,8.947072811842045,-0.0043832633594872,0.028758136885446,-0.674482757039072,7.71912723041631,4.285133494119331,1.8009960647629075,1067.0819382958584,1081.8907648552213,1051.083265878468,1070.7487337182895,-148.0263667142633,-192.65943134445624,8.342713800944065,106.99318692244545,148.85453812136006
48.3575,-1.0209126446395032,-0.1462561006227719,-0.2944380476726297,0.0034833895303405,0.0007471494386644,0.0290252847048582,0.002329557529675,0.0004767186698537,0.0679841825076461,0.997683488299298,-0.0195930964891109,0.0651546562142082,8.944504899815398,-0.0043619746399196,0.0288258026728644,-0.6766007074667078,7.719101719309011,4.285211828154805,1.7993115806888322,1066.6542702876084,1081.5294687035598,1051.1689739785686,1070.9490689779,-188.1695582609956,-95.10249152035168,43.3914174505784,60.81372187878589,148.8556289588714
48.36,-0.7957927086750427,0.043351110676119,-0.3191984622909718,0.0004741446849993,0.0007202939832574,0.0283487097211378,0.0023588814147119,0.0004943381724317,0.0679956932480864,0.9976826300075184,-0.0164548797997253,0.0646990771179996,8.941874791666342,-0.0043350263005959,0.0288859693864231,-0.6787311183803084,7.719078380903065,4.285290117788943,1.7976231784890555,1066.1410905045543,1081.41525239762,1051.3002229657209,1071.0528023276831,-223.2820830380428,12.75255633399213,64.60546417712399,27.810737051581196,148.85669733728656
48.3625,-0.50722764441507,0.296120826659743,-0.3281922087949124,0.0005082007752346,0.001125055303268,0.0271511985762597,0.0023867177310185,0.0004987895810022,0.0680034968123705,0.9976820347068311,-0.0129146970021041,0.0642084938412859,8.939220311210207,-0.0043079843008951,0.0289442286457562,-0.6808760614101309,7.719057270416992,4.285368041369794,1.7959297651721011,1065.5378598724176,1081.5932314852298,1051.4920012994544,1071.088122663158,-204.93839388867372,109.55012626362839,84.74892321396722,5.653803199763224,148.85795723618588
48.365,-0.3139553580530246,0.5085371825841819,-0.3185840247111861,0.0028100625883764,0.0018489542879919,0.0259526995165083,0.0024097263975682,0.0004918135594315,0.0680121794291042,0.9976813966201876,-0.0090797435760211,0.0636361359910672,8.936584528535352,-0.0042789168945024,0.0290059889060183,-0.683036824999368,7.719037551021614,4.285445818179964,1.7942304459314786,1065.1163985351104,1081.9630030289384,1051.7239675817907,1071.081071343682,-141.68824919365005,171.90603594474115,125.70491628000644,1.2555217158490046,148.85899129942922
48.3675,-0.2032441266965772,0.69764905544874,-0.2968069396396096,0.0051023304095715,0.0033540887478487,0.0249630956722955,0.0024278492980793,0.0004758610823978,0.0680236007742254,0.9976805872472148,-0.0050680613028573,0.0629904797325611,8.934013833202803,-0.0042450362602068,0.029072049875584,-0.6852140698448775,7.719017926364461,4.285524205750504,1.7925239478449142,1064.82941862645,1082.4527616649527,1052.1205258808538,1071.0944002717372,-95.99097772138157,207.8388597548684,229.79242074431636,23.496818443833742,148.8600114292429
48.37,-0.1401532256194519,0.8670374881827709,-0.2701058393642738,0.005855244320142,0.0062895806517203,0.0243789719679018,0.0024425141828534,0.0004567033178868,0.0680386404822179,0.9976795397482188,-0.0010557388237469,0.0623061656516534,8.93155688368903,-0.0041987354574297,0.0291407464984771,-0.6874079285160685,7.718997096543008,4.285603453303287,1.7908100991457443,1064.6364436465033,1083.0021973277132,1052.872929685513,1071.1985554359012,-54.487076655386176,167.42668616398606,324.10457511529575,59.22932392060528,148.86122154823616
48.3725,-0.0994966957071927,0.9423145781108384,-0.2576821820947832,0.004682798218287,0.0094438463558569,0.0243951290882868,0.0024539446090488,0.0004406313410088,0.0680588471955093,0.9976781446146256,0.0027711765014103,0.061592526747705,8.929263541929812,-0.0041311043352094,0.0292119613086946,-0.6896180745962871,7.718974157767288,4.28568330622145,1.7890896066520119,1064.556983243173,1083.289895095773,1053.7410487564312,1071.3905468913404,-32.32930052270815,51.331129104484106,382.56204836887497,100.2315082088446,148.86221922525968
48.375,-0.0151451205022039,0.9410038383382172,-0.2607126839888818,0.0023072923534483,0.0125970460245181,0.0246671625173873,0.0024601994788593,0.0004316978069101,0.0680830530240423,0.99767648366403,0.0062653240525278,0.0608134204729593,8.927183292332236,-0.0040360904894675,0.0292888033367468,-0.6918438479933545,7.718949395350941,4.285763338190317,1.7873638377032637,1064.4747971438899,1083.2588529732354,1054.7857399273555,1071.6997129769447,-47.80145646104557,-78.49234027214926,423.92589445114385,139.58473778269726,148.86320618238906
48.3775,0.1287582972001215,0.8820353491723397,-0.2710413596320254,-8.538209093527533e-05,0.0152475423194041,0.0247664590390335,0.0024612179817349,0.0004320420234732,0.0681088362372138,0.9976747207141832,0.00931855937647,0.0599598680000398,8.925362751397822,-0.0039106869280851,0.0293721072412039,-0.6940845530277124,7.718924210567613,4.285843695145184,1.7856340401394335,1064.317975960868,1082.8974333944127,1055.8606782286847,1072.0884705802532,-95.13935827899012,-225.6247931106128,399.8978425607903,166.795758411996,148.8641840702073
48.38,0.3369424912825678,0.7709379411993614,-0.271394607501511,-0.0012399693058334,0.0172222852034402,0.024189497342739,0.0024590542954108,0.0004427812021962,0.0681337214817861,0.997673018989612,0.0118478395389257,0.0590555104036051,8.923843987250303,-0.003753892977913,0.0294600246560604,-0.6963393594863619,7.718899161891381,4.28592419495328,1.7839002730632798,1063.9991003524947,1082.1307290076816,1056.7852291401607,1072.5336917690051,-188.22636042759237,-410.9454153123522,322.8055734706399,198.4687673580887,148.8651501801255
48.3825,0.6110352214736012,0.6038290772327836,-0.2290544737964175,-0.0004234853155153,0.0189113730169332,0.022763469954507,0.0024571436019043,0.0004653812118059,0.0681559581144321,0.9976714892636334,0.0137714347222218,0.0581455474234554,8.922663131559702,-0.0035647880550993,0.0295488727140153,-0.6986070556833333,7.718874858030259,4.286004252607465,1.7821616261334394,1063.3768441587295,1080.84270631785,1057.4747060960387,1073.080814417044,-268.7145989457064,-504.19068949759475,153.79601870722925,197.34564921577413,148.86629400937045
48.385,0.8079144567565834,0.4541843987729395,-0.1390087186015458,0.0019008921746067,0.0197465471348126,0.0213866067430656,0.0024584889846473,0.0005009027203623,0.068174494261103,0.9976701961598762,0.0150215961323345,0.0572641394759398,8.921849158683255,-0.0033434022161732,0.0296356381616258,-0.7008857596909522,7.718851507689882,4.286083552958488,1.7804170210019532,1062.6555273577671,1079.609775560196,1057.554209233696,1073.5204200150831,-323.08790731596514,-480.7092125584218,-89.82628601811437,170.45315334844793,148.8672323268146
48.3875,0.9122837078166632,0.3091927771409668,0.0179536983261717,0.0055021191070601,0.0200884560976387,0.0202368097633974,0.0024648269379302,0.0005455137269899,0.06818977909882,0.997669106678969,0.015624965740592,0.0564148565479048,8.921422354370186,-0.0030968412947309,0.0297194502076486,-0.7031727754532408,7.71882886835907,4.286161901494974,1.7786662819952552,1061.7614046221488,1078.4391602550563,1057.025574665948,1073.9330801837868,-415.5517829232997,-449.06332739592233,-370.98193126893534,178.95144192502752,148.8681521834436
48.39,0.8843262895083425,0.1479286315807594,0.2748482779217671,0.0104848498342515,0.0201062031209302,0.0193865547367683,0.0024749339066165,0.0005940547135052,0.0682043134533734,0.9976680558305612,0.0156384873466617,0.0555458711122637,8.92139370614874,-0.0028341407733842,0.0298034761368119,-0.7054645762338398,7.718806670238971,4.286239565833742,1.7769096340820396,1060.5777684431498,1077.3644589232151,1055.6992995773503,1074.4151772247087,-435.4207887380976,-311.9316850125069,-584.8919883461211,179.71417648307553,148.86923028575887
48.3925,0.724489379238363,0.0218685717326754,0.525062201433622,0.0144900779611695,0.0199177860156627,0.0192862298376444,0.0024864925649726,0.0006413298724885,0.0682209573347931,0.997666856979809,0.0151297645074003,0.0545861524121824,8.921763892203863,-0.0025647498789443,0.029892035485111,-0.70775697276932,7.718784967842598,4.28631645300882,1.7751472299127116,1059.5843006784603,1076.8795018299954,1054.1011147242202,1074.8316510662014,-377.7430994902147,-95.86760581791722,-708.4416949973743,175.29345155844695,148.87010348503287
48.395,0.4463548865975004,-0.106081008542951,0.7704508359048776,0.017762322769716,0.0196546645611725,0.0200816512210918,0.0025017911847511,0.0006825536869328,0.0682413892568355,0.997665392104472,0.0141770024641117,0.0535490185317646,8.922521986651622,-0.0022985638514937,0.0299823341304931,-0.710045493696907,7.718763634478391,4.286393165571236,1.7733776803261199,1058.6890529456975,1076.8851208941255,1052.1570911023618,1075.2916444825016,-351.25054155278343,105.33731491149479,-888.3806283371542,214.4677719416262,148.8709453000618
48.3975,0.0446682177647243,-0.2797998524999877,0.9913641093193616,0.0197715410030122,0.0194262933917105,0.0224661510693522,0.0025231116930969,0.0007155277022429,0.0682681466541994,0.9976634829846716,0.0128258279532661,0.0524540345689004,8.923646630247683,-0.002042268489786,0.0300705975513493,-0.7123252647108185,7.718742873276466,4.286470645405501,1.7715995911137483,1057.8280479706955,1077.4061884045532,1049.659211582532,1075.90398992591,-271.1602950129156,255.82727062283607,-908.8529496835771,231.99743809639767,148.8719122706545
48.4,-0.2754352615252864,-0.453718008407848,1.05816888818584,0.0192291505638727,0.0194104784415843,0.0258921452625161,0.0025491926219089,0.0007384175041925,0.0683033340293128,0.9976609899167244,0.0111250015173292,0.0512629439693675,8.925107239742358,-0.0018021787535228,0.0301573081572125,-0.714591095943768,7.718723192113651,4.286549818947416,1.7698122244069832,1057.3332514706344,1078.1642572472383,1047.612826353948,1076.4516316729823,-147.99019255639607,337.7052493153406,-774.7510849936263,219.3066393408359,148.87267643424332
48.4025,-0.489093384744994,-0.6633932532840711,0.9437623847259208,0.0162821702308728,0.0192801245866471,0.0307680007439552,0.002579653914628,0.0007510399764882,0.0683459290421563,0.9976579840453382,0.0091088208325222,0.0499615934807469,8.926864667011333,-0.0015829102784617,0.0302409302164995,-0.716838229586312,7.7187053035672175,4.286630942934069,1.7680161045152318,1057.0880970079131,1079.0947146511307,1045.785456157562,1077.0005231226148,-58.02161425896644,377.18654977892385,-673.3663279582025,211.2083529422136,148.873389989982
48.405,-0.5595031776843897,-0.8942099963042967,0.655268980785895,0.0116859092026474,0.018574582003521,0.0362617555672506,0.0026154913402494,0.0007553608422439,0.0683902130686973,0.997654852097827,0.0067885454286669,0.048570587322265,8.928873116235902,-0.0013866138647766,0.0303173041157264,-0.7190628766528308,7.71868896272392,4.286713160457248,1.7662118716761588,1057.0431433993394,1080.050189996134,1044.2459947141551,1077.507673437694,25.89272712086849,368.94569596958627,-529.9158679234368,179.0886034726819,148.8740559792393
48.4075,-0.4314406813754076,-1.1226546362413532,0.1737007012936238,0.0062556400302758,0.0166582272875769,0.0409026245381501,0.002655726131526,0.0007538196103868,0.0684320399977673,0.9976518780919192,0.0041782557348746,0.0470839153633803,8.931083109202632,-0.0012144068644236,0.0303847619555259,-0.7212624400158094,7.718674052915746,4.28679590045853,1.7644001339528317,1057.2175606435171,1080.9394431309768,1043.1358768179473,1077.8959661399774,120.80475871301319,369.0783415592635,-380.2857268188164,123.14022897297104,148.87465875193263
48.41,-0.0898938751292265,-1.3430467817615344,-0.5354959099512266,0.0016099915546053,0.0125684588784139,0.0425311416699201,0.0026985375083042,0.0007481067519757,0.0684687941525699,0.9976492447937834,0.0013168564095291,0.0454881656975558,8.93344412439634,-0.0010680520648399,0.0304427008173899,-0.7234359100083095,7.718661016818533,4.286879352092576,1.7625827126637723,1057.6471671929048,1081.8955817039312,1042.3445660800603,1078.123374582559,189.696051947288,339.7415530231309,-200.970690696874,30.193124854425164,148.87530303539913
48.4125,0.2681400577943047,-1.4443825079186687,-1.1304286069627763,0.0015206528841096,0.0078066835611096,0.0391961733227382,0.0027419791318813,0.0007390339153421,0.0685000439513949,0.9976469865191312,-0.0017303104312969,0.0437752746538273,8.935907582631843,-0.0009499747263331,0.0304905963171768,-0.7255840628007602,7.718650449217405,4.28696425882786,1.760761566544268,1058.1660409032543,1082.6381508960935,1042.1310233644624,1078.0469317642496,236.1426978669316,302.90586087067175,0.7585294779808087,-94.99626708706728,148.8757708819088
48.415,0.5741464734174165,-1.4314994462910076,-1.600759329409026,0.0055642620812677,0.0025789048028976,0.032149979893038,0.0027860651908765,0.0007256909513156,0.0685228635808279,0.9976453050785316,-0.0048564591237872,0.0419787200182039,8.93842957625565,-0.0008647285239518,0.0305251254778054,-0.7277094764098562,7.718641894742003,4.287051453452992,1.7589381199243177,1058.8278806822384,1083.4101110082831,1042.3483587274502,1077.6483932471244,318.7647321973788,361.63322950505653,184.9734371710801,-247.66792887104265,148.87616462120647
48.4175,0.7612604437492057,-1.284542475919945,-1.9256659570332983,0.0122005022776212,-0.0028416941195109,0.0227800789584028,0.0028319916854835,0.000706213040447,0.0685349572024504,0.9976443575309148,-0.0079301320963855,0.0401596922315941,8.94097383325813,-0.0008173239822915,0.0305413847474118,-0.7298161476793444,7.718634316537368,4.287141148448855,1.7571124563970415,1059.759864564242,1084.4463170436195,1043.0558905503183,1076.8085921198935,360.1939897371243,396.8347395128392,324.898587280147,-358.02677309397825,148.8765503495125
48.42,0.7283655898262714,-1.0743886879821307,-1.9785578847941467,0.0171007184902943,-0.0059999432235632,0.015764305530427,0.0028804751398352,0.0006811507370978,0.0685366672568341,0.9976441196018148,-0.0108600355728305,0.0383803762704722,8.94351427792885,-0.0008077962737651,0.0305352450544059,-0.7319089562791637,7.718626766334995,4.287233344189822,1.7552843837249377,1060.6288506309247,1085.3942847058483,1043.9728516638515,1075.8582593816536,360.39365493785266,375.2308641190896,420.70428180029074,-412.53063876175696,148.87679984520165
48.4225,0.512248130017387,-0.8125190299880473,-1.8331673084025275,0.0202120545571066,-0.0077238981399081,0.0101604957738094,0.0029286192445313,0.0006563109216653,0.0685312507332423,0.9976443717910995,-0.0136527282333894,0.0366499248091319,8.946036949885682,-0.0008265589278037,0.0305079962624096,-0.73399303145402,7.718618257408797,4.28732775318283,1.753453976726376,1061.5618328389296,1086.3224713642135,1045.1594119593178,1074.7459389260869,415.54537052876753,359.411936683089,561.4197542609729,-499.2751907269114,148.87697639544592
48.425,0.1060714040460059,-0.4821322653356673,-1.4979089151753755,0.0216240270583118,-0.008472185234386,0.005337641401104,0.0029713959154804,0.000636599771394,0.0685206726891176,0.9976449899838205,-0.0163044537496083,0.034941376259285,8.948540340376486,-0.0008638051598897,0.030465189067965,-0.736073368635855,7.718607434366291,4.287423427351454,1.7516208794091257,1062.7065774835698,1087.1913443892647,1046.779950435158,1073.3618834280176,414.2828477360735,242.16308534270297,604.5205857083238,-495.10652983733195,148.87710678603491
48.4275,-0.2928951166906159,-0.2151086734535738,-1.1420574397655443,0.0211128417626919,-0.0086554746127834,0.0028682588706372,0.0030045470766854,0.0006239598734753,0.0685096242644512,0.9976456628095612,-0.0187632828039328,0.0332384068659096,8.951034990417924,-0.0009128086555135,0.0304128976039423,-0.7381545891061119,7.718594194753485,4.287519016614027,1.7497843986034403,1063.633247077611,1087.5332867909276,1048.1820148878608,1072.2704062768987,350.27667372764904,25.184501148192048,538.6470194834043,-401.67667192217925,148.87714930674403
48.43,-0.680457857012288,0.030837685728319,-0.769250307767868,0.0193742283560029,-0.0090578125318339,0.0018220286346651,0.0030247489219957,0.0006198013956414,0.0685034758239863,0.9976460306505264,-0.0209750748963069,0.0315388140890248,8.953542770338494,-0.0009668835938189,0.0303573417363334,-0.7402406409910882,7.71857847529217,4.287613229764065,1.7479432799692247,1064.4579608522065,1087.3172668950056,1049.4731855325726,1071.3535000684087,300.5283424941635,-187.55839540303396,471.8409021868725,-325.16020986228534,148.87712452841822
48.4325,-1.0085394696710483,0.2535395342214308,-0.4172436038122747,0.0167882513192729,-0.0093924476922326,0.0016735582467027,0.0030310645337358,0.0006244636690958,0.0685039357778705,0.9976459790698926,-0.0228745699753757,0.0298773507557218,8.956095267042995,-0.0010210104781581,0.030302702048636,-0.7423346978220972,7.718560134386574,4.287704862337979,1.7460967924971131,1065.1358887900826,1086.595494813912,1050.5412193987963,1070.6446052275867,221.57960434376523,-397.018244970947,346.3934772485619,-223.81328725734792,148.87704438933386
48.435,-1.2133483316399278,0.4350576454705332,-0.1135452611200702,0.0129465346648065,-0.0087771431492693,0.0020830238701159,0.0030258777666236,0.0006373817200325,0.0685082929227166,0.9976456872288764,-0.024388921920223,0.0283402947330967,8.958731686751536,-0.0010721590226711,0.0302494182795176,-0.7444391506148013,7.718540412962291,4.287792803132886,1.7442458454684957,1065.565858873926,1085.33217567015,1051.2051529188163,1070.2344336321214,119.36291204039604,-634.4440764860651,178.59464298105976,-104.75379290192429,148.87689735427028
48.4375,-1.2681330909267228,0.580151309156013,0.1872247471662171,0.0069275432911633,-0.0067012782731536,0.0028041381857151,0.0030131359861591,0.0006578418861215,0.0685138576781717,0.9976453287379936,-0.0254542969682395,0.0270330545747446,8.961496614280671,-0.0011180494295002,0.0301962527542086,-0.7465554305217827,7.71852043530892,4.287876891525109,1.742391253859054,1065.732703350284,1083.4232744314843,1051.434192613701,1070.1208362630775,1.5635644711906602,-717.0009338829614,-11.614882806872277,23.81951989361716,148.87664253201268
48.44,-1.141839044047524,0.6241823147720038,0.3896929629818963,0.0013708806485724,-0.0043613466891057,0.0034500734917799,0.0029998230485785,0.0006827276788095,0.0685183897108205,0.997645039058983,-0.0259746249792104,0.0261024184625518,8.964437068675137,-0.0011608268959132,0.0301377774864659,-0.7486839046522604,7.718501064526997,4.287958738806728,1.7405326697115715,1065.5736766962818,1081.7471710007385,1051.147078504782,1070.3535312315892,-115.13248295699233,-626.2988480123547,-199.90505299609828,161.1736541692238,148.87636348150832
48.4425,-0.8610366627644299,0.5809270895101885,0.5518757374664247,-0.0034062632262135,-0.001871842654595,0.0040323352984933,0.0029923102043149,0.000707118910477,0.068520914269874,0.9976448693862376,-0.0258372739437266,0.0256712811402808,8.967599941315434,-0.0012057933679401,0.030069293099537,-0.7508234502322126,7.718483621215981,4.288040166942699,1.7386689724854223,1065.1570409354988,1080.2917801914211,1050.43466734872,1070.926704533924,-216.73130769288767,-529.6030439942589,-381.8232992881669,324.61424734089394,148.8760128200321
48.445,-0.4260645895533137,0.4397479680689293,0.7050279386544567,-0.0060729686437246,0.0002537219606829,0.0051559753551892,0.0029923407883212,0.0007292546299216,0.0685210668545125,0.9976448397286136,-0.0250071612486033,0.025772601215278,8.971029380242534,-0.0012534266758321,0.0299921427305493,-0.7529711477536112,7.7184685785583,4.288121852733808,1.7367980682564275,1064.4900201578168,1079.0991557807658,1049.2379620083402,1071.9766024682947,-247.7806048172604,-318.3997199316476,-470.009910910876,434.1127089924468,148.8755058104445
48.4475,-0.0623495998646561,0.2674580358029998,0.7937702930786533,-0.0051810395142372,0.0007113719740817,0.0068302303353375,0.0030008815162183,0.0007466703162305,0.0685202316799918,0.9976448533715812,-0.0234530729677139,0.0264136692611448,8.974763676856206,-0.0013051127265311,0.0299083580816887,-0.755122629391927,7.718455330771642,4.28820422389227,1.7349177380929435,1063.9181379114136,1078.6997815917643,1048.0846177941676,1073.0972680788843,-202.6006463520717,-30.192156360074488,-463.9243848414836,477.94255153683594,148.87500904585235
48.45,0.2138684958904995,0.0632283406095197,0.8312220757824552,-0.0023017382811976,0.0005410753969091,0.0091493761661423,0.0030177045306133,0.000756595570002,0.0685219223462095,0.9976446720139248,-0.0211552868373517,0.0275696407710958,8.97883309272499,-0.0013621435304761,0.0298213149190316,-0.7572724993098037,7.7184429700509085,4.288287385114198,1.7330273395209264,1063.477016926056,1078.9481949989652,1046.9183400841316,1074.36631522598,-136.67231065098633,235.0744191529591,-487.6351954784929,561.8755447251569,148.87443282927893
48.4525,0.3848792636312573,-0.1997021619232879,0.8069358625551577,0.0013959534125113,0.0005608295869655,0.0122509405022774,0.0030408853413043,0.0007574868068077,0.0685288451576255,0.997644117550542,-0.0181336882124076,0.0291772792103062,8.983258355742452,-0.0014232933930783,0.0297364456173264,-0.7594149594066552,7.718430156928068,4.288370932055125,1.7311277209273275,1063.2347763581583,1079.8751536875295,1045.646441816774,1075.9066458025115,-28.331663266206608,411.3881129923914,-430.02325962841496,545.2815530481487,148.87364743332083
48.455,0.3855257899362874,-0.4222634510340816,0.7286954457893648,0.0038977356967097,0.0005981595790883,0.0148337472978826,0.0030684793076628,0.0007502007822738,0.0685413223546633,0.9976431734493542,-0.014466553988642,0.0311676113808263,8.988049689181606,-0.001483218814307,0.0296586804849301,-0.7615445582317873,7.718415202067447,4.288453483810342,1.7292204848886923,1063.335358609725,1081.0051355639255,1044.7682237859915,1077.0927229912184,109.44355469413352,476.38612378212395,-302.3014208568201,432.3394503216666,148.87291358579924
48.4575,0.2618312369132724,-0.6270057043590542,0.6012682496238317,0.0051483686062325,-1.1809768875037499e-05,0.016982994567991,0.0030963562690656,0.000736540829723,0.0685617753480305,0.9976416840428376,-0.0102662664953742,0.0334265998103287,8.993207063561346,-0.0015342776131955,0.0295958905393994,-0.7636565282583158,7.718397686125834,4.288533764740444,1.727306952750653,1063.7819941316293,1082.2570843064416,1044.1349347124892,1078.0683430541208,235.4224470440545,483.0897863111006,-208.07464696052463,345.2883013259959,148.87209663043868
48.46,0.0658146487623838,-0.7920972470759645,0.4496271374098723,0.0053308076596855,-0.0017152165131486,0.0184806639557286,0.0031245468223448,0.0007187480858934,0.0685898749417758,0.997639669400513,-0.0056616166153443,0.0359100614388628,8.998719953515998,-0.0015686113190844,0.0295490924598597,-0.7657474127268582,7.718377854193807,4.288612113417313,1.7253886765804458,1064.512470844946,1083.4205844954822,1043.7278505511883,1078.8191644978492,354.81385637222485,406.07808940254114,-105.32717007145521,243.3965571066832,148.87121060261245
48.4625,-0.1781861951555473,-0.874788809235776,0.2948144926219619,0.0047843256450544,-0.0049008636128056,0.0191012738926796,0.0031546143776326,0.0006989496197086,0.0686230601873715,0.9976372994671404,-0.0007895079893228,0.038597814890336,9.004568617163464,-0.0015790734106767,0.0295162063689145,-0.7678149482535028,7.718356081210602,4.288689832320184,1.7234664948088074,1065.5560634134888,1084.2874747534524,1043.6082988621324,1079.2853258396533,518.1042711590259,281.2513500601124,15.157698418980976,147.4278228324393,148.8702415820884
48.465,-0.4823134091701434,-0.847185501330873,0.1380921832857706,0.0037141111841043,-0.0092445443581729,0.018965872748936,0.0031866039250317,0.0006782648603397,0.0686563382001678,0.997634917376294,0.004219467472687,0.0414397309960514,9.010725777331908,-0.0015606541735059,0.029496660254086,-0.7698577527992518,7.718332399262732,4.288767980099697,1.7215407892178511,1067.1029922007424,1084.8268412457835,1043.8036390432833,1079.5563036120116,601.7895284788315,104.97939432142716,126.2686455874054,63.82187933765099,148.86898365049507
48.4675,-0.7165118978965827,-0.7146879047041805,0.0494149101183231,0.0023032581020625,-0.0124604568552933,0.018329794751637,0.0032195119155843,0.0006542443619918,0.0686868055659535,0.9976327284596928,0.0092908171639439,0.0443624488813058,9.017157883048862,-0.0015145114684463,0.0294910020811851,-0.7718751221529231,7.718307358367562,4.28884742221003,1.7196113548168848,1068.5650110558845,1084.8123717250598,1044.2396420900695,1079.6044352363415,597.9798724690663,-99.19936231840364,224.1067218021036,1.7398546520796478,148.86785671743107
48.47,-0.8975957858887866,-0.4880635459745049,0.0128807132915083,-2.076350649799771e-05,-0.0146762059473655,0.0175464857965962,0.0032517423390838,0.0006284756569839,0.0687125614664464,0.9976308686912612,0.014273109138407,0.0472884774431152,9.023826904724576,-0.001436662875887,0.0294995587342019,-0.7738668936007463,7.718281699224159,4.288928860540234,1.7176776424845617,1070.092891563085,1084.330844434192,1044.9241726522928,1079.565002885272,656.9948785602996,-303.29294249734573,344.45501835326127,-14.603009394151544,148.8666485839463
48.4725,-1.0194652668004052,-0.1522863742007934,0.0214017893518499,-0.0039427273073866,-0.015667745634408,0.0171199287450285,0.0032834706261385,0.0006072361615395,0.0687303427090108,0.997629558904989,0.0189321575785877,0.0501810312007274,9.030691659442695,-0.0013174502817239,0.0295189590433797,-0.7758334164605751,7.718255884159408,4.289013039669037,1.7157401323894728,1071.8499854486877,1083.2959070125723,1045.9619171818367,1079.5314201893707,609.8006816102105,-437.64020929907366,403.5759927202189,3.974472032857888,148.86510510004635
48.475,-1.026162816809675,0.1419849738789054,0.0576392913465659,-0.0077560988314937,-0.0152013134967114,0.017455448525357,0.0033117619744498,0.0005941922150859,0.068736441524373,0.9976290619967076,0.0230800457316944,0.0529479601385761,9.037709557326083,-0.0011522638640262,0.0295508015995225,-0.7777750572005766,7.718230154255769,4.289100353200145,1.7137989507808948,1073.1418949711376,1082.1426433876954,1046.942052615895,1079.5848752454365,460.3491984809447,-496.34027691604047,399.13591389777054,49.396245676597935,148.8637406359886
48.4775,-0.9356184370825292,0.4090942177569507,0.1056762597181339,-0.0110491660987632,-0.0137335909281824,0.0181300767348823,0.0033320576581268,0.0005894481387593,0.0687340728506229,0.9976291704053524,0.0265988281945058,0.0554669072044862,9.044837404917496,-0.0009427502446503,0.0295999329577499,-0.7796921128092213,7.718205671189947,4.289189874054244,1.711853464013125,1074.1517314410903,1080.8142056279944,1047.957596751324,1079.7784014177537,366.96694391116,-594.4933439245375,434.7917175833167,122.58211498090625,148.8622945523331
48.48,-0.7400971693362655,0.6631267919829855,0.1630902372349078,-0.0135050155650076,-0.0108490885078185,0.0189124017832588,0.0033408233355419,0.0005930779191132,0.0687305679134305,0.9976293899765776,0.0293836670362814,0.057637686951946,9.05203218908914,-0.0006917430721838,0.0296702985392011,-0.7815848781552824,7.71818313583051,4.2892805498276125,1.70990225886376,1074.9767296906944,1079.1701766680712,1049.1160112038126,1080.197785820341,239.1752708637027,-590.1022688157974,400.0744915171935,184.04633462968965,148.86046406574536
48.4825,-0.5302963550622852,0.8072023548010139,0.2063294798242753,-0.0144005042322389,-0.0077759982623225,0.0194382713882884,0.0033376289471872,0.000601862607602,0.0687307859592933,0.997629388778368,0.0314068974793767,0.059416580084826,9.059251241027647,-0.0004088187445593,0.0297621832245404,-0.7834537883420832,7.718163339465979,4.289371064772578,1.707944790765944,1075.3476077954094,1077.863694283914,1049.9579692089108,1080.6986330909026,96.41490125167948,-487.32795222080074,295.0896054915529,226.89621133347543,148.8588585207181
48.485,-0.2971406622546891,0.8869918618340419,0.2430943243088966,-0.0148885025773216,-0.0049295621427656,0.0198644488293724,0.0033249488926882,0.000608505222619,0.0687355096304504,0.9976291080006112,0.0327347129883613,0.0608121246254598,9.06645290947549,-0.0001113960401024,0.0298725379458568,-0.78529958944985,7.718147114223872,4.28945990187217,1.7059815039624435,1075.4588041969523,1076.7335369069694,1050.591459231269,1081.3322668770077,19.369601827510543,-409.1348433324309,208.8163655682661,270.28057367497047,148.85716865344344
48.4875,-0.0563561887914486,0.9316985419825332,0.2732649054321572,-0.0152832417025403,-0.0027435080450633,0.0202934094380131,0.0033059101427733,0.0006076149772557,0.0687445492731078,0.9976285530691004,0.0334188007401106,0.061851568552411,9.073598329447332,0.0001853824161959,0.0299975907065437,-0.7871234224173722,7.71813442584212,4.289546256165532,1.7040144613117463,1075.444455804547,1075.8180200672507,1051.0020510367528,1082.050035959278,-10.654913214915728,-301.59943871060966,101.45843368822436,300.0837494836389,148.85540804801235
48.49,0.1835248196694464,0.9623422566663132,0.2918085511266382,-0.0152396903903862,-0.001346534043234,0.0208453300983877,0.0032847778756324,0.0005967820481835,0.0687593446113359,0.997627611930442,0.0334791602729371,0.062590705881578,9.080652172020146,0.0004708677463512,0.0301315543863898,-0.7889268719036475,7.718123988113144,4.289631256916824,1.7020444330210107,1075.4055296308777,1075.2255397134156,1051.0987513997104,1082.8326856244266,4.302976201146796,-174.18553890145103,-37.58109327176278,348.4838138101609,148.8535613186841
48.4925,0.4562233561503633,1.009889273103148,0.2929549806675377,-0.0146457234998684,-0.0001409666783512,0.0217482656313585,0.0032638211569645,0.0005791232269452,0.0687805926035334,0.9976262267302036,0.0328543359811847,0.0630607150331486,9.08758405156624,0.0007434503089393,0.0302708941904349,-0.7907116139048643,7.718115348648602,4.289715868359493,1.7000714585299848,1075.4659706855527,1074.9470923727442,1050.8141455703942,1083.7924550283271,49.61867627959881,-24.81684646703437,-173.1385124078339,346.1708197255168,148.85124483595428
48.495,0.6577570152468711,1.0626147653621976,0.2702146590638014,-0.0137039792136612,0.0009435211195828,0.0226690652397402,0.0032441122554746,0.0005595369299836,0.0688080210499731,0.9976244096107671,0.0314700886114244,0.0632781664114449,9.094368280775894,0.0010048244212329,0.0304132723235533,-0.792479209664286,7.718108064935546,4.289800408829694,1.6980951894802079,1075.6536230122758,1075.1014554810804,1050.2330588376708,1084.563539723055,99.66317196912672,143.43251002857806,-300.28365937499166,290.87460391054844,148.84923031421377
48.4975,0.8117170468838825,1.1110086795712,0.2180513977576878,-0.0119536723655161,0.0026976072538678,0.0235285982667525,0.0032269759935341,0.0005403406181847,0.0688419252172449,0.9976221344166608,0.0293200373522227,0.063265996941524,9.10098321639266,0.0012531739836815,0.0305556254184624,-0.7942309772863319,7.71810180443884,4.289885206652483,1.696115129675944,1075.9642865453986,1075.6642549228875,1049.3127272735185,1085.2468280478809,145.22363986624916,335.7866858401265,-469.1300052792204,269.50916148350143,148.84712815160708
48.5,0.913335848077012,1.1200378823096189,0.1213302661054185,-0.0088649228285089,0.0060696609140304,0.0242968934837336,0.0032103031727877,0.000524157048611,0.0688812475674328,0.9976194796015292,0.0264074838078804,0.0629907683459686,9.107412192541672,0.0014880653637501,0.0306996575563029,-0.7959676323721124,7.7180964701095744,4.289971298544495,1.694131418964572,1076.3797412116064,1076.7803889102795,1047.8874088112768,1085.9110855304712,141.13364154172007,471.3816313432484,-558.2857044637951,214.3003038929367,148.84450412701807
48.5025,0.9116063440851366,1.0496286201362273,0.015736901445713,-0.0056406491598088,0.0099544805146459,0.0248256962039989,0.003193092820519,0.0005145091560003,0.0689241169008421,0.9976165761380708,0.0227388123321102,0.0624460596905115,9.113642484212125,0.0017109926944242,0.0308446634165662,-0.7976894701607637,7.718091148248248,4.290059419750201,1.6921428682724546,1076.6699547531064,1078.0211630796016,1046.521298751202,1086.3183295673443,87.25822520073136,538.3944000893708,-555.0939855911909,135.6668775551713,148.84223302395276
48.505,0.812764778118344,0.866139402096401,-0.1069009257622733,-0.002135003442839,0.0142357177287754,0.0251073083873826,0.003177895287181,0.0005149824675337,0.068970306452215,0.9976134294597508,0.0183401541474169,0.0616959008008819,9.11966454903003,0.0019239529152566,0.0309838791583896,-0.7993965260181733,7.718085460100803,4.290149459077215,1.6901479223001583,1076.8160323376103,1079.4723609107275,1045.1119388833195,1086.5894199182476,25.530504626190705,650.6827218555682,-593.2204841430724,98.50237365144001,148.83987469682663
48.5075,0.5995070401295741,0.5124800759421119,-0.2555982576800568,0.0013939138568241,0.0184259086688729,0.0247550487725603,0.0031661802137126,0.0005252347314361,0.0690168328072733,0.9976102406038216,0.0133213949275498,0.0607860271299106,9.125472561094941,0.0021232126334222,0.0311125196958042,-0.8010884976831754,7.718079307169978,4.290240864591631,1.6881455402008851,1076.7976072762376,1081.274576688881,1043.5551963304852,1086.810841435602,-31.486702574585692,639.5556652560476,-523.0944655593004,73.41012326530598,148.83694491597043
48.51,0.3747764843113347,0.131529850658929,-0.3637664212686166,0.0029537723749583,0.0203794940140066,0.0238076522991385,0.0031590667594828,0.0005408772127262,0.069061078949129,0.9976071889422484,0.0078773205935282,0.0597563022407552,9.131064466933605,0.0022990843316853,0.0312268486502157,-0.8027651812594145,7.718073344851992,4.290333549756439,1.6861365476348091,1076.6585988247375,1082.670139237005,1042.496466555525,1086.9564705345736,-61.7346301544924,498.8477142260484,-350.6326287075833,60.520125772214634,148.83442158429693
48.5125,0.1526055433723982,-0.2843972333783655,-0.4359613715367093,0.0025305331629655,0.0202156679865707,0.0224331874792208,0.0031577075629722,0.0005576241974395,0.0691018121656373,0.9976043587578696,0.0022099678923287,0.0586523007458091,9.136442464005645,0.0024424996587168,0.0313232679254879,-0.8044269041312013,7.718068543935453,4.290427413557623,1.6841223193684072,1076.4889341254648,1083.7688152600126,1041.8020331869463,1087.1134420644632,-55.06527129243207,368.02570991011913,-207.4872601121872,70.89302966743173,148.8318155377893
48.515,-0.0322097208413073,-0.6802975699074927,-0.4674627937400369,0.0011217290984229,0.0182894232448008,0.0209714680586584,0.0031647980218683,0.0005722702926853,0.0691355418685073,0.9976019855161912,-0.0034908209878096,0.0575535048648556,9.141612995072116,0.0025462311441239,0.0313959226455456,-0.8060748798814895,7.718064558198439,4.290522199863617,1.682104288466367,1076.3832724682752,1084.5102677865564,1041.4590302549639,1087.3109356829111,-8.042620112753905,197.01182176845305,-50.96122271907094,94.58350210229088,148.82914308734107
48.5175,-0.1486301696997893,-0.998605593677646,-0.4427528332667992,-0.0001641929961856,0.0145945040799262,0.0195081052847865,0.0031800003432779,0.0005793429660136,0.069157843160778,0.9976003802798824,-0.0089952253066379,0.0564844307005671,9.146587663399732,0.0026002309602754,0.0314445168384826,-0.8077109796412971,7.718061094186385,4.290617711021128,1.6800835809026606,1076.4487210249013,1084.753874368854,1041.5472270733512,1087.5863595749743,82.03396594099456,-4.437698255194395,128.29527096689876,143.89417514091207,148.82639384484108
48.52,-0.2042149306107383,-1.2471498974731479,-0.3463300920184024,-0.0014124674809528,0.0089574069336556,0.0177488940940608,0.0032006394780296,0.0005751215058958,0.0691667590473017,0.9975996897477796,-0.0141088759194429,0.0554309154709809,9.151383230345715,0.0025983445501899,0.0314728517810664,-0.8093376360207455,7.718058527484145,4.2907140173593366,1.6780612048143864,1076.7934422979804,1084.4880792952806,1042.1005066097987,1088.030406558616,170.69938372033354,-174.325704206014,263.38440641602745,181.81021842355923,148.82301103888517
48.5225,-0.1883876234462547,-1.3370438717649236,-0.2153043093993968,-0.0023219889259932,0.0042571779555294,0.0163458329051601,0.0032253406322548,0.0005589908331326,0.0691606243844504,0.9976000352415124,-0.0186968809617722,0.0544070283116572,9.156020583001679,0.0025401037304916,0.0314829074427155,-0.8109577721733586,7.718057698898141,4.290811594302292,1.676038011742596,1077.3022179435031,1083.8822458478235,1042.864149105432,1088.4954106670923,237.89896120928273,-292.42446135303214,347.0077301740703,199.86216946253975,148.82012656756214
48.525,-0.126123779002676,-1.3284383157264728,-0.0478464767529822,-0.0028397389692329,0.0005470256031076,0.015373706714169,0.0032503510268907,0.0005349432653293,0.0691400393181198,0.997601386524864,-0.0227194175348184,0.0533884394399211,9.160524587925897,0.0024339762813594,0.0314806982068035,-0.8125741457934491,7.718058665689256,4.290909719037053,1.6740137382574247,1077.9829371040255,1083.0259569885168,1043.8355452606675,1089.0297174059278,315.7321802476621,-396.0935212040815,448.8486173087017,235.8319278125849,148.81717995889454
48.5275,-0.0246626352289185,-1.2534848091288215,0.16210060144594,-0.0028575045215089,-0.0022864825729276,0.0155004708415404,0.0032712463510168,0.000511879910905,0.0691101065781218,0.9976034009077264,-0.0262385590311228,0.0523426316351064,9.164922604407948,0.0022981670879424,0.0314735550232912,-0.8141889997251632,7.718060222362246,4.291006926488912,1.6719877959368774,1078.8808788447425,1081.901778241802,1045.1083921919767,1089.674570306156,323.16117369957124,-402.7225249544002,465.7660403515256,221.2551935190054,148.81357958455575
48.53,0.0627745470616774,-1.1716683116268916,0.3154530130730431,-0.0023938689596415,-0.0035371329990922,0.0168000766190222,0.0032858757556003,0.000498595617628,0.0690787785057709,0.9976055306011408,-0.0293265037804784,0.0512752523269803,9.169242652737552,0.0021522674370695,0.0314658472760159,-0.8158038549077711,7.7180603753374015,4.291102041891928,1.6699590498215968,1079.5987429725244,1081.0123443637435,1046.1643754624263,1090.1359933735234,259.9332831440824,-323.11563596624467,401.05073316986005,147.90951893282718,148.8105312592359
48.5325,0.1351188819542908,-1.0909154401708334,0.4177106618627841,-0.0016405581372385,-0.0047071679378828,0.0186745269040488,0.003291597984923,0.0004960444604873,0.0690547345740398,0.9976071813615048,-0.0319306410478093,0.0501687483627728,9.173512584590604,0.0020047541348156,0.0314641206089527,-0.8174190573163737,7.7180584573111295,4.2911946914754,1.6679266709987324,1080.1805452604617,1080.2862000619723,1047.113645857824,1090.4141179008195,209.4773333540908,-268.48915809500704,372.96262639264586,60.16876947675533,148.80744022635517
48.535,0.1933951835864839,-0.986689985128874,0.4661828064100803,-0.0007279658703718,-0.0070484935288037,0.0209202967710294,0.0032855392116452,0.0005033713573038,0.069043362512404,0.9976079886155756,-0.0339860805990971,0.048993771564528,9.177758344724984,0.001862156649278,0.0314757141707371,-0.8190336523005807,7.718053350353162,4.291284834580783,1.6658898610907282,1080.6461296392952,1079.669898573268,1048.0291885943905,1090.4368372209071,129.7360260152591,-183.21428547965016,287.3241012173261,-50.036261059241816,148.80369033043783
48.5375,0.216233449812218,-0.8730937203772305,0.4462487515540676,-4.619592294591446e-05,-0.0099783452747721,0.0224420322616538,0.0032709126348959,0.000517489211475,0.0690481063116839,0.9976077030177875,-0.0354012361802949,0.0478238009243305,9.182001325183217,0.0017273016755127,0.0314981344417044,-0.820645786618216,7.718043811384595,4.291372980273985,1.6638469108293807,1080.8292253905383,1079.3701286345736,1048.5502663639115,1090.1639365955232,38.49243675866864,-84.95490945518662,152.10317204555585,-164.21904088771427,148.80053820424527
48.54,0.2147293194217536,-0.7085829452875775,0.3758120320943671,0.0005576308199208,-0.0132822951209028,0.0233691331852539,0.0032529772290493,0.0005337036293083,0.0690725120898707,0.997606063265932,-0.0360747826272788,0.0467619029264794,9.186257568620137,0.0016003339830405,0.0315252484733553,-0.822252643922246,7.718029908062704,4.291460247546145,1.6617970206191324,1080.8385918230883,1079.2451240259925,1048.7897044546175,1089.6157420164695,-13.622236916755663,-32.828385297017604,52.083342778697165,-250.62407779556364,148.79736616497746
48.5425,0.1966617691472657,-0.4973525252483723,0.275236573330262,0.0011107279497293,-0.0160291659106754,0.0239850001004495,0.0032371249421031,0.0005482270110614,0.0691152996254633,0.99760314195782,-0.0359443388731874,0.0459088830308999,9.190536853548323,0.0014820853549392,0.0315499889394821,-0.8238506938294533,7.718013063139042,4.291547687909746,1.6597403127303103,1080.7611142059543,1079.2059867080884,1048.8106830778052,1088.9108162065447,-35.564593780400166,-10.53237988020926,-30.83223642186809,-293.4792179797432,148.79418412807743
48.545,0.1641240920698568,-0.2446630112378987,0.1509465303752215,0.0015521063060354,-0.0174737928262847,0.0244478828997468,0.0032278065783099,0.0005594214071707,0.0691718434285412,0.9975992457105352,-0.035009336674668,0.0453454893555211,9.194842174700355,0.0013758557876837,0.0315659726902721,-0.8254360678405795,7.717994138691629,4.291635617002877,1.6576765678373324,1080.6607688541865,1079.1924621265914,1048.635543272508,1088.14834592657,-29.940882199643912,-16.622696135133648,-96.31764962577681,-312.11688472031904,148.7909982111674
48.5475,0.1160037721501726,0.0699828475378965,-0.0112976838040487,0.0017239003908883,-0.017515661511517,0.0246448621064423,0.0032266150168709,0.0005622418578418,0.0692359085673899,0.9975948043388864,-0.0332294231623179,0.0450906424228218,9.199170195309629,0.0012782900769749,0.0315713976286303,-0.827004887283822,7.717974204477546,4.291724608642368,1.6556061166569631,1080.6114097949564,1079.1228732274128,1048.3290948296767,1087.3502317829443,4.59707186618963,-41.814769152439546,-107.23618554096872,-251.5100093033275,148.78718110693615
48.55,0.0726753185287109,0.3121678931389554,-0.1472563326021698,0.0014901606295026,-0.0163101510057961,0.0243737383126039,0.0032349378202018,0.0005518062745296,0.0693001107660141,0.9975903286673284,-0.0305838369278871,0.045155089908184,9.203511283725186,0.0011847891843196,0.0315644455142436,-0.8285538882354516,7.717954278852221,4.291815127214882,1.6535289663678683,1080.6837542135174,1078.983388280829,1048.099362344803,1086.8907958800528,59.05989151771498,-74.7733147649414,-64.42585670662426,-128.85753000653267,148.7840125261631
48.5525,0.0258079578062896,0.506365445392673,-0.2727452958299227,0.0014467028108402,-0.0143593832705076,0.0237417076893016,0.0032513431452736,0.0005290605701996,0.0693592175557811,0.9975861858013764,-0.0271754093808621,0.0455011278298731,9.207850955571132,0.0010994125552016,0.0315471484893452,-0.8300806913127501,7.717935200779037,4.29190665295313,1.6514465987510472,1080.9067092525452,1078.749006653588,1048.0069655461434,1086.7059441329116,129.0595852180823,-117.99678188282815,6.188606425899878,-24.375202358236837,148.78086511967524
48.555,-0.040995783051236,0.670427678322829,-0.4004303918464018,0.0020330132571854,-0.0119149931114052,0.0226532699568386,0.0032740519265018,0.00049879679956,0.069408817026662,0.9975826854380362,-0.0231879428488131,0.0460857588658499,9.212171352493966,0.0010314199704324,0.03152172565693,-0.8315842597431634,7.717917066122454,4.2919987592137545,1.6493610846121232,1081.3290521396073,1078.3934043714155,1048.1303053769325,1086.7689198682615,168.76083083112013,-131.0177263142362,84.85468010321917,54.95490671189062,148.77712193703087
48.5575,-0.1076448100819323,0.7508432864593374,-0.481410049261686,0.0027280831969147,-0.0100613165009798,0.021414064975622,0.0032982409988287,0.0004652091390502,0.0694467838716801,0.9975799890674996,-0.0188043860910957,0.0468056386766676,9.2164537800865,0.0009885130361251,0.0314956848523974,-0.8330647909593175,7.717899249106029,4.2920913826982074,1.6472729896811449,1081.7505134067012,1078.0939180220164,1048.4312389466595,1086.9807186664711,159.2299116237977,-100.0539024885654,148.62654021473318,95.12220452133667,148.77403713071715
48.56,-0.1767564184914528,0.7806504700478197,-0.5309846834629248,0.0029969715349052,-0.0087144785273541,0.0196832343390691,0.0033195684307031,0.0004344381948081,0.069475746663872,0.9975779247936462,-0.0142452859113582,0.0475650790624665,9.220680168810839,0.0009809364018778,0.0314757668874043,-0.8345238306052148,7.717881479936265,4.292184111219993,1.6451823558825236,1082.1252016977267,1077.8931348589724,1048.8734380780063,1087.2445308908686,120.10900416755258,-38.54641808023966,198.88708071948608,108.99579634920792,148.77099546452763
48.5625,-0.2367383201038863,0.7635863570788867,-0.5559901714031653,0.0025181674782624,-0.0072529865842166,0.017256756825335,0.0033381845178824,0.0004112833359636,0.0694990663258346,0.9975762556394446,-0.009700126377894,0.0483457288582724,9.224834259457086,0.0010153204871569,0.0314616690892833,-0.835964334733523,7.717864151390087,4.292276902085578,1.6430898310139483,1082.3510584275384,1077.9011859316151,1049.4256743502563,1087.5256976482167,22.48347965666879,62.53188774572894,182.16179488870887,93.4160181848196,148.76740340479876
48.565,-0.2437958197731562,0.7014379035623941,-0.5582039429644658,0.0016569315018184,-0.0055208175458949,0.0153908926257971,0.0033559094942651,0.0003952330686015,0.0695191436903837,0.9975748084481164,-0.0052547511981427,0.049149866758572,9.228903280855613,0.0010882687249527,0.0314511626262727,-0.8373902458076203,7.717847785969645,4.292369554576067,1.6409961971586473,1082.23761909601,1078.2057942977008,1049.7842470524492,1087.7116109817923,-125.00390032071635,198.87731486427407,98.2090247240601,72.65573148907527,148.7644639207751
48.5675,-0.179710930088339,0.5791670925326051,-0.5635934949342256,0.0001593855421543,-0.0034167768402829,0.0144086536101461,0.0033765006773695,0.0003826224432933,0.0695369675124533,0.997573503325378,-0.0009277874522071,0.050008424006594,9.2328786422384,0.0011899115030587,0.0314393454104248,-0.8388061860005512,7.717833140710505,4.292461857008468,1.6389022370171236,1081.7260389259343,1078.8955725059373,1049.9167194738768,1087.8889763056623,-270.343406219943,343.1393187268959,5.3508681879038615,82.43139097230926,148.7615867783016
48.57,-0.0442256823221626,0.4022982377097942,-0.590217379561358,-0.0020335050586195,-0.0015235307239215,0.0144322362783918,0.00340262770819,0.0003725683075699,0.0695529457360343,0.997572303819032,0.0032186108831962,0.0509332954504503,9.236756861200993,0.0013143795079514,0.0314229190162499,-0.8402168541498867,7.71782050693417,4.2925535285654135,1.6368074114303837,1080.8859020649095,1079.921490891336,1049.8110013933888,1088.123767936654,-395.8141267629306,482.0961981470483,-99.91505138409586,124.71763349647036,148.75876589142794
48.5725,0.17022069290863,0.1633937971984318,-0.6515861763968142,-0.0042550437544097,-0.0002368448508126,0.0149791800210445,0.0034328611024902,0.0003662704948597,0.0695652681003258,0.9975713411860756,0.0070892399706125,0.0518615301711908,9.240539853055632,0.0014591379480597,0.0314052202788335,-0.8416263892372652,7.717810366237307,4.292644424313797,1.6347112475160988,1079.7469682921217,1081.3060534966703,1049.4171442169568,1088.512564473144,-523.6617153239472,661.7438684106926,-226.2047908126285,221.38930768621816,148.7560181024944
48.575,0.4674002264854296,-0.1772330515945105,-0.7432119562439194,-0.0050160627560413,0.0003903220689793,0.0144439808059833,0.0034608614931536,0.0003664866547055,0.069572804342067,0.9975707149358822,0.010565819645698,0.0526401306504734,9.244234211710925,0.0016247101361923,0.0313975376476304,-0.8430379296475214,7.7178029727978705,4.292735061706908,1.6326137439574155,1078.2675934882884,1083.2302102333913,1048.679977439325,1089.2307144750855,-518.2397023465533,716.4528812484123,-297.05547591218686,306.8212911022578,148.75281175193095
48.5775,0.6840501738948452,-0.4848913684801348,-0.7954790945305609,-0.0028160622059371,2.531471399789676e-05,0.0120860287876736,0.0034819271611382,0.0003731839494348,0.0695751263318066,0.9975704712212972,0.0135960821546866,0.0531419493637168,9.247848356405376,0.0018069339856724,0.0314085183969231,-0.8444536806102592,7.717797862452381,4.292826090545105,1.6305140905057107,1077.1557697803876,1084.888317902914,1047.931866837395,1090.046670928656,-369.7034166247883,629.9163662411772,-302.2983513584698,361.5079406884083,148.7502201446466
48.58,0.787469333001866,-0.7844312897193493,-0.7703712728698057,0.0020424621595503,-0.0014410884468015,0.0082262074594096,0.0034957218236774,0.0003833312211757,0.0695740136874742,0.9975704882320388,0.0162012566158792,0.0533167421100005,9.251389955650952,0.001996667383923,0.0314395009760769,-0.8458748325477795,7.717794443217177,4.29291789418718,1.6284106342572453,1076.419076405166,1086.3797920645943,1047.168485682534,1091.038254178526,-196.84084525055303,570.9178120559761,-311.7618031656317,453.92620142124053,148.74771709546116
48.5825,0.7279043879298989,-1.0916744577269972,-0.6162733200846379,0.0082407150324207,-0.004646153803652,0.0038168843989261,0.0035030517633473,0.0003931034164411,0.0695717437766057,0.9975706067322528,0.018430440147907,0.0531359522079358,9.254864345465357,0.0021839789268888,0.0314896608285508,-0.847301279346426,7.717792078254002,4.293010149306617,1.6263024138971047,1076.1715655541343,1087.7429069631955,1046.373057821566,1092.3163019357635,26.045928406652223,405.13378568691417,-255.50612282432328,462.3462773064966,148.74482151106065
48.585,0.531962059515551,-1.2754426051914407,-0.3874441531850067,0.0118150776634882,-0.0084475750401695,0.001239188204236,0.0035046505475024,0.0004008677822538,0.0695717182932741,0.997570589481571,0.0203027716267381,0.0525754159454806,9.258272718202242,0.0023635363471554,0.031557725953411,-0.8487316393752091,7.717790241249602,4.293102527477169,1.6241891784179199,1076.5493060471995,1088.40546099303,1045.8909550684118,1093.3499855650596,260.56236117302484,155.8267482147183,-144.04206898684063,379.9956753619699,148.74250254402173
48.5875,0.2372318863161904,-1.3618048302172956,-0.0859282918948055,0.0128651404015565,-0.0127881360592307,5.638912053915526e-05,0.0035002828879502,0.000404380833879,0.0695776995783362,0.9975701786842632,0.0218563726249768,0.0515966587949671,9.26161001142116,0.0025300028539809,0.0316438228778373,-0.8501633893338147,7.71778854347375,4.293194463471178,1.6220710626151011,1077.4743773599982,1088.5220407042684,1045.6528474766324,1094.2162803125716,495.8473594290545,-66.50764528186536,-47.18784197959708,312.7234837117831,148.74028551445826
48.59,-0.1459397435382743,-1.3496311015599922,0.3021866097929725,0.0116659839062071,-0.0176023835500898,0.0002524121337462,0.0034891142354857,0.0004026888015129,0.0695901154960766,0.9975693498104684,0.0231115899766569,0.0501579562586081,9.264863213198785,0.002680943525838,0.0317485920793823,-0.8515930952671809,7.71778661111796,4.293285699404239,1.619948179099281,1079.028542844346,1088.0729227666204,1045.6550158585137,1094.9136029836195,609.330544858228,-246.201588915766,42.120295522705696,182.0854202158421,148.737747261464
48.5925,-0.4348681744058253,-1.2542598371480576,0.6002098501792615,0.0095082374853283,-0.0209907668259458,0.0017378405224665,0.0034768504873777,0.0003937446116618,0.0696071056291393,0.997568212516148,0.0241225682935749,0.0483446528035458,9.26800869165247,0.0028119295383656,0.0318612129846242,-0.8530170739959451,7.717783885162626,4.2933764263214895,1.6178198155423456,1080.5210300842907,1087.2910327596887,1045.8634489542462,1095.1267074136513,600.3892826679479,-370.64508611003527,112.54086184536622,1.2495634504386994,148.73573652661244
48.595,-0.6489682549039876,-1.092444921554122,0.8185306607938014,0.0067442803379713,-0.0237423437878963,0.004512962054968,0.003467413894374,0.0003779515738923,0.0696283655199045,0.9975667725598258,0.0248996859231859,0.0462209693335443,9.27101328972725,0.0029236643578535,0.0319729448478214,-0.8544311147001695,7.717780215573914,4.293466715794609,1.6156853009093664,1082.030489257683,1086.219697336072,1046.21772016774,1094.9198508008717,640.5059126522608,-504.5022758335255,172.78863639221782,-176.46541142394267,148.73383681684376
48.5975,-0.8003500095417321,-0.8494919486819604,0.9424745580036707,0.0030684639205332,-0.0262980079840716,0.0088962178840912,0.0034639407618941,0.000354156529259,0.0696512917453456,0.9975652000581344,0.0254830032897728,0.0438448353514548,9.273833854631459,0.0030145964093585,0.0320758560247042,-0.8558308931489342,7.717775379250851,4.293557424072774,1.6135442237787192,1083.7235596475539,1084.76852138052,1046.7273921362075,1094.244380356531,594.8000105215809,-536.1738995684376,192.55768360830345,-296.95177481256263,148.7316877839361
48.6,-0.8443412385664567,-0.6252354816319609,0.9155074525504024,0.000433098019264,-0.0278631686615647,0.012652537931613,0.0034701681770582,0.0003249104511111,0.0696735414745183,0.99756364385449,0.025845720141556,0.0413010593558038,9.276418245039274,0.0030896940083331,0.0321598108065035,-0.8572124779762552,7.717769405816625,4.293649277747093,1.6113971025373968,1085.0044893102925,1083.5388278382284,1047.180508585782,1093.435091926808,492.3270026185877,-472.4390358273672,185.0682519704015,-337.9327906311009,148.73000694611468
48.6025,-0.8266940180976032,-0.3973017525867876,0.7608088321326562,-0.0013239470653478,-0.0289019837113303,0.015535665666565,0.0034849578713409,0.0002957389967432,0.0696942703645275,0.9975621635635598,0.0258996370918919,0.0385995420683902,9.278707619104258,0.0031597793341863,0.0322220174023893,-0.8585724006955175,7.71776221989672,4.293742915087714,1.6092445191330775,1086.1851946606444,1082.4063262013851,1047.6527333960587,1092.5547164033771,467.3611104923449,-423.9404902849961,196.5141753437724,-334.50602853987385,148.72844115238416
48.605,-0.7789590619637456,-0.178067396534045,0.5213186503560128,-0.0024625904171148,-0.0294270309631048,0.0174824416473677,0.0035036066262762,0.0002686834719424,0.0697119455292062,0.997560880644322,0.0256155617947482,0.0356914922400302,9.28063770664579,0.0032299814098087,0.0322658426370551,-0.8599081038182081,7.7177536256851615,4.293839169908681,1.6070873866879916,1087.3412948627551,1081.4191253868023,1048.1630794625014,1091.762561784108,471.38629000372464,-350.16483724321284,222.93452831715928,-266.8852355736816,148.7269709791625
48.6075,-0.7127453831935487,0.0191343395030416,0.2148909867740311,-0.0033630520221004,-0.0293141551859574,0.0184318249021366,0.003519694636595,0.0002422588063427,0.0697268976167574,0.9975597939406788,0.0250264302883924,0.032502966677545,9.282141139444063,0.0032993890815633,0.0322979973901929,-0.8612183100953509,7.717744622631603,4.293938161471143,1.6049267402868364,1088.5421261106644,1080.6555020151684,1048.7674060376453,1091.220290225508,550.9165177450094,-277.5645115691328,298.88756069744784,-161.03147185323087,148.7256158843279
48.61,-0.6186367260700715,0.2200394531509923,-0.1804845653894595,-0.0048413009072533,-0.028523976212987,0.0183261219438379,0.0035301764513798,0.0002143235605961,0.0697387747779574,0.997558938786708,0.024180548386362,0.0290322593467028,9.283150076408097,0.0033650378042717,0.0323198554158252,-0.8625034611001937,7.717736232912494,4.294039674759248,1.6027635398163584,1090.095877451478,1080.031302828958,1049.6575172659873,1090.9574044248425,589.1232090080563,-178.3780265889615,356.98715376934086,-31.47417831231205,148.72412189779052
48.6125,-0.5242362933711585,0.3547421917363711,-0.4970289584934333,-0.0065268095305913,-0.0274701978167508,0.0171076747305637,0.0035373930779217,0.00018439445367,0.0697464593661244,0.9975583842058208,0.0231015044635414,0.0253887975684476,9.283599552461679,0.0034256512763683,0.0323240311498145,-0.863765821332874,7.717728485294355,4.294142826516191,1.6005979935753771,1091.4877421557062,1079.7636118822231,1050.552341806493,1091.0629193339464,566.5608285982955,-57.074276955625365,384.41760235312694,96.11372781173117,148.72298590689596
48.615,-0.4083304426668747,0.4581871734132285,-0.7621942822773508,-0.0082551299348356,-0.0263460362804496,0.0148277919515394,0.0035426396023462,0.0001518973599668,0.0697487876783432,0.9975582066840738,0.021812565578506,0.0216697242481215,9.283431519438627,0.0034795523048537,0.032305906985643,-0.8650089509574737,7.717721489578558,4.294247112021106,1.5984307939098747,1092.9286815944708,1079.7459314441796,1051.579605277754,1091.4379730639012,620.5033911264495,38.02951741025757,466.2303158276393,202.65734715522072,148.7219612137748
48.6175,-0.2483893780770561,0.5546859910635413,-0.9897038887537613,-0.0097206677134958,-0.0251555748806824,0.0111613588476834,0.0035443544679675,0.0001190237365416,0.0697465318796703,0.9975583571566122,0.020281842217642,0.0179274856672758,9.282598291943543,0.003530055117929,0.0322666059105326,-0.8662373920537921,7.717715510391171,4.294351428952396,1.5962628595303963,1094.5902591113356,1079.9537594692742,1052.8834933856288,1092.0762060697216,572.9193058756007,97.74773771977837,474.37980626999274,247.68645412178617,148.72085747290555
48.62,-0.1081044641627977,0.617637688360432,-1.0928573025866848,-0.0101439024972906,-0.0240730053013256,0.0076800519874013,0.0035419276040813,8.936810795569488e-05,0.0697412215948193,0.9975587305713056,0.0184527467257192,0.0142360703096032,9.28106459131948,0.0035827029612146,0.0322066670544489,-0.8674566282314585,7.717710631568557,4.294454227327131,1.5940942337373487,1095.7932781238503,1080.2346701327788,1053.951504309105,1092.6764053345107,408.902838719423,106.58879890323992,404.90579889539936,239.57035994427793,148.72004014580045
48.6225,0.0235262387305877,0.6645618583843165,-1.1096180415067378,-0.0097506322855124,-0.0227357742418662,0.0045839147722655,0.003535935150111,6.345654412230685e-05,0.0697343421307638,0.9975592219141016,0.0163274415095876,0.010686848533853,9.278809336698508,0.0036375552031126,0.0321260650182791,-0.8686727531697275,7.717707007459654,4.294555516421118,1.5919249564279718,1096.6347733049336,1080.4867034637907,1054.908022380107,1093.2740578694436,249.11595908119955,67.21307445370005,377.7430150992839,256.4308220692114,148.7193257426565
48.625,0.1582692486493901,0.6994003650445446,-1.0489056851208431,-0.0086400434648128,-0.0210028781069137,0.0018191497397349,0.0035264601032438,4.081632074479247e-05,0.0697278875725331,0.9975596933678712,0.0139266373410508,0.0073573400246496,9.275827536888622,0.0036930952817692,0.0320266542248125,-0.8698919852422276,7.7177047072026435,4.294656121560918,1.5897549648660223,1097.0388579192552,1080.5707355050467,1055.8402193845995,1093.9585594448558,29.26616470420346,-29.680263075742623,297.01196114837967,246.9420075215084,148.71858289205028
48.6275,0.2499453580377623,0.705650971628593,-0.9460215158866134,-0.0077014813898993,-0.0194438869970114,0.0001922075287104,0.0035098852415224,2.3306648481962512e-05,0.0697250327689326,0.997559938141175,0.0112240545719468,0.0042535515555312,9.272131605472737,0.0037525733387721,0.0319171817290958,-0.8711200825612854,7.717703379413248,4.294756260904231,1.5875842716700193,1096.7811041284547,1080.338302148412,1056.3930821858476,1094.50876790705,-228.46760668892009,-174.8239052761634,167.9370592400169,219.3219070826459,148.71805564632749
48.63,0.3285657730470972,0.6799329370183468,-0.7979218425690829,-0.0071524732754481,-0.0176141402049826,-0.0011441213288139,0.0034842709917097,1.1891145569498672e-05,0.0697278734210987,0.9975598193345808,0.0082133596614373,0.001403193132126,9.267750808173586,0.003817724194995,0.0318043061430469,-0.8723623395520078,7.717702250069829,4.29485613170149,1.585412291021874,1095.89651988581,1079.6966159786657,1056.6799046808003,1095.0551689802696,-442.34035560898633,-329.14088341491595,67.06629261685728,218.06217199284887,148.71761933292163
48.6325,0.4049562550913008,0.6216653344990167,-0.6096322258847141,-0.0066244186654134,-0.0154954234821452,-0.0025827666319531,0.0034537294919535,4.4564729372474005e-06,0.0697364366313881,0.99755932116639,0.0049543744726424,-0.0010683615750751,9.262730532924063,0.0038843982958406,0.0316852099576139,-0.8736235670178152,7.717700731275163,4.294955659170142,1.5832374326028462,1094.5694023504086,1078.6925977313367,1056.728413648932,1095.5990787670148,-600.6712453549432,-482.3724122698717,-41.97355765390237,210.92372904855523,148.7172551309311
48.635,0.4855733975204627,0.5225245135966403,-0.3622647362921853,-0.005739072872175,-0.0132477344765181,-0.0044165189037406,0.0034209367634409,1.4373782417466903e-07,0.0697529514834811,0.9975582784563604,0.0014835200900933,-0.0030729835388795,9.257132275937678,0.0039512329113805,0.0315600303889849,-0.8749074402920072,7.71769798074521,4.295053635306174,1.5810586914643068,1092.893163659038,1077.2847539173183,1056.4700368925307,1096.1097876255114,-756.1369988359953,-690.4950937555092,-187.85709288435493,200.7375706002559,148.71697384491512
48.6375,0.5911997626981259,0.3686739620744817,0.0110563906606715,-0.0043043062922892,-0.0111653203278059,-0.0069877208708576,0.0033884244623736,-3.2874868515899886e-06,0.0697744468932169,0.9975568902903084,-0.0021354279101999,-0.0045400914074166,9.251032070216832,0.0040142117504783,0.0314299257304765,-0.8762166110202473,7.717693292549072,4.295149226343815,1.5788754750446212,1090.7887173562267,1075.2401222625574,1055.7891281845095,1096.6027666200166,-739.6094225960351,-784.7803132334396,-309.80009981760827,144.5710310648962,148.716726871183
48.64,0.6877111482702678,0.231449857149744,0.374849439315937,-0.0031505740350959,-0.0102698241148439,-0.008856583639215,0.0033592033820533,-1.0585419402982076e-05,0.0697969120536734,0.9975554264644741,-0.0057893977975325,-0.0054075007900179,9.244518894527012,0.0040646014261098,0.0312958889703021,-0.8775529008865106,7.717687665553555,4.295241573216237,1.5766866834317892,1089.195116546056,1073.360852351149,1054.921036393442,1096.8326427808363,-556.7269399689455,-753.6583684905087,-399.84152318743304,34.76852617553483,148.71659262753795
48.6425,0.7907395228787468,0.1156654491592657,0.7467991782722698,-0.0020038338990607,-0.0103531099925318,-0.0089185786786763,0.0033344631723849,-2.2540787454435376e-05,0.0698203488216952,0.9975538807861428,-0.0094378793954741,-0.0056556083350394,9.237693346810445,0.004100592654564,0.0311616052216596,-0.8789174075631931,7.717681943829821,4.29533025727721,1.57449134063876,1088.0050826563845,1071.4718304201083,1053.7899205685744,1096.776609250894,-399.47895681991696,-791.5305621396826,-537.791367200814,-105.31614902714932,148.71652795267158
48.645,0.90887251644245,0.0336942598369213,1.1100949266349462,-0.0003160381691334,-0.0117351203435607,-0.0052132506277312,0.0033196998910347,-4.0297893939316326e-05,0.0698441905781598,0.9975522715672231,-0.013024778762688,-0.0051990301321085,9.23066532684145,0.0041185365661373,0.0310228419864706,-0.8803112862563929,7.717677045221993,4.295416131959848,1.5722913743969327,1087.197721761955,1069.403199540449,1052.2320795574367,1096.3060620357003,-190.82699258419112,-697.4431605190673,-586.4785807874524,-239.35537263738783,148.7165252418147
48.6475,0.9844668760260444,0.0235391299196988,1.2722177616398402,0.0016066836776627,-0.0132980187390209,0.0005568589372152,0.0033175288375909,-6.364915895648506e-05,0.0698667534184542,0.997550705576104,-0.0165185817614337,-0.004015594675294,9.223552650629369,0.0041167532130743,0.0308793970813627,-0.8817355885119513,7.717674059176752,4.295500014955843,1.5700887226264313,1087.050947693463,1067.9846146175112,1050.8575276646357,1095.5798323877063,28.40057078554164,-478.2902081876076,-544.6368892174584,-342.61440782324155,148.71658141937823
48.65,1.0067097265592977,0.0617793972225468,1.2350050999651039,0.0044091684574658,-0.0140631413130029,0.0066707917416204,0.0033286730686468,-9.118607973017136e-05,0.0698864636572353,0.9975492895312652,-0.0199078669473447,-0.0021262531742114,9.216479090401185,0.0040953844727771,0.0307330695140241,-0.8831913676722273,7.7176733147190495,4.295583327253572,1.5678840878686047,1087.3397246158827,1067.011748499513,1049.5088951113519,1094.5929899965856,179.63242837031336,-309.4634067498427,-566.3076056783042,-454.7928718026416,148.7166937890894
48.6525,0.9386809030309282,0.1238390663204654,0.9611568453537264,0.0088809173949014,-0.0134158475794753,0.0123080662105333,0.003353589598097,-0.0001213725080508,0.0699028346233653,0.9975480559169828,-0.0231793180081222,0.0004359363325013,9.209572306350209,0.0040546475010632,0.0305847576527283,-0.8846796170872668,7.717674679546818,4.29566731249197,1.5656776018295813,1087.949109835315,1066.4372975837612,1048.0259896362427,1093.3058680286922,226.1687475836177,-111.47365339319305,-507.864090134048,-451.873839169726,148.71688887410068
48.655,0.7918001078379671,0.1562270156723986,0.57899886566021,0.0130774764821867,-0.0117919349843686,0.0153085520181895,0.003389723476206,-0.0001514999813868,0.0699133689218451,0.9975471885475672,-0.0263406924068008,0.0035793705099524,9.202961926182212,0.0039971310165929,0.0304392162403038,-0.8862008359907032,7.717677691989636,4.295752695527288,1.5634695157877478,1088.4705683538016,1066.4543802325468,1046.9695746606803,1092.3336208007358,167.41860177268555,97.41064056465567,-371.0414046441393,-323.14957871824214,148.71709850560077
48.6575,0.5672352719797285,0.1430087466256357,0.1073553848295656,0.0164889218031981,-0.0100063978383453,0.016449248435491,0.0034361787018283,-0.0001797077153747,0.0699157489162868,0.9975468528356468,-0.0293783402660866,0.0072398327573583,9.19677700145584,0.0039241022337454,0.0302972005772757,-0.8877550301718183,7.71768133483135,4.295839205877507,1.5612589539424102,1088.7862028441775,1066.924350786584,1046.1707826130237,1091.6901201351025,69.84813712043497,245.5409655022885,-267.0327527076095,-176.33670988593695,148.71735359870442
48.66,0.314951819789137,0.0898262826493905,-0.376142547336665,0.0181362895997208,-0.0089012462395663,0.0157964423894441,0.0034911943564625,-0.0002076088233645,0.0699135687136111,0.9975468010276732,-0.0322132509914141,0.0113334154267909,9.191143826247473,0.0038317323609495,0.0301603841940136,-0.8893413099233051,7.717685253377598,4.295926361361964,1.559044749352832,1088.819809039404,1067.6820850600589,1045.6344108971416,1091.4519372513057,-63.91020580705485,343.5463657060216,-141.61955412420895,18.174311130896765,148.71764413195288
48.6625,0.0912563471520761,0.0026610936327591,-0.7989744758459657,0.0173623002767925,-0.008935315284244,0.0130151658806539,0.0035519416156531,-0.0002379170780217,0.0699094356191675,0.997546858670299,-0.0347463115439312,0.0157581046850866,9.186183482557054,0.0037149340566191,0.0300316581706998,-0.8909577419288036,7.717689543772827,4.2960144446732045,1.5568259595638951,1088.4666518151423,1068.6420826151148,1045.4626848424023,1091.7809916907568,-235.12301477001995,426.61206170025855,15.224501240541233,271.3714683664615,148.7179749929056
48.665,-0.0727294579400656,-0.1174777127604038,-1.1575411235282111,0.0150239159942719,-0.0098922547794815,0.0079248020003263,0.0036189801743369,-0.000271106514652,0.0699030358443703,0.99754704521434,-0.0369154656405822,0.0204814461383733,9.182008777516817,0.0035726984471854,0.0299069551373243,-0.892601624620665,7.717694372732708,4.2961040774553165,1.554601959815035,1087.644193965555,1069.8151453685582,1045.7105334033442,1092.8087945931368,-349.4498949618023,403.1795492611065,164.5700077335345,463.1133893089914,148.71841593633937
48.6675,-0.0926968903365883,-0.2188362474732497,-1.297675157752465,0.0131314546267219,-0.0110754394579,0.0029489976831017,0.0036942027350988,-0.0003028543019684,0.0698923776220699,0.9975474944024352,-0.0387468622239179,0.0255072974034299,9.178721668667375,0.0034131375491632,0.0297787147667677,-0.8942694867335396,7.717698943863611,4.296195440073379,1.5523722226575352,1086.7194023403324,1070.6579803614216,1046.2855348810704,1094.0965586373031,-391.787699427077,279.31727681670316,294.2819193134114,569.3971978355237,148.7188181963494
48.67,0.0130843249329327,-0.3197160231948339,-1.2649262164145267,0.0118211141062032,-0.0119607880160329,-0.0021454889498239,0.0037758145998393,-0.0003299095491895,0.0698764236897496,0.9975482873249808,-0.0402554488741967,0.0307771589857507,9.176411647386344,0.0032439476645446,0.0296457915618133,-0.895957026433986,7.717702181922639,4.296288949279081,1.5501359394110237,1085.6852554684183,1071.2117317526424,1047.181942999912,1095.6557805823159,-450.0701704402218,156.0764407685438,441.9567362912784,701.8525141913888,148.7192544657409
48.6725,0.2601289995083921,-0.4488779772682209,-1.0593996503334884,0.0112964260245009,-0.0125650563479471,-0.0074746503240691,0.0038576162000922,-0.0003508674965163,0.0698563462510027,0.9975493670899884,-0.0414334211120532,0.0361563069331654,9.17515404296546,0.0030711360663749,0.029515203298728,-0.8976593871780699,7.71770318581544,4.296384801287632,1.5478925647542348,1084.4690514881331,1071.4383625652636,1048.4953185625247,1097.6058212082569,-424.96636360884713,6.864264396968919,494.7260343269333,694.9711279564409,148.71981476181924
48.675,0.5338324449207402,-0.56827632170434,-0.8000570986041289,0.0121899464957141,-0.0132648547603078,-0.0103376477269531,0.003933108980261,-0.0003634074171943,0.069832184659925,0.9975507593008108,-0.0422972954187033,0.0415117677653827,9.175007820035523,0.0029030312553176,0.0293948894459453,-0.8993717732148112,7.717701276586046,4.296482860040361,1.5456441101785423,1083.5604236503732,1071.2460530746273,1049.655573171548,1099.1306362220998,-329.62776915820956,-144.80404467155364,441.78229073782086,554.8196626570988,148.72031039993797
48.6775,0.8333732736251153,-0.6982246009345014,-0.5281220234341859,0.01472346236733,-0.0147377785679041,-0.0106912063842246,0.0040011013770369,-0.0003682812554289,0.0698022191677659,0.9975525902140898,-0.0428091381310955,0.0468084814932941,9.176013442092536,0.0027420920932435,0.0292845278551735,-0.9010900378071808,7.717696507858957,4.296582581925833,1.5433930215560707,1082.8209126423415,1070.7143423419054,1050.7042300162148,1100.3799195215436,-282.4028704516717,-283.68538524453805,395.354848537086,456.8170324821556,148.7208334878889
48.68,1.1803369569345898,-0.8588030198284631,-0.2720333525055448,0.0191797697070018,-0.0172123281860878,-0.0088289866589481,0.0040645941000625,-0.0003750301941566,0.0697681772053556,0.9975547205708049,-0.042773834636166,0.0520801341051511,9.178191824861372,0.0025747151407726,0.0291784762805674,-0.9028105526665516,7.717690674608385,4.296682990206594,1.5411411531761612,1082.148409298116,1069.827626148406,1051.6323474142316,1101.4147213845083,-213.09384705867168,-340.2254082463138,261.83808444543746,289.97444217073905,148.72149008522587
48.6825,1.4437821136521822,-0.9921624060659968,-0.1527830276431829,0.0233042555437731,-0.0195344622597262,-0.006784353216418,0.0041260494857945,-0.0003888302780381,0.0697331948612661,0.9975569161490712,-0.0420864084527391,0.0573573512300195,9.181543176258973,0.0023950643973156,0.0290728165382023,-0.9045295188364014,7.717684743202682,4.296783275073738,1.5388897209481636,1081.7554434070476,1069.0132153006728,1052.0134204384428,1101.8297917323982,-127.72419825585362,-310.92830356503794,54.682809582454176,70.69128466965616,148.72205918495536
48.685,1.6820877161111139,-1.1228359653874112,-0.1312847308465564,0.0271164575787423,-0.0219702788933657,-0.0057230712711742,0.0041880125501195,-0.0004101836835359,0.0696998608887151,0.9975589831733804,-0.0407371844000895,0.0626772219156598,9.186045891201337,0.0022054421392417,0.0289642671930735,-0.9062424155225725,7.717678376960154,4.296882394555597,1.5366368971907551,1081.5097883068363,1068.27298463058,1051.905761462144,1101.768177807857,-76.84817642700803,-266.38695314997346,-126.26041767350785,-97.31990299573891,148.72264842876464
48.6875,1.9082783592542891,-1.250047927727688,-0.1652902298471066,0.0305355413349127,-0.024454891179059,-0.0059624254471038,0.0042529152154104,-0.0004403717020397,0.0696712619191258,0.9975606941674569,-0.0387119062766312,0.0680707066117177,9.191656135204353,0.0020065743743102,0.0288511185837476,-0.9079434675355256,7.717671598520078,4.296979274079633,1.5343788355978627,1081.3712025249129,1067.6812805349243,1051.3821183500759,1101.34319221742,-29.590525399525717,-190.06243236362033,-301.656014207903,-241.88850716517837,148.72325245460172
48.69,2.124654105190261,-1.3683447974389664,-0.2240689986100096,0.0339840199300589,-0.0270106970257148,-0.0076270937362737,0.0043222552710462,-0.0004790231408085,0.069646631166217,0.9975620959294922,-0.0360374178021017,0.0735486971474635,9.198307589695258,0.0018017896395636,0.0287341799021718,-0.9096254548532884,7.717664687600056,4.297072751364725,1.5321130906188822,1081.361835679839,1067.3226724687627,1050.3974813911059,1100.5587352720322,30.412289967519328,-102.07436383843068,-520.3053467218136,-400.91682935751527,148.72387222351995
48.6925,2.357003551550521,-1.484872721150829,-0.2811786134776604,0.0392751288335207,-0.0306462663160675,-0.010180696601884,0.0043943943625718,-0.0005263357384714,0.0696272064920908,0.997563109552577,-0.0327423792005377,0.0790576158242396,9.205912384036857,0.0015936176810968,0.0286206072475739,-0.9112798953755096,7.717657304247523,4.297161696891414,1.5298387225568888,1081.5232639747503,1067.170908715732,1048.7805916164655,1099.3386080706312,92.5737660811573,-13.053665766885986,-647.8337301970312,-471.5623854668909,148.72463183894655
48.695,2.49996724556612,-1.5430334369208316,-0.3062275268968009,0.0450526289228555,-0.0345228210018843,-0.0117499913216395,0.0044684308365056,-0.0005812544744957,0.0696148807700489,0.9975636082584928,-0.0288848660818488,0.0845518419053814,9.214361420363662,0.0013864312463076,0.0285160838764296,-0.9128978649526974,7.717649190319879,4.297246681085667,1.5275548673225985,1081.824704510245,1067.2574041399282,1047.158312740119,1098.2009233446963,158.27392876945694,73.41379699844165,-683.6591362784781,-455.7018089848549,148.7252766855594
48.6975,2.549197626077371,-1.538774393904766,-0.3146081004002487,0.0517844904632994,-0.039127955978015,-0.0123667429141526,0.0045473872525453,-0.000642510721341,0.0696062721016587,0.997563814329102,-0.0245289845428476,0.0900508010075849,9.223525692721811,0.0011836484322804,0.0284185283808246,-0.9144709296354834,7.717640576561044,4.297329840816933,1.525261652903725,1082.314633618597,1067.5379777007236,1045.362295935076,1097.0600990257092,256.15405314793486,164.43969595052977,-803.4636780627789,-483.62571069867766,148.7259324544796
48.7,2.4594945567873965,-1.4485987087528198,-0.3212975185171268,0.0601271219827455,-0.0446152400002651,-0.0127309309076751,0.0046283135757446,-0.0007063644174692,0.0695962057382022,0.9975641022390525,-0.0197975026057724,0.095460649151204,9.23326165382549,0.0009932252239579,0.0283353727991756,-0.9159914028291208,7.717631012350647,4.2974130399207,1.522959810350796,1083.1054747759852,1068.0796026196813,1043.1409943498031,1095.782794791202,317.09083932070973,230.690801744204,-804.5326324687245,-448.1916585418256,148.7267308283731
48.7025,2.2428887354995903,-1.3067972419028486,-0.3316195696994589,0.0668871003888748,-0.0485649093309673,-0.0132014635618766,0.0047086835699764,-0.0007688320175001,0.0695799023147644,0.9975648182944692,-0.0148210784434492,0.100689902985179,9.243414026028328,0.0008228361584202,0.0282720634200339,-0.9174534840199344,7.717620426512389,4.297498092217624,1.5206508482832204,1083.9000878152015,1068.6914317094452,1041.3396327727305,1094.819140732999,334.8110103256975,273.07800399359894,-683.8150346827514,-369.0946174501452,148.72740508844655
48.705,1.8752148956850851,-1.1147396821641526,-0.349357779379252,0.0729355581293616,-0.0517450326625,-0.0137302988987398,0.0047906672745773,-0.0008277862224898,0.0695562400797538,0.9975660310482578,-0.0096919561186737,0.1057269609312057,9.253819430482329,0.0006755973813911,0.0282245955638577,-0.9188541207254176,7.71761001825816,4.297585864546867,1.5183362660199105,1084.7795298276124,1069.444992639648,1039.7219191763925,1093.9373217039529,393.5547921571275,351.5280382591775,-640.4808382925146,-383.08672305500704,148.72808823783157
48.7075,1.2790259839420195,-0.8584008670762839,-0.3756878234705741,0.078658863157812,-0.0547983597076384,-0.0142264489362541,0.0048771560621511,-0.0008851576384313,0.0695295853567336,0.9975674196080851,-0.0044263128884456,0.1105656103451165,9.264312490107006,0.0005466413422997,0.0281873195536363,-0.9201931874610269,7.717601778680496,4.297676136084224,1.5160185192594056,1085.867861775988,1070.449071900742,1038.1372285812663,1092.903707117723,397.3429905074013,370.1127278076836,-505.8044783551081,-386.8462934516923,148.72891821860776
48.71,0.6826497388796313,-0.6503370729770535,-0.39397347160323,0.0814571633573872,-0.0565937188912027,-0.014870533219886,0.0049670440048057,-0.0009441393862398,0.0695031110424476,0.997568765164938,0.0009783448006898,0.1151228767785011,9.274732581188944,0.0004286046745513,0.0281615915612477,-0.9214733508926716,7.717596228199039,4.297768132573367,1.5137003893772247,1086.7662447801504,1071.2955562786872,1037.1928967846156,1092.0030902366934,353.492854815298,318.74139755697684,-291.0178449080295,-379.0467234040344,148.72961856926432
48.7125,0.0296589806228445,-0.4815999293084853,-0.3930054683947771,0.0819765247286353,-0.0571351158068654,-0.0160464053734561,0.0050567123769189,-0.0010041856134572,0.0694767042598561,0.9975700941195104,0.006452875151268,0.1192742702175214,9.284928978434563,0.0003208898126075,0.0281526765402159,-0.9226999331101348,7.717593114229294,4.297860947493956,1.5113840058669283,1087.6353260500628,1072.0427788885256,1036.6821393567275,1091.0084735007044,343.71608522570267,265.50854884758394,-134.22407334976424,-414.75449025294137,148.73032848514583
48.715,-0.6342074477587664,-0.3660201814470032,-0.3639642938852834,0.0808208967643859,-0.0567041163685327,-0.017497119538327,0.0051424189250778,-0.0010654358238853,0.0694487405473234,0.9975715396963676,0.0119420001198828,0.1228937855069215,9.294764840086318,0.0002217706415398,0.0281660206775811,-0.9238804492570674,7.717591530627854,4.29795375971909,1.5090708057205435,1088.4848252062795,1072.623099022926,1036.5217764178665,1089.9293177854277,340.76137361690445,174.9144005724262,10.196843946591128,-442.0226769451359,148.73104695295277
48.7175,-1.2734262464081676,-0.3225421419859333,-0.2922483047009023,0.0779443768447976,-0.0560191762187022,-0.0189028334792432,0.0052221095919325,-0.0011281673656069,0.0694198931720147,0.9975730667264588,0.0173975365332159,0.1258896229718614,9.304120326712308,0.0001297116438632,0.0282038011395216,-0.9250238696053042,7.717590398911923,4.298046524868042,1.50676126036619,1089.3391329181484,1072.917350891388,1036.7331235764605,1088.7983601159776,388.0834476005367,50.35099576571188,159.83337465919234,-481.6227991492557,148.7317767474397
48.72,-1.9735195391225944,-0.3353193201793213,-0.1570178169809345,0.0728327990597778,-0.0557097302822052,-0.0202424777870649,0.0052987739663713,-0.0011903654029816,0.0693893941031284,0.9975747154210032,0.0227367591772512,0.1282714319128395,9.312894160689742,4.731834444629004e-05,0.0282583388978787,-0.926139853607019,7.717588406410256,4.29813983165504,1.5044544942280929,1090.4252424442807,1072.8748540017543,1037.3209432911617,1087.5212037896836,417.1594589003829,-83.36284086358602,255.69360668355887,-426.7731626949716,148.73266723816295
48.7225,-2.479554388699349,-0.3689588910121628,-0.0119207810603401,0.0675015214686062,-0.0560333940152033,-0.0209711263316302,0.0053718695245194,-0.0012518722917837,0.0693573960674597,0.9975764787007008,0.0279086306720407,0.1299871515865202,9.321007444756788,-2.5087508390263077e-05,0.0283284145016225,-0.9272373342003496,7.717585019650434,4.298233826630192,1.5021488051555623,1091.4249302126511,1072.50053668707,1038.011591609879,1086.6644943025017,427.5721866474301,-214.5900525236623,300.72616567547885,-264.2530346025536,148.73342303002383
48.725,-2.883364811313208,-0.3766356266551122,0.1475499307489653,0.0613449650066879,-0.0572910197868496,-0.0211646455579564,0.0054392697015523,-0.0013139292569593,0.0693252409900428,0.9975782749940506,0.0328878090053313,0.1309607346825283,9.328403193753436,-8.903306219450028e-05,0.0284156793164633,-0.9283239092697528,7.717580091736218,4.29832834424511,1.4998419567859351,1092.5631033775187,1071.8019037391355,1038.8245741195399,1086.19993861667,534.438689538078,-370.2722417409134,371.0931114264632,-82.81231723124876,148.73419504626946
48.7275,-3.2222694779287324,-0.2968523579869872,0.3239501975925564,0.0526244043399463,-0.0600873291754712,-0.0205735682264579,0.0054964064620814,-0.0013802311347041,0.069297162026923,0.9975798320835042,0.0376935269003568,0.1310756212444231,9.335045563032633,-0.0001498581555168,0.0285264402289799,-0.9294053702708588,7.717574091998509,4.298423389253957,1.497531889733256,1094.097123660339,1070.6491754783672,1039.8670571670095,1086.2504327163458,584.3381583659914,-464.64088501460407,387.33858367884943,128.2003178842641,148.73514277216756
48.73,-3.360905664599679,-0.1265070685707329,0.4323147370066107,0.0438701611283632,-0.0628942247852234,-0.019357305077605,0.0055391774421225,-0.001450431454061,0.0692746684036181,0.997581068731294,0.0422711347035961,0.1302386133928961,9.340917756960252,-0.0002056452847169,0.0286655018305645,-0.9304858084431672,7.717567083210071,4.29851919836491,1.495216522816226,1095.4847941693504,1069.4786993140613,1040.761267037935,1086.8409402060915,562.2230508071732,-497.94890705954447,361.6842175341358,338.5043109927752,148.73595213693255
48.7325,-3.330838478286151,0.1553173666394946,0.4715683175044231,0.0342469452967686,-0.0647828884551555,-0.0174278496108512,0.0055685526297251,-0.0015243572226309,0.0692521511229233,0.9975823677020588,0.0465756362773228,0.1284617906331062,9.346017934541255,-0.0002560799785731,0.0288281878922024,-0.9315680768547406,7.717559729968179,4.298615631405617,1.4928960723005311,1096.9082389143766,1068.159430943068,1041.6754782546811,1087.9429542713103,611.798877340936,-595.7861866643232,410.72095060822966,564.5215329786556,148.7367838850327
48.735,-3.103930837828239,0.5825349463628465,0.4175954279653187,0.0230667105823281,-0.0647671814443219,-0.0144809121303708,0.0055869786736764,-0.0016008865389473,0.0692240885263786,0.9975840997433956,0.0505482362499474,0.1257971978793862,9.35035809754066,-0.0002995484281483,0.0290068366336892,-0.9326539458960932,7.717552133733414,4.298712233561246,1.4905715826955768,1098.5437885560523,1066.4997683807424,1042.8148717909744,1089.6635478709825,573.3243055770595,-604.8489771841648,428.6004161248538,657.8410216941666,148.73781003447726
48.7375,-2.78178234297576,0.964048228637304,0.2886112787819984,0.0146977875119392,-0.0625536107854466,-0.0119559186743051,0.0055989670299707,-0.0016773013370602,0.069188632004447,0.9975863714225884,0.0541064021471105,0.122348618452946,9.353961586903011,-0.0003318318873114,0.0291895815899645,-0.9337444312009134,7.717544515829298,4.298809392197056,1.4882436487335022,1099.7748604422632,1065.1351860571458,1043.8184803353065,1091.232159379783,456.1719306200697,-520.4802291339613,414.9120656843176,604.8598246033723,148.73868998685495
48.74,-2.376874359171683,1.3104898723404173,0.0980314957021815,0.0081598161472489,-0.0584233050995258,-0.010536656205051,0.0056060774434642,-0.0017533683317968,0.0691483413445455,0.9975889953237206,0.0572143370610071,0.1181725813007976,9.356861839149314,-0.0003530408850177,0.0293701958915958,-0.9348396632138491,7.717537335747355,4.298907694506027,1.4859120758234907,1100.8246482091536,1063.8973672350712,1044.889432119397,1092.687846994001,390.18978183793496,-458.10395845347387,437.55065880990287,530.4007319130782,148.73959727764347
48.7425,-1.9562977364866825,1.592479089640544,-0.107493574512484,0.0037069077493963,-0.0534281363104896,-0.0109437565404464,0.005609390525962,-0.0018287392602504,0.0691061575946301,0.9975917616244068,0.0598376124399509,0.1133280728320666,9.35909967958628,-0.0003633820766005,0.0295432281792224,-0.9359391869985616,7.717530192727079,4.299007465874463,1.483575985451326,1101.7258093514513,1062.8446662648803,1046.006233629354,1093.884163039346,330.53775863978814,-359.5812014598757,449.5703032429875,389.39282558401914,148.740528284884
48.745,-1.5782262237346587,1.7762138079410543,-0.2834655345285554,0.0013156358406551,-0.0480345412206783,-0.0132056331120622,0.0056094880583385,-0.0019031446352733,0.0690651699998987,0.9975944544313736,0.0619475635544624,0.1078755631584836,9.360721424489421,-0.0003635282775762,0.0297041909266034,-0.9370421684258124,7.717522735619923,4.299109416931713,1.4812353775062472,1102.4773370023536,1062.0994612277707,1047.1372836356131,1094.634811121922,304.08239060082354,-241.96121443798248,483.7935651805109,215.47340809491175,148.74148899801375
48.7475,-1.227058359563137,1.8848609620380872,-0.4220719975636505,-0.0005156721828547,-0.0415290081958989,-0.016237834937425,0.0056059767301116,-0.0019746387220158,0.0690272383537468,0.9975969529201352,0.063488528125029,0.1018699028163226,9.361777754382553,-0.0003513986738975,0.0298504440993712,-0.9381476363288254,7.717515231487766,4.299213806836376,1.4788906173440424,1103.246221304456,1061.63486019269,1048.4252014552578,1094.9615300798212,261.98174572460806,-95.410268587871,445.4483702407701,31.677303415046183,148.7426773207045
48.75,-1.0336520629834896,1.9004560457548465,-0.4733840870582109,-0.0020801916797755,-0.0365453201419751,-0.0181651249842304,0.0055974406513204,-0.00203791044988,0.0689934150830961,0.9975992051618982,0.0643471950443083,0.0953606308976172,9.362322823746448,-0.0003189744860595,0.0299813482182755,-0.9392547371285008,7.717507861854038,4.299319815998234,1.4765416249765495,1103.7872457309754,1061.622409884832,1049.3645254868147,1094.793197638997,192.0611360823769,66.25426099236961,330.3499657345859,-135.2160683813374,148.743697567211
48.7525,-0.9350098188684298,1.8726469083199884,-0.4749043669043886,-0.0038554749985771,-0.0324887825899613,-0.0193210288017618,0.0055827807799558,-0.0020890334053213,0.0689657831682116,0.9976010843644612,0.0644441294326725,0.0884094264085196,9.362412311418188,-0.0002612231729811,0.0300965974264502,-0.9403630238467064,7.717501567186643,4.299425680775033,1.4741881995194086,1104.2065269848672,1061.9661314976515,1050.0769512839292,1094.285449737915,146.54853138587674,213.88806357402217,246.71293971942873,-265.2789639880673,148.7447488402235
48.755,-0.8987808487276849,1.8291926074062967,-0.4481297061666255,-0.0061580009751065,-0.0284631496089587,-0.0200468244054672,0.0055641573843249,-0.0021289271398653,0.0689436007138513,0.9976026311161124,0.0638022746831223,0.0811397442228319,9.36210161857699,-0.0001832132960095,0.0301912009824371,-0.9414728451835936,7.717497301200693,4.299530295825937,1.4718315896002712,1104.5199883879052,1062.6918502027027,1050.5980901854127,1093.466802819056,76.36703078615669,298.4962189810923,131.96385151625307,-307.95461797258827,148.7460453701218
48.7575,-0.9113637783663596,1.8032616391969387,-0.4197406433318668,-0.0084668136152496,-0.0253782712071267,-0.0203485744643083,0.0055458120978979,-0.0021605433170997,0.0689233887230754,0.9976040579648264,0.062493386858699,0.0737169208853311,9.36144649486588,-9.455983804494912e-05,0.0302571469213106,-0.9425854242708482,7.717495794354545,4.2996336811333755,1.4694739068963172,1104.588362138798,1063.4586125925575,1050.7367705415109,1092.7456766480511,-15.533686828817313,314.2463029106368,-0.6823156414617936,-267.8976881897305,148.74715383841195
48.76,-0.9371584689444036,1.7909279833739142,-0.3957574005905714,-0.0112743663653629,-0.0221291749903576,-0.0206339604415985,0.005525472086857,-0.0021823032656758,0.0689031413487287,0.9976055191134908,0.0605049816612049,0.0661939760670278,9.36050580304157,4.591593758851084e-06,0.0302984462694564,-0.9437022664265436,7.717496731232781,4.299736004002725,1.4671164913433576,1104.4423199537612,1064.2630817172544,1050.5946786072054,1092.1273143781086,-106.44775049430802,333.47071651970725,-111.6423485856896,-221.14306807441207,148.74828942703107
48.7625,-0.9555818977466188,1.7713326197410333,-0.3695142431754668,-0.0151676853541938,-0.017639280653056,-0.0212435130247036,0.0055020165587889,-0.0021913103309336,0.0688810889543097,0.9976071487999092,0.0578097707293735,0.0586493248749369,9.359338713372189,0.000116769001387,0.0303169377459549,-0.9448252647712148,7.717498382099013,4.299837674960145,1.4647587850463877,1104.0561233863264,1065.1259661751571,1050.178558798582,1091.6399613076787,-165.0920482926332,280.5523397719682,-178.31685930541397,-120.06140924948564,148.74968042663752
48.765,-0.951600237269743,1.7252319379174503,-0.340196901243096,-0.0184094109244497,-0.0131361854792592,-0.0221039689873909,0.0054758696721524,-0.0021901498037747,0.0688559126156861,0.9976090285933396,0.0544925651214275,0.0511838275857056,9.358003220454854,0.0002344917635563,0.0303122587603953,-0.9459562877291035,7.7175002039637635,4.2999394953051455,1.4624002334578607,1103.6168597122976,1065.6658434161147,1049.703094310678,1091.527007331861,-183.46740953764623,161.13877878043343,-198.14903111309664,30.54313195705667,148.75086042501647
48.7675,-0.9333898611967208,1.6161957251939563,-0.2884857313815528,-0.0208409922020471,-0.0078392030422903,-0.0233161614207473,0.0054460320624942,-0.0021787106007375,0.0688255492158299,0.9976113058104028,0.0505927447235553,0.0438745594941684,9.356557357552328,0.0003559984345177,0.0302863392801943,-0.9470966821831256,7.7175021775957,4.300041917870661,1.4600404287882907,1103.1387863386387,1065.9316600690584,1049.1878136430175,1091.7926769674639,-187.29040243083057,52.404106734702985,-200.28531458432312,176.2094665277808,148.75205825427128
48.77,-0.915605135910044,1.440725231426352,-0.2098937654334104,-0.0223430173693549,-0.0024407271439381,-0.0246101040975413,0.0054121972222536,-0.0021545312250506,0.0687905884946092,0.9976139471900703,0.0461126192741999,0.0368120198782628,9.355057826807,0.0004845826715994,0.0302395092826085,-0.948247130693514,7.717504283315942,4.30014556875489,1.4576780342329168,1102.6804077001427,1065.9278639497886,1048.7016677377555,1092.4080546645002,-172.1796770932116,-70.3320276582512,-175.58260947976237,334.0742490973408,148.75326780548167
48.7725,-0.90917090764227,1.1909297521844036,-0.0975367434151548,-0.0230827085691375,0.0020664561104321,-0.0256208941655198,0.0053717015505429,-0.0021152551950706,0.0687530746879381,0.9976168327270196,0.041057984326559,0.0300386586616277,9.353559103327012,0.0006242812174531,0.0301767610251327,-0.9494073305422526,7.717506263780826,4.300251026526796,1.4553112863492847,1102.2778879531725,1065.5799999307671,1048.3099005956183,1093.4630482129514,-164.038149636157,-229.62491526939596,-139.36397895066818,564.9519308764093,148.75448759263497
48.775,-0.906808866543062,0.8426477078095029,0.065072703427397,-0.023890310122611,0.0053369781559589,-0.0260575997347959,0.0053258869412471,-0.0020612444467771,0.0687134645588277,0.9976199241061284,0.0354937153592881,0.0236629121547731,9.352111246739776,0.000773864274019,0.0300963246424935,-0.950576446035046,7.717507864221479,4.300357774798733,1.4529403360251003,1101.860216951963,1064.7797393734427,1048.004847843003,1095.2328143188795,-145.7941256073973,-349.877903423797,-79.0495070701177,728.7396259228353,148.7559578885846
48.7775,-0.8829828064556028,0.5512235986929006,0.2086277677594359,-0.0251472194782764,0.0059220142939515,-0.02553098633627,0.0052809552732436,-0.0019989210017714,0.0686770234665692,0.9976228097689142,0.0296060407981726,0.0178685984309131,9.350759000146905,0.0009207591630663,0.0299886597890401,-0.951753343107456,7.717509083299887,4.300464208018831,1.4505655298590727,1101.548917325135,1063.8306104136473,1047.9146530602675,1097.1067463425675,-121.5946897636346,-424.45041914030406,0.0887781458004156,822.728599600475,148.75718456038257
48.78,-0.7851837612606613,0.2986169767593807,0.3416763675364883,-0.0274262800970624,0.0051245154275248,-0.0242397249480616,0.0052434784311557,-0.0019334181468001,0.0686490167574764,0.9976250794772584,0.0235582057357378,0.0128393138780285,9.349542753619696,0.0010551233402754,0.0298441395195432,-0.9529365193344488,7.7175098103094095,4.30056949143097,1.4481863007721683,1101.2522435031444,1062.65748727774,1048.005291733732,1099.346457316884,-130.1353028549603,-548.282184181606,76.3908794310977,1051.3105281637775,148.75840767886584
48.7825,-0.5167673308898206,0.0566951139786354,0.4760536859790867,-0.0310640713284547,0.0039981705501088,-0.0224419567333597,0.0052193271060929,-0.001870702229459,0.0686307485829662,0.9976265988690622,0.0175277507092408,0.0087342147340255,9.348497848664461,0.0011655897496047,0.0296553675839077,-0.954124221541794,7.717510147517671,4.30067330645561,1.445802384085349,1100.898240810861,1061.0891994927415,1048.2966074574226,1102.3632989833816,-129.5715622024337,-586.807031291546,126.63136443978034,1142.4714410201495,148.75986519091987
48.785,-0.1316779058107241,-0.103995596171735,0.5654295012230572,-0.034345415454204,0.0034934028564208,-0.0210624517364694,0.0052106359743874,-0.0018144279596444,0.0686211359030788,0.997627423021044,0.0116432015195958,0.0056336867831305,9.347654667506147,0.0012456587516561,0.0294224400980308,-0.9553145029106476,7.717509878721032,4.300775293371072,1.4434140969686846,1100.604385692132,1059.7234521212808,1048.6384485559313,1105.0588145219879,-115.4154123058425,-540.9047216748111,137.12214796876003,1089.7616967933,148.76106660093748
48.7875,0.4304862217518695,-0.2494223428536812,0.6351050435442386,-0.037077077383383,0.0035689417380161,-0.0198720170259026,0.0052160154677392,-0.0017671942825888,0.0686182119813158,0.9976276896799992,0.0060070307408555,0.0035403029054284,9.347038173930292,0.0012912969944746,0.0291525791702347,-0.9565054662710663,7.717508823042202,4.300875230137353,1.4410218680005953,1100.3211637493312,1058.3846758843663,1048.9822181972668,1107.8121074673509,-118.178864076088,-563.0257607267257,124.3894985612991,1191.8508714418674,148.76224862405851
48.79,1.2620479144424177,-0.4373167020447409,0.6992340476260847,-0.0380528498076024,0.0038661126662029,-0.0185503633448207,0.0052318557318833,-0.001732371326575,0.0686185428059676,0.9976276491954976,0.0007307446892934,0.0023998670185026,9.346667759983555,0.0012971229648572,0.0288577324546323,-0.9576955193098388,7.717507419090508,4.300973128031404,1.4386264876436383,1100.013491371752,1056.9083233176495,1049.2603960487372,1111.0180688791916,-103.998097003197,-505.9211865933007,63.2863252407009,1134.0695163609887,148.76363833396675
48.7925,2.0090633208117534,-0.6165110869882305,0.7336096878654863,-0.0354073440847602,0.0036508718237623,-0.017455831787356,0.0052537098758136,-0.0017121178925516,0.0686189823742498,0.9976275393996475,-0.0041009593774674,0.0021291782149719,9.346557596435076,0.0012600258152739,0.0285514746962228,-0.9588835474893974,7.717506108394389,4.301069305087493,1.4362285483368435,1099.8011732643151,1055.8550699513985,1049.2986498234704,1113.4824550491587,-72.04918406451677,-369.84997697749526,-32.32970001425366,912.3110438571864,148.76476836194993
48.795,2.6875751681276894,-0.8152211086954682,0.7355979652072817,-0.0283848288940456,0.0025873402493613,-0.0160833620428642,0.0052798528122746,-0.001703921092468,0.0686184412524752,0.9976274499835542,-0.0084907537698533,0.00268679561267,9.346716879019906,0.0011854190587736,0.0282415422959904,-0.9600690984847484,7.717505359795182,4.301164029260405,1.43382913058025,1099.6532454514293,1055.0590734327611,1049.0987475486659,1115.57962409848,-46.90404920315533,-266.57194870310065,-112.9546415916256,756.6641525209494,148.7658649190919
48.7975,3.2155809816340235,-1.0163540231847976,0.6948793310281056,-0.0184678590562836,0.0008725037250105,-0.0141216127047379,0.0053115261688183,-0.0017078855364103,0.0686155987454315,0.9976274666405456,-0.0123928638764355,0.0040686838775153,9.34714994149216,0.0010731665038299,0.0279301404296215,-0.961252236702316,7.717505377640969,4.30125689781242,1.4314281471703665,1099.5666530182996,1054.522210207884,1048.7338766155128,1117.26577581176,-20.55904940838303,-143.66614067695917,-164.66923047679063,555.2969892405032,148.7669309138506
48.8,3.481098178542644,-1.1953115722370076,0.5827348330728692,-0.0067163304030447,-0.0017495589912133,-0.0114144035010579,0.0053516359957338,-0.0017274365969692,0.0686100430664721,0.997627596995992,-0.0157021343867399,0.0062838669435399,9.347856777152035,0.0009165400294115,0.0276163217297986,-0.9624332547140936,7.717506190164242,4.301347935674323,1.429024961715012,1099.5504502043873,1054.340742729376,1048.2754013962815,1118.356109044684,4.415734721121695,9.952205175290512,-187.949897037601,328.71125380676415,148.7679571835342
48.8025,3.457660816241668,-1.348027542532716,0.3550189553429839,0.0075732361880429,-0.0061852159870678,-0.0081398112426469,0.0054002165392153,-0.0017601631675006,0.0686016708472336,0.9976278513192252,-0.0184311285155815,0.0092828032203457,9.348833715801277,0.0007204657239384,0.0273032896009567,-0.9636122791068849,7.717508266558653,4.30143772568296,1.4266184795004135,1099.5887316919052,1054.5719712337607,1047.7941271303243,1118.9093320807947,18.08902811355264,161.63705903214725,-140.6012183883291,78.87819003029004,148.7691397343665
48.805,3.1765227768790134,-1.4014604091121055,0.0996443554997321,0.0182223715366923,-0.0108911025204445,-0.0063015457905622,0.0054528012189509,-0.0018017944088726,0.0685901912373452,0.9976282790781577,-0.0206386323872122,0.0129234071540814,9.350073559305143,0.0004942864367779,0.0270019338442934,-0.9647891428619976,7.717511049915801,4.3015271585098205,1.4242092263057633,1099.6408953449547,1055.148928024536,1047.5723953043405,1118.750499994835,17.58230322056089,306.2770538277416,-32.64279030229922,-175.35717587511624,148.7700826322626
48.8075,2.704228511069771,-1.3693539257347025,-0.1855114397647206,0.0260868043729651,-0.0158432529281515,-0.0060093841150293,0.005508410093079,-0.0018492337030497,0.0685747890199616,0.9976289442518932,-0.0223634457634408,0.0171179125586593,9.35156498059923,0.0002450209392872,0.0267158230475919,-0.965963816822576,7.717513423276294,4.301616237401482,1.42179753049716,1099.676643208008,1056.1033565029,1047.6309131788128,1118.0325462014187,6.128089477666937,490.55849495609806,92.16313690344408,-411.15348566965514,148.77097977558327
48.81,2.0470303240534617,-1.2537920071828803,-0.500111747603951,0.0313461177659699,-0.0206036374638558,-0.007758888043954,0.0055659357148147,-0.0019021632316791,0.068558610914287,0.9976296343132705,-0.0235996755577446,0.021765552436312,9.353292751147373,-2.491751449358332e-05,0.0264483290212185,-0.9671361552186394,7.717514854867096,4.3017043287892,1.4193835052674695,1099.671535792343,1057.601720499318,1048.033210988858,1116.6947325664855,-8.062576690652406,587.3183627473168,189.18110086437008,-541.4272918122073,148.7720020099738
48.8125,1.5162628303394967,-1.1266907027701627,-0.695567441050637,0.0327542154085312,-0.0230188803024516,-0.0106790604113149,0.0056242737143696,-0.0019611881790849,0.0685438873712645,0.9976301986557432,-0.0243316169393805,0.0267592415062464,9.355237570222164,-0.0003145556794277,0.0262021464755027,-0.9683058297932952,7.717514800608122,4.301792132546506,1.4169665289781253,1099.6363303245548,1059.039948316634,1048.5768186831335,1115.32540974236,-6.443302903613988,581.1930741048684,230.18338323138795,-570.258347718591,148.77280766084922
48.815,1.0777680770879337,-1.01073413081034,-0.7876467540775595,0.0328185488579612,-0.0241864543798724,-0.0140155851846734,0.0056855207755701,-0.0020268942628719,0.0685286328665355,0.9976307584535704,-0.0245477720300085,0.0320483070147484,9.357375388978337,-0.0006233000462365,0.0259730015061472,-0.9694724489609922,7.7175139373893265,4.301880923326147,1.4145468497888365,1099.6393192778253,1060.5076858698396,1049.1841279050138,1113.8434408278952,42.49386594872348,609.6100302960688,238.73462494758837,-653.8796866656251,148.7735643576667
48.8175,0.683381017575392,-0.9156405328967002,-0.771058337892426,0.0330008536964503,-0.0251456389309245,-0.0173716006841247,0.0057505349683993,-0.0020981075995053,0.0685097589341665,0.9976315220652616,-0.0242794143365112,0.0375598825671742,9.359677524900489,-0.0009468695291206,0.0257580850402807,-0.97063529372039,7.717512816391354,4.301971031067598,1.412125702232076,1099.8487996542983,1062.087998468116,1049.7704918078723,1112.0560113090303,141.69577645108828,520.7064908175263,162.89537475396023,-647.07427304255,148.77441480045263
48.82,0.4484718720368106,-0.8757812004245435,-0.6631062473651433,0.0337330465119754,-0.0260382293637828,-0.0193681405438437,0.0058207403362981,-0.0021747008918705,0.0684838070635105,0.9976327190847304,-0.0235460035136387,0.0432307492459646,9.362110205948726,-0.0012829179380753,0.0255531550306585,-0.9717932759091814,7.71751092175884,4.3020625060043045,1.4097032045576428,1100.347798160081,1063.1112183239284,1049.998604778784,1110.6080694626808,303.39502921206383,323.57905216701835,15.522810066764144,-565.2586373658917,148.77507487579174
48.8225,0.2703240880745861,-0.8571443986540885,-0.4813268583682313,0.0348865979081403,-0.0274417547378874,-0.020615828945122,0.0058960922128907,-0.0022574871076748,0.068452470848478,0.9976342323805788,-0.0223593217649175,0.0489712105812412,9.364634676651068,-0.0016302252279537,0.0253566997578148,-0.9729446392123248,7.717507749668934,4.302154762796633,1.4072777599997603,1101.3657748003575,1063.7058937289496,1049.848105858206,1109.2297181222032,598.5804649381073,150.12096431666174,-157.91008726192666,-587.2251740419593,148.77568383290168
48.825,0.0716217813431708,-0.816579124929194,-0.2073382087438289,0.0359024401980386,-0.0300767881386708,-0.0214768318016248,0.0059721707180596,-0.0023462626035724,0.068421159007992,0.9976357178110178,-0.0207631472114462,0.0546143484522397,9.367207755237008,-0.0019846804679881,0.0251755709470621,-0.9740867367196484,7.717502796364262,4.302247542109964,1.4048478080121471,1103.3407004847732,1063.8618231455123,1049.209054342474,1107.6719435924697,857.6319194921939,-33.42504114246476,-300.22379247432684,-552.1074548113934,148.77635487399925
48.8275,-0.1129418685697944,-0.7332608623403565,0.0475869923752561,0.0364133202616359,-0.0329540894025913,-0.0217637453310106,0.0060452126017467,-0.0024402659005009,0.0683963895136251,0.9976367537142452,-0.0188175288929709,0.0600101660208673,9.369781449576038,-0.002341143769286,0.0250154734883505,-0.9752164209337808,7.717496173330144,4.302340896220168,1.402411915127093,1105.6539343978206,1063.5387685232372,1048.3469868958337,1106.469180848145,1050.4515218075544,-208.93229387907823,-389.4260126564308,-455.21123357753373,148.77686401300127
48.83,-0.346532818153273,-0.5679599048493685,0.3068302365734284,0.0367213262382872,-0.0361731139029668,-0.0215376497173539,0.0061107341222636,-0.0025334781447141,0.0683805484014425,0.9976372186873758,-0.0166878171971322,0.0650063480298379,9.372303860374428,-0.0026846078787867,0.0248831418037665,-0.9763303731958268,7.717488113719026,4.302434269174358,1.3999696148868517,1108.592958093806,1062.8171616761178,1047.2619242791936,1105.395887424584,1251.108235472244,-338.8373306695115,-449.1248265597254,-401.0870750553062,148.77732119888927
48.8325,-0.63396462096168,-0.3282574011654558,0.5506066794417424,0.0367603529099737,-0.0391154664586407,-0.0207149963582941,0.0061663326247732,-0.0026185662730644,0.0683729383932447,0.9976371946384208,-0.0145662037341647,0.069496284477399,9.37471984019553,-0.0029983121664267,0.0247814692366059,-0.977425710898492,7.717478693141373,4.302527274743253,1.3975220528393724,1111.909475575185,1061.8445818698888,1046.1013627630339,1104.4637454728675,1365.0568829699134,-430.05890277082295,-455.70729703530895,-327.95924877742937,148.77773568474663
48.835,-0.9866707161272324,-0.0175376570225807,0.7498136539174131,0.0361394053067121,-0.0405897768618581,-0.0190449039803967,0.0062096304362798,-0.0026895515815939,0.0683746692923752,0.99763663769532,-0.0126224530055254,0.0733780180321286,9.376972906205728,-0.0032685234030735,0.0247138464148947,-0.9785003045274248,7.717468701752403,4.302619386194012,1.3950710434254103,1115.4182425086592,1060.6668671622626,1044.983387794016,1103.756091180696,1508.3356943472684,-546.5507797700379,-451.3033206016201,-243.07306319182595,148.77809961081755
48.8375,-1.4612068476265043,0.3858104360534289,0.903513031161418,0.0339750734743492,-0.0397422004872415,-0.0160115730120572,0.0062364299589217,-0.0027440132586543,0.0683862268610404,0.9976355482514048,-0.0109632832182821,0.0765173812622407,9.379007560342137,-0.0034888649126802,0.0246879778745976,-0.9795529107539376,7.717458947211939,4.302710282695713,1.3926173396692603,1119.4511540469143,1059.111827971041,1043.8448461600278,1103.2483801569094,1391.5451059644213,-585.9228582648669,-365.87361462724783,-117.63964664367796,148.77847966695026
48.84,-1.8645006642175543,0.7040441418597276,0.9402711498499208,0.0306232451873233,-0.0371598717375638,-0.0127386076984993,0.0062489464899997,-0.0027830295114376,0.0684032744060612,0.9976342060704126,-0.00962124714954,0.0789026947248894,9.380769707265555,-0.0036616043852689,0.0246996106250908,-0.9805836296551528,7.717450259307695,4.302799446364308,1.390161887818904,1122.3759680384849,1057.7372528709368,1043.1540197208788,1103.1678929474774,1023.18558120844,-561.9376859301009,-209.08176662449696,48.33343445686552,148.77875090466455
48.8425,-2.220394974084127,0.965529401733476,0.8716455002937166,0.0257235753833517,-0.033721223574486,-0.0092756338820569,0.0062521113683416,-0.0028092995711547,0.0684191372533494,0.997633030531746,-0.0085922237906589,0.0805790047541063,9.382209771424703,-0.003793276501403,0.024739199827376,-0.9815936743648944,7.717442253049666,4.302886123863831,1.3877051482309146,1124.5670819529591,1056.3021395413891,1042.7994373269048,1103.4900473291939,755.5585245529578,-641.3967497894567,-73.3731770901826,235.58314423729425,148.77897751558743
48.845,-2.5223016505532567,1.1980759595172843,0.6800273410434853,0.0180966335750994,-0.0294652383723511,-0.0059221504045412,0.006250948997702,-0.0028245428113424,0.06842809624713,0.9976323785075732,-0.0078849101318276,0.081603374858169,9.383285851778318,-0.0038889512919218,0.0247963404301302,-0.982585130018306,7.717433488091091,4.302970878158381,1.3852462150928408,1126.1537606612462,1054.5302691219924,1042.787153835428,1104.3458086686628,400.1609487698488,-652.1153745476414,60.432494563534426,384.02315292722415,148.77920147797693
48.8475,-2.6229657551783365,1.329487315424254,0.4541289520053268,0.010370992760208,-0.0260654722432729,-0.004253822743719,0.0062466693634468,-0.0028299145550621,0.068427005714163,0.997632456014614,-0.0075157148932419,0.081972230600295,9.383967129777568,-0.0039524462499469,0.0248671657779846,-0.9835606522288292,7.7174225882094065,4.303054959726444,1.3827843089708896,1126.5678866968096,1053.0415626686492,1043.1015997997226,1105.4101630938308,-9.29759326540513,-585.4970915727978,180.74594055005795,478.76830178627694,148.77935118040693
48.85,-2.5305446045715847,1.4137776655949055,0.1992121433024577,0.0019440291448419,-0.0230113721474082,-0.0037969571226336,0.006240416632354,-0.0028265569535508,0.0684148012864281,0.9976333274323343,-0.0074916674991561,0.0816918324353277,9.384235307960985,-0.0039881386178696,0.0249469131545416,-0.9845236435143296,7.717409783171731,4.303139957814284,1.3803196601488354,1126.1072726949192,1051.6027836641267,1043.6908835381787,1106.7396501775954,-366.3268027288416,-600.8007254610227,301.4631369896519,612.1165538340504,148.7794664855528
48.8525,-2.194988665663995,1.4826972122683728,-0.0943951958264588,-0.0075184922633332,-0.0196289128709662,-0.0046289647106226,0.006233236160855,-0.0028152696669577,0.0683964401817724,0.9976346455517748,-0.0078144077068941,0.080779150412212,9.384086571749986,-0.0040003214798416,0.0250299736047479,-0.9854782990116336,7.717396565833603,4.303226585603396,1.3778532257643448,1124.736252683167,1050.0375590413469,1044.6089154846695,1108.4707458629985,-600.8840197876561,-530.3264415170831,353.91256142716054,628.2000304402087,148.77956980223647
48.855,-1.7588400088971288,1.5233631902956155,-0.3032768479155994,-0.0139622753464159,-0.0166858990740612,-0.0061996882789288,0.0062239861198956,-0.0027969098279675,0.0683784716474252,0.9976359683914529,-0.0084745037988755,0.0792228547706893,9.383533578068084,-0.0039940956406238,0.0251142328808002,-0.9864294686000372,7.7173845023318,4.303315951359746,1.3753859307146508,1123.1028525959791,1048.95115145654,1045.4604463453156,1109.880650329798,-703.266788772184,-372.0522919188086,338.3123337102549,523.1186682616278,148.77963019502891
48.8575,-1.2291760538866083,1.5479799398934264,-0.4607111923049095,-0.0179415805854711,-0.013214267866507,-0.0078268052377688,0.0062099391638562,-0.0027710120911994,0.0683650477569207,0.9976370330270476,-0.0094760655610188,0.0769966134236211,9.382606280694079,-0.0039728584461693,0.0252000112239913,-0.9873825405757652,7.717375389776656,4.303408698093875,1.372918617224174,1121.2199187393044,1048.1772975817519,1046.3004771532217,1111.086339204308,-754.1595930707482,-250.0229063306506,322.5039467623651,428.2738653432064,148.77966815986935
48.86,-0.6878034137670918,1.5547950224407427,-0.5764915598653708,-0.0194545012074416,-0.0093242012769363,-0.0089415274051514,0.0061854794132023,-0.0027352370982487,0.0683574392581746,0.9976377968717572,-0.0108484436212851,0.0740352718969596,9.381352460322287,-0.0039366834920821,0.025292957997375,-0.9883431060008452,7.71736945812687,4.303504530438865,1.3704506990504213,1119.332054630629,1047.701036924888,1047.072966079126,1112.022019656512,-710.5707808684203,-119.0028006475432,285.1740933458946,297.00750694790526,148.77969075592372
48.8625,-0.2090865108716283,1.534564825236716,-0.6476489505395481,-0.0187202512801752,-0.0054961022447623,-0.0098286108363333,0.0061510714416338,-0.0026869659601955,0.0683518121602232,0.9976385273581668,-0.0126054050055311,0.0703999225807006,9.379835287280308,-0.0038862839784604,0.0253869928005351,-0.9893170955999434,7.71736577016534,4.30360340489868,1.3679811991210895,1117.6670648349605,1047.5822835785139,1047.7263476199519,1112.5713767390482,-634.5567660798615,16.796309693600552,258.145796657668,155.532770791217,148.77969879185383
48.865,0.2202071454820022,1.4750893050322391,-0.6813623255405463,-0.01635835743807,-0.0014562581890099,-0.0115787631648862,0.0061103201188468,-0.0026328621970721,0.0683443058292033,0.997639446478718,-0.0145705372806018,0.0662094047528104,9.378132843932274,-0.0038407010260761,0.0254717470042108,-0.9903103334225304,7.717363797773589,4.303704224135849,1.3655097327413408,1116.159270800228,1047.785018473356,1048.3636950624148,1112.7996835104686,-452.3911572969176,114.3049519070376,211.6225885592136,26.13369561411321,148.77969681693412
48.8675,0.4297139049021879,1.3927107929157996,-0.6613549863341593,-0.0134076007410173,0.0016034908641417,-0.0136810113403236,0.006068243617015,-0.0025826473906072,0.0683323588725323,0.997640670936015,-0.0164979302392445,0.0616141863686913,9.37633679388568,-0.0038243867426547,0.0255354273655204,-0.9913284050664244,7.717363145556493,4.303805955785392,1.3630370864361667,1115.405109048478,1048.1538083380483,1048.7844605627467,1112.7020452171187,-198.08100658214116,163.70245694534597,149.12005415723445,-73.4213052456277,148.77968931590405
48.87,0.4873531117114546,1.2671924815756634,-0.5883472568707884,-0.009824982981065,0.0047584011098179,-0.0158477735706703,0.0060329010168593,-0.0025419648318115,0.068315734748735,0.9976421501857816,-0.0182063111605331,0.0568338126929333,9.374549456984338,-0.003852973934243,0.0255607963946436,-0.9923766585881844,7.717363416775232,4.303907734867529,1.360564296955335,1115.168865767317,1048.6035307580833,1049.1092953332015,1112.4325769842403,-13.23402015331572,187.82971822701649,122.89226549221972,-126.08024351441516,148.77967999558865
48.8725,0.4323855574244902,1.0525210929583566,-0.4479968777876359,-0.0062657164893261,0.008855462040092,-0.0177269827876486,0.0060088391562915,-0.0025132354580677,0.0682965173187526,0.9976437046506442,-0.0195747263728839,0.0520307994343634,9.372881436359057,-0.0039338219357481,0.0255382994484611,-0.9934595588248188,7.7173646246330545,4.3040088995814285,1.3580923862240066,1115.3389389477113,1049.092956929184,1049.3989218902084,1112.0716439995463,103.82240492340664,153.7429737490163,88.90717869579831,-116.95742408939344,148.77967078295984
48.875,0.3512196526010799,0.8144411634554065,-0.3002878274712956,-0.005341453324138,0.0121350642784363,-0.0184853924665688,0.0059992494250147,-0.0024963335129663,0.0682753004238362,0.997645272557326,-0.0205310485829326,0.0473474767469918,9.37144675136566,-0.0040676724052446,0.0254618649228707,-0.9945803208136368,7.717366478685278,4.304109464398068,1.3556217530190409,1115.6879777919335,1049.3722456268276,1049.55383122668,1111.8477898637939,137.83814409060855,71.72330584751009,41.280143725717856,-52.44166619577521,148.77966707872247
48.8775,0.3297454665505441,0.5218964577791274,-0.1377617854685466,-0.0069747405371137,0.0143354415810282,-0.0184930769845746,0.0060051769328426,-0.0024907333503457,0.0682539936172633,0.997646717227914,-0.0210165220749193,0.0428861402395246,9.370357937921936,-0.0042524494810887,0.0253306971737089,-0.9957402711777376,7.7173682332542946,4.304208370581664,1.3531518583462603,1116.0281296681635,1049.4515734584213,1049.6053226088368,1111.8094356685676,104.52762914746125,-14.877314906463315,-5.6618973414031775,42.50549658124881,148.7796695158034
48.88,0.458750782509542,0.1331829115939455,0.061356736692123,-0.0099899866010817,0.0152480729610683,-0.0181038228695867,0.006025757213472,-0.0024957375887006,0.0682356004134271,0.9976478398923267,-0.0209851600025666,0.0387109336089214,9.369720561282712,-0.004483682074957,0.0251487039494656,-0.9969382840639432,7.717369038119245,4.304304346384859,1.3506813485405404,1116.210615937671,1049.2978590522953,1049.525521739973,1112.0603173467002,9.714786074932393,-92.4197066178731,-55.830183594815566,147.34009069212982,148.7796809181106
48.8825,0.7164055157068413,-0.1994466167900984,0.2277134134427178,-0.0117119009933077,0.0148252437950402,-0.0178821129541249,0.0060604592623876,-0.0025090737291269,0.0682222063529075,0.9976485072495012,-0.0204308913671748,0.0348895105219899,9.36962735209924,-0.0047521924697903,0.0249195713694327,-0.9981704626893352,7.717368107771013,4.30439721591949,1.3482085265180372,1116.0767035985384,1048.9894749253317,1049.3261716908623,1112.5461361220287,-120.1456167860398,-146.74511944226356,-109.02987493032836,251.89288668266445,148.77969785301417
48.885,1.1006037078434792,-0.5176004731766481,0.3937205076483923,-0.0112704803178021,0.0135532094667419,-0.0175870597184244,0.0061060164988349,-0.0025278073195341,0.0682157531811156,0.9976486145604408,-0.01937760020119,0.0314329299611776,9.370153377123556,-0.0050456229630355,0.024652644674127,-0.9994297603305772,7.71736399568456,4.304487400250984,1.345730486178483,1115.6098878537412,1048.5641334550846,1048.980372365322,1113.3197817801124,-236.01477803382957,-175.77214641451167,-161.3351554196554,353.2172821072448,148.77972218744324
48.8875,1.5365439461640527,-0.8109451551591355,0.5555818830820684,-0.0085458347233865,0.0115673432760079,-0.0168960510507511,0.006159223869097,-0.0025521528611263,0.0682161113599307,0.9976481904663644,-0.0178068838275727,0.0283418244530979,9.371351025303776,-0.0053568890171961,0.0243575608335956,-1.000706202272859,7.717355431021968,4.304575409769624,1.3432435014897854,1114.8966297083687,1048.1106141932587,1048.5194959137639,1114.3122225325656,-326.3710318724556,-171.69274169127988,-206.18280457359472,441.2972782740797,148.77975189594042
48.89,1.954681551031484,-1.0650787563367792,0.7011900312539107,-0.0030552563823706,0.0091047837857825,-0.0155832026007051,0.0062200796170479,-0.0025850515750575,0.0682200377926369,0.9976474493706798,-0.0156635409602787,0.0256649400450276,9.373246075055635,-0.0056843926227577,0.0240376600613509,-1.0019876445176816,7.717342516709267,4.304661505287176,1.3407446030251067,1113.9780326943783,1047.7056697466276,1047.9494583424535,1115.526268171484,-417.28079655933215,-151.55268161183955,-262.5343555671976,569.8700060885766,148.77978685151655
48.8925,2.3435839994176,-1.3184667680493412,0.8368314020831704,0.0057015124172409,0.0061429766774838,-0.0132158928499177,0.0062857022936056,-0.0026286363396903,0.068225341159465,0.9976465538095508,-0.0129300596627747,0.023389802602858,9.375836307984478,-0.0060244960624484,0.0237014925575002,-1.003260611519684,7.7173262362733475,4.304746539823291,1.3382333490395617,1112.810225725574,1047.3528507852,1047.206824135929,1117.161572563006,-408.6444569545802,-103.3860548877254,-268.94104231910086,613.2756215920881,148.77983330683043
48.895,2.530713319978601,-1.480685882524005,0.9019423490291656,0.0137580960816963,0.0033647301142815,-0.0105963466554929,0.0063531973349441,-0.0026797272521692,0.0682301303786256,0.9976456592261648,-0.0097069769221083,0.0215020224126033,9.379090801452454,-0.0063634423115966,0.023356401861513,-1.0045118460772628,7.717308010857111,4.304831188142355,1.335711258886886,1111.9348104096043,1047.188739472189,1046.6047531308573,1118.592646279446,-291.036062229465,-44.164572747718154,-220.3177260640824,559.6712939603414,148.7798747146547
48.8975,2.5616920127803,-1.577233680243163,0.9046757768417992,0.0214627717713682,-0.0003413241543859,-0.0078120051916157,0.00642338659944,-0.0027340204657448,0.068233567518924,0.9976448287035312,-0.0061285877964737,0.0200499974207931,9.382950953649116,-0.0066865054610062,0.0230016134043496,-1.0057297168338952,7.717288703943788,4.3049156687810495,1.333179602407789,1111.3550454144258,1047.1320279214615,1046.105235505608,1119.9599290328092,-146.56789783875553,-15.101559597374129,-178.63992809596186,546.3556028643745,148.77991774129222
48.9,2.4430696392301083,-1.594927502614337,0.8334330232395291,0.0295664982496753,-0.0057824452803258,-0.0048590077486384,0.0064941094374796,-0.0027863932664685,0.0682350258100132,0.9976441330430798,-0.0023636994285312,0.0190195075779229,9.387334277818946,-0.0069779075079629,0.022641741799837,-1.0069049905667176,7.717268126531445,4.305000552996193,1.3306414207746708,1111.2019709204112,1047.113231674202,1045.7115534903783,1121.324424293765,53.47076261325121,-10.093198120279633,-101.35342701041098,422.66853472984826,148.779969989164
48.9025,2.2492597601504314,-1.517155109642778,0.7172343186412548,0.0352224472052825,-0.0107460174193803,-0.0028465959085825,0.0065614085865569,-0.0028296008986253,0.0682340763787675,0.9976436473352582,0.0013643631650519,0.0183578854182001,9.39213872665952,-0.0072184756950543,0.0222843775741517,-1.0080316549108699,7.717246124821641,4.305086172601551,1.3281013689336296,1111.6223992274922,1047.08156193086,1045.5984683705556,1122.0732717064595,285.8009289004615,-24.627927959351062,3.3050251762216623,187.7900523545981,148.78001319999933
48.905,2.005147243525277,-1.3470908007071436,0.5526705801222284,0.039928065350926,-0.015240593682618,-0.0012796059393809,0.0066232085048491,-0.0028609693960676,0.0682305917180899,0.997643400938556,0.0049114551106204,0.0180346843638142,9.39724739472881,-0.0073997386780224,0.0219338082717932,-1.0091071577217392,7.71722215420553,4.305172524901913,1.325562628997025,1112.6309755649143,1046.9900920344053,1045.7280786162592,1122.2633745555388,558.236337200886,-55.970315082236965,109.1795138471836,-61.67936159068784,148.78005515154524
48.9075,1.7068542782381635,-1.0650021223551527,0.3138685158297338,0.0445481236550495,-0.0192444889159696,-1.2914042615335948e-05,0.0066816185106839,-0.0028824018487694,0.0682276502031437,0.9976431629566131,0.0082199625857317,0.0180852503882599,9.402533935248092,-0.0075243326166493,0.021586600860671,-1.0101321333123243,7.717197036852218,4.305258737095283,1.3230263927033123,1114.413580913494,1046.8017103554491,1046.1443659397912,1121.7648748985064,719.9528664709715,-79.78255698686108,188.40365251271035,-297.96583146647424,148.78010305175312
48.91,1.486002175738464,-0.7966512840739335,0.0916054608361938,0.0472769599373203,-0.0212435211189434,0.0005308316176673,0.0067405900064308,-0.0028997914674792,0.0682275059442618,0.9976427346476476,0.0113095532827525,0.0185678727583807,9.407868530872845,-0.007604951695541,0.0212363361833653,-1.0111096185229356,7.717171660328747,4.305344231030921,1.320492613145806,1116.2307398972707,1046.5911792494708,1046.6700968788234,1120.7735453982057,754.1164816781709,-90.87850287905793,234.68082789788056,-489.33602025620047,148.78014006149962
48.9125,1.318429192793194,-0.5331532206399837,-0.1410975407522691,0.0491742814988482,-0.0219371965373557,0.0005621125912004,0.0068005732387837,-0.0029169194814601,0.0682299708851552,0.9976421133598086,0.0141604908817359,0.0194715734430274,9.413124277004815,-0.0076515016989319,0.020883575036051,-1.0120441874764043,7.717146631172281,4.305428504546155,1.3179597538922003,1118.184163321887,1046.3473178410536,1047.3177700792812,1119.318194797224,774.1352960785881,-99.80017792759081,269.3016228759637,-628.8796789596098,148.7801723997929
48.915,1.1977779892525546,-0.2965688220374709,-0.3713744119143437,0.0509552829526022,-0.0219151433378232,0.0001410064545677,0.0068626437705157,-0.0029351307156462,0.068232009639807,0.9976414940186364,0.0167170706278117,0.0207941109764907,9.418181801926057,-0.007670998468353,0.0205274488393593,-1.0129415029854876,7.717123019875825,4.305511381490356,1.3154268952395776,1120.1014163776604,1046.0921783598333,1048.016604993202,1117.6291470034105,729.8738532520377,-100.87353732778251,282.63256101335264,-690.8707562913254,148.78019907092363
48.9175,1.1171824697117532,-0.1058575189583361,-0.5832516160189107,0.0530812337942849,-0.021557103502626,-0.0009183976909574,0.006928844212802,-0.0029560044034054,0.0682314837708972,0.9976410034223512,0.0189419938587424,0.0225451315399562,9.422933275260057,-0.0076726635108966,0.0201652468635676,-1.0138078328689364,7.717101944603069,4.3055933813771645,1.3128932907383823,1121.8335325881487,1045.8429501544144,1048.7309328843487,1115.8638410157655,696.3944427245754,-101.94493847065372,312.7784487297268,-745.1884406695907,148.78021605598724
48.92,1.02841990786705,0.0703332777069722,-0.793770808165773,0.0564276378023995,-0.0211550829681105,-0.0030411226035127,0.0070006625679937,-0.0029793657448814,0.0682283383416533,0.9976406348503052,0.0207803046780145,0.0247202502638465,9.42728607947583,-0.0076633563322492,0.019795109850626,-1.0146497303842978,7.717084405802341,4.305675336947656,1.3103581037806262,1123.583388591285,1045.5824536674795,1049.5804972368514,1113.9032048000606,579.9107948579875,-82.78146501623522,311.2963843440969,-664.3095745162684,148.78022068647402
48.9225,0.930452511769642,0.1818485171376144,-0.9164963594617944,0.0597924730677103,-0.0209723018797048,-0.0054784136512246,0.0070805715345938,-0.0030042713885709,0.0682203562969906,0.9976405251918624,0.0221823995604571,0.0273290096242219,9.43116505680764,-0.0076495713155174,0.0194129717711286,-1.0154739136361863,7.717070604496314,4.305757962173616,1.3078210524830047,1124.7330865624363,1045.4290428293336,1050.2874148060675,1112.5422931431874,397.0937441153425,-39.011987984602506,285.7368983833924,-465.3331166237314,148.78020747143339
48.925,0.7816605239957067,0.2690095706581958,-0.9695674789587424,0.0631134470111164,-0.0209403242224441,-0.0083690033914626,0.0071693620112776,-0.0030289826244317,0.0682073468257645,0.9976406876942772,0.0231015041648836,0.0303449146196131,9.434514441068009,-0.0076362546537316,0.0190180389987729,-1.0162870958472523,7.717060511837626,4.30584138718854,1.3052822255426115,1125.5688573118628,1045.3873937275566,1051.0091817287691,1111.5765392169408,304.5716416759012,18.112393296123457,319.64171842248123,-321.30018932845746,148.7801710830618
48.9275,0.5386926106619487,0.3530218575526794,-0.9463819315905424,0.0663819925671953,-0.0208967927978865,-0.0120462457446414,0.0072650530685912,-0.0030499709713095,0.0681913152424337,0.9976410106501225,0.0234740090889903,0.0336864307143793,9.437298889366689,-0.0076240726354528,0.0186149869715372,-1.0170959160312387,7.717053810467068,4.3059256052887696,1.3027429416348808,1126.2559447708163,1045.5196047958143,1051.8856233981808,1110.9357921965443,208.65825929596087,84.97933764973367,314.48871781468773,-148.27844701066923,148.7800934137952
48.93,0.2956178646232519,0.4026916702105101,-0.8598975039939228,0.0679558986128051,-0.020620692212918,-0.0148630978278123,0.007365708563365,-0.0030640913056658,0.0681732200402233,0.997641453238285,0.0232634136805719,0.0372676981261286,9.43950289627438,-0.0076138457997871,0.0182086619110002,-1.0179068677207344,7.717049845032927,4.306010414544874,1.3002036427105872,1126.6121486083416,1045.812290415805,1052.5816253178411,1110.835146981888,109.16334894931296,158.85329858457283,250.55449355887416,38.432941077761264,148.77999481385567
48.9325,0.0402210885898993,0.4162434155860326,-0.7217504192312858,0.0680105567012207,-0.019804851516188,-0.0168544682681089,0.007466739188735,-0.0030658617880545,0.0681549202852044,0.9976419401728666,0.0224039838977338,0.0409517624805231,9.4411305241948,-0.0076000957081477,0.0178093171184263,-1.0187260022726479,7.717047566008976,4.3060950035817855,1.2976640449717023,1126.8017615155632,1046.3138712887376,1053.138395865976,1111.1279569019332,56.937083285691166,267.90047047552366,179.08390245661323,190.22027426739717,148.77985476009962
48.935,-0.2435421418304309,0.365110994253682,-0.5251107476342171,0.0666617460060593,-0.0181283836618176,-0.0182292399956058,0.007561332013128,-0.0030528527512329,0.0681345525767617,0.9976426568092922,0.0209002373428806,0.0445526084818958,9.442203312903155,-0.0075819574942809,0.0174325208864463,-1.0195585659312214,7.717046048910069,4.306178119303705,1.2951248763304564,1126.8968340247702,1047.1517927681832,1053.4770448301247,1111.7862483532256,20.023243728446708,341.5253051646155,43.287385509477915,261.38644157759825,148.7796321237427
48.9375,-0.4425782520773285,0.2496230458010773,-0.3549254249204135,0.0647762666818976,-0.0162289614376423,-0.0188392909563968,0.0076466588320043,-0.0030300118418455,0.0681106300455182,0.9976437086042984,0.0189131815690853,0.0479475138142747,9.442756722654352,-0.0075724881092812,0.0170870805125544,-1.0204088012023629,7.717045188000075,4.306258285451737,1.2925865111484545,1126.9018777342055,1048.021497814559,1053.3548327935232,1112.43488910982,-6.363899326112336,371.9538857534844,-157.56558418180026,238.65476386630567,148.7793967065778
48.94,-0.5973035430316744,0.052035207995679,-0.1945420694975636,0.0625109656314494,-0.0141509584315315,-0.019305939205485,0.007723718343401,-0.0030024208230325,0.0680831671034914,0.9976450704647064,0.0166198719765834,0.05108481143996,9.442837848490786,-0.0075838311127661,0.0167740528989007,-1.0212796574144962,7.717044372903193,4.306334412181723,1.2900475322362803,1126.8650145281397,1049.0115621969487,1052.6892169092164,1112.979522172556,-17.27171135234156,402.96337648839955,-364.74842347669875,173.45927900887767,148.77910476781736
48.9425,-0.7244371119923947,-0.200844522350069,-0.0503799348200665,0.0603560695559563,-0.0125459704138419,-0.0196540078253106,0.0077937745738722,-0.0029746535873607,0.068053091967713,0.9976466565020627,0.0141925901174722,0.0539193833642222,9.442502799857504,-0.0076254631807979,0.0164934196477328,-1.022172347400568,7.717042942863677,4.306406377894021,1.2875061874892366,1126.8155191774435,1050.036314697002,1051.5310906761388,1113.3021855048648,-18.48962335306132,397.3836891046417,-574.8389000262492,56.18607608122911,148.77876280802445
48.945,-0.8414214227924173,-0.4788727166670523,0.0654704621217048,0.058546735139048,-0.0126527326450162,-0.0197301074325211,0.0078547859170321,-0.0029499520903136,0.0680217804651469,0.997648380812476,0.0117745227637874,0.0563485353894034,9.441814041134547,-0.0077021457972883,0.0162507146566109,-1.0230861417969723,7.717040115004194,4.306475339235939,1.2849601489477152,1126.7725664113743,1050.9984806424732,1049.8150224090837,1113.2604525529623,-14.143512541262808,378.79314785184647,-851.200391218664,-104.76535141593082,148.77835719357375
48.9475,-1.0042582237024575,-0.765201651429292,0.1588742962215216,0.0563559909595709,-0.0153745736757844,-0.019395884258648,0.0079073343802028,-0.0029308657256301,0.0679889960494443,0.9976502504021236,0.0094953306715787,0.0583252496892155,9.44083605383248,-0.0078163408707153,0.0160445510375787,-1.0240187403443015,7.717035409252875,4.306543357883116,1.282407648451385,1126.7448016147375,1051.9302804362596,1047.275088720049,1112.7783587477857,-6.354755631215472,284.9987531527765,-972.8771151152184,-234.27920375390224,148.77779314674564
48.95,-1.1806492741307135,-0.9091401837624604,0.1885061937246312,0.054553548689947,-0.0192238621435037,-0.0187192192002597,0.0079532181991562,-0.0029193883387712,0.0679552264085782,0.9976522164184712,0.0074683049928368,0.0598338881069971,9.439632615932256,-0.0079684272134851,0.0158692828801445,-1.0249666926122751,7.717028275574643,4.3066121759192475,1.2798490641684297,1126.7407926332182,1052.4234744082376,1044.950636833505,1112.089056534192,-0.3986564411204888,125.18210741689433,-916.4838105746497,-304.3208017541736,148.7772562932774
48.9525,-1.415908796801334,-0.9112956154755124,0.1581531475192223,0.052798346843288,-0.0237555244727421,-0.0176628095100007,0.0079957376228894,-0.0029124741908533,0.067922117422913,0.9976541533471776,0.0057031482797716,0.0609036370473147,9.438264573164238,-0.0081478253289218,0.0157138445743218,-1.0259260756386859,7.717018070452907,4.30668372943731,1.2772845994526438,1126.742808332532,1052.5561909733444,1042.6926696671735,1111.256754739014,-0.7819449787810135,-21.11072535542108,-911.1794022542301,-357.05920790733853,148.77664740684605
48.955,-1.7630351295995779,-0.7439053263575783,0.0503984079357299,0.0499696772123745,-0.0288756806983396,-0.0162270147945101,0.008038809230894,-0.0029100239236867,0.0678943383363725,0.9976557139796544,0.0042528373293054,0.0615835455639355,9.436787901998846,-0.0083494118240817,0.0155650176432925,-1.0268928879040873,7.717005647386141,4.306758797548465,1.274715012164721,1126.7368829083243,1052.3179207814608,1040.394739822238,1110.3037604946571,-2.462786948943735,-137.07780479105432,-732.0930373396443,-315.24689479990474,148.7758304907991
48.9575,-2.0843519702651254,-0.4909426347887406,-0.0891800009683019,0.046162061653892,-0.0317131411410849,-0.0153363503236274,0.0080793918444062,-0.0029116609254826,0.0678721261083841,0.9976569060870584,0.0031410680401204,0.0618053885207112,9.435254376537747,-0.0085665024256531,0.0154229614215495,-1.02786335628957,7.716991263368307,4.306836824260855,1.2721416772526304,1126.7304943977872,1051.8708019493888,1039.0322044804736,1109.6805202650137,4.630490096085301,-198.2717639373627,-395.81429187412806,-194.8629850090041,148.7750757693839
48.96,-2.3947014651089793,-0.183746755707861,-0.2534339043708546,0.0405374059312671,-0.0318881779313412,-0.0153668938296113,0.0081147849366702,-0.0029182438299979,0.067853515154779,0.9976578813533924,0.0023990990084576,0.0615198786390906,9.433709797887332,-0.0087950535505739,0.0152870692810643,-1.0288344517166823,7.716975164081834,4.30691766407706,1.2695656310054877,1126.7600353588048,1051.3265619617735,1038.4156683628664,1109.3294455696116,36.52007826425372,-219.20486482128507,-82.97240175759995,-89.47902259764258,148.77424190749983
48.9625,-2.698261510489164,0.1665266165439646,-0.4341296368118027,0.0320263877292756,-0.0296442525139805,-0.0166782454567424,0.0081400363385746,-0.0029290102251684,0.0678368284981802,0.9976587956072605,0.0020084487112073,0.060651455901782,9.432194768944013,-0.0090274669193056,0.0151614223793463,-1.0298040026204796,7.716957899574495,4.307001286213716,1.2669881636716547,1126.9130947891083,1050.7747776252831,1038.617342471686,1109.2331251520259,88.42143760552997,-159.3676940767276,225.5658424795212,9.17867168177039,148.7731471671433
48.965,-2.8618547769094325,0.4017078224869441,-0.5374669528630421,0.0239134103212868,-0.0269798107363553,-0.0184985615413973,0.0081531781366649,-0.0029422484511695,0.0678215922000972,0.9976597019664089,0.0019207425235174,0.0591951281840843,9.430744229028864,-0.0092547371668365,0.0150446227462289,-1.030770798155932,7.716939195968213,4.307087026369162,1.2644096576353392,1127.2021425468326,1050.5297234913894,1039.5434975752646,1109.3753389280205,161.83219896634816,-37.81506142520696,503.27763126448815,85.43573342226586,148.77215465322445
48.9675,-2.9157045906878647,0.5615411768059536,-0.5597692104252447,0.0156872777523293,-0.0245615586141113,-0.0207250251103183,0.0081522877288961,-0.0029532831773718,0.0678093440852902,0.9976605244491744,0.0020172262996572,0.0571621154876668,9.429388922857129,-0.009461943191707,0.0149359596306236,-1.0317343789593207,7.716918104250546,4.307173299816728,1.261830288649619,1127.7222557839405,1050.5857023181572,1041.1337306280095,1109.6603038191374,250.9389533622661,68.65423467767747,716.9791395726561,126.00234919061768,148.7710768273853
48.97,-2.883787225083525,0.6675995201094049,-0.5006742641989491,0.0080227822108096,-0.0226355538546705,-0.0231727983957706,0.0081372182393565,-0.0029621196817857,0.0677983091117656,0.9976613829840508,0.0022565078890849,0.054600355497114,9.428155761047767,-0.0096446658827502,0.0148331233971712,-1.032694711986605,7.716893421277165,4.307258754588911,1.2592495773280732,1128.4568373136428,1050.8729946647775,1043.1283932731246,1110.0053506739728,341.97947960470407,148.0022869362681,851.7836064441061,146.87747992654056,148.76992688380312
48.9725,-2.770409378680434,0.7324179419207759,-0.3421935882672864,0.0014053150428416,-0.0213408030780735,-0.0256548229159328,0.0081121761284107,-0.0029716951989157,0.0677857353273689,0.9976624196591948,0.0026474934256821,0.0516426615280396,9.427068456374217,-0.0098060485826168,0.0147267385176983,-1.0336520922717911,7.7168661167703645,4.307342409143731,1.2566670298865747,1129.4321531819648,1051.3257137528387,1045.3926486602325,1110.3946912187705,467.1719176435883,191.92387552042604,999.4830649305073,188.54626580591133,148.7686887041833
48.975,-2.57366222919857,0.7926604726453891,-0.0617184887679069,-0.0055390753410598,-0.0202309788965076,-0.0278600498961489,0.0080808359030734,-0.0029862454125585,0.0677695400812946,0.9976637322536756,0.0032154691685542,0.0484141292521033,9.426149434522179,-0.0099531033564872,0.0146101216296386,-1.034606905288398,7.7168375941010785,4.307423987160389,1.2540818860332017,1130.792696901862,1051.83261404238,1048.1258085977795,1110.948082003003,509.87353661995246,142.69632332342795,965.1795337302839,230.9961437053344,148.76709987195267
48.9775,-2.378623726132026,0.8411766309247458,0.2093129162939061,-0.010863092725445,-0.0193185101074563,-0.0281298124575787,0.0080443285378048,-0.0030071079971116,0.067749183807436,0.9976653432833588,0.0039240231127068,0.0449969189451362,9.425421143406556,-0.0100880064857304,0.0144826722824376,-1.035559628131666,7.716809416668891,4.307503142519214,1.2514937527863996,1131.9815208650623,1052.0391953694555,1050.2185463288795,1111.549671937296,458.23118983498006,0.9035217962714268,761.7924983770275,289.59680804217635,148.76568972905335
48.98,-2.1646051242050817,0.8871626021397774,0.4590789772020528,-0.0160161279529353,-0.0179553317402176,-0.0264985619007289,0.0080038656040496,-0.0030321050933087,0.067723189420447,0.9976673492105078,0.0046704021368187,0.0414777978116348,9.424906323819098,-0.0102073480181833,0.014344081976496,-1.0365109794618292,7.716782779712793,4.307579985791923,1.248901736418233,1133.083852851038,1051.8371316513615,1051.9347710896668,1112.3960660432147,435.0931255392472,-204.6669838520164,643.4414188984994,445.2323345279178,148.76419043759603
48.9825,-1.892406585449809,0.9203721490320153,0.6688368346109405,-0.0216790775268599,-0.0153951389109113,-0.0232278593925655,0.0079620068732321,-0.0030589007818803,0.0676903572584299,0.997669818231988,0.0053539228218446,0.0379654584588906,9.424628231244476,-0.0103090566294924,0.0141918908577648,-1.0374620213074868,7.7167579136816205,4.307654773479562,1.246306850351442,1134.1569864927596,1051.0158604501949,1053.4357534233736,1113.7758336099369,336.7926597452304,-395.59118510437247,452.2935160256132,568.4007706372253,148.7622892122193
48.985,-1.6551038485551188,0.9107149860599324,0.7362568959547791,-0.0256383129968948,-0.0124550785044741,-0.0199607220857869,0.0079222926911729,-0.0030864353495608,0.0676514088212615,0.9976726771681436,0.0059058133093429,0.0345799865417905,9.42461097220784,-0.0103950264465624,0.0140221747757946,-1.0384142243111691,7.716734784958499,4.307727975046195,1.2437112548206513,1134.7678161497627,1049.8591757258412,1054.1962386697928,1115.2380698963982,177.2267175550499,-539.62476192041,209.92508756160703,638.3675645833054,148.76062099344915
48.9875,-1.4063949693091256,0.8457586323542867,0.6785214287553333,-0.0288427833524713,-0.0092242387588778,-0.0164683349182315,0.0078890404734968,-0.0031175974928272,0.0676078778814058,0.9976757797264236,0.0063421178706588,0.031444331727471,9.424879441129953,-0.0104764431423548,0.013830091560514,-1.0393692904608987,7.716713649769651,4.307799869763358,1.2411167494287505,1135.0431200805351,1048.3177366405914,1054.485378861182,1116.967671432855,43.57467139800564,-726.2737332946393,38.191688752866426,796.6777960888537,148.75886772154644
48.99,-1.0868507392744227,0.7044131304821286,0.4845435950766677,-0.0323564836982176,-0.0061891856941821,-0.0129180214575217,0.0078656098339703,-0.0031557494043982,0.0675654855238614,0.9976787012768716,0.0066984225597194,0.0286554089104375,9.425459400356198,-0.0105659416750734,0.013612853551123,-1.0403288071736123,7.716695279270023,4.307869928088617,1.2385232740862295,1134.9856895067528,1046.2278070593663,1054.3871971135572,1119.2214588768445,-82.48456944246071,-771.7227106930948,-93.37698412832049,833.4522683475675,148.75666827998833
48.9925,-0.7940202019286958,0.5469247315895461,0.2573404100920322,-0.0352782782601942,-0.00478008459947,-0.0115842997964964,0.0078505384499138,-0.0031996058076469,0.0675280747253193,0.9976811966599022,0.0069303935134091,0.0262176645626297,9.426377512030728,-0.0106663579990254,0.0133767651361133,-1.0412937624910723,7.716679717379563,4.30793760153986,1.2359297114996588,1134.6306972333234,1044.4591230871295,1054.018493940541,1121.134932774589,-200.7475784748632,-673.4612433097674,-189.708025549174,747.6576241906326,148.75475784086527
48.995,-0.4680607133695569,0.3686818604752716,0.024294595350308,-0.0379996484695034,-0.0042172286027655,-0.0123915220463258,0.0078387426979478,-0.0032454304825764,0.0674975048522745,0.9976831924199168,0.0069575775179861,0.0240630734691095,9.42766000676232,-0.0107750370486248,0.0131348051813843,-1.0422641119942324,7.716666972550856,4.3080027707981525,1.2333340245381534,1133.981951614378,1042.8605008428156,1053.438656985811,1122.9597469977996,-303.2107390889718,-586.8047166726409,-257.47516971160184,701.3377578404337,148.7527690657878
48.9975,-0.1219614432649061,0.1849748326669402,-0.1704597034760643,-0.0399405788461666,-0.0039487298088523,-0.0143021219631549,0.0078258141612412,-0.003289227334662,0.0674738089906781,0.9976847362573515,0.0067101888807962,0.0221297878862278,9.429330846946014,-0.010888577445545,0.012897711896925,-1.0432386576741928,7.71665664057824,4.30806628586952,1.2307334141335382,1133.1146435378776,1041.5250995037647,1052.7311180919824,1124.641621563793,-388.8669266414025,-450.278505219376,-304.84575350592866,629.9223556433661,148.75071678005483
49.0,0.2212686564850854,0.0019407525649369,-0.2883700586640295,-0.0401656502128396,-0.0040541696297315,-0.0164303721248574,0.0078069270522664,-0.0033262619945727,0.0674577704179608,0.9976858333916652,0.0061179122118108,0.0203431496681135,9.431410659993094,-0.0110012121072459,0.0126759600518776,-1.0442151839545515,7.716647841176923,4.3081292879473665,1.2281272138934527,1132.0376169811727,1040.6091083167207,1051.9144282182826,1126.1093587760136,-498.07702087027616,-293.122169813426,-371.5198666293159,595.792199252033,148.74858945557676
49.0025,0.5804144699028178,-0.2144206134976453,-0.3335814050111916,-0.0381820602410644,-0.0045121634515176,-0.0184667727844658,0.0077777315800773,-0.0033525638043136,0.0674481268004391,0.9976866209189266,0.0051379524301863,0.0186316301666145,9.43391543054506,-0.0111078965437288,0.0124779691843802,-1.0451908350779606,7.7166393557062865,4.308193326592448,1.225516315964356,1130.6242584335287,1040.0594886546987,1050.8735187588375,1127.6205825600505,-512.3182156709497,-110.81372420852647,-378.6709020796361,516.6389586578673,148.74595166014228
49.005,0.8019435350736261,-0.393335016628496,-0.3032200666200473,-0.0351256527647086,-0.0047861895222689,-0.0195675232637408,0.0077425429822334,-0.0033694427646937,0.067436834837781,0.9976876032873015,0.0038487319376187,0.0170762385166224,9.436854567378445,-0.0112149369094405,0.0122936901842872,-1.0461625985512648,7.716629744367354,4.308259917341004,1.222901314592408,1129.4760259028167,1040.055039695678,1050.0210737078835,1128.6925535693042,-415.02674594277465,79.03473520455513,-317.020875983482,394.6654038057458,148.74368375786148
49.0075,0.9202065042036104,-0.5699710480533844,-0.2273596100447339,-0.031540126971775,-0.0050492224996566,-0.0200840440589757,0.0077095657596843,-0.0033839073001776,0.0674195193714739,0.9976889867538415,0.0024489729644517,0.0158212736887275,9.440230957536032,-0.0113398134670666,0.0121050661596549,-1.047127495824811,7.716618624215044,4.3083292090904335,1.2202817963128907,1128.5491247038135,1040.454662330722,1049.2884143789192,1129.5939095790802,-311.76465574832196,240.04340206605775,-266.52939404554354,356.4952032089027,148.74134458523932
49.01,0.9473440800898418,-0.7644378514841988,-0.1152110250809999,-0.0277127773495924,-0.0063713427011978,-0.0201636259539946,0.007687167950888,-0.0034018607530934,0.0673944135467572,0.99769080501046,0.0011222291675457,0.0150135338263971,9.444041439146176,-0.0114966375226846,0.0118933106758745,-1.0480829553455144,7.716606339426581,4.308400640007669,1.2176579860045147,1127.9172026240765,1041.2552567060072,1048.6884267376568,1130.475029585347,-125.84500291471088,319.2492725346441,-153.84798732558326,284.1804127092838,148.73845636048887
49.0125,0.8949020218627848,-0.8912743119708177,-0.0238639680263176,-0.0252731089737009,-0.0087232730150612,-0.0198744591307852,0.007676909530359,-0.0034230092137593,0.0673633063674705,0.997692924118278,-7.09331898994664e-05,0.01467767801021,9.448277572164391,-0.0116845754382133,0.0116532783483559,-1.049027071589328,7.7165934082876255,4.3084734641427564,1.2150316301721351,1127.9198996892399,1042.050908693396,1048.5191744422907,1131.0148116426271,124.566481907168,308.9863383466547,17.757003400347468,166.10170565027744,148.73598279764167
49.015,0.7988318677597197,-0.9560677706453898,0.0486840735932914,-0.0237435980730663,-0.012022276683173,-0.0193131016613037,0.0076770866642868,-0.0034461010456905,0.0673286246561749,0.9976951965244584,-0.0010925776245116,0.0147759186218862,9.452925090280312,-0.0118994472708446,0.0113871853087493,-1.0499587138226296,7.71658006408727,4.3085466599023405,1.2124045061818223,1128.5400350336126,1042.8001883977413,1048.7772117546588,1131.3055381135987,403.65093023397424,281.4292634132757,216.91234199012516,62.683532190624355,148.73344140155302
49.0175,0.6702321047085864,-0.9478693654747082,0.1052653247988832,-0.0225435493461053,-0.0159101802763913,-0.0184680729182721,0.0076868417376456,-0.0034716579681425,0.067290610051069,0.9976976098854357,-0.0018732985123875,0.0152813404088501,9.457963609495897,-0.0121401493645566,0.0110966077601857,-1.050877447434416,7.716566482640154,4.308619118837331,1.2097779578837216,1129.938154340408,1043.458055010461,1049.6037361522403,1131.3282293035802,595.6140555498814,180.91745867995837,380.0296653099269,-44.68232868518941,148.73031527359433
49.02,0.5702666008806166,-0.8733874668701068,0.1279915801592288,-0.0215405815162613,-0.0185343651353186,-0.0178069421737616,0.0077004895730146,-0.0034974876539092,0.0672487058389607,0.99770025145941,-0.002406724904723,0.0160757809770892,9.46336754450052,-0.0123983916348408,0.0107938504700608,-1.0517832004045753,7.716552285855098,4.3086897673740845,1.2071524992004867,1131.5181053113636,1043.7047756911415,1050.6773600812091,1131.0821264701729,673.2002083588862,23.511111900449368,484.1639630604984,-140.51727898488113,148.72764812403503
49.0225,0.4891185411306755,-0.7451323775054389,0.1340582741352491,-0.0202996813711699,-0.0204128275448814,-0.0173882082167727,0.0077154858329739,-0.0035223572328635,0.0672041171589659,0.9977030625340192,-0.0026724774025447,0.0170947364221685,9.469105293622768,-0.0126674526351369,0.0104857369432746,-1.0526758717239368,7.716536702440883,4.308757736481359,1.2045278107093045,1133.304155382204,1043.5756105699631,1052.0245559675443,1130.6256429086554,711.2559247531055,-115.09751188838445,558.0103813529677,-199.70843093110463,148.72491885059839
49.025,0.4285895520101175,-0.5874433708717767,0.136058659197646,-0.0189180369733408,-0.0217730515905908,-0.0170985389128812,0.007730948998251,-0.0035499605947833,0.0671609699675256,0.9977057575554787,-0.0025648447782733,0.0182938793610798,9.475139197133586,-0.0129504066372792,0.0101770709562148,-1.0535547059297967,7.716519203522539,4.308822900811948,1.201902417263192,1135.0743849351259,1043.1292881317,1053.4674119879717,1130.0835843155182,663.5475527905116,-248.1276677980172,566.4001961626412,-209.20774403542265,148.72213998060127
49.0275,0.4010632061158465,-0.4104399160340669,0.145514794532478,-0.0174519055978378,-0.0226001302601223,-0.0169657831543186,0.0077483431849767,-0.0035838964360568,0.0671217085599142,0.997708147652119,-0.0019877067270014,0.0196678289322074,9.481425501939682,-0.0132500952104544,0.0098681394557538,-1.0544180868889304,7.716499238197071,4.308886039497487,1.199274207405625,1136.6218931461583,1042.3349722309727,1054.8565569483587,1129.5796041884776,592.0844717596236,-412.95419517202174,562.1675314181937,-174.82618673502807,148.71930390278808
49.03,0.42447381990422,-0.1906141461828414,0.1788950399509009,-0.0159836800486147,-0.0230335254993704,-0.0170127749980443,0.0077715014267336,-0.0036256712934123,0.0670878403989516,0.9977100968895904,-0.0008930471707005,0.0212531542650514,9.487914309185433,-0.0135651918444633,0.0095541473815215,-1.0552635086917164,7.716476806819238,4.308947103233787,1.1966418679881192,1138.0348072939255,1041.0645171558388,1056.278249645064,1129.2094533818426,432.36358669744953,-501.46981758480393,463.2063542120824,-73.77919033940432,148.71583808234755
49.0325,0.5096905258504788,-0.0071274720812034,0.2304016769776624,-0.0155737751090386,-0.0229718139049303,-0.0171058867595835,0.0077995931650215,-0.0036749724588981,0.0670617453236942,0.9977114538887394,0.0007149858184312,0.0229952568253429,9.49455045657262,-0.013890030607698,0.0092399090403657,-1.056087631664716,7.716452074648974,4.3090057700656414,1.1940045030992643,1138.7837110796436,1039.8276231430507,1057.1725887194173,1129.210708236781,217.98143724197632,-506.4539215803189,289.0405185588292,78.33613877942838,148.7129004422044
49.035,0.6816533351047313,0.1752748759336121,0.3045342308574744,-0.016361231223618,-0.0226533207607794,-0.0169979068550746,0.0078280871659718,-0.0037262524852718,0.0670459121293874,0.99771210789416,0.0027169942629342,0.024771323531981,9.501274189301329,-0.014207878798241,0.0089371540306662,-1.0568867830533364,7.716425590999633,4.309061832719034,1.1913618702032986,1139.124714480136,1038.532247547936,1057.7234522378587,1129.60113407574,88.97954187168574,-550.373826582509,164.0571954866643,254.03247774457404,148.70991455656647
49.0375,0.9791181350821856,0.3955982751463884,0.4057813978732163,-0.0172382984389531,-0.0221969034158747,-0.0162289479881825,0.0078527151051913,-0.0037709170947011,0.06704021399508,0.9977121337864324,0.0049257043650605,0.0264635556931219,9.508021787438098,-0.014496443091699,0.0086561912060319,-1.0576574389388227,7.716398237807832,4.309115316933004,1.1887140725510728,1139.2286087890022,1037.0757540101367,1057.992874696851,1130.4808706255046,21.927644743047427,-493.4541173318789,37.73066656220884,369.741933007226,148.70627922015112
49.04,1.2614586695772108,0.5809197087717644,0.4851116591046545,-0.0160244063953474,-0.0216721528042133,-0.0150290028224427,0.0078708078257503,-0.0038031275441736,0.0670425652362582,0.9977117162074408,0.0071991515897934,0.0279787771882802,9.514726733644963,-0.0147404506748842,0.0084036269273808,-1.0583965592555409,7.716370295725895,4.309166446403334,1.186061252242582,1139.234352703851,1036.0649769612787,1057.9121055706698,1131.4498437407744,28.04840640654604,-336.8163947302588,-89.21841699889211,397.4632234981768,148.70320872613172
49.0425,1.4957248331433979,0.7609522690649084,0.540474907759925,-0.0114765027033098,-0.0206535232291664,-0.0136256330198366,0.007882168883272,-0.003821038414191,0.0670500445266602,0.9977110619273972,0.0094673952456488,0.0292655114150894,9.521321512532818,-0.014934483458421,0.0081804217375045,-1.059102032169768,7.716341618889856,4.309215764676003,1.1834034626531365,1139.368850821035,1035.3916720364848,1057.5467826118563,1132.4681867429963,124.30102461346912,-198.9460411478268,-217.01528847009095,408.43056826508496,148.70009859169244
49.045,1.6223553955890126,0.9499451527406688,0.5607709659024459,-0.0034913609964968,-0.0184849717216251,-0.0118905809465318,0.0078888709060272,-0.0038262257676272,0.067056728900326,0.997710547689876,0.0117238601846645,0.0303131073027528,9.52774002116032,-0.0150819266973511,0.0079819576922638,-1.0597731282814407,7.716312317765939,4.309264635847893,1.1807429813566954,1139.8558578269187,1035.0702467555393,1056.8270291283188,1133.491996582101,241.72736541039893,-32.88980077625901,-301.2718407439036,310.0225089062951,148.6963240139728
49.0475,1.5564385111226076,1.0637422726907255,0.5277584151288408,0.0031912956370113,-0.015751993332932,-0.0099766241548191,0.0078939152202737,-0.0038252263535992,0.0670613837232214,0.9977102065899968,0.014055170115255,0.0311267269000246,9.533920277029782,-0.0151978731218252,0.0078011635120132,-1.0604107219531935,7.7162829963045505,4.309314559350786,1.1780817517276438,1140.577487648086,1035.2272230326037,1056.040423408138,1134.0182992875264,342.55405814915986,141.89176507299652,-337.9199981399414,118.62960632623368,148.69314566725032
49.05,1.3103872955471365,1.10791481558704,0.4353300169259652,0.0082643772232691,-0.0121227534046386,-0.0076115988143388,0.00790117908731,-0.0038215528033056,0.0670651078708876,0.997709919209278,0.0164915184028911,0.0317385760694517,9.53980766032728,-0.0152923050771991,0.0076275600799319,-1.0610175620742823,7.716254700752909,4.309366635620534,1.1754207999000883,1141.5686281176654,1035.7797055809046,1055.1374291376183,1134.0851446137324,419.31593790869925,271.0558104680763,-366.271135059782,-52.833151819477536,148.68993617337347
49.0525,0.9427047903243418,1.0843212109180556,0.2990385691505383,0.0115074554544438,-0.0082018675739933,-0.0055951075871654,0.0079132167597665,-0.0038182094646567,0.0670677994102654,0.9977096600320337,0.0190534046316581,0.032164632963577,9.545357667336994,-0.0153750373566161,0.0074524819726095,-1.06159797070858,7.71622888251781,4.309420906483492,1.1727612206688127,1142.6740673376305,1036.5825020849447,1054.2090677328383,1133.754133528429,436.5111337142812,356.80292064590213,-359.633209029798,-213.97971615143797,148.68670307916577
49.055,0.4785290107792137,0.9843408772313528,0.1338286285910709,0.0129087745789288,-0.0048575419835556,-0.0047707071586674,0.007928928349476,-0.0038175498279134,0.0670689220418091,0.997709464532967,0.0217471514504652,0.0323617694393732,9.550538405205488,-0.0154547014788467,0.0072743626179917,-1.0621574596792966,7.71620624233112,4.309476592683737,1.1701043332419763,1143.7511837862348,1037.5637201841323,1053.339263092471,1133.015246032976,427.9835909594651,440.9702839052461,-350.557258283018,-382.3759016545272,148.68344425220107
49.0575,-0.1238592038217405,0.8036656058147537,-0.0538819430246629,0.0130652380266373,-0.0021384564138646,-0.005332336726621,0.0079452747116689,-0.0038177576515884,0.067067385933912,0.997709436868903,0.0245006652766397,0.0322657201014389,9.555332204544381,-0.0155310307897877,0.0070948975294731,-1.0627023443564636,7.7161868217289795,4.309533698801695,1.1674504101821868,1144.8139852924287,1038.787353504472,1052.4562814414223,1131.8422540201555,330.5701209156396,437.33310143257216,-289.6812501542964,-444.1216172324859,148.6795074876397
49.06,-0.6193699173012366,0.6297192889179749,-0.1711464053772595,0.0122614049226611,-0.000890896823659,-0.0066759057992276,0.0079564289694725,-0.0038137105057766,0.0670630633610403,0.9977096510829015,0.0271786935738115,0.0317740933670758,9.559736492503708,-0.0155959489930926,0.0069212419729538,-1.0632390822501436,7.716170585284435,4.309592683888481,1.164798976519504,1145.4040343908139,1039.7503856912963,1051.8908568416987,1130.7946379468124,162.0725197914108,359.0490854600003,-191.08934420136487,-396.092888183599,148.67620770124532
49.0625,-1.0579083398642,0.4608845166886127,-0.2254320683104079,0.0100963098905341,-0.000305441512501,-0.0082273344500199,0.0079576033743325,-0.0038013976598157,0.0670567858971394,0.9977101047450638,0.029671430884079,0.0308134396422512,9.56376281596427,-0.0156429311079942,0.006758782910008,-1.063773561002681,7.716156329093021,4.309653332167976,1.1621493791453723,1145.6243478913852,1040.5825989317705,1051.5008347204164,1129.8617895792393,12.36583305786768,329.253366835864,-140.2382277706149,-354.47526192179294,148.67289128825607
49.065,-1.4614601127904443,0.2860197835018447,-0.2144540230090816,0.0052857518030695,0.0002045012543321,-0.0097894276660484,0.007943625362063,-0.0037778995349382,0.0670494702902268,0.9977107893668978,0.0318914109247408,0.0293114167165216,9.567436079227706,-0.0156663493211233,0.0066144113246368,-1.0643105465071028,7.716142041578467,4.30971510967728,1.1595005282573896,1145.4658635561032,1041.3966525254743,1051.1896657028462,1129.0222616372052,-119.04494622493353,267.69328575319327,-96.71082848667136,-251.7171966461396,148.6688962543355
49.0675,-1.661915058377235,0.1711992938777623,-0.1524340383741949,-0.0003181711740397,0.0005793038852627,-0.0104360307169991,0.0079128426166421,-0.0037412092970735,0.0670401689942255,0.9977117900551434,0.033773932822172,0.0272704266005765,9.570792444793641,-0.0156615188503129,0.0064884118996065,-1.0648533465392211,7.716125468268102,4.309777131275994,1.156849922589746,1145.0291231602603,1041.921065360537,1051.0172805779828,1128.603203596008,-218.35250198617103,181.7670050393624,-58.30562572156596,-109.94591553170552,148.6655571983438
49.07,-1.70546296038956,0.0923715919435949,-0.056184554404359,-0.0064960361743436,0.0006977444919067,-0.0103820086187978,0.0078701319928462,-0.0036941178611853,0.0670281764013598,0.9977131039191088,0.0353537891337184,0.024818538763967,9.573876535409049,-0.0156334444672025,0.0063688358291329,-1.065403595320975,7.716106250399679,4.309838310256424,1.1541954483246075,1144.3741010461715,1042.3054875506716,1050.8981375742383,1128.4725320595464,-308.73040322649894,144.8158937063861,-39.66243542867202,1.0097143385801335,148.66221151038357
49.0725,-1.600217238176564,0.0400803159358265,0.0759553934031582,-0.0130541201745593,0.0007988159227816,-0.0098208992726684,0.0078227649957643,-0.003641941195915,0.0670131374920876,0.997714676762162,0.0367154491605851,0.0221315929733792,9.576739986032194,-0.0155917588221815,0.0062400082867429,-1.065961479093672,7.71608393370586,4.309897826759607,1.1515363196458812,1143.4854711441292,1042.6451448290684,1050.8189684008396,1128.6082521677008,-318.7481459453199,110.49940340661836,-11.00959335548742,93.27163274087755,148.65819336685237
49.075,-1.4243655473937524,0.0305157512826003,0.1885081271371926,-0.0168621192967608,0.0010970548771609,-0.0093654193530162,0.0077768538894706,-0.0035918818390838,0.0669951174998369,0.997716429142124,0.0379754697073575,0.0193639799928039,9.57943967059852,-0.015549312858624,0.0060899389982275,-1.0665261243917943,7.716058205542962,4.309955688565737,1.1488735093982017,1142.7803603164443,1042.8579845677048,1050.8430896074608,1128.938890223251,-246.54622724229856,74.96321286867699,43.83890759115761,176.70546821414115,148.6548454462296
49.0775,-1.2223009787657046,0.0559802891996606,0.2950733109531684,-0.0184505386594364,0.0013150655948543,-0.0091516430142774,0.0077337872880151,-0.0035499765863995,0.0669757864577051,0.9977182153401052,0.0392191594804511,0.0165821389609153,9.58203620918642,-0.0155156478571554,0.005917406021647,-1.0670960711787258,7.716029499352606,4.3100119478150365,1.1462075490753405,1142.252740007917,1043.019960893412,1051.0381629387955,1129.491779508772,-162.75290414356527,57.44355281968405,146.7277002396683,300.3032781145069,148.65150217417835
49.08,-1.0106757291328945,0.1300354892768749,0.4040150584740769,-0.0189070593746101,0.0010191503274494,-0.0083859450948735,0.0076930511138585,-0.0035201779622054,0.0669559187268447,0.997719973154192,0.0404869041360166,0.0138176249636354,9.584591699012423,-0.0154960012469774,0.0057256786491953,-1.0676696437929307,7.715998516581704,4.310066337874397,1.1435391017660692,1141.9665957957272,1043.1452023318031,1051.5767281086585,1130.4404066138222,-29.611376653914103,28.207237313458,261.33248641258706,399.5946536131444,148.64750059723949
49.0825,-0.8775736027066356,0.2276705949418633,0.4661871600625693,-0.0195667492184973,0.0007241871459557,-0.0068164524328853,0.0076543406180834,-0.0035020909527936,0.0669359518691435,0.997721677416648,0.0417343185747555,0.0111085317705021,9.587168032418873,-0.0154871746883873,0.0055175900945897,-1.0682452493812111,7.715966049865648,4.31011866772512,1.1408691543953888,1142.1046831246474,1043.160997079979,1052.344825370859,1131.4897527768387,150.7290211062038,-21.82233806241832,379.51098835632047,473.00738063948654,148.64417836466035
49.085,-0.7776583718714741,0.3524686420068002,0.4860686518267061,-0.0214972260482313,0.0011464517246645,-0.0047879948161691,0.0076170267574256,-0.0034893869280462,0.0669145376369685,0.9977234458526146,0.042802507407072,0.0084898818648068,9.589825726357043,-0.0154744022627533,0.0052962538041459,-1.0688215085986068,7.715932839343565,4.310168889672625,1.138197951758405,1142.7202409012586,1043.036090641491,1053.474283050441,1132.8054435170209,333.9028822576292,-78.83916776739066,504.7526961385345,564.1834621194577,148.64087374570295
49.0875,-0.6851758238895769,0.4858251368072019,0.4701223961585975,-0.0241180193188962,0.0023378013968352,-0.0030321493347597,0.0075787361778882,-0.003475631970096,0.0668899902259775,0.9977254334929984,0.0435292743219333,0.0059577268980505,9.592622098335802,-0.0154437085658234,0.0050687734782913,-1.0693970530150492,7.71589989510191,4.310216973553673,1.1355258594914424,1143.774197535934,1042.7668012411427,1054.8685888515495,1134.3106700874334,526.2608040665364,-142.13364396579897,597.0838251037222,634.0678498632709,148.63758742695111
49.09,-0.5834451327703087,0.612064409208839,0.4211812972800137,-0.026753025710146,0.0040828729063624,-0.0019426857143494,0.0075380855234672,-0.0034581537487049,0.0668617398661323,0.9977277000428592,0.0438284383993775,0.0035156522351035,9.595609435674866,-0.015390585551309,0.0048407898748868,-1.06997036999374,7.715868511591318,4.31026280610209,1.1328527428297648,1145.3515449215927,1042.3254224216616,1056.4597021759612,1135.9757827663389,791.5282403878833,-220.5746086786584,697.9572797360628,748.3690327502964,148.6343277784075
49.0925,-0.4471036153907806,0.7391706736462597,0.342964949879361,-0.0290856740309333,0.0061259651542005,-0.0013626374834318,0.0074976687317629,-0.0034406031867358,0.066833052724657,0.9977299938120124,0.0437444927544828,0.0012282454364703,9.598833568237612,-0.0153257433217591,0.0046102853998834,-1.070539674675864,7.71584046006584,4.310306955425175,1.1301781689742996,1147.7318387378755,1041.6639281977489,1058.3583752502316,1138.0525152511868,919.6413944798855,-246.26453716168385,655.5984888012568,759.9817612552307,148.6304526888846
49.095,-0.3320834575043958,0.8165967899901972,0.2723116394285575,-0.0300399608188886,0.0078051443561538,-0.0012295070913201,0.0074616236022025,-0.00342829397637,0.0668061046533551,0.9977321187414498,0.043362407250152,-0.000819025418274,9.60233406147283,-0.0152646445980549,0.0043717573614008,-1.0711029998375867,7.715816191789657,4.310349987492023,1.1275020905956308,1149.949751893988,1041.0940997358543,1059.7376946199645,1139.7756915726115,879.8059939591486,-205.4895368850652,471.38424179919167,675.3983421375052,148.62725753184915
49.0975,-0.2343342029328642,0.8541080817650721,0.2000873130890412,-0.0302446890096299,0.0100401764407033,-0.0010248607549392,0.0074342398491257,-0.0034225975056581,0.0667827862276792,0.9977339107312984,0.0426998366875892,-0.0025387959234293,9.606144603709303,-0.015214825879018,0.0041182335890526,-1.0716583588583324,7.715795074239413,4.3103924746569025,1.124824734883623,1152.1308687076735,1040.636480513323,1060.7152964592287,1141.429506961876,880.9165219243864,-148.75939746808973,318.08268258848426,707.4684939877461,148.6241015781038
49.1,-0.1542416787139946,0.8419501129509013,0.1063196558785766,-0.030146589647994,0.0131601581567315,-0.0005606617767818,0.0074191164147703,-0.0034215465973956,0.0667639732165701,0.9977352906327436,0.0417185372948992,-0.0038579072338699,9.610292672000782,-0.0151765773016425,0.0038430676762098,-1.0722037183281035,7.715775883153484,4.310435034315882,1.122145899093669,1154.354334503612,1040.3503027485135,1061.3281080329075,1143.313034042552,705.0335151294848,-49.44068942968392,139.3056895496914,678.1976009852117,148.62036350161696
49.1025,-0.1241450060823432,0.781921462028715,0.0161117412238942,-0.0299388506271664,0.0154604358292753,-0.0001481586117777,0.0074159169391243,-0.003423183399864,0.0667499735060811,0.9977362468539128,0.0403848029450125,-0.0047830367909154,9.614799156440812,-0.0151492472520793,0.0035474006934626,-1.0727368865000213,7.715757485328288,4.310477559378829,1.1194651316052289,1155.6560362833177,1040.3892770661748,1061.4118249069763,1144.820494966799,371.4810034447883,75.41470874021577,-21.634081717627694,601.5613072683769,148.61729161448943
49.105,-0.1297017447578769,0.6752159074063235,-0.0916125912895059,-0.029555005748878,0.0170852054893207,0.0001364841679695,0.0074203549053061,-0.003426449668147,0.0667409015029235,0.997736807272064,0.0386865967334035,-0.0054012715533476,9.619678298904269,-0.0151329424684178,0.0032404251817782,-1.073255558057853,7.715738707562188,4.310519389337061,1.1167817492874224,1156.2117395208368,1040.7273762922148,1061.2199376243195,1146.3208405788955,63.62176883427693,207.65274865082864,-91.82713216823537,672.3325848440453,148.6142667572123
49.1075,-0.1618226115084002,0.5017850394506438,-0.24017110276417,-0.0290766401002075,0.0185345208402288,0.0001815113403213,0.0074255365573272,-0.0034289350482575,0.0667358783557599,0.99773709063615,0.0365918744019559,-0.0058505491452945,9.624938185603492,-0.0151238968919917,0.0029362444126281,-1.0737575365496794,7.715719088331338,4.3105608482940925,1.1140961469514488,1155.9741451274892,1041.4275408094295,1060.9526892461352,1148.182157891021,-221.50914279725063,292.89081761084424,-63.89379963731143,697.3529112280152,148.61069323747358
49.11,-0.1881932292673441,0.3235017232318858,-0.3735974259785314,-0.0288824624127057,0.0195099919204022,-0.0001488235676486,0.0074249151655567,-0.0034279946780504,0.0667325719889066,0.9977373117620816,0.0340733000309386,-0.0062635211616961,9.630580942365123,-0.0151173843733817,0.0026477486062674,-1.0742408619289772,7.715699188844826,4.310602010708842,1.1114099192074423,1155.1041938068515,1042.1918303802677,1060.9004686261333,1149.8076051350324,-446.126278623341,325.79026064847017,47.074684353650376,659.4780828887715,148.60776328174643
49.1125,-0.1771953094757189,0.113011686758166,-0.5025175603271377,-0.0293165402986209,0.0201926649388762,-0.0010223148902537,0.0074155475605679,-0.0034226638076606,0.0667283596164202,0.9977376726760514,0.0311484292147577,-0.0067066693099689,9.636603042351021,-0.0151123599029572,0.0023799997885822,-1.074703789198693,7.715678963674289,4.3106434037060914,1.1087231117314027,1153.7435137343712,1043.0564921126727,1061.1880626679035,1151.4795483054663,-585.1123041955096,350.66599702686534,177.91185714318084,661.9703398347862,148.60488417568183
49.115,-0.1032830088935711,-0.1213377648709367,-0.6131460825308171,-0.0305563445058897,0.0205872381688856,-0.002445453290752,0.007399354436837,-0.0034140931070244,0.0667204889980671,0.9977383406627088,0.0278889846710509,-0.0071558215835143,9.642996106507033,-0.0151126466133054,0.0021276981522492,-1.0751447020884688,7.715657663509837,4.310685732217896,1.1060350616993269,1152.1786322858727,1043.945160365403,1061.7900279118496,1153.117456834208,-624.9970592887848,350.8594583583098,302.2982709635492,620.9384378366129,148.6020479803649
49.1175,0.0780406034721936,-0.3767593351182403,-0.6835946792129721,-0.0327474788749722,0.0205619952710654,-0.0045146074894281,0.0073813324499985,-0.0034044305456063,0.0667077155516405,0.997739355811338,0.0243961511749872,-0.0075284821114606,9.649748181414298,-0.0151243596360328,0.0018790779629287,-1.0755620945504885,7.715634830026878,4.31072868410861,1.1033458205567748,1150.6185284379303,1044.8107894044626,1062.69955402272,1154.5842404946468,-630.2303849970899,368.0956422473109,433.38065703060806,571.8600186514126,148.5992644072873
49.12,0.4290266261326471,-0.6879467132513594,-0.7047942698717506,-0.0355508354110096,0.0198576860153238,-0.0073146941227265,0.0073670433741507,-0.0033992596398179,0.0666950543834946,0.9977403225937812,0.0208430644702625,-0.0077349832360794,9.656844798432253,-0.0151608662591829,0.0016219705992038,-1.0759545106240427,7.715610963524331,4.310770929366133,1.1006543371537147,1149.0274803608856,1045.7856385766404,1063.9569311970035,1155.9767569274663,-507.8308557520944,344.5586250337839,456.5026310785863,432.0080515936816,148.59598607633336
49.1225,0.8034436136266339,-0.9278228272639892,-0.6657397225042395,-0.0363294008139667,0.0183307101157092,-0.00936534651484,0.0073627138350767,-0.0034035323617986,0.0666891750637629,0.997740731999918,0.0173962322668897,-0.0076710634920262,9.664270545560672,-0.0152343524107344,0.0013430347507779,-1.0763207764709288,7.715586544053126,4.310812212691821,1.0979599920180376,1148.0793741591683,1046.5335825296324,1064.982067178114,1156.7442807526163,-282.24233861117887,283.7560313499887,374.4258854198728,220.86781759032496,148.5933065824528
49.125,1.185402543524651,-1.1109935504322257,-0.5722614484214102,-0.0332863303836507,0.0151507745865007,-0.0110100372889835,0.0073701963433606,-0.0034178040806118,0.0666922817044527,0.9977404197229002,0.014135909656299,-0.0073103855779669,9.672010735374094,-0.0153472331318995,0.0010379269262124,-1.0766603325617388,7.715562447589779,4.310853030086202,1.0952631532930055,1147.616268667831,1047.204418733389,1065.8290606241014,1157.0810960154172,-88.04074366866011,271.8361670969187,316.4348973116525,66.42040939692963,148.5906825177835
49.1275,1.5469011095310283,-1.2269019490048847,-0.4086079152028133,-0.025540029946137,0.0098568734876217,-0.0127632760254107,0.0073871530496238,-0.0034399214850607,0.0667033002520322,0.9977394805782174,0.0110873833533191,-0.0067040149918853,9.680052276822279,-0.0154957664742813,0.0007111912396293,-1.0769734463826675,7.715539229665991,4.310893259937102,1.0925648892139768,1147.6391704408256,1047.8927633651156,1066.5642416646708,1157.0763827996007,98.18263809920131,225.89135629943752,227.5108840610956,-44.61604035316205,148.58759890291876
49.13,1.71763861533184,-1.225550044518722,-0.2409804960682835,-0.0178658090886373,0.0053874695928674,-0.0137483540156009,0.0074105919445974,-0.0034664862865172,0.066720001820354,0.9977380966429424,0.0082521205319453,-0.0059148295092658,9.688384381342292,-0.0156735451157132,0.000368933858594,-1.0772613378319125,7.715517691301732,4.310932894608649,1.089866702976743,1148.1071818583273,1048.3338755148868,1066.9666150444075,1156.8580158136513,264.41361557581445,138.51938214872652,136.92664733241415,-96.17813468962223,148.5850845489007
49.1325,1.7522528606092576,-1.1354536745934007,-0.0587832295064822,-0.0116697368653569,0.0019844004207718,-0.0139354328086919,0.007436035425258,-0.0034921377055218,0.0667385540256864,0.9977365753841244,0.0055912276514147,-0.0050332807362204,9.696999469919865,-0.0158696055936182,2.0493108373849725e-05,-1.0775261895766868,7.7154987513168,4.310972156389652,1.0871699233972147,1148.9612385187052,1048.5853602758596,1067.2488749013332,1156.5954921261523,439.6128400417998,56.89852211726875,124.52849754170032,-90.5086446595674,148.58262905370796
49.135,1.69669936983405,-0.9618895347011744,0.1556082295093527,-0.0070804633127257,-0.000397083147287,-0.01359669152942,0.0074618441066353,-0.0035112130670625,0.0667548749571406,0.9977352213303324,0.0030611755512591,-0.0040963922910564,9.705893300073333,-0.0160722372811761,-0.000330598958655,-1.0777708769664387,7.715482302964626,4.311010587490233,1.0844751738263803,1150.3052460585343,1048.618368125473,1067.5892575321154,1156.4054725903538,525.3971036234857,-34.6807632851146,140.13640722384588,-33.81820193670226,148.57975275193078
49.1375,1.6257379871950668,-0.7902691884766041,0.3175888370598406,-0.0051588554105011,-0.0011325334877657,-0.0129755028321534,0.0074853537362408,-0.0035169600356531,0.0667669129884036,0.997734215483896,0.00059137472204,-0.0031616783260228,9.715065239475656,-0.0162662940461144,-0.0006784120439498,-1.0779986463693487,7.715467018243744,4.31104727262512,1.0817823737532313,1151.588224036824,1048.411956459434,1067.9495569374528,1156.4264011164687,523.2149010068549,-123.1082498010262,163.3107465190352,47.890516337905005,148.57741645901555
49.14,1.576443688076488,-0.6076541540106923,0.4486407202492693,-0.0037189874504842,-0.0017554635634133,-0.0118693778119745,0.0075029561436971,-0.0035050097867576,0.0667726339557214,0.9977337372304984,-0.0018503105008026,-0.0023103926060557,9.724517592303496,-0.0164404174500515,-0.0010144461298881,-1.078212606743621,7.715450755660307,4.311081913188152,1.079091471730017,1152.92132056357,1048.0028268764675,1068.405811264711,1156.6449251720435,526.2347810257108,-181.9670166677788,187.72811913748927,111.25320467705136,148.5751460339425
49.1425,1.5530049854591204,-0.4133135700861813,0.5453992986588696,-0.0016420352248424,-0.0029826984341256,-0.0103999985704669,0.0075125656675167,-0.0034749859562949,0.0667717044962874,0.9977338269051684,-0.0042250626866857,-0.0016017703979029,9.734254374674212,-0.0165907940714018,-0.0013328256513747,-1.0784152690774165,7.715431913766017,4.311114526406176,1.0764023154897835,1154.2193979419503,1047.502121376096,1068.8881975331394,1156.9826671398534,497.1505496189551,-194.33877491400443,173.35676457205636,144.35571609721484,148.5729328048644
49.145,1.5399369033244343,-0.1939599685647222,0.5938890325258606,0.0014455531036833,-0.0046342013035616,-0.008744217717489,0.0075153793955923,-0.0034284986512707,0.0667641477129539,0.997734469258761,-0.0064611651036254,-0.0010358950679145,9.744279740315225,-0.0167173441776541,-0.0016345617944372,-1.078608225308224,7.715409558287098,4.311145537095444,1.0737140735329582,1155.407073311666,1047.0311330018967,1069.2725950875715,1157.36670375253,486.5902097148376,-160.12466573020896,107.04649875314296,151.09368172017184,148.57079212878028
49.1475,1.4888766589458828,0.1019658764015999,0.5929769295209428,0.0061790591836551,-0.0060457688851383,-0.0067543292978899,0.0075148878393252,-0.003372963509967,0.066752331121736,0.9977354527222272,-0.0083824044841098,-0.0005770940296944,9.754595938764934,-0.0168321751814402,-0.0019249211816245,-1.0787917261891673,7.715384437736427,4.3111756876520255,1.0710261278809012,1156.6523489905255,1046.7014980474446,1069.4234300269054,1157.7381355484547,423.47791621739213,-56.30387143269791,-20.546592628734786,103.52935506898896,148.56831242887966
49.15,1.380384469351626,0.3643901641183353,0.5441924783396846,0.0107289102456687,-0.0060169940788126,-0.0051556279187073,0.0075163841865507,-0.0033148202076458,0.0667367744723354,0.99773667929189,-0.0098409738615441,-0.0001539970210403,9.765201275340944,-0.0169453725651559,-0.0022134752683385,-1.0789647200378947,7.715357545057899,4.311204926768583,1.0683379461018474,1157.5244628927508,1046.7496136447337,1069.169862124428,1157.8843505278744,314.09903484347825,104.29438221448557,-193.335889533538,13.018027542641608,148.56632446974507
49.1525,1.1722390265430223,0.6164431848248731,0.4508575334410095,0.0153979636396656,-0.0046722224714821,-0.003808407118592,0.007525766558781,-0.0032624719976419,0.0667178836747006,0.9977380482129504,-0.0106624859799328,0.0003143382673818,9.776087653131246,-0.0170714133197133,-0.0025110587908855,-1.0791246839631328,7.715329531122266,4.311232285654743,1.0656485322997018,1158.222844164744,1047.2229699585173,1068.4567505792372,1157.803225686168,268.4935989119813,308.0964422561253,-408.81689795443896,-85.62314992432387,148.5644227823512
49.155,0.8002238601874794,0.8719867926217494,0.2976925491430637,0.0203351587745002,-0.0021777984492822,-0.0025620037096016,0.0075452742334176,-0.0032219964285151,0.0666966280073191,0.9977394570999428,-0.0107352124073223,0.0008418066811242,9.787238594215118,-0.0172194820341351,-0.0028212675018483,-1.0792678510550286,7.715300453466966,4.311257509815694,1.0629566479842876,1158.8669308873116,1048.2900958560151,1067.1257776346547,1157.4562347782523,205.31155849389987,463.9230863641059,-541.655952664261,-156.6362609129161,148.56224491255358
49.1575,0.4071022519998256,1.0234201354555517,0.1454358853804197,0.0231671123712788,0.000371897146105,-0.0019446157071215,0.0075735140010543,-0.0031969773538383,0.0666766361481473,0.997740661985156,-0.0100133664174158,0.0013767573706658,9.798627209303534,-0.0173932125304113,-0.0031406401649042,-1.0793894523840712,7.715270523539681,4.311281245232571,1.0602611807048012,1159.2494019572125,1049.5425853903355,1065.7484708159184,1157.020044381604,124.01099086812815,555.464266373508,-561.2530786382051,-182.81404252861387,148.56051909846423
49.16,-0.0241784136539711,1.0893467250005868,-0.0190803487229583,0.0236595357180899,0.0033951843887638,-0.0018475322114308,0.0076095612085426,-0.0031890668983713,0.0666616261931713,0.9977414164728616,-0.0085000193305793,0.0018820957804721,9.810214452838947,-0.0175926120145063,-0.0034676194851433,-1.0794840616986248,7.7152397085523985,4.311304521744264,1.0575627798100573,1159.4869858416523,1051.067417187884,1064.3195122414625,1156.542164565609,77.92087569824268,707.424491541544,-581.87365884098,-194.54771720210425,148.5588873571765
49.1625,-0.5153630051777796,1.0530310718836315,-0.2148988177991086,0.0214413804749175,0.0074733468370476,-0.0021714635832888,0.0076523476215456,-0.0031977901822812,0.0666510266332483,0.9977417685111312,-0.0062504396203126,0.0023244770480538,9.821948427802102,-0.0178136640159393,-0.0038014224696885,-1.0795460502188694,7.715207610536781,4.311327919292686,1.0548616992597948,1159.639006335704,1053.0797078480452,1062.839102521712,1156.047305795593,41.36941115538445,751.8949912508122,-465.6987935673585,-156.87896937634548,148.5570385043004
49.165,-0.8593775124883366,0.9237877629623442,-0.3654473742377491,0.0180991147962758,0.0108643162392787,-0.0028269510605729,0.0076952344649808,-0.0032203960516814,0.0666446251086381,0.9977417916363632,-0.003381279760369,0.0025692016114952,9.83376485884728,-0.0180472640631497,-0.0041301738492317,-1.0795700710805831,7.715174450595291,4.311351511924993,1.0521574611622972,1159.6938328974293,1054.8268921441347,1061.9910182736276,1155.757769718728,18.90109487384449,699.5475924598909,-227.6492918006824,-88.86807803601187,148.55558825949896
49.1675,-1.108652973329238,0.7039081548381237,-0.4892045288272199,0.0144311527419226,0.0137118519362326,-0.0040855778895828,0.0077293844308959,-0.0032520318113066,0.066642291509955,0.9977415785322729,-6.130321581973228e-05,0.002446367245149,9.845587788536477,-0.0182801732388005,-0.0044380218368655,-1.0795514691024513,7.7151410696372675,4.311375706326756,1.0494504468784238,1159.7335118100732,1056.5774458103465,1061.700856062708,1155.6029654054128,22.562599368427357,693.8826427454021,-13.439151040567996,-46.36853051017525,148.5542301657485
49.17,-1.2785061097502577,0.4300559224647085,-0.5816622578038187,0.0109668960692958,0.0156511958015825,-0.0057713548899265,0.0077490541778433,-0.0032865100812059,0.066642975091886,0.997741264615248,0.0035123301044764,0.0018542256166682,9.857330849136627,-0.0184974572771156,-0.0047163015098459,-1.0794866384116184,7.715108337859923,4.311400840384301,1.0467414165600544,1159.8066458942715,1058.2963053578635,1061.923822518425,1155.525927066177,46.31005484011104,673.0681471841973,208.0634816812181,-24.23143475677919,148.55294641486043
49.1725,-1.366000890895948,0.1277278293342186,-0.6301278344196962,0.0080795833003125,0.0160634795441575,-0.0074567555513845,0.0077542164146225,-0.0033177914030665,0.0666440971195626,0.9977410423777314,0.0071485881763235,0.0008094755513801,9.868899322945806,-0.0186859702401228,-0.0049687989585653,-1.0793732922291188,7.71507606930375,4.311426598611027,1.044031986147578,1159.9650620842735,1059.9427865462644,1062.7411734711131,1155.4818082316287,97.56813539642745,696.5046402668652,472.330834047338,-24.358118492306215,148.5517491887894
49.175,-1.3952692137349203,-0.2186094608781415,-0.6353976485597629,0.0052537817064423,0.0148848104822133,-0.0090446778130946,0.0077439085438858,-0.0033401442429381,0.066642373920419,0.997741158949566,0.0106589435872192,-0.0006835332801663,9.880193414734224,-0.0188336007802585,-0.0051971793363462,-1.0792107184507158,7.7150438894027005,4.311452874626957,1.0413245615029572,1160.2944865712539,1061.7788285591996,1064.2854766886628,1155.4041364737154,149.24524652066435,637.6753610633762,633.3627238276165,-35.42306914899207,148.55040818818728
49.1775,-1.3619608943550103,-0.4652615253628817,-0.5943549488853016,0.0029712155929312,0.0130270479510997,-0.0103265905681419,0.0077183464605888,-0.0033491280021069,0.0666361243792064,0.9977417417417428,0.0138813305010569,-0.002592994233261,9.891111159148984,-0.0189315828126488,-0.0054051361684831,-1.078999644301783,7.715011469340691,4.311480338876538,1.0386199970751016,1160.7112883168772,1063.1311633515827,1065.9079870902528,1155.304692885884,204.37892532759577,484.02528996496955,683.8028390770739,-40.37959568176155,148.54936705865
49.18,-1.258756623749606,-0.6509324345231586,-0.5011963141065772,3.314836790111028e-05,0.0111241564836239,-0.0118821063361645,0.0076816955124511,-0.0033446330345473,0.0666283916241208,0.9977425560652003,0.0167455345360189,-0.0048097476370695,9.90155125950605,-0.018981376098143,-0.0056035842360453,-1.0787418033652612,7.714978835990873,4.311508797908624,1.0359176771770569,1161.316381197891,1064.1989550090223,1067.704490884045,1155.2022384953068,321.2038824438144,378.1218942450208,795.639485860877,-27.037186142192503,148.5484009985626
49.1825,-1.030264648268122,-0.7998804509062049,-0.3242089558497,-0.0047038547066372,0.0091181719506773,-0.0139233221105159,0.0076363187705484,-0.0033291970758494,0.066624291315134,0.9977432339413362,0.0192346045622576,-0.0072597655647437,9.91141674341684,-0.0189902014086634,-0.0057983215642694,-1.0784397745505905,7.714946186281321,4.3115376840445325,1.0332168746321648,1162.3173077290971,1065.0217728228088,1069.8861845195593,1155.169506955173,419.8368495409921,209.7180880978904,786.2922745755966,20.25995935736192,148.5473233940046
49.185,-0.7425258825112548,-0.8632487967108364,-0.1255162759221955,-0.0091342401486172,0.0072129198253385,-0.0154408414812158,0.0075862355108607,-0.0033094235925398,0.0666261584885509,0.9977435660182776,0.0214196619284952,-0.0098391503540457,9.920617683262925,-0.0189745738982078,-0.0059972032568606,-1.0780966892621575,7.714914075811869,4.311565866066492,1.0305172021312554,1163.4155654455967,1065.2475454495122,1071.635952256925,1155.3035382920937,497.4212698499263,-13.555383127653435,673.8205944723394,105.83491090351875,148.54648955221128
49.1875,-0.3708434068877359,-0.8630761216627804,0.1086510644211639,-0.0125787645274888,0.0049139233128015,-0.0162387321716772,0.0075376940527949,-0.003287416493349,0.0666319021362277,0.9977436355874104,0.0232927874908055,-0.0123927295427415,9.929074789757768,-0.0189418885768264,-0.0062125741065423,-1.077716439619632,7.714882672237427,4.31159158093077,1.0278188002328883,1164.8044140783445,1064.9539959071708,1073.255287491918,1155.69868150969,671.7157794360644,-241.78521590146536,676.0465232274108,247.235184322378,148.54571747896944
49.19,0.1062596697489808,-0.7904502479065902,0.3918784740560767,-0.0137450760647548,0.0023472380541615,-0.0157343756434087,0.0074966995073166,-0.0032623267833154,0.0666399498623555,0.9977435032601925,0.0247946134562542,-0.01476642862188,9.936722081847186,-0.0188933072646147,-0.0064557081263407,-1.07730358558976,7.714851928762126,4.311613479225782,1.0251222320076228,1166.7741443427742,1064.038619370006,1075.016184873059,1156.5397142137044,758.0819492418627,-412.3666442486575,611.2785621664954,370.32443696870513,148.54485669769187
49.1925,0.4619259745506117,-0.6729871463317209,0.5945872937060191,-0.0118496575834437,0.0006139116026448,-0.0138761223723149,0.0074652572793736,-0.0032356601989098,0.0666481212203802,0.997743293040494,0.0259154010236549,-0.0168901703531825,9.943508694755245,-0.0188345872804585,-0.0067283580115325,-1.0768631098465216,7.714821960701775,4.311631107384835,1.022428100683094,1168.5948238245555,1062.8921626859265,1076.311680302752,1157.5503036945345,733.2155926249357,-506.13910041644453,474.8624414652412,457.6908014950664,148.54419035404672
49.195,0.6982262870524262,-0.5015081168784427,0.7252660334229803,-0.0080429575371878,-0.0007415996572388,-0.0108498986467052,0.0074440493510528,-0.0032113904637849,0.0666546223631638,0.9977431060083732,0.026701503846358,-0.0187261975235284,9.949400367065218,-0.0187766634548086,-0.0070289529579372,-1.0764002112565352,7.714792200943501,4.311645341166382,1.0197360766867265,1170.4402223059008,1061.5079238679225,1077.3904970803865,1158.8281682211807,707.3932117163233,-563.301498400245,387.5611715076844,539.3360966182075,148.54357340361483
49.1975,0.8008137672431997,-0.2886283790853474,0.7810890327682934,-0.0037963621055587,-0.0018970407733987,-0.0076113157260033,0.0074328830438279,-0.0031948889433052,0.066657875313264,0.9977430317487648,0.0272352299347657,-0.0202594414813904,9.954380733977745,-0.0187334069555866,-0.0073541709265135,-1.075920165054754,7.71476215644569,4.31165754812428,1.0170456631292366,1172.131789883134,1060.0756551939276,1078.2494861602884,1160.246984177623,590.002986509142,-546.5286704221331,280.39694245170926,576.142772702793,148.5429955991875
49.2,0.7366882744203203,-0.0312122488147137,0.7498808600487757,5.3266409001331834e-05,-0.0028609535215866,-0.0050179798850831,0.0074323952762321,-0.0031899124725255,0.0666565297336317,0.9977431443609216,0.0275774357862296,-0.0214599688554212,9.958452328083666,-0.0187154448021797,-0.007703309878143,-1.0754282887592783,7.714732268093553,4.311669182240471,1.0143565640925696,1173.390237238448,1058.7752805158104,1078.7924817926455,1161.7088820846964,394.6000099089161,-497.84232294984565,156.3271376065241,620.4985336709351,148.54246379397568
49.2025,0.5028205529666223,0.3139829043417404,0.6366578565003813,0.0032534693464552,-0.003556373442092,-0.0028987884404723,0.0074452885753325,-0.0031970956092904,0.0666493435877274,0.9977435051629489,0.0277390598803862,-0.0222563825120538,9.961636976638967,-0.0187271282491031,-0.0080812190215289,-1.0749299153031828,7.714703554795843,4.311681706292206,1.0116689832248544,1174.1047899326795,1057.5864435791773,1079.0311218483216,1163.349476845979,101.3128189712018,-350.0643887773095,16.300934575034535,563.6774042509511,148.54187850980279
49.205,0.2256626736507326,0.6100986917396133,0.5033218897491158,0.0042988791257327,-0.00327456740057,-0.0017844546052214,0.0074722506139018,-0.0032115288388976,0.0666364303311184,0.9977441165862782,0.0276270232165055,-0.0226136080868601,9.963975907559025,-0.0187606706839189,-0.0084897067316963,-1.074430517134977,7.714676287282361,4.311696004610092,1.008982941555418,1173.8968013333035,1057.0249585719255,1078.8739864655208,1164.5272691059483,-254.33658291449953,-120.01621804314024,-133.84533971609443,419.0226322095571,148.54143553382903
49.2075,-0.0682414677702734,0.8748276628614712,0.3568086462474093,0.0038350103247969,-0.0015078039042568,-0.0012850272779249,0.0075120416192556,-0.0032282839341659,0.0666176506362486,0.9977450124949804,0.0271538612462093,-0.0225383494530402,9.965528397374477,-0.0188078276964552,-0.0089266969565983,-1.073935467669051,7.714649805753115,4.311711434871293,1.0062988428410389,1172.8331070181066,1056.9863624889613,1078.3618951497408,1165.444590007028,-630.3238029105573,103.85702042707779,-298.3982728308839,341.16461542208356,148.54104092507373
49.21,-0.3658653370689253,1.101205737609242,0.1891589426030576,0.0018248662683845,0.0022903482148007,-0.0012452173480883,0.0075629247767906,-0.0032451050433463,0.0665943221154192,0.997746124786161,0.0262923177881815,-0.0220541304036526,9.966370188882241,-0.0188656819514565,-0.009388554224316,-1.0734498441795874,7.714623588456707,4.311726457275311,1.0036171139187615,1170.7451823187491,1057.5442436740611,1077.3819951013656,1166.2330921830599,-853.1976579972736,294.0296717420042,-410.73784021801725,241.09607173599315,148.54062683722393
49.2125,-0.5261788251274405,1.1790127501355399,0.0653236263898466,-0.0008066477532324,0.0065157950448415,-0.0014212033041415,0.007620407833569,-0.0032609103842671,0.0665688591471372,0.9977473291533036,0.0250417854664221,-0.0212440569878834,9.966591966987009,-0.0189330018552972,-0.0098652973935101,-1.072978394524233,7.714597742419161,4.3117398461731336,1.0009380165064976,1168.567118728124,1058.45651084767,1076.3082059486524,1166.650070365707,-891.5228137748257,433.83114416711214,-467.7401138474005,124.0734829701798,148.54033435663487
49.215,-0.5685177086464671,1.1196566085304136,-0.0405214897073258,-0.0037637067683801,0.0111188494183265,-0.0015284342403701,0.0076805670363645,-0.0032739578338943,0.0665436634735701,0.9977485006511404,0.0233953810909518,-0.0201820916125574,9.966297263977692,-0.0190067380545978,-0.0103480231882555,-1.0725253479913524,7.714572349338555,4.311751672578992,0.9982611868030272,1166.2875682498727,1059.7133993948978,1075.0432945321274,1166.853459597911,-942.4302321280446,596.054379736156,-577.2829089730069,48.40854379469672,148.5400998181995
49.2175,-0.4857600077716778,0.8995598494980291,-0.1514838035832062,-0.0072412905330782,0.0157821771152033,-0.001702799000989,0.0077376983683136,-0.0032821109179142,0.0665196294808465,0.9977496304882236,0.021341210006686,-0.0189799370143312,9.965599861588862,-0.0190822172087914,-0.0108239823805112,-1.0720942713881672,7.714546684519736,4.311761569089575,0.9955858566579852,1163.8549675674815,1061.4367827463523,1073.421791403786,1166.8921130846807,-787.7362873587005,638.0547154078049,-591.3082882068386,-13.449649690449812,148.53988850710755
49.22,-0.330481820842542,0.6224874537153828,-0.2342971314159807,-0.0098096780820231,0.0183276452893812,-0.0020056533465573,0.0077845677690057,-0.0032843696247239,0.0664958929762895,0.9977508358125388,0.0188920430627905,-0.0177839313397413,9.96462064987979,-0.0191564640090818,-0.0112770422159212,-1.0716878943993633,7.714519831475002,4.3117692197768385,0.9929115414743808,1162.3488868130828,1062.903672971934,1072.086753091096,1166.7862113494589,-448.2203016487328,557.6060168661446,-504.4472949920112,-60.58887891537408,148.5397726557619
49.2225,-0.1418285342416851,0.3023630164073922,-0.3094757610406684,-0.0108658896913738,0.0193169709093918,-0.0024050732666484,0.0078129369796807,-0.0032780687027663,0.0664713052579244,0.997752266356944,0.0160290162827768,-0.0167607125805484,9.963484548448877,-0.0192224140735097,-0.0116893312479768,-1.0713081547612244,7.714491425068689,4.311774713078339,0.990238594042865,1161.6138660592367,1064.2248128306844,1070.8995549288247,1166.5891686901036,-150.24459293119023,480.4602904291002,-431.6068625982618,-83.74401245919478,148.53972088104305
49.225,0.0186857826856404,-0.0085989315534934,-0.3776241634324748,-0.0098178607629622,0.0191059091537067,-0.0028400109241465,0.0078184329561786,-0.0032623770674874,0.0664446960571052,0.997754037289847,0.012776631391831,-0.0160048391501848,9.962316490925948,-0.0192773081970219,-0.0120512962771278,-1.0709558972776856,7.714461663037811,4.311778972500507,0.9875671107234696,1161.5976638484265,1065.3059744240807,1069.9287187781035,1166.3674912871627,160.36356640057454,353.0511477938972,-317.2642794455144,-80.27303807132763,148.53972295523235
49.2275,0.0835683934305878,-0.2594357163748742,-0.4316112006751887,-0.0066473502672281,0.0176639738636497,-0.0034957637778161,0.0078026693648819,-0.0032359588146636,0.0664148904844691,0.9977562190921528,0.0091581451637419,-0.015493379555872,9.961237858913272,-0.0193182058268962,-0.0123666312224727,-1.0706308130907207,7.71443087771188,4.311783180871176,0.9848966902210096,1162.4156838912388,1065.9900685696523,1069.3132335315984,1166.1878034997471,513.3400487928714,194.37809055624768,-172.4088583904204,-50.04819491880139,148.5397902893407
49.23,0.0147723804086265,-0.4447145514405456,-0.4659817098668526,-0.0026492706625281,0.0149749202605904,-0.0046837950289279,0.0077709875950904,-0.0031983509718415,0.0663811886193197,0.9977588189835505,0.0052191153225307,-0.0151325611282524,9.960362798818023,-0.0193447621926243,-0.0126471600074722,-1.0703313688066032,7.714400025845512,4.311788108992758,0.9822274380527156,1164.164364092392,1066.2778648768624,1069.0666744861508,1166.1172503125683,722.2260684839456,15.96291931813632,-4.132083431657224,11.68917549729797,148.53994629927644
49.2325,-0.1471059822143505,-0.4864202795994945,-0.4561682953512022,-0.0008084384492715,0.0124563654272178,-0.0061717076822301,0.0077294671181104,-0.0031529016544844,0.0663466428366581,0.9977615758012532,0.0010807488795887,-0.0148209318001528,9.9597947030795,-0.0193651322059496,-0.0129057410341186,-1.0700547223252876,7.7143705728557395,4.311793756905017,0.9795594629832138,1166.0268142336604,1066.069883166243,1069.2925731144403,1166.2462493772339,760.9240673990014,-166.27850150349903,175.11740933957765,103.37977579415872,148.54013852767704
49.235,-0.3531406761599582,-0.4152312309172008,-0.3932861654611492,-0.0012243597989352,0.0100374322428273,-0.0080591490649931,0.0076822673810084,-0.0031013132400994,0.0663161079302727,0.9977641290522478,-0.0031724817025767,-0.0144948887208808,9.959623397609027,-0.0193837682115565,-0.0131512076889479,-1.0697969385546715,7.714343077870048,4.311799884156318,0.976892310424841,1167.9689844293837,1065.4464723693457,1069.942261532848,1166.6341491915389,793.2976956172331,-348.52275536423247,366.6435768500776,237.2154401983758,148.54039489939044
49.2375,-0.5539776189380031,-0.2329899492927879,-0.2545354191287234,-0.0042086386921769,0.0078100224950182,-0.0101924534373894,0.0076291151912272,-0.0030474637762484,0.0662960978620012,0.9977660351763432,-0.007420786022351,-0.0141836867867595,9.959922144495561,-0.0194089330315687,-0.0133822815780409,-1.0695528863605352,7.7143172517568,4.311806041336154,0.974225340922149,1169.9933027117484,1064.3272693894207,1071.1257909986916,1167.4323265782264,643.2736147716588,-451.6759421833703,482.732915093155,344.7156179351224,148.54077650214265
49.24,-0.6200889969719026,-0.0421206697004338,-0.0978911349303577,-0.0080298299251865,0.0072735737603803,-0.0114503723830234,0.0075720571520892,-0.0029958120768653,0.0662899576650084,0.997767041884755,-0.011531885027431,-0.0138734542708034,9.960745131216543,-0.0194498865291372,-0.0136022371822027,-1.0693161352094307,7.714291699358793,4.311811696533768,0.9715578259174946,1171.1853525032436,1063.1880926584276,1072.355926108315,1168.3577272812151,339.64028083513733,-470.5898146116129,516.6704626966899,408.73972666637087,148.54115620029967
49.2425,-0.5386341892065488,0.1291266828729987,0.0723236647407044,-0.0118769740460386,0.0084012954077207,-0.0114251163869548,0.0075154689019993,-0.0029476897468313,0.06629637680274,0.9977671981529584,-0.0154351296818221,-0.0135024953918648,9.96212583723021,-0.0195087612615437,-0.0138194248710762,-1.0690792224608563,7.7142649468056605,4.311815719801065,0.9688882372397924,1171.6915041159227,1061.974320316365,1073.7091433121727,1169.4760252115564,59.52828820360674,-516.3013403970668,593.0542120070788,506.9556514312943,148.54160026344329
49.245,-0.2723598881670227,0.2509701059393087,0.2507189317231415,-0.0151411898430467,0.0108354207079413,-0.0097694784949768,0.0074656447197801,-0.0029055613604607,0.0663111455564429,0.9977667278388296,-0.0190380496158209,-0.0129752085780985,9.9640760284565,-0.0195896368350398,-0.0140457632851174,-1.0688338115491136,7.7142360256296,4.311817553929187,0.966214859717308,1171.4829939442618,1060.6065859564408,1075.321197168352,1170.8925055383731,-193.62710070535385,-461.16791543639965,568.6280875452486,507.34899469136013,148.5422082413705
49.2475,0.0590231449629219,0.2564846744779994,0.3548883850178225,-0.0163266952489361,0.0128546244503863,-0.0077943842428222,0.0074278386618029,-0.0028704806472885,0.0663318143804417,0.9977657504114144,-0.0222816030553681,-0.012217252294337,9.966585998475272,-0.0196929674234912,-0.0142907654747669,-1.0685713994709047,7.714204559905434,4.3118171289648926,0.9635377525785968,1170.7233686123955,1059.6684807391819,1076.5522837499004,1172.0127701850145,-384.6185229430235,-306.8551351583727,449.6879124780659,411.78333062058465,148.54277818247525
49.25,0.4455051611173986,0.1559718808928132,0.4044513758634485,-0.0156784460509409,0.0143589306327993,-0.0062976596818858,0.0074075444866206,-0.0028458328991357,0.06635629826811,0.9977643532324696,-0.0250638824509628,-0.0111547965129792,9.969625618750625,-0.019824063345729,-0.0145639484756372,-1.0682837962747596,7.714170453832301,4.311814614369299,0.9608566284157696,1169.5599013295484,1059.0723102806503,1077.5696367307403,1172.951422191474,-495.80644195684346,-168.23557902895868,362.1126793205914,336.9605690502221,148.54341489047408
49.2525,0.8278080247185476,-0.0217331414960456,0.4144356937219043,-0.0136287140401365,0.0153353488280877,-0.0054397961973768,0.0074066157388256,-0.0028334636405436,0.0663826304406156,0.9977626477616484,-0.0273218684862425,-0.009786088302632,9.973146667161437,-0.0199846500698245,-0.0148672865903517,-1.0679640726882462,7.714133870412355,4.31180970267112,0.958173111410717,1168.2443364026135,1058.8273028440378,1078.3628471465015,1173.697573030264,-520.8212163441722,-7.310897540670237,258.00614494033186,256.6649602978083,148.54410783871631
49.255,1.1490513056877967,-0.2657580636633178,0.38721770008157,-0.0106653427040459,0.0155814044625035,-0.0048810103133007,0.0074231636464276,-0.0028319419029864,0.0664092351700479,0.9977607565566694,-0.0290656187589369,-0.0081804854648609,9.977085877589118,-0.0201695233233755,-0.0151954196371956,-1.0676072169388355,7.714095383944072,4.311802515002763,0.9554893073262846,1166.9557952478262,1059.0357557929472,1078.8596674554426,1174.234746992964,-515.9326727292953,191.54420487897573,148.32746896942496,209.70758773303896,148.54486954817864
49.2575,1.4028911962716624,-0.5875743246942599,0.3198093017272963,-0.0065753416604793,0.0144810492492905,-0.0037534630369933,0.0074545086758993,-0.0028414531178484,0.0664342562083488,0.9977588229166507,-0.0302761559922456,-0.0064252969839136,9.981368706618529,-0.0203776937254623,-0.0155414731990398,-1.067210199706564,7.71405598484969,4.31179331139717,0.9528063192753718,1165.6646730389657,1059.7850238684332,1079.1044844913492,1174.7461109689295,-405.7726007793514,346.7377464015924,31.74208414296276,186.33190936819696,148.54586409266233
49.26,1.4663913682835759,-0.8402046571699557,0.2386388211933362,-0.0024341608046111,0.0120918279249725,-0.0025914300852403,0.0074977358990148,-0.0028625406530702,0.0664549094837677,0.9977570536870956,-0.0309287767945141,-0.0046118884941072,9.985913637305137,-0.0206099498883356,-0.0158986308453381,-1.0667721232314291,7.714016838773683,4.311782619103425,0.9501242923038457,1164.926932243931,1060.7694445249535,1079.0183778761573,1175.166406539804,-202.2145454849908,448.57487353533327,-92.03846476211605,188.40399637251176,148.54676052490046
49.2625,1.339297716184985,-1.0346457799043929,0.1410848785131707,0.0022904361308292,0.0085066119661838,-0.0017768402435064,0.0075472088778918,-0.0028943734302017,0.0664695282148184,0.9977556064900251,-0.0310302027972542,-0.0028813519527506,9.990636777263768,-0.0208648641178015,-0.0162551719550085,-1.0662943742255468,7.713978914450352,4.3117711027412335,0.947445522650778,1164.6536003115402,1062.027898236111,1078.6442921675384,1175.6881309507928,3.7905107728400873,587.7726755234737,-223.17880487355475,263.61787351165884,148.54772765386372
49.265,0.9458328290593038,-1.1734013402596553,0.0249553552825713,0.008066351230126,0.0039172094802284,-0.0015377879561675,0.0075962935849481,-0.0029344819373277,0.0664789612396238,0.9977544830880598,-0.030621088744274,-0.0013882162693952,9.995456152380653,-0.0211383483713831,-0.0165982286890228,-1.065780394629652,7.713943412089315,4.311759095458166,0.9447724221517516,1164.9458847977955,1063.7083079025724,1077.9024838517887,1176.4844959073628,212.79084147155368,620.0255004698374,-309.7873676361904,316.14057342637,148.54897025044656
49.2675,0.4261863243891443,-1.2079590294320657,-0.0539269692659052,0.012448533831925,0.0003711804107391,-0.0019913528393687,0.0076438509039355,-0.0029826267376669,0.0664866790290789,0.9977534614928932,-0.0296899846709645,-0.0001745135055613,10.0002953436175,-0.0214324793682077,-0.0169270715203981,-1.0652348078414453,7.713911063169486,4.311747077859059,0.9421052627831582,1165.717554518897,1065.1280257384572,1077.0953553293589,1177.2688338179232,403.8514077933749,540.4204188857839,-341.89356032416765,322.41788526077346,148.55007417220733
49.27,-0.2422611036590259,-1.171499523694412,-0.0974286178799176,0.015312668140548,-0.0027912055901227,-0.0029478582488793,0.0076889826273713,-0.0030373687207968,0.0664947463674565,0.9977524153359714,-0.0282485603532617,0.0007312061420571,10.005087013220937,-0.0217468955907079,-0.0172425266695725,-1.0646630659110556,7.713882196937399,4.311735716538291,0.9394431037488552,1166.9651418367635,1066.4104099970027,1076.1930160501672,1178.0965853336677,619.0233077767077,496.2520038066676,-389.07487017357295,350.0864391372516,148.55124897581263
49.2725,-1.1020008711435565,-1.071881382639256,-0.1017800168271378,0.0147594140812896,-0.0061120970455613,-0.0041188998979119,0.0077301459549394,-0.0030937095561542,0.066499472925722,0.9977516159558132,-0.0263804177404449,0.0013001763600347,10.00977551463652,-0.0220730048100246,-0.0175455015930594,-1.0640709696978767,7.713855839326516,4.311725586113055,0.9367841583586468,1168.812671057782,1067.609285757492,1075.14998097849,1179.0192660136104,695.1243691002176,359.5388933022237,-353.16765667935505,312.30597509280625,148.55274014982064
49.275,-1.755962921057387,-0.9643874058903112,-0.0710562843208767,0.0099469627880037,-0.0082473122551365,-0.0044817508518118,0.0077635097024122,-0.0031465325095469,0.0664985641809551,0.9977512600266284,-0.0241766140395509,0.0014674032925235,10.01431884824961,-0.0224006618453586,-0.0178325854300756,-1.0634641873653374,7.713830729889073,4.311716613473521,0.9341273874662344,1170.4407636822611,1068.208104463512,1074.427177766772,1179.6581152091303,617.0359525895063,136.1343298285405,-235.93643607502352,220.69658895709455,148.55404981318293
49.2775,-2.216201478761106,-0.8559973756484708,-0.0186953781833587,0.0017498040938897,-0.0097550991620254,-0.0040198763928952,0.007786872132294,-0.0031927687888006,0.0664905068818314,0.9977514741838264,-0.0216888029320765,0.0012073328666034,10.0186893781276,-0.0227229268642817,-0.0181038498791468,-1.0628478211799604,7.71380504520673,4.311708940372154,0.9314716142219706,1171.8978508207313,1068.289957406635,1073.9702987981143,1180.1227489583964,520.6520409029118,-59.844835262780485,-127.48272848582772,158.39787526661976,148.5554274276435
49.28,-2.448672616759167,-0.7593807634379919,0.0432823556239375,-0.0074115429288363,-0.0110900821324506,-0.0034063981320798,0.0078007705774374,-0.0032297079615644,0.0664746804557878,0.9977523040615112,-0.0189634378032899,0.0005582069072575,10.022873933113086,-0.0230324706249624,-0.0183651462014581,-1.0622264039204263,7.713777417645802,4.311702748276369,0.9288168366219,1173.0440238867773,1067.908880287198,1073.7897641243424,1180.4501045854638,359.07017083105444,-259.7590953527831,-0.4739903325575814,106.18797045568152,148.55685970705625
49.2825,-2.3780775277369615,-0.6826810928069833,0.1152758188088981,-0.0162788038371754,-0.0122557403504578,-0.0031119310937259,0.0078058119933439,-0.0032546792301385,0.0664500041596631,0.9977538262032448,-0.0160535862960369,-0.0004316429791771,10.02687354720595,-0.0233205611427854,-0.0186221976545861,-1.0616040667930595,7.713746751696503,4.311697891902408,0.9261642687395616,1173.693201674885,1066.9911619298723,1073.9679288464515,1180.6536888106743,166.5774255252075,-505.3103207359216,158.21849193572325,74.97147921640848,148.55835527944356
49.285,-1.9709562079808025,-0.6100516814346219,0.2173317536954179,-0.0253671460552426,-0.0136035287637571,-0.0032421212865588,0.0078018547893277,-0.0032649286805121,0.0664182071830673,0.9977559365658004,-0.013024592356712,-0.0017211065144121,10.030702496816678,-0.0235770165754321,-0.018878400693034,-1.0609845560039628,7.713712184904948,4.311693673222176,0.9235150568595142,1173.8769110144035,1065.3823286835172,1074.5808565840216,1180.824961981546,-16.221050474033177,-647.2756371689101,283.8794260212037,58.4230793237722,148.56021898957675
49.2875,-1.421664089052413,-0.5562435704587224,0.3155725146528778,-0.0312128903984774,-0.0151087685519954,-0.0034786375422287,0.0077872917897572,-0.0032568723348818,0.0663814872587342,0.9977585142072573,-0.0099712243004054,-0.0032916783594203,10.034386815282668,-0.0237888886789961,-0.0191331808977437,-1.0603711132215419,7.71367360982285,4.311689464915744,0.9208696321112386,1173.6120964225147,1063.754783744026,1075.3873259765583,1180.9458042072931,-159.44348949661563,-670.6994607554141,372.2971044320478,44.4899233066685,148.5618260237054
49.29,-0.7580017647047304,-0.4955136857889712,0.416316033190769,-0.0345927491114073,-0.0169098660382098,-0.0031754689958966,0.0077615188895836,-0.003232060098667,0.0663424953036293,0.9977613831796946,-0.0068958072755074,-0.0051082063586449,10.037961992278769,-0.0239539166522617,-0.0193861367184634,-1.0597658140259099,7.7136319686928125,4.311684823584916,0.9182269532458874,1173.0796935669212,1062.0288313797432,1076.44234210618,1181.0474115980792,-253.5181833796354,-737.0129237190534,507.82970915044126,27.765320221428176,148.56348412828132
49.2925,0.0239720829980476,-0.4054944930728354,0.5121378937954605,-0.0343404576525951,-0.0188157348763872,-0.0018319933476481,0.0077242998934274,-0.0031964706727174,0.0663035633630798,0.997764371479939,-0.003723133813621,-0.0071331049754831,10.041470547951825,-0.0240793529948548,-0.0196356717601582,-1.059169372873726,7.713587551060954,4.311678763431515,0.9155848854894132,1172.3445055056159,1060.0697191254287,1077.9264745223115,1181.0846308084003,-261.388976034962,-674.3909867561985,570.8475514780083,-15.751299251352192,148.56552656279257
49.295,0.5583858652819828,-0.3170152841274289,0.546756342060568,-0.0303888742409285,-0.0199962500737899,-0.0001011261089682,0.0076793324431116,-0.0031591124091166,0.066269263273758,0.9977671168319528,-0.0003233576244558,-0.0092553911583275,10.04495925106606,-0.0241799348535233,-0.0198865996157789,-1.0585810300507872,7.713540807079296,4.311669679097334,0.91294160431551,1171.772748686746,1058.6568764459605,1079.2965798635717,1180.9686551018224,-206.56239318514648,-503.2539525900604,562.8266893256867,-95.10303935607689,148.56726783795847
49.2975,0.8825151211380111,-0.222461410640188,0.5095133668336652,-0.0244657787793444,-0.0207019374233325,0.0020956887507755,0.0076306745199238,-0.0031277064809329,0.0662409502550199,0.9977694723424396,0.0033985422149129,-0.0113590031163498,10.048476884169808,-0.0242684742290494,-0.0201435691550753,-1.057999132173928,7.713492636589882,4.3116569198891295,0.9102977068977424,1171.311693539691,1057.5534493624807,1080.7406079689376,1180.6091156116206,-180.515295822714,-411.76103569525213,631.965434635044,-224.77348549998487,148.56904441810786
49.3,1.0039110035003416,-0.1152031261125141,0.3678256107773194,-0.0177580227239404,-0.0209949296327169,0.005072802013275,0.0075813483657428,-0.0031069503387555,0.0662197331496107,0.9977713261169204,0.0074675666603154,-0.0133503568175229,10.052071971658352,-0.0243523556867637,-0.0204085709877208,-1.057421601926231,7.71344363180988,4.31164052265131,0.9076543972491296,1170.8701722076319,1056.5980712674832,1082.4564070367485,1179.8447876743219,-153.03693608390304,-294.27049400063373,606.1974394994277,-330.40518996928233,148.5712110245665
49.3025,0.9166496641044912,-0.0400749607461906,0.1753962918892116,-0.0136804385778033,-0.0208819309104046,0.0074344104524061,0.0075343874024388,-0.0030967516548382,0.066205787548599,0.997772643645895,0.0118069289963529,-0.0151365682044959,10.055790691249593,-0.0244301495752829,-0.020683818561684,-1.0568462036408695,7.71339423292959,4.311620814731584,0.9050119752868884,1170.5465088592712,1056.082096892477,1083.7715951664363,1178.9570896617731,-132.02983098083863,-157.359065670705,473.55856732190074,-383.40222896993816,148.57304112342527
49.305,0.7171949531868093,0.0133044742265435,-0.0605784555426568,-0.0118672682390782,-0.020627602226491,0.0086289694416963,0.0074936599266518,-0.0030952478389132,0.0661976766308475,0.9977734967286755,0.0163022901819438,-0.0166138736740417,10.059674832864564,-0.0244982007003059,-0.0209734648530109,-1.0562704819945588,7.7133458676134445,4.3115983287189765,0.9023709359374004,1170.2100230527283,1055.8112759391304,1084.8241998733558,1177.927776529474,-156.8449244254332,-72.26577098905123,368.8572722426147,-441.0367965910172,148.5748917190262
49.3075,0.4619595692975451,0.0502399540796132,-0.3263783365380359,-0.0121312767279674,-0.0203246717790044,0.00757829933934,0.0074586196050333,-0.003100906301143,0.0661965783865929,0.997773815919844,0.020839108492775,-0.0177762050024436,10.06376020226764,-0.0245544042701945,-0.0212723997876101,-1.0556919543767411,7.71329943806359,4.311573310923078,0.8997308826934055,1169.7622842371436,1055.7207680375316,1085.6158815276503,1176.7519056788171,-168.59991630854452,-0.4268647031037834,192.6969324182588,-385.1022670226788,148.57713045735522
49.31,0.3066256025959265,0.0601339882583002,-0.4793930606995871,-0.0136845040419773,-0.0201256628197122,0.0048086434867461,0.0074285203432848,-0.0031129541924709,0.0662035445498305,0.9977735396223684,0.0253198444000037,-0.0186311163481171,10.06807503041383,-0.0245994368836397,-0.0215754951086271,-1.0551079560105288,7.713255381362363,4.3115463103124405,0.8970913551690629,1169.3670234711851,1055.8091416156149,1085.7876845354476,1176.0022651943596,-151.5096067385925,60.827793705730826,-41.60252172022556,-216.4120279807925,148.57900705491377
49.3125,0.2603689122899016,0.0523619151084355,-0.5157124158337262,-0.0153763157890839,-0.0199966019187442,0.0012941768059565,0.0074078142039638,-0.0031326089849069,0.0662167883094767,0.9977727485589136,0.029698669639875,-0.0190921396313747,10.072638618786764,-0.0246397173561643,-0.0218891455041904,-1.0545154317080137,7.71321389805919,4.311518126547845,0.8944521747635217,1169.004736203451,1056.02490700606,1085.4078689190494,1175.669845538914,-127.13905692915172,98.93758515363417,-236.52463704419145,-49.804806833298976,148.5808903464259
49.315,0.3111156279722454,0.033357062756394,-0.44668878370698,-0.0165860903528965,-0.0199210478570616,-0.0019196018483844,0.007399856096395,-0.0031614518017625,0.066234812836189,0.99777151181656,0.0339421435442043,-0.0191018911949834,10.077460957920575,-0.0246828266624582,-0.0222182470359095,-1.0539114415113964,7.713174536560645,4.311488998619962,0.8918137647346516,1168.73132818654,1056.3038295413824,1084.6050613502275,1175.7532411601933,-71.90528581314497,114.16939365397936,-397.6394088598466,130.87250257210724,148.5827757525722
49.3175,0.4545814986761698,0.0046570441501723,-0.2731512520047356,-0.0168641197637783,-0.0199039213306184,-0.0038781382746898,0.0074045109326561,-0.0032002366672353,0.0662549538124801,0.9977700048697749,0.0380038439816944,-0.0186772207293916,10.082542560508056,-0.0247342920965399,-0.0225614706588978,-1.053293470153254,7.713136771895875,4.3114595789202665,0.8891764989619892,1168.6452097743854,1056.59575397433,1083.4196718747492,1176.324208051775,22.489500154904228,115.38162593090883,-559.8457683951757,338.18507479960294,148.58465963791156
49.32,0.6737210101634841,-0.0365941475407545,-0.0026234602484219,-0.0155529410396839,-0.0199542284439128,-0.0042047362957091,0.0074216375826379,-0.0032497582479971,0.0662729834287146,0.9977685074978812,0.0418475896022619,-0.0178388081981637,10.087874218673669,-0.0247996146197916,-0.0229184835715963,-1.0526593082362872,7.71310012113435,4.311430734355182,0.8865412046902668,1168.8437756873143,1056.8807376710374,1081.8058325082504,1177.444166534192,130.12775645818704,84.92867480621037,-580.0652757868467,453.9565233657904,148.58691338319045
49.3225,0.8414256095305246,-0.073673931346938,0.2247563725869408,-0.0128654200651788,-0.0200673678242549,-0.0031324839379928,0.0074498232946912,-0.0033086476893572,0.0662863123740587,0.9977672072689114,0.0454015980784337,-0.0166323368467258,10.093437563485052,-0.0248793575501529,-0.0232873497130186,-1.0520072151739914,7.713064101461064,4.311402046755996,0.8839083331013515,1169.2958485566755,1057.0203973483608,1080.5193454958176,1178.593990668602,239.478683317034,31.895099058130707,-451.0669655021468,466.413691042169,148.5887820417287
49.325,0.9348896228734028,-0.1099569376484816,0.4023324730771853,-0.0088474298144651,-0.0202742190661123,-0.0013151464618044,0.0074886058986684,-0.0033753458336604,0.0662942174619957,0.9977661612230868,0.0486012887478726,-0.0150850892193595,10.099205205638617,-0.0249734924741061,-0.0236687497666759,-1.051335635933436,7.713028485192407,4.311373893825964,0.8812778698670684,1170.0411691039003,1057.040213166328,1079.5504976807383,1179.7762349894042,382.0131732427718,-13.32581948662892,-305.31419122674214,487.47656951816293,148.59063653533087
49.3275,0.9225381506320746,-0.1481027122075173,0.5175975192747968,-0.0036301481840502,-0.0206387454391529,0.0013686688212764,0.0075334388642238,-0.0034434146317829,0.0662983754513151,0.997765312366287,0.0512877786257038,-0.0133000699757069,10.105142242441802,-0.0250708182488228,-0.0240558648921749,-1.050643561259821,7.712992825219304,4.311346785744558,0.8786496228593343,1171.2059144228906,1056.9537682509276,1078.992774539683,1181.031373516194,455.4043412424611,-40.39106490157828,-82.77547648716134,410.7921258856648,148.59284059023935
49.33,0.8085449387451287,-0.1719920827997578,0.5180844790212014,8.194012113711881e-05,-0.0210106422860368,0.0038897730616026,0.0075792694846541,-0.0035069871575436,0.0662994296018754,0.9977646755092342,0.0533223000371286,-0.0113902695857735,10.111206188832556,-0.0251607814911702,-0.0244410421266136,-1.049930011177053,7.712957022149518,4.311320922017509,0.8760231618883355,1172.3181908101103,1056.8382578418205,1079.1366202983031,1181.8301956188307,451.7809070615348,-40.49351805099578,189.60675383245265,253.3408572712756,148.59465594545927
49.3325,0.618339029142514,-0.1834899457660267,0.4227765040109533,0.0022737334501992,-0.0213440050076868,0.0063777189528224,0.0076210470254632,-0.0035627756275061,0.0662987077184599,0.997764212914948,0.0546266148854068,-0.0094707399367073,10.117347510920473,-0.0252378074245705,-0.0248162269945379,-1.0491938760318804,7.71292138552871,4.311295566759194,0.8733981215756551,1173.4648189581994,1056.7513006606723,1079.9408083088458,1182.298077802551,491.64298453244874,-15.947541483356899,489.88900112969935,128.30104923798703,148.59644486319323
49.335,0.3608066798829183,-0.1769621837288366,0.2294452500399217,0.0029787208059749,-0.0216049315499824,0.0083796497987631,0.0076560999513657,-0.0036109339787499,0.0662964406642523,0.9977639307018842,0.0552032226544189,-0.007611457594962,10.123510375239512,-0.0253033563805021,-0.0251776418883023,-1.048433772871386,7.712885820711984,4.311270769896868,0.8707741791791953,1174.776405732774,1056.7585201344036,1081.5860653039529,1182.4717008650207,462.8069196468121,28.779691647813507,691.9255562219786,8.976841534885331,148.59855578012127
49.3375,0.1640668002778662,-0.1479834936840493,0.041610521705035,0.0024108238904529,-0.0217606741993312,0.0085263921228139,0.0076857241750323,-0.0036540677652061,0.066291919274663,0.9977638575094804,0.0551168714392951,-0.0058039382734595,10.129633936479104,-0.0253640427597676,-0.0255290193889103,-1.0476480805720183,7.712850079100106,4.3112461924817405,0.8681513774935717,1175.7788535564312,1056.8951991189115,1083.4004360899523,1182.3429620102252,383.8006635798448,84.219096347672,779.2135554561462,-85.05657236951461,148.60028093516715
49.34,0.0210627275344204,-0.0829028858404443,-0.1217190137521426,0.0013271519587516,-0.0220330397639862,0.0071823385446085,0.0077098860883742,-0.0036903909422922,0.0662840722731021,0.997764070388828,0.0543483485279638,-0.0040594431738344,10.135655221250259,-0.0254166224334005,-0.0258712703232393,-1.0468356596058868,7.7128134467351215,4.311220627812573,0.8655295626681432,1176.6954090506742,1057.1796156161422,1085.4821330812356,1182.0464180031731,359.4116121430014,134.9111458915778,846.409765956172,-123.0926276824273,148.6019655431662
49.3425,-0.0667194971250173,0.0225244426729961,-0.2339177405669856,0.0005028624116648,-0.0224972778036526,0.005157268636364,0.0077309875564832,-0.0037224051356819,0.066272704994265,0.997764553291896,0.0529741388675102,-0.002345232435312,10.141509341814116,-0.0254668224267317,-0.0262090278099337,-1.045995385583356,7.712775361869696,4.311193381439878,0.8629080540778965,1177.5759116171473,1057.5697548483697,1087.6324849197356,1181.7274988718127,353.30115493434573,171.97985183927082,843.460252499784,-103.25829684921088,148.6036122543345
49.345,-0.0904564321663701,0.1862681479732263,-0.2685577828033804,0.0002951192430476,-0.0230659663207916,0.0031395346460217,0.0077521819317896,-0.003755267192379,0.066260796517688,0.997765063925347,0.0511306484586555,-0.000617158971751,10.147131857864355,-0.0255259576187873,-0.0265472985904228,-1.0451265226780269,7.712736123543426,4.311164365307963,0.8602867869944025,1178.4619148253444,1058.0395148753375,1089.6994343437307,1181.5301265189275,396.96670515520657,208.12159593809423,857.0968673741097,-28.166319770329352,148.60520772408074
49.3475,-0.0549736216843054,0.4504027946317015,-0.2291200983566633,0.0001018749734404,-0.023353056932788,0.0014231895142699,0.0077749622232962,-0.0037900295905169,0.0662509969377102,0.9977654102620624,0.0488741563691623,0.0011402437002057,10.152462109982496,-0.0255965774906246,-0.0268876349756223,-1.044229426002556,7.712697157032493,4.31113342463122,0.8576674860413349,1179.5607451429244,1058.6103628280607,1091.9179692566083,1181.5866672729612,404.96494475139315,197.48609560546257,754.232261160019,80.9684688112197,148.60705540345236
49.35,0.0205943633626724,0.7142605908078388,-0.150785470814563,-4.665763458317181e-05,-0.0228389591986064,0.0007542238253079,0.0078000016042074,-0.0038251266077983,0.0662440447035576,0.997765543845942,0.0462118016998577,0.0029283238063266,10.157445108312496,-0.0256757619353947,-0.0272299177313363,-1.0433055701834075,7.712658667018451,4.311100205516981,0.8550516012187869,1180.4867395491024,1059.0269453533656,1093.4705956495327,1181.9349688629839,358.6832680747272,142.5214674712993,550.1522732486593,199.5440366590624,148.6085334695153
49.3525,0.1346040559115991,0.9932431685938292,-0.0600412068180776,-3.0473396770921885e-05,-0.0211598777619974,0.0008657586390382,0.0078263891526028,-0.0038588193177137,0.0662416796010971,0.9977653630112776,0.0431497373289379,0.0047150469704394,10.162033381586555,-0.0257602487632335,-0.0275705188305888,-1.0423574218421627,7.712619892858535,4.311064424118598,0.8524396203110877,1181.3541614832964,1059.3229701654163,1094.6687306228491,1182.5843874562556,345.35253573204113,97.69313997525846,442.2346201200537,335.7633023798927,148.60994016777423
49.355,0.3022460963813557,1.2976367596991643,0.0244940531565389,3.902276893306018e-05,-0.0175776194213406,0.0017335688582496,0.0078539341498828,-0.0038884702493796,0.0662432665899203,0.9977649218808587,0.0396819041529349,0.0064828454205555,10.166188877362492,-0.0258451541503167,-0.0279075884579982,-1.0413881548105413,7.712580140264661,4.3110267447245745,0.8498307257172676,1182.2135022277635,1059.515411053242,1095.681768750134,1183.613785374884,267.9576291675396,47.04489823818543,301.16356669739673,399.0853672488588,148.6115375557801
49.3575,0.4532708998241556,1.4901848197089735,0.0543005359544554,0.0001160328244392,-0.0134326403728559,0.0028339559758566,0.0078810477642526,-0.0039110787226566,0.0662499602094326,0.9977641689949012,0.0357978458798405,0.008185053687064,10.169884772916555,-0.0259250842211286,-0.0282366055488237,-1.0404015837156055,7.712539703067987,4.31098735746918,0.8472240995241328,1182.6939496291347,1059.5581946566076,1096.1745484563369,1184.5798142925007,127.73033647138412,4.7174145021060365,125.82625967622864,386.3168171533619,148.6127878755995
49.36,0.5884282855503034,1.5858383118692294,0.0325088095304335,0.0006525136593993,-0.0085775702936201,0.0038339507861893,0.0079063973822777,-0.0039234469209111,0.066263531176461,0.997763010983548,0.0314885966398363,0.00977992895462,10.173106690857,-0.0259948011408266,-0.0285540069090152,-1.0394020011919896,7.712499742130275,4.310946231568841,0.8446199021817882,1182.8521539101196,1059.5389981257526,1096.3109000485147,1185.5453694606492,-12.21275803285892,-1.87536586636174,-19.15877963637215,407.85637235159857,148.6139487819677
49.3625,0.6843957151315179,1.5709794338665737,-0.0442768240634266,0.0025096927184554,-0.0027334680335248,0.0042960265332098,0.0079314447842099,-0.0039258916068651,0.0662817013318664,0.9977615861722284,0.0268259155645996,0.011278131061448,10.17585305991776,-0.0260570986949786,-0.0288622871554027,-1.0383938265821675,7.712461446237904,4.310903444861151,0.8420194808572927,1182.6328858389704,1059.5488178272756,1096.0787545581547,1186.61909615426,-145.72675343339873,25.797496326945737,-145.8694312609786,374.88479413590454,148.61523312768264
49.365,0.669260425593517,1.4536247830970115,-0.1348643861465095,0.0053758898205919,0.0017646292933247,0.003888699631006,0.0079569586242264,-0.0039175975198145,0.0663014396874688,0.997760093069098,0.0218629407806054,0.0126790257038237,10.178136472533936,-0.0261126571800673,-0.0291634194205557,-1.0373819278079135,7.712424745671318,4.310859347445192,0.8394236903000699,1182.1235201429524,1059.6679856073874,1095.5815528922094,1187.4197934313297,-260.34107909496043,88.08717938953859,-249.05052795356735,302.39484947642484,148.61620954756387
49.3675,0.5183921150999877,1.2474145652859598,-0.2329380745558928,0.0091655487094265,0.0057023625046525,0.0029592585395529,0.0079844782856611,-0.0038977216555885,0.0663206345650134,0.9977586635396049,0.0166580825342356,0.013999952100931,10.179983381980335,-0.0261623752291769,-0.0294618072077296,-1.036371231696626,7.712389679959539,4.3108147832739006,0.8368325362693558,1181.3311804434968,1059.989253724223,1094.8335019183883,1188.1310704016407,-351.9462990597749,170.97480671227805,-325.27544901274,274.08565867398994,148.61708544511848
49.37,0.2491569309393684,0.9927310966572296,-0.3263165501891525,0.0128339340862989,0.0089118336188131,0.0019723519463598,0.0080120851308162,-0.0038623261326178,0.0663359989076167,0.9977575467662692,0.0112064305446503,0.0151954758302252,10.181434088155312,-0.0262000997545797,-0.0297560978123509,-1.0353668208191895,7.712355770562301,4.3107713545032045,0.834245736118653,1180.3637886476527,1060.5228596409493,1093.9551756471449,1188.7902217247004,-412.107954823494,269.5509169011515,-359.34284159575134,257.1392533697739,148.6178762613538
49.3725,-0.1314368464862339,0.7192438083735083,-0.4068935878408436,0.0151568798399092,0.0105497467239102,0.0010959573692844,0.0080348630643714,-0.0038117391980718,0.0663461586976449,0.9977568718706358,0.0055886386304433,0.016157646553773,10.182540967266206,-0.0262278002970896,-0.0300388965127839,-1.0343732525765723,7.712322200272477,4.310729473905579,0.8316633650968613,1179.2706406693783,1061.3370083087295,1093.0367877104084,1189.4167666684903,-483.3252689895592,421.7369160045307,-384.5358183484992,272.480930280492,148.61856308908926
49.375,-0.6291802737809542,0.4205268849218637,-0.482332934617712,0.0150894288936238,0.0104133890968303,0.0001022495172082,0.0080503735017295,-0.00375059246143,0.0663501463334577,0.9977567054016862,-2.2191004398482844e-05,0.0168277888014314,10.183366428151343,-0.0262560966185213,-0.03030787448718,-1.033393916798877,7.712289017117562,4.310689300068365,0.8290857215766003,1177.947162302707,1062.63154422097,1092.032496555404,1190.1526263761016,-462.61113612259817,521.4042928983157,-336.67357751659137,264.7590843107216,148.61926595552995
49.3775,-0.992606468187712,0.2203916158990543,-0.5210758580361291,0.0121626782354916,0.0093124843259798,-0.0008468719511863,0.008058489997673,-0.0036850697840477,0.0663476502103342,0.9977570469768164,-0.0054183824103549,0.0171970899650818,10.183981031665573,-0.0262983791242823,-0.0305654324471198,-1.032430865154778,7.712256257572464,4.310650944798354,0.8265116783980165,1176.9575849887672,1063.9440297732187,1091.3534198228272,1190.7405620900427,-336.61941110750433,561.0781307223391,-230.59435661954947,218.32951824269657,148.61975009774585
49.38,-1.2024105300882653,0.0717718853607649,-0.5231141650457662,0.0067369663776487,0.0086990358434703,-0.0021415509559269,0.0080627181511459,-0.0036199760566203,0.0663361771268692,0.997758017354536,-0.0104173102598427,0.0173369797992146,10.184460940714063,-0.026364671197607,-0.0308215555729861,-1.0314846258727668,7.712222140293491,4.310614660974728,0.8239393198194302,1176.2640652471687,1065.4369348745831,1090.8795247723056,1191.2442739673156,-192.518624040478,678.9025132163425,-163.0798308245251,180.59887981466852,148.62012857841975
49.3825,-1.2005319085325588,-0.0752444389501138,-0.467651786826704,-0.0011990049754266,0.0094295334049232,-0.0041920137555506,0.0080699538311725,-0.0035605919851554,0.0663183184995927,0.9977593702322946,-0.0148266390735481,0.0173913715538451,10.184885114589706,-0.0264657149504098,-0.0310923084638419,-1.0305540839882688,7.712186672004581,4.310579832169704,0.8213678406694646,1175.9949918685645,1067.338542339302,1090.538020668704,1191.6435564891165,22.223741653280943,697.6944128853099,-93.44821302674376,96.84486346650087,148.620460767605
49.385,-0.9778066531302432,-0.1944044343385687,-0.3658664825273614,-0.0074945820700856,0.0109363319013123,-0.0061250694571439,0.0080838360791612,-0.0035112082639484,0.0662978964684147,0.9977608073147084,-0.0184850553588926,0.0174423078765923,10.185333237687368,-0.0266089502642876,-0.0313861387998842,-1.029637132813945,7.71215006920448,4.310545088143293,0.8187967850808406,1176.3751839554347,1068.9254069390065,1090.4122837071725,1191.7284982846477,293.0491531561394,609.6042232835381,-25.188710821144767,-26.706799398411906,148.62063633911168
49.3875,-0.5755381596589321,-0.3167572445363491,-0.2096937157119767,-0.0114618394976514,0.0120267850005893,-0.0075947907431133,0.0080989290153945,-0.0034713382200448,0.0662795354381498,0.9977620637952314,-0.0213491980558257,0.0173953275065937,10.185883627391147,-0.0267900316827278,-0.0316922588440389,-1.0287315084326745,7.712112353469549,4.3105092944745005,0.8162260840424349,1177.460237634346,1070.3865634557214,1090.4120771145983,1191.5100224921243,626.681043477945,580.8779184681708,23.478429306248284,-158.3681687434918,148.6207076269035
49.39,-0.0038527596041735,-0.4382343316244109,0.0189903090392688,-0.0121205232439971,0.0114796438477935,-0.0079149726003956,0.0081109823707619,-0.0034391977639218,0.0662660708922875,0.9977629892725388,-0.0234108574057253,0.0171814813093616,10.186609833631758,-0.0270013892522674,-0.0320013484081691,-1.027834262116207,7.712073124079539,4.310471938721299,0.8136547975905509,1179.5085891728263,1071.8297965313488,1090.5296758537036,1190.9366574409298,842.3585588582158,454.18555876786206,61.56664085011614,-243.7924959632653,148.62067397234887
49.3925,0.4462343840655195,-0.4819310480564669,0.2224347789466931,-0.00940625016932,0.0093098451097124,-0.006977630792504,0.0081181046564954,-0.003414020825694,0.0662597968275759,0.997763447757191,-0.0246501069112215,0.0167765541233045,10.187578721400694,-0.0272373286506414,-0.0323076440096061,-1.026941933954353,7.7120323785121325,4.310432040759488,0.8110828122401132,1181.6720304286332,1072.6574912495587,1090.7199103188486,1190.2910600123091,898.2484019253159,231.23759119082015,93.71612923677938,-261.67003007999733,148.6205478039606
49.395,0.7694875877004128,-0.427691377373297,0.4189539430058889,-0.0049035923751054,0.00622918710799,-0.0056040222843288,0.0081193192206377,-0.0033923192691179,0.0662612075908932,0.997763425425419,-0.0251145977204198,0.0161753303846954,10.188849266030932,-0.0274862584623021,-0.0326067191962911,-1.02605125033591,7.711990684593098,4.310388529631576,0.8085112332011642,1183.9998311824552,1072.9859844873035,1090.998256499888,1189.6283072905292,902.5758887455523,40.5148510420324,120.96977945209979,-243.06122491967767,148.620320980347
49.3975,0.9455141982789635,-0.2821541190010822,0.6025154991611879,-0.0001465082528627,0.0034030717927998,-0.0042520461022566,0.0081154023160782,-0.003369684244111,0.0662665897607245,0.9977631770698316,-0.0248826786426632,0.0154051073095291,10.190471628014684,-0.0277345242570577,-0.0328973942259489,-1.0251593210837295,7.711948384156359,4.310341178481849,0.8059414409276277,1186.1849098723633,1072.8600655047687,1091.3247592161094,1189.07575388771,772.8149349477214,-155.29204250738556,128.17207572482235,-170.10576808194864,148.62001098094464
49.4,0.9364710121767416,-0.0440217839778439,0.7673600997404983,0.0040023520379331,0.0016592890950675,-0.0028050724369813,0.0081066327294021,-0.0033423344166846,0.0662717097068368,0.9977629943159788,-0.0240357968269114,0.0144778462411116,10.192486947997088,-0.0279695358175572,-0.0331771742447124,-1.0242638782224263,7.711905484247117,4.310289916698195,0.8033748039849105,1187.8639058571903,1072.209524274767,1091.6391168785115,1188.77777845012,553.4649840780627,-381.66912307509426,108.44121756780532,-55.529482645141584,148.6196001942096
49.4025,0.7458046431340041,0.2945395548825614,0.938596311383446,0.0077107223526713,0.001282819055773,-0.00075695910078,0.0080946552099319,-0.0033111069286778,0.0662750481733442,0.9977629614614674,-0.0225751758796378,0.0134232359683608,10.194927036273638,-0.0281883945860322,-0.0334458244603312,-1.0233629041659684,7.711861644588499,4.310234685677995,0.8008116124099944,1188.952234792755,1070.9517198893925,1091.8669653039487,1188.7981064744843,218.14008675958328,-509.8652090339903,36.494749904322326,69.0556343707714,148.61898902784597
49.405,0.482739647350326,0.5671592915500224,1.0518167671465593,0.0095315280845692,0.0025328006813162,0.0013229889339646,0.0080807664437119,-0.0032780695388156,0.0662761870433332,0.9977630893115574,-0.0204925833634433,0.0122591228430785,10.197814469938656,-0.0283907230550258,-0.0337028539073236,-1.0224547636808456,7.711816004725288,4.310176287200744,0.7982514491525496,1188.9546062909887,1069.660198229596,1091.8215906280332,1189.1230566219742,-182.26859758709205,-522.3220907098697,-89.78294511784023,176.09400565204496,148.6183791912559
49.4075,0.1773100593415736,0.7633208417817597,1.1205952550379243,0.0099427217257294,0.005363939566309,0.0040018601827468,0.0080643576124035,-0.0032456970257361,0.0662763451032681,0.997763295076288,-0.0177884361243092,0.010962288541374,10.201162764619948,-0.0285769625624489,-0.0339448119049558,-1.0215381988663828,7.711768305876086,4.310116061030262,0.7956943099906245,1188.0408918048204,1068.3401094358455,1091.41805057836,1189.6785765027437,-563.5978250688668,-534.7308430689275,-275.70529256108324,262.4291385679975,148.61766169287512
49.41,-0.1625429812300056,0.848812297666488,1.1336936127125607,0.0085002571109129,0.0100535736350681,0.0079083943006765,0.0080459554956194,-0.0032160923820018,0.0662786961882774,0.99776335948742,-0.0144823209050784,0.009533078837165,10.204976185132931,-0.0287474403341111,-0.0341718153439982,-1.0206120319586403,7.711718925286543,4.310055049773469,0.7931397465440397,1186.1366171656427,1066.98654401425,1090.443064165227,1190.435202314815,-775.614482102277,-424.9507329895195,-440.36563291670274,263.66770674949447,148.61667123860883
49.4125,-0.3794797072244431,0.7727336368120644,1.0780941929500452,0.0059400018412018,0.0141276041239948,0.0113585746496762,0.0080262212028249,-0.003192118181446,0.0662874043404538,0.9977629953740697,-0.010589559611211,0.0079753246859432,10.209249915635649,-0.0289047026579799,-0.0343854485327633,-1.0196751071686208,7.7116679774033825,4.309994250257163,0.7905866957158006,1184.162819394307,1066.2153557708968,1089.2162224137753,1190.9969150364918,-795.8113850418118,-207.8321969472725,-564.5670331344396,181.64683894440864,148.61573370600513
49.415,-0.5016018441356173,0.5512740123939484,0.9545487577211385,0.0029413076362717,0.0172173585323161,0.0143714455212934,0.0080077749768602,-0.0031762076326792,0.0663041666522392,0.9977620652631184,-0.0061405797132456,0.0063369024880208,10.213969988941752,-0.0290513235525267,-0.0345927145588349,-1.0187262666896086,7.711615353664771,4.30993446894418,0.7880343549951754,1182.1575602404375,1065.9473830295146,1087.6202289995574,1191.343436509536,-820.2788961831981,8.504969399241617,-756.9060707521878,85.71282552197934,148.61467493263635
49.4175,-0.5489579396429622,0.16444741566249,0.7437043644867195,-9.553830591731164e-05,0.0191606440129249,0.0172075770025583,0.0079900403463627,-0.0031679666533873,0.0663295985366518,0.9977605372332976,-0.0012345008182594,0.0046098581404244,10.219113844676308,-0.0291845652094164,-0.0347955776677445,-1.0177650190789675,7.711561196164753,4.309876310476378,0.7854839724160576,1180.0614249133887,1066.257880617893,1085.4316920600124,1191.425479164102,-687.4620917528439,212.59356029825577,-816.579652732335,-24.050320555021678,148.6132603947788
49.42,-0.5358493514626363,-0.2085786700615909,0.5339829258088654,-0.0016313330077619,0.0191742682146268,0.0189018551814423,0.0079749403805333,-0.003168014939187,0.0663620225949772,0.9977585058179828,0.0040495280243445,0.0028427381332858,10.224649800073244,-0.0293050428582591,-0.0350017692431382,-1.0167910424200328,7.71150612904209,4.3098199004828,0.7829382776196954,1178.7202497816716,1067.0103508310065,1083.5373307358936,1191.2231849067607,-443.38912719639967,382.359388167772,-728.2748694583717,-119.88750251668525,148.6119601677728
49.4225,-0.5164535538797208,-0.5681049121016938,0.3145253421046282,-0.0018302371832507,0.0175134856075532,0.0198352169200373,0.007959289068553,-0.0031701048405855,0.0663990715759443,0.997756170965375,0.0094837235353381,0.0009971603093546,10.230537927977158,-0.0293998695991685,-0.0352099475033116,-1.0158050179149372,7.711451454972707,4.309765164212243,0.7803993543940168,1177.8444792774087,1068.16967755873,1081.790317712724,1190.826041651519,-280.6139731347158,509.0560661737196,-640.494877505889,-170.0072112960737,148.61053379657315
49.425,-0.5237184946892341,-0.8708249807308297,0.1068017516472062,-0.0013557295138945,0.0145679361039637,0.0201705307982109,0.0079425090961076,-0.003166871725591,0.0664356080819422,0.99775389899923,0.0148220164990873,-0.0009021937788283,10.236729172477768,-0.0294552433613189,-0.0354243359562196,-1.0148072861342043,7.711398294976347,4.309711757054676,0.7778669783930745,1177.3171799159973,1069.5556311618764,1080.3348563483623,1190.37314885028,-141.934400118471,579.5134066078608,-476.5230516024821,-164.9952520904273,148.6090039740954
49.4275,-0.5808517916650077,-1.0648670341626807,-0.0646697877477203,-0.000926726422128,0.0105268108248185,0.0198567559964912,0.0079254864903205,-0.0031571435361062,0.066468835952251,0.9977518685327276,0.0199497962150472,-0.0028009696731497,10.243164516586384,-0.0294711633362002,-0.0356508097714859,-1.0137969306688668,7.711347241982589,4.309659095348308,0.7753392592475925,1177.1348072768162,1071.0672445917708,1079.4077024547103,1190.0010653910665,-13.949154731029873,658.245548728026,-256.2055209062748,-110.0834866993501,148.6073522865055
49.43,-0.6961255624928769,-1.1495910174807131,-0.2053794292748277,-0.0012193101453046,0.0055977926585301,0.0188153059248774,0.0079088498023885,-0.0031384081698171,0.0664986317932114,0.9977500879938744,0.0247299440027891,-0.0046410407110445,10.24977504039314,-0.029445610974907,-0.0358941682616896,-1.012771861416475,7.711298566710463,4.309606700641416,0.7728133831137967,1177.247434142342,1072.8468589055135,1079.0538287438324,1189.8227314167839,96.06213261754051,624.7904468766577,2.787955169559092,-2.663571386709465,148.60523499852235
49.4325,-0.8018070306376537,-1.1025773834398735,-0.2576959871891911,-0.0026856580356064,0.0021813867800067,0.0174858682597887,0.0078909689121564,-0.0031085263628915,0.0665264271000069,0.997748480523496,0.0290369063326655,-0.0064053360101852,10.256481629929915,-0.0293773345112021,-0.0361537717419367,-1.011728755435032,7.711251811839857,4.309554436478248,0.7702881204846961,1177.615117939904,1074.1911968261559,1079.421642230558,1189.9877475341327,212.48971500606828,489.07145103373733,273.53714500945546,138.8449463689284,148.6033632667378
49.435,-0.8694334972454458,-0.9584896457187034,-0.2407974084809569,-0.0057641667728772,-0.0002613773788503,0.0159462450526483,0.0078719254080461,-0.0030698797767632,0.0665537886649834,0.997746933113216,0.0328485825736592,-0.008044226386801,10.263194333639673,-0.0292743414362019,-0.0364309855120315,-1.0106627210922927,7.711206208680744,4.309502083920861,0.7677626455653024,1178.309882717373,1075.2922161606834,1080.4215144688803,1190.5169561486289,391.44039515171374,413.65051563576674,556.1520893178168,305.2863896876764,148.60138742417908
49.4375,-0.8591543888471243,-0.7098574448781898,-0.1564343140765293,-0.0105103342140925,-0.002175897364285,0.0145203251530156,0.0078555449539404,-0.0030261070549224,0.066580274686922,0.9977454338131628,0.0361837639217751,-0.0094314357417795,10.269813186671882,-0.0291471914798705,-0.0367337268355631,-1.009567695508316,7.711160930525578,4.309449211527025,0.7652356838459548,1179.5723199156607,1076.2594494043328,1082.2024026771446,1191.51417948257,533.1628972571099,290.5925855321953,722.9132196676553,403.5316491730133,148.59890466186255
49.44,-0.7607409157679926,-0.4632248074360256,-0.0559439259539994,-0.0140768104482856,-0.0030016038126021,0.0142207504836493,0.0078451637006489,-0.002984028365434,0.0666035849537456,0.9977440884371964,0.0391365891880779,-0.0104556361267753,10.276229713137306,-0.0290121931222404,-0.0370675734799113,-1.0084372332975322,7.711114985697375,4.309395903429452,0.7627049877324297,1180.975697203656,1076.745179088343,1084.036080567215,1192.534614394492,616.2478919918643,127.46974710737804,774.9096120094365,407.7045193861256,148.59674882655017
49.4425,-0.5822499863661184,-0.1953265378551988,0.0421176277364366,-0.0161931832480341,-0.0032507429923388,0.0150490593581306,0.0078400709400179,-0.0029456766480539,0.0666241678638306,0.9977428650628792,0.0417082390504844,-0.0110853583946416,10.282330462740228,-0.0288751845925649,-0.0374294037244681,-1.0072660417374315,7.711067732141631,4.309341562778865,0.7601698037803482,1182.6535593756219,1076.89679813987,1086.0769507371936,1193.5527020795016,760.7368304160647,-5.2008836983050735,916.7301833131971,395.8017373303186,148.59451027436165
49.445,-0.3134058508508013,0.1396476179536799,0.1262800433350234,-0.0173684712974189,-0.0032625889976092,0.016520849273416,0.0078372777650692,-0.0029099920162718,0.066645148657479,0.9977415809703252,0.0438440502372006,-0.0113378246330809,10.288000168844157,-0.0287354182750448,-0.0378107522789752,-1.0060507792531672,7.711018841501875,4.309284996556085,0.7576326027689602,1184.7793813557385,1076.7191746698516,1088.6197314837837,1194.5136230811447,761.4469474101147,-117.97109201644886,932.8392598472718,277.4808780149465,148.5917370116146
49.4475,-0.0745351926327565,0.425969701268613,0.159200384186357,-0.017600630109481,-0.0030133727637184,0.0175107049487391,0.0078337909360165,-0.0028770305482896,0.0666683864731789,0.997740136235801,0.0455235195265854,-0.0112402292831314,10.293125270297308,-0.028594389167221,-0.0382021245456078,-1.0047905578618153,7.710968721353597,4.309225271497288,0.7550973788532913,1186.4607941126687,1076.3069426797883,1090.741147036426,1194.940106469575,613.7026322206609,-208.42773219067817,837.5779263739594,71.79425595964823,148.58935975454645
49.45,0.1462757426119515,0.7121480061747721,0.1564503268361751,-0.0170628666683366,-0.0021213087425902,0.0179481698769327,0.0078279704677624,-0.0028469126453853,0.0666937729896276,0.9977385528338584,0.0467408052122956,-0.0108022834383783,10.29759863131057,-0.0284541297626742,-0.0385961159907022,-1.0034873476929804,7.710918568908856,4.309162597363008,0.7525676736406302,1187.847894516843,1075.6770360088976,1092.8076211156556,1194.8725943609431,486.2515708743344,-278.6379762462668,811.5952840038459,-111.57701206278692,148.5869212999862
49.4525,0.3313187833678813,0.9871005445222636,0.1312311432279368,-0.0158191420675153,-0.0004867152367233,0.0179663814064231,0.0078236472665171,-0.0028229054549647,0.0667201116988873,0.9977368739114753,0.0475736484738799,-0.0099373134909599,10.30132370446455,-0.0283241527252094,-0.0389954521079457,-1.0021454063146047,7.710868985188066,4.309097398234966,0.7500452875561276,1188.8920519670419,1074.9137527985563,1094.7991234564472,1194.3822214092609,327.866891735246,-325.55374180540235,769.8848585064478,-289.9038006749287,148.58443771878177
49.455,0.4567083162805825,1.2286941802079532,0.0855417131411016,-0.0139769429187886,0.0021542321153443,0.0177834028854166,0.0078256612194917,-0.0028104169944137,0.0667452928986407,0.9977351914507409,0.048156459686244,-0.0085535184331518,10.30421939584244,-0.0282188474451244,-0.0394043825960918,-1.0007712144668195,7.710820957887867,4.3090301917338785,0.7475311874293544,1189.487228975518,1074.049267299872,1096.6570454081843,1193.4230753575698,167.44755198688455,-386.21962409782344,768.0772093049363,-511.6901170170533,148.5819063263816
49.4575,0.5325181290892682,1.4511646789011823,0.0079810505171637,-0.0114755333105896,0.0066088746736225,0.0178276667451455,0.0078342335909792,-0.0028145610819562,0.0667653365068659,0.9977337601832889,0.0486221348178879,-0.006666829105999,10.30622462728342,-0.0281516731764957,-0.0398180176374798,-0.9993733748626956,7.710775724846368,4.3089610342940885,0.7450264099999532,1189.7292897269767,1072.982654678066,1098.6395095029739,1191.8237708241743,25.559734068779672,-380.3933689370624,665.9903973724116,-643.4387875115027,148.5788211597868
49.46,0.5419148675547081,1.5626849850499802,-0.0785645592503858,-0.009625588727313,0.0111986844413717,0.01819566899973,0.0078440971209202,-0.0028332248753882,0.066780486573596,0.9977326130412252,0.0489567123665236,-0.0044097531008809,10.30730246775446,-0.02812136686355,-0.0402214695285519,-0.99796222137252,7.710733726665702,4.308889388974881,0.7425310369362317,1189.615027645862,1072.1473004551858,1099.986997395048,1190.2058814200107,-88.46684230337675,-301.38564006533795,447.6025542612184,-679.748928009876,148.57621562962535
49.4625,0.5177223529390111,1.5891063893072412,-0.1883819788877617,-0.0085039700053296,0.015927239064187,0.0186571918030805,0.0078529695009704,-0.0028546364820277,0.0667937230761155,0.997731599339754,0.0489599962342902,-0.0018529381191823,10.30744195740332,-0.0281078840778763,-0.0406073994760882,-0.996548359083288,7.7106942069537725,4.308815797317621,0.7400429335819918,1189.2869555154602,1071.4757264777409,1100.877522274278,1188.425026184128,-166.9144328313506,-231.34562955203353,254.76231200669343,-782.7055664143332,148.57357945063444
49.465,0.4798265526880783,1.5332559847132463,-0.3348402540451312,-0.0083062045154043,0.0210251865702292,0.0187038712136202,0.0078612021484399,-0.002870480031307,0.0668092327643961,0.9977304568031536,0.0485136438302807,0.0009709693035956,10.306656955463591,-0.0280980831546471,-0.0409738157993066,-0.9951412833005792,7.710656568022244,4.308740665086703,0.7375604736560732,1188.7804554817048,1070.990572307425,1101.2608089550822,1186.2923535879368,-186.62038646379645,-106.79289939984292,9.702062166338274,-750.1718410929498,148.57038570281523
49.4675,0.4543700752114813,1.4320053172173275,-0.4500048782951521,-0.00869986523708,0.0246083949545268,0.0179619969271932,0.0078659410356183,-0.0028734127908682,0.0668266863330159,0.997729249315648,0.0475209000415735,0.0039527998530932,10.304986491169458,-0.0280793101394574,-0.0413132320245665,-0.9937495375402592,7.710619728616712,4.30866415309508,0.7350817721263992,1188.3538535831408,1070.9417619807411,1100.9260325851096,1184.674166978661,-153.39310474796855,70.56916599251105,-276.83389585233886,-579.6795066078445,148.56770206617912
49.47,0.4300069093140714,1.3002263209651836,-0.5282519933321087,-0.0088573963761316,0.027357256371741,0.0161720369481593,0.0078597781746721,-0.0028567868070604,0.0668453978239191,0.9977281000928336,0.0458965138591066,0.0068813649306364,10.302493665952568,-0.02803875830215,-0.041609983059535,-0.9923806703259,7.710583009037835,4.30858613906972,0.732604976734001,1188.0134899579657,1071.3434181373873,1099.8766394758215,1183.3939560549004,-114.20431204509056,289.6764978415259,-616.3832899722395,-456.80585619201617,148.56499837447703
49.4725,0.3674792586853877,1.132322050966608,-0.5497133584705579,-0.007999003817239,0.0298072357341311,0.012923011159117,0.0078380831409977,-0.0028181522474321,0.0668670836273194,0.997726937531261,0.043646377132673,0.0095916955273488,10.299262525801346,-0.0279715016736975,-0.041854280590935,-0.991040511077719,7.710546187409002,4.30850688121856,0.7301293089072646,1187.782832022915,1072.3901444699495,1097.8441161352468,1182.3901376977,-48.893669517040045,475.4093252507415,-853.8798621944532,-270.7122154304195,148.5617333490085
49.475,0.2521196427906364,0.9932902757338876,-0.4998413560071848,-0.0062541216253858,0.0314771561545008,0.0098407796635696,0.0078036321429881,-0.0027636207876247,0.0668903221592411,0.9977258140086274,0.0409615354113708,0.0120570567253111,10.295394354709298,-0.0278893101060226,-0.0420510872459017,-0.9897327992375288,7.710508927537312,4.308427435404189,0.7276552190948301,1187.7690216103804,1073.7204647636422,1095.607240164847,1182.0403949777476,30.90361691113767,612.9067894704466,-969.0671358143564,-44.50431600579987,148.5589969878811
49.4775,0.0349330430740553,0.8513826674417909,-0.397848398657231,-0.004247148827179,0.0332091089030815,0.0076162825620933,0.0077607502971133,-0.0027009729018496,0.066913638420611,0.9977247697917841,0.0380656176991865,0.0142801988649541,10.291006000678946,-0.0278064250318962,-0.0422092175064721,-0.9884603229839793,7.710470337892131,4.308348266703112,0.72518382566124,1187.9373501074704,1075.4546784172992,1092.9987804561795,1182.1676161176713,91.45218130783955,742.4699653172249,-1066.755129174453,115.20099476923424,148.556246884012
49.48,-0.2775928774447378,0.6955962246063235,-0.2854109987624375,-0.0028195191966485,0.0351888855351264,0.0068505683551935,0.0077126361715136,-0.0026352211798374,0.0669344522342842,0.9977239378545724,0.0351179135070102,0.0162469650583272,10.28622719839966,-0.0277304977566992,-0.0423365699735322,-0.9872255341318228,7.710430017558397,4.308269480237443,0.7227172687355194,1188.2262825169198,1077.4328145902302,1090.2734645189723,1182.616399951594,131.19641322052863,821.3303454461203,-1064.1785373124562,230.5549819099909,148.55348757176645
49.4825,-0.693007519359124,0.5067193661897309,-0.2080563530695374,-0.0026189774362143,0.0373304577974873,0.0078823481349295,0.0076651417340552,-0.0025700879477359,0.0669500414686805,0.9977234456666396,0.0322471706631768,0.0180040179049671,10.281196148642616,-0.0276663078155274,-0.0424471548836715,-0.9860300513659148,7.710387391222472,4.308191454023852,0.7202567707089533,1188.5933321735736,1079.561330144532,1087.6778877696145,1183.3203910272218,155.0400693373422,929.5524535402634,-1040.157992963341,330.26876751953773,148.55072034401667
49.485,-1.2653626478423676,0.2298103929724722,-0.199049063862209,-0.0040945211877792,0.0397165234534519,0.0102056340542753,0.0076268978416982,-0.002508602597397,0.066957983369745,0.997723381886266,0.0295627548589986,0.019662368420272,10.276055293866712,-0.0276172753941193,-0.0425609850448083,-0.984874281588517,7.710342103866817,4.3081142723716335,0.7178021183549024,1189.0014828636058,1082.080576857927,1085.0726745541604,1184.2677437891903,122.97416069985123,887.414401013485,-823.1049223123474,337.15777353346346,148.5473953430108
49.4875,-1.7534922105911177,-0.0387322984634368,-0.2645782052383918,-0.007058771255496,0.0413608838544709,0.0118213300947694,0.0076009873237239,-0.002452120059536,0.0669568973041534,0.9977238122449196,0.0271222922334022,0.0212294617076259,10.270948036569385,-0.0275828248496743,-0.042687533675831,-0.9837577827062146,7.710294474458749,4.308038041347482,0.7153516367252422,1189.2082029770731,1083.9984021496016,1083.5623631580506,1185.00617989489,31.32415673029061,697.613558689916,-425.651581763405,256.35432584054416,148.5446249376378
49.49,-2.1794458432550057,-0.3208735648626937,-0.3715419438101259,-0.012438905349015,0.041855359574912,0.0116329344682018,0.0075833092410814,-0.0024010275439426,0.0669477809014791,0.9977246996461356,0.0249436981422977,0.0225761247592352,10.26601459916473,-0.0275599929403202,-0.04282215824932,-0.9826790687637754,7.710245562178651,4.307963090555363,0.7129037981689829,1189.1581036472571,1085.5686446513787,1082.9444166453422,1185.5495154183936,-96.00074889426288,584.0935150781971,-45.45937525244468,169.25509682325287,148.54186041600678
49.4925,-2.534298539604599,-0.6210539161231382,-0.4794818803130087,-0.021479000085457,0.0403901213713383,0.0090952934157623,0.0075681373559757,-0.0023548242342937,0.066932141915702,0.997725987763928,0.0230148478762522,0.0235514849008229,10.261387262516418,-0.0275444164194441,-0.0429568665549269,-0.9816350162053258,7.71019638307733,4.307889251071975,0.7104576171657666,1188.7281992326023,1086.91886972499,1083.3350662817886,1185.8524553790055,-215.1163238201925,395.7548307383853,325.33836254494145,42.52764848649902,148.53855683623533
49.495,-2.65629028901332,-0.793728737465129,-0.506362168209393,-0.0299701015346039,0.0375516329470458,0.0059720604773669,0.0075527735262558,-0.0023140648116532,0.0669124499990031,0.9977275293236028,0.0213403861051616,0.0240759445355113,10.257185824859855,-0.0275348614804803,-0.0430889027324149,-0.9806204445143444,7.710147488238945,4.3078155889231295,0.7080114538530614,1188.0825220281558,1087.5474188050716,1084.5711084580676,1185.7621536608262,-293.3305523203535,147.0583025391691,651.1900258628737,-108.52354512038704,148.53582059803531
49.4975,-2.5814527887115553,-0.8423667151241174,-0.4385654387176498,-0.0380217226856621,0.0336550880800902,0.0030937451421697,0.0075335119775679,-0.0022753124540096,0.0668915120889177,0.9977291702355026,0.0198338014259771,0.0240654425203851,10.253515224143198,-0.0275227310262289,-0.0432133666906907,-0.9796290053355596,7.710099424976173,4.307741019547591,0.7055641988524437,1187.2615464709995,1087.654161237686,1086.5910164111046,1185.3098376534033,-355.80292987074773,-63.059031378054954,1007.6078583234062,-269.7809438603324,148.53310719031924
49.5,-2.288074237662748,-0.7393121941488474,-0.2527239384867708,-0.0461271046892326,0.0289596094367359,0.0006977439761021,0.0075065863845667,-0.0022364816221111,0.0668734847366288,0.9977306628891084,0.0184292288028517,0.023443292456202,10.250462493496094,-0.0275026365491499,-0.0433243239344567,-0.978653301339268,7.710052399119845,4.307664689911761,0.7031153989401995,1186.3035073788035,1087.2321236481816,1089.6091477496802,1184.4132489415258,-311.54930431417733,-232.51180947884905,1150.4250481298643,-370.12893495700166,148.529882555143
49.5025,-1.910532070186017,-0.5334681841048347,-0.0349080826012544,-0.051454156476608,0.0259120410187021,-0.0001983606168961,0.0074680245377924,-0.0021938343720128,0.0668616102131746,0.9977318264557906,0.0170211018993396,0.0221411035112182,10.24809547162939,-0.0274662095808009,-0.0434151935332997,-0.9776856304783424,7.710006022007923,4.307585742270528,0.7006645414644971,1185.7037999494303,1086.4916021902927,1092.3431416517487,1183.45919297862,-166.83997379482767,-355.3337477140759,1072.9033644091,-396.9353938454121,148.52722442873798
49.505,-1.448227783291022,-0.2496798468388281,0.2055273736519734,-0.0552627700345915,0.0245588816664753,0.0001785094390323,0.0074147141478693,-0.0021447594242562,0.0668585918649932,0.9977325078943236,0.0155237879870708,0.0201164487192276,10.246461910556148,-0.0274076019824609,-0.0434807420720356,-0.97671839957859,7.709959816262488,4.307503409644814,0.6982120763266999,1185.4693075098292,1085.4554549096104,1094.9736645717285,1182.4285719722975,-22.500795167468223,-445.7431984084444,993.7095453871196,-401.5524716224028,148.52459890839103
49.5075,-0.9565240996589444,0.0510352267216437,0.4299683818533834,-0.057815975113492,0.0247863703860418,0.0016714880172249,0.007345834131254,-0.002089134145511,0.066866548406524,0.9977325711876384,0.0139027790826437,0.0173800186241286,10.24558969982379,-0.0273262871044248,-0.0435200858472412,-0.9757445576103472,7.709913358114505,4.307418281795732,0.6957597014609654,1185.5912959735929,1084.2628861982496,1097.3116893786869,1181.4514306205067,130.11475639221328,-494.84479930888017,832.2187422981934,-349.0155143783786,148.5220015229069
49.51,-0.4747641134222795,0.3149465026084967,0.6000815933558608,-0.0588508640572324,0.0265640992540844,0.004162351605113,0.0072629202090075,-0.0020286642988096,0.0668842145089477,0.9977320854022824,0.0121629086901321,0.013997753956321,10.24548834110704,-0.0272256006473984,-0.0435374116470327,-0.9747580928614508,7.709866260628617,4.307331866080295,0.6933095079921463,1186.1198812917896,1082.9812309130682,1099.1347582832157,1180.6834944004074,301.69640895731413,-564.4009524536456,666.4334405533965,-256.0304810098896,148.51943852680753
49.5125,0.0432396710444563,0.5339805218490509,0.7163145282933058,-0.0584935554532899,0.0296076951815941,0.0074413544647554,0.0071694067969896,-0.0019642608083348,0.0669119406391395,0.9977309997635528,0.0102954508129303,0.0100848295182482,10.24615134511946,-0.0271080173589436,-0.043541391974748,-0.9737544129130296,7.70981855878636,4.30724525728356,0.6908627244303138,1187.0997780183802,1081.44088143598,1100.6438565814556,1180.1712782154568,389.9256262694332,-555.2202151441068,443.66911176753126,-102.33893715234665,148.51640220805155
49.515,0.3994346560600394,0.6148018741153036,0.7384528154161129,-0.0571162201692059,0.0323305222394418,0.0100215702006536,0.007071043002698,-0.0018991504927107,0.066950292443326,0.9977292286551692,0.0083439495382115,0.0058097443553554,10.247558672668232,-0.0269812435428455,-0.0435456674247528,-0.97273013580211,7.709770402352669,4.3071597755960935,0.6884194677914042,1188.0695094231376,1080.2051298373462,1101.3531038420545,1180.1717997146454,384.6742232183121,-477.0623414587836,184.67518038613403,96.29547117114845,148.5139036687927
49.5175,0.6612205651237885,0.5897920535136478,0.6979963251170314,-0.0547547867877832,0.0346495744601508,0.0122355857272541,0.0069723614277231,-0.001834010704826,0.066999510368394,0.997726723975034,0.0063014905503055,0.0013283779058886,10.249680241573907,-0.0268483120322413,-0.0435624769973668,-0.9716835079821832,7.709722396927497,4.3070763748931045,0.6859805867333605,1189.02314913447,1079.055569728688,1101.5672324833852,1180.652755571312,380.78509523387373,-480.4811835297002,-0.7869009144538334,313.7129910379131,148.51143653179813
49.52,0.8680230861389046,0.4606187164434394,0.6085189224728961,-0.051636677521698,0.0365540425809878,0.0139225597604415,0.006875643970037,-0.0017696086477461,0.0670572753077251,0.997723627263378,0.0041648605507058,-0.0032416072820904,10.252478620549503,-0.0267124041440027,-0.0436001057540128,-0.9706141488638036,7.709674889974877,4.306995489678166,0.6835471147962612,1189.973434899308,1077.8027239196963,1101.349169337482,1181.7403646698356,297.9825682825616,-433.7750121353165,-148.60086137102044,468.5688445074324,148.50851039977923
49.5225,0.9650609773625992,0.2955570289297981,0.5251770172116732,-0.0495826317154373,0.0375007301466927,0.014441974480206,0.0067879462982086,-0.0017109973194244,0.0671177931660552,0.9977202734822234,0.0020315087714207,-0.0076842076215106,10.255911051075367,-0.0265857194976692,-0.0436755647183601,-0.9695218816984588,7.70962772265077,4.306917121053102,0.6811189991406881,1190.5130619758836,1076.8866946680105,1100.82422817653,1182.9955997938505,151.20988721651085,-330.95764093916927,-274.3698001712113,551.4001960318195,148.50609924906166
49.525,1.006061773916961,0.1035938847648853,0.4545444657596706,-0.0481947499064397,0.0377263773413634,0.0146680529741264,0.0067167346914216,-0.0016640518760045,0.0671749180995647,0.997717016481473,2.3676415984798943e-05,-0.0117714431384981,10.259932447372003,-0.0264822789278485,-0.0438059315459301,-0.9684068955026244,7.709580719767459,4.306840968125673,0.6786960124397488,1190.72948433539,1076.147935715002,1099.9773203366271,1184.4973656499924,14.54872488979328,-269.7409955335827,-442.9293947049708,691.6046313187608,148.50371472470783
49.5275,1.0047047372764055,-0.1222733925985039,0.3912937663276637,-0.0461659857787877,0.0372123869979915,0.015338693297494,0.0066601370192468,-0.0016314696138431,0.0672265548135226,0.9977140030373334,-0.0018066181917491,-0.0154598832633274,10.264497869930603,-0.0264091620531645,-0.0439893708972763,-0.9672704473523164,7.709533618465089,4.306766611545736,0.6762768329555349,1190.5858056003326,1075.5379896903419,1098.609581203004,1186.453622950446,-121.46698079730564,-167.91771541116353,-555.6419010454988,727.9538831572978,148.5008820772176
49.53,0.9598917653804868,-0.285327101366484,0.3518429647434802,-0.0434725160062839,0.0360731458876604,0.0161830237942285,0.0066155732529096,-0.0016148478227228,0.0672710142839533,0.9977113602595512,-0.0034225970054102,-0.0187198202023783,10.269563322003048,-0.0263713517308471,-0.0442213820825652,-0.966113739451034,7.709486546302124,4.306692542373577,0.6738600865316235,1190.1221494314032,1075.308347137946,1097.1991108313985,1188.1371350657807,-255.69489230124933,-28.88850164461372,-607.9567503392882,673.0542740344144,148.49854405461934
49.5325,0.8645413874924098,-0.4057139035586632,0.3165923699133453,-0.0402539362857359,0.0343862642807388,0.017142998259453,0.0065811696572617,-0.001609197548948,0.0673082556752797,0.9977091107001638,-0.0049133794251523,-0.0215018335362013,10.275087057386443,-0.0263614305579266,-0.0444979237473336,-0.9649379994095209,7.709440294122999,4.30661695751067,0.6714449465008416,1189.3073311388275,1075.3935471821187,1095.5697974513103,1189.818894320615,-429.7159590402392,104.03219721514822,-738.0268000320345,732.0485555252054,148.4962276539876
49.535,0.6999986462201016,-0.4976252033982834,0.2693102808971138,-0.037133170874199,0.032438051865442,0.0183384129876425,0.0065550889266007,-0.0016068484514859,0.0673376828576056,0.997707319818256,-0.0064152293574032,-0.0237590301393859,10.281030247363047,-0.0263668559840226,-0.0448136925432704,-0.9637444847578072,7.709395639161693,4.306538320988451,0.6690308289706364,1187.9735696362009,1075.828508124022,1093.5089768312364,1191.7973778434086,-531.0993208611319,202.26518690045503,-739.9218463159593,713.4054075352185,148.4934709547784
49.5375,0.5395508257351098,-0.537801852401492,0.2219365892694609,-0.0355556119636177,0.0311449386769749,0.0191758225898856,0.0065366244957372,-0.0016033633538539,0.0673585872697167,0.9977060491359452,-0.0079895030538253,-0.0254357613400673,10.287357295287505,-0.0263813940572557,-0.0451636580316359,-0.9625343330767632,7.709352966436059,4.306456066689231,0.6666189019759239,1186.6518345345205,1076.4048731166215,1091.8701882197283,1193.3859213582928,-537.8078018418253,253.44645359619193,-588.2932419142328,611.8897329742704,148.4911914047034
49.54,0.3836187434582426,-0.5539632978037524,0.1663497331226117,-0.0350783471907865,0.0301674664089954,0.0197402122032054,0.0065241977056478,-0.0015963905999749,0.0673716029794963,0.9977052724459714,-0.0096499915161115,-0.0265097010372519,10.29403619702632,-0.0264025293462804,-0.0455396760043801,-0.9613089795148894,7.709312323261892,4.306369932429674,0.6642112075057383,1185.284530626994,1077.0957403920015,1090.567510621668,1194.8568265082772,-520.6171414179217,278.0828256450091,-424.7387255336535,555.3782628794921,148.48892852581827
49.5425,0.2501411828768588,-0.5591288753817661,0.1063375756840085,-0.0351148790228005,0.0293010911322003,0.0200902409130058,0.0065146100983236,-0.0015819567211025,0.0673793964732441,0.9977048385537672,-0.0114414509825407,-0.0270041230807529,10.301038588494292,-0.0264240648660717,-0.0459299712289882,-0.9600703710351488,7.709273501983175,4.306280000222578,0.6618088640165825,1184.0487488274296,1077.7952872448475,1089.7464945920592,1196.1628126726919,-420.15926482378165,264.5030454915752,-171.27631248236287,460.4885736226979,148.48667823326113
49.545,0.1559153710858173,-0.5558990461183528,0.0448705947497851,-0.0351552841465186,0.0283642360176478,0.020232492841285,0.0065069959639819,-0.0015602738189327,0.0673834553931367,0.9977046523538748,-0.0133159697575774,-0.0269161328472675,10.308339157078265,-0.0264472938715441,-0.0463265812359941,-0.9588200668597148,7.709235787033102,4.306186882815231,0.6594124275591668,1183.183734302874,1078.4182556194603,1089.7111290592557,1197.1592693763919,-252.54918054661408,242.46192157574336,193.88661758325168,336.53998299677056,148.48444166714006
49.5475,0.0914829549561895,-0.5403386265262343,-0.0257466653522985,-0.0350094352850126,0.0270176200900836,0.0202174664648356,0.0064988290809449,-0.0015320948080256,0.0673860002738698,0.9977045793483575,-0.0152152135003355,-0.0262942147806197,10.31591508824476,-0.0264734567615878,-0.0467184699977406,-0.9575594092898558,7.709197619283109,4.306091237093337,0.657021147520182,1182.7860029246976,1079.007596852725,1090.7159276799744,1197.845512587674,-25.849570476644168,185.8452756432102,538.762530919118,149.54985653145363,148.4817718539504
49.55,0.0760147117199157,-0.5121044692447518,-0.0789138509964348,-0.0348864578785579,0.0257856284715589,0.0200657884346253,0.0064872830127548,-0.0015006974959535,0.0673881007737319,0.9977045610975545,-0.0170292174525508,-0.0252129854496785,10.323744993558298,-0.0265075335065696,-0.0470942642174493,-0.9562889463858724,7.709157823339972,4.305993350571144,0.6546338374737181,1183.054486450491,1079.3474819976768,1092.4049417138526,1197.9070186590495,221.1469214432105,104.6890070604978,817.878622667913,-88.24756307003585,148.479557475593
49.5525,0.0955111143631249,-0.4596702642518031,-0.1231041540666014,-0.0349186796666813,0.0245567100974214,0.0197611463234316,0.0064724111263914,-0.0014710049186162,0.0673886839019532,0.9977046626314005,-0.0186115648831363,-0.0237056620814765,10.331807650350722,-0.0265570180878282,-0.0474486766020541,-0.9550079416752096,7.709116172835056,4.305893106247198,0.6522492252575228,1183.8917375319143,1079.5310418880279,1094.8053207933162,1197.4042747723236,457.66845312014783,47.05678106679175,1153.0535972931857,-338.4086349917547,148.47735253875237
49.555,0.1507188336742985,-0.3596479942488618,-0.1631694314389028,-0.0347038717338711,0.0229312165101472,0.0192032829397984,0.006455031014642,-0.0014465953436495,0.0673876578943605,0.997704880128578,-0.0198458810614476,-0.021801816787525,10.340080665664992,-0.0266264447665483,-0.0477788338231437,-0.9537146851561816,7.709072855681008,4.3057910988402,0.6498658878680628,1185.3428287160896,1079.5827659030103,1098.1702097003133,1196.2149754840923,564.6811084810746,-6.513059714230927,1257.4054024024852,-511.52804719418987,148.47471587163844
49.5575,0.2144693694559043,-0.2418796494380412,-0.1851392077135617,-0.0340060865077217,0.0214945882636555,0.0185995527427143,0.0064350920472488,-0.0014275397358844,0.0673864560361695,0.997705117532834,-0.0206942943684781,-0.0195560313900354,10.348539138847247,-0.0267133953298567,-0.0480815319803666,-0.9524069317845452,7.70902830932837,4.305688199565325,0.6474832139944274,1186.715143074321,1079.4984765894567,1101.0923478053319,1194.8466345363515,532.62775869016,-54.55420664604327,1128.4882779731245,-589.6978924406251,148.47252497306877
49.56,0.2875141296282364,-0.0931506597881444,-0.197123387500823,-0.033205164352201,0.0205327050338736,0.017982311803114,0.0064119471356177,-0.0014130156310196,0.0673867880068635,0.9977052652155644,-0.0211442703763624,-0.0170437083848345,10.357154486485895,-0.0268136461481218,-0.0483535189904529,-0.9510820887505916,7.708982736542594,4.30558494539348,0.6451012342692706,1188.0059675095415,1079.3099948697802,1103.8126510901818,1193.2664860218877,503.3941026602891,-95.07627179736579,1090.827781974022,-699.4705406953466,148.4703386758312
49.5625,0.3801233769941519,0.1023004116518922,-0.2057029271056341,-0.0323335952698799,0.0204728202475721,0.0175243768264036,0.006387870447242,-0.0013978181995893,0.0673899803491498,0.9977052258932324,-0.0212766732565501,-0.0142809593348854,10.365893517570424,-0.0269150974070636,-0.0485985966914011,-0.9497374073214,7.708936717086744,4.305481599347012,0.6427213082629298,1189.2321135876202,1079.0230952304703,1106.546486715197,1191.349281832878,376.43214839042815,-102.93973348757656,885.7379445316709,-677.574927773892,148.46771778394032
49.565,0.4581294568311505,0.261227876252994,-0.2126224685414597,-0.0316690020619041,0.0212561037799755,0.0174333703779948,0.0063649986766229,-0.0013776205413865,0.067395145021714,0.9977050514723392,-0.0211618748849295,-0.0112923967385888,10.374718006804528,-0.027007300733394,-0.04882110894635,-0.9483703247426208,7.708890863710696,4.305378180076612,0.6403449142632992,1189.888128251492,1078.7952962023428,1108.241340812836,1189.8786113830213,183.53252015253636,-72.47917031519067,542.177724129574,-536.3141696826444,148.46553374960203
49.5675,0.5298548988700806,0.3971465056929335,-0.2204829993021505,-0.0307800771292656,0.0226257876304158,0.0175088795043517,0.0063458769127328,-0.0013520756272512,0.0674006805082018,0.9977048337068894,-0.0207950939990216,-0.0081014405071668,10.383584586075129,-0.027087485066873,-0.0490263994994263,-0.9469783770550784,7.708845158139918,4.3052745886753465,0.6379715295249863,1190.1497761883832,1078.660699378894,1109.2573753358463,1188.6677109844632,51.429054584396965,-28.35987690681036,294.75922431227826,-429.7284338238189,148.46334688339059
49.57,0.5871519142063603,0.505578489202622,-0.2238754014231721,-0.029518962645855,0.0241992904619181,0.0174565815716759,0.0063331062472496,-0.0013212036734005,0.0674047486696751,0.9977046799353266,-0.0201715243715416,-0.0047299274139916,10.392445002392343,-0.0271536176749862,-0.0492204971797659,-0.9455594575157412,7.708799189561227,4.3051705262923115,0.6356003660127778,1190.1452735244143,1078.6534968178087,1109.7151369343983,1187.729969213901,-39.890028626350514,33.426863430880466,58.39110436760019,-303.81919524861934,148.46115532100407
49.5725,0.6133059047561245,0.5787587476005713,-0.2075711334080483,-0.0276942306460688,0.025673745114406,0.0168650998611437,0.0063278933607137,-0.0012867160750495,0.067407214056731,0.9977045892600066,-0.0192607820522852,-0.0012275677979627,10.401246736011,-0.0272068489408568,-0.0494070638978999,-0.9441120179546004,7.708752433489816,4.305065734510257,0.6332324525483533,1189.9503260452518,1078.8278336960484,1109.549330857684,1187.1486150082217,-93.83351726937437,116.24066406505754,-199.74740416031423,-175.44899788749836,148.45895502304515
49.575,0.5946572941864984,0.6292357588853909,-0.1436253473161081,-0.0251347637005448,0.0270825904994685,0.0154186640161047,0.0063277370922241,-0.0012490757018803,0.0674093042037243,0.9977044938607544,-0.0180705625455888,0.0022861700996919,10.40993400174872,-0.0272456802530308,-0.0495834399539554,-0.942635545193013,7.708704453939218,4.3049603826953415,0.6308693159378833,1189.6761059380672,1079.2347001381343,1108.7163999135962,1186.8527242244631,-87.40332819843462,175.26925754155073,-397.5206705689983,-47.77760924628012,148.4563004227312
49.5775,0.5347867169706751,0.6419126305830763,-0.0436422334208811,-0.0230608819895748,0.0281311541233891,0.0138889235714241,0.0063253761375852,-0.0012103029626491,0.0674130092871447,0.9977043023197848,-0.0165891903366319,0.0055978055310758,10.418448921466299,-0.0272711913970512,-0.0497383794388281,-0.9411304918966628,7.708654776490484,4.304855065150502,0.6285110684520507,1189.5133094042594,1079.7041799837566,1107.561727504838,1186.90972696199,-41.77415725356857,204.77990631361968,-540.0193737393147,75.4446761747435,148.45407355899928
49.58,0.4375060119870803,0.6199046188469524,0.0990772886140242,-0.0215040744444964,0.0294069710819365,0.0128799451328227,0.0063136435276173,-0.0011729374207902,0.0674213384951112,0.997703853437272,-0.0147994576705087,0.0085034544336405,10.426732357984118,-0.0272858951634949,-0.0498612756071111,-0.9395976892151764,7.708603141997318,4.304750352755136,0.6261564168437512,1189.4672351517995,1080.2585996697014,1106.016303044902,1187.2299476053363,0.7725292212849721,253.70496174524055,-744.6519347894366,188.89262839083472,148.45182863634227
49.5825,0.2991763438920371,0.5413114345351925,0.2883867957821866,-0.0206547137322361,0.031310476314412,0.0132961586121538,0.0062882798336965,-0.0011365875363802,0.0674374546108812,0.997702960496172,-0.0127454376317893,0.0108734110635454,10.434724816062044,-0.0272877648034809,-0.0499477618060971,-0.938038144692374,7.708550519548529,4.304646565784924,0.6238053849188069,1189.5171720503658,1080.9727047924835,1103.8384678308887,1187.8541901039448,25.1995183818379,265.7568717078452,-827.5734696050534,259.66941212732667,148.44911138482135
49.585,0.1833281151257385,0.4232412664721852,0.42990701180356,-0.0208196144236821,0.0331501016463014,0.0149884485815627,0.0062490017920833,-0.0011005635681754,0.0674615832758771,0.9977016096996196,-0.01047516482816,0.0126716646661462,10.442367405016851,-0.0272752147376551,-0.0500012884963145,-0.9364528129411844,7.708498235173056,4.304543745187713,0.6214585795161227,1189.5932327437088,1081.587384028241,1101.8784356968747,1188.5282946659738,25.93627150856804,250.27501769159267,-777.022202499008,289.90244119717306,148.44682628458492
49.5875,0.0797594989547335,0.2470399863884675,0.5234729538023317,-0.0216133546766725,0.0350053032618629,0.0171413504976766,0.0061957002470867,-0.001063024471185,0.067493182104641,0.9976998394656704,-0.0080628664142329,0.0138784544315103,10.449603312003427,-0.0272452220926141,-0.0500257587504156,-0.9348430277323344,7.708447198108858,4.304441747755725,0.6191159831645233,1189.6468534079083,1082.2240798809403,1099.9533568183974,1189.3037023099291,14.643933380458988,293.2360559306153,-790.7809289001808,347.8210499668006,148.44451879511595
49.59,-0.0347768629586017,-0.0174455677092702,0.5635027122496987,-0.0224844125089363,0.0364543622732741,0.0194508664850523,0.006132117018498,-0.0010245714292054,0.0675298491832139,0.9976977869152984,-0.0055278651481046,0.0145617395316785,10.456378540566352,-0.0272002514053027,-0.0500317862183948,-0.9332099266816908,7.708397728027202,4.304341185042425,0.6167773289645797,1189.666452410611,1083.0535643078952,1097.9245310523715,1190.2673999158087,5.46990826532867,323.8860883356827,-663.2346325808402,343.86307122504746,148.44172372244577
49.5925,-0.1386422114840425,-0.2575949839366763,0.5357371372673122,-0.0226724561296677,0.0362684167588158,0.0210926065837289,0.0060650343819843,-0.000985770811828,0.0675696594212634,0.997695538815538,-0.0028865411742992,0.0148633626968706,10.462643114062944,-0.0271434594749384,-0.0500351195635322,-0.9315546396489652,7.708350111566218,4.304241585918184,0.6144435986587131,1189.6742029492352,1083.8435103226195,1096.6371836554915,1191.0230176660555,16.32945056327692,344.83383438086526,-398.5856244745251,274.23926342109934,148.4393731588428
49.595,-0.2774320427840781,-0.4802778719424268,0.4513042184173774,-0.0223370881287475,0.0346616139068576,0.0225980691085859,0.0060007575971387,-0.0009487376576823,0.0676110704511111,0.9976931581223571,-0.0001236548497875,0.0149224023612329,10.468352409290265,-0.0270808868363807,-0.0500496789893825,-0.9298785217023768,7.708304194224983,4.304142114759315,0.612115185706311,1189.7480996634274,1084.777733479798,1095.9316029300007,1191.6385962329127,54.8328047516126,397.6245225828064,-170.75067224778098,213.90826302706927,148.43700147803523
49.5975,-0.4601029855816872,-0.6632397680357399,0.3290836344397534,-0.0217965038551582,0.0324711916020486,0.0240175473002209,0.0059405430596725,-0.0009158635322325,0.0676532646146342,0.9976906894806128,0.002774931738403,0.0147799374941423,10.473468573524755,-0.027018246593778,-0.0500791303454513,-0.9281835610379936,7.708259341329706,4.304042247076099,0.6097913312237007,1189.9483669729934,1085.8316329355343,1095.783430294252,1192.0925589811911,126.88471631620688,438.7617973700373,78.98152587504734,142.45043937009527,148.43461318102217
49.6,-0.6967546176850952,-0.7793147334229831,0.1785399624985781,-0.0215064904991515,0.0300188899058103,0.0250635367774012,0.0058832349709755,-0.0008884348576188,0.0676959766042365,0.997688156759596,0.005797106312759,0.0144342588936827,10.477961152293345,-0.0269584620269167,-0.0501220061078445,-0.926472069574396,7.708215562758785,4.303941955210652,0.6074714718071488,1190.3825232450088,1086.9715424666492,1096.3265105593764,1192.3508484297638,259.3101675026076,491.8709401723771,385.5854870779109,81.70697405460643,148.43220581311704
49.6025,-1.01415814413074,-0.8318486399772052,-0.0037235495884068,-0.0224116788949766,0.0269934754440834,0.0253096483042354,0.0058282013996246,-0.0008657017072791,0.0677384264293617,0.9976856183207866,0.0088890160309255,0.0139018818890592,10.481807574347531,-0.0269000800890402,-0.0501773569739898,-0.924746410123528,7.70817222017099,4.3038409386954815,0.6051554104673789,1191.2449178105053,1088.2909876363942,1097.71135772964,1192.501093851464,376.15571401214623,447.3425787496111,609.835309731995,43.018535742908895,148.42929599983373
49.605,-1.264372039046452,-0.8056375472847387,-0.1310927458893489,-0.0250073811813095,0.0245641931108797,0.0245452234687881,0.0057772201122923,-0.0008495572144168,0.0677802261945165,0.9976830895684552,0.0120553517467497,0.0132487509509965,10.484993305979428,-0.0268461497012549,-0.0502476266097381,-0.9230086290033748,7.708128622030945,4.303738663467144,0.6028435252921828,1192.2633018150705,1089.2082553603984,1099.375687108038,1192.5659411084785,463.58812039028567,294.28656845160225,740.1181078125171,29.1385308863788,148.42685434849133
49.6075,-1.4380482106853212,-0.7183068487778723,-0.2073658345828994,-0.0296264745852304,0.0225314163483478,0.0231929613822011,0.0057310084862214,-0.0008438735248276,0.0678227739504034,0.997680469747568,0.0153404157142281,0.0125170346646732,10.487512616171905,-0.0268026559527916,-0.0503323397259076,-0.9212608959369104,7.708084232994298,4.303634222948792,0.6005358911956791,1193.562858412458,1089.7624204786528,1101.4119482687045,1192.646786505896,618.5797883444308,128.2779668530823,941.0755601554602,50.58926287392804,148.4243959247862
49.61,-1.499919341928845,-0.5633857176647701,-0.2263155101632322,-0.0362215398240473,0.0207919623094623,0.02160370727402,0.0056912249808482,-0.00085269602622,0.0678655864947103,0.99767778028495,0.0187933095442701,0.0117684094962193,10.489368810842436,-0.0267752190999366,-0.050432391896081,-0.919505403082921,7.708038071231503,4.303527051902155,0.5982325993575764,1195.3562007567898,1089.8496451946633,1104.0810649088107,1192.8188874228479,676.7189590991796,-75.42217053911152,985.15295314805,79.52751965336142,148.42142706096675
49.6125,-1.4106168703013362,-0.4083850905051552,-0.1839244292141246,-0.0416890187605827,0.0199070656047042,0.0205938609112569,0.0056579612989091,-0.0008729515545854,0.0679057856712222,0.9976752188161646,0.0223120065136004,0.0110410536031627,10.490575300683604,-0.026755631381682,-0.0505466387724382,-0.9177449716601022,7.7079895046875695,4.303417488563292,0.595933859524616,1196.9464532079555,1089.3853096259572,1106.3377130344472,1193.0444241041628,625.4698767295832,-291.1352916987528,871.1172757866369,108.91774148361831,148.4189377554021
49.615,-1.1858564522667712,-0.2421809879510891,-0.094800218313014,-0.0463262342066673,0.019459144732675,0.0200197220556365,0.0056263435885239,-0.0008972864753448,0.0679401708394848,0.9976730362553168,0.0256984345548805,0.0102736928436977,10.491155961520464,-0.0267273173198669,-0.0506655054214676,-0.9159832552367708,7.707938209953538,4.303306179545071,0.5936404206810308,1198.483550140439,1088.3939687361687,1108.4366512877464,1193.3634761302662,621.7114555897949,-525.3389661698069,843.6041356028851,161.1078210577135,148.4164330326555
49.6175,-0.809154625203073,-0.0416165452134098,0.0423127196907127,-0.0498524313857672,0.0192542376126037,0.0198436172898913,0.0055918999804746,-0.0009177283039976,0.0679665451185964,0.997671413853381,0.028743835394522,0.0094122620801547,10.49114430219061,-0.0266733302953352,-0.0507805233499987,-0.91422392144983,7.707884670166992,4.3031936509854845,0.5913528632666478,1200.0550104859017,1086.7586147951104,1110.5557337124578,1193.8499632094508,498.47532119467326,-636.2852137986848,682.7695504071162,192.58605593803773,148.41341025433172
49.62,-0.4570076455382378,0.1212100507514517,0.1620202304075175,-0.0508835447661072,0.0192935104033747,0.0201238884667334,0.005553145397231,-0.0009300289525896,0.0679822579853024,0.9976705432422308,0.0313249454324499,0.0084578060465451,10.490582463870748,-0.0265848911476392,-0.0508886556641078,-0.9124700064431874,7.707829544883243,4.30308086902419,0.5890705530682059,1200.975926746414,1085.2125426671737,1111.8504990397837,1194.3264064099567,254.92430586282953,-602.8764898327707,396.3060702098365,199.03193826133975,148.41087781549763
49.6225,-0.1259168755225294,0.2743950086243735,0.2637383669871933,-0.050284024006568,0.0195663715249538,0.0208597363087717,0.0055087079418883,-0.0009293339740454,0.067987888891626,0.9976703961961292,0.0333108680301859,0.0074122540312419,10.489521309761283,-0.026453765303968,-0.0509873685650037,-0.9107242492949438,7.70777413820815,4.302968369756397,0.5867926268941562,1201.3296320152165,1083.7442323459452,1112.537264063508,1194.845122900758,33.171553262430436,-534.1068769751329,164.4562795385031,209.47197715127865,148.4083327256494
49.625,0.1529393183026638,0.4142717965461943,0.3344512755728601,-0.0489252017825675,0.0201124876192479,0.0219651318716228,0.0054557345987054,-0.000908770094418,0.0679854594092509,0.9976708566375267,0.0345331308228844,0.0062473647671847,10.488019998629278,-0.0262695265830028,-0.0510719166087732,-0.9089892527030276,7.70771999553385,4.302856199006193,0.5845184948063881,1201.141784512726,1082.5420082823005,1112.6727804374755,1195.3737662957124,-204.26386929935163,-375.57774771482906,-79.35811869345285,210.1225939000052,148.40577840493629
49.6275,0.3464447490680504,0.528114274739596,0.353045542515315,-0.0472285248427437,0.0211316336430872,0.0233950519928947,0.0053915657404302,-0.0008658363330898,0.0679800061856145,0.9976715980048294,0.0349235059891092,0.0049308072436376,10.48614423810827,-0.0260314826661812,-0.0511374266495818,-0.9072670559273984,7.707668686438586,4.3027441606439885,0.5822473145875487,1200.3083126687206,1081.8663436073728,1112.1404734700411,1195.895735870257,-488.0704307005321,-140.61611876747602,-374.9159621799564,226.59215717837697,148.40321482339937
49.63,0.4744354976673391,0.6182419800031224,0.3060913590696601,-0.0450574809916232,0.0230450629602147,0.0251321369484991,0.0053142751119349,-0.0008022831141655,0.067976441284148,0.9976722947253204,0.0345136911030475,0.0034382661836726,10.483965218489423,-0.0257479003532985,-0.051179991600373,-0.9055592315106836,7.7076208939760384,4.302631724843065,0.5799793738798149,1198.701432359222,1081.8389276884627,1110.7982006265747,1196.5067270816048,-654.4447186069937,129.34281105051673,-588.4087899937358,220.18752343385688,148.40013068937927
49.6325,0.503578493629912,0.6433649030042715,0.2114951171477954,-0.0435684142637033,0.0251719318645169,0.0263248119699781,0.0052293971133394,-0.0007222924206383,0.0679776513120307,0.997672716050489,0.0334077034349359,0.0018972905993684,10.481558285812127,-0.0254328725822084,-0.05120912763711,-0.9038664236342489,7.707577607677923,4.3025187225807295,0.5777166007142434,1197.036089075684,1082.5130576626257,1109.1984295200707,1196.9966734874267,-681.1942581680626,404.26386862277855,-701.932412353746,186.18390577270128,148.3975564770552
49.635,0.4728519688340125,0.6102289833201113,0.0720919525290222,-0.0426766962204045,0.0274602771139438,0.0269288931620848,0.0051450796180267,-0.0006323447915432,0.067984854897091,0.9976727303017912,0.0317723575480935,0.000486238931447,10.47900235734206,-0.0251049283306053,-0.0512389940469679,-0.9021888861952896,7.707538402890685,4.302405318631958,0.5754597709908096,1195.2954610683848,1083.8602470315748,1107.2885385648092,1197.4376466104675,-721.3074215860108,714.6470768626368,-855.1481272123683,168.17797999306586,148.3949812764708
49.6375,0.3909082936766845,0.5105289754387891,-0.1235047738120758,-0.0423353393058563,0.0297828524131556,0.0266707914694218,0.0050671450472686,-0.0005419966365911,0.0679986995360311,0.9976722549412504,0.0298459181730327,-0.0006700247394604,10.476379054765198,-0.0247873191591694,-0.0512793999948286,-0.9005268158264434,7.707502081315978,4.302292293722497,0.5732082061119277,1193.429551967752,1086.0862930469407,1104.922688884007,1197.8375633873927,-608.1571337821587,883.8178567494676,-834.0372646106798,110.60537573324633,148.39189376123434
49.64,0.2953622905749425,0.3926194818011622,-0.2921922458144113,-0.0423118777645768,0.0310818782191319,0.025689066544382,0.0049969525554072,-0.0004566404817524,0.0680186183672513,0.997671315899,0.0277825561202353,-0.0015342632870605,10.473772214532556,-0.0244941937098536,-0.051332926246353,-0.8988806909709333,7.707467355533726,4.302179894415382,0.5709615325334049,1192.2546753994725,1088.2793363153244,1103.1183522417537,1197.990673489134,-359.50526440502426,903.6881135059992,-634.8728007214366,6.958761937045855,148.38932565462065
49.6425,0.1706090953155359,0.2631899149064651,-0.4510316280472256,-0.0419248241635007,0.0315366838994343,0.024366704328895,0.0049342680037029,-0.0003800505432452,0.0680445220266373,0.997669917174481,0.0257079125725268,-0.0021005959714042,10.471265798616235,-0.02423543690186,-0.0513996431351904,-0.8972507106835319,7.707433283672176,4.302068239991384,0.5687189833001322,1191.6320256457286,1090.6047336144663,1101.7483248804026,1197.872357197078,-134.93394181343692,1007.6089127026382,-455.91186140213136,-124.8060874544806,148.3867652030035
49.645,-0.0239186512268826,0.1219626812891297,-0.621565621399349,-0.0409025159726677,0.0313774581195748,0.0229287905252661,0.004875706012197,-0.0003148793806695,0.0680762859071442,0.9976680826287868,0.0237250913294205,-0.0024278808703461,10.468942256215547,-0.024017200652721,-0.0514741612320041,-0.89563688226249,7.7073994432788995,4.301957551967542,0.5664796847773786,1191.5800056904047,1093.31738087884,1100.8387929347418,1197.3666430518613,87.01172236928964,954.0982039065177,-192.83906836252893,-241.0462450418112,148.38370409881395
49.6475,-0.2278917371017401,0.0295993869829838,-0.7429461458219005,-0.0399377549208461,0.0309989566063974,0.021879250519659,0.0048180060547261,-0.0002616711780148,0.0681112297181778,0.997666011405017,0.0218963139542932,-0.002570053483911,10.466880662716868,-0.0238402836988549,-0.0515515750197396,-0.8940387741542298,7.7073649114977085,4.301847382615602,0.5642429215454506,1192.0670842575753,1095.3752246340016,1100.7841295385895,1196.6671259718682,274.6075528968728,756.1336938841177,123.5168151833691,-313.283978253606,148.38116428667448
49.65,-0.4647852144502299,-0.0300063745316303,-0.832604691442944,-0.039837130023782,0.0306133213001078,0.0206079480250481,0.0047614344788967,-0.0002187415505541,0.068146332019187,0.9976639098297748,0.0202425253536353,-0.0025057757075896,10.465154782275603,-0.0237006297532236,-0.0516332404067032,-0.8924553155339541,7.707329313377123,4.301737463991574,0.5620094528071665,1192.953043454888,1097.0980493482573,1101.456377010658,1195.8002231605947,388.7417791381097,620.4839359235401,372.79877059212623,-343.8160440247035,148.37863752723132
49.6525,-0.7072415395898387,-0.0636766030764348,-0.8809646931949856,-0.0410191811308978,0.0303028017144072,0.0186982389473481,0.0047078093196782,-0.0001836026362475,0.0681789924254433,0.9976619486061588,0.0187676924330158,-0.0021826545284999,10.463831390649379,-0.0235918667170669,-0.0517228409788972,-0.8908850928225271,7.707292943087198,4.301627994075808,0.5597803742462862,1194.0107931532668,1098.4776443136209,1102.648123391551,1194.9480457517438,424.9938835858856,459.82052760954633,566.116327206038,-291.37288138998525,148.37612246944374
49.655,-0.9216797542305408,-0.0719405208733595,-0.8559880406650259,-0.0436740945878763,0.0301039496142292,0.015787041105096,0.0046572230977661,-0.000153649989239,0.0682066524359912,0.9976603041197613,0.0174660384450385,-0.00158755126826,10.462968819088967,-0.0235062575398397,-0.0518203435949467,-0.8893266975485815,7.70725573644394,4.301518066843774,0.5575560136745114,1195.0780128728184,1099.397151986306,1104.2869586466895,1194.343358753644,432.85968499324815,296.0202709362384,765.8098845413094,-152.06757560699958,148.3736222799213
49.6575,-1.1078278471666134,-0.0620856105219114,-0.7188264745453019,-0.0479199633059935,0.0299738483468246,0.0119808217340831,0.0046098342509593,-0.000125215498814,0.0682268962767886,0.9976591430826676,0.0163027034596389,-0.000708773130936,10.46261537917736,-0.0234334032637422,-0.0519252312161385,-0.8877784924988646,7.707217259770317,4.301406602132893,0.5553364695720892,1196.175091578231,1099.9577456683007,1106.477172814254,1194.1877078737095,357.1486236762204,121.67592870030744,794.7878902903565,67.21834840265018,148.37063984610575
49.66,-1.188041885066191,-0.0442312681368566,-0.5137996392977552,-0.0516979907204989,0.0299286557804554,0.0095134020869085,0.0045645694513062,-9.522278219830937e-05,0.0682395023006109,0.9976584878900998,0.0152447357007372,0.0004334410372861,10.462807872964648,-0.0233634322436265,-0.0520339596706045,-0.8862385607782529,7.707176634600139,4.301292940308024,0.5531212875200467,1196.8637559912006,1100.005531629808,1108.2608980981436,1194.6794504956574,226.51980203602088,-50.134814452960015,655.3513534041771,335.8886712179911,148.36816949298984
49.6625,-1.1900055891811434,-0.0233139012956427,-0.2318623655316755,-0.0550965957171286,0.0299183346444953,0.0081855684731447,0.00451929938463,-6.155931679237635e-05,0.0682452696221028,0.997658295894874,0.014268090396267,0.0017894219648844,10.463570242414415,-0.0232878704149346,-0.0521404600817806,-0.8847045712716081,7.707133397792981,4.3011767777598875,0.5509098469413298,1197.3076905884116,1099.7070715960358,1109.7539295812767,1195.8671512298004,146.37479134939565,-181.35885996674128,546.7721383808537,658.412054998424,148.36571463565718
49.665,-1.1181751729906897,-0.0010946797505952,0.1602016539943436,-0.0584839809280776,0.0299215827306196,0.0077166169040756,0.004474529109468,-2.5969427705973436e-05,0.0682459920489411,0.9976584434498008,0.0134228905786816,0.0033525086900405,10.464911953718472,-0.0232055760267417,-0.052242535964651,-0.8831732333409015,7.70708797027551,4.301058358270778,0.5487020763999572,1197.5956299479467,1099.0987373299752,1110.9947587900451,1197.9715107706463,70.05495205945462,-241.2653279567751,344.7197250969622,844.1820073069949,148.36278626366754
49.6675,-1.0127116546445076,0.0110447874455593,0.5006635523790669,-0.0609205273789009,0.0299283717799028,0.0082283639006616,0.0044307254638213,6.93153813789526e-06,0.0682440298700513,0.9976587672952018,0.0128093256399426,0.0051045496576885,10.466827329521083,-0.023120997596464,-0.0523375015370856,-0.8816406380072636,7.707040687265461,4.300937728933698,0.5464977468522355,1197.6579653487092,1098.5007449562513,1111.4775282067624,1200.0880612663375,-10.598907174875457,-234.92549910731017,72.65804166046028,857.3787525110381,148.3603599367192
49.67,-0.8786722248886517,0.0120467546275433,0.8139756030099456,-0.0631671868238268,0.0299392721605615,0.0097409906614599,0.0043869537317818,3.5917758902163214e-05,0.0682422177248109,0.9976590774518048,0.0124458379203314,0.0069965868141747,10.469295449792236,-0.0230333240167142,-0.0524207740225064,-0.8801026926956319,7.706992168797529,4.300815474497703,0.5442968434772189,1197.5426354120725,1097.924109834438,1111.3580489983478,1202.258404533204,-94.5184602759532,-233.63354443229912,-180.45216451194432,891.7842056142414,148.35794718851128
49.6725,-0.705321690139659,-0.0050982670728686,1.1072786740955651,-0.0653089794552528,0.0299690099939389,0.0129868734565296,0.0043421229306247,5.96017390579597e-05,0.0682437307843454,0.9976591616430958,0.0123463543359251,0.0089703364677365,10.472279559390032,-0.0229431723626369,-0.0524878438429347,-0.8785548928398572,7.706943991479246,4.300692167234619,0.5421005128272643,1197.18537304733,1097.3325772340909,1110.5752673842035,1204.5469822944046,-167.39936616741565,-197.1373908830984,-375.2170039380316,743.7724395368892,148.35506618918225
49.675,-0.564715395066616,-0.0387172933027096,1.2475839174177594,-0.0664922158301069,0.0300228499873737,0.0168505171831242,0.0042966847688807,7.864152627093852e-05,0.0682496454006634,0.9976589445905862,0.0124782219575052,0.0109978922664482,10.475727277972656,-0.0228487873491374,-0.0525377590493212,-0.8769922085929399,7.706897431544525,4.300568403932108,0.5399080958075033,1196.705638581235,1096.938422880022,1109.4819639786567,1205.9772667308903,-220.43446188038249,-139.44867822376324,-497.39516939318503,445.837036958391,148.35267615121236
49.6775,-0.4414255308843642,-0.0962696067380491,1.2501274107993952,-0.0673344582738918,0.030128767186132,0.0213853060545674,0.0042514410605044,9.411599106377357e-05,0.068258853897965,0.9976584992524308,0.0127961090871865,0.0130556951526364,10.479571339411113,-0.0227486542703119,-0.0525709018931104,-0.8754091385908953,7.706852790736002,4.300444513858384,0.5377171919662482,1196.0832007379274,1096.6353338429717,1108.0882915372363,1206.7761674791975,-256.16036106103473,-108.81927367837199,-578.0683610779107,212.74700032641957,148.3502965970727
49.68,-0.3381574589434023,-0.1743698764766436,1.1322196645149605,-0.0680060265255815,0.0302889727525072,0.0260429542928034,0.0042071588652019,0.0001040971074749,0.068271269207228,0.9976578288463648,0.0133148172956992,0.015112759448466,10.483730800934952,-0.0226475128535892,-0.0525877813178195,-0.8737998225021146,7.706810615333406,4.300321305728361,0.5355262090210591,1195.4248367759308,1096.3943265116307,1106.5916221732696,1207.0410017325214,-242.2416568785718,-82.78294307606615,-583.9932034288918,-7.781841582978471,148.34792618386032
49.6825,-0.2612721759884089,-0.2724188405939532,0.886888436328151,-0.0684428412410627,0.0303886316872601,0.0301390610627213,0.0041608243170203,0.0001088302921451,0.0682884379823599,0.9976568397237012,0.0139972047631217,0.0170611442861952,10.488113882972023,-0.0225465923556306,-0.0525830717946185,-0.8721591164293255,7.706770842654192,4.30019870493512,0.5333356418036693,1194.871992453534,1096.2214191275912,1105.1683255200903,1206.7372582712828,-177.1725852797775,-59.37604509933099,-559.3933001664349,-231.77590105771708,148.34556867028292
49.685,-0.1972310977868255,-0.395945039549758,0.5018333373899792,-0.068779963426477,0.0299037650798819,0.0328338805150151,0.0041109946358099,0.0001104907105233,0.0683082451790086,0.997655681188508,0.0147680722346998,0.0188294329040422,10.492620317128113,-0.0224438520195679,-0.052555108520558,-0.8704825780796955,7.706732567672279,4.30007616862074,0.5311461437390687,1194.5389738495317,1096.0974462861338,1103.794655672436,1205.8821222272322,-41.71582838616061,-30.17209732022836,-418.28559901584254,-366.961375423004,148.34275870550815
49.6875,-0.162070674965753,-0.4839335781924291,0.162840441118867,-0.0689777124383597,0.0286162540672013,0.032418374721443,0.0040587323777357,0.0001086914599519,0.0683285059087166,0.9976544965910265,0.0156104182512224,0.0203972474673046,10.497144451293632,-0.0223419962945747,-0.0525067429248024,-0.8687667212106884,7.706695200171049,4.299953400375498,0.5289584069227516,1194.663413311603,1096.07055864099,1103.076897525013,1204.9024513941695,150.80795814801678,5.340178251440502,-178.42956570778227,-415.4736046562589,148.3404372051676
49.69,-0.1353815343360678,-0.5315312714699965,-0.1320900016521383,-0.0692404152544343,0.0265332553423226,0.0300692944057954,0.0040060395290582,0.0001056454086928,0.0683490672729751,0.9976532858844716,0.0164557965629742,0.0217712768044849,10.501579853430748,-0.0222393601341133,-0.0524431148727823,-0.867009808331801,7.706658572577176,4.299830798717456,0.5267737181453598,1195.293013640271,1096.124147177391,1102.902507843898,1203.8047542039528,394.94290531422655,38.23403404433383,47.90996519425157,-481.90058501793726,148.33814317251938
49.6925,-0.097746609283473,-0.5247924982731202,-0.3997359348516065,-0.069650652460725,0.0238303750022816,0.027116308239956,0.0039568684099286,0.0001035504641643,0.0683687874907271,0.9976521089614198,0.0172407076900077,0.0230043432623645,10.505823497635642,-0.0221341950227628,-0.0523731925552696,-0.865211935035105,7.706622737286073,4.29970906964274,0.5245931743183408,1196.6381278381755,1096.261728811212,1103.3164473509844,1202.4929484690783,579.0275440696626,56.425417688449905,240.30768251015144,-466.93939388463826,148.33543159082384
49.695,-0.0502964946600359,-0.4664882253660062,-0.5543980852937792,-0.0701248740276399,0.0219412482035475,0.0254435991444894,0.003911807453732,0.0001060835850346,0.0683874294793526,0.9976509773508684,0.0178676861610559,0.0240872116667654,10.509781087703317,-0.0220215561451669,-0.0523005953444027,-0.8633757859176017,7.706588070416611,4.299588402811281,0.5224179988746291,1198.1881513606209,1096.4062742658334,1104.1040462564495,1201.4700572345284,679.6305672056675,54.26491493745222,378.4493144637312,-387.3386074723269,148.3332144623928
49.6975,0.0244387795382922,-0.3682429496258762,-0.6620469820363659,-0.0707452672184517,0.0207037915390835,0.0246811165930048,0.0038686205309854,0.0001135338865811,0.0684047609163519,0.9976499148238565,0.0183078886534838,0.024953770317999,10.513371111171708,-0.0219015499669031,-0.0522239195418464,-0.8615063537224154,7.706554547862755,4.299468184178206,0.5202494905343185,1200.0362806742007,1096.5330533858987,1105.208693923301,1200.5562554317187,834.482612144739,41.70171903213171,525.2416095919257,-375.4140369672212,148.33105179995243
49.7,0.1486388190672146,-0.2312923504584164,-0.7631817743337752,-0.0711265308001802,0.0199429529638654,0.0240308038482687,0.003821026789825,0.0001261647362156,0.0684192957161727,0.9976490488389084,0.0185285171177409,0.0254609342836385,10.516529221788636,-0.0217731024679883,-0.0521350575423427,-0.8596109732467772,7.706521350717914,4.299347908714744,0.5180888003110495,1202.3605644213467,1096.614782860994,1106.7302543044104,1199.5929870496911,832.0379528014491,14.701735225745988,570.8873851243687,-330.74498825195764,148.32853044331472
49.7025,0.2752066047140609,-0.1222502822573321,-0.830074789545363,-0.0709082123859903,0.0198075978911269,0.0230207936929935,0.0037590060763514,0.0001417948502782,0.0684299814354272,0.9976484933502427,0.0185436768358431,0.0253917356320426,10.51921124797381,-0.0216382462326569,-0.0520193987167068,-0.8576988029351447,7.706486821756559,4.299228179415101,0.5159368034785732,1204.19647043821,1096.6065620620277,1108.0631308489246,1198.902530490458,672.3430725000275,-16.79180643106228,530.716121767892,-249.59658446418837,148.326497597317
49.705,0.4123983680567747,-0.0402309691896854,-0.8687504974550082,-0.0701089162639309,0.0200595524671132,0.0212636904058211,0.0036784223128914,0.0001571229453888,0.068436509521225,0.9976482881230472,0.0184001647884953,0.0246592884626738,10.521394334742952,-0.0215010749039681,-0.0518724123304654,-0.855779305584661,7.706450821514146,4.2991095186569535,0.513793924353402,1205.7222797838435,1096.5308238288387,1109.3838349132475,1198.3450041273716,536.0454874216871,-34.67350670710448,517.5344965667217,-195.17914448341816,148.32454228241767
49.7075,0.5463276298222938,0.0076261057872262,-0.8686538570305217,-0.0687627101151457,0.0205479933168265,0.0189924397563357,0.0035795176400098,0.0001767730010254,0.0684399666569405,0.9976483570054429,0.0179852473535967,0.0232881150320742,10.523078874495452,-0.0213524192410199,-0.0516978494234694,-0.8538621164862256,7.706412306887454,4.298991875878019,0.5116594555735289,1206.87669787532,1096.433194528492,1110.6508033317596,1197.9266347680405,356.9811251600633,-31.3847261911927,482.04577362346646,-123.46381324289771,148.32265518705884
49.71,0.6631610089149927,0.0074355152515239,-0.8025899407747042,-0.0669424826838965,0.021207366473934,0.0162155135650552,0.0034629060897264,0.0002028866022978,0.0684449315953459,0.997648385882737,0.0172394482903755,0.0213144079174179,10.524288052857624,-0.021187748312317,-0.0514993340082221,-0.8519564963922002,7.706371355024965,4.298874918940337,0.5095326913550835,1207.5071854096448,1096.373900197883,1111.794063781366,1197.7276850611568,151.64129939453383,2.281159401993392,453.23791788100897,-22.189569252006724,148.3208538477001
49.7125,0.7726001060700214,-0.0456979407744762,-0.6326222512001479,-0.0643242223648121,0.0219513863497218,0.0126499600082031,0.0033307667640353,0.0002377303354756,0.0684546797944086,0.9976481499264672,0.0161037097637906,0.0188144087428025,10.525066528271047,-0.0210027420450182,-0.051282711740465,-0.8500707818488124,7.706329296956234,4.298758042679031,0.5074139744622111,1207.6349043722919,1096.444600325502,1112.9169929211623,1197.8156869217803,-52.43495264905551,63.04972050299014,350.34265092235995,95.45865189379246,148.3187943024514
49.715,0.8360460976777931,-0.1230179531187877,-0.419241542046987,-0.0620514429391842,0.0222155979291685,0.0101500104856587,0.0031901238009032,0.0002796451184697,0.0684707211436622,0.9976475264685872,0.0146097761053497,0.015966427900859,10.525477281068701,-0.0208007699978035,-0.0510610161691139,-0.848211405125128,7.706287911156058,4.298640890502759,0.5053040612217998,1207.2450106463996,1096.689148800398,1113.5457770359787,1198.204978320626,-243.7050955555268,147.02065343177975,162.0906399626245,224.8719573965204,148.3171640715509
49.7175,0.8750555072633958,-0.2122650166420149,-0.1565640662891861,-0.0602112944654864,0.0216753849417497,0.0090665479399665,0.003050475439261,0.0003260128373403,0.0684930444018466,0.9976464723322472,0.0128153024651659,0.0130040558946429,10.525598630396479,-0.0205876400877456,-0.0508507076004032,-0.846382704946004,7.706247806315821,4.29852323833592,0.503201956415247,1206.4163788945136,1097.179703592661,1113.727446120976,1198.9400467087637,-438.13350807835207,271.71614144283166,-48.71315842719805,393.8310493363077,148.31562327744544
49.72,0.900029904149554,-0.3039987855554908,0.1693526464855117,-0.058835697060391,0.0201459292880438,0.0094391599882213,0.0029183877279338,0.0003739217722877,0.0685224220123164,0.9976449024693064,0.0107830405411182,0.0101020511810562,10.525520425147867,-0.0203699839638348,-0.0506625691524424,-0.8445869903959317,7.706208906670483,4.298404735196169,0.5011054729499441,1205.0543431060098,1098.0477295076107,1113.3022112438427,1200.1741335673055,-534.1410117641767,352.3714988488808,-273.53084830628734,494.04143170570217,148.3138770301792
49.7225,0.8989715295116907,-0.3520196449364105,0.4153021595846438,-0.0580726545986781,0.0184456680268952,0.010702036822809,0.0027988251236887,0.0004206461846856,0.0685582010241489,0.9976428404973678,0.008573516209311,0.0074038190089113,10.525338882150349,-0.0201542699711146,-0.0505042664812628,-0.8428240970213614,7.706171156171246,4.2982852086787044,0.4990124412417289,1203.7456738356912,1098.9415610869066,1112.359791879444,1201.4102538672935,-522.5059185128486,365.6755703020684,-497.06565444918886,507.2980472656714,148.3125064971767
49.725,0.8511482734511959,-0.3652302488189821,0.6010179819252695,-0.0566184350547333,0.0167062060009932,0.0126528017854376,0.002693557372939,0.0004633990408473,0.0685985123088257,0.9976404070916824,0.0062487585912967,0.0049863295098654,10.525151426378924,-0.019946944927577,-0.0503778133229147,-0.8410915297031711,7.706134799453,4.298165122890997,0.4969210685819869,1202.4418135134442,1099.8761073591222,1110.8168829715955,1202.7106238036351,-527.1463495809048,380.88916928070904,-793.9441648780704,545.09583026756,148.31122228613225
49.7275,0.6910343076914507,-0.3536199736657952,0.7291011208091513,-0.0533009001619061,0.0151724849560236,0.015540862047779,0.0025996274059086,0.0005016423324084,0.0686421222058593,0.997637694139586,0.0038222652060758,0.0028300238530176,10.52505178447316,-0.0197504411563341,-0.0502773847162314,-0.8393849801697842,7.706099700713788,4.298044472415652,0.4948294277203361,1201.1099420877892,1100.8460069333084,1108.3900710550572,1204.1357330186288,-418.5120808433245,301.97870147256265,-954.1504475479207,469.50129765858566,148.30977862027908
49.73,0.4384655117119786,-0.3395784547854601,0.7492740279839121,-0.0492635758181188,0.0144999157069587,0.0180402624809244,0.0025154116193977,0.0005357650168216,0.0686869804046382,0.9976348482322692,0.0012959459651491,0.0009432629138761,10.525124834851848,-0.0195658505379162,-0.050199526895839,-0.837698217062649,7.706065578165579,4.297923775468179,0.4927362515650861,1200.3492531092263,1101.3860008664858,1106.0461307338535,1205.0581302919295,-202.9029306062838,133.17430400827567,-953.1709083659406,283.95794931315345,148.30865457721708
49.7325,0.0520564118166268,-0.3452248434001518,0.683459702206063,-0.0452490184868343,0.0142939599963186,0.0203125154321069,0.0024405509237958,0.0005666644988561,0.0687305344646687,0.9976320482568156,-0.0013309578589072,-0.0006406806137703,10.525442902214028,-0.0193935405410896,-0.0501430014214553,-0.8360238493209666,7.7060323317534705,4.297803450191667,0.4906429002643186,1200.0954274347573,1101.51187845335,1103.624216513225,1205.5555227651953,-5.940196370562208,-30.37734028637749,-938.2061750109536,114.8331726014156,148.30760953500695
49.735,-0.4152260561958884,-0.380898655554677,0.5574413642544268,-0.0432330467694593,0.0145697929806206,0.0223345758897524,0.0023736453678226,0.0005952558107312,0.0687753947633609,0.9976291202566194,-0.004054902581661,-0.0019138674256371,10.526063185865116,-0.0192341626797719,-0.0501046211225238,-0.8343542942957854,7.705999511732446,4.297683654092753,0.4885520246822691,1200.3195521273735,1101.234114165054,1101.3550998588032,1205.632296154936,203.21599474726617,-209.766223547178,-820.8055420475723,-73.63382681774836,148.30662742854165
49.7375,-0.9002214839097928,-0.4560221172429676,0.3805698972287175,-0.0453431690521592,0.0150238287612662,0.023961745966911,0.0023123798152831,0.0006222028034055,0.0688247753062045,0.9976258517175862,-0.0068626059562626,-0.0028918889845485,10.527026098608639,-0.0190886129624473,-0.0500795513473212,-0.8326822318932212,7.705966853795635,4.297564387858218,0.4864651591713937,1201.111507408494,1100.4630473356135,1099.520188802985,1205.1873536311064,457.5473870303473,-435.24289317024807,-657.4882769970646,-301.46275173104226,148.30571782284272
49.74,-1.3846875133188643,-0.5704163448370979,0.1477488362982568,-0.0515055000890386,0.0146097193151574,0.0251953183070178,0.0022567432050538,0.0006462321516027,0.0688788984241175,0.9976222318742956,-0.0096915608953957,-0.0035492402085501,10.528354487530343,-0.0189608245010729,-0.0500665140232388,-0.8310004044213217,7.705934571565699,4.2974450082804925,0.4843824595652841,1202.6072890625267,1099.0578996992017,1098.0676584738162,1204.12498239628,612.0929977727084,-567.7061434529767,-387.7117855305074,-453.26747928147887,148.30470564131707
49.7425,-1.6416494804093915,-0.6539856306513641,-0.0290518366824533,-0.0575593898592145,0.0129771687832142,0.0252863828952591,0.0022090506307554,0.0006624603867757,0.0689359452088511,0.997618386686664,-0.0123956159496282,-0.0038219942288747,10.53005414608358,-0.018860578300272,-0.0500675074712005,-0.829301615673747,7.705903217436192,4.297324678954063,0.4823030103433195,1204.1719723973547,1097.6245166183514,1097.5816298753343,1202.921016234701,654.3840699237825,-582.5507163802944,-40.74050064234788,-504.93824142196536,148.30392500299533
49.745,-1.7093526647462103,-0.681491059624808,-0.1443576958155865,-0.0633461000785827,0.0101646557634356,0.0240670533687551,0.0021711043085998,0.0006682134428053,0.0689931768327401,0.9976145045446104,-0.0148723508670831,-0.0036595834951169,10.532115562647745,-0.0187935517044915,-0.0500837532660705,-0.8275793067766903,7.705873190313524,4.297203578080779,0.4802250691542821,1205.8792094121472,1096.1451461172987,1097.8639559706044,1201.6002911891687,745.4703435353445,-605.9157920298359,284.0477317215484,-548.1683946607442,148.3032056826324
49.7475,-1.5738500509430784,-0.6134537246601123,-0.1725439478373385,-0.069880541735524,0.0064510367664306,0.0213679701981547,0.0021408860127494,0.0006618584523858,0.0690514050910639,0.9976105352915432,-0.0170446022849535,-0.0030965190996618,10.534516304357023,-0.0187632116210876,-0.0501100581616773,-0.8258281510520562,7.7058445279174625,4.297081812385139,0.4781476032486543,1207.8993241150336,1094.5949376582007,1099.0018685339428,1200.180174261396,715.6043378132978,-498.6890202990241,527.3173819701036,-449.3846079909412,148.30240884081007
49.75,-1.304940749286487,-0.4654937447250864,-0.0958109552884833,-0.0746777836304735,0.0037692964321837,0.0187712692702133,0.0021139567359522,0.0006416423338304,0.0691122855821353,0.997606375677746,-0.0188355286775108,-0.00222486064747,10.537223963536858,-0.0187724850340177,-0.0501372594293933,-0.824044363799014,7.705816609413411,4.29695960815596,0.4760710808501149,1209.4572311012105,1093.6517010158059,1100.5005428804525,1199.3533681492163,582.340634062832,-286.00959406070245,677.8374790636261,-212.70996878898836,148.30179677342824
49.7525,-0.9267510570615942,-0.2387325497340564,0.0606183778139801,-0.077681876158723,0.0021105785890621,0.0172423753310541,0.0020861548438103,0.0006101192505583,0.0691767043219556,0.9976019719940032,-0.0202594112297875,-0.0011311846793144,10.540199698253248,-0.0188165131838491,-0.0501573349250536,-0.822226097088302,7.705789134637253,4.2968372589749055,0.4739973395431101,1210.811027285345,1093.1648896878985,1102.3910559292578,1199.116624417452,538.5600632688211,-113.72114900635644,873.104778444357,63.40512467078437,148.30123469034822
49.755,-0.4249353483194567,0.082770805027914,0.2732740341221854,-0.0782182252731903,0.0016797940558301,0.0182225482883474,0.0020560738615324,0.0005717466908649,0.0692434949851159,0.9975974055437664,-0.0213692959925721,0.0001520593654002,10.54340207910964,-0.0188867357282856,-0.0501672558365406,-0.8203735002095885,7.705762330959373,4.2967150995233725,0.4719283440758768,1212.150031417556,1093.0830952707738,1104.8660667726765,1199.6703937725704,436.7272259895838,37.28668709448268,903.2490235859694,347.7785215618991,148.30061339353932
49.7575,-0.0179110885787385,0.354388499580757,0.4148320880251901,-0.0768747963264089,0.0026527077351459,0.0211849503396429,0.0020215752677149,0.0005302286966333,0.0693108694524839,0.9975928033788052,-0.0222078801781082,0.0015694572305462,10.546791436977804,-0.0189749319653762,-0.0501628597599733,-0.8184891303770071,7.705735448211128,4.296593635500774,0.469865273560269,1212.994663415294,1093.351323123371,1106.90730104719,1200.8555170252623,271.09850360054327,153.0331474519271,767.0455523218305,606.538856405547,148.30013664397768
49.76,0.3426655409724744,0.5879794141506582,0.4737655187364618,-0.0749618473848799,0.0047958369357726,0.0246180462310665,0.0019785898733704,0.0004916934171648,0.0693754997861883,0.9975884028285088,-0.022877698167654,0.003022248643965,10.550333862372524,-0.01906777203358,-0.0501372213066388,-0.8165780672796888,7.705707233909403,4.296472765243864,0.4678100414034702,1213.5055239355574,1093.8482610080328,1108.701294534282,1202.7030880545951,132.1191201428298,249.46240669097247,687.1236558112864,915.1798982160336,148.29969847634652
49.7625,0.7167915996558429,0.7913304535646559,0.4432439850183138,-0.073001750655614,0.0080147351554721,0.0276391091481757,0.0019242461800531,0.0004643688063991,0.069433095202366,0.9975845057638608,-0.0235310967474735,0.0044339878029152,10.554004307551237,-0.0191479002239975,-0.0500855874028234,-0.8146472383174904,7.7056767565942526,4.296351767691756,0.4657644133195011,1213.6552590160084,1094.5986351568265,1110.342919326248,1205.4314165163448,-34.36906165264251,291.9820141988437,492.20332525376136,1031.4197009485447,148.2992126860352
49.765,0.989213111275818,0.8868962475693001,0.3557375007814178,-0.0717821476206099,0.0105939537757346,0.0289577377955884,0.0018592622542715,0.0004583133750106,0.0694777764792799,0.9975815155256422,-0.0243620777980226,0.0058010245424912,10.557788787835452,-0.0191948749603379,-0.0500091360418679,-0.812704555948532,7.705643896021603,4.2962297520086254,0.4637298245934026,1213.333678627294,1095.3081710790275,1111.1623111605522,1207.8601865593407,-232.96880626383697,298.037604682575,198.02035420629912,928.0851422210418,148.2988378634692
49.7675,1.228380607479748,0.907786340179513,0.2450391494926957,-0.0705800587702299,0.0130381992015092,0.0291465476078946,0.0017861996147286,0.0004770269480082,0.0695077426128426,0.9975795495234778,-0.0254324092903542,0.0071440781874341,10.561685783016264,-0.0191994663581028,-0.0499109309024382,-0.8107579923534363,7.705609433375603,4.296105740602044,0.4617066398312263,1212.4904149846905,1096.088823180238,1111.3330210972788,1210.0718422274458,-425.99122360798935,324.216532950884,-39.82789151298456,793.5326854921674,148.29849021408413
49.77,1.4320170299879018,0.8739910890574167,0.145568131722245,-0.0688029950454623,0.0154924653102846,0.0286172893881345,0.0017073379215304,0.0005194632424502,0.0695240893246373,0.9975785268519676,-0.0267168684180457,0.0084672135450787,10.56570642130308,-0.0191602410910815,-0.049792891564483,-0.8088148902055631,7.705573733498873,4.2959796322309085,0.45969409282617,1211.203722509253,1096.9292537437827,1110.9631717029872,1211.8278499868036,-608.4716421605278,349.81262888263996,-265.48298425846104,541.841370313655,148.2981621474698
49.7725,1.5618515277719456,0.7877227009057463,0.0849213513914104,-0.0656212997214615,0.0175869766222519,0.0276052231347699,0.0016256645301867,0.0005802392516206,0.0695308858323736,0.9975781599605318,-0.0281054606963762,0.009779981040433,10.569873213343781,-0.0190835012578645,-0.0496576656756144,-0.8068809364121882,7.705537297362387,4.2958521989145835,0.4576903933291839,1209.4480567738863,1097.837886324652,1110.0056061759858,1212.7810490790155,-837.7032315556222,409.6278934097514,-525.7347971765519,204.39825298586075,148.29785414247579
49.775,1.5762006048829296,0.6448982412433601,0.0670645822125089,-0.0600824753490838,0.0194475642215872,0.0265484349584642,0.0015401797645721,0.0006522286114026,0.0695328006719714,0.997578126937958,-0.0294639715144198,0.0110034077566664,10.574218117567188,-0.0189784503764092,-0.0495016869089652,-0.8049599774584799,7.705500396332867,4.295724582644888,0.4556937555348222,1207.0152063514788,1098.9773932108299,1108.3344977171068,1212.849841251732,-898.4400913901886,417.662479376636,-668.3825871720492,-143.79239117994905,148.29750316876977
49.7775,1.4323852392375602,0.5083263364531001,0.088785067789568,-0.0542982059420211,0.0205384949733514,0.0263742175729732,0.0014530754183008,0.0007271091385097,0.0695341486448999,0.9975781260857594,-0.0306336206960171,0.0121234970429046,10.578778797438707,-0.0188570954463512,-0.0493269661704504,-0.8030528338658622,7.705463676542803,4.2955971637233725,0.4537018060882072,1204.955856316933,1099.9261987215364,1106.6636932401238,1212.0620871231151,-765.6032712380869,366.9095513888293,-682.9769483173694,-443.2327037930015,148.29722297762342
49.78,1.1070752256688499,0.3677397645898076,0.1257780750411777,-0.0482670450879909,0.0213478916333653,0.0271090290315685,0.0013648563437322,0.0007988697271945,0.0695384450201831,0.9975779136303944,-0.0315106584360495,0.0130949867846458,10.583595281293205,-0.0187280555999484,-0.0491336718545946,-0.8011577507306564,7.7054268201053695,4.295469290409248,0.4517123867914644,1203.1871899952864,1100.8119409677747,1104.9196129755182,1210.6336777327658,-646.5026755260137,363.0536630665693,-733.9558379599875,-692.8776118424984,148.2969519988139
49.7825,0.5383165133907706,0.2054390648970357,0.1627454702568557,-0.0431542175716765,0.0221381563761467,0.0284714942153572,0.0012758761860461,0.000861509046832,0.0695484080501688,0.9975773033206444,-0.0319938305365855,0.0138718500129767,10.58870611848193,-0.0186004655971467,-0.0489223930087027,-0.7992703552543309,7.705389286575466,4.295340944423744,0.4497232314546042,1201.723342939306,1101.7414670368676,1102.9939140503272,1208.597699063906,-398.28085024034954,315.68853244354835,-645.9710917575982,-735.0194885138867,148.29663391558475
49.785,-0.0240262278900517,0.0818813928849855,0.1780419691077018,-0.0422352973674153,0.0225958249507713,0.0294219317771964,0.001188482579597,0.0009085562375712,0.0695640595282214,0.9975762952984074,-0.0319693606329711,0.0144534155205148,10.59414477266498,-0.0184848676082318,-0.0486976373719098,-0.7973839405436925,7.705350914703798,4.295213391882374,0.4477333617807681,1201.1957857440837,1102.3903836299935,1101.6897575167286,1206.9585802901945,-60.61875865276843,241.51243003276628,-431.36325818214334,-579.9598717734841,148.2963725311762
49.7875,-0.5852626356199477,-0.0213265362391835,0.177406053721991,-0.0447957468663092,0.0225800869231021,0.0298367003531254,0.0011045101253819,0.0009373262460377,0.0695841355176848,0.997574977029374,-0.0314027028999075,0.0148391357195377,10.599936999778066,-0.0183864111834762,-0.0484642103552882,-0.795490591524806,7.705312315815174,4.295087533811851,0.4457430786191761,1201.420249146042,1102.949029187032,1100.8370977594154,1205.6978997050371,248.91434737210048,249.50461770472384,-256.65618326980314,-429.1003291192093,148.29611275925419
49.79,-1.1658184090715589,-0.1119312379057446,0.1641348397010616,-0.0498982295173186,0.0219768918648357,0.0300657306784576,0.0010240169550048,0.0009484465713262,0.0696089364854877,0.9975733262208528,-0.0303287353489044,0.015002358937822,10.606099207788713,-0.018305862746299,-0.0482249039099628,-0.7935821113246674,7.705274361589059,4.2949636483398175,0.4437521724926314,1202.440357480943,1103.637906718516,1100.4064766003808,1204.8130786446004,467.58281555802296,278.87990911712507,-62.20455162571398,-220.58467765857668,148.295800890095
49.7925,-1.5329477126800395,-0.1556013503026056,0.1453814609741767,-0.0546936982231031,0.0212767870249824,0.0302499015136954,0.000946825384568,0.000942330591801,0.0696387958230758,0.9975713193696016,-0.0287737405148642,0.0149185797290522,10.612637740420768,-0.0182452063344184,-0.0479824035253548,-0.791650590623214,7.705237831526968,4.294841631928614,0.4417603781853176,1203.7581632238332,1104.3434287326183,1100.5260750012867,1204.5949763167437,578.5858574362233,332.2158135526598,129.18105518604293,-8.182053101968814,148.29553978701975
49.795,-1.7638323962307347,-0.1673665715529473,0.1184629785278073,-0.0594040080125284,0.0206191240812914,0.030476417491601,0.0008733538920625,0.0009214959733152,0.0696722281199224,0.997569057421716,-0.0268024805102644,0.0145870969342556,10.619549202508928,-0.0182037196098204,-0.0477407012176464,-0.7896892430096891,7.705203785040819,4.294721446356024,0.4397688932226461,1205.3332867681256,1105.29898578628,1101.0523818763113,1204.7721683790903,637.1653509829113,428.8384735930129,257.1440495526596,104.78288728927944,148.29527655179987
49.7975,-1.885920043950144,-0.1576674056408213,0.0828221170878623,-0.0639318878796817,0.0200505464995876,0.0307310730878346,0.0008015325628524,0.0008910222216097,0.0697075485371501,0.99756665514045,-0.0245321008771952,0.0139666117410456,10.62682220741716,-0.0181767965693439,-0.0475000241500383,-0.7876934878285141,7.705172757205098,4.294602834659813,0.4377800829413342,1206.9439899787449,1106.4876211005815,1101.8117952490488,1205.1188907531896,610.9995505662084,517.5721116742887,333.1673046942911,144.5348317463128,148.2950110880689
49.8,-1.8891303750657853,-0.1315394915775363,0.033696592599475,-0.0684758392540287,0.0195766892329349,0.0309522827555932,0.0007289888476057,0.0008579037025597,0.0697464031952687,0.9975639933612283,-0.022115342404351,0.013020331074211,10.634439422408608,-0.0181571640215368,-0.047259953478244,-0.7856612188002936,7.7051449963663154,4.294485025702694,0.4357974641377238,1208.3882845209582,1107.886846344653,1102.7182183997836,1205.4948425378225,547.0044125704519,623.4834845362905,407.13255825328,143.81590045561015,148.29474220134318
49.8025,-1.7730245772371567,-0.0963377759508312,-0.0436924260141457,-0.0734963126940184,0.0190966377422699,0.0310050503059259,0.0006525218827021,0.0008273246173185,0.0697918314806591,0.9975608583638212,-0.0196634156498136,0.0116988351510238,10.642380270687951,-0.0181400302435713,-0.0470182028076794,-0.7835928240961701,7.705120352908883,4.294367753064462,0.4338240622045478,1209.6790120415983,1109.6050385232645,1103.8474580403163,1205.837970255468,368.19379777354527,598.8258030397436,414.0730138418931,101.01718908795284,148.29441417724533
49.805,-1.5878896441731931,-0.0766774051874273,-0.1246632968354312,-0.0769984040321433,0.0188050025893559,0.0308452328394352,0.0005722886449546,0.0008000925854223,0.0698453871824466,0.997557141805663,-0.0171868158430197,0.0100245061942929,10.65062317888946,-0.0181267676965705,-0.0467769946597641,-0.781490328604171,7.705098565191555,4.294250866127733,0.4318611288438441,1210.2292535098243,1110.880975359849,1104.7885834689912,1205.9999284832616,83.14117653672223,438.00190329025435,384.1429711336186,43.3942998214894,148.29413500274913
49.8075,-1.3187107667064775,-0.0841613355457619,-0.223390838538316,-0.0802611665222748,0.0187782263347665,0.0305722719353889,0.0004872275987788,0.0007776518933511,0.0699059370639592,0.9975529237553266,-0.0147103889005579,0.008001098979753,10.6591483484201,-0.018115985465683,-0.04653650135309,-0.7793573035871804,7.705078331554652,4.29413434201678,0.4299082824692736,1210.0947179242823,1111.795048039717,1105.7681728959851,1206.0549417545756,-233.0679408850928,293.9367249488757,464.3008842932784,11.904809849005051,148.2938477790358
49.81,-0.900146576503966,-0.1434022602440719,-0.3611922018525214,-0.0840927232977916,0.0191544554310144,0.0300808579835397,0.0003892808453538,0.0007632588264652,0.0699709044344893,0.9975483869779348,-0.0123091628636256,0.0054914058561873,10.667940094275792,-0.018100909700017,-0.0462860159383813,-0.7771986932122361,7.705057515032977,4.294018322615327,0.4279645913644897,1209.0639138053982,1112.350658984594,1107.1100878904588,1206.0594525325068,-519.8311242215094,115.53657271275873,541.1964155286489,0.0079199811807556,148.293490984182
49.8125,-0.4754535680497882,-0.2431882830657576,-0.4882120066652726,-0.0866975605084229,0.0195384587089311,0.0294462187394531,0.0002756386851834,0.000760197374424,0.0700355241616045,0.997543864383834,-0.0100545970962293,0.0024737179340977,10.676987002324047,-0.0180733938918673,-0.046022847054338,-0.7750189320230574,7.705034294822186,4.293903127061091,0.4260288149914815,1207.4955623031772,1112.37273090328,1108.474154973626,1206.0549813544815,-751.167401227759,-59.14118676738248,615.9806061405252,1.2914806912261079,148.29318116727606
49.815,0.0112911052621399,-0.3936987075047875,-0.6178014333339141,-0.0883551338940692,0.0195634620319559,0.0284620230348921,0.000151719729588,0.0007652698872632,0.0700960277699821,0.9975396166813224,-0.0078731435568947,-0.0009052872104753,10.686282144308212,-0.0180347885077077,-0.0457558902184914,-0.7728209975119926,7.705007589796207,4.293788076285374,0.4241000690143875,1205.3080767992628,1112.0549530507571,1110.1899909211584,1206.0659099359627,-1052.368192648244,-178.4272335725742,837.9192689992839,3.887686230971497,148.29285516449448
49.8175,0.6258369225755265,-0.6140757016237188,-0.7571098417041981,-0.0891861870993308,0.0187580520855423,0.0268316966527572,1.968966026193152e-05,0.0007771274517345,0.0701478694200652,0.9975359599244028,-0.0057422788365022,-0.0045635729870432,10.695823901471359,-0.0179820250592021,-0.0454886776059147,-0.7706074327839255,7.7049763139998975,4.293672451620259,0.4221774859110757,1202.2337213399333,1111.4805947354168,1112.6637513186247,1206.0744197856363,-1147.241317885532,-216.9154698763377,958.0648447450232,-6.717484859015005,148.29244122185096
49.82,1.1147861215974129,-0.8078253916629348,-0.841288324382288,-0.0885311869331729,0.0171481910604552,0.0250515776439316,-0.0001226379981748,0.0007967492926189,0.0701900357419177,0.9975329640279909,-0.0037033706468927,-0.0085082605160918,10.70561519203972,-0.0179078258236315,-0.0452176235283223,-0.7683802883358914,7.704940141699597,4.293555908108634,0.4202600009815154,1199.5718702098322,1110.9703757013751,1114.980315144886,1206.0323225116679,-1006.6021372141282,-193.63514290125167,935.9268354332797,-40.02165717492064,148.29207469247456
49.8225,1.4982877477173588,-0.9798133312494256,-0.8671060949281117,-0.0856489774195819,0.0144524472711875,0.0226499612599798,-0.0002769308636272,0.0008285198139836,0.0702242699299173,0.9975305040331582,-0.0018779989126756,-0.0127314971948248,10.715661943090023,-0.0178002972246551,-0.0449397484008115,-0.76614067618678,7.704899973697309,4.293437818131465,0.41834706862949,1197.2007106538672,1110.5124190209115,1117.3433854957868,1205.874311499762,-839.4473106882541,-173.889111330802,910.1338104938696,-89.06838359348502,148.29168346048652
49.825,1.7223523262337397,-1.1122912069744304,-0.826834156795939,-0.0804655795521216,0.0110587735417622,0.0198302987972869,-0.0004360825056682,0.0008702902355639,0.0702521742755748,0.9975284691297842,-0.0002428199691184,-0.0170496300136,10.725970884690026,-0.0176594632207962,-0.044664402132266,-0.7638878145829872,7.704858490292427,4.293318095125102,0.4164398334269883,1195.3746336563888,1110.1009301447207,1119.5309841973578,1205.5869805937002,-538.4092185933215,-163.5927157308815,782.5020387642414,-144.80710777272043,148.29127068056107
49.8275,1.675776149342331,-1.1821944420849977,-0.6942263666326093,-0.0725157156085362,0.0073537924946832,0.0168371450262655,-0.0005913005822998,0.00091514653617,0.0702751586206009,0.99752676928487,0.0013238831615691,-0.0212523667815826,10.736548304424929,-0.017494102938431,-0.0444026911296859,-0.7616198179277432,7.704817886711131,4.293197158264686,0.414539126797902,1194.5086645608992,1109.6944554422566,1121.25589568961,1205.150275960898,-117.5886061968118,-195.853505797182,609.037711363143,-209.49257319626625,148.29083143207453
49.83,1.2602411133308504,-1.19290383103036,-0.4318032852130073,-0.0611697503755971,0.0028761191802874,0.0136080253414891,-0.0007318088511758,0.0009534591992727,0.070294965688193,0.9975252951501844,0.0030010751056439,-0.0250937798502286,10.747398357956143,-0.0173187194187857,-0.0441683148146005,-0.7593336924529974,7.704779542560938,4.293075720063536,0.4126445655536075,1194.7866906254053,1109.1216626157357,1122.5761727541708,1204.5395177277198,316.2094006254593,-235.0298680361609,353.9657045995235,-215.28701649388395,148.29027413026083
49.8325,0.6492857297632748,-1.1533210168306691,-0.14733574879185,-0.0531862517926406,-0.0004987041063628,0.0119547624693901,-0.0008534393994644,0.000982112693807,0.0703143221516116,0.9975238575670082,0.0048164012237882,-0.0284629895411408,10.758521972688804,-0.0171385137785951,-0.0439656782606734,-0.7570263060171624,7.704743450646947,4.292954422927181,0.4107550192289568,1196.0897115640273,1108.5193061020752,1123.0257242126083,1204.073840878428,694.8017091750527,-271.76288280338406,73.6405544315481,-141.43509624097572,148.28978556952202
49.835,-0.0983436262198739,-1.0904509887421447,0.1623925041453848,-0.0508936342260676,-0.0028810173258002,0.0122097474813968,-0.0009556106963667,0.0010018715468546,0.0703355489216817,0.9975222921616886,0.0067088844615668,-0.0313239759542215,10.769915092727548,-0.0169534304263329,-0.043794439592426,-0.7546940593624685,7.704708804157748,4.292833882934027,0.4088688972806644,1198.2606991712823,1107.762848201718,1122.9443755263287,1203.8323422465144,1061.689264960352,-362.17690804338616,-91.2480148363022,-11.895860710648682,148.28927405043135
49.8375,-0.917508508912838,-1.0221716860300396,0.5059707564947588,-0.0559622402585885,-0.0043810714751712,0.01432272241336,-0.0010396346556041,0.0010143387097812,0.0703591526232429,0.9975205621643124,0.0085987372340297,-0.0336840773027034,10.781567393883604,-0.0167626318609848,-0.0436518290371892,-0.7523328783261093,7.704675138406288,4.2927151442214,0.4069855099239471,1201.3981578888242,1106.70842156186,1122.5694841384275,1204.0143615748748,1163.0796545160551,-399.8606297911238,-127.5004314335804,169.50760151931232,148.28863716498043
49.84,-1.372575796648681,-0.9850870431972844,0.7354095944748166,-0.0640495520296831,-0.0051384086429518,0.0167680525862271,-0.00110471522789,0.001018845157233,0.0703843966780547,0.997518724233072,0.0104624713933656,-0.0355127628057888,10.793461517224044,-0.0165694837056151,-0.043538167738312,-0.7499381867387657,7.70464235370601,4.292598603629052,0.4051044697458307,1204.0760974438656,1105.7635450527614,1122.3068733691605,1204.6798802541116,1006.5611376252796,-372.8988686502728,-41.32359900320512,385.7377635548646,148.28809027198272
49.8425,-1.468446463018915,-0.9607448833251648,0.8823818478137854,-0.0724253969184831,-0.0065972505194403,0.0193842015854309,-0.0011488725102111,0.0010141885260628,0.0704098717764007,0.9975168855236576,0.012296195811167,-0.036758648204182,10.805573211755952,-0.0163787333556082,-0.0434553464028017,-0.7475055506501938,7.704610426604503,4.2924833476247555,0.403226539440961,1206.4309635769532,1104.8439272186076,1122.362866143411,1205.94305039265,905.6121961242803,-372.6896189256629,121.98507797126877,682.3278843767932,148.28753073821105
49.845,-1.1343787344366068,-0.9113742733382924,0.953732970919738,-0.0811911904243,-0.0098874376492552,0.022628492403876,-0.0011724000050923,0.0009989621500839,0.0704355224682195,0.9975150558020244,0.0141048867387879,-0.0374235401469032,10.817871934114969,-0.0161957209187667,-0.0434013963805286,-0.7450314860793965,7.704579417574382,4.2923682494865965,0.4013528722913549,1208.6041584244829,1103.9000969581348,1122.9167987590163,1208.0915196759925,673.81925835327,-299.452018544645,271.25426561951593,865.1913318734508,148.28685005089204
49.8475,-0.5209185441986197,-0.825589191578298,0.9268144318021116,-0.0869564585171335,-0.0136663694374776,0.02540399891114,-0.0011810026105,0.0009754234639109,0.0704615123458743,0.9975132187468724,0.015815126788007,-0.0376243198039991,10.830322229047432,-0.0160201292501641,-0.0433662534388083,-0.7425142019640291,7.704550100252435,4.292252709260676,0.3994849044716606,1209.8000598687213,1103.3466671258836,1123.7191374715096,1210.2690070520196,360.27777794088007,-150.90347844390192,347.2391784411726,896.9831358925561,148.2862794061244
49.85,0.3284044063014243,-0.6787922738052607,0.820087145149064,-0.0899441229562695,-0.017314534597034,0.0280552674840579,-0.0011813797769286,0.0009467938124265,0.0704877052984812,0.9975113769640503,0.0173404215919532,-0.0375017648079734,10.842885112855608,-0.0158503587506556,-0.0433382058942079,-0.7399533025156013,7.704523302610563,4.292135590729494,0.3976251370830258,1210.405547314188,1103.1455795659149,1124.652994651223,1212.5764353554575,164.72123580262152,-8.935962709946521,351.8925055846938,893.6261758608393,148.28571080674055
49.8525,1.2482521378144595,-0.4926419650245074,0.6613447991855612,-0.0890117695162983,-0.0198621646410102,0.0302789208658041,-0.0011805933199569,0.0009126785475895,0.0705148192160934,0.9975094742854166,0.0186814225403375,-0.0372135568812182,10.855519445344903,-0.0156902480059562,-0.0433045572825228,-0.7373495102295012,7.704499430890669,4.292015752030536,0.3957752146176075,1210.6236660477336,1103.301987312334,1125.4785999994315,1214.7371379313197,25.597979663539807,157.78892697463675,257.2539938004459,766.0960875337142,148.28514839033065
49.855,2.07531151421287,-0.2950185939502117,0.4645488873172594,-0.0819667019581867,-0.0204883793850305,0.031716403912252,-0.001185647381677,0.0008771396072404,0.0705448885985465,0.997507355737552,0.0197516890140449,-0.0369121401447299,10.868184355819174,-0.0155369605600423,-0.0432534700720944,-0.7347044722838044,7.704478079366447,4.291893483989754,0.3939340678748013,1210.533537212506,1103.9345242007885,1125.939264620226,1216.406915793128,-70.85577681938061,388.5653047890459,83.95254825022928,555.4158079477362,148.2845992611854
49.8575,2.7569320285395214,-0.0974424359080392,0.221163778190289,-0.0684985296920979,-0.0194364551300024,0.0326071093270761,-0.0011995716638515,0.0008403103820159,0.0705788271027099,0.9975049534885672,0.02056434492592,-0.0366711918750292,10.880840204879089,-0.0153932669773559,-0.0431793389978966,-0.7320197982356171,7.704458728465901,4.291769949579615,0.3921005824058851,1210.2693871636363,1105.24481383628,1125.8983627406828,1217.5142169710596,-100.2133562025394,563.6070619237794,-114.19991780054644,230.00651102482152,148.28396368895537
49.86,2.9769789346672706,0.0071961199702118,0.0394245572803577,-0.0560899211508643,-0.0178560294482001,0.0325914427286287,-0.0012186288734765,0.0008001799411753,0.0706159243935644,0.9975023239560826,0.0211969214131137,-0.0364204183237634,10.893450157721768,-0.0152648578272328,-0.0430872943765014,-0.7292966151100552,7.704440783374362,4.2916465599896485,0.3902735864696303,1210.0324704314935,1106.7525595104048,1125.3682650312237,1217.5569483482511,-84.40320351956188,670.6344152312547,-288.33026947889977,-163.9766643053988,148.28345958520623
49.8625,2.822225288944189,0.0427473572976878,-0.0917225684264078,-0.045163209645538,-0.0166314577911374,0.0316731528447856,-0.001239409806992,0.0007579322973309,0.070656034265645,0.9974994817077304,0.0216630983915837,-0.0360898008588026,10.905981866536065,-0.0151518352522462,-0.0429833529729038,-0.7265362600632431,7.704423158269479,4.291524917918821,0.3884529308632634,1209.8473711460383,1108.597985912438,1124.4567113932876,1216.6943336495324,-70.21862869420193,862.8772316935871,-437.6980009049056,-546.7927216916381,148.28298928399067
49.865,2.2881264006841846,0.0273751949980415,-0.1698097484418008,-0.0357109930591856,-0.0164738159111997,0.0301749694633814,-0.0012616502030402,0.000721592162016,0.0706967830857899,0.9974965897584336,0.0218267405145858,-0.0356638153690096,10.918408833862417,-0.0150429356749229,-0.0428707191977822,-0.7237406606598382,7.704404571352151,4.291405727534793,0.3866384065017621,1209.6813772880223,1111.0669456688747,1123.179775026698,1214.8229847397915,-59.15753007862728,927.598203520554,-458.3062547356424,-777.237613757986,148.28247252117035
49.8675,1.6549929481198256,-0.0095859911273199,-0.1660591378122445,-0.0313984817339803,-0.0171629108384695,0.02906331460771,-0.0012869910143502,0.000699441733816,0.0707351996012713,0.9974938517738386,0.0215446786077904,-0.0351641101008907,10.93071060254566,-0.0149255404427363,-0.0427506313398066,-0.7209121489345045,7.704384248378527,4.291289400764067,0.3848310700694728,1209.5515834956457,1113.2359769300367,1122.1651801196115,1212.808145580746,-60.486036348234826,868.5821667898483,-354.4742536209475,-838.3646710016167,148.28208780722747
49.87,0.958725060338246,-0.0486097014290234,-0.1012342515106413,-0.0303450291347536,-0.017988680973897,0.0282324397744742,-0.0013135008722964,0.0006925521708279,0.0707660133174799,0.9974916429066552,0.0208363764433407,-0.0345409961313951,10.942872580577578,-0.0147970028302306,-0.0426291558260886,-0.7180528359651748,7.704361910522638,4.291175997255829,0.383032327409467,1209.3789471062812,1115.4098565028264,1121.4074037585924,1210.6311613847813,-91.27868818118137,934.7428214355424,-244.31771096170684,-936.5988555004817,148.2817582730466
49.8725,0.177303863549744,-0.0864800315509721,0.0222707676275477,-0.0316868504751848,-0.0186822578815781,0.0277479740959158,-0.0013406844961022,0.0006961944616549,0.0707885931772831,0.9974900099372764,0.0198447737817286,-0.0337810469047381,10.954886427873117,-0.0146628025878538,-0.0425094378025466,-0.715164983392911,7.704337605771973,4.291065071420372,0.3812417534066525,1209.0951900547395,1117.9096910372168,1120.9435915648023,1208.1251513032412,-112.615427693902,883.7975852421857,-89.80935539706462,-873.9889287854329,148.28143540744642
49.875,-0.3676636740071954,-0.1105689920478614,0.1393796346987183,-0.0340550557656736,-0.0189072955375096,0.028052972909412,-0.0013728112781067,0.000706911363111,0.0708043702935312,0.9974888453777966,0.0186756497486161,-0.0329692881227854,10.966750696889251,-0.0145260700332149,-0.0423874041559213,-0.7122512949260995,7.704311261381539,4.290955907676324,0.3794585920101151,1208.8158699678122,1119.828844429033,1120.9583569816075,1206.261216740858,-103.815498728867,718.6344401995652,76.8541715099917,-683.7415701473071,148.28123328285037
49.8775,-0.7686803091895519,-0.1303164928650578,0.2413602418432769,-0.03698692736375,-0.0188290170037897,0.0293001817599317,-0.0014084125804399,0.0007178408216667,0.070814713972258,0.997488056489654,0.0175150048678165,-0.032067605204843,10.978470073238483,-0.0143954217744432,-0.0422660220312716,-0.7093137925720703,7.70428364265783,4.290848145777396,0.3776834604833462,1208.5761125610957,1121.5028632382111,1121.327862422352,1204.7064434525075,-68.92369926741705,619.307098692481,185.32056580201763,-566.0906678589814,148.2811082809678
49.88,-1.0490504771400364,-0.1469528870894402,0.3137734829538431,-0.0401713757386751,-0.018662835851944,0.0310855587794846,-0.0014422535663197,0.0007199350128482,0.0708211026347414,0.9974875496436914,0.0165988257070524,-0.0309566652572631,10.990054808726098,-0.0142831995908907,-0.0421522284924902,-0.7063539429986586,7.70425596644992,4.290741247303512,0.3759166900723704,1208.4712514714747,1122.9253799224973,1121.884959810618,1203.4307634015615,19.013461027715767,497.5516114441872,234.63856369018504,-436.4163034176313,148.2810526308313
49.8825,-1.2020236629426544,-0.1539820726711285,0.3443081646515432,-0.0436634972747441,-0.0187129827432838,0.0327317789486965,-0.0014749538750679,0.0007046292471971,0.0708257111457002,0.9974871735761895,0.0161391071227652,-0.029643990421411,11.001520001698312,-0.0142008563401592,-0.0420434272062887,-0.7033734305088399,7.704229828482519,4.290633867735652,0.3741577465331706,1208.6711798662343,1123.9906212954336,1122.5010552408035,1202.5243619354185,188.312201703355,372.40619059427667,242.82486299275007,-296.5022626201485,148.28108645799554
49.885,-1.2787907753734216,-0.1361073260121505,0.3433080357051894,-0.047628927418625,-0.0192280725858309,0.0334644929133191,-0.0015093803887164,0.0006646448344643,0.0708305340854836,0.9974867877968892,0.0163111093063627,-0.0281855186184614,11.012884387285094,-0.0141580643872502,-0.0419328407308442,-0.7003737532473076,7.704206636246573,4.290524110279089,0.3724064360162173,1209.4128124799909,1124.787410875467,1123.0990841255807,1201.9482520884624,365.3505666291444,202.75640161765836,172.65729182895743,-108.04707140013237,148.2812371404714
49.8875,-1.2911757038113618,-0.0865958784024475,0.3234314549451335,-0.050082047697284,-0.0198717694934922,0.0331189830710778,-0.0015477232815775,0.0005959442718749,0.0708398980867422,0.9974860856033672,0.0172142983507265,-0.0266200897895685,11.024168971175898,-0.014160276595666,-0.0418140579443948,-0.6973559541502174,7.704187293886829,4.290410712828614,0.370663132915176,1210.4979326993807,1125.0044033035224,1123.3643416999487,1201.9841265784175,523.7197420290662,-12.886154667324035,44.788809700798815,142.3830031273791,148.28145864474908
49.89,-1.292190882532976,0.0101880732724592,0.2871662111861176,-0.0517018883504459,-0.02052540353021,0.0330883698797877,-0.0015929380364025,0.0005067265186366,0.0708589298617981,0.9974846907633356,0.0186710890032227,-0.0249879638446705,11.035396181524186,-0.0141956945385956,-0.0416804693323706,-0.694320890714967,7.7041706764117475,4.290294312665162,0.3689277901583989,1212.0314111901375,1124.7229801021304,1123.3230281740848,1202.6601671040996,747.3137808276055,-236.18682282820933,-83.33535800714647,456.08699092691137,148.28178395520544
49.8925,-1.3073658278866436,0.1842475263561759,0.2091007512213193,-0.0537624098752836,-0.0210945570932753,0.0342590091453017,-0.0016506827686319,0.0004086651891488,0.0708900755344745,0.9974824109861457,0.020414751827149,-0.0233875734719522,11.046587710823783,-0.0142468612356329,-0.041522406730211,-0.6912691569373027,7.704155278540609,4.290176654836628,0.3671994599704384,1214.2345016035156,1123.8234691893824,1122.947664909913,1204.26456153305,835.4005384517042,-410.57675818162267,-176.2192138876352,711.6881228539564,148.28229826051188
49.895,-1.3313850484124095,0.3710493748184046,0.1013018499273299,-0.056202381490107,-0.0211637976658622,0.0360220070119729,-0.0017228000222985,0.0003079635771864,0.0709308069440521,0.9974794163640672,0.0222957557977323,-0.0218460713931061,11.057762085610582,-0.014303274093561,-0.0413357552322754,-0.6882003435991169,7.704139893117742,4.290059096083969,0.3654784915494831,1216.208413882398,1122.6700963112212,1122.441932104646,1206.2186077183712,775.030836207101,-515.7846977873395,-216.46666957788352,876.0523732827162,148.2828323379673
49.8975,-1.3494856276085212,0.5817370501563559,-0.052779945267988,-0.0595251402910218,-0.0204496374952323,0.0376904161632355,-0.0018087360301519,0.0002114394008328,0.0709792556862189,0.9974758354694548,0.0241455682856095,-0.020341241940632,11.068933593770167,-0.01435318420257,-0.0411204857507175,-0.6851133500249003,7.704123938638879,4.28994228521106,0.3637655783230914,1218.109655784553,1121.2445457004444,1121.8653315620231,1208.6448233994658,774.5053750483061,-642.7775438633878,-240.87324282221823,1112.3096637429283,148.28347787770332
49.9,-1.337707458697546,0.8276595111931931,-0.2622722606202596,-0.0641426616836679,-0.0184048564750635,0.0379106140779166,-0.0019120798734043,0.0001324974556836,0.0710360622627116,0.9974716093920132,0.0256341991686155,-0.0189362884388458,11.080111636679044,-0.014375072103661,-0.0408721895116603,-0.6820070667217834,7.704106667400526,4.28982629555207,0.3620612375848125,1220.080940757636,1119.4562085919072,1121.237565890536,1211.7801560370808,646.3889093184083,-630.9662857900959,-204.1703882032245,1129.4526003470899,148.28438332924105
49.9025,-1.2860028343122032,0.9987583991415344,-0.4208928161892835,-0.068129747128801,-0.0156464418497904,0.0361280985146223,-0.0020351299695874,8.215510887490691e-05,0.0711001353150932,0.99746680638424,0.0264764441381339,-0.0176732902316726,11.091298570626932,-0.0143503543609305,-0.0405887176946161,-0.6788796328996042,7.704086518147801,4.289711099859964,0.3603648303759036,1221.3416003311468,1118.0897142714923,1120.8444796210067,1214.292086401204,408.5943859260808,-480.3806683999299,-122.56156934011511,912.1211662453214,148.28524831878943
49.905,-1.1867222940266529,1.106577625169323,-0.5230298201551928,-0.0717743188112175,-0.0119495370355171,0.0333604277105447,-0.0021745922953964,6.289267476584519e-05,0.0711710563080947,0.9974614573343464,0.026575949021072,-0.0164873447548432,11.102487886374698,-0.0142725589189037,-0.0402751540401551,-0.6757278905651847,7.704062689278919,4.289597114137393,0.3586746041286842,1222.1239126872676,1117.0543052499063,1120.6247580438353,1216.3407618683095,231.49351779232484,-337.50403710431556,-61.28681316141528,693.97186200776,148.28622973144638
49.9075,-1.0548851999700328,1.1515960885128032,-0.5643293523023618,-0.074757491056209,-0.0079921739400261,0.0307913719109088,-0.0023245914454049,7.556830685785223e-05,0.0712461935662257,0.9974557585306536,0.0258691686043413,-0.015261223825784,11.113664330925808,-0.0141377407257234,-0.0399401777620184,-0.6725479273568394,7.704035386638253,4.289484822247945,0.3569896272325551,1222.499067920107,1116.4021940859723,1120.5380455552,1217.7619457112398,59.87175605465956,-156.59641825942515,-11.761821035718988,374.96810924489097,148.2873090635288
49.91,-0.8996695437742773,1.126663001469498,-0.5370842876638632,-0.0769171469844901,-0.0046233042116988,0.0289200111655764,-0.0024754557073578,0.0001157054455566,0.0713241245158817,0.9974498304234828,0.0244119885758774,-0.0138041726056624,11.124803444387952,-0.0139503265304293,-0.0395969077182838,-0.6693352251966382,7.704005674293942,4.289374139394722,0.3553098275531659,1222.423271467541,1116.2713231586088,1120.5659489386567,1218.2156024145352,-117.92579727137642,59.52234717657713,24.70109106892424,-44.18518440309085,148.2885081837536
49.9125,-0.7076654685430076,1.041213704208688,-0.4482712714069622,-0.0786044262202875,-0.0017495872532055,0.0274855222360538,-0.0026200792563886,0.000176213827762,0.0714042524586011,0.9974437319212892,0.0223121934452451,-0.0119884651822255,11.135872652276111,-0.0137191339529866,-0.0392543499803452,-0.666085674013355,7.703974777268273,4.289264571377095,0.353635283820941,1221.90943893375,1116.6998058218553,1120.6615510105444,1217.5410197892243,-240.6913551082568,241.92027369858073,37.443137883326415,-434.69954166410815,148.29008787693397
49.915,-0.5536818267371808,0.9453639495065131,-0.348407751847258,-0.0795363120596038,-0.0001847993278213,0.0269302052009039,-0.0027561154302047,0.000248056204962,0.0714869858465644,0.997437441888477,0.0197142281738586,-0.0097975005823839,11.14683264472635,-0.0134565055989646,-0.038914456165578,-0.6627961997702032,7.703944113908366,4.289155333525237,0.3519664919025686,1221.219814692001,1117.4809245271003,1120.7531646280731,1216.0421047062166,-307.01426079479216,379.7420405215565,35.882987859967955,-739.1086686038618,148.2915232640618
49.9175,-0.4096211402288237,0.8411526320964746,-0.2432266017620421,-0.0803377920353066,0.0009590011242425,0.0268850181026255,-0.0028831757687043,0.0003206986352051,0.0715706193290744,0.9974310891490226,0.0167964773326516,-0.007263113159484,11.157639045451024,-0.0131777754142302,-0.0385760316283015,-0.6594649483625221,7.703915068784673,4.28904606290107,0.3503045316293924,1220.3743676297754,1118.598516024464,1120.8409659498443,1213.845476446203,-381.8622938943328,545.7943332855784,43.28393856965309,-1030.5420907591908,148.29308417507403
49.92,-0.2429868293897041,0.7076277171205803,-0.1246848974523316,-0.0815051348303075,0.0024010537952986,0.0269820718409593,-0.0030006377605884,0.0003887530608528,0.0716513507833551,0.9974249535343704,0.0136298346522672,-0.0044065199168577,11.168244869555844,-0.0128926529932062,-0.0382383457025835,-0.656091543809225,7.703888853912563,4.2889366167781375,0.3486509670399497,1219.3105032225283,1120.2098961935299,1120.9695843209215,1210.889394252418,-379.97644514223794,620.2727117346242,59.78631660105729,-1057.5019097562813,148.29510456424111
49.9225,-0.1046058417184032,0.5787197319475257,-0.0341104065033464,-0.0825203629943403,0.0039479173518007,0.0269647313826812,-0.0031095496328027,0.0004540334787218,0.0717246922642722,0.99741935527933,0.0101311380581056,-0.0012776444545408,11.178602809637027,-0.012602391846343,-0.0378989182574627,-0.6526773793150688,7.703866023586502,4.288826808925593,0.3470071151882366,1218.474485404066,1121.6998795831344,1121.1398975328495,1208.5579668974265,-302.6771564708995,607.5323509187531,92.7436457578986,-818.1224369487969,148.29691226495072
49.925,0.0322154088349368,0.413501652274742,0.0516995392812844,-0.0832318798340234,0.0058762927459702,0.0269576151159385,-0.0032092616521588,0.0005134242138957,0.0717884472513991,0.997414456912222,0.0063413685170831,0.0021002982851824,11.188666287996805,-0.0123159090770013,-0.037556902666834,-0.6492250161245408,7.703846992297269,4.288716765029248,0.3453739998977204,1217.7971174401728,1123.2475579481252,1121.4333025497112,1206.798782067672,-240.10036063974889,666.8512988407881,165.24206662625787,-572.0393375549321,148.298849862991
49.9275,0.1804898663929992,0.1603856624137622,0.1551884868119383,-0.0834051157405505,0.0080562234514075,0.0272427606434144,-0.0032994673390133,0.0005616655565972,0.0718432564184722,0.9974102184228179,0.0023626919424681,0.0056899913715537,11.198391856923111,-0.0120454143268228,-0.0372108675629227,-0.6457381544693737,7.703831347670121,4.2886065445763215,0.3437525647287721,1217.2739836008664,1125.03413607734,1121.9661078659813,1205.6977702096503,-135.07782568079625,618.0175933987975,223.96930515026176,-215.1473553874122,148.30132596158643
49.93,0.2730543371001059,-0.0923319838300309,0.2459963286628077,-0.0825404599194615,0.009078063011245,0.0276197410473491,-0.0033802915567107,0.0005963809848084,0.0718917405685717,0.9974064550809684,-0.0017526822971242,0.009446597918655,11.207741096902856,-0.0117993652524281,-0.0368593953703168,-0.642221333187011,7.703817662780179,4.288496446107485,0.3421439799883574,1217.1217283117696,1126.3376459151164,1122.5531490754615,1205.7230452907359,-6.601525651464078,449.30215066833375,254.1486569301533,189.38576661657268,148.30351543207945
49.9325,0.3116990350312471,-0.3667486629600087,0.3456463516152868,-0.0805494626842568,0.0085807019922766,0.0279706008344053,-0.0034546113611384,0.0006195937682291,0.0719367628981557,0.9974029520406216,-0.0060401173778626,0.0132689630835108,11.216681847341132,-0.0115799616089864,-0.0364984790452861,-0.6386795803812161,7.703804660102227,4.288387148239585,0.3405481953500134,1217.2409759726092,1127.2806468306828,1123.2368511506327,1206.6446990427337,77.22380574319372,294.52783770733214,277.9842414597566,477.20128062886175,148.30583560230977
49.935,0.2988430402156449,-0.6361987628706977,0.4530151351477711,-0.07835557206314,0.0069174636860237,0.0283817197732284,-0.0035242587743158,0.0006301557457729,0.0719804249502712,0.9973995543506948,-0.0104475491136287,0.0170728968094741,11.22518808612136,-0.0113930199971915,-0.0361258120223133,-0.6351173869599746,7.703791778237645,4.28827994719303,0.3389637184165107,1217.5078473404856,1127.8102851036535,1123.943070282761,1208.1090516938812,113.5978437527352,94.34945286979597,274.8328141700084,644.7249682451863,148.30826372662582
49.9375,0.2361678376266566,-0.8748959889475174,0.5634301624502607,-0.0768238837087392,0.0045156913117289,0.0291020228470805,-0.0035916108892598,0.0006265798909881,0.0720234871307237,0.997396202338278,-0.0149020594637887,0.02076082328627,11.233240191878844,-0.0112440679220223,-0.0357389269580174,-0.6315384076671721,7.7037791865380445,4.2881758085134365,0.3373883816894457,1217.8089651913724,1127.7523940950311,1124.6110152214815,1209.8683238839567,101.63702048844392,-165.3846659579043,275.8878984211841,740.7727023601097,148.31082110585595
49.94,0.1415605501656878,-1.104365379810502,0.6813545357783385,-0.0759189083598019,0.0013571234477194,0.0305314541745718,-0.0036561783664551,0.0006078387678534,0.0720680987126327,0.9973927460777708,-0.019322964833623,0.024300001961844,11.240824107846608,-0.0111378211387111,-0.0353392457521852,-0.6279450183303947,7.703767415358803,4.288074532698538,0.3358206529400782,1218.0160324429276,1126.9833617738648,1125.3225097748657,1211.8129152056783,28.35618239272121,-386.7558503815257,247.418726574834,620.8213804029135,148.3140376708746
49.9425,0.0828572476008868,-1.2383464625378746,0.7486436773974943,-0.0759075839452569,-0.0015047594309392,0.0323430759876026,-0.0037176833917194,0.0005740993951872,0.072116188140954,0.9973890504315313,-0.02364522146164,0.0276555005238993,11.247930808432308,-0.0110767849916796,-0.0349279570755493,-0.6243386137159926,7.703756909191575,4.2879749497144,0.3342607681561597,1217.950746103336,1125.8186148431228,1125.8481088543563,1212.9724307859728,-86.75129391094852,-546.2013476852396,208.0504638908978,320.14463279280784,148.31683958976168
49.945,0.0885495103818723,-1.3041820431009679,0.7598599020555459,-0.0768100119325415,-0.0048058736624165,0.0349034305501182,-0.0037765143759362,0.0005277014339625,0.0721656956656144,0.997385263789428,-0.0278450355944688,0.0307820427076267,11.25455539095545,-0.0110596203036148,-0.0345054457330459,-0.6207198276363727,7.703747362850113,4.287875947471417,0.3327088680289816,1217.5822759733724,1124.2523550354374,1126.3627620943207,1213.4136383696434,-223.64624626127227,-739.1651513195839,245.36331905141685,21.51939984457524,148.31976513602908
49.9475,0.2057560020875384,-1.2980510688452762,0.690092640243536,-0.0783887345590708,-0.0092371909557518,0.0385384961308594,-0.003834291180934,0.0004720711480836,0.0722166027527662,0.9973813808845202,-0.0319176754145148,0.0336097529908297,11.26069623008704,-0.0110828227850229,-0.0340703591731406,-0.6170887321572114,7.703738162143868,4.28777671877313,0.3311645414691899,1216.8325148720307,1122.1227890865282,1127.0749254496122,1213.0800277851956,-308.4535698920504,-790.8115677149501,291.2874847205204,-237.89464752123075,148.3234152832717
49.95,0.4021838233440821,-1.2233052643020867,0.5636508854846827,-0.0792709945063871,-0.0128562484474311,0.0413707311384957,-0.0038872590196414,0.0004144430898372,0.0722678086375943,0.9973774906822104,-0.0359310320763239,0.036197504412686,11.266353265491396,-0.011137725832008,-0.0336281581021905,-0.6134446457657587,7.703727852056517,4.287677640051688,0.3296265474481699,1216.0400081239115,1120.2982971968606,1127.819199517924,1212.2241651320367,-325.93671991723267,-707.6243915657433,335.8012415177301,-398.95763029851474,148.3265703952353
49.9525,0.682173151022855,-1.0877552959175136,0.3895010907572604,-0.0789278693004471,-0.0158905076874655,0.0432782079793594,-0.0039307158925508,0.0003576213846196,0.0723187509706893,0.9973736478999315,-0.0398499273661679,0.0386207582625196,11.271528216755849,-0.0112204543544775,-0.0331848971476142,-0.6097866465459463,7.7037157515557535,4.287578823285369,0.3280949623793534,1215.2028312724435,1118.5846671286977,1128.7539316572015,1211.085239633702,-356.0019806401724,-701.3442168387895,443.75025318035455,-478.10018728953594,148.32983914254808
49.955,1.0661782114650507,-0.8774098751693868,0.1743618651912061,-0.0765634704119634,-0.0187695183889999,0.0442361653875156,-0.0039636412292026,0.0003014292320275,0.0723692841989754,0.9973698642821892,-0.0435785063956519,0.0408704164495088,11.276225156241525,-0.0113298012575033,-0.0327418297942716,-0.6061143122274965,7.703701917004953,4.287480236454785,0.3265706617772961,1214.2599982207123,1116.7915761126699,1130.0379507838238,1209.8336641955912,-329.940449754044,-601.2077059449547,477.67576042522813,-382.6564934540645,148.33388772683617
49.9575,1.3832379833454207,-0.6813096630063441,0.0321484447657939,-0.0730553776780583,-0.020477936909152,0.04404080232651,-0.0039854046475643,0.0002436416110966,0.0724203007355451,0.9973660764217585,-0.0469779425295452,0.0429289501704773,11.280450243594442,-0.0114665847533155,-0.0322996579845113,-0.6024278500915345,7.703686795359418,4.287381669360144,0.3250544980222148,1213.5531290236727,1115.5786285989711,1131.142310459329,1209.1719571664307,-274.15072176636005,-419.3485010442729,417.81400856658814,-143.57954955559694,148.33736233848438
49.96,1.6505699446797815,-0.4851107364764838,-0.024240177636064,-0.0685177558025391,-0.0214967597996757,0.0427766824975343,-0.0039979253317996,0.0001819015757969,0.0724734516875507,0.9973621566084075,-0.0499152576542052,0.0447257555638966,11.284212250607087,-0.0116312867342046,-0.0318562571390154,-0.5987284928585038,7.703670817544396,4.2872829649061694,0.3235477407523075,1212.8892446118798,1114.6948336074474,1132.1270208266578,1209.1157664478128,-271.88532011138875,-297.93144031686813,352.02872284617297,83.3419241960049,148.34093611511423
49.9625,1.8511228713651189,-0.3017465751544244,0.0158000618627738,-0.0634404467503127,-0.0220556537890587,0.0405698045468287,-0.0040010151825567,0.0001148037963252,0.0725281594769486,0.9973581481034808,-0.0522828248229347,0.0462444909800834,11.28752212251326,-0.0118231053087311,-0.0314126151846078,-0.5950182716986548,7.703654563739315,4.287184151598566,0.3220516576316492,1212.1937024231167,1114.0889713973884,1132.9024540735584,1209.5886667874104,-304.4020813369832,-178.6275888582618,242.39101111685488,292.12956733084474,148.34458791816814
49.965,1.9540035218652287,-0.143856124462888,0.176315856075834,-0.0582580492141093,-0.0222772880868578,0.0379633210581263,-0.0039927127018159,4.495536602737332e-05,0.0725837467951447,0.997354108639912,-0.0540691342512234,0.0475216686368588,11.29039298090698,-0.0120365464400058,-0.0309727442601316,-0.5912999854059008,7.7036391775201185,4.28708606305468,0.3205673721476913,1211.367234205194,1113.8016956631557,1133.3389758822427,1210.5764142844675,-410.49032114644353,-60.8557072141282,109.37683479632003,492.5342896837928,148.34832858058746
49.9675,1.957067035966148,0.0098369519820044,0.4640907763736409,-0.0526388623052523,-0.0222039196682597,0.0364452750438576,-0.0039730198425998,-2.551679162414736e-05,0.0726397343060253,0.9973500757681376,-0.0552652873158123,0.048556141923002,11.292841005213884,-0.0122664415407386,-0.0305389643352102,-0.5875770698966568,7.7036251143136525,4.286989760970914,0.3190949885059771,1210.1412508173837,1113.7846928613176,1133.4493382475403,1212.0513382358304,-489.6723301037488,41.80962615113623,-17.85800301310506,534.2237871401123,148.3529131493325
49.97,1.8581444823465685,0.1069931479742944,0.7167289783743805,-0.0480448133052515,-0.0218175139359399,0.0377834216131868,-0.0039479688860899,-9.31052221167568e-05,0.0726960580182484,0.9973460345653828,-0.0559148654911279,0.0492213148262341,11.294885727562283,-0.0125052150139859,-0.0301074107413351,-0.5838534952665116,7.703611717147461,4.286895882107808,0.3176342932158147,1208.9188725546776,1114.0107437939112,1133.2496858671773,1213.247533220166,-514.8180259505447,134.57101821684256,-114.31686259378301,410.32002884318825,148.35680820429863
49.9725,1.6524951734437958,0.1745688736442033,0.8863073872370959,-0.0433792033154096,-0.0212984857168823,0.0417844822139458,-0.0039290159479998,-0.0001528845854388,0.072752206647855,0.9973419840671882,-0.0561151665771273,0.0492793229037944,11.296549356937364,-0.012742667401389,-0.0296688711203568,-0.5801333163776593,7.703597817151069,4.286805116608486,0.3161854086232205,1207.5671606876297,1114.457547952402,1132.877753934571,1214.1029383800476,-584.6857010652649,245.2709267754126,-163.55565458844285,250.95776307076343,148.3607742304878
49.975,1.2863007064183503,0.2287796245065139,0.903410349630468,-0.0382887656107678,-0.0207614704749708,0.0481930080396169,-0.0039310080682905,-0.0001997764845075,0.0728067994063742,0.9973379760067802,-0.055986338632256,0.0484249699051681,11.29785554513216,-0.012967516416075,-0.0292109905862821,-0.5764201204494175,7.703581957050359,4.286718099296113,0.314747928381826,1205.9954440493495,1115.2370984277889,1132.4319075942346,1214.5023220355204,-529.0150386377527,325.63581451629545,-134.03599729238888,32.35157956585895,148.36560776190805
49.9775,0.8929688971610688,0.2577974402991967,0.7334022042983922,-0.0346252492768338,-0.0204238013267179,0.0536390253730815,-0.0039629545344918,-0.0002327970092658,0.0728581512561045,0.9973341032804796,-0.0555607713175686,0.0464866379742835,11.2988268680145,-0.0131731257319452,-0.0287282149537928,-0.572716021370368,7.703562643906496,4.286634604214196,0.3133205311151665,1204.9220854944433,1116.085727024982,1132.2075739481097,1214.2646962778767,-334.7235020106943,374.7207208615138,-31.388167212646607,-195.93376199203684,148.36969177518355
49.98,0.4362596698001519,0.2750981614600493,0.3933912516140891,-0.0316380747007066,-0.0201376583993963,0.0578752050906703,-0.0040226241977297,-0.0002504381697824,0.072908419980493,0.9973302101425304,-0.0548771757729237,0.0435554030830066,11.299482150517411,-0.0133530603023375,-0.0282275788010336,-0.5690212459833536,7.7035396034815165,4.2865533410508085,0.3119013989961476,1204.3218265392954,1117.1107020320972,1132.274966758171,1213.5226532255597,-122.6050417995166,469.58515955137574,112.68798723020755,-398.66482113404874,148.3738268768815
49.9825,-0.1263921037153274,0.2818992801106294,-0.1194844193498456,-0.029646293422286,-0.0197075057104576,0.0598015532907857,-0.0041016891532995,-0.0002499492937954,0.07295765606001,0.9973263188121528,-0.0540061625998906,0.0398689106939557,11.29983593362828,-0.0134998687125529,-0.0277223742829,-0.565334495254099,7.70351319840753,4.286473301492429,0.3104902915025694,1204.3090602854454,1118.4336528227402,1132.771013884261,1212.2713721722055,113.3568463628884,472.0745958793232,248.94854752719667,-483.18426213121086,148.37883989146408
49.985,-0.5451915643805936,0.2709455374845746,-0.5378858823279798,-0.0304661067781378,-0.0191580596066852,0.0578999572725599,-0.0041900258222708,-0.0002349478495897,0.0730062146445815,0.9973224364464256,-0.0528840588650704,0.0357005516517125,11.299898581079932,-0.0136138754228766,-0.0272262430587117,-0.5616532104608115,7.70348378885855,4.286393925016776,0.3090853699834635,1204.8886107711091,1119.4710750114918,1133.519709495806,1211.1067319149058,324.9557571406669,357.37845058974835,351.8105729575401,-459.32569046143874,148.38305396051433
49.9875,-0.827446207605415,0.2332759250126845,-0.8313500817320669,-0.034248651835542,-0.0183088086033714,0.0529913158730307,-0.0042807014787505,-0.000212847143193,0.07305456000898,0.9973185504189416,-0.0513775046471959,0.0312494814594941,11.299675811469406,-0.0137000755424364,-0.026747736077936,-0.5579742531658554,7.703451485489363,4.286314835309131,0.3076851856766831,1205.9338390711496,1120.2205450756899,1134.5300667490496,1209.974743719897,505.08898493591533,212.29614019019263,472.3824425401147,-478.46882432939384,148.38729910263572
49.99,-0.9330767502519474,0.1477475355800212,-0.9512371878199836,-0.040350115512626,-0.0169801061215988,0.0461188878045257,-0.0043682441267552,-0.0001904954518146,0.0731030320568419,0.9973146541064472,-0.0493768545659862,0.0266848611760558,11.29916750450242,-0.0137636953315206,-0.0262927343410158,-0.5542944498674905,7.703417164609138,4.286235586384873,0.3062902511968467,1207.4140556957902,1120.5325557124431,1135.881621708508,1208.7143877932576,525.924275603962,-10.375776854662377,491.5095391534956,-453.64193361261056,148.39242134193535
49.9925,-0.8075126059361418,0.0423090572442753,-0.8413944418877014,-0.045323297225009,-0.0158449306116211,0.0411329222052446,-0.0044464651656697,-0.0001758924885696,0.0731525647497189,0.997310702511732,-0.0467513135196496,0.0221901815567436,11.29836742799911,-0.0138126301504339,-0.0258668238590652,-0.5506110445743992,7.703382550209491,4.286155955897392,0.3049024525136971,1208.5634604491668,1120.1686661914166,1136.9876144448149,1207.706534051836,379.8188605093277,-285.2720282803962,407.0720999002978,-414.9573961372576,148.39670759658895
49.995,-0.4858976437157025,-0.0864142790167017,-0.5480652532638627,-0.0490183968567495,-0.0153240763562638,0.0379555633725188,-0.0045091648844454,-0.0001733476283983,0.0732041893200342,0.9973066458935274,-0.043456753255803,0.0179534510575712,11.29726342963946,-0.013852165053931,-0.0254750588365337,-0.5469222984630417,7.7033496590588415,4.2860761928820335,0.3035244272538391,1209.3131499983378,1119.1061955710406,1137.9169822080105,1206.6396008125703,196.94901363117353,-529.0898227613545,323.5792115814711,-451.6974105536482,148.4010055370194
49.9975,-0.052909872757174,-0.2158466885129898,-0.156421723349498,-0.050610067325692,-0.0158135072309628,0.0367137049007215,-0.0045524509567074,-0.0001844023295108,0.0732591520096305,0.9973024105073168,-0.0395161938737035,0.0141117325193687,11.295838537735643,-0.0138858027685326,-0.0251195527422209,-0.5432277144550669,7.70331988244452,4.28599672330457,0.3021576707819423,1209.5482055173231,1117.5232170776085,1138.605510502723,1205.4480469990667,-53.778608675660315,-723.2629820928862,203.69607450148004,-514.2137792214401,148.40530819566504
50.0,0.4299379008560799,-0.3204050230667594,0.2745425272796974,-0.0485117664679619,-0.0172427387804851,0.0380312498069192,-0.004575891313207,-0.0002092448867454,0.0733186115173347,0.9972979149067164,-0.0349876396080596,0.010721385436864,11.29407213415076,-0.0139164095588581,-0.0247983900600134,-0.5395278799754691,7.703293869002686,4.2859179012458,0.3008026597013206,1209.0442569549596,1115.4898806605795,1138.9354625805167,1204.0685319164654,-390.708407877483,-935.5889408897707,59.42481331108813,-639.929071201086,148.40961077642743
50.0025,0.9682113253538428,-0.3936944729161846,0.7446646585413143,-0.0429272646285645,-0.0192723961969858,0.0419088222107278,-0.0045824267091712,-0.0002462174013654,0.0733832235285416,0.9972931003225411,-0.0299733247680522,0.007759741231211,11.291941052263631,-0.0139452000380736,-0.0245060394497149,-0.5358241307535394,7.703271630642485,4.285839631897209,0.2994591897222494,1207.5946634779375,1112.8452723731639,1138.9026345692782,1202.248401643064,-647.5900794245588,-953.3074864818116,-75.34537912584494,-674.59688097144,148.4147671425414
50.005,1.3431118839337675,-0.4054782220065053,1.052126666011268,-0.0377049068775963,-0.020879693580829,0.0460018155580711,-0.0045740629533763,-0.0002962655175892,0.073452202331993,0.9972880189390136,-0.024511299189489,0.0052139779261148,11.289420517975994,-0.0139762496381042,-0.0242378495174358,-0.5321178686353532,7.703252071624387,4.285762003416305,0.2981257898522053,1205.8063065578351,1110.723343228168,1138.5587356848876,1200.6955475116065,-784.9001646416204,-775.9857789838073,-186.28384263106017,-599.7109836540063,148.41905434118232
50.0075,1.6409771116921819,-0.371600918009231,1.2519560673167445,-0.0331992329791401,-0.0221041380420124,0.0500031373545283,-0.0045525907777623,-0.0003642506821077,0.0735247970985048,0.997282722172654,-0.0185462661193513,0.0030622151206466,11.286485254253556,-0.0140173185017328,-0.0239892195095387,-0.5284103394092451,7.703233620301157,4.285685147715905,0.2968011828032623,1203.6701626547276,1108.9653434782429,1137.9712153561225,1199.2498467247926,-949.2135035292896,-639.4986516739568,-295.89734154828494,-587.583347898624,148.423327221522
50.01,1.944704619989808,-0.2944657190560546,1.3777465751641331,-0.0287979171621187,-0.0228264226753463,0.0541520118582822,-0.0045203771429096,-0.0004528311615782,0.073600776684918,0.9972772225976196,-0.012068647197976,0.0012655708112516,11.283110520990672,-0.014072972527898,-0.0237552798954373,-0.5247027832513603,7.703214884128697,4.285609487467332,0.2954846977705052,1201.0602390401932,1107.5258499698011,1137.0792489771475,1197.757630772116,-916.554670838545,-394.17167842700866,-349.48005916908494,-503.6340818610066,148.42843426094203
50.0125,2.181086459005248,-0.2123481666489231,1.4060011730624027,-0.0258319323632806,-0.0229021971423183,0.0567948835195547,-0.0044824651912327,-0.0005533614507301,0.0736793866941475,0.9972715612799978,-0.0053233953611737,-0.0002639149905725,11.279273758141455,-0.014134907019213,-0.0235294342076511,-0.5209968625551759,7.703195571031024,4.285534753469193,0.2941769864099468,1199.0873893005323,1106.9944850861068,1136.223815060276,1196.7316763154863,-704.7991661052978,-68.07885977415181,-360.12551516146,-380.91153565741087,148.43267092544457
50.015,2.4122077816669965,-0.1204325436048259,1.373601453340376,-0.0227262974118337,-0.0228036658496004,0.0589382719771164,-0.0044444350506833,-0.0006492798729173,0.0737586556805124,0.99726586986795,0.001269326903535,-0.0016203190547466,11.274956154276047,-0.0141860314343443,-0.0233053562231288,-0.5172945904936553,7.703176134410936,4.28546043965444,0.2928783717651175,1197.5362432096647,1107.18545567093,1135.2786214013393,1195.853073093828,-559.994456622062,232.70284641819916,-430.23714115200187,-388.08763055498093,148.43688577848576
50.0175,2.652274532203388,0.001892549656794,1.2670979091367407,-0.0172581343273606,-0.0225864389754982,0.0619129319075856,-0.0044140506559464,-0.0007269768058935,0.0738378399562353,0.9972601780589684,0.0073556338886221,-0.0029584436734403,11.270143719415888,-0.0142119424425126,-0.0230744119115364,-0.5135981999381733,7.703157120107509,4.285386526259005,0.2915888690108853,1196.2874170174248,1108.1579993181967,1134.072629354518,1194.7912381627132,-352.38701067119274,454.987270403939,-445.473861211894,-418.3043846679217,148.4419170461116
50.02,2.7711589433613466,0.1200987001144539,1.1107855583357467,-0.0107414976114215,-0.0222615770647822,0.0649296080482259,-0.0043982288420545,-0.0007825123097337,0.0739170548479038,0.9972544474721134,0.0128028252743932,-0.0044361430392345,11.264827359538808,-0.0142078570812021,-0.0228283768777093,-0.5099098573748744,7.7031378915121085,4.285313050616851,0.2903075781183163,1195.774308156308,1109.460392022951,1133.0512520952786,1193.761551170487,-105.26971917182962,587.141086155061,-396.4974702660375,-463.4856827905326,148.44608687368665
50.0225,2.734107948680355,0.2669610972024465,0.8666075625701565,-0.0027386483387916,-0.0219150801438373,0.0682402076941321,-0.0044003558427708,-0.0008161162189529,0.0739973301911587,0.9972485835905694,0.0175790234562494,-0.006144111917991,11.259003453518917,-0.0141729250849799,-0.0225625906350915,-0.5062317671949131,7.703117003183701,4.285240073119011,0.289033710449685,1195.7610684215651,1111.0937047489736,1132.0901420031869,1192.473809748759,62.96555674017597,683.6207756204054,-361.7394567962599,-558.1881746272377,148.45023161880147
50.025,2.52244855150851,0.4470844620186442,0.542721179281539,0.0059755984883519,-0.0216077191280891,0.071381316349007,-0.0044175728074492,-0.000828833695804,0.0740768618362826,0.9972427257143694,0.0216809384344988,-0.0080382431486914,11.252674623566763,-0.0141068803251862,-0.022278928033417,-0.5025663283478803,7.703093693992718,4.285167621522798,0.2877682785630394,1196.0891359400086,1112.87849590105,1131.2425548112988,1190.9706102973537,189.66707135381813,728.7279162104733,-299.7644310037971,-631.686037555705,148.45435413006592
50.0275,2.0748955408350414,0.6738396699363082,0.1325402540911958,0.0150775113431304,-0.0211904638073611,0.0738223188004176,-0.0044440777246393,-0.0008198366534457,0.0741532806821325,0.9972370654736092,0.0250680139530556,-0.010008486008526,11.245850878597007,-0.0140075068146885,-0.021982418295047,-0.4989165289305078,7.70306813168026,4.28509508979689,0.2865133130923851,1196.7094037783347,1114.7373443300276,1130.5913198481671,1189.3153795609792,305.08003027128177,816.7441196859642,-234.55215596360907,-714.5123290220891,148.45844752596156
50.03,1.292969848761782,0.9935710231086656,-0.4163659709793001,0.0244775311603195,-0.020116358343948,0.0750751422920654,-0.0044749276065178,-0.0007921103379414,0.0742237119091023,0.9972318176948292,0.0277836898160077,-0.0119724505103668,11.23854975503791,-0.0138764143159256,-0.0216769921479918,-0.4952859350666399,7.703040622737699,4.285022115478313,0.285270306072746,1197.6145360913658,1116.9622164994819,1130.0697940314803,1187.3980486522414,332.0440862217602,804.2450778328695,-150.26981855498914,-649.8601825999684,148.46332221800702
50.0325,0.5102925074273962,1.2808784773511583,-0.8680559942175196,0.0284005853913083,-0.0182965037682923,0.0738177135090083,-0.0045041130989941,-0.0007554629753544,0.0742891773217234,0.997226893270518,0.0300267360145092,-0.0138362566252806,11.230795854880675,-0.0137225579384655,-0.0213671806995152,-0.4916782244919857,7.703012064931953,4.284948371435008,0.2840400266584669,1198.3696242094422,1118.7585697191885,1129.8399707553929,1186.0660786479823,273.79552747401794,690.5060544620588,-60.24520133584348,-434.9393573194496,148.4673500413878
50.035,-0.2759178545327404,1.551251047116278,-1.237315752646822,0.0261927517276629,-0.0149780398563688,0.0697426295418883,-0.0045315050613502,-0.0007157158562985,0.0743519257796037,0.9972220943078898,0.0318974474727966,-0.0156303782684945,11.222621829251072,-0.0135511007313124,-0.0210523726900814,-0.4880972766280946,7.702983790595045,4.284873886122183,0.2828225303294245,1198.9835137287366,1120.414746771794,1129.7685680248007,1185.223351865643,214.3585331986555,669.5383680533936,-14.921286231121128,-232.31293561640933,148.4713375673206
50.0375,-1.0779517015411595,1.8017754371781571,-1.5102531185414787,0.0185331399644867,-0.008985608106671,0.0628687086155463,-0.0045586528781652,-0.000673295642751,0.074412969875568,0.9972173631438572,0.0333741313602983,-0.0174109718028658,11.214067592295862,-0.0133625222434591,-0.0207314595149642,-0.4845464584194992,7.702956276735501,4.284800030794296,0.2816156726628848,1199.441416875436,1122.1062615594572,1129.7653643242372,1184.9045139698997,112.24655645779625,547.7915762258342,-3.643008791326468,-4.465881880200382,148.47606984166103
50.04,-1.5731129777751327,1.915720144498724,-1.5691120858163223,0.0114230049586395,-0.0027058362912534,0.0569196054318103,-0.0045873888570665,-0.0006243957779315,0.0744735313240416,0.997212631439578,0.0343432676419518,-0.0192290076143055,11.205178991755709,-0.0131540869900263,-0.0204042346670405,-0.4810281273762461,7.702929479555334,4.28472764237675,0.2804169825017244,1199.544746511025,1123.1537046529206,1129.7503529808444,1185.201022456242,-22.08410513475208,317.754473854867,-24.56127075696366,207.3871603134952,148.47996440956015
50.0425,-1.8959567715932368,1.9155345355115971,-1.460486822281124,0.0065266332182713,0.0037564617683915,0.052072253367836,-0.0046167724974201,-0.0005662077563247,0.0745348478346272,0.9972078329771796,0.0347230656870471,-0.0210692576909178,11.196005633908085,-0.0129251070957167,-0.0200739383259835,-0.4775432822195667,7.702903621673712,4.2846567223624765,0.2792251221265121,1199.3309963497622,1123.6950339287323,1129.6425579704523,1185.9414497714677,-174.92663519028756,100.52090872945288,-79.71913434599188,374.8019282237594,148.48380169307015
50.045,-2.1418857393556614,1.8043616995005167,-1.1820018276828694,0.0033388511816995,0.0102797115793042,0.0480465385835383,-0.0046478582761664,-0.0005016385845229,0.0745998667781149,0.9972027531609466,0.0345621075883601,-0.02296379729341,11.18659884916956,-0.0126810018852041,-0.0197422082097684,-0.4740918378471872,7.702878416351181,4.2845874473884455,0.2780398617073382,1198.6701133350732,1123.656309196568,1129.351757309114,1187.0750320973618,-319.303792611908,-134.11332409926592,-137.17249171758084,412.387074143055,148.48833233417523
50.0475,-2.2604096975044965,1.6548953788507113,-0.8695756311024448,0.0007937004987943,0.0139625552570332,0.0459407186257015,-0.0046831543561597,-0.00043678142126,0.0746700295472135,0.9971972760961068,0.0339839606242337,-0.0249743642681367,11.177010338936523,-0.0124305382360802,-0.0194098249916793,-0.4706729600791225,7.7028536027133825,4.284520701338761,0.2768611404874856,1197.734477386704,1123.0244673082364,1128.956695511865,1188.003385142181,-469.68278606017134,-370.256443036025,-192.4793126051024,320.7701928040656,148.49204009674895
50.05,-2.285624665330002,1.4932971551223384,-0.523266236109865,-0.0041306734265839,0.0159528358073781,0.0446233413487881,-0.0047229018237117,-0.000377320465179,0.0747438233398253,0.997191513685504,0.0331136263450932,-0.0271028629095085,11.167291093926455,-0.0121825154101113,-0.0190803281082515,-0.4672853095149617,7.70282946045569,4.284457376492501,0.2756894065111215,1196.3216994047712,1121.805026981387,1128.389360746088,1188.6788830613827,-655.3381375479433,-570.8938031169772,-258.55215069605447,203.766838771376,148.49566998174663
50.0525,-2.2091148047390465,1.3437694660101307,-0.1814579043335515,-0.0110946709379165,0.0172854124361632,0.0439118150113709,-0.0047637907674273,-0.0003257514305517,0.0748215035468552,0.9971854610025476,0.032018863167807,-0.0292591914767337,11.1574905467774,-0.0119434082341233,-0.0187608840556124,-0.4639273236891621,7.702807214029193,4.2843980931394094,0.2745252903789892,1194.4577866989628,1120.1699982926502,1127.663934758384,1189.0222193360385,-860.9142745411744,-728.2982260888986,-333.66201390311625,46.03606493860392,148.49922938934785
50.055,-1.9882463365250689,1.2070987821497867,0.1193112634291965,-0.0185150813646526,0.0191119881431001,0.0442577790984735,-0.0047999353964983,-0.0002840737885108,0.0749028107988561,0.9971791634416814,0.0307684429971341,-0.0312884226880831,11.147655391664344,-0.0117195536463421,-0.0184607253526432,-0.4605973868021134,7.702788021277882,4.284343151570677,0.2733688944338681,1192.0171280320692,1118.163535850946,1126.721050676574,1188.9090633860756,-1200.474282949221,-928.5292593983085,-470.52890529138074,-145.6081919243098,148.50269633357232
50.0575,-1.568403070964841,1.0251034171265772,0.3924662905099791,-0.0255555491089176,0.0226265282258812,0.0458968367098682,-0.004825679782705,-0.0002578299310008,0.0749867705411368,0.9971727173401032,0.0295167410505685,-0.033041650925691,11.137828489365187,-0.0115202655403691,-0.0181877854358262,-0.4572939792873953,7.702771509214701,4.2842914065624775,0.2722199770383786,1188.4554152842136,1115.5273519956563,1125.311290231926,1188.2941783764163,-1392.4601247704838,-973.7786143594368,-562.0749339360681,-284.1691842549518,148.50673967381073
50.06,-1.1266416991712058,0.8280726350821047,0.5255496857735523,-0.0292034322384646,0.0260591244149589,0.0478305388112064,-0.0048394378061001,-0.0002519347211728,0.0750730980017915,0.9971661475880021,0.0284035921738554,-0.0344564884850187,11.128048794831544,-0.0113533067433332,-0.0179451018788401,-0.4540160130033787,7.702757165344367,4.284242006715331,0.2710787091052167,1185.0548274082132,1113.2946427791462,1123.9106760068923,1187.4882174648003,-1408.1005780101423,-866.3301679803375,-594.8968943610861,-349.09523531728075,148.5100041745343
50.0625,-0.6503073779890932,0.5601497617577823,0.5483285608767052,-0.0307076996323483,0.0289692572984801,0.0500052352412248,-0.0048426837791369,-0.0002656200579379,0.0751598487328171,0.9971595902393,0.0274422647870175,-0.0355281121622771,11.118351406122205,-0.0112199780809899,-0.0177319869827839,-0.4507629570120209,7.702744559473688,4.284194144185641,0.2699466992856934,1181.4149123941693,1111.1957011557583,1122.3368057601233,1186.5487021998315,-1585.2591767434524,-860.8714354494267,-702.1578827666891,-404.1977683405586,148.51315159320083
50.065,-0.1074296019769608,0.1549643522648983,0.4522758138739985,-0.0304485603895514,0.0310070416227027,0.0525936594583292,-0.0048401190893688,-0.0002943376111367,0.0752452572849948,0.9971531537252182,0.0265603095844274,-0.0363188182304314,11.108767006390185,-0.0111167983943965,-0.017543645644305,-0.4475347409700364,7.702732436836025,4.284146761846085,0.2688246242817314,1177.1285315245032,1108.9902856019028,1120.399886593062,1185.4672286230991,-1496.6687440228343,-740.3789536585314,-686.3648048549875,-365.78821798638654,148.51678520433117
50.0675,0.2827996380423477,-0.2387955423060354,0.285303805879342,-0.0289207421079168,0.0312363734463545,0.0540630261968625,-0.0048356473832779,-0.0003313972865683,0.0753287993679801,0.997146858712232,0.0256410403070506,-0.0368743008003589,11.09932145248734,-0.0110372673595178,-0.0173746771637287,-0.444331371769759,7.702719467898229,4.284098457537927,0.2677116873777681,1173.9315686740513,1107.493806387464,1118.9049817358466,1184.7197611098989,-1130.8440301215924,-517.9849914146495,-528.675052981546,-251.2009790096351,148.51968904623357
50.07,0.58368651683253,-0.6652542005220765,0.0595979933556854,-0.0265783427465781,0.0300891383664168,0.0542000957507344,-0.0048297192162963,-0.0003708128347222,0.0754104286532972,0.9971407073596604,0.0245890432155234,-0.0371723463770978,11.090035310321914,-0.0109746579766467,-0.0172213317759635,-0.4411525938818169,7.702704653504157,4.284047855355088,0.2666059229574316,1171.4743113738923,1106.4003606448284,1117.756511328153,1184.2112237280503,-853.4269424945736,-388.87095444787417,-375.53566150293193,-165.55198572288242,148.52245953600547
50.0725,0.8403649915148748,-1.1824433491430903,-0.2394887929216627,-0.0235363388925907,0.0273281854373604,0.0533714712660724,-0.0048185275465827,-0.0004110462556345,0.0754893176535526,0.9971347803108972,0.0234122718820093,-0.0371138104781844,11.080923323079716,-0.0109255372193234,-0.0170821800376329,-0.4379977801041419,7.702687474861229,4.283993788801519,0.265506331631116,1169.6644339615823,1105.5494516152264,1117.0273034283337,1183.8920011812852,-458.7256664046817,-243.9536534354036,-131.9499617176696,-74.95608395461917,148.52562627856
50.075,0.9811833206943488,-1.595293066512574,-0.4885912427292694,-0.0210926550911619,0.0240297041850498,0.0523292435995438,-0.0047964068213716,-0.0004528317654508,0.0755634420499691,0.9971292569967756,0.0221680739034588,-0.0365740340486482,11.071994446174807,-0.0108879622227464,-0.0169565051634632,-0.4348662301991779,7.702668662174158,4.283936804515417,0.2644140028003982,1169.1806830418675,1105.1805923776508,1117.0967615195643,1183.8364433082772,3.7728094708635376,-96.42466283089176,182.69580038599744,6.493067080006174,148.5281319975771
50.0775,1.0719338631742263,-1.9634799969979575,-0.7151593498287232,-0.0187209482052809,0.019846229451799,0.0510619703456592,-0.0047629869182977,-0.0004961070330362,0.0756342932519019,0.9971240249633572,0.0208827515662528,-0.0355571387574142,11.063251913038828,-0.0108588710094355,-0.0168386870633488,-0.431757630969851,7.702649349253109,4.283877205724086,0.26333097107829,1169.6832980089366,1105.0673283010717,1117.940782430264,1183.9244665166852,333.3832219652626,-22.646991858912447,460.6603068112788,43.97268564129624,148.53049855521303
50.08,1.1419195429441853,-2.2750461162268087,-0.9067126808301964,-0.0162671526828565,0.0148388872067395,0.0494728966225038,-0.0047205602247403,-0.000538995023294,0.0757058880783635,0.9971187679113656,0.0195329995288291,-0.0341358924980899,11.054693144300447,-0.0108336479641157,-0.0167211817377601,-0.4286719066221872,7.7026295189332386,4.283814990636646,0.2622586306705586,1170.8475991516923,1105.0673574183563,1119.4000630536186,1184.0563067364835,575.6664317825891,0.7531757937609439,707.0967860745461,42.27265978054331,148.53274985759415
50.0825,1.210009126199708,-2.493981242825993,-1.0325325265380154,-0.0136060520801082,0.0087706820241166,0.0472091389956936,-0.0046676891708656,-0.0005810151904352,0.0757808433929285,0.997113292487828,0.0181271265990878,-0.0323151476558424,11.046309256879091,-0.010809364157163,-0.0166003613038941,-0.425608627209604,7.702608416398833,4.283750518321459,0.2611960986205437,1172.561630167851,1105.0710941800403,1121.4762663606386,1184.135829815588,817.376905562369,-29.7025492661608,1006.6879404226564,-4.257657207651942,148.5348631026694
50.085,1.3163088661967752,-2.621917719711499,-1.0737278083447304,-0.0100299019946498,0.0007148029845994,0.0434694176970454,-0.0046039606380338,-0.0006219212222372,0.0758583687254342,0.9971076595083556,0.0166716447138058,-0.0301335241856497,11.038084939546312,-0.0107835927052844,-0.0164729138979638,-0.4225668488775565,7.702585692683579,4.283685835857828,0.2601414976444337,1174.9344836795065,1104.9188446720254,1124.4335027557345,1184.0350184504452,883.1778175539813,-100.39901182226497,1119.0683987999537,-86.5075119134749,148.53724140516255
50.0875,1.4437664406574744,-2.6027185408358338,-0.9955648058476306,-0.0069388894951748,-0.0062610037377318,0.0396690459826828,-0.0045294261385077,-0.0006637522211511,0.0759355301505286,0.9971020900574395,0.0152182547087362,-0.0276528162123,11.029998130403396,-0.0107564614825364,-0.0163363904734181,-0.4195448742711675,7.70256210331215,4.283623589446272,0.2590932509567049,1176.9775192556167,1104.5690991209296,1127.071608354633,1183.703292256021,796.6047472255485,-199.14250804557736,1038.7390316350918,-197.3963480542252,148.5390940461091
50.09,1.631794714654564,-2.4480135202209485,-0.7914986880637699,-0.0042159001387506,-0.0131029976298976,0.0359519907986235,-0.0044461492040266,-0.0007071201057537,0.0760096158885408,0.997096781254722,0.0137808510696481,-0.0249837800744599,11.022020336859775,-0.0107276745914896,-0.0161880207446569,-0.416540429158782,7.702538451443142,4.283564287387386,0.2580505876477767,1178.9175074156362,1103.923132131797,1129.6271979139124,1183.0480367101736,807.9186753931895,-355.30221150379487,1048.2236721432948,-367.47918632290134,148.540815620008
50.0925,1.9385681194650044,-2.11649212164466,-0.4209606200680392,-0.0015185354889412,-0.0204430989487281,0.032748837969093,-0.0043580130984171,-0.000751272695182,0.0760797416851201,0.9970917851876404,0.0123388608881212,-0.0222795621330991,11.014116885634214,-0.0106967179503097,-0.0160245870429199,-0.4135508780489421,7.702515865405398,4.283507592832096,0.2570130969135653,1181.0171126325847,1102.7925880634095,1132.3127267153525,1181.8658963244056,726.8089380477492,-467.88387960356687,884.2494020784526,-495.8598494928954,148.5427344449403
50.095,2.249218849600749,-1.7369284723487368,-0.0416606907784416,0.0008128480430925,-0.0255129642262745,0.0316889424376336,-0.0042712803884807,-0.0007947757361302,0.0761463945993226,0.9970870393991365,0.0108527199928899,-0.0197464582592508,11.006247497879691,-0.0106633022694206,-0.015841677733203,-0.4105735415162563,7.702494645098331,4.283452377816222,0.2559809193165256,1182.5515521058717,1101.583712733781,1134.0484449243008,1180.5687374627112,573.0549240664257,-523.3315130788066,553.8747447309456,-575.3669025100647,148.54421471965085
50.0975,2.563751721063212,-1.2808593006519304,0.3562739022572261,0.0054689532660223,-0.0291648430363082,0.0325705587520462,-0.0041868774404477,-0.0008329828553463,0.0762117955288343,0.9970823737995264,0.0092226837592394,-0.0174678215221274,10.998367203659548,-0.0106256290643499,-0.015639998205688,-0.4076058219764223,7.70247483747975,4.28339732063163,0.2549541443777283,1183.8823872529183,1100.1759304980144,1135.0821004390086,1178.9890618118538,549.396527187756,-637.0630336772516,263.73851488474577,-751.706546948869,148.54557692676445
50.1,2.8458292006999786,-0.6861582608316361,0.792321295261992,0.0154588940725832,-0.0316106402164206,0.035705670481177,-0.0041057832767607,-0.0008588532402984,0.0762774806265952,0.9970776722112636,0.0072987091168618,-0.0155214563936225,10.99042768926722,-0.0105805083730718,-0.0154208506098655,-0.4046456887214396,7.702456630236248,4.283342737618038,0.2539333914640724,1185.2985347418119,1098.3983975653935,1135.3671374987252,1176.8102047279651,496.4201878449298,-640.4339896925561,-64.45830546578186,-842.3675791089339,148.54708178701696
50.1025,2.9343546108619742,-0.1793665128611717,1.0872676682313465,0.0260065321308897,-0.0322772076732622,0.0393960006321791,-0.0040270265643449,-0.0008699337869201,0.0763449204709156,0.9970728278781134,0.0050376774817643,-0.0139452826166498,10.982378527225219,-0.0105289459511618,-0.0151873635817269,-0.401691745505614,7.70244041488766,4.283289677454261,0.2529188832401046,1186.3644881921407,1096.9737605495543,1134.75980891168,1174.777223916313,405.4342765530436,-524.5648326588752,-414.375663402613,-855.5094593036017,148.54823270461927
50.105,2.8374275836813836,0.3115576705914313,1.2936775421779407,0.0360424076903809,-0.0318786290269984,0.0432352083857194,-0.0039509019548568,-0.0008681591605282,0.0764142149028731,0.9970678301799915,0.002493409785587,-0.0128054803953242,10.974169442044028,-0.0104753376406478,-0.0149419245693792,-0.3987435294123471,7.7024259070340495,4.283238993508159,0.2519118627352791,1187.325706124578,1095.7755734020975,1133.2952591817111,1172.5326574314447,362.3504388006915,-417.9134932254464,-713.5715610013436,-930.0241284671091,148.54928239242437
50.1075,2.604776881532431,0.7727729089637175,1.4293230894332136,0.0443284548199832,-0.0306659685887827,0.0467606423779773,-0.0038766931696278,-0.0008603448914264,0.076486540306335,0.997062585076592,-0.0001688753032021,-0.0121457774563117,10.965752568190815,-0.0104276586303664,-0.0146878185966759,-0.3958015059761444,7.702412720561519,4.283190934892028,0.2509127381976806,1188.1762403861453,1094.8841930834262,1131.1919511066715,1170.127103273975,299.17216847170414,-258.70466810784694,-966.7150563767034,-994.7189326363011,148.55025231457725
50.11,2.2672810795408758,1.1794033277148237,1.4923883008856471,0.0495620923708685,-0.0283413976611712,0.0498357569460211,-0.0038058470647467,-0.0008506336544251,0.0765626714790381,0.9970570232808192,-0.0028440100411588,-0.0120426782608299,10.957085311317632,-0.0103908914992215,-0.0144270036447698,-0.3928672653388131,7.702400606453816,4.283144918460418,0.2499220412019252,1188.8215669669353,1094.4820500615597,1128.461683899832,1167.559062768268,211.2473999849328,-43.12339358523399,-1299.9462713235687,-1155.2417542736296,148.55113090197267
50.1125,1.8258810118911797,1.579260828312518,1.4983999348709771,0.0525282861986984,-0.0240489710907861,0.0533618901210045,-0.0037393891104613,-0.0008419879654682,0.0766423174782819,0.9970511606951844,-0.0054506113828993,-0.0125501931788908,10.948132321437434,-0.0103681972964908,-0.0141619235442905,-0.3899432960380044,7.702388230325619,4.28309946947868,0.2489390674837067,1189.2324773860705,1094.6685761155,1124.6922197500503,1164.350894502604,71.94073138949491,185.43237329999616,-1427.0976576542555,-1185.692805788888,148.55208561909063
50.115,1.4684697237892983,1.8224041827756128,1.448253837619034,0.0536373182369124,-0.0192721896066851,0.0564224716584814,-0.0036765870202834,-0.000832262195633,0.0767239075446491,0.9970451224598064,-0.0080154349259176,-0.0136633251372054,10.938867483438655,-0.0103579224854931,-0.0138967074110127,-0.3870329049260202,7.702374711751085,4.283053610513344,0.2479640539747115,1189.1812706238827,1095.40921192806,1121.326195611557,1161.6305987393205,-116.19803151030845,411.2920251406752,-1348.2319379208986,-1080.8524062313888,148.5528024129673
50.1175,1.125904368859968,1.9607254492431565,1.334952086847612,0.0544964673717448,-0.0137036577281691,0.059519364250538,-0.003616863849021,-0.0008197215592185,0.0768051256951367,0.9970390914760165,-0.0105568174463191,-0.0153687203854437,10.92927538563554,-0.0103579716807331,-0.0136353944075727,-0.3841400689756244,7.702360060736409,4.283007440041431,0.2469979455642355,1188.6514872285195,1096.7250362412015,1117.951060060452,1158.946632471452,-343.9561784634466,688.1596985688365,-1438.362065086213,-1149.5536302481044,148.55344217208977
50.12,0.6835207324072056,2.011028021394888,1.1118109948480508,0.0561951459606053,-0.0069836273741206,0.0629023581680198,-0.0035621275733234,-0.0008036790508327,0.0768837560966031,0.9970332342159118,-0.0130756710618634,-0.0176962975657105,10.919352591413388,-0.0103663450864449,-0.0133802594556778,-0.3812692978675556,7.702344085601323,4.282961307965523,0.2460417200942191,1187.4614897315648,1098.850010420906,1114.1343852861223,1155.882830588077,-517.381253744551,842.8288370121445,-1329.2044033711156,-1078.8972674642928,148.55412616481573
50.1225,0.2324965435618534,1.9738864881769875,0.8404347792470207,0.0587737920274911,-0.0019386043713703,0.0656768877389051,-0.0035151774054832,-0.0007853177811903,0.0769584832815745,0.9970276437695764,-0.0155358448195263,-0.0206858706296451,10.909108221166344,-0.0103820368401196,-0.0131331358717684,-0.3784252449787579,7.70232678298577,4.2829161852230415,0.2450950996920684,1186.0645809597954,1100.9391804262643,1111.3050380435927,1153.5521461341275,-618.9995933095532,858.8377567612123,-1028.545035970072,-863.4540960006811,148.55463049144865
50.125,-0.3652391191774245,1.884922305240173,0.4677218610130385,0.0623408203354284,0.0024564720920779,0.0688119198650603,-0.0034785576189046,-0.000763347784107,0.0770275431505573,0.9970224507032646,-0.0179576499104928,-0.0243553645942511,10.89856406885888,-0.010401934878942,-0.0128965786605913,-0.3756123750515236,7.702308223564794,4.282873629419149,0.2441573224834348,1184.3664917650199,1103.1441992047082,1108.9916601062766,1151.5655601080775,-783.2999694210531,937.6042971447421,-874.086564872936,-769.342940281212,148.55507210325672
50.1275,-1.267995144254733,1.7543774344831615,-0.0897800740220388,0.0658613753854083,0.0072310420098814,0.0723103226942774,-0.0034525289659013,-0.0007400627648476,0.0770900933807452,0.9970177194220216,-0.020283042324144,-0.0286679447015346,10.887754018662852,-0.010425696893306,-0.0126747970551442,-0.3728344867648009,7.702288122837717,4.282834474584251,0.2432264140870983,1182.1480811126935,1105.6272019119835,1106.9346052192323,1149.7054314327252,-820.3438297748912,837.8761101831321,-624.5330294882012,-579.0641937444656,148.55553660175806
50.13,-2.1254580909303225,1.6482394862807652,-0.6124459143044599,0.0655691407643944,0.0107159202633473,0.0733075039173086,-0.0034367464996976,-0.0007167997490001,0.0771433475417174,0.997013667924433,-0.0224777757785635,-0.0335624963544567,10.876723229653964,-0.0104522590808227,-0.0124723083107684,-0.3700947186261877,7.70226598886568,4.282798989928977,0.2423013521080233,1180.264772616143,1107.333579755626,1105.868994958834,1148.6702391393535,-739.3074426889907,559.1873735237054,-290.8046241939123,-294.9965817272951,148.55587480665324
50.1325,-2.9621814446204,1.5637019574526207,-1.119773647582348,0.0590668006404793,0.0134660061640667,0.0706732884097016,-0.0034299924077335,-0.0006937133717447,0.0771873930769807,0.9970102956840784,-0.0245353158846714,-0.0389494706830665,10.86552673128948,-0.0104800136543329,-0.0122935540954756,-0.3673956152299558,7.702242287165216,4.282767035467824,0.2413817214154296,1178.4515438992469,1108.4231387796035,1105.480582098262,1148.230448524088,-705.2928542175371,309.6205169548372,-51.72968185284092,-75.21431631278139,148.55616960750595
50.135,-3.6611736542785014,1.5011613502239207,-1.5484383329493703,0.0474536454568179,0.0159927065084078,0.0654684575178827,-0.0034317804085032,-0.0006641907393865,0.0772236667586068,0.9970074978794676,-0.0266002532013056,-0.0447387209295919,10.854227609605914,-0.0105027986512668,-0.0121415656263375,-0.3647394332407963,7.702217956247407,4.282737352308716,0.2404687608022613,1176.7383083450588,1108.8816823403988,1105.61034654957,1148.29416755779,-661.6472784124452,25.645180616934866,154.53820166163774,139.23070880116182,148.5564343243274
50.1375,-4.07934169426056,1.4537936424024027,-1.8215903395798956,0.0327916152197048,0.0191333415854753,0.0591269403071497,-0.0034412672757355,-0.0006236439725653,0.0772556934573806,0.9970050074085848,-0.0287752175039552,-0.0508333371419182,10.842894881398584,-0.0105165790191491,-0.0120178821233648,-0.3621280305087263,7.702194190515632,4.282707654754655,0.2395637102093073,1175.1433075071827,1108.5513646826885,1106.2532731065703,1148.926602068094,-685.7697150405459,-301.05324975673346,358.703651980248,388.22470788748575,148.55667043778726
50.14,-4.199640352230571,1.3861548544826376,-1.9339763947497777,0.0159773269640071,0.0236489934735648,0.0519165486012395,-0.0034602267211649,-0.0005675665304087,0.0772860465022895,0.9970026212157937,-0.0311677066611973,-0.0571935345823036,10.831601013007283,-0.010517720098618,-0.011920482194948,-0.3595628821567766,7.702171020055761,4.282676079524413,0.2386672800404887,1173.3094597698544,1107.3764160916144,1107.4038648094722,1150.2352910972284,-670.4411688606529,-520.7392869227722,446.5808598377831,549.4498138935337,148.55693105287585
50.1425,-4.006900938856528,1.30032475633251,-1.84865253547196,0.00404273028388,0.0276147631677458,0.0465801624227009,-0.0034869100668185,-0.000496712149623,0.0773192598140944,0.9969999914093872,-0.033767353615067,-0.0637152542367214,10.820419626250258,-0.010507014394448,-0.0118480745705413,-0.3570445707873382,7.702148821344881,4.282641468423476,0.2377793205293794,1171.7911016628827,1105.9476682480768,1108.4861774057574,1151.6738511375593,-616.5025762811667,-605.5780448554827,410.6723042190597,616.8399291971155,148.55713652088016
50.145,-3.59144661059504,1.1691709422670227,-1.5973617548397885,-0.0049604357394742,0.0314795699736815,0.0419228273333609,-0.0035190846728926,-0.0004143235840974,0.077355480248474,0.9969971099630272,-0.0365108293653686,-0.0702939730246257,10.809422780756176,-0.0104871694580814,-0.0117985746138536,-0.3545726002771422,7.702127461925961,4.2826036784099,0.2368996231106523,1170.2269468884467,1104.3485258673354,1109.4572263305683,1153.3194907432155,-703.9374985975919,-678.1827745502765,353.23235985502043,733.3418193834291,148.55733742399076
50.1475,-2.951749967688324,0.9600243247592906,-1.1415918963376503,-0.0122917869763086,0.0351134008892758,0.0370109855144632,-0.0035551959143502,-0.0003289253535606,0.0773957995031144,0.9969938906467978,-0.039223096025793,-0.0768562990276691,10.798678214167156,-0.0104647097598911,-0.0117685292633409,-0.3521450653897992,7.702106823243039,4.282563295045077,0.2360270013225218,1168.2714141698928,1102.5567543753239,1110.2523392050334,1155.3405602344783,-726.8482680747427,-601.5827553826981,204.97929617532003,720.4163846202122,148.5575806403419
50.15,-2.373524198931927,0.75314674105299,-0.6703384762174285,-0.016198669178419,0.0366442640825564,0.0338712296414741,-0.0035933578031716,-0.0002485147441072,0.0774403474258757,0.9969903248351388,-0.0417406685170626,-0.0833298965754243,10.788246633773497,-0.0104457456134932,-0.0117546711410668,-0.3497585407948017,7.7020864388863135,4.282521365744226,0.2351588239731782,1166.5927055480763,1101.3406120904247,1110.4821228114442,1156.9215726663135,-668.4146734399055,-410.83110311557806,-10.88950619909508,579.8634884134334,148.5577895788294
50.1525,-1.7992006605486708,0.5246835282684819,-0.1626998767417023,-0.0189600953319773,0.0369555789538799,0.0324975478831737,-0.0036309754471229,-0.000177761304542,0.0774908380920419,0.9969862860961132,-0.043970623189536,-0.0896314315691703,10.77817922849244,-0.010434101109095,-0.0117546048545033,-0.347408181258953,7.702066030777413,4.2824789232374965,0.2342934820000578,1164.9293408026915,1100.5025988597447,1110.197891674038,1158.2398776765467,-701.8920365078021,-289.2197223707056,-235.44258248600048,491.20186019433606,148.55800926165023
50.155,-1.1245001110187791,0.221825043629913,0.406758630695011,-0.0220951518240879,0.0370641991897533,0.0333324208400577,-0.0036668480417992,-0.0001164343774608,0.0775486180096848,0.996981674045084,-0.0459271065207585,-0.0957094405911673,10.768515347278507,-0.010430133529374,-0.0117656388722771,-0.3450881385999737,7.702046008435588,4.282436210381841,0.23343066787798,1163.0832453655355,1099.8945134785704,1109.3049098990136,1159.3775819672865,-627.1813999214165,-176.62984101796303,-398.50585997319143,330.2695927792504,148.55828884381123
50.1575,-0.5602386616141724,-0.0712151021790835,0.7883448557576008,-0.0248379087814307,0.0373305983239037,0.0361042432760093,-0.0036997321513444,-6.530028070618748e-05,0.0776146051676635,0.996976423334822,-0.0476016166956653,-0.1015229246891311,10.759281469833923,-0.0104349216173921,-0.0117855560215278,-0.3427919026276448,7.702026324500683,4.282393064055006,0.2325696370509441,1161.7934338030875,1099.619449654656,1108.2053623741735,1159.8912256404417,-432.05164693723145,-92.17811682324114,-476.083595743041,110.1989399497943,148.55853679644977
50.16,0.0244011195061451,-0.4326950871555055,1.017078647720867,-0.0271708359778288,0.0378509795329526,0.0405674958009373,-0.0037266858185475,-2.7657939170210917e-05,0.077689218312621,0.9969705129914525,-0.0489272174846746,-0.1070076906530701,10.75049104207664,-0.010451315421814,-0.0118137127826006,-0.3405128060442279,7.7020068069377245,4.282349551279128,0.2317097116180197,1160.9229871308485,1099.433622894454,1106.9244919202972,1159.9285766670357,-256.1906589078316,-79.47173062348638,-510.6686784599449,-60.14622865306242,148.55880128606992
50.1625,0.6252374192657366,-0.863892012985158,1.099222325108941,-0.0285388901689255,0.0381404540100663,0.0455947900031355,-0.0037480843509199,-2.9414361699154255e-06,0.0777732858379788,0.9969638768335368,-0.0499241574874506,-0.1121721282243142,10.742143832443183,-0.0104792744884444,-0.011847994354566,-0.3382449173102574,7.701987581295792,4.282305377238509,0.2308522282811614,1160.5124805085477,1099.2220910015383,1105.6520189818727,1159.5904944971762,-34.46059988039857,-104.42295090097505,-471.9008172752382,-212.53794042655727,148.55908004764203
50.165,1.215960835330089,-1.3729032866855733,1.0165346344992403,-0.0275505387417327,0.0369555724038089,0.0498977075367243,-0.0037611586478922,6.873275835272191e-06,0.0778643818137047,0.9969567142557808,-0.0505513724602873,-0.1169681862930122,10.73422823969224,-0.0105204458708535,-0.0118890226625581,-0.3359833373955786,7.701968995265843,4.282260864331567,0.229999098365787,1160.7506841314466,1098.9115081399495,1104.5649878339232,1158.865886964904,260.9835133139342,-160.11039982446158,-401.1956935506298,-383.45595304143376,148.5593774094234
50.1675,1.8432754477819215,-2.0339193357967984,0.7826213343788389,-0.0227854272793263,0.0325656208085067,0.0527673796054732,-0.00376345811895,-2.2364010526679857e-06,0.0779576202572055,0.9969494151468996,-0.0507231542056687,-0.1213633877433462,10.726722573040169,-0.0105775438609884,-0.0119378547703776,-0.3337246626546669,7.701950317082275,4.282216582455772,0.2291507668208123,1161.817398075118,1098.4215390024156,1103.6460405141183,1157.673214731968,509.7715033474863,-188.84841849016428,-257.445844720228,-471.113732042736,148.55975871237015
50.17,2.240407469810275,-2.5842457029352217,0.5301595765548273,-0.0162915706073456,0.0265104455946806,0.0532884760758402,-0.0037576953202617,-3.0696646841863443e-05,0.0780496756712817,0.9969422267163716,-0.0504385894540185,-0.1254332205320187,10.71959609048718,-0.0106503810475096,-0.0119929933025754,-0.3314673958157795,7.701931093673974,4.282173081700057,0.2283082833276137,1163.2995416481851,1097.9672660474982,1103.2777586103211,1156.510318304689,683.0881197747505,-172.56526515959428,-57.655291290900685,-479.3000148068398,148.5600998608413
50.1725,2.4549776611556036,-3.0856007249128754,0.2758368411317924,-0.0084891926937231,0.0188284624338972,0.0527974571268425,-0.0037456040042528,-8.010755032013318e-05,0.0781375498214345,0.9969353755949312,-0.0496693510928534,-0.1292361889803705,10.712812650133198,-0.0107393834513409,-0.012054212036511,-0.3292117290748274,7.7019110977355805,4.28213088926934,0.2274736991390243,1165.2328386739887,1097.5587126766184,1103.3577640576643,1155.276714657936,898.2179308946749,-150.05670682618583,135.06826342861498,-544.9442672636392,148.56046987644436
50.175,2.4810868226120077,-3.589968889836528,0.0093793369201571,0.0010087816778637,0.0085175155077536,0.0518526878355995,-0.003730029699511,-0.0001496992722817,0.0782194241373073,0.9969289936210048,-0.0484393350754453,-0.1328513187466795,10.706332612302276,-0.0108432175433251,-0.0121211480614055,-0.3269594570199814,7.701890592179015,4.282090429797664,0.2266492666279625,1167.790631302661,1097.2169825133667,1103.9530999274648,1153.7855969683694,931.0840320772753,-93.73623831911326,292.0310370794921,-547.8124846492318,148.56095384169217
50.1775,2.324501304147063,-3.910201823706102,-0.1685573229530776,0.0081646973308868,-0.0005971658009097,0.0510570509989299,-0.0037155972743031,-0.0002344647954621,0.0782966412137715,0.9969229591481376,-0.0468660240711801,-0.1363881404075897,10.700114794613677,-0.010957698779111,-0.0121926854820474,-0.3247135188148103,7.701869475315551,4.282051767909422,0.2258358304509108,1169.8882588343774,1097.0900314850223,1104.8179192430623,1152.5376522346885,781.0670125013813,-20.755032377401903,405.1359305276084,-511.3650895329205,148.56139606049283
50.18,2.0283354332567995,-4.11100541439382,-0.3012257034208938,0.0135718344068111,-0.0102277254256674,0.0503389185527784,-0.0037032262747798,-0.0003275977827604,0.0783690274039153,0.9969172852864244,-0.0450987325259884,-0.1398732797110749,10.694119483907173,-0.0110776388640345,-0.0122702008640566,-0.3224770842570408,7.701847611362371,4.282014786287383,0.225032074504758,1171.6959663651644,1097.11320735148,1105.9787795801008,1151.2287715207071,686.6903308708186,29.561474511804928,555.8049912960881,-613.6264767466445,148.5618862593456
50.1825,1.581317783257396,-4.19869582149955,-0.4168247423036187,0.0176158971639327,-0.0222886991065165,0.0494834717236716,-0.0036890290375436,-0.0004214491826815,0.0784335788443838,0.9969122264507414,-0.0432961499647219,-0.1432284868594745,10.688310064222128,-0.0111975549792845,-0.0123578691059889,-0.320252796723433,7.701824562023495,4.28197906973304,0.224236371823162,1173.3217104887333,1097.2378388575817,1107.5969441995444,1149.4695198509537,492.60908805001503,45.2324480135981,615.3518580067647,-695.630353114492,148.5625388399667
50.185,1.178235110617744,-4.13424281237334,-0.4831022814311442,0.0192677328370458,-0.0323745181856273,0.0486819562433093,-0.0036653690325311,-0.0005114497373058,0.0784875588553562,0.9969080285404046,-0.0415449365952337,-0.1462997678020064,10.682653678706668,-0.0113142813371402,-0.0124613606219843,-0.3180422027714455,7.701800640748603,4.281943848106719,0.2234473517255272,1174.1590118054155,1097.339369591548,1109.0555388701364,1147.750619755133,234.9864721238964,18.645856829078767,593.1796578480254,-758.0773757564275,148.56314197537617
50.1875,0.7758663555452224,-3.917619961878703,-0.5220889448982518,0.0201615826764771,-0.0421777190635979,0.0477415774951487,-0.0036287353107217,-0.0005940114865907,0.0785315683035681,0.9969046576382342,-0.0399182435641353,-0.1490216394423539,10.677119620580475,-0.0114253675295579,-0.0125826690219085,-0.315845705154454,7.701776470376022,4.281907709993412,0.2226640201361097,1174.4966428493517,1097.3310681417267,1110.5628424887818,1145.679132972175,71.93326345179406,-35.21987052539336,605.6176154851124,-892.6788528171461,148.5638123606597
50.19,0.3787603295823915,-3.569938384231021,-0.5379878003567429,0.0212455272494967,-0.0516778967272096,0.0467417393935416,-0.0035750927949076,-0.0006743146987129,0.0785709391686984,0.9969017027907664,-0.0383025027139987,-0.1513310948694361,10.671680417161117,-0.0115342656486438,-0.0127226867879566,-0.3136621780072309,7.701752729155474,4.281869667986494,0.221884485079218,1174.5186781226744,1097.1632702389213,1112.0836269475592,1143.2872254910512,-34.80805810470922,-116.2451143286804,608.2637939485793,-1027.3461788502318,148.5645419138527
50.1925,-0.0192412598426001,-3.0642684736550247,-0.5214526365866538,0.0225765382754661,-0.060831392667295,0.0455912547425249,-0.0035011205661495,-0.0007601085499413,0.0786100490301308,0.9968988258284576,-0.0365308200183045,-0.1531838297525772,10.666311342851968,-0.0116460738416565,-0.0128810467065019,-0.311489244963964,7.701729839215535,4.281828866504072,0.2211073791420906,1174.322602558828,1096.7498425700833,1113.6041614585263,1140.5424020779212,-96.72791342772653,-244.62590934800792,664.3162659034044,-1261.8067863303988,148.56534590628235
50.195,-0.4996822059928763,-2.2934742320776484,-0.4546720999056259,0.0234521458690939,-0.0705209648108759,0.0439356899098762,-0.0034066618043597,-0.000854472875726,0.0786497318206167,0.9968959602428208,-0.0345403943082624,-0.1545940513614699,10.660989924847016,-0.0117627722328935,-0.013055370623317,-0.3093238549109056,7.701707667350286,4.281784786296996,0.2203318885130743,1174.0350385555355,1095.9401406921806,1115.405208277078,1136.978191559396,-97.36209230372639,-394.5027045096544,704.0619694719262,-1436.959941504062,148.56639944096494
50.1975,-0.958325278388752,-1.3915132585353451,-0.3255262124142126,0.0222284934045245,-0.0769596988882198,0.0422809675143774,-0.0032975562206325,-0.0009553395571375,0.0786912031011181,0.9968929911727908,-0.0323876049835478,-0.1556930859740926,10.655695855273404,-0.0118829406188294,-0.0132399442162607,-0.3071629105082312,7.701686164009555,4.28173852348822,0.2195571721895862,1173.8357920973099,1094.7773290475368,1117.1244713058827,1133.3576023704074,-79.69858329031895,-465.12465785796405,687.7052115225413,-1448.2356755967414,148.56755550217656
