t,ang_acc_x,ang_acc_y,ang_acc_z,a_vel_x,a_vel_y,a_vel_z,quat_x,quat_y,quat_z,quat_w,acc_x,acc_y,acc_z,l_vel_x,l_vel_y,l_vel_z,pos_x,pos_y,pos_z,mot_1,mot_2,mot_3,mot_4,dmot_1,dmot_2,dmot_3,dmot_4,vbat
39.0825,-1.3603151245521399,-0.976675114060736,-1.5346237136493928,-0.0187659828758468,0.0430257964248183,-0.0127158577697313,0.0033119031141961,0.0004236197737353,0.0210664054743354,0.9997721850073212,-0.0049955584103608,-0.0065479473035705,9.852995236014786,-0.0302781149630669,-0.0240207877203637,0.0005759746190831,-0.3463336827751932,-3.810434238953816,2.0134438953226526,1120.4613031412619,1133.6717939790376,1115.3658795028048,1138.1644511547595,-347.2454426082592,-241.72477448243083,471.4799265995087,-250.76281680690855,151.3118275430272
39.085,-0.9871045979378013,-0.9927225056053016,-1.2574391595117311,-0.0221023463109273,0.0388436756010058,-0.0165672540172921,0.0032737940662138,0.0004781908538922,0.0210435447389584,0.999772753069832,-0.003891265196056,-0.0051593027219374,9.848988607711169,-0.0305069311997314,-0.0241549314694373,0.000666876960624,-0.3464089123044366,-3.8104890660512174,2.013448114470488,1119.7090034224354,1132.873174685119,1116.9343212206345,1137.270198310866,-200.63675426281463,-328.9490671539433,644.9859954248905,-387.0449294690271,151.31418650688306
39.0875,-0.6471221378483336,-0.9325023506021876,-0.9695688958411381,-0.0236678663785668,0.0356543151979243,-0.0187939125868669,0.003235207651584,0.0005355447513515,0.0210266186854216,0.9997731832406314,-0.0024504167935412,-0.0036219764439734,9.84491085726984,-0.0307099636859171,-0.0242884656898763,0.0007360071151701,-0.346487149816214,-3.810544589377397,2.013451664497925,1119.4581193699487,1132.0270486432692,1118.5908094799263,1136.2292265074163,-29.84622234697164,-356.6067049317548,681.3847053722081,-449.664700445007,151.31599060506252
39.09,-0.307658586951078,-0.8076086271535178,-0.6582209716221603,-0.0241416217809119,0.0331063410742328,-0.0201159046494292,0.0031906293764413,0.0006010639377973,0.0210108183345917,0.9997735925988402,-0.0008736859925009,-0.0020656492079527,9.840825246210816,-0.0308809054946171,-0.0244198684783719,0.0007842892689799,-0.3465692878959784,-3.8106025245441697,2.013454841769371,1119.5597723107005,1131.090141160459,1120.3412447474973,1135.0218748086395,104.77341226923367,-413.8887475228032,726.1228018288342,-532.6026941385866,151.31762432919487
39.0925,0.0747215546606699,-0.6109798169072889,-0.2874776400550487,-0.0238760205842474,0.0309162552411842,-0.0209055371462454,0.0031366181564781,0.0006771348546541,0.0209857577744924,0.9997742122453102,0.0006872076656021,-0.000584761529,9.836791757356083,-0.0310140978554125,-0.0245468545401605,0.0008132235964956,-0.3466567658840338,-3.810664933483325,2.0134583282605334,1119.9819864312951,1129.9576049056543,1122.2214234890723,1133.566213036722,183.11415190563196,-405.9541272827627,609.9499353535612,-507.8657444823492,151.31938642178892
39.095,0.3627126477311797,-0.4328998103964727,0.0047032021745329,-0.0232056633195781,0.0297927895218834,-0.0210722065705185,0.0030763217364267,0.0007653302949703,0.0209434982672425,0.9997752017859458,0.002092403577255,0.0008515720434819,9.832865154651913,-0.0311055901055741,-0.0246663121386502,0.0008249652731587,-0.346749867614302,-3.8107325259971834,2.013462353361477,1120.4753430702278,1129.0603705240471,1123.3909944242623,1132.4825460862303,196.92425864858637,-338.67727900002086,347.5244032529231,-378.2924216069088,151.32068949454393
39.0975,0.612769413492587,-0.2693763451453419,0.267967764681372,-0.0222127190207885,0.0292306523667188,-0.0208253026597059,0.0030186119264664,0.0008582521798124,0.0208876111093461,0.9997764614275664,0.0033786633914007,0.0023797388240665,9.829094607236705,-0.0311543494607962,-0.0247743536614981,0.0008228254449576,-0.3468449917746182,-3.8108038213580144,2.0134662210479806,1120.9666077245383,1128.264218510653,1123.9590455053378,1131.6747509286863,182.4309927731496,-313.13411125695336,90.56372293825831,-267.22641615556284,151.32182199986767
39.1,0.8616679392099432,-0.1198067304007003,0.5380728409341174,-0.020450052892514,0.0290268260538895,-0.019994116829351,0.0029743437315347,0.0009476623529763,0.0208233080980057,0.999777854084961,0.0046031492872025,0.0041708626324943,9.825522092617154,-0.0311623366226846,-0.0248675248854393,0.0008105951672054,-0.3469386783133334,-3.810876910616381,2.0134687241404308,1121.387498034094,1127.4946999677616,1123.8438130389538,1131.1464140054516,108.66090044351829,-238.2177013558596,-170.8532284162364,-109.3791994345878,151.32298566983908
39.1025,1.0175197123275652,-0.0520132683212539,0.7131724963930864,-0.0182940935161911,0.0291953672210228,-0.018731763935418,0.0029492455268313,0.0010268924757425,0.0207568271325958,0.9997792395787508,0.0057983577577804,0.0062931660237609,9.822182088923505,-0.031134549063983,-0.0249432542503835,0.000791910608699,-0.3470291876516075,-3.810950708597383,2.0134696482712737,1121.5099122267557,1127.0731300038751,1123.1047793632574,1131.127854931514,-4.5661097737114975,-104.67800932623607,-400.772240708488,83.39878770343884,151.3237939514446
39.105,1.1060628738175176,-0.0591364656204953,0.818125913609115,-0.0153621247474631,0.0296091606876527,-0.0167350490311703,0.0029478901128016,0.0010871483817772,0.0206976653119703,0.9997804182188385,0.0070511793603092,0.0087903242533642,9.819101693839526,-0.0310787829208183,-0.0249999084164115,0.0007704592391783,-0.3471140139458011,-3.8110247225586695,2.013469186323236,1121.3646674852255,1126.9713099211303,1121.8399518354104,1131.5634079439692,-93.96638199918664,25.630032482272856,-557.2695763052584,243.77126754239984,151.32443615264737
39.1075,1.1300634369850215,-0.1346714601024246,0.8505517371407119,-0.0119463551822616,0.0300180395895847,-0.014152247947217,0.0029694486334741,0.0011237384602377,0.0206499286351908,0.9997813155473751,0.0083827549791734,0.0116018853240152,9.816300648553455,-0.0310045301049053,-0.0250374300987752,0.0007491584194048,-0.3471916482715602,-3.811098851739404,2.0134677327885746,1121.0400803167595,1127.2012801662863,1120.3184314817297,1132.3467112692267,-150.0833995063659,181.76998584270385,-616.8992259773103,379.1023179168216,151.32494166577123
39.11,1.0741676130835969,-0.2915200953788619,0.7838197989490763,-0.0085032284515576,0.0301578796678982,-0.0111410879425346,0.0030077077126997,0.0011356082556752,0.0206199286639765,0.9997818269351546,0.0097605383158454,0.0145660672416051,9.813792214545748,-0.0309223988052584,-0.0250568945441673,0.0007300125690448,-0.3472620773424272,-3.811171343238057,2.013465957519238,1120.6142504876943,1127.880159850343,1118.7554557055266,1133.4589195335516,-174.63713278111916,398.41369795369775,-627.8171091538724,528.2676903243581,151.32528350603087
39.1125,0.9273445710761677,-0.5597781391000541,0.5907151222888067,-0.004915135359998,0.0296778861714167,-0.007513387070061,0.0030555583251928,0.0011240122505144,0.0206160601012617,0.9997818041401154,0.0111276976486368,0.0175091894757366,9.811584046495865,-0.0308430212563015,-0.02506039867237,0.000714333179398,-0.3473254454261399,-3.811240259822125,2.0134638001202254,1120.1668946528534,1129.193348656056,1117.1793459359587,1134.9880497208499,-129.45499528011823,545.81369946822,-485.8250874979847,558.9467523968193,151.3255058600352
39.115,0.7576224409562494,-0.8310164403884415,0.3539131992141139,-0.0024690816350269,0.0284850459119223,-0.0049757910804853,0.003102548527048,0.0010983183579277,0.0206331136944278,0.9997813696946232,0.0122878184506496,0.020200609814722,9.8096790824758,-0.0307752147175762,-0.0250516810390378,0.0007022234756192,-0.347384924498344,-3.811305514310957,2.0134615366695847,1119.9669755112934,1130.6092283476855,1116.3263302680355,1136.253653295537,-25.634785743591816,592.2234751274048,-215.24024302913423,463.16413894684337,151.32553551505976
39.1175,0.5698729718987309,-1.1205496102486583,0.0831563378675653,-0.0006663128838785,0.0262219548664319,-0.0037025127084172,0.0031431836870163,0.0010641669756692,0.0206589467890966,0.999780776896024,0.0131391418239164,0.0225124703406444,9.808077064183273,-0.0307254964816496,-0.0250352010967068,0.0006936973582618,-0.3474437368726082,-3.811368910271396,2.0134591431743933,1120.0387207241356,1132.1544660316904,1116.103144720814,1137.303870415582,97.54102934584584,647.0847388798549,48.84803371960411,376.19248145476934,151.32540466144104
39.12,0.3665028129515902,-1.447575767731263,-0.2064966867185167,-1.227378513521118e-05,0.022247393846033,-0.0042306617893847,0.00317544770754,0.0010245546797379,0.020682432723076,0.9997802539101062,0.0136503963537994,0.0243921966028774,9.806775562025686,-0.0306981290780019,-0.0250152604558866,0.0006885135702424,-0.3475041004888017,-3.811432001638804,2.013456400868961,1120.454680658022,1133.8446520420819,1116.5705704366333,1138.1346157028092,197.12045041968767,545.6369075895901,270.7316090677047,220.72191664781332,151.32506371391912
39.1225,0.2441603856122946,-1.673939508366339,-0.3606732965917804,-0.00056502193888,0.0180341053275739,-0.0063988081232371,0.0031988324863635,0.0009823063953709,0.0206967218957144,0.9997799394939229,0.01380854446507,0.0258251541621325,9.80577096843212,-0.0306953336775035,-0.0249956257665525,0.0006858947518971,-0.3475665222473674,-3.8114949555543425,2.0134538343079824,1121.0243229762343,1134.8826505696395,1117.4568027661533,1138.4074799988216,249.85243939791823,293.91536498818334,405.37206406677063,25.66796723780095,151.3246280919468
39.125,0.1895473689526281,-1.8241777094556688,-0.3705249205482595,-0.0011614652580103,0.0130230469183496,-0.0097834128568222,0.0032109247778253,0.0009408879101511,0.0206964670807353,0.999779950591562,0.0135979049188748,0.0267676255005678,9.805059702538621,-0.030717417440432,-0.0249796474071418,0.0006843052021893,-0.3476313192546435,-3.811557494048952,2.013452353594725,1121.7039428550124,1135.3142288670235,1118.597430756968,1138.2629555389983,267.01195126540097,54.179192955829585,448.33645420071514,-112.88976476422512,151.32403806009373
39.1275,0.1900967602270182,-1.8983872657075311,-0.2448808248677073,-0.0014864851132646,0.0076280474789033,-0.0131854423408496,0.0032098076308438,0.0009045255363974,0.0206805229709061,0.99978031712541,0.0129952932214928,0.0271935161941224,9.804638658802205,-0.0307632610159948,-0.024970040001932,0.0006816781732087,-0.3476995788947865,-3.8116196760483767,2.0134536395027687,1122.3593827325603,1135.1535465344186,1119.6984850371548,1137.8430311750008,228.64956087757616,-207.05221148999365,370.4378304679191,-208.27034446322872,151.3233226508795
39.13,0.2416787244430601,-1.878755731206584,0.0244999596013806,-0.0013555530015504,0.0023973673393397,-0.0152727128713495,0.0031978106149769,0.0008746569798492,0.0206548348503386,0.9997809095293402,0.0120377856812184,0.0271657366420673,9.804505461986007,-0.0308308851277837,-0.0249686153816941,0.0006761180756691,-0.3477703172907006,-3.811680629446144,2.013458433424794,1122.847190659401,1134.278967809573,1120.4496199093087,1137.2216038166816,147.8757778756215,-525.7631133016314,189.54187804478656,-281.6916902891913,151.32245994698175
39.1325,0.3319425948365051,-1.7600611824731636,0.4459273400317461,-0.0003526721437727,-0.0033096663081322,-0.015326069016445,0.0031791866784593,0.0008518889927825,0.0206217526262194,0.9997816673391304,0.0107797949286401,0.0267896367734512,9.80465855977532,-0.0309173465161893,-0.0249768008638348,0.0006661193745987,-0.3478435918503198,-3.811740546250976,2.0134656346907245,1123.0987616219388,1132.5247309679091,1120.6461944273792,1136.4345727235543,25.650933100201335,-730.936796296265,-67.00975520345038,-268.59197555024235,151.32126029920227
39.135,0.4068788399176583,-1.5995038933620496,0.8122215438552117,0.0012203456561915,-0.0075265182577501,-0.0132098375430105,0.0031582213914515,0.0008375676476776,0.0205885761878405,0.9997824282548669,0.0092591967159642,0.0261758219760096,9.80509694279967,-0.0310195337189322,-0.0249949431674774,0.0006508025489373,-0.3479190002900431,-3.8118005052639536,2.0134734084202206,1122.9754453249016,1130.624283828095,1120.1145711332915,1135.8786439389316,-117.8817948643279,-808.8395801034447,-350.53853277109084,-176.41972103156215,151.3201284981134
39.1375,0.4603038365672704,-1.4008211606099539,1.1154358606669743,0.0031478362278292,-0.0109513174888548,-0.009364290145669,0.0031420902848007,0.0008291750582145,0.0205655596289718,0.9997829621550364,0.0075865443089952,0.0254928264077053,9.80581962296292,-0.0311343602839505,-0.0250223329298967,0.0006305647821623,-0.3479942104637326,-3.81186120039638,2.013479546263928,1122.5093526476169,1128.4805330673898,1118.8935017635229,1135.552474118396,-267.84843513942116,-949.5002787282973,-650.7212758865844,-77.31599969056924,151.31886610111357
39.14,0.4916521247000859,-1.1488746523266813,1.337871012383955,0.0052304849824063,-0.0142467707154701,-0.0039697642068516,0.0031348610124438,0.0008230890973529,0.0205523741914285,0.9997832648346447,0.0058865292427894,0.0248482019042103,9.806825176971055,-0.0312582076430703,-0.025058102748418,0.0006065502397381,-0.348068988865012,-3.8119236451318033,2.013483360532827,1121.636203149204,1125.8767824344511,1116.8609647538572,1135.4920639404786,-352.8870289166688,-926.352939562254,-788.5954794822634,27.29081859036095,151.31720815547675
39.1425,0.4952093535594767,-0.946843301535034,1.3770097909121564,0.0064111103374176,-0.0164680136780665,0.0005821872132893,0.0031380596402482,0.0008142956807718,0.020542511511579,0.9997834700867604,0.0043032115839127,0.024298366354721,9.808110768587131,-0.0313871101709326,-0.0251011477192404,0.0005804354227315,-0.3481450960152822,-3.8119885307200576,2.013485542065077,1120.7449175030351,1123.8487683695828,1114.9505243661151,1135.6889282113475,-361.97843158065217,-747.7290852019264,-742.392306645372,103.68103497375311,151.31571303750297
39.145,0.4859193877421016,-0.7708520226274505,1.254587201103816,0.0067603767190815,-0.0179791830883604,0.0050039347259139,0.0031536084974766,0.0007988871274695,0.0205324865632578,0.999783649003195,0.0029522739641813,0.0239068219684485,9.809670682864093,-0.0315172725091901,-0.0251498481821933,0.0005541421470401,-0.348223872166555,-3.8120558101654898,2.013486557588956,1119.8263109912998,1122.1381370084396,1113.1490032206284,1136.0104691153476,-374.8759301546116,-650.1833551473139,-702.985662164751,122.17737681765472,151.31410685241804
39.1475,0.4634827746107011,-0.6016129366554419,0.9371863339476872,0.0067704120050872,-0.0188778835112558,0.0098589246774868,0.0031801320963662,0.0007764043142506,0.0205279668911476,0.999783687926134,0.00187398543407,0.023672448675259,9.811495578013519,-0.0316456366364275,-0.0252020033253208,0.0005292853451823,-0.3483055307184744,-3.8121239003942016,2.0134866408124763,1118.8705378522611,1120.5978515938443,1111.4355960552896,1136.2998150954363,-300.85271423904567,-466.8861618170166,-523.9245449453609,52.462651037969835,151.31205873369416
39.15,0.4240911949352029,-0.4942407449120456,0.5614976193648221,0.0073175217676569,-0.0193971564512457,0.0129268725893516,0.0032127033638881,0.0007504471290607,0.0205295281189225,0.9997835831934736,0.0010212366978955,0.0235230460609177,9.81357171027596,-0.0317695491245911,-0.0252559281913844,0.0005069733697676,-0.3483907036112154,-3.812191900070663,2.0134868301844295,1118.322047420106,1119.8037061993566,1110.529380495904,1136.2727823705372,-142.4232181553815,-213.3861282723319,-241.84218402052824,-102.02276142603532,151.31025694371706
39.1525,0.3358990235272493,-0.4062609124161467,0.1292035543034913,0.0090353240691967,-0.0204798819690923,0.0141474109213869,0.0032494394813577,0.0007210898778516,0.0205377756301822,0.999783324402923,0.0004122733863005,0.0234418732428968,9.815880568967085,-0.0318874394154514,-0.0253101581520571,0.0004885679600266,-0.3484778035251576,-3.8122594971778656,2.0134877069515595,1118.1584217614839,1119.5309209524823,1110.2263851351863,1135.7897012883059,10.977205123430236,-30.37784347196331,-25.918924345738034,-281.788691402327,151.3083630778083
39.155,0.1877126251536788,-0.3173504010643217,-0.2951198226685762,0.0114483762146977,-0.0219388835351405,0.0135843213206227,0.0032886898199216,0.0006842148044994,0.0205572218335632,0.9997828239271208,0.0001442144506973,0.023412651886775,9.818398865313197,-0.0319993348320788,-0.0253631499419005,0.0004756391221558,-0.348563044285587,-3.812327377397109,2.013489000445724,1118.3769334457231,1119.6518169819967,1110.3997858741752,1134.863838913525,182.9235315219493,123.13370751678409,169.09363041597234,-471.8495643338628,151.30639770484257
39.1575,-0.037023618091142,-0.2111705088764213,-0.6433596625894119,0.0134893604358946,-0.0231055760681079,0.0111173195053392,0.0033268415609409,0.0006352474832525,0.0205870617051001,0.9997821103514632,0.0003200539783059,0.0233773822066276,9.821098087069393,-0.0321063510303908,-0.0254138612016398,0.0004697076070226,-0.34864442390244,-3.8123967301770745,2.0134905817286506,1119.0730394190928,1120.1465894900657,1111.0718532872654,1133.4304534666387,402.9942249535664,269.1524124033991,388.785489808862,-715.8469781015787,151.30435189435983
39.16,-0.3649862866647669,-0.0540233614473979,-0.905532989390188,0.0139832364022194,-0.0237086242679398,0.0065106379578329,0.0033645357893299,0.0005707395810653,0.0206221831182212,0.9997812865618502,0.0010214512395453,0.0233595489665624,9.823943593782232,-0.0322103158090247,-0.0254618081400479,0.0004725384158587,-0.3487227131168808,-3.8124675896244526,2.0134926693714648,1120.391904570492,1120.9975790440144,1112.3437133232203,1131.2846040230152,542.4867176672659,328.06368336793224,528.9548461382788,-820.457075730918,151.3018109886397
39.1625,-0.6453772702093031,0.1037645946144101,-0.9679345019032844,0.0123283849643044,-0.0236314657490037,0.0019888972249754,0.0034027243859478,0.000492892584258,0.0206592647884325,0.9997804152171216,0.0022193977439952,0.0233897841401541,9.826894534181124,-0.0323135475331647,-0.0255068883267211,0.0004857165861145,-0.3487991439179645,-3.8125392929043698,2.0134952155767047,1121.7854730074305,1121.7869079069062,1113.716627517958,1129.328168087982,585.7821676813144,305.49095705446734,596.9246802614606,-765.2079330203517,151.29962647434823
39.165,-0.8803978252958873,0.2906981310175867,-0.8726216096364497,0.0089377435391987,-0.0230957437085541,-0.0020682591978129,0.003440859086376,0.000407607903583,0.0206981540573842,0.9997794989267283,0.0038122077423589,0.0234703327521566,9.829904513006813,-0.0324185007792757,-0.0255494526353398,0.0005107362138959,-0.348874114131408,-3.8126105396203007,2.013497403950854,1123.320815408896,1122.5250338292851,1115.3283367245251,1127.4585643579169,673.900535858157,293.0083634981067,740.7240246821251,-744.5808565398065,151.29737684416042
39.1675,-1.0701342165369743,0.5510096210243023,-0.6243333807951412,0.0039999784484683,-0.0221734301165705,-0.0051001567366115,0.003477359899826,0.0003236635885062,0.0207379724619344,0.9997785600215772,0.0056417138899486,0.0235841859557497,9.832922199263368,-0.0325272578672231,-0.0255905788482124,0.0005490652583337,-0.3489477957790056,-3.812680748303346,2.0134980148519883,1125.1549756867228,1123.2519497243975,1117.4202476413707,1125.605263805281,655.0392716833644,233.36624425307372,771.2347108524829,-582.583321923332,151.29460617274344
39.17,-1.1457861333839183,0.7983487918531378,-0.3593525113960079,-1.7129341846368183e-05,-0.0211661895768309,-0.0055538272558763,0.0035112917438884,0.0002493052314173,0.0207806197090351,0.9997775639171697,0.0075606304427403,0.0237274898753709,9.835892349688578,-0.0326414385520986,-0.025631721859055,0.0006022848715673,-0.3490198589718743,-3.812748941634249,2.0134959092402864,1126.5960117673144,1123.691865050551,1119.1845102787895,1124.5456477482987,552.1608196364942,141.88333833543936,678.0528247320744,-306.65968326580395,151.29224034856233
39.1725,-1.155767623896876,1.0710896371351128,-0.0975552838496887,-0.0033357380730587,-0.019611979966364,-0.0044974447190957,0.0035381743007352,0.000193412883862,0.0208298362660976,0.9997764500879268,0.0094071221192916,0.0238277963484085,9.838757218596015,-0.0327618672896999,-0.025674534400237,0.0006714580985171,-0.34908962823227,-3.812814513928169,2.013490955553578,1127.9157797849027,1123.961366416074,1120.810511765028,1124.0719653889535,557.7958669404654,89.05049969644088,644.9137008258615,-86.72241684016737,151.28981738385147
39.175,-1.1353868833219682,1.4073148416144847,0.1637338193924772,-0.006095525514868,-0.0165891788693211,-0.0028191886947569,0.0035573385553575,0.0001631500211064,0.0208789512787885,0.9997753584769988,0.0110527215192227,0.0238867449217363,9.841457495819744,-0.0328876217243879,-0.0257213136258893,0.0007572467523751,-0.3491599136378444,-3.8128777379135905,2.0134845610260843,1129.384991102018,1124.1371175490335,1122.4090787829205,1124.1120356640977,526.0633308966627,52.414997578962826,504.5347696058945,86.25229555318718,151.28684499854603
39.1775,-1.124151200366705,1.6720501961539396,0.3219007550861557,-0.0076977447252821,-0.0127984790309979,-0.0016742819978559,0.0035681837783147,0.0001605085857052,0.0209159807517547,0.9997745420506636,0.012467931398887,0.0239053136970361,9.843934594090241,-0.0330161389658154,-0.0257743032463327,0.0008596034289484,-0.3492340268222415,-3.8129396616659457,2.0134786871102923,1130.5460964393876,1124.2234414039688,1123.3331856130587,1124.5032268667196,456.3799018129488,41.23582143451243,271.0639300088324,181.22339795962145,151.284314259189
39.18,-1.1450035173548379,1.891098818139311,0.4155823378843656,-0.0095314957203264,-0.0077673874414667,-0.0010397286951694,0.0035703715541223,0.0001832177682661,0.0209326179484058,0.9997741785938036,0.0137037836371429,0.0238881808437711,9.846132314149719,-0.0331439409653328,-0.0258348093078656,0.0009776176714979,-0.3493137517612839,-3.8130022042491647,2.01347451264452,1131.6668906110808,1124.343296656206,1123.7643984329632,1125.0181526538947,441.27903670145434,68.50660160177404,92.70633735395012,189.1843050538584,151.2817277902953
39.1825,-1.1995434603792836,2.0553918444060817,0.4564535597800161,-0.0117717774323143,-0.0021883565747457,-0.0004881165954897,0.0035624027417278,0.0002230312676099,0.0209318661639761,0.9997742109099113,0.0149245060893489,0.0238147230730031,9.847998929118445,-0.033267642113722,-0.0259025821794953,0.0011096763843369,-0.3493974341669951,-3.8130661434413065,2.0134729279423462,1132.7524916228929,1124.5659744119775,1123.796717299828,1125.449148391988,419.6990876857525,128.67629850591368,-67.0527738369058,121.24732909663344,151.27909539851484
39.185,-1.2923296864181748,2.1456701771644715,0.4291549435672702,-0.0141962886910994,0.003599346421679,0.0008517741120281,0.0035403460826244,0.0002754864215927,0.0209195862867229,0.9997745310385489,0.0162142326870503,0.023616322763912,9.849488235511023,-0.0333841919599433,-0.0259764507620682,0.0012530419295032,-0.3494837268758458,-3.8131316169478415,2.0134741979816817,1133.7653860495107,1124.986678148736,1123.4291345637787,1125.6243892993784,415.6879731495485,239.75348065756873,-220.08470985076764,8.262686902203633,151.2764084335592
39.1875,-1.4341647773778463,2.174136635882067,0.3107054212094586,-0.0173367331022251,0.0104208316136185,0.003608236593302,0.0035042656513862,0.0003387251157017,0.0208997729125522,0.9997750567674758,0.0176026393849826,0.0233012144656434,9.850560559695683,-0.0334911117506799,-0.0260547843390396,0.0014046198441175,-0.3495715003139431,-3.813198352280823,2.0134774570110454,1134.8309314886417,1125.764741815266,1122.6962937505737,1125.490461826499,354.97117702039304,326.55637278419505,-286.50141827805464,-91.7213031592307,151.27312261380436
39.19,-1.5594099831375559,2.1446341333649017,0.1475797423838542,-0.0203098158526862,0.0155912624153755,0.0058107618509634,0.0034593060207317,0.0004097006084439,0.0208806830242972,0.9997755972816796,0.0191405419903816,0.02297397657993,9.85118413601297,-0.033587075325659,-0.0261352384866714,0.0015615707361331,-0.3496584247393378,-3.8132658419141614,2.0134815915383992,1135.540241934611,1126.6194600126555,1121.9966274723895,1125.1657827835827,236.70773767527572,366.08740215246513,-259.86745111772854,-138.94441896729572,151.2703348364281
39.1925,-1.660028830116954,2.0803283906008168,-0.0486598753595716,-0.0239112773971404,0.0200980833592885,0.006308249562368,0.00340976326547,0.0004850403722605,0.0208623852735494,0.999776134159568,0.0208806280006922,0.0227176732804061,9.851336437319832,-0.0336712884401472,-0.0262157326324333,0.0017211124121952,-0.3497444446433813,-3.8133343395122066,2.0134862462068206,1136.0144701770187,1127.5951788260293,1121.3969564949844,1124.7957397316623,149.70557043281204,423.9104417253762,-201.59437521555137,-125.67529425230468,151.26749804660258
39.195,-1.706697296395606,1.9812990056564153,-0.2624473711589011,-0.0292473698885253,0.025231642814805,0.0044071885747499,0.0033595821249854,0.0005553937970246,0.0208434078720966,0.9997766865409616,0.0229897627443697,0.0226014381835256,9.851004960748798,-0.0337436752403874,-0.0262941350923488,0.0018809778397376,-0.3498297359899245,-3.8134046876023135,2.0134912636254074,1136.2887697867754,1128.7390122212835,1120.9886555963114,1124.5374063123209,52.24146537839464,389.67962222776777,-77.86225559559885,-34.529512628054846,151.26404077732428
39.1975,-1.6518153076092683,1.8862440775619704,-0.3846728451553021,-0.0345326751847623,0.0296108751370051,0.0015754613576482,0.0033118471032592,0.0006119630556595,0.0208229614948636,0.999777264232362,0.0256206822375648,0.022673145236354,9.850186917467607,-0.0338048500701437,-0.0263683095738912,0.0020389609579167,-0.3499135760799942,-3.813476718028751,2.0134963401991866,1136.2756775039104,1129.5435769371663,1121.0076452170067,1124.623092168522,-52.726208182885195,269.46636157986035,91.06120168144002,116.54197155524749,151.26111848107817
39.2,-1.4755850845826175,1.7781588068170433,-0.4313081081849909,-0.0400218286006266,0.0341315950453749,-0.0008835636188715,0.0032637284433696,0.0006547602837489,0.0208036816438086,0.9997778187321364,0.0287477105251664,0.0228634943814513,9.848889127599737,-0.0338560954519337,-0.0264361915267195,0.0021920625179006,-0.3499948724502885,-3.813550064823664,2.01350166705887,1136.0251387458609,1130.0863440291835,1121.4439616047189,1125.1201161700972,-164.05045799570664,172.13278220797582,277.50486316044214,314.3163494291668,151.25815737619973
39.2025,-1.1278923483509424,1.6325272403336892,-0.4165088785327572,-0.0454392070197264,0.0394161276060201,-0.002199179958404,0.0032087439177503,0.0006899109312524,0.0207851330434269,0.9997783734190714,0.0322208451565015,0.0230296057027137,9.847127817110513,-0.0338987154719882,-0.0264964422604371,0.0023367609957554,-0.3500744049019163,-3.8136245356951144,2.013508002100997,1135.4554252139314,1130.4042408482067,1122.3951695328096,1126.1946739156688,-255.86140754999712,69.61664774923484,399.6850793462724,461.43312223786,151.25456407136429
39.205,-0.7498733910771613,1.5008719927700522,-0.3680742025952845,-0.0483434322178266,0.0432777500078961,-0.0024359947790916,0.0031456804200762,0.0007245446517042,0.0207692018507002,0.9997788864801836,0.0358701890726232,0.0231295094487132,9.844927594262542,-0.0339339806922958,-0.0265482068413494,0.0024698786325607,-0.3501530448279972,-3.8136987217068543,2.01351596135044,1134.745831708112,1130.434427267929,1123.4423870014484,1127.4272817812844,-338.1443775953447,-15.957646814232268,438.6730024364199,539.3761773040266,151.2515400388863
39.2075,-0.3270902780737673,1.3659587213950564,-0.3038609184639206,-0.0494537989542055,0.0463808824720636,-0.0025587081019746,0.0030770009671067,0.0007639433945979,0.0207614675785026,0.999779229800885,0.0395611976632789,0.0231902178740963,9.842320898966216,-0.0339629558821366,-0.0265910595318239,0.0025888309682399,-0.3502307744903988,-3.813771595833461,2.0135258728210044,1133.7647033259539,1130.3244526141355,1124.5885345449929,1128.8915548021903,-441.8490122454854,-50.389654303600445,448.29011804504063,604.1569372902906,151.24848986610863
39.21,0.0942031710999728,1.2330373762843658,-0.2341189723770731,-0.0492036880098886,0.0489185710534947,-0.0027176533468184,0.0030063042318579,0.0008104824905699,0.0207626293533732,0.9997793762028166,0.0432136051770933,0.0232577827944735,9.839347147070905,-0.0339858765087485,-0.0266254700775531,0.002691767341541,-0.3503085120976081,-3.813842882484296,2.0135367337096888,1132.5365866468835,1130.1824789964112,1125.6838375916748,1130.4480664677376,-552.1572108654274,-50.91704577003012,395.7081688520663,622.5068373048293,151.24542158987788
39.2125,0.4723886969813636,1.101627381947008,-0.1578803406220629,-0.0475613033838061,0.0510639716006091,-0.0029233916175764,0.0029380476221558,0.0008641479374659,0.0207705796612459,0.9997793574736804,0.0467904234004796,0.0233929169042854,9.836051406075576,-0.0340021712136303,-0.0266524366083853,0.0027776782889159,-0.3503866900190827,-3.813912490429052,2.013547347905996,1131.0039172716292,1130.0698673852855,1126.5670753892512,1132.0040889887116,-736.4175310819389,-39.2112092137067,305.19377374955934,660.8925872557195,151.24233599056592
39.215,0.8381731632504831,0.9328559046160396,-0.0521620792708378,-0.0444777696885863,0.0537040410256092,-0.003469916643017,0.0028770942126082,0.0009228114693488,0.0207870667496794,0.9997791247432344,0.0502918068295172,0.0236627860049913,9.832483008995142,-0.0340108008358712,-0.0266727687385019,0.0028463576004538,-0.350463844002573,-3.813980221491928,2.013556407066767,1128.854498991472,1129.9864229503423,1127.2098064604231,1133.7525294040179,-824.9026453901806,-28.25046296896663,144.5229309223748,607.2289546213673,151.23861931793863
39.2175,1.0553321356676744,0.7676302102244147,0.053092102959064,-0.0415430869096246,0.056199115946589,-0.0042204080753146,0.0028228983022904,0.0009855163700042,0.0208065278360939,0.9997787937180156,0.0536869580916925,0.0240285516252849,9.828694681514932,-0.0340096221592578,-0.0266876171853011,0.0028976981362222,-0.3505406786487608,-3.814047490922469,2.0135634765709303,1126.8794040446762,1129.9286150704406,1127.2896900438636,1135.04023376182,-802.3205850859562,-32.967197187402206,-83.21162278005725,463.7306152252347,151.23551508151422
39.22,1.178695499447118,0.5604751182387798,0.1745569955454152,-0.0385449076715227,0.0588017277559689,-0.0048690831717245,0.0027721054421414,0.001053972663174,0.0208203488659323,0.9997785512624984,0.0568855794378031,0.0243977693038036,9.824741036571224,-0.0339955628335159,-0.0266980071598255,0.0029314530140251,-0.3506198199019218,-3.81411579311336,2.0135693673942234,1124.8428960660456,1129.8215869644057,1126.7937483465234,1136.071182480142,-877.7184302223361,-70.54687315427174,-364.79974089497296,373.13493502923853,151.2324092199538
39.2225,1.2257102458464204,0.2599495635185398,0.3197805985589495,-0.0348120119740083,0.061034357765345,-0.0046178404802924,0.0027220107454844,0.0011310794040949,0.0208216912149294,0.999778546136018,0.059768575439379,0.0246920063772897,9.820677062788334,-0.0339650465157613,-0.0267045104055136,0.0029472771549695,-0.3507033148978569,-3.814185776100578,2.0135754562891313,1122.4908118935623,1129.575880704669,1125.4656913393878,1136.9059084369671,-827.0380428968425,-112.62897372961255,-608.6642372253733,222.9471166993104,151.22868677914596
39.225,1.1899907950759667,-0.022741119498384,0.4170043651134862,-0.0318811138367029,0.0615532863394536,-0.0033790613858054,0.002670347308811,0.0012125909921287,0.0208107834459308,0.9997787851099296,0.0623523314641438,0.0248391767324067,9.816556844005962,-0.0339147239154247,-0.0267070500344406,0.0029451881981074,-0.3507908913181448,-3.814257296805843,2.0135831949562695,1120.7077058515595,1129.2584420957571,1123.750427160395,1137.185918063639,-660.0392670789097,-144.44801099875295,-795.9974123142237,10.162221055825432,151.225593169375
39.2275,1.08980406049815,-0.3165965561172912,0.4615864171551794,-0.0292876649427778,0.0609414962977561,-0.0015981643661418,0.0026151658565824,0.0012937373421156,0.0207898313859969,0.9997792365394916,0.0646593005039581,0.0247741128400754,9.812432362852004,-0.0338418887964867,-0.0267054497100607,0.0029252458614765,-0.350882202541989,-3.8143295266040407,2.0135934868935066,1119.1906155581707,1128.853640649676,1121.4857042778203,1136.9567195422462,-595.1428627739144,-180.51414406695443,-1082.3054402313949,-226.017326981785,151.22251364909903
39.23,0.909556605160682,-0.655731512114013,0.4332399809804395,-0.0264351297719141,0.0594901179515967,0.0007481144550259,0.0025601679296657,0.0013704254368349,0.0207627265425833,0.99977982007555,0.0666981406140939,0.0245439071127347,9.808351855718897,-0.0337450855655296,-0.0266995642155882,0.0028880583932769,-0.3509752410904066,-3.8144017546535616,2.013605572140455,1117.7319915376884,1128.355871375422,1118.3388999592353,1136.0558314287296,-469.0406142712492,-167.42579013035157,-1182.7498480494655,-429.8636896289356,151.21884055676907
39.2325,0.7188994576745598,-0.9093203218588776,0.3373571602868112,-0.0242738025661921,0.057579118942702,0.0027353057153461,0.0025119162510568,0.0014338273350623,0.0207377037610509,0.999780360858659,0.0685708211620866,0.0242509599844126,9.804358855114105,-0.0336246400514495,-0.0266891586135832,0.0028352954766929,-0.3510665647544345,-3.814472981756005,2.0136179208945544,1116.8454124868133,1128.0165116990236,1115.57195503757,1134.8074010941004,-279.1215981986435,-99.99589298631689,-1078.604588588522,-582.8768666888053,151.2158025724933
39.235,0.4990536662693114,-1.1126476721447198,0.177831740658877,-0.0226505513543873,0.0546511684615997,0.0045024255545365,0.0024738759003381,0.0014835597683681,0.0207174799887582,0.9997807906663084,0.0702135136656551,0.0239423934577483,9.80049208926508,-0.0334822487655674,-0.0266745465814953,0.0027686493562765,-0.3511545030287325,-3.814543113230585,2.0136291399901247,1116.3363835466964,1127.8558919104908,1112.9458770162976,1133.141447095288,-134.15522190132336,-23.327633535643034,-984.9289490333794,-710.932510602652,151.21279343782936
39.2375,0.266945315526858,-1.262539570485098,-0.0121201490710694,-0.0217108037114559,0.0511403922515908,0.0056419695707755,0.0024474630666384,0.0015202429220414,0.0207054559561155,0.9997810340898614,0.0715457510716139,0.0236278320325062,9.796784362885647,-0.0333209346997654,-0.0266560297840193,0.0026903427274297,-0.3512376186689464,-3.81461172174204,2.013638053965036,1116.1746363773063,1127.8998735313455,1110.6473102924003,1131.2527385410851,26.90759095265536,72.49426926865382,-799.5833314053472,-771.511487989088,151.20981194211987
39.24,0.0358457335115148,-1.3426593296924667,-0.1962185847507307,-0.0216114812069476,0.0474233186840493,0.0052304839069,0.0024286929080156,0.0015490765399977,0.0207056815558801,0.999781011417638,0.0724012662841081,0.0232157200542647,9.793262341218977,-0.0331444767626877,-0.0266337484573183,0.002602480602942,-0.3513149518176203,-3.81467870513601,2.0136439939479716,1116.4709215014595,1128.2183632568344,1108.9479603592688,1129.2838896553408,239.58406960427016,198.86185599452696,-577.0404520348866,-833.7379936723516,151.20686830855814
39.2425,-0.2225947284182255,-1.3636072386100535,-0.3493096503315091,-0.0223923991624597,0.0432737924682782,0.0028006516329858,0.0024087057141843,0.0015780126900641,0.0207130248442107,0.9997808410749016,0.0725655781150515,0.022524207677721,9.789946043115043,-0.0329561452789383,-0.0266081460282452,0.0025068585252657,-0.3513888058893607,-3.8147456983272345,2.0136480645998165,1117.3725567253266,1128.8941828113173,1107.7621080322288,1127.0840485727272,415.5815095834128,285.86390939452565,-286.4809461055179,-745.4286767076568,151.2033859049626
39.245,-0.41396894673382,-1.3281703986244455,-0.3865871558016477,-0.0237729732373376,0.0404591748852875,-0.0001249083647906,0.0023791833055751,0.0016125904997765,0.0207180687870382,0.999780735459192,0.071881243476154,0.0213853921787756,9.786847976804019,-0.0327583430887183,-0.0265795400942823,0.002405290122241,-0.3514632731186045,-3.8148149794978496,2.013652312670147,1118.5488290493747,1129.6476828038055,1107.5155556287425,1125.5567462718059,540.9894637374653,322.6917369299085,42.07534759414224,-516.3527173347206,151.2005303570446
39.2475,-0.5795490384457734,-1.2480280488111934,-0.3186091938713179,-0.0256354475575538,0.0379710289138226,-0.0028731494591623,0.0023326808484326,0.0016616930056777,0.0207137532098125,0.9997808493993576,0.0701370495416226,0.0196541430360044,9.783973442999942,-0.0325528512134984,-0.0265478768936465,0.0022991492917948,-0.3515411914031906,-3.814888172635332,2.0136571867620847,1120.0775040440153,1130.5076414959676,1107.9724847701996,1124.5022849860525,724.3904989466432,380.2053878578009,325.4176446368701,-337.01439214706664,151.1977291725364
39.25,-0.7610135787996628,-1.101877748452727,-0.1434486861229672,-0.0277927786772949,0.0345587364703349,-0.0046607750797024,0.0022698037567725,0.0017229014482188,0.0207035095482491,0.9997811057935938,0.0673591140090469,0.0173426266491316,9.78131986964443,-0.0323415491055393,-0.0265126114427249,0.0021907686625782,-0.3516222301005732,-3.8149637901820745,2.013662365188912,1122.17078154411,1131.5487097430955,1109.1426438519277,1123.8716743110697,786.761383727741,368.00945897327256,493.63864479236656,-128.1769783370948,151.19443823488223
39.2525,-0.9131073436068576,-0.9359353253545658,0.0399794846198456,-0.0292254498162547,0.0315331512300009,-0.0043192950024292,0.0021907718814722,0.0017967618887883,0.0206917535776942,0.9997814029467627,0.063528985413238,0.0144625547000646,9.778879001972792,-0.0321265318568276,-0.0264738359812684,0.0020821481590342,-0.3517047727747648,-3.8150404983032824,2.013666706239312,1124.0113109626504,1132.3476887908323,1110.4406779941592,1123.8614000943676,729.3641670001667,290.58986991980106,534.3832246671803,79.90433323698657,151.1917604382664
39.255,-1.0813028257629682,-0.7263555149977822,0.2102794204725194,-0.0304204526046562,0.0288179650058314,-0.0027445852085139,0.0020958217661265,0.0018826135773808,0.0206792633452177,0.9997817208014707,0.0586665604422045,0.0110327016645846,9.776637843418916,-0.0319102887865837,-0.0264328530868326,0.0019752385461174,-0.3517875571735052,-3.8151170319801953,2.013669606228724,1125.8176023791127,1133.0016590926955,1111.8145599752647,1124.2711959772548,762.2595200165699,242.3991896933,567.5861455693217,232.31357149867955,151.18915722678315
39.2575,-1.3010619770749865,-0.4408566382143154,0.3573054094568997,-0.0325737953742054,0.0263406669470012,-0.0007028424138045,0.0019913760324659,0.0019731181872841,0.0206687022809319,0.9997819974118431,0.0529409688096458,0.0071979534025497,9.774579670571763,-0.0316962090723931,-0.0263918734839219,0.0018724867787185,-0.3518696352991956,-3.8151918630508974,2.0136712014848097,1127.8226085627352,1133.5596847392994,1113.2786087220072,1125.0229679518616,695.6127646433703,162.0260784768216,477.4234212536407,282.8098728895682,151.1861287509982
39.26,-1.4827513074566294,-0.1966739059256326,0.4172657090977461,-0.0356616416988971,0.0253156116289234,0.0008611087128797,0.001883035449967,0.0020656132638214,0.0206599921664744,0.9997822223453686,0.0464467389745332,0.003097859496368,9.772686514475105,-0.0314884390311406,-0.0263542254697164,0.0017755647699307,-0.3519509053902765,-3.815264486928631,2.0136713223525047,1129.2956662023264,1133.8117894850789,1114.2016770815308,1125.6852453417011,538.7913148691013,56.05157528213428,291.87754645830483,237.71753636507697,151.18369100026987
39.2625,-1.6328336613141596,0.0201210211707039,0.4086136588776815,-0.040039908244729,0.0256856912437558,0.002371959284607,0.0017756115063976,0.0021565802260798,0.0206567985904086,0.9997823165306416,0.039313017174864,-0.0011347404324411,9.770940793538102,-0.0312921561814308,-0.0263236792685183,0.0016855375509828,-0.3520306004949622,-3.815335025674516,2.013670231992937,1130.516565137082,1133.8399426157102,1114.7379964542995,1126.2115556336876,442.1495237673765,-22.273792658359046,153.35894113142217,174.96142969171305,151.1813489583817
39.265,-1.7363078599093829,0.1902975237984002,0.3477853120208573,-0.04490815665041,0.0270061360053614,0.003846441774861,0.0016723622019248,0.0022383603861192,0.0206651621204731,0.9997821665225036,0.0317677025241567,-0.0053897742235947,9.769327325262038,-0.0311133550966024,-0.0263042196994776,0.0016028606802283,-0.3521077980181315,-3.8154023409968953,2.013669000654028,1131.5064138211644,1133.700420521787,1114.9684717871885,1126.5600524901604,336.0908549730412,-87.87996238687617,37.73110177793363,99.53564375232376,151.17908989854183
39.2675,-1.7700644363404299,0.2877119875345511,0.2379994547525919,-0.0496103304171662,0.0288437515472457,0.0049968420351576,0.0015746298625041,0.002304333605257,0.0206821747782056,0.9997818463324952,0.0240358872838327,-0.0095855290956683,9.76783503763579,-0.0309580356301349,-0.0263003499317134,0.0015269849882735,-0.3521836560686714,-3.8154659431560938,2.013669142032716,1132.1970194119458,1133.4005428037763,1114.9266519631888,1126.7092338524487,229.49700554083475,-155.93310305613366,-42.271533672443375,43.93944092878453,151.1769337980548
39.27,-1.7254919985072452,0.3221599263838069,0.0772931597343426,-0.0546154384992631,0.0309755873178258,0.0053313522655002,0.0014826038901081,0.002351965364598,0.0207026652592122,0.9997814729842962,0.0162801065742928,-0.013654247547322,9.766458147837648,-0.0308323250024228,-0.026316163727958,0.0014563383005388,-0.3522582383788446,-3.815526799239039,2.013671389686701,1132.6538988488692,1132.920755006506,1114.757114118826,1126.7797496948044,102.08745241256344,-187.703756446212,-48.31628728918333,34.474655120475845,151.17446737505304
39.2725,-1.6176482384727022,0.2995147403991855,-0.0581362654921289,-0.0584015533411847,0.0323099223702163,0.0047512698235323,0.0013975904791532,0.0023830582557069,0.0207294264852544,0.9997809885128468,0.0085947323410937,-0.017499351205513,9.765197022157537,-0.0307428028004121,-0.0263542396882993,0.0013887069953748,-0.3523289941834923,-3.8155864261841215,2.013674812078987,1132.7074566740089,1132.4620240215447,1114.6850705267427,1126.8816071280512,-48.96489719435428,-192.023098201018,24.72661232752646,82.00785877409726,151.1725127931446
39.275,-1.4346035396600136,0.25774386919096,-0.1742567854748423,-0.061893903534722,0.0327196876701632,0.0039012947804152,0.0013200226358056,0.0023985798485605,0.0207691304684432,0.9997802569410948,0.001103584169803,-0.0210384828516156,9.764059351752179,-0.0306958787512842,-0.0264156012594983,0.0013217021857614,-0.3523935199596914,-3.8156454825962407,2.013677877084475,1132.4090743628976,1131.9606395155015,1114.8807471804637,1127.1897889886743,-211.6099223635783,-237.21081594882577,182.73011600030915,208.69932990365905,151.1706612572812
39.2775,-1.122195237822332,0.2285152163440119,-0.2793948398856473,-0.0656675614793152,0.0322566183629741,0.0028449540380123,0.0012495520052272,0.0024027009123262,0.020816617090783,0.9997793746058172,-0.0061219083635688,-0.024203718291729,9.763060212898033,-0.0306962846712499,-0.0265005510402714,0.0012526278654342,-0.3524542353325951,-3.8157054436939863,2.0136804522089915,1131.6494070621904,1131.2759699418,1115.5987211067447,1127.92510377757,-341.38364758019446,-276.3154910531235,357.04886053072113,334.97701271054353,151.16855477736752
39.28,-0.7798761365260006,0.2442344512307819,-0.3361062350980805,-0.0683798411036364,0.031661668416317,0.0019252154091818,0.0011906836004555,0.0023971013693753,0.0208662649506331,0.9997784468370148,-0.012953366741625,-0.0268367069558921,9.762222705989384,-0.030746945403654,-0.026607992440062,0.0011791241915718,-0.3525128745713983,-3.8157673296001016,2.013683576430173,1130.7021561249956,1130.5790620602354,1116.6659914831182,1128.864674052228,-435.4022050426332,-321.7739320594062,522.9225688158048,430.158218338038,151.1668916779134
39.2825,-0.3508512562483576,0.310689567752847,-0.3622002826537407,-0.0704370050399399,0.0314054380350004,0.0011235483828955,0.0011466173471827,0.0023828604018523,0.0209144259228149,0.9997775432341865,-0.0192497346443328,-0.028810858130607,9.761577570532868,-0.0308486338061458,-0.0267354949322319,0.0010987705286219,-0.3525697754161185,-3.815831373957744,2.013688345841979,1129.4723960369793,1129.6671002815044,1118.2133339508216,1130.0758948692583,-592.6910561741958,-466.87569570193534,769.538686137791,561.4076638152112,151.16531938466176
39.285,0.2541488329391236,0.4377871928947589,-0.3613499887329173,-0.071385524191577,0.0318378476735784,0.0003753060430203,0.0011154113023903,0.0023642529460134,0.0209531460766506,0.999776822727874,-0.0249379821688636,-0.0301079223555912,9.761161718770467,-0.0309993568939661,-0.026879971394272,0.0010088384491209,-0.352628122818738,-3.8158977320944554,2.013695297067157,1127.7387008441233,1128.2446835817243,1120.5136849138091,1131.6717123713056,-667.2908947365837,-581.3777781778508,890.3727328970936,578.9163932968899,151.16353194007073
39.2875,0.8162143580793234,0.5647065232781783,-0.3341546573287207,-0.0704812364273368,0.032897643684874,-0.0001371584127003,0.0010935473007274,0.0023480930895583,0.0209750190941594,0.999776430921746,-0.0300042784330994,-0.0307506098873131,9.761016923928295,-0.0311946036629346,-0.0270376612608196,0.0009068262409364,-0.352691603823261,-3.815965624296509,2.013704215711967,1126.1359415632946,1126.7602113906137,1122.6651976153091,1132.970476835744,-659.6142876058908,-651.4214772855224,869.1306118426556,482.21999330820125,151.1621211559439
39.29,1.409780238613069,0.6860560260704055,-0.2750179277139164,-0.0678742332300597,0.034527604058818,-0.0006718482920315,0.0010784323879468,0.0023423409922623,0.0209798032748576,0.9997763598441696,-0.0344711264405968,-0.0307552857144344,9.761188429659954,-0.0314281452733043,-0.0272039327806628,0.0007910027860557,-0.3527616191920338,-3.816034918903472,2.0137138577104587,1124.4406294060968,1124.9875761952999,1124.8593379730185,1134.0828123378444,-682.9977532085794,-744.5560761890475,851.4062962824673,400.08957960974374,151.16078750760704
39.2925,2.005412265182876,0.7822003075114123,-0.1827132192403135,-0.0639992292527149,0.0363444006330185,-0.0013170874709815,0.0010663622607115,0.0023502375094636,0.0209747254199317,0.9997764556851156,-0.0382882810622799,-0.0301751457370527,9.76172413070282,-0.0316928271601351,-0.0273733881381537,0.0006608823035245,-0.3528363353737234,-3.8161051502171577,2.01372288594973,1122.72095279725,1123.0374310096663,1126.9222290967239,1134.970924733794,-682.891118745434,-797.3307337987094,750.8972193558544,297.46517235656273,151.1595145144408
39.295,2.5726388117179884,0.8245542469742905,-0.0416112730829906,-0.0586513307896093,0.0384023035548748,-0.0021217511099869,0.0010538923958791,0.0023759294848969,0.020966909534215,0.9997765653401914,-0.0414454388483921,-0.0290729135753777,9.762671677766468,-0.0319809132116399,-0.0275404109722691,0.000517006323599,-0.3529127533820061,-3.816176732470975,2.0137299864231903,1121.026173812368,1121.0009225263043,1128.6138240697996,1135.570138199628,-730.264245512881,-872.150325713321,602.4355759253034,206.17304286088816,151.15831082205935
39.2975,3.177693223887227,0.785208204366939,0.1887071521251112,-0.0504285642831613,0.0414854002659394,-0.0030844576203275,0.001043827645153,0.0024172198502852,0.0209620911804465,0.999776572638674,-0.0438310600790525,-0.0274075001924475,9.76407778536549,-0.0322844196988319,-0.0276993469151326,0.0003616059373385,-0.3529895475950123,-3.8162504443914576,2.0137349459884755,1119.069631569689,1118.676679381104,1129.9344069763476,1136.0017899480974,-700.3202247610317,-795.604691941437,327.9575144022742,124.29615384578943,151.15694176068072
39.3,3.586370822464103,0.6622916023079117,0.4241090181963801,-0.0420038665457657,0.0444012733565572,-0.0035003692866605,0.0010416255799833,0.0024647651588163,0.020964066580291,0.99977641515626,-0.0452200443340602,-0.0251044035131096,9.765986287641132,-0.0325951825020242,-0.0278447462658561,0.0001982452141267,-0.3530661018258758,-3.816326264768227,2.013738676281282,1117.5245726885607,1117.022899066595,1130.2536116418119,1136.1916189688573,-595.1922249381053,-558.8229196672597,-67.54834850618136,61.52760654792054,151.155860378339
39.3025,3.860370802605321,0.4430021272350203,0.6784416783585256,-0.0321809868646695,0.0467828263905316,-0.0027582316685573,0.0010498188537683,0.0025135142958809,0.0209690884076465,0.999776179829554,-0.0455002746863667,-0.0221599237294272,9.768433783669982,-0.0329044801448024,-0.027972004082721,3.059220282714132e-05,-0.3531428742509969,-3.816404259888336,2.013741331631573,1116.0936704449969,1115.882564782766,1129.5966652338163,1136.3094279808372,-592.0722461003535,-340.50989448168406,-523.5803710605737,59.70045879981599,151.15483700700582
39.305,4.006080283953784,0.0886291149782491,0.9572692213113512,-0.0195645393115951,0.0482188928422805,-0.0001287596539129,0.0010641494044062,0.0025638183711959,0.0209703878466198,0.9997760107142482,-0.0446964047841168,-0.0187140897440906,9.771447588462019,-0.0332032047200314,-0.028077356141678,-0.000138030108439,-0.353222561962406,-3.816484489611976,2.013742406592396,1114.564211458062,1115.3203495941882,1127.6357097865111,1136.490121262856,-517.1194959441136,-52.66897567921903,-895.087458675148,87.87078524686683,151.15367192689467
39.3075,3.9691757013389695,-0.2565790381528273,1.1299913067776588,-0.0090996643961645,0.0479982437493102,0.0032918496770959,0.0010783365819178,0.0026197411881746,0.0209638559539949,0.999775989473394,-0.0429345025100419,-0.0149553646189513,9.775044788835027,-0.0334823354407586,-0.0281577788957181,-0.0003044243578097,-0.3533074582880832,-3.8165668802873447,2.013742187564995,1113.5080729652786,1115.6192199043703,1125.121227940445,1136.7487819070711,-360.00406358002465,281.95838509990733,-1136.0197756954776,137.16384964388712,151.15275067573688
39.31,3.778302476276568,-0.6185243875408498,1.2059927941302706,0.0007606347946463,0.046304520500778,0.0075887611821829,0.0010899144629837,0.002683140943272,0.0209545150999156,0.9997760060707174,-0.0403223792801637,-0.0110056651613056,9.779232364566008,-0.0337338024742916,-0.028210805567499,-0.0004649482291226,-0.3533973356666995,-3.8166503118154327,2.013741163281869,1112.7641911401608,1116.7301415196885,1121.955610908031,1137.1759405110759,-234.0546677083861,565.7397797263291,-1319.6670748776412,199.82784177090036,151.15187779706176
39.3125,3.477559238764675,-0.972071384535497,1.1907164314672152,0.0098706547727466,0.0436120413536405,0.0120228086949179,0.0010980508185154,0.0027571558441067,0.0209507284937304,0.9997758769322888,-0.0370158225828343,-0.0069597781106752,9.784005788362215,-0.033950807458551,-0.0282350723026477,-0.0006159763491084,-0.3534904689903706,-3.816733461169626,2.013738649005312,1112.337799626736,1118.4479188030034,1118.522892566053,1137.747921115926,-83.96047506265309,801.187676344672,-1365.8669230260018,253.2277361711324,151.15104282727472
39.315,3.073749809801382,-1.2994634639997156,1.075064947054177,0.0176059137058309,0.0403529819295648,0.0156879580218064,0.0011039544151429,0.0028439750333002,0.0209571509093486,0.9997754983577428,-0.0331715524810647,-0.0028764187877154,9.789349068097527,-0.0341279502954922,-0.0282308174713506,-0.0007538664239451,-0.3535849825709959,-3.8168155458669695,2.013733585229262,1112.344388764848,1120.736079901408,1115.1262762929073,1138.4420791919304,109.18519359082764,1083.2050837535833,-1402.6562742218275,305.4584220078852,151.1502510971852
39.3175,2.5110003008993926,-1.6542168862122124,0.8567107293267692,0.0250733915910464,0.0363162069676669,0.0186664211736499,0.0011127187047506,0.0029387600498015,0.0209743244580498,0.9997748666971408,-0.0288235580267617,0.0012584058616126,9.795235579107985,-0.0342614838459399,-0.0281997982373902,-0.0008746852862377,-0.3536788131453382,-3.8168952800083096,2.013726442597035,1112.8837255946903,1123.863944221774,1111.5096111949404,1139.2752132259664,286.1858421161187,1165.2589095817295,-1203.3865619432372,278.4317663032592,151.14934806481838
39.32,2.003251683828843,-1.9147254661566524,0.6429884091068315,0.0299114257756523,0.0324827290073901,0.0200476539591157,0.0011263266594911,0.0030335802803198,0.0209956020509288,0.9997741397905316,-0.0239585436087038,0.00539871958373,9.801627707394696,-0.0343491302729825,-0.0281452354783265,-0.0009751524787634,-0.3537714473786001,-3.816971962106869,2.013718557357573,1113.7753179754293,1126.5623744493198,1109.109343483188,1139.8342380234471,443.600412792233,1044.917847138181,-801.9338202684611,164.53037473071575,151.14863277509252
39.3225,1.4777532530065727,-2.1299839357597574,0.435126004595551,0.0335003407998747,0.027796104470754,0.0206036881372872,0.0011450969509827,0.0031194507622364,0.0210161837645764,0.999773443119876,-0.0185503206289951,0.0094711207233601,9.808476974221993,-0.0343903977244593,-0.028070814889793,-0.0010528626602829,-0.3538626445074273,-3.8170462456557033,2.0137114948182178,1115.1017276586497,1129.0885334574602,1107.499942093602,1140.0978650996192,672.7910129291754,1017.5618538984304,-523.7784112617695,25.51632452381059,151.14795401172907
39.325,0.8410644604505854,-2.319994876702866,0.2254679856380319,0.0366047964049832,0.0213440793681233,0.020706155208126,0.0011674861570972,0.0031904403047137,0.0210354107569871,0.999772809429697,-0.0126356041178462,0.0133744568328388,9.815724201726498,-0.0343864448150282,-0.0279801462116262,-0.0011065422491621,-0.3539522179546235,-3.8171190740677736,2.0137063641855217,1117.139273040077,1131.6501837188143,1106.4904514268778,1139.9618196460665,808.4929948895435,831.0048474090605,-236.9300430544324,-127.04570536086842,151.1471795411242
39.3275,0.3110744462113174,-2.4090113504448465,0.0980595192567386,0.0384261258772865,0.0153992297786949,0.0205418340596845,0.0011929371927258,0.0032419934445492,0.021056142984614,0.9997721936247012,-0.0062755625812237,0.0170360606356937,9.82330049347482,-0.0343397749621793,-0.0278765355931378,-0.0011355403680664,-0.3540399019411208,-3.8171903348885294,2.013704246005316,1119.1441926330995,1133.2435576945077,1106.3152918783292,1139.4626365728143,843.9749511050595,503.8199831973578,24.87504702769445,-264.9622192096239,151.14656611726824
39.33,-0.2098388950893098,-2.414447107597777,0.0260930322504423,0.0391722646415455,0.0089994023177333,0.0202900409152588,0.0012196764983714,0.0032730671182822,0.0210800303352814,0.9997715676660234,0.0004049958808346,0.0203698987005808,9.831128004587567,-0.0342536908224853,-0.0277631145493029,-0.0011397112513784,-0.3541262815164741,-3.817260736338047,2.013704950454591,1121.3591477955983,1134.169283634799,1106.614826662016,1138.6370085500196,990.830453793608,247.64289574601267,182.33249758068035,-407.04607168538234,151.14598442950222
39.3325,-0.8035254934009863,-2.320922344634428,0.0011563283874353,0.0378797900428678,0.0014292993392313,0.0199957862697555,0.0012455731627186,0.0032858077535167,0.0211070525033028,0.9997709293068904,0.0072275161509887,0.023293853772769,9.839120875788185,-0.0341320458532143,-0.0276427459570318,-0.0011189042222413,-0.3542120418041823,-3.817331134726885,2.013707160845416,1124.09834490207,1134.4817721732384,1107.226954366233,1137.4274062143863,991.6487542398884,-11.080920278658384,230.0177371005435,-452.99067538334856,151.14532170729643
39.335,-1.2510573713188329,-2.1662627719356533,0.0250313903844747,0.0349315376058978,-0.0042912302774329,0.0198053678576109,0.0012664137876509,0.0032827280917808,0.0211405646712796,0.9997702057016484,0.0140176473274189,0.0256949499286967,9.847186541483948,-0.0339793916226116,-0.0275176488536316,-0.001072549479711,-0.3542961068975405,-3.8174014470568873,2.013708982799909,1126.3173915668003,1134.1138790334055,1107.7649153475195,1136.3720551731017,844.0187190933046,-258.1187121540171,198.54846105426853,-402.1599409633856,151.14479804081367
39.3375,-1.6278531442316593,-1.9483287308371728,0.0834954748999267,0.0308574552868175,-0.0093231995775387,0.0197265535308719,0.0012769288265237,0.003268886413066,0.0211790618817362,0.999769418299876,0.0205645434453419,0.0274500272215072,9.855226256737264,-0.0338003811859385,-0.0273899995628543,-0.0009996617423097,-0.3543787833150897,-3.817471548572615,2.0137086689476447,1128.3184384975327,1133.1911786124695,1108.2196966715035,1135.4166065095715,745.6389493561624,-440.4735840698797,171.31081361885992,-349.9498199198598,151.14430332110254
39.34,-1.9367733092134705,-1.6933866916650275,0.1592182675429023,0.0262981911329627,-0.0137635679045222,0.0197975717216426,0.0012748768796567,0.0032488690564866,0.0212194331085466,0.9997686207381928,0.0266839272886866,0.0285050044493891,9.863135842211545,-0.0335997902905257,-0.0272617467467728,-0.0008986034069514,-0.3544597927546997,-3.817541222478423,2.013705416339702,1130.045586313583,1131.9115111130552,1108.6214694156142,1134.6223060735015,610.7765281680772,-568.5519689694322,172.07038137158017,-271.9741878229315,151.14383225019012
39.3425,-2.159674100365331,-1.4140594458862437,0.2387975323295953,0.0213585296084265,-0.0171438674361017,0.0201489644112954,0.0012601063304349,0.0032267973773036,0.0212558183772462,0.9997679247254124,0.032218847087571,0.0288563411393214,9.870806809889064,-0.0333822800242842,-0.0271346938632938,-0.0007675356231201,-0.3545389369808205,-3.817610531284707,2.013699500012356,1131.3723211383747,1130.3484187676208,1109.0800485783618,1134.056735570456,485.5363724669456,-714.9496848506851,257.39238752008293,-201.6571240949376,151.1433896780886
39.345,-2.325259568392159,-1.074088775554708,0.3137177738359247,0.0154061317231263,-0.0199583602207539,0.0210439498001326,0.0012343999026434,0.0032088682833646,0.0212837829643696,0.9997674032038076,0.0369906324879797,0.0285487285527934,9.878127728638852,-0.0331524405988774,-0.0270102244551875,-0.0006050499359445,-0.3546173251846346,-3.8176801851580975,2.013691720333194,1132.4732681759156,1128.336762688805,1109.9084313532135,1133.6140204530277,325.55445389800013,-736.2199542631841,377.8507828555007,-134.24988834988153,151.14289225060543
39.3475,-2.3738101664030116,-0.7973420563557708,0.3404110721683563,0.0103019268111138,-0.0215610996271246,0.0222650270913653,0.0011986431989382,0.0031989698171663,0.0213034087285077,0.999767042188025,0.0408848027927038,0.0276167027317293,9.884986594921113,-0.0329148582989847,-0.0268891632268519,-0.0004104233741582,-0.3546958166063526,-3.817751158018555,2.0136837714380036,1133.0000934078655,1126.667318996303,1110.9693024926403,1133.3854861287064,139.96044991269744,-646.7058898998732,518.9844252890526,-78.52920549535686,151.14250684895225
39.35,-2.3166201715383337,-0.52921731600851,0.312296138757659,0.0042356557145032,-0.0227781198985735,0.0239332186830716,0.0011540819967172,0.0031985167202066,0.0213163993775617,0.9997668016105102,0.0438545984465311,0.0261088330278564,9.891272789115025,-0.0326739823925762,-0.0267721523827362,-0.0001837578298171,-0.3547743680477326,-3.817823707141775,2.0136769029084194,1133.1730704254794,1125.103233239304,1112.50335347966,1133.2213744255507,9.11788627100497,-654.1050030795342,778.6406051017625,-72.98502033652127,151.14215361115822
39.3525,-2.110762400908277,-0.2091566528287774,0.2087865380874377,-0.0038365023889829,-0.0239864106744929,0.0260075037293971,0.0011056385544441,0.0032041941721211,0.0213284011802778,0.99976656608488,0.0459667298081344,0.024151848148062,9.896879173781892,-0.0324343292321699,-0.0266597581259793,7.4313376352845e-05,-0.3548516035386615,-3.81789744051936,2.013671311972368,1133.0456828392205,1123.3967939809083,1114.8625055181456,1133.020561027024,-92.14143055564652,-596.8411089218209,930.6510208147542,-80.47020116578528,151.14176998961847
39.355,-1.8274821745803316,0.0636249301668572,0.0737779162895264,-0.0099159809132662,-0.024658994840543,0.0272054821924023,0.0010550221653951,0.0032134238394034,0.0213408513058697,0.9997663110326632,0.0472888068051262,0.0218166994751575,9.901705293990984,-0.0322000369064341,-0.0265532530971226,0.0003619721818309,-0.3549272188749446,-3.817971675719441,2.0136671601147844,1132.7123632727007,1122.1190276946932,1117.1566085837362,1132.8190234197216,-170.34966736314726,-483.63881326488627,948.0833722458253,-88.57707629608755,151.14148665662023
39.3575,-1.4547068140559916,0.3465705590548396,-0.0843722189725365,-0.0141961976302613,-0.0246433783528548,0.0272908197519319,0.0010032931102342,0.0032240559842842,0.0213564095771317,0.9997659866021602,0.0478954720296654,0.0191684135444741,9.905659808361877,-0.0319750488078849,-0.0264544327032157,0.0006764964591083,-0.3550013835702084,-3.818045069530704,2.0136651470778353,1132.1939345024043,1120.9785999145827,1119.602922379377,1132.5776756455434,-262.57498683481805,-470.45046409918575,1063.3834216255887,-111.0614728556912,151.14124504910328
39.36,-0.9528225466833286,0.6921314627855327,-0.259188785206259,-0.01718698983577,-0.023558446975238,0.0259287901004351,0.0009561223833226,0.0032315993849845,0.0213823797331406,0.9997654450524888,0.0479239184257665,0.0163683514979181,9.908662676304495,-0.031763130826187,-0.0263653981698414,0.0010148823204241,-0.3550730750543817,-3.818115741395287,2.0136651792685214,1131.399488338528,1119.7667753741996,1122.473525691859,1132.2637160554436,-315.52561112400554,-414.3640986958116,1010.5428243701512,-114.07259782484817,151.14100865759846
39.3625,-0.5248893546342224,0.9750710682680144,-0.3663161031235057,-0.0180348272275073,-0.0218829209674118,0.0237769135786509,0.0009188561891604,0.0032370127293343,0.0214208495368256,0.9997646321539853,0.0474147151883394,0.013579528095908,9.910647997248327,-0.031567153831118,-0.0262889705455935,0.0013732761620114,-0.3551440624101703,-3.8181834402572297,2.0136666070653,1130.6163064467835,1118.9067794211023,1124.6556365012304,1132.007312656419,-333.9206466959351,-303.38127795123853,801.5388840825373,-93.15327912722532,151.14086010826827
39.365,-0.1180752323085985,1.2356845999505903,-0.4203546627086963,-0.0175256308935624,-0.019488531722161,0.0213079045544817,0.000893710534825,0.0032423642888598,0.0214702465392651,0.9997635730015962,0.0463944693208546,0.0109078627152747,9.911566427348609,-0.0313890310097848,-0.0262282067984391,0.0017472269007836,-0.3552154660263604,-3.818247689453808,2.013668303825602,1129.7298851050475,1118.2498689844426,1126.481220112274,1131.7979496598073,-368.6595362187461,-220.20622907927665,658.3889254217487,-67.9794911097524,151.14076586882683
39.3675,0.2615664495461615,1.4614825335946409,-0.4390155585552175,-0.0164839987982878,-0.016396767658203,0.019358694838236,0.0008813158855346,0.0032463164376265,0.0215283377894542,0.9997623201072238,0.0449638556440561,0.0084290445589958,9.911386925812833,-0.0312298672087946,-0.0261857415510995,0.0021320435642269,-0.3552866808310873,-3.818308401282287,2.013669946219003,1128.7730087656914,1117.8057482757072,1127.947581128336,1131.6674152008704,-395.99215244802144,-117.31083821807016,492.32518222942633,-23.03230174240801,151.14071922009148
39.37,0.6126527403245094,1.6228419652560644,-0.4437439914820011,-0.0157351302375149,-0.0124191731789418,0.0186313549421057,0.0008770721042738,0.0032520189871516,0.0215868424859349,0.9997610448860168,0.0431370009583057,0.0061179328368281,9.910098376329536,-0.0310897563678319,-0.0261636556946005,0.002522001962427,-0.3553578075854497,-3.8183675103739136,2.0136717045952635,1127.7499243428092,1117.6633147933528,1128.9428460234187,1131.682788151095,-459.69495577123,12.707299783999453,324.2825937492103,49.52499029361401,151.14073249816093
39.3725,1.0104441952989602,1.7150801356284404,-0.4746848731704742,-0.0150423136471066,-0.0070796122890426,0.018730690457402,0.0008748969386045,0.0032634797291711,0.0216341177235763,0.9997599915975935,0.0409128923962009,0.0039189598514625,9.907710471539197,-0.0309679626424747,-0.0261629502673703,0.0029106422645662,-0.355429670437703,-3.818427511623948,2.0136744521078054,1126.474533986834,1117.8692847746272,1129.568994097083,1131.9150401523386,-470.7475959352316,137.45776815432936,132.52041434050213,120.02867126223688,151.1408202912637
39.375,1.3170767879644778,1.6930102017369724,-0.541066302175594,-0.0136225937210573,-0.0026013700012036,0.0189601139580292,0.0008721590464386,0.0032856331708881,0.021663192737336,0.99975929821474,0.0382742837308466,0.0018412831334578,9.90425415938111,-0.0308634516341527,-0.026182968136571,0.0032909692792219,-0.355502905003331,-3.818490008422755,2.013679121213188,1125.3961863631318,1118.3506036341248,1129.6054480951218,1132.2829315074068,-428.4110112482526,251.04423208063147,-87.86544034477434,168.44395838167515,151.14095471159862
39.3775,1.5689215911332917,1.5583482970118063,-0.650924214739028,-0.010407298792533,0.0019538563944591,0.0186940314144477,0.0008693512950488,0.0033155662173378,0.0216757473095943,0.9997589357678816,0.0353592702178164,-5.3797100299231994e-05,9.899782252279197,-0.0307752360254528,-0.0262213685071451,0.0036560395146414,-0.3555766284474596,-3.8185547288515895,2.0136867391466606,1124.3324789305948,1119.1245059350292,1129.1296668953596,1132.7572599442462,-456.3363090305696,398.6882706918784,-323.7418185049754,197.1892339498837,151.14115376219732
39.38,1.7576572429216335,1.2668600945883213,-0.8072333260287045,-0.0045185146877592,0.0075436007119221,0.0172492672464436,0.0008684654938074,0.0033458530343647,0.0216742113197209,0.9997588735602776,0.0323919755438332,-0.0016853272346428,9.894369228772849,-0.0307021409265986,-0.0262749503905066,0.0039988964000334,-0.355649760364594,-3.818621288363969,2.013697992237988,1123.1145048179778,1120.3440449875852,1127.986739002596,1133.2688776771568,-428.79174656069046,489.2663252115879,-503.5839772757906,143.99800728826355,151.14146785371435
39.3825,1.788502378917686,0.9297785786260608,-0.927095713178539,0.0012999530239574,0.0116661808435739,0.0148749814327618,0.0008715412257592,0.0033732646687679,0.0216615863963964,0.9997590561515384,0.0295076800600609,-0.0029794259234446,9.888109880648344,-0.0306429057534069,-0.0263399745725505,0.0043123241214494,-0.3557217806896613,-3.8186896353925306,2.0137127082339528,1122.1885201977902,1121.5708375610884,1126.6117470089791,1133.477249980688,-339.3204395941114,529.1756812773921,-613.6941407685879,-0.9821265398395392,151.141792359363
39.385,1.6712244685561013,0.5345733501017434,-0.9977878068740031,0.0069561171298909,0.0141772833356578,0.0113899171359448,0.0008789358069769,0.0033950968810825,0.0216422299553625,0.9997593992808876,0.0268233704257573,-0.0039063622061729,9.881117487938832,-0.030596131867276,-0.0264123949627559,0.0045893890980138,-0.3557923983950085,-3.818759052009361,2.013730713679608,1121.4179026200088,1122.9899233939695,1124.918268298756,1133.2639670444576,-287.29994362587456,665.2011902876218,-780.6296501432925,-221.9687954427401,151.1421818988209
39.3875,1.3722398083697287,0.0627158909190965,-0.9970933167927276,0.0123342761664333,0.0148850405605322,0.0068375362014789,0.0008875702513469,0.0034117732694024,0.0216148449525115,0.999759931789276,0.0243842347769631,-0.0045147176276224,9.87352091733723,-0.030559801232722,-0.0264885074652939,0.0048235990982075,-0.3558625378570618,-3.818828995644932,2.0137520318641635,1120.75202047966,1124.8968435125282,1122.708598758261,1132.3674060034737,-191.8292050031069,730.0684957516198,-810.2180102793628,-441.97207109869066,151.14272417845532
39.39,1.0172953262066446,-0.2729743002144318,-0.92265002189299,0.0152169630657409,0.0136478050755393,0.0036097055449607,0.0008950020686968,0.0034226493722789,0.021581356657208,0.999760616158262,0.0222476885919,-0.0048531091797794,9.86546111201021,-0.0305316174211746,-0.0265644756723067,0.0050097866803098,-0.3559338458479375,-3.81889898859549,2.0137769015412315,1120.4587565949928,1126.6402658727295,1120.867178247357,1131.0541066889627,-57.888954156222,721.4609617368945,-705.7315856751353,-628.6638575275252,151.14323803202115
39.3925,0.5903399029020826,-0.4924744481180259,-0.788060448140166,0.0166624288448544,0.0108004763666653,0.0014286069385937,0.0008985332412095,0.0034303869534385,0.0215470018576479,0.9997613322742054,0.0203960168903334,-0.0049857662001299,9.857086713135674,-0.0305091327519346,-0.0266363520026989,0.0051442346713955,-0.356007414909869,-3.818969146995251,2.013804699111076,1120.4625757088793,1128.5041483212094,1119.1799408298884,1129.224086715839,49.68065450654836,754.4893500206632,-632.7652120390159,-792.5145085666866,151.14381552896413
39.395,0.1293671748473331,-0.5911265828854105,-0.6232787369824808,0.017142215318329,0.0073257159466871,6.225294763073793e-05,0.0009018754819037,0.0034342516542179,0.0215174886547095,0.999761955131396,0.0188710796156909,-0.0048635044785414,9.848549593678214,-0.0304897952028691,-0.0267001698527404,0.0052258591959512,-0.3560833131267499,-3.8190401427613754,2.0138344604075207,1120.7071598675257,1130.4127126228348,1117.7033521871604,1127.0915341461275,149.63135569247774,754.6388036729472,-528.4618908172913,-885.2030843437678,151.14444517316394
39.3975,-0.3481548135091405,-0.5452267286868049,-0.4445552076934369,0.0165536380020346,0.0043112123635356,-0.0005784197306955,0.0009078632629881,0.003432265302771,0.0214959823778929,0.9997624205218676,0.017728523294022,-0.0044657528010193,9.840000173378527,-0.0304711473286478,-0.0267522472433454,0.00525599617477,-0.3561602258370399,-3.819112935422552,2.013864277168531,1121.210732487342,1132.277342339576,1116.5376313758006,1124.7980712941176,269.55628163124817,781.1895430484412,-434.4746221720784,-993.0909275447384,151.14513677251392
39.4,-0.915606631005933,-0.3612167874014256,-0.2332420317722317,0.0145785277902918,0.0021601956137832,-0.0008585961573426,0.0009154231797372,0.0034276260029982,0.021485005725386,0.9997626631146052,0.0169105602127885,-0.0038559371096166,9.831582243708992,-0.0304512561494965,-0.0267892740149581,0.0052379510897079,-0.3562370535073006,-3.8191880173571473,2.0138914342085408,1122.0549412756807,1134.3186603380736,1115.530979076302,1122.1260795084083,339.73575735199927,695.7596805717991,-302.50669831878423,-933.9225000049505,151.14603692404071
39.4025,-1.3688467181617208,-0.1447397393932434,-0.0654021551677051,0.0118075939141034,0.0017916730875868,-0.0008783678592813,0.0009221480068721,0.0034209024781944,0.021488136716241,0.999762605069372,0.016401438710608,-0.0031320271611547,9.823428971287356,-0.0304288151415675,-0.0268084532405161,0.0051773931996391,-0.3563127973966499,-3.819264335085757,2.0139142860094017,1122.9094112741027,1135.7561407424369,1115.025097884206,1120.1284587940906,362.27547154416806,501.4171710966074,-134.6506339607224,-723.8279487650678,151.1468445300329
39.405,-1.7858323156407943,0.0811069487330776,0.0949879588444411,0.0078522154930231,0.0028103545866952,-0.0007955907294089,0.000925039218891,0.0034158553734353,0.0215044782859923,0.9997622545242189,0.0161138843687292,-0.0024071934663956,9.815658690275168,-0.0304028403881979,-0.0268080748947236,0.0050815332405795,-0.3563872889594681,-3.8193410277650655,2.013931591250817,1123.8663186334024,1136.825746193558,1114.857725906498,1118.5069397645811,435.4423554457621,370.46567633176016,-1.138785833110104,-606.4057074209417,151.14771072116383
39.4075,-2.2284919612498304,0.3121252249284534,0.2842002081200339,0.0020193652893628,0.0051736866686622,-0.0005690350287527,0.0009224073345015,0.0034126276536806,0.0215317134586867,0.9997616623957648,0.0160245500702114,-0.0017728364826127,9.808372491353724,-0.0303726041855889,-0.0267874478681088,0.0049588983715955,-0.3564607207799763,-3.819417951380897,2.01394234773237,1125.0866230513295,1137.608469124094,1115.0194039550404,1117.0964302569887,454.8198089513282,195.7953916647874,112.1839437913758,-418.955580463002,151.1488169160129
39.41,-2.539271445942505,0.4524753855104517,0.4414116174414559,-0.0035647103883253,0.0074501123083585,-0.0001802890193871,0.0009141919085448,0.0034075133825031,0.0215723928459706,0.9997607856794474,0.0161794084346786,-0.0012897555942765,9.80165247329533,-0.0303377912038204,-0.0267465835922975,0.0048184822104874,-0.356532259687718,-3.819495066041688,2.013947379503491,1126.1404176781602,1137.8047231518824,1115.4186456254552,1116.412161862265,423.6262660228583,-22.138291322869502,201.72998086635428,-166.98728123920415,151.14979386635747
39.4125,-2.7777915087608047,0.5404635935739924,0.5947098472911307,-0.0098876699417102,0.0093652839047884,0.0006026296702324,0.0008977691543905,0.0034027534694256,0.0216258679951875,0.9997596315049088,0.016500499447067,-0.0010635451548899,9.795560578303169,-0.0302979552156297,-0.0266867791164192,0.0046680658046452,-0.3566032369827701,-3.819572226537141,2.0139489202328646,1127.2047543814451,1137.4977776674796,1116.0280538593727,1116.2614938507922,460.2797693920004,-252.95482727283607,297.7441459813215,53.332613647310914,151.15082763261523
39.415,-2.965444974860904,0.6097408709961034,0.7603766653406285,-0.018261608638464,0.0111560521008573,0.0022299222893406,0.0008703163175998,0.0034016620146739,0.0216918768610194,0.9997581975884948,0.0168836161509366,-0.0011975167797246,9.790139325836256,-0.0302524943008955,-0.0266104018651888,0.0045139927675799,-0.3566740658399565,-3.819648192224806,2.0139492025254224,1128.441816525118,1136.5399490155191,1116.9073663553604,1116.6788249305012,435.39467186201824,-445.6918391435914,331.72194351492493,242.52407752275172,151.15213364386656
39.4175,-3.0291624865528983,0.6608668601368812,0.8679461744083168,-0.0258031661059848,0.0120347872186323,0.0042418544428602,0.0008325960510551,0.0034063626905468,0.0217721290730172,0.9997564397757048,0.0172451153473157,-0.0017171819648051,9.785413162604689,-0.0302006379600295,-0.0265206847928761,0.0043611892171449,-0.3567436995249454,-3.8197218046314543,2.0139498336380206,1129.3817277407563,1135.2693184717605,1117.686663576948,1117.4741142384066,339.90666514001424,-594.3250688043606,303.7007563964191,390.29753579841827,151.15327659654508
39.42,-2.988362476514076,0.7290113644371699,0.9241285078436892,-0.0334787472804625,0.0124964512975066,0.0067607031011143,0.0007814069770742,0.0034233408497644,0.021860213357096,0.9997544764630096,0.0174106480032335,-0.0027137157149087,9.781390403401913,-0.0301408719236558,-0.0264221814557792,0.0042123994502404,-0.3568131166690634,-3.819793310119696,2.0139519532740007,1130.141349850819,1133.568323671496,1118.4258701373433,1118.6303126094945,260.6644485833028,-736.1330207418051,278.34682866362374,502.6946765226082,151.15447643328778
39.4225,-2.8601645559863207,0.8179616740656318,0.9255455448275448,-0.0408847423322009,0.0133787382574103,0.0094403854229144,0.0007133532013288,0.0034568010558502,0.0219448080007908,0.9997525441779243,0.0172479224453991,-0.0042713270763612,9.778065898552867,-0.0300709947863436,-0.0263202480484574,0.0040689837281154,-0.3568842366957464,-3.8198637115169047,2.013956793719297,1130.6850499836717,1131.5886533680548,1119.078397720265,1119.9875876210172,152.1484037319755,-831.780627051132,232.31346269664687,567.5269445137753,151.15572348861346
39.425,-2.632526808322872,0.9240492023320356,0.8525804183385377,-0.0476914092590632,0.0153067881508481,0.0121219039864109,0.0006284667886989,0.0035088036627239,0.0220146286850133,0.9997508837346448,0.0166669285257492,-0.0063954796590839,9.775423349691204,-0.0299885342021147,-0.0262204926930319,0.0039314718511869,-0.3569589988259136,-3.819933306893805,2.0139643505688687,1130.9020918694791,1129.4094205362383,1119.587437450827,1121.4679473320648,9.223788632511798,-960.638074797416,188.05040449541977,654.6085515891098,151.157027030055
39.4275,-2.2585255261056614,1.0509851311151064,0.6783990218835055,-0.0548278925867557,0.0183777333943636,0.0149793330649361,0.0005322785458624,0.0035734489828871,0.0220717168413626,0.9997494575248468,0.0157363013500251,-0.0089747369676974,9.773438176933784,-0.0298918048524358,-0.0261278116805258,0.0038004536280288,-0.3570364965641458,-3.820001016887959,2.0139736626782945,1130.7311689268342,1126.7854629940653,1120.0186497427424,1123.2606303789646,-137.7528200730355,-926.5918250978089,130.69531682015685,647.3600048457205,151.15865523517343
39.43,-1.8757301541445657,1.1420487208441659,0.4683764254094087,-0.0598111239925795,0.0212171726818094,0.0168018728309902,0.0004314647585027,0.0036468339616285,0.0221204784557285,0.999748170181356,0.0144882390910616,-0.0118620747010644,9.772079337787364,-0.0297798919015145,-0.0260468823216692,0.0036761356403223,-0.3571157177153479,-3.82006596298418,2.013983612364951,1130.2133277691148,1124.7764614107534,1120.2409140349273,1124.7047473562905,-285.1034628687877,-721.0656934711288,67.24646748777309,558.6516013729203,151.16006383202844
39.4325,-1.4353225465259807,1.2044079763910107,0.2078759302774871,-0.063745024591167,0.0241451380430876,0.0179738911387059,0.0003333646721189,0.0037236142617583,0.02216284514332,0.999746990954499,0.0129874938825615,-0.0148868083939247,9.77131166612619,-0.029652746845228,-0.0259821249804196,0.0035587465422628,-0.357196097556974,-3.8201279606899026,2.013993096335473,1129.3056516124916,1123.180134526713,1120.3548820801811,1126.0538883858267,-487.615137562512,-559.6115731499006,36.42654756584262,568.7281077630633,151.16152365772692
39.435,-0.8593146091495762,1.2342045172467446,-0.1348774595153125,-0.0669711169154883,0.0275121159557189,0.018589438484083,0.0002417664732823,0.0037971449710891,0.0221998933870763,0.999745918251029,0.0113290906296329,-0.017938507404065,9.771097668560385,-0.0295115164562606,-0.0259372147963882,0.0034483611005081,-0.3572759483631565,-3.8201865320031407,2.0140011813634344,1127.775252081301,1121.9784035450025,1120.4230467727566,1127.5483878951072,-633.0462409311111,-296.71836433306737,23.797031764785615,529.3258640385395,151.16333093459636
39.4375,-0.3534273541389763,1.2129532539873311,-0.4192791238062573,-0.0682734161903958,0.0301817947702576,0.0182160652250853,0.0001580121383542,0.0038670624414373,0.0222296389531194,0.9997449988126924,0.0094929160121351,-0.0209443761040454,9.77139814827936,-0.0293585609253987,-0.0259147380862548,0.003344445546362,-0.3573549896940762,-3.820242790494537,2.0140087971854124,1126.1404204078344,1121.6965427050468,1120.4738672390051,1128.7005177060207,-725.0253328775898,48.165661421260815,33.72970422804767,447.4223470256197,151.16487994497143
39.44,0.1651216679911079,1.1306460425539135,-0.6653195364542736,-0.0683222695799446,0.0329955501178828,0.0167654414082969,8.335892179272482e-05,0.0039329225466772,0.0222470165848093,0.9997443532530792,0.0074711185024828,-0.0238285982773531,9.772173655781442,-0.029197358316523,-0.0259157833135553,0.003246273281232,-0.357433193990537,-3.820299326911519,2.0140166232734944,1124.1501254169164,1122.2192318521084,1120.5916952938967,1129.7854996302333,-946.723634649304,400.0747406777236,86.32136688984377,468.2977925602577,151.16646895098197
39.4425,0.7888466504266837,0.9437628439919068,-0.8719475458540324,-0.0672278797521564,0.036831635465611,0.0138357182287614,2.093607985593886e-05,0.0039901518675946,0.0222505546699545,0.9997440416731433,0.005349714712744,-0.026478718586575,9.77338560836525,-0.0290327279982642,-0.0259394075334579,0.0031532600014047,-0.3575087145532241,-3.820358445594037,2.0140242546783704,1121.4068022345855,1123.6969164084364,1120.9054740734543,1131.0420066688232,-1048.4147693545858,651.6131900930153,155.96536476310783,453.23518099985,151.16841605622577
39.445,1.2994542384683587,0.7069833029885944,-0.9430502643245284,-0.0652654740528345,0.0402554332985997,0.0104371074760117,-2.680204915530813e-05,0.0040321291935492,0.0222468891276063,0.9997439513033696,0.0032677734674803,-0.0287972326039617,9.774996580044755,-0.0288708273235854,-0.0259826115272406,0.0030647548818407,-0.3575776229868921,-3.8204207807537065,2.014033216379775,1118.9080515701407,1125.477297802575,1121.3715221177126,1132.0516755352337,-1011.9294906239356,768.9645628033932,235.22496062181307,386.5651352926184,151.17006763523136
39.4475,1.782373038627914,0.394815546307613,-0.8920830038763742,-0.0618178899606743,0.0429729509037355,0.0064631392897134,-6.212373176682844e-05,0.0040566107763473,0.0222363330778567,0.999744090776808,0.0012904493936871,-0.0307807407849714,9.776969640190671,-0.028717834713884,-0.0260416447287576,0.0029796176808777,-0.3576405593623597,-3.820485893295921,2.0140449981848247,1116.3471547814704,1127.54173922245,1122.0815988765623,1132.9748323452843,-1003.5897449576036,823.3231428838615,319.11518459298395,340.10685551639534,151.17174355886763
39.45,2.2238994859275567,0.0445536729015678,-0.7456450555527709,-0.0569509301930909,0.0442245508657341,0.002800543085732,-8.905214148283731e-05,0.0040727007847649,0.0222212877298074,0.999744370714319,-0.0007266013232304,-0.0324609973601837,9.779267182211568,-0.0285796090983334,-0.0261119708121355,0.0028963198944016,-0.3576998735345153,-3.8205533747278735,2.01405838080343,1113.89010284535,1129.5939135169967,1122.9670980406784,1133.7522098128163,-916.4006205191384,762.07252554702,376.1229453918881,252.64468288897467,151.17343517099337
39.4525,2.5921509004364367,-0.306389599410028,-0.5171689839369832,-0.0507223710521,0.043286249203796,0.0002686498855208,-0.0001067538828898,0.0040856561365823,0.0222112197236057,0.999744555725094,-0.0028388575761213,-0.033783632874447,9.781851951437936,-0.0284611959646573,-0.0261883560335176,0.0028145098263559,-0.357756695649322,-3.8206223144514615,2.014072356640461,1111.7651516788724,1131.3521018501867,1123.9622136035227,1134.23805575973,-809.5598639531177,654.1842806283095,424.7584710344424,119.94233790912396,151.17513999979553
39.455,2.925250404553166,-0.6706473103276058,-0.2165769487466387,-0.0421161755046881,0.0400517004634454,-0.0008978341540219,-0.0001153660851801,0.0041018823804271,0.0222089557166152,0.9997445538608828,-0.0051149656928022,-0.0347211392892686,9.784685733300028,-0.0283657281326617,-0.0262659921107634,0.002734625216735,-0.3578128281086646,-3.8206930108652495,2.014085515555528,1109.8423035255882,1132.8648349201353,1125.0908903958486,1134.3519215023616,-575.4129081325358,439.70181780373673,373.8231545770211,-46.35159279362045,151.17719337037525
39.4575,3.1017332597014806,-0.899729333971214,-0.0020313277538457,-0.0343253223666329,0.0365389711753427,1.0029249824133977e-05,-0.0001183829101023,0.0041267653402967,0.0222149306515327,0.999744331856504,-0.0075979197515768,-0.0353207593146424,9.787728708402147,-0.0282944556744762,-0.0263405056745132,0.0026578918616441,-0.3578705079135533,-3.82076565483962,2.0140964717598795,1108.8880871382082,1133.5506109392068,1125.831329376409,1134.0062977957618,-235.99144693873063,164.88479483810556,229.3680341874924,-225.17160514537255,151.17890495660842
39.46,3.1708446290534527,-1.0461006661728027,0.1154266689965691,-0.026443771948306,0.033228610124747,0.0026334808439856,-0.0001147386736008,0.004159279861457,0.022233427597797,0.9997437960654652,-0.0101989791953139,-0.0355513637054451,9.79093962397792,-0.0282471489299679,-0.026407805090854,0.0025868510792001,-0.3579305291650257,-3.8208397727655568,2.0141049585217825,1108.662346290894,1133.6892588943263,1126.2377305667867,1133.226063476634,56.51762569069116,-26.263484909328564,92.78140150726611,-418.5374630439752,151.1806096985019
39.4625,3.137374467195012,-1.1475064239609472,0.1135244313583285,-0.0171961867788407,0.0298312656294247,0.0061640162220492,-0.0001048243980519,0.0041963530255266,0.0222629031834876,0.9997429913754652,-0.0127881837780208,-0.0354187534203458,9.794274803165017,-0.0282219238747558,-0.0264648893245173,0.0025244788985535,-0.3579927169309088,-3.8209157000508416,2.014111391887804,1109.1706752666614,1133.4192935146602,1126.2952363839447,1131.9136104805439,293.4416087782073,-134.6083366138594,-43.1944259323479,-516.9540001481066,151.18263860934525
39.465,3.021996344492996,-1.1940115060864185,0.0067506436492982,-0.0096962440221691,0.0273758151986501,0.0079114553316426,-8.858317415940665e-05,0.0042285914833143,0.0222974370922229,0.9997420869885424,-0.0151124666828572,-0.034928988803201,9.797688705213849,-0.02821566566539,-0.0265099838905686,0.0024742015325633,-0.3580571193454205,-3.8209941521334416,2.01411596778366,1110.1295543347856,1133.0162172112566,1126.0217584371248,1130.6412934758923,458.6003872057445,-156.3864066983679,-157.02560024798157,-511.6385514412852,151.18430865085696
39.4675,2.829588169439074,-1.2282996724218596,-0.1572165329918535,-0.0026641054243397,0.0251607390191498,0.0072952514024304,-6.54914964277854e-05,0.004251036746384,0.0223313425876676,0.9997412313454176,-0.0170087145614871,-0.0340815006089288,9.801132805327063,-0.0282247079383318,-0.0265425616849449,0.0024390188019119,-0.3581248683112666,-3.821074031492107,2.014119134968533,1111.463677202691,1132.637361481168,1125.5101083827046,1129.355417723336,630.0218770927404,-126.42993481597516,-256.0163152346431,-534.1479128342909,151.18594883076798
39.47,2.5277053799632894,-1.2761404952298907,-0.3476893144484763,0.004849975314736,0.0226045187522862,0.0046850084978056,-3.467557182513252e-05,0.0042624424290482,0.0223617565619348,0.9997404983033203,-0.0183918701981754,-0.0328696807257571,9.804556214551235,-0.0282454076161054,-0.0265634239181771,0.0024212934987861,-0.3581956911245627,-3.821152482603301,2.0141206300095105,1113.2796637202466,1132.384067537177,1124.7416768609528,1127.9705539117233,673.103606941569,-45.5050251067627,-293.4717359998876,-461.89482611574954,151.1878724123403
39.4725,2.229595333198081,-1.3258803984263952,-0.462672161693917,0.0105328095839356,0.0201759561538536,0.0023469569167763,2.2102273847998675e-06,0.0042624328109425,0.0223891221125009,0.999739887347922,-0.0192021786278996,-0.0313367424457966,9.80790697837596,-0.0282746150957787,-0.0265746248061537,0.0024225251136583,-0.3582679216303171,-3.8212261966510694,2.0141212391475367,1114.8291952374009,1132.409836355634,1124.0427497027044,1127.0459435927562,600.7210376320128,64.87630171992669,-279.6946887041419,-306.3292390909534,151.18943054320872
39.475,1.8967925559122836,-1.3782318153528559,-0.5114961919127584,0.0156956043030354,0.016978639917627,0.0005084084389295,4.3655538030732496e-05,0.0042533154915134,0.0224131985534432,0.9997394013221996,-0.0194407118766855,-0.0295213655398796,9.811133193999645,-0.0283097725576284,-0.0265792044662359,0.0024432165012855,-0.3583397842356058,-3.8212943664326,2.014121971679482,1116.2832689084082,1132.7084490457771,1123.3432034174311,1126.4389077162675,552.9880529557913,163.4418721860706,-272.67113516579474,-183.7414532497712,151.19093263867916
39.4775,1.5468107113478036,-1.422203520623796,-0.5033982099558401,0.0200266531805068,0.0132172560980321,-0.0009776490999084,9.07350818135501e-05,0.0042309642356792,0.0224384823017774,0.9997389555957203,-0.0189903888090815,-0.0274124948246031,9.814185889169822,-0.0283491759528413,-0.0265801194251468,0.0024834502896928,-0.3584081789669282,-3.821358237689732,2.0141235687034302,1117.594135502177,1133.2270457165637,1122.6793940268767,1126.127236326508,482.48418154028394,254.750485132178,-248.72850849429605,-52.38906592368997,151.19238092752727
39.48,1.1934706680735996,-1.446230223604448,-0.4315134200600971,0.0231012593829823,0.0092952514275187,-0.0021963799805096,0.000140850251153,0.0041987689896886,0.0224619819711279,0.9997385937274572,-0.0178928890343268,-0.025066326909185,9.81701854715675,-0.0283910681712221,-0.0265802507083323,0.0025418434022109,-0.3584728937750628,-3.821420334876609,2.0141264540580703,1118.6956898161109,1133.9822014714387,1122.0995608749593,1126.1769623866492,434.17823946452313,373.26205933121855,-226.81418036260985,97.38240228379728,151.19375513934253
39.4825,0.7878554111554131,-1.4485087358006368,-0.281162212886595,0.025331564446142,0.004810953164633,-0.0033909548776106,0.0001915063049567,0.004159885635308,0.0224794216472604,0.9997383909424716,-0.0161957203615097,-0.0225353399937475,9.819589936039204,-0.0284334142549271,-0.0265815932899137,0.002616323851308,-0.3585364686178665,-3.821482638559369,2.0141303485692648,1119.765026699501,1135.0933560132207,1121.545323125063,1126.6141483379274,352.07894315785967,425.704229937515,-175.8715360020468,209.64648021091276,151.19530640146428
39.485,0.4768311871057426,-1.43132196120116,-0.1111734980574628,0.0262767603390179,0.0014891631270067,-0.0039459215156295,0.0002382561860173,0.0041165891401024,0.0224899413057406,0.9997383528768896,-0.0139408595644931,-0.019909148166265,9.821865725579123,-0.0284737780056365,-0.0265848705261979,0.0027042004224913,-0.3586007193214963,-3.8215458434364975,2.014134606165941,1120.4560845318983,1136.1107226211243,1121.2202031949498,1127.2251947877028,241.1653427578716,399.70557838444176,-101.90575455243804,270.8643336373349,151.19650873383276
39.4875,0.1985758314624522,-1.3994455551224467,0.0932732407941657,0.0268232316097241,-0.0015036791681659,-0.0037259381524292,0.0002767841675596,0.0040707417217778,0.0224922243600293,0.9997385004670222,-0.011173239485662,-0.0172743817068858,9.823819731975217,-0.0285090485400974,-0.026589813678868,0.0028023389438411,-0.3586664677341412,-3.8216105285032897,2.014139575942102,1120.970853413291,1137.091883905144,1121.0357943523006,1127.9684700061148,197.9395997135622,386.7985350266576,-55.39646382946452,324.12207501626443,151.19760668819208
39.49,-0.1004023319024936,-1.3450813792850629,0.3663678617915104,0.0271529649657874,-0.0050866675957311,-0.0029013847714949,0.0003045281528202,0.0040247183720944,0.0224853088600945,0.9997388467906808,-0.0079582276011046,-0.0146831777165727,9.825434764235764,-0.0285356365877541,-0.0265952889554689,0.0029072752234699,-0.3587342627471044,-3.821677814466903,2.0141466516585704,1121.4457825304669,1138.0447152962583,1120.9432208758024,1128.8458051627847,161.9716684465056,285.0551637944455,-21.74625400718628,298.2707289660523,151.1987913731263
39.4925,-0.3229522496250026,-1.2823028144947075,0.6109352669598367,0.0269313204856225,-0.0081877640115538,-0.0020095767326623,0.0003178078968985,0.003984745156588,0.0224686410823598,0.9997393815989616,-0.0044481765811232,-0.0122088909597145,9.826702930527176,-0.0285497794978222,-0.0265996127033741,0.0030150476026392,-0.3588050787371911,-3.821748237515092,2.014155719895096,1121.7807117555228,1138.517159724115,1120.9270630822648,1129.4598236509437,137.22442960760165,95.54378633756237,-9.512016803100332,207.52045152599524,151.19965903712406
39.495,-0.5172071715700166,-1.1938483707265206,0.865018132294963,0.0260003973166808,-0.0113780856055523,-0.000842825585927,0.0003158222846755,0.0039536240308416,0.0224441602292371,0.9997400522561676,-0.0007369746132562,-0.0098713609751219,9.827626760541026,-0.028548003683983,-0.0266008182043101,0.0031220704808927,-0.3588783123168203,-3.821821577722466,2.0141659198920614,1122.1319046785043,1138.522434227946,1120.895660791787,1129.883407420414,155.71234155287348,-87.09502226320275,-28.98422201831972,138.24522215865932,151.2003920588545
39.4975,-0.6851012440695559,-1.0795653160436027,1.115813868603142,0.0246091967222242,-0.0145800755873355,0.0008047809676771,0.000303541612059,0.0039288764780959,0.0224165819095464,0.9997407623418496,0.0031789201042819,-0.0075813894355906,9.828218982648307,-0.0285275260276311,-0.0265970487809028,0.003225599279445,-0.3589519385126206,-3.8218967393869727,2.01417720731686,1122.5592734632876,1138.0816846127987,1120.7821419721731,1130.151049761737,203.9910599043517,-283.4961535545886,-80.75691977674485,80.70843778523756,151.2010055896905
39.5,-0.8166307395194469,-0.9341684759079292,1.3393641939145327,0.0228882982010705,-0.0175559659233857,0.0034311322481783,0.0002858914947157,0.0039071225691048,0.0223881177806987,0.9997414764238424,0.0073132171624691,-0.0052535438451382,9.828501481635064,-0.0284862200035214,-0.0265872279706891,0.0033233062968731,-0.3590244523458507,-3.821971532657341,2.0141891073785128,1123.1518599780263,1137.1049534601723,1120.4918761929027,1130.2869496093404,314.4307830488873,-532.8583940459638,-180.29677172788092,48.72304846289692,151.20146559585518
39.5025,-0.9253209334627605,-0.7342427322084963,1.5367070494708404,0.0203862104335616,-0.0202128577567163,0.0080459915826263,0.0002650448872138,0.0038881712553284,0.0223615373137279,0.9997421365450893,0.0116099751407455,-0.002857634850685,9.828504175367442,-0.0284227900551992,-0.0265710113972088,0.0034129990845308,-0.3590959876755323,-3.822044100852799,2.0142017669257553,1124.1314273785304,1135.4173926425713,1119.8806581135343,1130.3946650040516,409.9077980688157,-677.4577375780781,-266.42845768378726,41.378992887782005,151.20182839073868
39.505,-0.9691016686614256,-0.5598252257220462,1.61385835169881,0.0178550392143891,-0.0214850603472168,0.0129247794373797,0.0002432195232383,0.0038732566399528,0.0223400012182107,0.9997426728588114,0.0159813941996554,-0.0003646753759805,9.828264086597251,-0.0283366224150498,-0.0265486092350547,0.0034929454302259,-0.359166913799493,-3.822113815842844,2.014214966474776,1125.2013989683717,1133.71766477228,1119.1597339044831,1130.4938445737791,477.41381429612505,-701.1362218625942,-316.66535783253664,46.36136140027149,151.20196534924565
39.5075,-0.9595970152635772,-0.392729912522922,1.5795770940139096,0.0150360873714666,-0.0221183427254508,0.0180179131633416,0.0002241964377298,0.0038662434327707,0.0223267114102629,0.9997430038226276,0.020286787263962,0.0022832994225841,9.827823905847263,-0.028227664178407,-0.0265204291080043,0.003561942500121,-0.3592377277714303,-3.8221800777521655,2.0142276745338705,1126.5184964500124,1131.9117115332565,1118.297331324371,1130.626471811053,615.7193615282865,-773.7718791015357,-380.6189354881832,60.03915029956264,151.20192275408618
39.51,-0.8892930618735969,-0.2105558630526335,1.4106851550275068,0.012026587289842,-0.0225578966594622,0.0234504876959867,0.0002145174016095,0.0038634599004906,0.022329638756741,0.9997429636056914,0.0245351817603751,0.005191928984809,9.827231108513152,-0.0280965524581687,-0.0264863339803183,0.0036199063712299,-0.3593084976874166,-3.822243012364257,2.0142389394185805,1128.2799957760103,1129.848805376776,1117.256639227044,1130.794040325277,648.7323346240693,-711.3489576841856,-356.4094087717872,52.10170048046229,151.20165651188427
39.5125,-0.7893082109554923,-0.0753789588154343,1.1798956313116324,0.0101019081108759,-0.0227310796563606,0.0269765882422981,0.000215995169724,0.0038616067411226,0.0223493144541762,0.9997425484932488,0.0287279858968589,0.0083705812784264,9.826536086071835,-0.0279440311803676,-0.0264459043798827,0.0036668604067702,-0.359380102781965,-3.8223046084292287,2.0142487530200834,1129.7621581231344,1128.3549667448335,1116.5152842805112,1130.8869803134555,552.9245840903868,-528.2325750017689,-243.18761613750505,9.535501977729506,151.20125093753978
39.515,-0.657222623803444,0.0453778519290579,0.8864465815321003,0.0085063749352945,-0.0226505342824467,0.0292626640747023,0.0002269945857915,0.0038564672041949,0.0223802034397143,0.999741895767452,0.0328866461967729,0.0117568766805286,9.825790711103064,-0.0277711118243921,-0.02639802495905,0.003702853742691,-0.3594524395075432,-3.8223674782532666,2.014258345853086,1131.0446186964637,1127.2076425017658,1116.040701146356,1130.8417178351656,466.89006136904646,-414.58221566687325,-127.84315511014742,-74.73834542577126,151.20065066602808
39.5175,-0.472237582426132,0.1798943689700663,0.500247177463745,0.0066087614567141,-0.0224167712464524,0.0307883436140001,0.0002447025665311,0.0038431369833099,0.0224157253841948,0.9997411707766076,0.0370510146723315,0.015261196171516,9.825046698022586,-0.0275794944033104,-0.0263405848738639,0.0037279375575195,-0.3595241017934041,-3.8224335438878287,2.0142691412640255,1132.0966084299776,1126.2820556665013,1115.876068504961,1130.513288586327,275.3853631500489,-267.31865423030246,10.735606506836085,-179.8836632923201,151.19970220371698
39.52,-0.304578115780926,0.2880866847390832,0.1741753231307013,0.0051868788306664,-0.0221318431366031,0.0312906697063136,0.0002666258719317,0.0038177620987741,0.0224535900314325,0.9997404384529804,0.0412477563685351,0.0187966873415417,9.824353927016032,-0.0273719286670716,-0.0262705151302087,0.0037422066388541,-0.3595933070392149,-3.822503768776432,2.0142819228170588,1132.4215455122146,1125.8710492306136,1116.0943791788902,1129.9422995187035,-1.714160232085338,-103.36469893103808,153.6624389436052,-297.879698073832,151.19872054881844
39.5225,-0.1390887335918024,0.3950882930923261,-0.1336705765027624,0.0043726552900442,-0.0214856996606681,0.0312035264475576,0.0002917291834138,0.0037803120915198,0.0224858459427076,0.9997398745651144,0.0454368484598946,0.0223037305236243,9.82375879730946,-0.027151595968874,-0.0261849020781024,0.0037459412914053,-0.359660693551862,-3.8225778329243982,2.0142967999162464,1132.0880376288171,1125.7652321718458,1116.6443806996795,1129.023890095957,-239.89893835613648,-7.473446196588587,263.0427950697713,-422.31518987211746,151.1975402510664
39.525,0.007532667322242,0.5004055235262727,-0.4124588949069847,0.0042710622938246,-0.0203392835867432,0.030665332647812,0.0003206145186195,0.0037347057405674,0.0225051891375766,0.9997396231045708,0.0495104033291411,0.025754301609272,9.82330280718816,-0.0269222405283625,-0.0260812731575849,0.0037399124028371,-0.3597258026594088,-3.822654872602977,2.0143129333263574,1131.222050820435,1125.8336819996307,1117.4095931542379,1127.8307235693449,-453.2791961385056,45.95379913482625,340.3854427583688,-530.4224451409951,151.19619609483587
39.5275,0.1091353955451325,0.602238475542008,-0.6395041032167146,0.0052124586758972,-0.0186845288289586,0.029489786817793,0.0003545440198015,0.0036844046217549,0.0225160941614702,0.9997395567027904,0.0533802187879925,0.0291314641662841,9.823021332125522,-0.0266884782627053,-0.025957567785387,0.003725806410657,-0.3597870257096225,-3.822732733859495,2.01432860838312,1129.8216416481234,1125.99500116752,1118.346307913472,1126.3717778702508,-693.8903335888969,60.1746567984866,429.64281974655773,-677.2042259351739,151.1946565554406
39.53,0.1595540959616639,0.7229587676699623,-0.8286548558260447,0.0071817710088142,-0.0164033439141028,0.0271468395574702,0.000390889582338,0.0036344412483729,0.0225229334852485,0.9997395419628136,0.0569347470949442,0.032343314177373,9.822942828763635,-0.0264548224728027,-0.0258131740384415,0.0037059362966711,-0.359845231675845,-3.8228096948602985,2.014341822525591,1127.7525991524888,1126.1345552836233,1119.5578072529715,1124.4447024396673,-782.8573353491108,20.70386238576312,443.5519110526853,-713.0876409426611,151.19258756430338
39.5325,0.1426417442887731,0.828812683111249,-0.9002378661811875,0.0086983559130032,-0.0146326566979721,0.0243581945582755,0.0004260048736908,0.0035859232693789,0.0225300678005334,0.9997394597254892,0.0601474627092856,0.0352791027870149,9.823087590689331,-0.0262252229333651,-0.0256489785572863,0.0036834772744811,-0.3599008505144537,-3.8228844600220233,2.014351635898507,1125.9073549713814,1126.0985204794488,1120.5640674687336,1122.8063396655407,-714.8573685221871,-63.1991100375803,382.856728068086,-633.6861818991051,151.1906830220775
39.535,0.0859503399144548,0.9499145465498896,-0.8703406619426428,0.0090564473241022,-0.0134614691544302,0.0209912499990938,0.0004589238025719,0.0035402649644746,0.0225412917197304,0.9997392013396064,0.06299397304481,0.037885970396439,9.823466619851471,-0.0260026971272548,-0.0254672022934068,0.0036620244478376,-0.3599539839226415,-3.8229553863573327,2.014358459266787,1124.178312309876,1125.8185597334352,1121.4720908933132,1121.27627153017,-686.3399885983325,-181.2634742816936,351.7799584578844,-617.7891732999365,151.18859758068027
39.5375,0.0094825223551929,1.113294188238961,-0.7238719564085065,0.0080765578825897,-0.0120389731077387,0.0171247469007598,0.0004880211056126,0.0034992840680532,0.0225531213540987,0.9997388206667588,0.0654460890456393,0.0401060459407848,9.824081832202936,-0.0257886787716948,-0.0252713994782169,0.0036449536650758,-0.3600064193768136,-3.8230226146619057,2.014363463378151,1122.475655028388,1125.1922031080398,1122.322967261024,1119.7173937990394,-536.8368764510585,-264.18752034434345,252.88973514894033,-507.8581102248862,151.1858948869931
39.54,-0.0399344120801779,1.2488960502660131,-0.5325807325857626,0.0066176850680308,-0.0097723403766295,0.0147433600913419,0.0005097263730896,0.0034665011111877,0.0225621507171666,0.9997383683627116,0.0674445555363361,0.0418528549923278,9.824926590648477,-0.0255832533253806,-0.0250656097545857,0.0036349382763528,-0.3600606581057722,-3.8230877190308665,2.014368015018141,1121.4941279276231,1124.4976221317147,1122.7365395690567,1118.736980979048,-284.58490563470144,-280.45036141433434,84.51970535861841,-313.9230693879867,151.18348346424395
39.5425,-0.0690147843752782,1.3501373037716715,-0.3149054985976995,0.0053337994469477,-0.0058857295168816,0.0136702547590809,0.000522742537988,0.0034486874379312,0.0225666598804131,0.9997378495279424,0.0688687649801164,0.043095907708737,9.825985930468764,-0.0253853849077452,-0.0248538858234985,0.0036339140794478,-0.3601173495138593,-3.823152447716524,2.014372619011932,1121.0527305002136,1123.7899513009675,1122.7455657878172,1118.1477784520987,-66.4193545906643,-263.67126877289746,-99.85635943129984,-167.19775553133871,151.1809169980734
39.545,-0.1011114284096606,1.3953627364417063,-0.0857413280084785,0.0047241160984403,-0.0001097464095838,0.0138831146508408,0.0005301120018805,0.003443647579002,0.0225677604231171,0.9997372419610194,0.0697761038945823,0.0438964955389912,9.82723691760795,-0.0251932382921888,-0.0246400830250914,0.0036437433056365,-0.3601754133009178,-3.8232171695257455,2.0143776051291167,1121.1620311546696,1123.1792657878495,1122.2372577719,1117.9009922013909,138.25976573765567,-147.91138600316836,-267.761962122602,-19.46691933801,151.17767036587512
39.5475,-0.1509400693134095,1.3591641715259346,0.0368208759375201,0.0050405065434997,0.0048256808779728,0.0152041381397607,0.0005340799592482,0.0034493505935754,0.0225659714411293,0.9997365567957516,0.0702184638356385,0.0443114482356645,9.82865080029879,-0.0250044290838264,-0.0244280893103704,0.0036655166486753,-0.3602342127565791,-3.823281842795601,2.0143833600767156,1121.7440293289014,1123.0503943709523,1121.4067559772054,1118.0504438554087,314.50068433930306,59.04033046923977,-392.93050579838473,121.13945886552015,151.17483486910822
39.55,-0.252495358056442,1.2606223548061135,0.0557433594951482,0.005660570261087,0.0089392821891048,0.0169840670576434,0.0005348311500118,0.0034692979746903,0.0225624432380131,0.9997358008967951,0.0701353037227354,0.0443703652369606,9.830194804639708,-0.0248163879574151,-0.024221823648532,0.0036993095038361,-0.3602946104125963,-3.823345432684373,2.0143896188300534,1122.7345345763667,1123.474467440196,1120.272605242907,1118.5066894957188,442.9943930805628,271.2486691460958,-473.34828975011413,221.01250369457887,151.1718753722065
39.5525,-0.4073160284744272,1.1382189483098974,-0.0167256315853338,0.0060429727070246,0.0117204678931671,0.0184984611897979,0.0005313567871766,0.0035049906807589,0.0225631213403918,0.9997349184346324,0.0695020292966385,0.0440881749846269,9.831833224936435,-0.0246267585718908,-0.0240249906598277,0.003744682218964,-0.3603560971761965,-3.823406201775304,2.0143960935244705,1123.9590012943052,1124.4066377166835,1119.0400145284536,1119.155506373882,516.7022048312144,488.8801056993897,-468.6688990834852,287.7161328382842,151.16882124328495
39.555,-0.6218174426222277,1.0273698134174727,-0.1824526952717168,0.0058777289824432,0.0129650687084304,0.0192306642531724,0.0005194736826343,0.0035575537134918,0.0225684067375879,0.9997340284043847,0.0682958457152742,0.0434267581007318,9.833529087885225,-0.0244331729675694,-0.0238413834906975,0.0038005607063951,-0.3604191654061689,-3.8234636041243864,2.014403496507358,1125.3180456005207,1125.9188679686906,1117.9292607474915,1119.945270159909,590.1082034845696,771.1186355360234,-398.20831078040845,353.6620882572185,151.1656629924655
39.5575,-0.9207979450163232,0.9444438753098214,-0.4442255639713531,0.0044444155906368,0.0139082243561726,0.0188569082162264,0.000498092929401,0.0036213804855462,0.0225765085210716,0.9997333813090507,0.066624424229601,0.0424133097095916,9.835244352828413,-0.0242336404603377,-0.0236742802869006,0.0038659259516578,-0.3604837108768208,-3.8235183399814927,2.014412419721336,1126.9095423117255,1128.26223089436,1117.0489729745534,1120.9238168151667,550.6867379289272,916.7937011468296,-213.45263133510335,344.9324547646538,151.16176573991703
39.56,-1.1724521619163115,0.9235081054507288,-0.6721291514516433,0.0018252936549388,0.0151456882534649,0.0173522340356264,0.0004692853850642,0.0036916758934269,0.0225867414461402,0.9997331606483996,0.0645789815161502,0.0411425424670267,9.83694126379994,-0.0240270426911375,-0.023525889170221,0.0039396007744051,-0.3605491926375868,-3.8235714749047,2.014422968267888,1128.0714792901667,1130.502836474427,1116.8619975908157,1121.669932433733,404.3606897014093,914.4315159942705,52.995320189047725,266.16108422335884,151.15843816242335
39.5625,-1.3843269773799722,0.9387629993971576,-0.8575845119712732,-0.0020955592979802,0.0170909531780563,0.0146026383077213,0.0004347761127977,0.003762021155317,0.0225977926340899,0.9997332514354552,0.0622815746279176,0.0397043779085632,9.838583687523101,-0.0238132599202355,-0.0233971880048952,0.004020396807516,-0.3606136521288185,-3.823624062363248,2.014434815940573,1128.9313457602336,1132.8343884743335,1117.3139495754988,1122.254622236284,286.0935635783208,999.312762860472,324.8112372157946,211.16151413426556,151.15503918128607
39.565,-1.554014835251156,0.9694499438469594,-0.9819013591136558,-0.0076155008959667,0.0198988897353021,0.0103484216047422,0.0003957803861272,0.0038284249277325,0.0226048504110354,0.9997335934280646,0.0598063952050875,0.0381800670412322,9.840137865338752,-0.0235931312332987,-0.0232879590966734,0.004107108615105,-0.3606761009710532,-3.823677899226813,2.014447592796432,1129.501947108057,1135.4994002887247,1118.4860537768932,1122.7257400044034,122.02780278888108,923.81008092646,497.304334399105,138.7919140586036,151.1508910021613
39.5675,-1.6104338861133929,0.9823591134770712,-0.9836834831229324,-0.0124998642055529,0.0225219568691255,0.0067971764778826,0.0003544549672442,0.0038897221476178,0.0226032422690517,0.9997341727075552,0.0571743544718123,0.0366678392061506,9.841572602357902,-0.0233685123506533,-0.0231967143892127,0.0041987111993649,-0.3607369288791776,-3.8237341541107086,2.014460962182158,1129.5414847741783,1137.4534388789684,1119.8004712474956,1122.9485818065775,-79.00967256760448,695.0366945175656,537.564489712529,71.97411371635964,151.1473857270531
39.57,-1.5797272386430035,0.9578833649398524,-0.8773613948078784,-0.017068675267181,0.0253389771954754,0.003945763481914,0.00031420511946,0.0039396228845121,0.0225974521097143,0.9997348306654872,0.0545118874787116,0.0352821457460476,9.842859424825825,-0.0231424327828633,-0.0231205932439625,0.004294819062,-0.3607945218506499,-3.8237927164653014,2.0144742042499386,1129.1068987452188,1138.9745837613143,1121.1738762254572,1123.0856105729852,-294.4984689526286,541.5744926105541,552.0388611650123,71.05179636243615,151.14384108809344
39.5725,-1.463173076403342,0.8657219832232464,-0.6413843569629205,-0.0217500114807246,0.028630180391916,0.0013008942429568,0.0002746070341805,0.0039802725641014,0.0225936221833349,0.9997353737670972,0.0517818437439965,0.0340582880669996,9.84397337638386,-0.0229185839921931,-0.0230561611058398,0.0043948252817571,-0.3608494516533871,-3.823852496299125,2.014486498259465,1128.0689924294163,1140.1613113420187,1122.560665553318,1123.3038407883892,-453.97067608736927,314.24762912445044,429.59949309384535,110.5306591616116,151.13955440264172
39.575,-1.3221311209737867,0.7298454466244356,-0.3736108608686267,-0.0249353289657269,0.0311559543715728,-0.0002894952369546,0.0002312357099738,0.004014853138929,0.0225950536375944,0.9997356979577188,0.0489290165093079,0.0329442230237848,9.844892915093393,-0.0227007150387616,-0.0229999362862405,0.0044981310440948,-0.3609017217229837,-3.823912391311701,2.0144975694436775,1126.8370453647808,1140.5458219069376,1123.3218736909275,1123.6382638687935,-545.1895117261696,17.543089472919867,204.0495021470044,180.90724519361012,151.13596342215328
39.5775,-1.1631021224004228,0.5344246346974602,-0.0608476578110641,-0.0273020929669928,0.0334556394459625,-0.0011121927315211,0.0001834721514017,0.0040421672266957,0.0226059015167725,0.999735714692322,0.0459907928758691,0.0319501310205347,9.845599127496781,-0.0224924098425021,-0.0229483020054238,0.0046045578398473,-0.3609502380259008,-3.8239715721157217,2.014507413116989,1125.3430448707843,1140.2490267893832,1123.5809130640537,1124.208377014358,-618.7471755450304,-235.07278963332743,25.2148293473285,266.3845089794144,151.13236335294707
39.58,-1.005436254048096,0.2997072612070134,0.2634794861605777,-0.0289493959049917,0.0354727867620445,-0.0011653376255213,0.0001347025645416,0.0040614754205566,0.0226236126599178,0.9997354952889712,0.043000914849163,0.031154071766116,9.846075879796505,-0.0222963777754925,-0.0228978488683529,0.0047139220851341,-0.3609961556933838,-3.8240299988466906,2.0145168709436927,1123.7433094870585,1139.370457958772,1123.447947837664,1124.9701864136896,-636.4665589707711,-489.1967683241772,-123.7719124658546,333.6543254371575,151.12876334909262
39.5825,-0.8573725860689296,0.0434734366113252,0.5662712354752951,-0.0301337035726749,0.0366222695502007,-1.6249656640704782e-05,8.884734811159513e-05,0.0040721736393759,0.0226426544762846,0.99973518549075,0.0399939996642989,0.0306326574183108,9.846310380767674,-0.0221142497302389,-0.0228451658372167,0.0048257364251119,-0.3610418443135933,-3.824087888032365,2.014527143279252,1122.1607120759288,1137.8030429477612,1122.962053501724,1125.8766486415443,-657.0808199130446,-833.5681729853886,-253.7116371957448,393.7883072404734,151.12517246720338
39.585,-0.6818559486160907,-0.2388194510692328,0.8582339304203527,-0.0320919248268327,0.0359556459589971,0.0029413022177941,4.853522790160668e-05,0.0040731015958695,0.0226612835891383,0.9997348503618408,0.0370180607966686,0.0304243602824718,9.846293545741903,-0.021946727755912,-0.0227865066329405,0.0049391388977116,-0.3610879656695854,-3.824146800509153,2.0145385985559585,1120.4579053874916,1135.2026170938427,1122.1793896516847,1126.9391279498927,-570.0062839651036,-1049.883007842618,-291.3105625985202,352.31123539843094,151.1208854608607
39.5875,-0.5222679443191101,-0.4134016036198893,1.0144139015473579,-0.0343309342480769,0.0336333938588267,0.0063479745043265,1.2880192006459665e-05,0.0040683467517215,0.0226774451255733,0.9997345399245972,0.034017654411377,0.030489089163749,9.84602011021052,-0.0217935244994895,-0.0227180624174351,0.0050526421763715,-0.3611352850888646,-3.8242073336323887,2.014551451473769,1119.310680656106,1132.5536279085527,1121.5055006887328,1127.638204818535,-384.4259299876137,-1113.5791793122949,-249.86023124439225,206.9465446723676,151.1173396118845
39.59,-0.33561628276422,-0.4934184486423461,1.063476999873156,-0.0362342084056892,0.0307276431060617,0.0098793944588974,-1.883150702962581e-05,0.0040619629620376,0.0226852986594005,0.9997343889580887,0.0309380072317964,0.0307795432252665,9.845488344874301,-0.0216533624595785,-0.0226362888673172,0.0051646889422595,-0.3611845428354716,-3.8242700262261606,2.014565745806271,1118.5357757375525,1129.6347211972786,1120.930088495462,1127.973860673255,-246.11470524206337,-1272.4161641800804,-218.6415576510417,44.00815308119967,151.11383118994203
39.5925,-0.082497308324998,-0.478652889499642,1.0024607970700168,-0.0373979481513974,0.0279812406489148,0.0135494147629162,-4.746325459111206e-05,0.0040609950641852,0.0226813355421625,0.9997344638768983,0.027665041494066,0.0312374590693851,9.844699874111779,-0.0215245970786722,-0.0225379507772602,0.0052736657363208,-0.3612358064332003,-3.8243353459870977,2.01458043343806,1118.0801071298947,1126.1915470876493,1120.412292900477,1127.8582455839412,-89.9011156314281,-1191.0047675813448,-161.26100843249446,-125.73724021028804,151.10967554207917
39.595,0.1416520007362097,-0.3934522455357242,0.865888378589783,-0.0377515694758829,0.0266218046187286,0.015947609429599,-7.293742962112803e-05,0.0040686142358965,0.0226710972345966,0.999734634022007,0.0241610765364838,0.0318139586356312,9.843659708979747,-0.021405797885465,-0.022420198957325,0.0053783274091179,-0.3612876069809828,-3.824402093751896,2.014594762102205,1118.0862701593956,1123.679697359377,1120.1237834533003,1127.3451744722045,71.98606456764493,-861.119808311301,-91.41404949632359,-269.45775894764523,151.1062659736302
39.5975,0.3591676032271612,-0.2675459516537979,0.6631796844841366,-0.0375200429329638,0.0261287011170154,0.0175859989865265,-9.755899767304048e-05,0.0040934249861182,0.0226618114181484,0.9997347041853925,0.0202789633828465,0.0324111527511815,9.842375857669824,-0.0212957727743856,-0.0222812491262062,0.0054772296564066,-0.3613402736814567,-3.8244688341670257,2.0146090823758485,1118.4400374527331,1121.8859480460903,1119.9552226529952,1126.5109567892023,215.73670273471967,-564.4246657878125,-54.53473717418031,-400.9638083811519,151.1029214865087
39.6,0.5807155096107904,-0.1101559326498363,0.3697611013495681,-0.0358779825850788,0.0263143966694678,0.0189394228330848,-0.0001234329293307,0.004142790970093,0.0226580051247556,0.999734544214144,0.0158940126502635,0.032932864039964,9.840859003932023,-0.0211934709855071,-0.0221207046592912,0.0055690716698925,-0.3613931692811984,-3.8245351250471615,2.014623537514544,1119.16495367307,1120.8575740304368,1119.8511097674293,1125.3403554302977,297.4547828177924,-169.36018049374923,-26.69181660551357,-425.57604802725615,151.09899438218804
39.6025,0.7082065690864172,0.0028136917001986,0.1005435666632726,-0.0334201419460856,0.027043081444968,0.01971028765208,-0.0001528012262703,0.0042149443122664,0.0226630160174341,0.9997340854711844,0.0110593264237428,0.0332772864040778,9.839122861115664,-0.0210980602657696,-0.0219395207714458,0.0056529695993116,-0.3614445886815193,-3.8246002796727177,2.014638153313552,1119.9273113668207,1121.0391471436224,1119.8217635699675,1124.383076549068,313.78112138902316,281.39690940642294,-3.8940768974478575,-345.228480530346,151.09580167927626
39.605,0.7573126639278576,0.0813721031124663,-0.1734503947347765,-0.0306755922265594,0.027988857546481,0.0199327553697103,-0.0001861924082838,0.004302737017954,0.0226739758272102,0.9997334212475408,0.0059323319278996,0.0333778200425945,9.837183590823182,-0.0210086926998262,-0.0217401299981556,0.0057283703770909,-0.3614947959974291,-3.824663551878192,2.014653502715108,1120.7338592800158,1122.2645585774696,1119.831639382942,1123.614213027645,312.28262532861146,635.3627327678556,8.037076322848842,-257.74087581212825,151.09270115316184
39.6075,0.7390690874048235,0.130566063201995,-0.4327484981065154,-0.0280830685159813,0.0288199748496165,0.0195205663825593,-0.0002241476710307,0.004395183278938,0.0226862834466276,0.9997327002907396,0.0007444488066596,0.0331722158612655,9.835059674885482,-0.0209245800087912,-0.0215261182545157,0.0057949529642219,-0.361544968629975,-3.824724814311164,2.0146704775408093,1121.4887244934648,1124.2159608074635,1119.861948951582,1123.0943721700066,270.9193167419207,899.4312998901928,13.5599155902251,-137.53328570886654,151.08968367555568
39.61,0.6503167961640801,0.1540954466071198,-0.647154380578111,-0.0259102950521981,0.029381170897894,0.018147059158428,-0.0002684359148472,0.0044864601996658,0.022696101825842,0.9997320322734844,-0.00437574489765,0.0325849315846009,9.832770708960476,-0.0208451339531128,-0.0213019154056795,0.0058523496257369,-0.3615952265510787,-3.8247837279335486,2.014688849387673,1122.0884558637242,1126.7617150769163,1119.8994389608931,1122.9265465991011,210.3315190104983,1169.0202871532551,12.533844996453762,1.1974354094939612,151.086773958465
39.6125,0.4885415424964654,0.1725657545513336,-0.8157572743504004,-0.0241516088677511,0.0297585806161357,0.0152503513012204,-0.0003205607561245,0.004572404954428,0.0226994629307152,0.9997315253186648,-0.0093324555266787,0.0315566915793142,9.83033687324467,-0.0207699004347589,-0.0210725551960594,0.0059005481242142,-0.361645637040488,-3.8248397471851567,2.014707999969045,1122.5403820885178,1130.0610622432328,1119.9246181765643,1123.100359347054,113.95246746450167,1184.9669440825287,1.9621978536623796,105.86018412153904,151.0834162457878
39.615,0.3311404349850793,0.1953404732404755,-0.8605370642112842,-0.0234780851044022,0.0299095374238271,0.0119389979446897,-0.0003772863450444,0.0046528112606042,0.0226958709308888,0.9997311943000804,-0.0141047676548902,0.0301347304349102,9.827777519402263,-0.0206987714241454,-0.0208431445972576,0.0059401247862871,-0.3616962611589643,-3.824892204282021,2.014726948183896,1122.658218201047,1132.686549797332,1119.9092499501614,1123.455847519709,-7.813996507918832,957.8820790886384,-16.14665104840801,145.43660341500566,151.08073628010175
39.6175,0.176294177729049,0.2412109840795243,-0.7963826573997996,-0.0234685357708477,0.0300274041618721,0.0084467394794545,-0.0004315648293697,0.0047286209370931,0.0226894226611423,0.9997309478659672,-0.0186911186062756,0.0284538771745377,9.825111131067745,-0.0206320324561061,-0.0206184237337693,0.005972318652495,-0.3617475218318868,-3.8249412352223886,2.014743931926948,1122.5013121059783,1134.8504726386716,1119.8438849213223,1123.8275423641285,-125.87653755933923,794.2229273845843,-37.816493145135446,112.65794400111432,151.07818631301487
39.62,0.014069912327413,0.3335494363907514,-0.6119455649191773,-0.0238124179731086,0.0303052978322774,0.0052572987404779,-0.0004795786559026,0.0048012475415167,0.0226905109586539,0.9997305472460868,-0.0230984803191447,0.0265979164455244,9.82235590958683,-0.0205704704781871,-0.0204023457025266,0.0059985744865517,-0.3617984734290319,-3.824987658752215,2.014758332950576,1122.028835513251,1136.6576644342515,1119.720167484436,1124.0191372397144,-211.44702323770713,515.0256437907593,-46.75709210894065,-4.181313178239769,151.07528474983715
39.6225,-0.0940994593324997,0.4432875582428166,-0.3995881829769021,-0.0242367235819053,0.0307715380498533,0.0037882991598642,-0.0005206270102432,0.0048726510680739,0.0227012687108789,0.9997299360903122,-0.0273449897810292,0.0246003974591215,9.819529631962073,-0.020514805370192,-0.0201983169939989,0.006020217032646,-0.3618497280026609,-3.825033533520033,2.0147707917262667,1121.4440769897892,1137.4256008576267,1119.6100994607775,1123.8066357982373,-258.9957437059223,160.35615013516673,-33.2654583977558,-176.2069678006363,151.07300439736207
39.625,-0.1725456816589344,0.5816171373118241,-0.1730703373056636,-0.0246868950624048,0.0315818692084126,0.0035438938477153,-0.000556524996663,0.0049430225761895,0.0227222423862968,0.9997291032904816,-0.031413076449641,0.0224543617759318,9.81665010395797,-0.0204659536635051,-0.0200087560000485,0.0060382302397165,-0.3619000756116409,-3.8250800384385273,2.014782304440283,1120.7338567947206,1137.4594451849275,1119.553840192447,1123.1381024007107,-323.22894634050795,-120.08817530329004,6.505993191382464,-373.9078215962981,151.07087325283675
39.6275,-0.2351888025231788,0.7651130181175702,0.0629625737623909,-0.0250961039311287,0.0329322116442436,0.0046372729966463,-0.000583703954678,0.0050057588743222,0.0227553190684662,0.9997280398628122,-0.0351468883142831,0.0202637139148856,9.813735787253755,-0.0204250325335833,-0.0198349418943192,0.0060535487051679,-0.3619481597690022,-3.8251273824743057,2.014793634798993,1119.827932258088,1136.8251599811108,1119.6426294267344,1121.9370966902575,-329.7310085181057,-306.49211477669047,73.24477932866903,-460.84130184544006,151.06849534738114
39.63,-0.2629591694915492,0.9149220029536602,0.2021035291040871,-0.0254989490435545,0.0343323362060642,0.00637201142771,-0.0006023978402024,0.005056164156622,0.0227943620004894,0.999726904589714,-0.0384282583591359,0.0180641214168906,9.810805818517213,-0.0203928967408287,-0.0196776834215636,0.0060662278290082,-0.3619948155221551,-3.825175145954588,2.0148050851381556,1119.0852017521293,1135.9269846110435,1119.9200640890906,1120.8338958914824,-286.1100307787538,-381.1712990083702,166.98479464403687,-388.0164253582113,151.0666681339369
39.6325,-0.2646033324097306,1.0315569402738671,0.2691171956172083,-0.0262017344281589,0.0362913022703322,0.0079925030208983,-0.000616124534937,0.0050888528483357,0.0228309027147178,0.9997259132388642,-0.0411250901191774,0.015830503528502,9.807880846854784,-0.0203700991877698,-0.0195372500913597,0.0060755563826351,-0.3620406194876856,-3.8252229799434256,2.014816700709655,1118.3973821041936,1134.919303486068,1120.477553399955,1119.9970145634654,-264.63256622011124,-379.53714399603047,273.1175736130564,-234.81462792109124,151.06500659816828
39.635,-0.2430544513199387,1.0920751061143334,0.2829042230548149,-0.0270774093463026,0.0390907634020651,0.0087106359147108,-0.0006300903435663,0.0051040393868674,0.0228593683725959,0.9997251885504614,-0.043213993883799,0.0135098173290248,9.804982088536008,-0.0203570042804936,-0.0194132553737149,0.006079901845148,-0.3620860333313068,-3.82527115012352,2.014829553199442,1117.76203892103,1134.029298891065,1121.2856519571546,1119.659822751878,-245.58360238398728,-284.9516573870366,376.77634429281903,32.97200628306332,151.06348629306822
39.6375,-0.1941506296016406,1.0497539544074304,0.2485739200403789,-0.0278635475851701,0.0428783997619247,0.0083755793623336,-0.0006528790814311,0.0051097330244487,0.0228764067176221,0.999724762545101,-0.0448247485209565,0.0109872673092545,9.802131152690537,-0.0203536987721925,-0.019304808299462,0.0060766860279166,-0.362131582170513,-3.8253202112029454,2.014845330708993,1117.169464092273,1133.494545199132,1122.36143512142,1120.1618745948808,-260.1800865319125,-117.17540907055452,511.7098846234168,432.68428332958734,151.06214067557747
39.64,-0.1098320505697252,0.8504417877484358,0.1623397626843909,-0.028529269137389,0.0475766424436266,0.0080634300623064,-0.0006905797378523,0.0051171416810392,0.0228807526009326,0.9997246067125704,-0.0461483396435574,0.0081978434050061,9.799350491410754,-0.0203599148918102,-0.0192105836495741,0.0060631163615088,-0.3621774067044303,-3.825369711411724,2.0148645574775568,1116.4611384883697,1133.443421845712,1123.844201380273,1121.823244168527,-265.09488959105977,89.2624346470159,550.1737999273702,764.7712121842367,151.06073321711483
39.6425,-0.0257735244432982,0.5590963686588268,0.048389075384743,-0.0287439767396422,0.0508793658555055,0.0086777798168618,-0.0007419078868335,0.0051314532618259,0.0228740969190534,0.9997246590703688,-0.0472550900596078,0.005216375801668,9.796664835128352,-0.0203749931080943,-0.0191288672623285,0.0060372045644563,-0.3622242615340871,-3.8254197325762713,2.014886460296092,1115.8439896443188,1133.9408573723667,1125.1123041210544,1123.9857306557983,-253.03637796337864,303.689027249474,478.8024304657762,970.1482377890026,151.0597366485164
39.645,0.0616746402696618,0.1628881876524502,-0.1182252306160966,-0.0285078757858218,0.052964365428266,0.0101195244879214,-0.0008022278458448,0.0051522497105638,0.0228658435859012,0.999724708194942,-0.0481055512224007,0.0021780660029208,9.794101078037919,-0.0203981690117423,-0.0190575204246269,0.0059980412813004,-0.3622718932439163,-3.825469880013789,2.014909521865999,1115.195956598552,1134.96186698196,1126.2382135326031,1126.6739853574743,-282.24957930660025,542.1501269207465,423.4756932891394,1218.8437258562449,151.05892659705617
39.6475,0.1594215649559541,-0.3747713113532049,-0.3697654441605554,-0.0278013477697924,0.0532896869494199,0.0114053620259023,-0.0008656487755394,0.0051792434029605,0.0228589023900632,0.9997246900034648,-0.0486660359203906,-0.0007624544671122,9.7916865402154,-0.0204282204074988,-0.0189946656612872,0.0059457767754872,-0.3623195291802094,-3.825520650645832,2.0149315773652443,1114.4327417477853,1136.6516080069719,1127.2296825875012,1130.0799492850829,-265.4314149046653,666.6437370901044,280.955568379687,1215.856740058476,151.05817289358973
39.65,0.2304058077410676,-0.8190651649212307,-0.5930683019296084,-0.0270725539108813,0.0511186138847763,0.0109394650258337,-0.0009267935409005,0.005216159669683,0.0228548140793596,0.9997245517489516,-0.0489859397091593,-0.0034643049168959,9.789447317282564,-0.020463762219325,-0.0189385925348961,0.005881419026544,-0.3623664651892049,-3.8255722194620274,2.0149508982709943,1113.86879952403,1138.2950856674076,1127.6429913745003,1132.7532690577611,-197.75925901234473,662.8389008725,62.89917799241685,970.7643090795536,151.05772783840447
39.6525,0.2902443727989391,-1.1956268366119125,-0.776269226927544,-0.0263370364513784,0.0466374749580083,0.0084315344044145,-0.0009822702187846,0.0052624275031119,0.0228556367070209,0.9997242509226748,-0.04903649676171,-0.0058332154948272,9.787409050993725,-0.0205031617284135,-0.0188878204355525,0.0058068570522028,-0.3624124420315161,-3.8256235773397687,2.01496688098408,1113.443945452723,1139.965802511336,1127.5441784774634,1134.9337708304831,-143.44513504799517,638.7275012345897,-128.48765537808296,756.2149167966022,151.0574729443337
39.655,0.3431386760259049,-1.4853081570207862,-0.8857449099949454,-0.0255320090112873,0.0412394199237123,0.0047633335456489,-0.0010285499834999,0.0053132339877783,0.022859133736271,0.9997238668348593,-0.048712090456774,-0.0077808064732446,9.7855959625117,-0.0205442417293171,-0.0188413289977576,0.0057245214422015,-0.3624588464134569,-3.8256738309040736,2.014979838999329,1113.1515738487897,1141.4887231735822,1127.0005530976096,1136.5343436417463,-91.65538530477683,535.7217437570723,-319.6362568725086,479.82248332198634,151.05737506427252
39.6575,0.3917382874062156,-1.6651199452567447,-0.8764808219282642,-0.0246363018915874,0.0360215278159448,0.0007822346395788,-0.0010629872969554,0.0053648821871263,0.0228618983154541,0.9997234999566752,-0.0479361042201465,-0.0092420821444965,9.784029115543692,-0.0205844117839867,-0.0187983680755331,0.0056366865731969,-0.3625063984667964,-3.825722587071073,2.0149910727794142,1112.9856685261996,1142.6444112301187,1125.9459971931024,1137.3328832470909,-63.09056063438629,385.26815817729886,-563.8840808985905,165.31861882500107,151.05746471469575
39.66,0.4509494876832582,-1.7820753216564569,-0.7246351684458903,-0.0235846981198364,0.0306888262278054,-0.0033260453220688,-0.0010879392329843,0.0054176924477856,0.0228659666686699,0.9997230981792627,-0.0467197285609158,-0.0102542460463923,9.782725478645936,-0.020621013158651,-0.0187580585548708,0.0055448603436505,-0.3625541406224089,-3.8257702915236576,2.015001440161169,1112.8361210456176,1143.4150639644697,1124.1811326931152,1137.3609367358715,-61.95043742960948,162.29987090369715,-709.564769085592,-129.84762067087735,151.05778550536732
39.6625,0.5044887927482514,-1.8301006984261128,-0.5020517344186382,-0.0227472762721773,0.0269202684028494,-0.0055713103900956,-0.0011080557196591,0.0054730911703317,0.0228711625846524,0.9997226519872928,-0.0451045053256358,-0.0109058929576464,9.781698203092708,-0.0206510700200209,-0.0187194971476344,0.0054498374190574,-0.3626025985604068,-3.825817484965965,2.0150122369703825,1112.6759163390511,1143.4559105846379,1122.3981733476724,1136.683645143736,-80.38192643601212,-114.47916888434018,-746.5901669970177,-384.76201530646426,151.0582270172686
39.665,0.5629158951343153,-1.864053713380258,-0.2237980021046191,-0.0219065740775682,0.0235625725916829,-0.0061509200578159,-0.0011241342824159,0.0055298728141523,0.02287819359372,0.9997221513729332,-0.0430863818472132,-0.0112183335676874,9.78095713358827,-0.0206714365009036,-0.0186814495952627,0.0053520873005877,-0.3626524662801047,-3.8258645640147297,2.015024438586187,1112.4342114134379,1142.8426681200483,1120.4481818581335,1135.4371266593412,-114.29197818600704,-405.27199898108125,-856.8789504312625,-629.8215530825889,151.05884457506173
39.6675,0.6315599795213007,-1.9149132791561465,0.1183378698345821,-0.020650687738421,0.0196378575845055,-0.0053033831839685,-0.0011344644098364,0.0055852684194325,0.0228884496470364,0.9997215833618615,-0.0406370136105082,-0.0111715678628911,9.780508517676376,-0.0206789484083281,-0.0186423368663634,0.0052518236173648,-0.362703653213984,-3.8259121523863624,2.0150383567621746,1112.104456448121,1141.4295505897314,1118.113778595514,1133.5345373783216,-106.21733688734844,-602.7999207084675,-828.2034156156298,-723.3609886599816,151.05978367663255
39.67,0.6765450291951368,-1.9687692225705036,0.3771818578094765,-0.0191189738949491,0.015995762550305,-0.0039005298848368,-0.0011419424571186,0.0056395821596106,0.0229040429801652,0.999720896384166,-0.0377970606883297,-0.0108413487473124,9.780354107311299,-0.0206706675855723,-0.0186003362904333,0.005148803931821,-0.3627556653541159,-3.825959825589063,2.0150535600841946,1111.9031247290009,1139.8286685165046,1116.3071647800532,1131.8203217160394,-33.389964859846614,-677.3331731851407,-669.1755401853871,-662.6951679886249,151.06072743534955
39.6725,0.6923633669025677,-2.019592242500872,0.5834094997697566,-0.0170489994731379,0.0114553746119724,-0.0023392883692892,-0.0011538348122302,0.0056926315936557,0.0229212421984791,0.9997201699355108,-0.0346059042429631,-0.0103964001150706,9.780491599452931,-0.0206437827733714,-0.0185536923802598,0.0050427532834706,-0.3628095698893876,-3.8260075624525194,2.015070162641363,1111.937506623822,1138.0428847238088,1114.76790089459,1130.2210615383815,98.66816407274608,-758.1083481318489,-598.7388326726552,-629.1393041899447,151.06183407592545
39.675,0.6627254204326498,-2.047186628479211,0.7536058160243453,-0.0146282436013876,0.0050323848502333,-0.0004006862406823,-0.0011734508127833,0.0057427624615082,0.0229347734536338,0.999719532503592,-0.0310772996742753,-0.0099351741778049,9.780914214433345,-0.0205959963545174,-0.0185004857130984,0.0049339725200687,-0.3628659948422981,-3.826056353708743,2.015088110396735,1112.3964655493648,1136.0381267758435,1113.3134706166884,1128.674625195088,244.9939860250308,-662.9946002616425,-462.49561092303327,-481.7270842349708,151.06334545974272
39.6775,0.592500579087809,-2.02263426824888,0.8218096683854468,-0.0129916098386422,-0.0006462708925063,0.0014362581927792,-0.0012004188052241,0.0057840945412775,0.0229435201984045,0.9997190455203838,-0.0271439360089679,-0.0094914987280573,9.781610603137864,-0.020526035857498,-0.0184385050994654,0.0048236715577179,-0.3629231232075617,-3.8261068944915047,2.0151064190075982,1113.1624765539475,1134.727911722499,1112.4554228399738,1127.8124261172054,373.7024183499431,-405.1888349995399,-268.02479250156284,-248.77002246039297,151.06475436904165
39.68,0.4734904125954318,-1.9364969667469691,0.8022760362069589,-0.01153093413103,-0.0062200940396627,0.0037660840380359,-0.0012312211449053,0.0058149239486971,0.0229473770822193,0.999718728319162,-0.0228205743828619,-0.0090406167871004,9.782562884098176,-0.0204338767754361,-0.0183655897273387,0.0047137658138956,-0.3629796306295117,-3.8261583219558704,2.0151240865773525,1114.2649776411129,1134.0121826008476,1111.9733466541816,1127.4307750827872,474.3605427802999,-170.91574134089652,-130.5234174083403,-85.11142183091134,151.06631445853432
39.6825,0.3149100606459402,-1.8007138040131068,0.703363498576769,-0.0102428330558073,-0.0113960629511609,0.0065612962619127,-0.0012625698487364,0.0058339206977589,0.0229495896888611,0.9997185232372444,-0.0181295229771661,-0.0085656619518237,9.783747054850807,-0.0203208340141796,-0.0182797939785934,0.0046069173692142,-0.3630339376412871,-3.826210783064566,2.015140000984142,1115.534279267847,1133.8733330157952,1111.8028057529327,1127.3868690080512,513.1592160421964,82.83262672044057,6.058667930389303,29.71673054801912,151.067997087098
39.685,0.1136741438831101,-1.6186042680660835,0.5112104548982755,-0.0093781846229577,-0.015663064136817,0.0095231526098014,-0.0012917720695757,0.0058375869454946,0.0229589862816223,0.999718253128268,-0.0130495449578539,-0.0080645995487828,9.785133213204837,-0.0201894297689852,-0.01817949674057,0.0045064796138152,-0.3630841774584522,-3.826263594300847,2.015153321454676,1116.8307737213252,1134.42634573445,1112.0036399938335,1127.5793587355274,535.6014591527116,379.7126746353446,169.98992270382985,81.91548974219033,151.0698238791018
39.6875,-0.1637862572225,-1.37224605324413,0.2010550374567859,-0.0090822879633956,-0.019569667655755,0.0120939146740069,-0.0013149771034351,0.0058268165569724,0.0229739135191677,0.9997179510797898,-0.0076432312228929,-0.0075117165729999,9.786684776474775,-0.0200424534566384,-0.018064184643848,0.0044160283210836,-0.3631312725930208,-3.8263159044836166,2.01516434176224,1118.212286563612,1135.771896388973,1112.6527553664523,1127.7964464567624,457.82674305465457,578.1336381791135,298.6808684777304,35.97826264025205,151.07217732751184
39.69,-0.4105363978722949,-1.161742455565058,-0.0832889524787653,-0.0096998610103569,-0.022068786095516,0.0125360550457999,-0.0013299256757609,0.0058008779181411,0.0229905111635283,0.9997177096506557,-0.0019394880619633,-0.006911762873489,9.788360110709345,-0.0198827351509293,-0.0179341898958774,0.0043391722417908,-0.3631763901494988,-3.826367326967956,2.0151731802445854,1119.1199074365963,1137.3170139253427,1113.497044336221,1127.7592500487283,306.60835575133893,663.8404166469414,386.1816918061165,-96.97726027033735,151.0742684444213
39.6925,-0.6534398633414515,-0.9600376266161774,-0.3333590454740246,-0.011452994476499,-0.0241843892021062,0.0108741902369046,-0.0013386440339418,0.0057620364945055,0.0230061901641116,0.9997175712205462,0.0039751499355866,-0.0063486729965325,9.790113206888671,-0.0197129392306093,-0.017790527584161,0.0042789498900605,-0.3632187288225646,-3.8264172908494105,2.015178951200196,1119.7453283423695,1139.0910984722093,1114.5836638254839,1127.3115601554105,224.30134660660207,781.9662589065138,513.0849420190874,-309.7318856441468,151.07648832157295
39.695,-0.9219070944686352,-0.7348397163373231,-0.5321959564250016,-0.0145782132224936,-0.0264365642020762,0.0073090176990533,-0.001349002631615,0.0057191149181914,0.0230152841984462,0.9997176026566846,0.0098855281667754,-0.0060126657760439,9.79189522202316,-0.0195351141553078,-0.0176349658721714,0.0042372733787538,-0.3632592763172884,-3.8264658604802535,2.015181686085533,1120.24141416963,1141.2268452198775,1116.0624690463178,1126.2105906205068,158.82963368095156,749.225800433259,556.9457571900848,-492.5237273232528,151.07929307109458
39.6975,-1.1213106240826567,-0.5623903041814141,-0.5902631189214012,-0.0175926198802986,-0.0279934694494407,0.0041380788995265,-0.0013702377143876,0.0056782679115805,0.0230140029466407,0.9997178419426476,0.0156301101119766,-0.0061151099643977,9.79365741734296,-0.0193505179047315,-0.017469656921921,0.0042150414163189,-0.3632995807963358,-3.8265138995521166,2.015182763603995,1120.5394765107735,1142.837227474372,1117.3683926114315,1124.8489415187964,120.28887630015772,574.5003173605953,525.8630431244949,-611.9655176975864,151.08174135995677
39.7,-1.3005137373260351,-0.4059729210194679,-0.5405385408932439,-0.0205786771894382,-0.0291714358935812,0.0016401923548094,-0.0014056454267465,0.0056406893705897,0.0230067903050172,0.9997181721145724,0.0211488165292274,-0.0067453849255951,9.795353106179373,-0.0191597072068754,-0.0172967566529496,0.004212155806405,-0.3633396529902547,-3.8265616673528537,2.0151837530247647,1120.842858551131,1144.099346806682,1118.6917842619416,1123.1507630320175,157.4182348525132,447.4636487983829,581.4101987545864,-779.7871756611688,151.08429647559808
39.7025,-1.505113662760471,-0.2374783449166656,-0.3922317249458686,-0.0239994313535208,-0.0300980597193543,-0.0002527273447195,-0.0014558561862035,0.0056062482040037,0.022999738208659,0.9997184503926164,0.0264090709125686,-0.0079320467054893,9.796939636803016,-0.0189623338472347,-0.0171187043836706,0.0042271289200638,-0.3633790291112667,-3.826608490841808,2.015186177247777,1121.3265676850365,1145.0745457183652,1120.275443605206,1120.9500056404884,206.91954777999567,257.5915810511629,580.6050053255882,-796.8445015728747,151.08747552323484
39.705,-1.673383239492678,-0.1139556854880022,-0.2322942970805867,-0.026933548953709,-0.0304723107070482,-0.0008593157070966,-0.00152135136853,0.0055716205223398,0.0229918021488409,0.999718716207221,0.0314398612548955,-0.0096914096558414,9.798380789719715,-0.0187568430614528,-0.01693855075828,0.0042571618987,-0.3634190045189716,-3.8266544299647385,2.015191344855229,1121.87745629003,1145.3873047119366,1121.5948092885667,1119.1665405241567,254.81650237075576,22.006681612890695,529.9306612558229,-661.7046534551062,151.09021079045857
39.7075,-1.8358053413600757,-0.0086383821248805,-0.0816064674271278,-0.0303164904017796,-0.0304428066624197,-0.000405401791537,-0.0016002008325498,0.0055333235972458,0.0229824105416344,0.999719004920914,0.036273206124777,-0.0119814059014891,9.7996484747422,-0.0185408579818941,-0.0167595829151683,0.0042984094002813,-0.3634610115502258,-3.826700081793733,2.015199690244015,1122.600650196891,1145.1845791264295,1122.9250969114867,1117.6414823732111,316.61715588772665,-156.66228891174055,534.6352408131218,-543.5160029794536,151.09302581747764
39.71,-1.9803388293750883,0.0823509909933973,0.0319732448188848,-0.0342081962958764,-0.0300467167055093,0.0008504908058351,-0.0016848863000389,0.0054878393722765,0.0229734737583589,0.9997193056621168,0.0409430130752902,-0.0146391722261815,9.800724273572387,-0.0183115355493244,-0.0165851834788297,0.0043465163969933,-0.3635066334037279,-3.826744898643679,2.0152118756956847,1123.4605420694695,1144.6039932673775,1124.267985492634,1116.448960509258,372.0802730601209,-302.0846888824072,538.569773722919,-380.3517458450009,151.09589989330888
39.7125,-2.0763836515716387,0.1607324122681262,0.0815193481224266,-0.0387285713636452,-0.0291785997319415,0.0024791757779941,-0.0017667384902468,0.0054350029501812,0.0229662160670827,0.9997196098570827,0.0454167090626418,-0.0174664127872852,9.801600583668856,-0.0180660016771898,-0.0164189289425064,0.0043968598061856,-0.3635563461140371,-3.826787890723892,2.015227928599021,1124.4610515621898,1143.674155682019,1125.6179457800988,1115.739723643988,461.01817660545805,-457.0880443028663,590.2201936398051,-195.00596870165313,151.09883664794097
39.715,-2.0917491727484956,0.2551120001140294,0.0696059025007719,-0.0449362701332665,-0.0280857839756022,0.0037893936426273,-0.0018386998894988,0.0053797991337655,0.0229617566323214,0.9997198816243936,0.0495595899109282,-0.0202834102132666,9.80228113795668,-0.0178020285724495,-0.0162644159241699,0.0044449461330892,-0.3636080243350771,-3.8268275751173033,2.015246087545831,1125.765632952498,1142.318553045862,1127.2190864608344,1115.473930665749,480.9789223376624,-515.1764879623992,578.1480087804309,-5.3202966329508925,151.10242225402604
39.7175,-1.988229141905056,0.3519569951413885,0.0190128960562202,-0.0509312726077094,-0.0276679981756003,0.0038107912903438,-0.0019009039580832,0.0053287851921528,0.0229652581233076,0.9997199680776592,0.0532039016951607,-0.0230415650389657,9.802780819250833,-0.0175186521467248,-0.016124831190398,0.0044867904610246,-0.3636588400963614,-3.8268641147023374,2.0152647179403167,1126.8659461738791,1141.0982732422056,1128.5086858240024,1115.713122160823,416.8655014318273,-490.25453893390494,498.74690914370944,179.49305787686123,151.10545354038413
39.72,-1.7352796824378816,0.4901646062333543,-0.0445802937246286,-0.0571275784271168,-0.0276574639999748,0.0030056571235863,-0.0019553314646617,0.0052904132838791,0.0229739358909774,0.9997198820707258,0.0561461933428529,-0.0257189058390828,9.803124528221774,-0.0172159904679385,-0.0160029214872886,0.0045192927273333,-0.3637092877470107,-3.82689891050512,2.015282665105863,1127.8499604596552,1139.8672803511947,1129.7128210065507,1116.3713959551328,370.2521478416127,-540.7488995872844,502.50270800844856,373.6444095181831,151.10852026414295
39.7225,-1.255871467793162,0.7162876682047459,-0.1110192703271667,-0.0630384962050616,-0.027263976519035,0.001843682467802,-0.0020047251448139,0.0052658086947595,0.022987240597907,0.9997196225461692,0.0583310612063727,-0.0283058881817349,9.803345618593088,-0.0168955114316099,-0.0159003141310944,0.0045405675883284,-0.3637582085691836,-3.826933461610919,2.015299007593272,1128.7172069130884,1138.394528744268,1131.021199364046,1117.5813442084152,242.48373494348343,-546.2891956076353,454.35404375979886,506.9001873242677,151.112230282559
39.725,-0.72931253395297,0.949215600031788,-0.1509452033956197,-0.0659909662342631,-0.0260919124976814,0.001036026584338,-0.002051318269325,0.0052492670708155,0.023007585996397,0.999719157063372,0.0598440203153372,-0.0307826700540544,9.80348397265632,-0.016559979903809,-0.0158173800094887,0.0045497794444619,-0.3638033877957334,-3.82696854935292,2.0153140815091777,1129.0623791343733,1137.1358343731551,1131.9845912253509,1118.9058968917554,42.457344351344055,-524.3329346676313,360.0812240190954,587.5966123753075,151.1153386862666
39.7275,-0.1095842202525572,1.2056758617459216,-0.1770600777953491,-0.0670025741540578,-0.023788096838993,0.0005195428042431,-0.0020993867435061,0.0052363801478452,0.0230301475039863,0.9997186078748248,0.0607526943572291,-0.0331667249394956,9.80358416264004,-0.0162129494849655,-0.0157536610143694,0.0045465737273406,-0.3638458997879033,-3.827004631227055,2.015328778943163,1128.929493634845,1135.7728640709322,1132.8216054841398,1120.519327270289,-173.13299839056765,-638.7922578622607,343.65155483615735,760.4738931995347,151.11845393031734
39.73,0.690566479632936,1.5030174423458345,-0.2016231155642387,-0.0663284626770906,-0.0198319340757446,0.0001921541318131,-0.0021526800681405,0.005223955628603,0.023049401655716,0.9997181105580774,0.0611114065636396,-0.035465685753778,9.803693603995054,-0.0158586505616848,-0.0157077822111014,0.0045310376964769,-0.3638868842786477,-3.827042265095383,2.0153435228762007,1128.19671414242,1133.9418730838422,1133.7028489995323,1122.708266357755,-358.0946051502438,-707.8308475314333,305.75444475996665,824.8813231008044,151.1221868363632
39.7325,1.3656669368663448,1.7131120716781427,-0.2227544944289224,-0.0638956703013581,-0.0155997748535681,7.033545877325934e-05,-0.002211914932242,0.0052131510488869,0.0230604263247378,0.9997177729195312,0.0609020832158694,-0.0376293158188402,9.803860799092272,-0.0155018509106043,-0.0156776136035394,0.004503648844742,-0.363925581663844,-3.8270811726662255,2.0153578996821007,1127.1390206090928,1132.2337098332732,1134.3503777079404,1124.6437338857952,-499.85182689265446,-712.6069771961853,241.4650262844511,765.5013468711472,151.125282659087
39.735,2.002770057051169,1.8536719850795784,-0.2473282030448289,-0.0591990260343366,-0.010503185689339,-3.549015787022786e-05,-0.0022749491556201,0.0052055964028082,0.0230602818848467,0.9997176635310524,0.0601108357306806,-0.0395569678996201,9.804133463107224,-0.0151476891617032,-0.0156604746513042,0.0044653765444648,-0.363961435606372,-3.8271209656575937,2.01537202682577,1125.6974550079588,1130.3788381978643,1134.9101741309537,1126.535773092107,-622.7730069215338,-749.472681292153,205.44364716132296,724.1278275703668,151.1283496264984
39.7375,2.5774555920166815,1.9214031666313984,-0.2715801189037994,-0.0529038908944729,-0.005103298858408,-0.0002412006275056,-0.0023382237891612,0.0052036172271444,0.0230516630293039,0.9997177213792336,0.0587230072901148,-0.0411279850573154,9.804556715288888,-0.0148015431682616,-0.0156532405271669,0.0044175977232838,-0.3639942820033302,-3.827160848047224,2.015385653041487,1124.0251555744835,1128.4863464268103,1135.3775959437476,1128.264373023649,-697.6042150240188,-736.5534077363789,153.31886935656598,626.0342167895468,151.1313820112936
39.74,3.050876894077986,1.8959691127083296,-0.2850119308136405,-0.0453011837380954,6.687117411673537e-05,-0.0006973965583045,-0.0023992797342317,0.0052132624466701,0.0230377209320941,0.9997178521853112,0.0566620209906748,-0.0422504816385808,9.805171325791557,-0.0144685905862587,-0.0156526466980089,0.0043618889257388,-0.3640244711457356,-3.8272010517219446,2.015398535608384,1122.209433932837,1126.6960711591807,1135.6767684777367,1129.6659441760567,-792.6667838591972,-722.3525245433142,70.27068013341729,519.9049171161913,151.13435896917457
39.7425,3.485122309867992,1.7652816626520336,-0.2693541925581178,-0.0353400487859855,0.0057034478788524,-0.0016523147953687,-0.0024536765366264,0.0052346363643525,0.0230261268361672,0.9997178882786718,0.0539792182898219,-0.0428068114653013,9.806012150167271,-0.014153536675984,-0.0156552186501217,0.0043003347736463,-0.3640512521104382,-3.827241665286728,2.0154110072582685,1120.0618216551911,1124.8745838040973,1135.7289493444143,1130.8638976092275,-754.0051545380755,-585.9867463213377,-51.69709557622054,353.2614850209968,151.13784847485726
39.745,3.7325754236571056,1.5849644523809456,-0.215174634963033,-0.0267660256863309,0.0097606158862119,-0.0027836962751523,-0.0024995927132774,0.0052680366337347,0.0230159957087708,0.9997178486477571,0.050729665745791,-0.0427402930365882,9.80710675588915,-0.0138599250052096,-0.0156577618949235,0.0042351275305942,-0.3640753806048288,-3.827282682925032,2.0154225411955524,1118.43940816015,1123.7661374275767,1135.418282999856,1131.43225160116,-587.5670935937428,-335.1388383861936,-220.86352207090908,142.119920681962,151.14067327381926
39.7475,3.861949070583921,1.3478509058286212,-0.1064988149237764,-0.0177355322715336,0.0131071776431388,-0.004037279437567,-0.0025350523278061,0.0053098536480189,0.0230030689922252,0.999717852125555,0.0470517358457682,-0.0420038351436204,9.808474467537444,-0.0135899498708302,-0.0156572535606261,0.0041686813508691,-0.3640986381811678,-3.8273242007800254,2.0154331756082695,1117.123986187221,1123.1988896121654,1134.6246317340592,1131.5744972126377,-492.63884500707974,-114.29463686357458,-481.3472288828773,-21.981466799332008,151.14339538725815
39.75,3.8811170482825847,1.0167399716294852,0.0856783816449023,-0.0060872819334728,0.0163333901650373,-0.0050015017062986,-0.0025568414626506,0.0053552359495482,0.0229874511539656,0.9997179291642978,0.0431129630935872,-0.0405383976028796,9.810125668750029,-0.0133445695799616,-0.0156506956749174,0.0041034838651137,-0.3641221370976108,-3.827365880251876,2.0154434711125897,1115.9762139351135,1123.1946642432583,1133.0115468554404,1131.322344267163,-350.14040842038423,106.22779481023484,-708.4340005085854,-149.42548298813512,151.1465250689216
39.7525,3.786966381849552,0.7140128802734402,0.2847545357335004,0.0037457339740556,0.0183698730758088,-0.0048378748505868,-0.0025630799667688,0.0053985373387424,0.0229708937386752,0.999718076029418,0.0390975146177781,-0.0383226991942436,9.812061175147594,-0.0131234714135953,-0.0156352749957219,0.0040419313608011,-0.3641466939189336,-3.82740790763664,2.0154535798269335,1115.3732841451204,1123.730028586216,1131.0824617315195,1130.8273697976977,-180.0080328221145,306.7825702933782,-887.2029883604237,-240.59205216568867,151.14900645293176
39.755,3.591823328209923,0.3960162951270332,0.5006410373914121,0.0126908123293984,0.019642844871502,-0.0037523414753758,-0.0025545888789905,0.0054360205538506,0.0229537457917931,0.9997183045706188,0.035149921247733,-0.0353981454477388,9.814271811464973,-0.0129251864898239,-0.0156084973870692,0.0039861951740423,-0.3641726190991717,-3.827450370460197,2.015463659867147,1115.0761737710025,1124.7285770947262,1128.575531913636,1130.1193840063343,-78.49838617144617,511.7003277919704,-1209.732765429107,-344.3450552693833,151.15134195756497
39.7575,3.2648455548280206,0.0104174321846135,0.750301714301506,0.0220421319600281,0.0202288487264574,-0.0019204687517781,-0.0025298149846123,0.0054725555215951,0.0229382983214819,0.9997185381119889,0.0312435316363141,-0.0317658658053385,9.816738070008224,-0.0127475220717556,-0.0155681063388171,0.0039382273094199,-0.364200613960767,-3.8274929033108225,2.015473893004576,1114.9807922142631,1126.2885302251773,1125.0337979043709,1129.1056445213499,-1.6193731343733992,602.7625882547934,-1356.748100025067,-389.3534379116676,151.15396008816617
39.76,2.930749319777988,-0.3044110988827644,0.930562248897024,0.0289606636164795,0.0199335867848102,-5.276973811084465e-05,-0.0024886632199743,0.0055094062637111,0.0229310058909504,0.9997186187088424,0.0274164120459714,-0.0274666187495551,9.81943039683962,-0.0125878679886989,-0.0155120959500834,0.00389997643367,-0.3642303490390578,-3.827535110988874,2.0154842196607934,1115.0680769053304,1127.7423900359975,1121.7917914135169,1128.1726168167777,64.25792994774734,580.0687408224564,-1313.659451545719,-381.6953547581628,151.15597715208744
39.7625,2.543746401364427,-0.6005639648188494,1.057516742245165,0.0352285021415443,0.018812435466792,0.0023174163025351,-0.0024343701280774,0.0055461421486119,0.0229340287968914,0.999718488107859,0.0237310883108037,-0.0226151935948119,9.822309609576337,-0.0124432990793635,-0.0154389242460293,0.0038733121038841,-0.3642613243521978,-3.8275767650323904,2.0154948411058444,1115.302081864002,1129.188873929291,1118.4655006466387,1127.197167747558,117.45838576387897,558.9412563759065,-1311.822314851599,-390.84976265924536,151.1578108630081
39.765,2.116311542153289,-0.8722213818194596,1.121070753645365,0.0408500777631024,0.0170144289606983,0.0052267050399614,-0.0023711066838253,0.0055803683852521,0.0229443186639148,0.9997182169760314,0.0202794325536823,-0.0173525324951912,9.825327676218745,-0.0123108256807797,-0.0153474554074173,0.0038601524286834,-0.3642921460745672,-3.827617728729843,2.0155059079368307,1115.6553688341503,1130.5370963178784,1115.2326798392555,1126.2183680034805,168.79060815583105,506.1793841748624,-1235.6374222455413,-386.46494039597786,151.1594842495545
39.7675,1.6426183888116244,-1.1040193685599036,1.0873194611633696,0.0454054424300334,0.0145551175085546,0.0086995591024487,-0.002302801946905,0.0056077147770807,0.0229580467731032,0.9997179071913624,0.0171826020917473,-0.0118217697005196,9.82842862522867,-0.0121876599251931,-0.0152367712858729,0.0038625577444808,-0.3643214609916303,-3.8276582615385255,2.0155168255280382,1116.1460349047804,1131.719770850163,1112.2873135354168,1125.26484304558,239.88546900374337,486.5874080870311,-1193.7465730551853,-409.67122420767697,151.16095648113287
39.77,1.0254131438999672,-1.3241724892791984,0.9192824107445616,0.0494361343621223,0.0110051125280356,0.0131134885661912,-0.0022341484376875,0.0056240136410764,0.0229698478071942,0.9997176946580678,0.0145471445730969,-0.0061856777631388,9.831549520317784,-0.0120711445679235,-0.0151061606752889,0.0038826586156875,-0.3643490020355941,-3.827698954222047,2.0155262418839537,1116.8547961791696,1132.9700333583148,1109.2639469739763,1124.170011882441,269.24991353430283,441.77972803977485,-1004.9475649545772,-393.2099997335434,151.16248366445043
39.7725,0.4759264540951343,-1.4514007818914407,0.6768250882294495,0.0515690050856099,0.0073897273745775,0.0163491744148018,-0.0021696137173666,0.005628110847796,0.022976389348533,0.9997176536791867,0.0124101341702865,-0.0006046895278445,9.83462154678872,-0.0119587050330698,-0.0149550515368867,0.0039224947114579,-0.3643758129114426,-3.8277396060987905,2.0155334145193744,1117.4922844724526,1133.928669490363,1107.2625757106412,1123.2987930469112,249.75317272678672,381.988774710755,-679.7584231455219,-343.24524385914924,151.16355395459564
39.775,-0.0996828232445551,-1.5137999821851216,0.3541711272237781,0.0524730602511997,0.0033773783981597,0.018368152510415,-0.0021131138589948,0.0056224628604434,0.0229771964305196,0.9997177747262856,0.0107277017371508,0.0047713642520772,9.837571507871711,-0.0118477380538615,-0.014783058736792,0.0039837347205187,-0.3644026476518054,-3.8277806819120026,2.015538303338776,1118.1035620428024,1134.8799772318669,1105.865154858252,1122.4537856631468,250.1697186539416,428.5699697224654,-469.33582456261865,-372.0643632117032,151.16441357249255
39.7775,-0.8000975866899959,-1.5143758480799367,-0.0732491729538845,0.0519646831936482,-0.0013374070843728,0.019038722009176,-0.0020658158347817,0.0056092774359398,0.0229732759031534,0.9997180224063562,0.0094521933844332,0.009846453279651,9.840323911202985,-0.0117355183725693,-0.0145900923315752,0.0040674858564279,-0.3644300813316616,-3.827821847750148,2.0155416894112816,1118.7431330657228,1136.0715193389765,1104.915896587827,1121.4384712308515,216.6101798545043,446.16239645392767,-227.4591550805072,-376.60711215797915,151.16520422961656
39.78,-1.3686120261196617,-1.4587706790769963,-0.417387305314801,0.0498466354759566,-0.0050146722226184,0.0180870570176256,-0.0020311922750609,0.0055947718899465,0.0229640098611967,0.9997183721094176,0.0084464561910309,0.0144825957961429,9.842803107099046,-0.0116192390310263,-0.0143765676486294,0.0041737448825961,-0.3644592912509349,-3.827862943219511,2.015545026001972,1119.1866129420755,1137.1107892141376,1104.727859082849,1120.570750102356,165.3801650213294,418.37566410987927,44.19646889804808,-352.82640132968737,151.16566657016548
39.7825,-1.8848404194193356,-1.3553861539469068,-0.6963909433809432,0.0456515875400877,-0.0081692942151138,0.015667216063213,-0.0020111563717669,0.0055862521748595,0.022948655859579,0.9997187992399624,0.0075441213164589,0.0185761830180973,9.844935748710842,-0.0114962603376152,-0.0141434130471703,0.0043014276497972,-0.3644904032785711,-3.827904059190848,2.0155489361227494,1119.5700338908289,1138.163397659524,1105.1368789323171,1119.6743392242047,170.40218696097705,451.58225385693726,304.6943008820368,-395.03154746078314,151.16593251164366
39.785,-2.4000037902762985,-1.1873581579884391,-0.910433488740976,0.0385814936829639,-0.0113525596135778,0.0115613506450284,-0.0020045394153268,0.0055827464636134,0.0229314264095259,0.9997192145615752,0.0067367219039173,0.0220853128358955,9.846653970769667,-0.0113644776964579,-0.0138919983932763,0.0044486035303649,-0.3645225796538408,-3.827944174123372,2.0155539840689647,1120.0386238768808,1139.3687004834235,1106.2513305872599,1118.595592365051,185.5730203847503,419.0947321328297,497.067758680187,-386.26396078733046,151.16603580588963
39.7875,-2.717624217765284,-1.0146700202259487,-0.9730102906434608,0.0316015445632641,-0.0138731681681094,0.0079272733241256,-0.0020071845049823,0.0055822126604123,0.022914284686896,0.9997195934478866,0.0060326787279953,0.0250329628979287,9.847897070881935,-0.0112224384212917,-0.0136242975903696,0.0046124031611759,-0.3645554215242023,-3.827983001788104,2.015560970105989,1120.497898992753,1140.2588713201892,1107.622217725719,1117.7430194202673,207.6519703629016,314.9054125944666,612.8740075981685,-315.06914446228166,151.1659509107835
39.79,-2.9039545692902173,-0.8083889357921205,-0.9214426569189365,0.0240124864864236,-0.0162539471320841,0.0049780096071199,-0.0020159100886094,0.0055822394650079,0.0229000937681382,0.999719893170916,0.0054438738442081,0.0274305964759896,9.848613976894734,-0.0110696173553375,-0.0133427688718107,0.0047890609176351,-0.3645881933830119,-3.828019997960993,2.015570022195674,1121.0768837286944,1140.9432275463944,1109.315700625248,1117.020246642741,251.15864805116755,226.30051955118023,704.4334611062857,-254.01467797247017,151.16569969120786
39.7925,-2.980992075072153,-0.5748182280841854,-0.7931978786882897,0.016175906846404,-0.0182931797497068,0.0026991069659835,-0.0020286420645949,0.005578546203609,0.0228955064373521,0.9997199915221432,0.005017445641428,0.0292759854666294,9.848765304924589,-0.0109065487807041,-0.0130501487650517,0.0049741852534879,-0.3646191472679753,-3.8280542614670208,2.015581341909034,1121.7536922330096,1141.3903739179457,1111.1443850312523,1116.4729460304043,283.6481212635958,107.2062409734278,728.9792709796438,-161.4038832796352,151.16531926215256
39.795,-2.9383799461815583,-0.3134041693671433,-0.6011551796070407,0.0086986214534491,-0.0196627532207424,0.0010878422810036,-0.0020456513656547,0.0055724776724673,0.0228990614271039,0.9997199127763756,0.0046877319637806,0.0305332866900659,9.848324173863135,-0.0107344988922261,-0.0127495040847225,0.0051628438257773,-0.3646485718727875,-3.828086537657456,2.015595140531052,1122.495124335013,1141.4792587512616,1112.960596980148,1116.2132272263425,319.20594853510846,-57.40814759911464,755.3600932421026,-32.36908566789895,151.16479405072084
39.7975,-2.7759965695563045,0.0191396781631913,-0.3352083235805242,0.0007710155566481,-0.0204109521147104,-7.964464551158576e-05,-0.002065997077757,0.0055631461416983,0.0229051028309658,0.9997197920344671,0.0044347571184381,0.03120010249734,9.847277500039693,-0.0105553267540975,-0.0124438842595289,0.0053501268829653,-0.3646764628436742,-3.828117689926624,2.0156111394671243,1123.3497219756837,1141.1033331799504,1114.9211854974596,1116.3111006020647,290.5755954229667,-223.2045397209044,661.0258974351183,110.74383331541658,151.1640112786222
39.8,-2.568923853079893,0.2979424622031666,-0.1105350549260071,-0.005123565454185,-0.0202441223717712,-0.0004580879277062,-0.0020866178110871,0.0055482443063274,0.0229134684962815,0.9997196484545336,0.0042715196289424,0.0313259813945298,9.845626176397715,-0.0103715434303585,-0.0121359817506171,0.0055314261562615,-0.3647019496829894,-3.8281480446712344,2.0156284377490974,1123.9480023121287,1140.3632360526567,1116.2657264673253,1116.7669463929199,199.24062368066913,-383.32480591401173,466.7598233629973,259.2771905707233,151.16324315930547
39.8025,-2.306117819234171,0.5580237145201077,0.0884959048534319,-0.0106373416690665,-0.0191674070042449,-0.0002791037732632,-0.0021110235511577,0.0055310064415581,0.0229228950476011,0.999719479026876,0.0041031450149851,0.0308446743018989,9.843385176319597,-0.0101859801395277,-0.011828353162518,0.0057022882956117,-0.3647252677386383,-3.8281783868052734,2.0156471530070665,1124.3459250940875,1139.186709150379,1117.2549846142758,1117.6074865549192,117.05114548746408,-607.6077828285248,360.6649558178202,442.9826898134642,151.1623688274264
39.805,-1.9398091650353353,0.8232156337938255,0.268153506280795,-0.0166388172801801,-0.0167116990113674,0.0005690380319355,-0.0021443875114715,0.005511951955988,0.0229327338322747,0.9997192797061762,0.0038926264708581,0.0296670616328848,9.8405831931095,-0.0100014718281405,-0.0115234051585724,0.0058588771049336,-0.3647466593630336,-3.828208548554492,2.0156671708370353,1124.5332580395655,1137.3251971385168,1118.0690512464128,1118.9818598419852,16.85675105492633,-744.0469696396067,254.1545879320476,542.8961960671065,151.16121354099033
39.8075,-1.5995354621354043,0.9896459165577868,0.3501818808739787,-0.0208952011116124,-0.0137373688398872,0.0018147753460803,-0.0021889646354357,0.0054892247076385,0.0229425595514012,0.9997190634358404,0.0036563732204992,0.0277712974543317,9.837261041241664,-0.0098205972678399,-0.0112234541935085,0.0059982114550505,-0.3647662296277182,-3.828238136859889,2.0156878354450254,1124.430208849362,1135.4664743021847,1118.525757553935,1120.3219675352523,-93.65465450050334,-786.5064473041981,167.77934127972514,540.524413677118,151.16017453350216
39.81,-1.2312387033804844,1.0912113792085028,0.3466280521277922,-0.0244206522029908,-0.0102734062463495,0.0035537600421031,-0.0022414250763763,0.0054592263547016,0.0229517688340561,0.999718870975668,0.0034526903259412,0.0252550807909422,9.833470021167436,-0.0096454403190204,-0.0109307669822343,0.0061182820027551,-0.3647833368176084,-3.828266681792353,2.015708108368188,1124.0649847670627,1133.3926649019938,1118.9079479528118,1121.684481910372,-213.05841603655625,-933.4810883994803,189.25127891529291,557.1526193248579,151.15907055437208
39.8125,-0.7685922310830233,1.1473081580262987,0.2406472700766873,-0.0277679049109144,-0.0065245158104012,0.0058069341201221,-0.0022980791943369,0.0054194513445085,0.022958601619584,0.9997187674824448,0.0033230201550726,0.0222334784998597,9.82927074698209,-0.0094773530336538,-0.0106476559681329,0.0062178383023506,-0.3647994135343842,-3.828294822193557,2.0157275637831087,1123.3649167691788,1130.799068860185,1119.4720139485119,1123.107730631878,-289.7318086935136,-944.354558950949,245.8901223857955,453.94761392345026,151.1576867538603
39.815,-0.378605220053447,1.1558866083096102,0.0801093003397965,-0.02961925715837,-0.0039918140703433,0.0071977717819326,-0.002354414494644,0.0053728452000921,0.0229640148412031,0.99971872908057,0.0032064142331983,0.0188491758982223,9.824731101471086,-0.0093169172666658,-0.0103764218057112,0.0062961894927544,-0.3648162029918916,-3.828322869184076,2.015745726239865,1122.6163257235964,1128.6708921072432,1120.1373985647397,1123.954219979987,-316.2915322954378,-811.238366014544,316.61943833998686,240.08858757653337,151.15649589025375
39.8175,-0.0064221747615957,1.1465454937344206,-0.1224942727208187,-0.0303524066712763,-0.0018706037740331,0.0073808677582432,-0.0024061737560505,0.0053234701564725,0.0229751719507388,0.999718580471322,0.0030239660962671,0.0152483441210456,9.81992520384243,-0.0091639777088215,-0.0101193584892948,0.0063530711806356,-0.3648339816460425,-3.828349531341499,2.0157628196720796,1121.7834591077008,1126.74287703011,1121.0551111402126,1124.3081735697613,-332.38440815190467,-710.9328833152177,401.9502791122466,52.34897929787672,151.1552793226341
39.82,0.329356211622012,1.1336107453234807,-0.3271622218481592,-0.030100498437819,8.774157854413319e-05,0.006612474213505,-0.0024496682531492,0.0052781427399566,0.0229885022496226,0.9997183736490244,0.0026436141489622,0.0115741580896985,9.81493168576415,-0.0090174906446575,-0.0098790493567801,0.0063884067430559,-0.3648537146164497,-3.8283745519254295,2.015779020862297,1120.954403682836,1125.1162276906655,1122.147149960302,1124.2159648764768,-315.15135410155847,-547.0982182125655,455.47017635049593,-133.6455005618369,151.154051254363
39.8225,0.5920123423228014,1.11947928768642,-0.4945766099964281,-0.0283859138540564,0.0022010717016176,0.0050757513466484,-0.0024841458120175,0.0052432762865779,0.022998396458635,0.9997182048854792,0.0019418662172193,0.0079174044735778,9.809832636076559,-0.0088759509816577,-0.0096580983445458,0.0064021462400974,-0.3648754324004123,-3.828397730480416,2.015794752331128,1120.2077023371944,1124.0073859390495,1123.332462021963,1123.6399460669527,-298.3052232832799,-339.87253438864064,504.6621150488282,-326.94589089580046,151.152820938104
39.825,0.7906798225545051,1.0924497974098335,-0.609454027183492,-0.0242938944683756,0.0053256979540916,0.0021585854553946,-0.0025107967030074,0.0052231987904383,0.023007639025046,0.9997179852093316,0.00083801110857,0.004333599699667,9.804712150232518,-0.0087378873852229,-0.0094587385582203,0.0063942013659015,-0.364897728942669,-3.828418397839013,2.0158104010409743,1119.462877566419,1123.4168650187214,1124.6704605355471,1122.581235421997,-248.64880579476457,-86.24976197388739,451.90150121038255,-408.36242434781553,151.15135655521428
39.8275,0.852292948833223,1.0509245172505233,-0.6136886831403424,-0.019898656408695,0.0084421603417776,-0.001182388120167,-0.0025317586519062,0.0052218429361478,0.0230172889856061,0.9997176705376232,-0.000740053701159,0.0008613716928474,9.799654603528781,-0.0086019166105396,-0.009282739472257,0.0063643884661423,-0.3649207006236078,-3.8284362393254514,2.0158263273713874,1118.96445830822,1123.57613712918,1125.591969528016,1121.5981339452123,-185.40172995320555,188.04787660896005,312.8607826516717,-359.4975152403181,151.1501564101667
39.83,0.8329161162042499,0.9813637843218284,-0.524171431577368,-0.0162400579568171,0.0115010761735502,-0.0042444436799592,-0.0025492796997877,0.0052406836763949,0.0230227341068283,0.999717366566809,-0.0028152400067305,-0.0024643882964741,9.794743391386307,-0.0084668114997231,-0.009131131973964,0.0063124955696033,-0.3649452927908694,-3.828451847410341,2.0158426871720008,1118.5358689166535,1124.3571044017651,1126.2347644488043,1120.783747845797,-194.2529640458276,453.49554761377925,220.89637733299764,-264.73442421670467,151.1489886778209
39.8325,0.7896338756593702,0.8682213359930794,-0.3471152503375398,-0.0143490548256829,0.0142571089390076,-0.0058859816531406,-0.0025643282612393,0.005276082701554,0.0230188371539371,0.9997172230602396,-0.0053077835436868,-0.0055890753830918,9.790059786473208,-0.0083317893728044,-0.0090037889372259,0.0062384128639453,-0.3649720441417877,-3.8284668793593086,2.0158597199281525,1117.9931934879903,1125.84361486725,1126.6964514146816,1120.2744618241284,-220.3312250665713,602.5498942367095,128.77386427392372,-85.78009289131091,151.1476373333367
39.835,0.7995599161861624,0.756288957845618,-0.183989576277095,-0.0148523534563485,0.0158281416173818,-0.0054135118582915,-0.0025727749744654,0.0053126270932857,0.023008762728615,0.9997172579238726,-0.0079021514546264,-0.0083691905067883,9.785682314053812,-0.0081968930507965,-0.0088990700158677,0.0061424137611702,-0.3649992353244631,-3.828482396231335,2.0158783276212606,1117.4342127913203,1127.3698538729504,1126.8786337701742,1120.3548473813403,-260.7068484497274,625.2643682272949,45.88808663360932,134.71213349206184,151.14656136124816
39.8375,0.9087897951899172,0.6320683412175236,-0.0484467118128662,-0.0158939074560764,0.017222336248104,-0.0040959886606864,-0.0025788460153826,0.0053454905545272,0.0229922860052886,0.9997174802907322,-0.0104914128625731,-0.0108281635264805,9.781683081961523,-0.0080632993201168,-0.008814213502513,0.0060247503315616,-0.3650256759378329,-3.8284997603499575,2.015899258462175,1116.6896592457429,1128.9699367083836,1126.9258918478495,1120.948022491588,-333.6225125128406,620.4458313657151,3.4625501493319937,297.62836117836974,151.14554697241604
39.84,1.1050422444038444,0.4981830131321736,0.0481489601237103,-0.0159623731488627,0.0185552126247508,-0.0028490561977547,-0.0025863075023861,0.0053789659094688,0.0229727860485421,0.9997177700531648,-0.0131429096242346,-0.0129864768064591,9.778125618440777,-0.0079334591473128,-0.0087453232847673,0.0058861609973611,-0.3650497862246134,-3.82851925398972,2.0159208099305097,1115.7661002287552,1130.4720830297806,1126.8959465209207,1121.842989187233,-409.7446589106944,546.8558617017537,-30.89775001252076,381.9195888257902,151.144590284506
39.8425,1.370284347570844,0.3511177399559893,0.0997289515998331,-0.0139401968884609,0.0196168226276643,-0.0021396180219569,-0.0025923042596917,0.0054139980887039,0.022960980989416,0.9997178740703264,-0.0158509823866722,-0.0147485516607492,9.775064534525997,-0.0078108070371697,-0.0086875799320675,0.0057284180950787,-0.3650685214120717,-3.8285403405809824,2.015940842622871,1114.6409359511883,1131.704216016894,1126.7714030977868,1122.857620435718,-526.3353629939287,456.48943669685326,-85.61525743242382,407.653380542713,151.14371060920666
39.845,1.6907892041737111,0.1578781177198127,0.1285376025518744,-0.0089419225908516,0.020486771512564,-0.0020391764527114,-0.002592202987408,0.0054498870175577,0.0229617659286073,0.9997176902092878,-0.0185735897129603,-0.0159984368548813,9.77254382848266,-0.0076990427196876,-0.0086358576990787,0.0055542130529868,-0.3650822099632731,-3.828563238246841,2.0159588837450926,1113.134423413788,1132.7545302132628,1126.4678702337592,1123.8812560899444,-559.4817665207167,310.293227150601,-145.13797126366478,306.2374202127355,151.14275268070415
39.8475,1.900128580654352,-0.0169835665019193,0.1411252823750229,-0.0031916846861554,0.0208520396141912,-0.0024243154046378,-0.0025843739477632,0.0054856731050748,0.0229737564624245,0.9997172580588346,-0.0212620409653473,-0.0166934855623861,9.770595194021558,-0.0076014510752374,-0.0085851060804554,0.0053668745803986,-0.3650925011600169,-3.828587844078713,2.0159752123257233,1111.843527118583,1133.2556821526475,1126.045713241468,1124.3888075367825,-494.192697281298,134.16152210713747,-209.8472739206336,113.34592710885433,151.14204108231863
39.85,1.9955706905718824,-0.2035900582853353,0.1534802882959575,0.003259894669112,0.0207631689433094,-0.0028280228010375,-0.0025673601835231,0.0055191909633723,0.0229956648566727,0.9997166244055694,-0.023841872604297,-0.0168093494584146,9.769236747319761,-0.0075204020320859,-0.008530513461845,0.005170215543563,-0.3651001352015015,-3.828612605627907,2.015989263146209,1110.6634599273802,1133.4253378237988,1125.4186338641555,1124.4479857254892,-456.87005336663503,25.517876911749696,-321.4214163120427,-62.305018219706014,151.14142429246084
39.8525,1.950488058095832,-0.4342216278757639,0.1662147399541144,0.0109061040840823,0.0199178964849273,-0.0026544584110411,-0.0025424580328468,0.0055440920392458,0.0230162433883578,0.9997160804116708,-0.026158083544236,-0.0163916924055284,9.768472530285084,-0.0074567162746872,-0.0084678587936184,0.0049682975467031,-0.3651063716417211,-3.828636669267611,2.01600135827716,1109.5591768517522,1133.3832715372064,1124.438606159909,1124.0772824456842,-330.66684261645054,-32.173624179524175,-390.2094487581785,-178.8066296068786,151.1407975246574
39.855,1.7838445563279208,-0.6252341715433727,0.166733217673343,0.016457224878225,0.0184789031101065,-0.0019876046564232,-0.0025111892959461,0.0055560762689638,0.0230208351960468,0.9997159876286664,-0.0280971978261287,-0.0155027640682993,9.768290902217426,-0.0074095761067926,-0.0083934112325772,0.0047651530377283,-0.3651130631266093,-3.828661650905525,2.0160124324500024,1109.0101257142971,1133.2644697029011,1123.4675866203636,1123.5539525774543,-128.45721475225923,-37.77038062724274,-407.4453052308589,-205.2463482550907,151.14037123577296
39.8575,1.510705344169757,-0.8081567086314043,0.1471079097339459,0.020644449486277,0.0164341329738824,-0.0012131802583769,-0.0024757708519379,0.0055572412968348,0.0230001992559324,0.9997165469818988,-0.0296738208329488,-0.0142265500220171,9.76866351815101,-0.0073766827520026,-0.0083038763605632,0.0045645778548625,-0.3651228942589432,-3.82868883007933,2.0160238888298347,1108.9168907779906,1133.19441963407,1122.401379633754,1123.0510507044082,60.8523808823164,3.2179461660263926,-474.75321893436984,-162.33583197328002,151.1400449997539
39.86,1.105910191307032,-1.01565508530452,0.0959768327064414,0.0240771553719571,0.0137669332105276,-0.0004402229357383,-0.0024433940471117,0.0055494983708305,0.0229593586198157,0.9997176157615149,-0.0309051293550144,-0.0127526611814145,9.769546584124232,-0.007354626575134,-0.008196548703991,0.0043701753347421,-0.3651367877859845,-3.828718297787733,2.0160361725684,1109.3143876187085,1133.2805594337312,1121.093820525694,1122.7422734175886,216.21809075393537,68.03213781619137,-475.0827449986744,-36.06336262858322,151.13976782082318
39.8625,0.7380311369888984,-1.1792244037612916,0.0325360646465091,0.0257221245256827,0.0115535834505459,3.990116717883707e-06,-0.0024189550298292,0.0055364584475686,0.0229099242114406,0.9997188969383584,-0.0318462332971672,-0.011231452289868,9.77088098622323,-0.0073393173469788,-0.0080696865687413,0.0041855916138766,-0.3651545509921433,-3.82874903803412,2.0160484345289222,1109.9979812317608,1133.5345803231512,1120.0259659087594,1122.8707338912652,321.721402309976,137.87176691409735,-419.1623132150783,143.6312164081475,151.13962989488604
39.865,0.3710949015725704,-1.3310580535453238,-0.0446444445178209,0.0262666900480443,0.0090898004891762,0.0002264076926432,-0.0024033287792311,0.0055266972306437,0.0228611702231727,0.9997201291868948,-0.0326546579404333,-0.0097368030935944,9.772592564036914,-0.0073264809045645,-0.007922898997749,0.0040146026335918,-0.365176078862281,-3.828779220366163,2.016059225220207,1110.9229946302592,1133.969918268302,1118.9980089596174,1123.4604294996295,392.2211730305137,195.33933194533833,-408.0537136106232,303.58240216992596,151.13958465571827
39.8675,0.0209749779704885,-1.46592843268604,-0.1239789013564617,0.0260699873811878,0.0060705138744725,0.0002607352323633,-0.0023929567988214,0.0055204838680169,0.0228235135276046,0.9997210789437952,-0.0333309260038318,-0.0082611337842957,9.774595664858339,-0.0073121804378886,-0.0077571652712487,0.0038612474486094,-0.3651993613374798,-3.8288066942635774,2.016067173870339,1111.9590870969116,1134.511276982877,1117.985697340708,1124.3886459021135,428.18635150377133,224.21804376660856,-409.43873967372326,422.2241492062242,151.1396128280586
39.87,-0.3004388234797696,-1.5652485189942347,-0.1911322411451665,0.0252464186026609,0.002383262936985,3.9189038752019e-05,-0.0023825402988897,0.0055121854393267,0.0227971763206295,0.9997217798361434,-0.0337672138424365,-0.0067650812779242,9.776794605903808,-0.0072930852284742,-0.007574822548832,0.0037294829861434,-0.3652237414537791,-3.8288306985943303,2.016071771893547,1113.063926387776,1135.091008487134,1116.9508152612507,1125.5715502456587,499.1338895729944,235.79033494549313,-468.12612998477266,521.9858403983438,151.13972515896572
39.8725,-0.6529975097568107,-1.6219854956676871,-0.2348383288584895,0.0238625563188181,-0.0025933995679154,-0.000592050454485,-0.0023684269635216,0.0054960556699431,0.0227812521318908,0.999722290452772,-0.0338604875800616,-0.0052383150980594,9.779085059531544,-0.0072668921863809,-0.0073790551393118,0.0036226462825295,-0.3652487288389548,-3.828851204162052,2.01607364783298,1114.4547565447779,1135.690228657605,1115.645066690783,1126.9985751041063,525.3766439626856,183.29285004797103,-487.62702611195493,478.5069131761982,151.1399514332331
39.875,-0.9224786206075692,-1.604394601238038,-0.2227971126455519,0.022425160456137,-0.0071781375073865,-0.0014696407091318,-0.0023476544050801,0.0054671089405362,0.0227804630903052,0.9997225353886412,-0.033527437642277,-0.0036782343943495,9.781356608113272,-0.0072325271860968,-0.0071733197142235,0.0035430576127745,-0.3652726755670409,-3.8288684691926465,2.01607399253234,1115.6908096075908,1136.0074727373744,1114.5126801306897,1127.9640848115412,514.6548458367439,70.77006184201379,-449.24016850072735,293.3779293198253,151.14021185380855
39.8775,-1.1672077624513764,-1.513147321171672,-0.1421634989272318,0.0205204856185406,-0.0118908198987482,-0.0026869737428167,-0.0023224313560909,0.0054269469715945,0.0227951452571845,0.9997224890050024,-0.0328199739509874,-0.0021744303004313,9.783495022234009,-0.0071899819471069,-0.0069610898736144,0.003491593043349,-0.3652950930953812,-3.828883966847968,2.0160738158760108,1117.0280307739592,1136.0440789668148,1113.3988658482815,1128.4654647507043,604.0576384553881,-57.188089510753194,-461.16351464178535,84.84856609179793,151.1405414934327
39.88,-1.4220545800952913,-1.329371760035516,0.043273798032908,0.0172208421660319,-0.0168039069061757,-0.0042474485955268,-0.0022956137087858,0.0053804094887341,0.0228245207182057,0.9997221343534792,-0.031856250118015,-0.0008207624220722,9.785386126292977,-0.0071401394884057,-0.0067454834555087,0.0034676704668855,-0.3653147793364043,-3.828898848650916,2.01607341171242,1118.711097799869,1135.7215322898203,1112.2068625574796,1128.3883276420004,613.34678516037,-175.89775984106478,-393.7324057557166,-139.8116991616201,151.14101066389253
39.8825,-1.5877905313332972,-1.134213247439453,0.2647545585111002,0.013367787388105,-0.0199083519413744,-0.0051037166740473,-0.002271334734739,0.0053335689703342,0.0228682519753473,0.9997214381778144,-0.0307804085801853,0.0002718810388534,9.786919690323298,-0.007084451278046,-0.0065291390886673,0.0034692342158274,-0.3653306206574503,-3.828913146361405,2.016073372699587,1120.0947646997627,1135.164590167609,1111.430203819502,1127.7664062548959,519.9437695634697,-268.48033927951155,-247.29826674597217,-336.50581747600563,151.1414581627731
39.885,-1.6874870855323831,-0.926152820202762,0.5277357491927328,0.0086905608193647,-0.0219900178062088,-0.0046275807937595,-0.0022547938675156,0.0052918885155447,0.0229209663591042,0.9997204848679774,-0.0297259256027122,0.0009785591097205,9.78799313133308,-0.0070243906364057,-0.0063142867911647,0.0034928198390997,-0.365343783036827,-3.8289265468307474,2.016074440004735,1121.3108166476843,1134.379130593424,1110.9703712237508,1126.7057985546219,460.52320209691146,-372.433007965074,-118.67161859248267,-512.1846624572862,151.1419585809126
39.8875,-1.7210754083606787,-0.694970120505473,0.8412063250204403,0.0030476142958771,-0.0235105574916963,-0.0024074272126883,-0.0022499344441217,0.0052569183756929,0.0229704852478831,0.9997195377773604,-0.0287492757649306,0.0012039143863103,9.788515024592776,-0.0069609837230147,-0.0061027523493003,0.0035337684277839,-0.3653572258136747,-3.828939627650092,2.016078573301224,1122.3973807102484,1133.3024251277827,1110.8368457265392,1125.205482942608,316.40593617869126,-393.8162813478161,18.949759085662063,-542.4973762333092,151.14261434573223
39.89,-1.679986585468164,-0.5349167832273383,1.0623124378466515,-0.0013419097963823,-0.0243119771061101,0.0004096574061608,-0.0022601637772719,0.0052333481212069,0.0230067541916092,0.999718795995218,-0.0279667840090854,0.0008713717389596,9.788406574113495,-0.0068948290888586,-0.0058958490546756,0.0035864430567961,-0.3653731544502511,-3.828953393274696,2.0160870419328045,1122.8928463285783,1132.410049186684,1111.0651200191792,1123.993311673454,102.16231933827852,-325.17747738309043,147.0180146803132,-431.8904217523431,151.14320343621503
39.8925,-1.5783186992935028,-0.4179162803693564,1.202781810853846,-0.0054269826750296,-0.0250625188324813,0.0039094923994749,-0.0022876955591167,0.005223298833869,0.0230302340253477,0.9997182313148638,-0.0274413308291821,-6.666588202668827e-05,9.787604593604982,-0.0068263473475771,-0.0056943578844465,0.0036448423131732,-0.3653908735625458,-3.8289678415612576,2.0160993954248494,1122.908192306939,1131.6765377408688,1111.57193579994,1123.0460308338484,-70.70028400931754,-243.95859295024164,228.97327605725985,-316.80313757130693,151.14383376677003
39.895,-1.4381863532601422,-0.3367156254536247,1.255562244694368,-0.0092771982352006,-0.0259148981352198,0.0077310869964558,-0.0023328739374286,0.0052277789881112,0.0230450209682529,0.9997177442108068,-0.02721086936357,-0.0016160409766239,9.786062645908746,-0.0067560345962865,-0.0054987730738717,0.0037031608154408,-0.3654104877007851,-3.828982231644728,2.0161136728466382,1122.5393449085318,1131.1902562219323,1112.209986399466,1122.4092959855966,-224.50945580892375,-111.25906444484592,256.2067347738829,-181.70397982507689,151.14449687572707
39.8975,-1.2693290620684832,-0.2955731382553674,1.1901216018513927,-0.0127419311142022,-0.0267058469964926,0.0115686579009314,-0.0023900746826349,0.0052438451288456,0.0230558114944025,0.99971725636659,-0.0272311478261083,-0.0036628061581547,9.783752165782497,-0.0066847194883344,-0.0053094183547007,0.0037562699700555,-0.3654312772056357,-3.828995820690495,2.016127524964144,1121.785645027894,1131.1202424186442,1112.85296947381,1122.1375109347225,-389.6101019386512,83.18513386960439,245.3755494378996,-63.89822749244004,151.14519878255027
39.9,-1.0609317652708468,-0.2886505484935442,0.9764235833210356,-0.0159235700627959,-0.0274162224609826,0.015672618124917,-0.0024523216842087,0.0052622070234335,0.0230715174076599,0.9997166263127226,-0.0273307219015227,-0.0060652029100258,9.780663415306499,-0.0066137982432628,-0.0051264359518914,0.0037997830711339,-0.3654498395840466,-3.8290081251654846,2.0161393091215998,1120.5912943988403,1131.60618189128,1113.4368641466544,1122.0898048481347,-460.7821634860928,273.01228890973687,161.6759668113528,-2.6652603731222375,151.14608623895379
39.9025,-0.9033702922447476,-0.3150924593577443,0.6989910310136154,-0.0176006340694334,-0.0279996029517856,0.0183183746813144,-0.0025124317709451,0.0052776447595941,0.023093914643024,0.9997158555000768,-0.0274165095909441,-0.0086727321066276,9.77680370942259,-0.0065451189173456,-0.0049498751288047,0.0038297117154187,-0.365464556093111,-3.8290196363596074,2.016148346665304,1119.4817342104625,1132.4853038631936,1113.661349307867,1122.124184632857,-439.9290214619237,432.8810979026061,24.719250184613056,-8.200756095489293,151.14686455594148
39.905,-0.7806799029560922,-0.3693663573120868,0.3461424047057932,-0.0186277827017944,-0.0288484999084732,0.0198759981338484,-0.0025617478304053,0.0052843578289024,0.0231219041789658,0.9997150219001169,-0.0273821753251244,-0.0113039111379446,9.772197591278081,-0.0064805923394697,-0.0047795698267526,0.0038421866864923,-0.3654756068451425,-3.8290312292351594,2.0161556009917185,1118.3916492915296,1133.770587380794,1113.5604603975776,1122.0488010676572,-451.71019954296,621.5754555711296,-110.31944525899262,-88.13290142769632,151.1476854285218
39.9075,-0.6776310149715014,-0.4592747698700129,-0.1223442133622923,-0.0198784395036237,-0.0301655988412012,0.0204032796969596,-0.0025935239337376,0.0052725100649453,0.0231541104431759,0.9997142285181404,-0.027042631886348,-0.0138144347284973,9.766886553813054,-0.0064216459396869,-0.0046151629302823,0.0038331472320428,-0.365482495409757,-3.829042739091395,2.0161633478778795,1117.2231832127495,1135.5931811410464,1113.1097520815729,1121.6835201257188,-395.20524671600253,680.6838462975221,-200.06251567473325,-186.96760389720552,151.14872305645784
39.91,-0.6197486068072713,-0.5505263151883176,-0.5160359618575135,-0.0212644767886206,-0.0314994592210178,0.0196895938150658,-0.0026091903480853,0.0052344553276554,0.0231802730185939,0.999713749238698,-0.0262600845477284,-0.0162174461907102,9.760926714898483,-0.0063686264307829,-0.0044563504682823,0.003798123389403,-0.3654863985435852,-3.829054325448957,2.016173641529674,1116.4156230579483,1137.1740066122832,1112.5601478192032,1121.1139630481707,-285.03421351273545,604.6636444403792,-221.3444980812942,-273.5274646752224,151.14963423645727
39.9125,-0.5733022255709433,-0.6557959833776287,-0.8709718043179147,-0.0229682723342512,-0.0330453653037152,0.0177060030543041,-0.0026161221551517,0.0051715276938292,0.023190007553382,0.9997137987771172,-0.0250756189647723,-0.0186361186129648,9.754385772311261,-0.0063204679598403,-0.0043028435306058,0.0037324267670373,-0.3654910791559804,-3.829066336799684,2.0161882905409496,1115.798012145185,1138.6164993632499,1112.0030295911658,1120.315882802342,-232.7998491721999,566.7646620989369,-202.86508857843987,-376.0005663118827,151.15059706701217
39.915,-0.5116407655284143,-0.797462476994868,-1.2063777270850835,-0.0250792353869693,-0.0349481969341324,0.0138728582123859,-0.0026210484083924,0.0050912096174865,0.023178918081338,0.9997144236018392,-0.0236509353038396,-0.0211756972757626,9.747341195529437,-0.0062746149826382,-0.0041543401732108,0.003631773064204,-0.3655009066528516,-3.829078216054376,2.016206627635852,1115.2516238120886,1140.0078299227755,1111.545822376312,1119.233960216613,-175.31246236590175,439.6038738182167,-104.20718293739029,-392.3069373156789,151.151816370627
39.9175,-0.44673622901447,-0.9274160109570998,-1.384112797418962,-0.0266839463722671,-0.0366884074926246,0.0097767033865067,-0.0026280976507753,0.0049934573097264,0.0231508949064039,0.999715523651226,-0.0220011947883926,-0.0238914015505942,9.739879818092941,-0.006227373620834,-0.0040105490619793,0.0034930793542704,-0.3655164363523329,-3.829090141527864,2.016227724198912,1114.9214498333552,1140.814518732342,1111.4819936764786,1118.3543481157626,-115.41549690276504,248.21931608131345,62.15418410248734,-321.2443515130138,151.15288893740873
39.92,-0.3653775293096591,-1.0650283295988263,-1.4391601942343368,-0.0280384061341131,-0.039073589501021,0.0055956430276246,-0.0026354927789567,0.0048768750983315,0.0231118374397004,0.9997169761104748,-0.0201147102281437,-0.0267216223268238,9.732093952434038,-0.0061746934616548,-0.0038712835009018,0.0033149240072295,-0.3655361628745495,-3.8291030690301353,2.0162495546748147,1114.6745463275745,1141.2489265031827,1111.8565932968247,1117.6277384590471,-89.55972031289053,119.52037346297358,225.64526638545945,-254.0534572490779,151.15402416782484
39.9225,-0.2740075098881949,-1.203450838904282,-1.3912392742974555,-0.0290530726358299,-0.0419020491908709,0.0018142964807373,-0.0026438417707609,0.0047494050981181,0.0230693367871173,0.999718562458492,-0.0181640952377327,-0.0296445205783056,9.724076776473352,-0.0061130199818491,-0.0037366285011156,0.0030976315046497,-0.3655599390906678,-3.8291171237187775,2.0162688001654243,1114.473651231791,1141.4121205996564,1112.610220008405,1117.0840808295184,-70.03720117551039,12.171336693239168,377.1838383323373,-171.4957128488127,151.15521451864257
39.925,-0.1797918140758746,-1.3370101698886747,-1.2266696699427109,-0.0296015285309519,-0.0447570276588565,-0.0015133462521342,-0.002651552421221,0.0046132398273836,0.0230330198155139,0.999720048061487,-0.0162091139501477,-0.03259525777116,9.71592156943204,-0.0060398500548995,-0.003607070802315,0.0028434134118013,-0.36558608023068,-3.829130950995798,2.0162833806732707,1114.3243603216968,1141.3097831866487,1113.7425124884871,1116.7702598948026,-48.27507259430863,-94.3681309072844,542.2066440591107,-91.74548159030418,151.15647528553697
39.9275,-0.0776184385375828,-1.4833263112915231,-0.9096910993756168,-0.0297995627479908,-0.0482506341614741,-0.0052751118349128,-0.0026591406822252,0.0044744494587834,0.0230033501306304,0.999721384778316,-0.0143845249683222,-0.0355457269424002,9.707717481952606,-0.0059542205491588,-0.0034837441382516,0.0025557785273954,-0.3656135469469065,-3.829143443314448,2.0162934422974903,1114.2322758688197,1140.9402799451195,1115.3212532287018,1116.6253534215666,-11.619376532427504,-172.6837504027323,572.5948608316891,-20.5184270414252,151.15807448914651
39.93,-0.0110407640711135,-1.5829574672124405,-0.5626411473225803,-0.0296880403703734,-0.051694514461969,-0.0082381014397171,-0.0026696636403889,0.0043378991236708,0.0229815752488455,0.999722508336126,-0.012798746892495,-0.0385143841069619,9.699547913635284,-0.0058570516035554,-0.0033682234501772,0.0022390092144256,-0.3656405716018215,-3.8291537737196193,2.0162993196141743,1114.2662634390347,1140.446364434636,1116.6054867926432,1116.6676677595956,46.22873142725096,-235.4306596993278,455.4591197029417,46.96640497026871,151.15948213443923
39.9325,0.0279811670254062,-1.6412062062119712,-0.1638545253995166,-0.0294493148290629,-0.0559684560614713,-0.0104754549059668,-0.0026827011428927,0.0042017583038449,0.0229728397788613,0.9997233029962516,-0.011422643731885,-0.0414517526124952,9.691489656990065,-0.0057511991310087,-0.0032622368017418,0.0018977002789805,-0.3656638988556589,-3.8291614295697696,2.0163008793762134,1114.4634195259555,1139.763126646624,1117.5985488272145,1116.8601854464175,129.68953243109996,-342.1375534060713,327.9661678748339,119.60205581279544,151.1609705927046
39.935,0.0378551078904491,-1.6445586558005407,0.307696785120786,-0.0292460797065512,-0.0616719000311422,-0.011383971168773,-0.0026984017818132,0.0040680303956838,0.0229751202126656,0.9997237984972428,-0.0102940104351876,-0.044315172610443,9.68361039991793,-0.0056411327785758,-0.0031675157950082,0.0015360759218436,-0.3656820700569066,-3.829167114885705,2.016298794962806,1114.9147111011905,1138.7356766676048,1118.2453176320182,1117.2656780386599,198.1860944756486,-403.8172497717577,137.7615030320362,178.80892218013233,151.1628527761608
39.9375,0.0136479179670168,-1.5871274492255028,0.6295249980978341,-0.0292028884682954,-0.0662681910982145,-0.0099577912784872,-0.0027146016749669,0.0039362615694382,0.0229862343087925,0.9997240478383924,-0.0093925277156196,-0.0470161105959688,9.675969310002895,-0.0055323235681854,-0.0030854151934564,0.0011576230263963,-0.3656946275700754,-3.8291708822595623,2.0162945229113,1115.4543499983345,1137.7440403977644,1118.287356342375,1117.7542300573189,237.99083014463395,-404.93896251328346,-68.07530229313495,225.69492041504932,151.16450261495677
39.94,-0.0455979255534425,-1.4747035431581148,0.7947597805711913,-0.028930247042648,-0.0702595819073985,-0.0059248453458742,-0.0027267070520838,0.0038022209984639,0.0230040474809214,0.9997241279502868,-0.008613568320356,-0.0494195477709486,9.668617390588976,-0.0054304571043119,-0.0030166802738027,0.0007648137485104,-0.3657016113719748,-3.829172907944191,2.0162900325533752,1116.1046652519124,1136.7109818550402,1117.9049411205528,1118.394152640734,290.1444207109187,-429.8471394548489,-218.18655172253537,309.28352277185326,151.16623778560395
39.9425,-0.1555092673117312,-1.2964206360496806,0.7442410416460834,-0.0281902387004573,-0.0744011866794476,0.0007180811944622,-0.0027336927989789,0.0036628431221746,0.0230205572766942,0.9997242378474178,-0.0078665639931106,-0.0514592564399513,9.661597078761309,-0.005340602405867,-0.0029613204581255,0.0003589752635412,-0.3657047727039418,-3.82917420724804,2.016286387271311,1116.9050721018898,1135.594804700489,1117.1964235837615,1119.3006476711787,277.8679243719068,-364.09489797747045,-259.30939897303153,344.9317462255349,151.16841879384668
39.945,-0.269898030423805,-1.1299398372882867,0.487579696019199,-0.0276895952485884,-0.0773082013063717,0.0059895335213212,-0.0027396048818255,0.0035152558203456,0.0230268965552512,0.9997245844308444,-0.0070574677426626,-0.0531680109897514,9.654942886174894,-0.0052665894909463,-0.0029184214283023,-5.951737156464157e-05,-0.3657080721757429,-3.8291762896017913,2.0162839528316137,1117.4940048737728,1134.890507365152,1116.608394125687,1120.1188113718626,195.4650144573365,-219.18223290328493,-191.15396664955475,321.7153549759784,151.1703181820213
39.9475,-0.381107440530315,-0.9676382002485692,0.0617865843559755,-0.0280653920593884,-0.0793825560761296,0.0087393113369884,-0.002752083509228,0.0033630396237308,0.0230162942380298,0.9997252938167884,-0.0062102400310946,-0.0546471066684777,9.648681371882628,-0.0052107796092809,-0.0028861455397253,-0.0004909854590526,-0.3657141281688588,-3.82918093001176,2.016282882123328,1117.8823971741756,1134.4988935359736,1116.2406537505149,1120.9092244460571,104.99158802989852,-109.11317471331004,-91.21040643612896,294.6339021208444,151.17230152950972
39.95,-0.4603779266217442,-0.8234996581951206,-0.4261368180989801,-0.0294146086260397,-0.0808460723656672,0.0084229345540577,-0.0027759228097405,0.0032103088252595,0.0229915743801402,0.9997262764225991,-0.0053514210195167,-0.0559453857533177,9.642832854929535,-0.0051743070630909,-0.0028619071916713,-0.0009359837461023,-0.3657230415758126,-3.829188313281712,2.016283513889904,1118.0189628139224,1134.3449414915851,1116.152342093506,1121.5919808824676,-23.654502719852367,-28.200666359938747,35.04470140208495,226.54302694220183,151.17435349436727
39.9525,-0.46521115935442,-0.7107681702331973,-0.8781156871516753,-0.0314315376091483,-0.0819909744682363,0.0048535106207793,-0.0028098196295369,0.0030576594974933,0.0229595826481414,0.9997273786476256,-0.0044327423702253,-0.0569998166191127,9.637412545587889,-0.0051574780143404,-0.002842826101764,-0.0013948556174393,-0.365733227001175,-3.829197254434504,2.0162848114696783,1117.7641246605763,1134.3578902041738,1116.4158772575252,1122.0419395807687,-218.0582299219332,-1.4676039977998403,179.12646748357395,123.8814547085202,151.17648671247045
39.955,-0.3515195122889365,-0.6109155370295329,-1.257170272201348,-0.0337408952646182,-0.0834089866333617,-0.0015211741847978,-0.0028510812850698,0.0029073149585852,0.0229234131782936,0.9997285312005816,-0.0034346497932574,-0.0577253585652659,9.632429857354472,-0.0051600583754441,-0.00282614713345,-0.001867492189387,-0.3657434387737222,-3.8292078302758537,2.016284731795204,1116.928671664314,1134.337603471596,1117.0479744309232,1122.2113881560097,-398.1098131359213,-49.66118544564057,261.60358750990133,-5.122856833802069,151.17913822487347
39.9575,-0.1456369184304473,-0.5491726372991529,-1.3813220263260833,-0.0351795850230466,-0.0847675822876684,-0.0074623139344055,-0.0028927801638203,0.0027568824994252,0.0228909574614451,0.9997295786859378,-0.0022470798557787,-0.0579630017580271,9.627889295889181,-0.0051814768399634,-0.0028094259561015,-0.0023531274023382,-0.3657531204782716,-3.829219216732692,2.0162824840260183,1115.7735755948956,1134.1095842769455,1117.7238951950756,1122.0163252966,-548.5301769827779,-172.6210555445986,271.16099327408614,-139.49591944258057,151.1814222600605
39.96,0.1748000770272563,-0.4967238812719143,-1.2866606801532114,-0.0358506675265,-0.0863697312379662,-0.0128115677262109,-0.0029293209570167,0.0026082400554004,0.0228653706689569,0.9997304598658088,-0.0008451964005451,-0.0575839259170976,9.623788926577689,-0.0052207410063467,-0.0027907999358905,-0.002850533112739,-0.3657635680444338,-3.8292304955271,2.0162777158298075,1114.1860207793986,1133.4744981938727,1118.4037793972943,1121.5139085587964,-768.203272881254,-403.23801956156166,268.3040324257657,-265.3019681827712,151.18378093064547
39.9625,0.6743682363786297,-0.4329967453364343,-0.9495037157960544,-0.0359489002712859,-0.0881493412144724,-0.017684141154257,-0.0029592054873779,0.0024696776597504,0.0228488525769825,0.9997311084443152,0.000666231907008,-0.0565415916270007,9.620119822788908,-0.0052764453632535,-0.0027689793115126,-0.0033582294770206,-0.3657752038289903,-3.829240526916668,2.0162701526831555,1111.9325592304929,1132.0933941791395,1119.0654153572032,1120.6898154556873,-848.9767895397766,-620.0619221607224,198.018912477654,-313.1552062887057,151.18669414280328
39.965,1.1611462322929909,-0.3760586693785632,-0.5284084336375249,-0.035125231102798,-0.0892995714147325,-0.0201658376407398,-0.0029824232230238,0.0023483303837237,0.0228454368908435,0.9997314185544472,0.0021976345576644,-0.0548246610060927,9.616866998860434,-0.0053468989167427,-0.0027431190994385,-0.0038746099864304,-0.3657860165848489,-3.829249010847732,2.016259885032062,1109.9411368316976,1130.3741885830675,1119.393873959683,1119.948132527352,-767.8867828360289,-802.8861501555169,68.11735447378095,-278.214495628657,151.18918801422947
39.9675,1.6711001561234933,-0.3160739389171361,-0.0335646259567478,-0.0321796838813136,-0.0901121084343061,-0.0206442830693663,-0.0030000367291611,0.0022489590987634,0.0228527595425066,0.9997314365323808,0.0036962680605114,-0.0524500942583749,9.614009546675009,-0.0054300755108332,-0.0027127062680838,-0.0043981447278211,-0.3657952642296323,-3.829256075381675,2.016247611194121,1108.0931253163108,1128.0789634283599,1119.4060021295722,1119.2987429775433,-720.1979478117394,-1117.6900846734204,-81.43056810884576,-240.66031418318804,151.1917470607999
39.97,2.233529609867442,-0.2435883272604653,0.5571990518855973,-0.0257138876348899,-0.0908380003093322,-0.0188577522982116,-0.0030133210568402,0.0021732757787766,0.0228642496609743,0.9997313156616509,0.0051575071758057,-0.0494469480384693,9.611520819969549,-0.0055234638693494,-0.002677327773455,-0.0049275211193042,-0.3658042687233375,-3.829261544438268,2.016234195107279,1106.340147092642,1124.7857381597055,1118.9867211191392,1118.7448309564372,-532.535661411976,-1264.0140713842711,-232.780036305866,-159.93760620163815,151.1948891757046
39.9725,2.60725036732593,-0.1845101617644101,0.9897957325433198,-0.0186958556195537,-0.0913238945634397,-0.0156707763504508,-0.0030240864352852,0.0021205791689365,0.0228717637456303,0.99973124703953,0.0066106359261778,-0.0458624624244002,9.609368487755187,-0.0056239325186911,-0.0026364268698219,-0.0054616911284553,-0.365814168307062,-3.829265967367913,2.016220185707541,1105.4304470092495,1121.7588930714353,1118.2421019480423,1118.4990549465347,-232.66661189279068,-1216.1483786970311,-383.87737475121327,-63.55420177125256,151.19756404093422
39.975,2.8354968391147395,-0.1281010069426794,1.3113125209713123,-0.0108214047390503,-0.0916855946823686,-0.0113549110715588,-0.0030270063990001,0.0020773360984037,0.022876302154722,0.9997312491630824,0.0083210852045124,-0.04161915338416,9.607515930593395,-0.005727909586026,-0.0025890792076092,-0.0059996465801599,-0.3658245209600194,-3.829269544291331,2.0162055631144953,1105.1768140331776,1118.7049962662172,1117.067334245382,1118.4270599475808,0.59056440354706,-1181.9149093991036,-539.574325335561,-19.842637507799594,151.20029400341085
39.9775,2.924513172382152,-0.0746306687282062,1.5223082319117378,-0.0025262116619269,-0.0918255424084562,-0.006735151625521,-0.0030172606197641,0.0020334715869096,0.0228814446509329,0.999731272553154,0.0104731366708826,-0.0366554979564424,9.605920298566414,-0.0058312544543525,-0.0025338661834944,-0.006540533276417,-0.365836002765243,-3.829272928546692,2.016189992515365,1105.4333998312673,1115.8493185244452,1115.5442303213667,1118.3998417589955,196.99366917733568,-1045.9665438350946,-682.7293438406887,-34.7378788329756,151.20306707236696
39.98,2.844357603620711,-0.0246334114278897,1.598829558566857,0.0056568204986122,-0.0916199388430874,-0.0022894391795713,-0.002994892332622,0.0019862640673791,0.0228894076372845,0.999731269431834,0.0130927537566683,-0.0310086307316666,9.604532298607326,-0.0059292473156298,-0.002468794896314,-0.0070836468765466,-0.3658486275411277,-3.8292769129339694,2.0161725531993673,1106.1617823790648,1113.475163547039,1113.653687526177,1118.2533705534158,377.18832832646314,-890.3160841264701,-889.8610200098569,-139.34876484329072,151.20588900560656
39.9825,2.57719856217704,0.0358352019475735,1.5519590188688883,0.0142537006687355,-0.0912329919414572,0.0024903659548827,-0.0029642274037432,0.0019321369283215,0.0229010854959096,0.9997312126807756,0.0162055322651876,-0.0248071729420551,9.603297401565651,-0.0060168003231072,-0.0023913212702339,-0.0076283387150379,-0.3658621262744913,-3.8292818823645822,2.016153571869326,1107.3193414729003,1111.3977381038103,1111.0949252213154,1117.7030979347787,431.6263214077768,-622.4685075201455,-956.9226803321789,-292.3069168629739,151.20932778725546
39.985,2.2439193603438095,0.0943379924612789,1.415874117700743,0.0199467210226712,-0.0909523205009912,0.0059220782681414,-0.002932826115729,0.0018711062285111,0.0229124998878517,0.9997311698068208,0.0197520540019913,-0.0182494700875604,9.602156018353815,-0.0060885158517299,-0.0022985213313658,-0.0081740971859049,-0.3658779213581607,-3.829287963978056,2.016133663982554,1108.3199139861017,1110.3628210094412,1108.8690741245205,1116.7918359691023,369.0290050072167,-283.50494438735996,-864.5748150764243,-476.0262459414501,151.21223422036388
39.9875,1.8384333949106115,0.1742062924805015,1.2016515716224772,0.0242400745546975,-0.0907365855482712,0.0087603511288088,-0.0029060633596264,0.0018017542073546,0.0229183095423178,0.9997312498087814,0.0236880587916695,-0.0115015093717624,9.601044317803208,-0.0061390281777802,-0.0021873074031617,-0.0087204403257027,-0.3658981164417731,-3.829295598219767,2.0161133269732696,1109.1644864979376,1109.9802133818728,1106.772051145931,1115.3229667050705,312.5972319507802,-61.12659127431072,-835.3865945974395,-770.6297270037034,151.21517963121565
39.99,1.3111143649362567,0.3100300131964104,0.876196267035004,0.0280789968847874,-0.0904123292505721,0.0116732792312786,-0.0028873449551932,0.001728366104453,0.0229140442842282,0.9997315362429512,0.027849444336347,-0.0046975388759514,9.599894021800544,-0.0061633955703203,-0.0020546296315649,-0.0092669115704379,-0.3659240822560045,-3.829304927343782,2.0160922727347046,1109.8829001458564,1110.0571880530695,1104.6921411515311,1112.9386873340818,214.62541585348356,76.60443984125469,-652.0193255913473,-958.8063789270643,151.2187557177656
39.9925,0.8611213866465512,0.464816445553629,0.5615650247154834,0.0303009006643127,-0.0899042422441096,0.0138559688358943,-0.0028770306795621,0.0016543926609535,0.0229040069183162,0.9997319199400396,0.0320818833074793,0.0020784376028138,9.598633133951449,-0.0061579586413466,-0.0018976535656199,-0.0098128968552438,-0.3659535926857191,-3.829315301884429,2.0160694127480823,1110.237613577204,1110.3632355810787,1103.5119545179773,1110.5289348104395,108.25854037485284,125.4304672988614,-326.52110885289994,-1015.28414750052,151.2217682277868
39.995,0.4197700895025543,0.6668803778208597,0.221018014982533,0.0316133528832127,-0.0888775102330214,0.0154523810734973,-0.0028732866033299,0.0015803753355041,0.0228932007790652,0.9997322890461854,0.0362831488490582,0.0087760623888533,9.597186325029643,-0.0061210156431345,-0.0017140833553889,-0.0103575952826986,-0.3659835988777943,-3.82932623880066,2.01604404577332,1110.42419284773,1110.6843403895632,1103.059535607268,1107.8622665965838,72.37017833768668,105.1604044621316,-21.455278415749422,-1182.2345773901225,151.22481210616925
39.9975,-0.0833261063137802,0.9611485228755602,-0.1836866311825046,0.0321872726164416,-0.0867671824675941,0.0159802192375773,-0.0028710847620586,0.0015070102837255,0.0228867686802552,0.9997325398968004,0.0403483736818618,0.0154004815936629,9.595475139503167,-0.0060530864796711,-0.0015023793719919,-0.0109001689292839,-0.3660116179386351,-3.8293372355639472,2.016015943659743,1110.5994644688926,1110.8890376033899,1103.4046781258985,1104.617761923486,75.01276823159769,31.29880455511047,262.8001340735429,-1161.2637196784333,151.22849878193927
40.0,-0.4689692995131926,1.2438983564532042,-0.4851612175705608,0.031712999886595,-0.0842243358421306,0.0148896866220027,-0.002861701991633,0.0014313621226431,0.022889588343108,0.9997325917198704,0.0442466121415131,0.0220218877140655,9.593418654565594,-0.005956900020491,-0.001261908974029,-0.0114398880239171,-0.3660350591277033,-3.8293472251645495,2.015985281369885,1110.7992566888884,1110.8408344123388,1104.3735362776365,1102.0559479981887,103.05466485656602,-61.704082064454,496.50645579431193,-960.9619175614723,151.2315979973429
40.0025,-0.8040273984900296,1.5570161773301587,-0.7101712478528168,0.0301657650091686,-0.0811548698864641,0.0122950091738558,-0.0028413181502754,0.0013528606028144,0.0229017701052554,0.9997324557148726,0.0479048024929029,0.0286150958588687,9.590935009070128,-0.0058367967258193,-0.0009928478626361,-0.011976425305369,-0.3660539255521522,-3.829355797488688,2.015952582396139,1111.1147377931748,1110.5805171930679,1105.8872104048678,1099.812952335683,144.4346422330625,-125.0148925178834,661.8591087224356,-828.5887668876364,151.23472390064552
40.005,-1.0843105008923837,1.886955762428146,-0.8509480130453267,0.0277378902870142,-0.0777798657744952,0.0090264238141145,-0.0028108244262218,0.0012732153432365,0.0229217771065652,0.9997321664357006,0.0512128801731535,0.0350652917055439,9.58794308350076,-0.0056980983517481,-0.0006960687247527,-0.0125099823755822,-0.3660694609460209,-3.8293632610758817,2.015918373523148,1111.521429900054,1110.215759949749,1107.6828318212504,1097.9130041637484,173.52477472368483,-145.76832050526536,738.3656473109429,-671.7531338100999,151.23787117111087
40.0075,-1.2845690844748439,2.21972257845912,-0.8840840432150355,0.0241473305753754,-0.0732866987645797,0.0059626502326724,-0.0027753544142594,0.0011998731770702,0.0229495389698611,0.9997317042275224,0.0539607661917936,0.0411806026747284,9.584364267020547,-0.0055464482216556,-0.000373021782785,-0.0130413861190724,-0.3660827570731791,-3.8293688474086385,2.015882260590571,1111.9823616667938,1109.8516755905412,1109.5790386414244,1096.4541866666307,195.40874437056607,-127.83669690500376,792.6499626789724,-547.999733472896,151.24104363628243
40.01,-1.4241889516003083,2.589312638293939,-0.8144033232133048,0.0187555652432986,-0.0657240245570406,0.0030852940855582,-0.0027402927288947,0.0011343673455146,0.0229859393394482,0.9997310330950698,0.0560653086475603,0.046765528948802,9.580123780435912,-0.005387679229387,-2.5704139156253157e-05,-0.0135719977051461,-0.3660932305105684,-3.829371356704852,2.015844334933024,1112.498473621906,1109.5765764652247,1111.6460816346416,1095.1730054963864,170.03593137056154,-57.452401054086,677.9092396802013,-405.8941429912208,151.2448796803448
40.0125,-1.46474185276317,2.8496246721848646,-0.685392431116882,0.01409994088007,-0.0582017526275321,0.0012062571796203,-0.0027098497946062,0.001078333857174,0.0230229197282203,0.9997303249871856,0.0574545917804584,0.0516530550232562,9.575151909343289,-0.0052273148947067,0.0003434166406752,-0.0141038484195497,-0.3661010440475286,-3.829371567002165,2.015805155433677,1112.832541323647,1109.5644135852704,1112.9685848398271,1094.4247159516735,104.96621608344044,45.022893806003296,401.8997909207191,-256.13002482623955,151.2481011499875
40.015,-1.4568151979885142,3.0470391312347926,-0.510283763429054,0.0104898180326624,-0.0504448640527451,-0.0002329646786883,-0.0026850728201661,0.0010313723552241,0.0230487158201831,0.999729851029145,0.0581108811052631,0.0557433121062608,9.569385146337716,-0.0050703000806671,0.0007316443988824,-0.0146396402165655,-0.3661074264805752,-3.8293705473514312,2.015765731802752,1113.0233047023235,1109.8016909342548,1113.6555805892463,1093.8923553722543,51.15437753752408,144.8721421831532,127.14001342622136,-211.74368742400637,151.25134960866112
40.0175,-1.439895940984254,3.2142378936310667,-0.2798083956758838,0.0078464029483341,-0.0411635779987377,-0.001336567544286,-0.0026654115835913,0.0009941643841248,0.0230537287462572,0.999729836447513,0.0580112579181337,0.0589760862570917,9.562767811499613,-0.0049206814349704,0.0011362643548795,-0.0151827021299649,-0.366114777865508,-3.829369096782376,2.0157261358062306,1113.0883132113345,1110.2887742961857,1113.6042849069577,1093.3659975145545,2.2582037500785463,185.80128956641192,-165.477367489263,-189.1529568578277,151.2552812538865
40.02,-1.4469995957276371,3.30455097251972,-0.0947935746199707,0.0063355593692726,-0.0335666684519373,-0.0016065973338826,-0.002650848774205,0.0009608066229035,0.0230414873206882,0.999730203467128,0.0572751987053083,0.0612875815234748,9.555253706254538,-0.0047818164240713,0.00155470008107,-0.0157367451511245,-0.3661239940519269,-3.829366941029368,2.0156868532996435,1113.0345957210739,1110.730697382087,1112.8281937517995,1092.9465905879647,-34.814204188051384,143.36729098269583,-440.2330369696322,-169.82233987874176,151.25858773054316
40.0225,-1.4819587908874396,3.355586399213964,0.0562288203954931,0.0042395143164824,-0.0261943870537098,-0.0010798632760623,-0.0026402526536026,0.0009282086416444,0.0230206128899488,0.999730758093373,0.0559828347429625,0.0626476143647083,9.546807093334792,-0.004656314741029,0.001984317511317,-0.0163057439722143,-0.3661342824135523,-3.8293636033754335,2.015647653913382,1112.914242190394,1111.0056107510995,1111.4031197221084,1092.5168858151603,-54.090540859946564,52.64582165237029,-647.6033673240614,-167.55902558208396,151.26192867514385
40.025,-1.5231449686895806,3.378360982245854,0.1636282125382869,0.0012251152463561,-0.0188273687586989,-8.267765567750938e-05,-0.0026330961224926,0.0009016780593604,0.0229993720000948,0.9997313034408988,0.054065257558369,0.0630306055333394,9.53740390280174,-0.004546091352888,0.0024224033821093,-0.0168937595316316,-0.3661449118520884,-3.8293593466870943,2.015607031108823,1112.7641430167744,1110.9939264903487,1109.590176915182,1092.1087954600553,-65.91600484772509,-97.9721946613562,-775.0173501872396,-139.8550115652791,151.26530103931762
40.0275,-1.5366261357423243,3.363055816444908,0.2095805826763769,-0.0029810665194627,-0.0111404201015553,0.0011379054193154,-0.0026277302771972,0.0008816694145081,0.0229847808783923,0.999731679278719,0.051556666651458,0.0624438475385938,9.52703202576754,-0.0044529236240383,0.0028660979913542,-0.0175047072067079,-0.3661539283560579,-3.82935487489828,2.015564218872768,1112.584662166155,1110.5157497777925,1107.5280329711702,1091.8176107573336,-91.08964434471888,-325.3151162681361,-911.4795331031357,-72.13771146390118,151.26871503914603
40.03,-1.476706499188727,3.2860642779135314,0.196965807840561,-0.0088975147173834,-0.0014407197222455,0.0024058298176534,-0.0026259424453441,0.000869346742578,0.0229782113634755,0.9997318476663056,0.0484833858314934,0.0608441609097152,9.515692546273726,-0.0043782489028096,0.003312428399875,-0.0181424167541138,-0.3661607695752515,-3.8293504961392095,2.0155194408629575,1112.3086947950503,1109.3673509090074,1105.032779249664,1091.7481069027356,-119.46981905932212,-502.8876188567236,-888.0427326253429,38.868040640580936,151.27286467200494
40.0325,-1.344567921805811,3.161067025018814,0.1417445389116342,-0.0137109748150212,0.0067347150045305,0.0029220242514502,-0.0026318037034989,0.0008693941825018,0.0229751168395326,0.999731899634056,0.0448093466442283,0.0581621483237246,9.503399585962896,-0.0043228546447392,0.0037581212301233,-0.0188107106466182,-0.3661661055894766,-3.8293463732154542,2.0154738470352878,1111.9873130708593,1108.0013116835112,1103.0878193080475,1092.0119509605363,-160.369260224579,-596.433582293334,-728.2271336848592,181.4802404088804,151.27636990726202
40.035,-1.1279246739690618,2.963911136060521,0.0596349864785528,-0.0174324639847787,0.0145218353782263,0.0027216529187582,-0.0026469215922542,0.0008864357611828,0.0229741351709909,0.99973186097608,0.040506974221387,0.0543916142919276,9.49017934305535,-0.0042867226420616,0.0041993236505996,-0.0195133721623995,-0.3661719545692865,-3.8293415102745985,2.0154274076733305,1111.5068484939272,1106.3851829975392,1101.391643581238,1092.6555081047804,-263.40122052470343,-717.5709336281183,-680.2331974246657,362.3811286598504,151.27992761984893
40.0375,-0.7945263880379928,2.643708499064581,-0.0509103147283891,-0.0202686981159127,0.0229741841428488,0.0020417907658724,-0.0026684079419211,0.000917221272364,0.022978750311393,0.9997316609756696,0.0357048128724693,0.0496250511256653,9.476069836457706,-0.0042692596256515,0.004631410659419,-0.0202539940119401,-0.366179253513303,-3.8293342227752687,2.0153799603211295,1110.670306968235,1104.4134570153687,1099.6866533209225,1093.8238566038365,-358.737246277459,-692.9902638853428,-571.1650589720384,476.725771586395,151.28426115585864
40.04,-0.4791946817892742,2.3130125157396386,-0.1463695816743492,-0.0213427574088449,0.0292436807242227,0.0014634333492522,-0.002691766551524,0.0009593987905736,0.0229850651960695,0.9997314010375172,0.0305151508073683,0.044002322706104,9.461121013416626,-0.0042692284785935,0.0050490352539245,-0.021035920809556,-0.3661890770699495,-3.829324129634303,2.01533115847826,1109.7131622625416,1102.9202316781157,1098.5358182863804,1095.0391369627102,-441.53599913143046,-534.9952667933386,-408.5285456399744,506.360931646682,151.2879283462184
40.0425,-0.1495429200725362,1.92857014592796,-0.2452476314167097,-0.0214286812456121,0.0346756576309461,0.001052048810451,-0.0027129007258942,0.0010096707942485,0.0229848140662352,0.9997312862638252,0.0250677095193393,0.0376712016878746,9.445394603155439,-0.0042851163301704,0.0054464581975237,-0.0218621141607814,-0.3662021876705556,-3.8293114897989264,2.0152804962731907,1108.4626269725768,1101.7384806814007,1097.6440105927215,1096.3556612620712,-614.1600506143318,-429.4029740639493,-336.27581201391047,564.5618820081221,151.29165600264508
40.045,0.245759964969014,1.427478202065526,-0.3708548054436463,-0.0208219803325607,0.0399660910377216,0.000702023820096,-0.0027292326794681,0.0010651079169268,0.0229714356588841,0.9997314809573696,0.0194845540034718,0.0307661817153875,9.428963443464125,-0.0043154459611227,0.0058179200855554,-0.0227350932658423,-0.3662184502790339,-3.829296231762169,2.015227442657144,1106.6423620094683,1100.7732168077948,1096.85443922631,1097.8619463727523,-711.2444950805286,-274.27080773047624,-244.2474909060313,515.9280316083058,151.2962014236251
40.0475,0.5699058805473682,0.9989378403107784,-0.4799349197981916,-0.019899935069483,0.0429369041489504,0.0003748981478602,-0.0027405177190874,0.0011220447722181,0.0229501146389357,0.9997318704597778,0.013901292855517,0.0233922757978379,9.41191063183621,-0.0043591325974324,0.00615805802,-0.023656908626958,-0.366235812490791,-3.8292779476761263,2.015171926586077,1104.9064044971772,1100.3671266427496,1096.4227731381925,1098.9353014201104,-721.729279057212,-79.9335854221272,-128.49210635406754,374.1768367665277,151.300050727336
40.05,0.885711104251349,0.5891970232836392,-0.5825206888304496,-0.0186271161054704,0.0443856205074363,-0.0002698065663303,-0.0027468034399581,0.0011817570626733,0.0229272558282477,0.9997323056941056,0.0083584336204198,0.0156642506318912,9.394327683370541,-0.0044155847022438,0.0064620388149229,-0.0246292467986936,-0.3662523445101752,-3.82925687631692,2.0151133758276587,1103.0337156141804,1100.373548880684,1096.2119786945393,1099.732830556586,-754.6757235488035,70.05440998101275,-52.97571917528349,271.39466347493664,151.3039645624346
40.0525,1.1896299738828644,0.2155834871915605,-0.663176626711715,-0.0169170355358874,0.0449271635649407,-0.0014225316178379,-0.0027448307522479,0.0012392579808273,0.0229070975211485,0.9997327040708972,0.0030129176608862,0.0077667022555579,9.376314065305092,-0.0044852715297006,0.0067256749885332,-0.0256534502360055,-0.3662666444031534,-3.829233405023431,2.015051164302839,1101.1330258794314,1100.7173986926548,1096.157894542316,1100.2922747374855,-745.0574386837569,217.0505634256797,3.68090037427799,175.92349518383884,151.30793183789453
40.055,1.4640074534120162,-0.0960237270764601,-0.6902280992539531,-0.0141568327086304,0.0444766661914259,-0.0034392640140999,-0.0027316725941887,0.0012852050585645,0.0228971101958144,0.9997329136548512,-0.0018999631429246,-0.000116357814274,9.357976608241378,-0.0045693478154927,0.006945914868263,-0.0267306189071624,-0.3662775870040406,-3.82920745913104,2.0149854077558143,1099.308428420765,1101.4588016978112,1096.2303831964107,1100.6124480325043,-759.383791376203,410.72583588044,37.16753823881587,104.79568247533716,151.31196268363615
40.0575,1.72844555672787,-0.3843065196802817,-0.6273510971379495,-0.009326997746264,0.0431088076745298,-0.0069129321259482,-0.0027079615972888,0.0013153465645166,0.0228975301304099,0.9997329323632154,-0.0062468179682818,-0.0078618730787876,9.339427426106562,-0.0046688751015415,0.0071211689443316,-0.0278617900805447,-0.3662863992294497,-3.82918026402343,2.014916798456151,1097.3361069225539,1102.7710278720551,1096.3437322335099,1100.816253149862,-672.4690474955621,539.4479557007767,24.28185232428072,57.05103644242436,151.3168710465106
40.06,1.8708514696237712,-0.550811020557952,-0.4832105021999349,-0.0044040112901987,0.0415432284647389,-0.0103008447689962,-0.0026796910758268,0.0013305557926328,0.0229028595508387,0.9997328698516764,-0.0099965910765669,-0.0154444422250372,9.320782144971632,-0.0047843242854728,0.0072516281585789,-0.029047977748151,-0.3662949333626429,-3.829153396285742,2.0148460517865767,1095.9460831832855,1104.1560414763167,1096.351792458032,1100.8977032147163,-493.5883969521204,590.4901739207324,-42.168174148970394,21.07844582850534,151.3210184934991
40.0625,1.9109657519595409,-0.6464845380230568,-0.2572281877498874,0.0008109460845359,0.039548461820995,-0.0129263096109225,-0.0026504179369834,0.0013355059256747,0.0229096018315404,0.9997327924767851,-0.013191576982162,-0.0227939370069167,9.30215815033568,-0.0049152549732853,0.007338934173318,-0.0302902317622857,-0.3663035048298861,-3.8291273364061302,2.014772989057897,1094.868164937792,1105.7234787416603,1096.132891362765,1100.9216453790043,-401.6443641161018,694.5721689274657,-176.74361476181434,-6.644499323289569,151.3252215923318
40.065,1.8300822911826171,-0.6967191569761784,0.0534283478095137,0.0070633046110431,0.0370196047125953,-0.0134545423087151,-0.0026176533367606,0.0013303034483885,0.02291999671829,0.9997326540428576,-0.0157908572909661,-0.0297356314298321,9.283674475960447,-0.0050606495477376,0.0073858491044617,-0.0315895079197516,-0.3663117901693491,-3.829102656023234,2.014697730519007,1093.9378613627068,1107.6289023209508,1095.4680743842239,1100.8644807181,-286.8204036521899,672.8074247538384,-323.5770802693587,-44.03804958872136,151.33032426548783
40.0675,1.6573256581036115,-0.7048389292779067,0.2912967665149543,0.0119133935942247,0.0353560687898825,-0.0115138708866627,-0.0025820173861302,0.0013192587094142,0.0229312966935485,0.999732508732832,-0.0178392179648029,-0.0361616414465748,9.265449303309984,-0.0052184837052042,0.0073964520074932,-0.0329464908178232,-0.3663211528499776,-3.8290804452703178,2.014620489816428,1093.4340629195303,1109.0875158654312,1094.5150059614173,1100.7014551310608,-157.9217622018506,521.5076295122859,-464.2477517456781,-101.42551266507594,151.33462113163168
40.07,1.3893731197009025,-0.7059444757256563,0.4545894733378945,0.0157560253826056,0.0342943702844521,-0.0083470876111481,-0.002546385954335,0.0013137097628833,0.022938693582458,0.9997324452529208,-0.0195187900066858,-0.0420161156623692,9.24759756580911,-0.0053854728483837,0.0073758280371374,-0.0343614739895383,-0.3663331410546169,-3.829061071463155,2.014540720100248,1093.1482525516972,1110.2364404685136,1093.1468356254943,1100.3573531547745,-93.30888749713569,398.2681960507291,-675.0774446272089,-201.1671698044221,151.33895872192215
40.0725,0.9835115113335856,-0.7249625825424069,0.5429885360006861,0.0191145622559007,0.0331752678595886,-0.0049131593830207,-0.0025146730158204,0.0013255264462999,0.0229389793127695,0.9997325141972168,-0.0210281235085879,-0.0472771519780371,9.230229901174841,-0.0055576131547259,0.0073296745723632,-0.0358341544827778,-0.3663486337207017,-3.829044163914857,2.0144577853292187,1092.967518482045,1111.078856845683,1091.1396187382843,1099.6956192820396,-52.9739089645047,200.62895078139005,-766.2539827221907,-281.13412712795423,151.34420423346435
40.075,0.5950003025410079,-0.7645507648547255,0.5390192338198172,0.0211630940172454,0.0319881628797471,-0.0030108516387534,-0.0024854997680797,0.0013571907489266,0.0229369246540247,0.999732603428492,-0.022397513042882,-0.0518452399936463,9.213452515443194,-0.0057312208639577,0.0072635750924949,-0.0373634960423757,-0.3663669294874042,-3.8290286275747833,2.014371855560739,1092.8833830068745,1111.239585222421,1089.3155657118812,1098.951682519134,-36.572878567566875,-57.22204555756235,-714.8732664317304,-322.69954515792824,151.34860416675284
40.0775,0.1785735730410239,-0.8281269627910904,0.4877021461654345,0.0224440822161745,0.0303214001823288,-0.0021808658412177,-0.0024576725819622,0.0014017179779366,0.0229330993019008,0.9997327068605744,-0.023491962897572,-0.0556476344724178,9.19736513832717,-0.0059036522363388,0.0071829697810589,-0.0389475393513032,-0.3663866138699153,-3.829013321725636,2.01428237397544,1092.7846540892072,1110.792746617895,1087.5652524061238,1098.0821215562491,-54.63762803165504,-274.35577585290446,-653.3153597728444,-351.4612461030551,151.35302773600273
40.08,-0.2398201120591419,-0.9057141961771604,0.4240606699168079,0.0229121568840285,0.0283018394700326,-0.0019605859033875,-0.0024324313561062,0.0014521723758416,0.022925312372198,0.999732878176122,-0.0241881087973278,-0.0586760955270923,9.182057363123551,-0.0060729234152545,0.0070932412879829,-0.0405834013199265,-0.3664071656618806,-3.828998088143056,2.014188486207116,1092.6101948667165,1109.8678063431576,1086.04898891302,1097.1943762886203,-103.23265968303708,-465.100961973338,-518.4542853112438,-336.5631240837599,151.35746619235127
40.0825,-0.6282782472417499,-0.9909544450822751,0.3686486830580768,0.0221287846026702,0.0259643011064848,-0.0018595564639967,-0.0024084124924666,0.0015042104629641,0.0229139107098115,0.9997331187964118,-0.0244183989384726,-0.0608925974235211,9.167606514015011,-0.0062375537158514,0.0069993869511506,-0.0422673832957435,-0.3664279334064134,-3.8289831525177713,2.0140895942435275,1092.2684907907917,1108.4672418080272,1084.9729809795663,1096.3993059358295,-205.8136925339424,-686.9964743644356,-354.75214917032685,-303.8152187920597,151.36191671319887
40.085,-1.0106409342261131,-1.0905985471694544,0.3248364217931277,0.0195022840255563,0.0230758106099799,-0.0010653668178381,-0.0023850693389938,0.0015585353104822,0.0229022816156475,0.9997333532479384,-0.0242166705807041,-0.0622908872053319,9.154075203555774,-0.0063963110225032,0.0069062927009789,-0.0439950541438018,-0.3664478194153913,-3.828968388909363,2.013985001311468,1091.5811264040462,1106.4328239713338,1084.2752281671676,1095.6753001946593,-305.7422046611516,-771.8590662653894,-165.40595973921464,-217.41915047224884,151.367263420363
40.0875,-1.223026276555618,-1.16304368972148,0.3098172323130627,0.0159368813048725,0.0206833902621547,0.0001021493597394,-0.0023665018325335,0.0016181203139916,0.0228917240386409,0.9997335391372179,-0.0236676826975009,-0.0629674204299511,9.141509908691834,-0.0065483223758918,0.0068190345688891,-0.0457613436438796,-0.3664658737552387,-3.828954248417412,2.0138746276060937,1090.739779767487,1104.6079464767035,1084.1459511808707,1095.3122101834692,-392.68154362673994,-720.2256812079621,9.155178581017799,-96.78322522858758,151.37171813733673
40.09,-1.2912362725541895,-1.2115350755328336,0.3223255357628944,0.0113204865414723,0.0180513614698957,0.0011551620338878,-0.0023530226920736,0.0016788842018389,0.0228853356398035,0.9997336118306344,-0.0227327614553825,-0.0629690701423458,9.129941929643556,-0.0066936072228072,0.0067421946753973,-0.0475607519596101,-0.3664809826020243,-3.8289406926912974,2.0137580321415407,1089.6177186859115,1102.831695565292,1084.3210040600727,1095.191384068516,-547.6665238644655,-740.8599446037291,90.54287986918922,-13.52088239522563,151.3761646010968
40.0925,-1.1935933803205208,-1.2220447715354448,0.3824695071896352,0.0057298576246397,0.014214485341876,0.0018421216969479,-0.0023429269496774,0.0017369162398773,0.0228871864110086,0.9997334899850416,-0.0213827394542187,-0.062321358224577,9.119385445555697,-0.0068320739393805,0.0066798812436934,-0.0493876635708616,-0.3664927158167838,-3.828927553212517,2.01363497134436,1088.0014471481636,1100.9036467536832,1084.5986655802171,1095.244605771493,-623.3767005744752,-664.4629552183819,69.20372524047633,35.10491651107723,151.38148193873292
40.095,-0.9763216457521104,-1.1770991289583397,0.4801820719048528,0.0017541411177095,0.0104122653284211,0.0019382847942617,-0.002334940990328,0.0017892156127998,0.0228917771911697,0.9997333074851772,-0.0196117686998447,-0.0610721988256826,9.109836937745484,-0.0069630726167832,0.0066357204947871,-0.0512366005087713,-0.3665037347428732,-3.8289153180130056,2.0135060162958665,1086.500835183042,1099.5093807892033,1084.6670226862748,1095.3669086510713,-610.4714778980966,-519.9817722367766,-50.332273411615176,44.11166479287675,151.38589097728547
40.0975,-0.6595312265374679,-1.0699762110010875,0.6292437641113202,-0.0009224328408864,0.006594705030814,0.0017301693820467,-0.0023292705283005,0.0018350975093591,0.0228935180787637,0.9997331956670512,-0.017463364477511,-0.0593067475811379,9.101275127552704,-0.0070847782425908,0.0066129921248336,-0.0531024552570127,-0.3665175964452848,-3.8289049593035607,2.0133730332116566,1084.9490897586716,1098.303737892498,1084.3470042131587,1095.4651640954576,-666.7162586450331,-510.4580864886092,-261.248812691204,18.65978057975508,151.3902687582706
40.1,-0.2344418266398702,-0.8838532854293172,0.8439003879690044,-0.0017830882577614,0.0029899916736553,0.0023430472189716,-0.0023249524049631,0.0018766431400151,0.0228911441440214,0.9997331860469746,-0.0150370969640953,-0.057095807689912,9.093661811071758,-0.0071941567559892,0.0066142413852878,-0.0549805879505516,-0.3665360352064185,-3.828896771336984,2.0132367190524287,1083.1672538898151,1096.9570903567587,1083.360778622818,1095.46020755397,-619.2687539120644,-498.2333827184432,-468.1010532738293,-31.631488303111503,151.3954758550349
40.1025,0.1033609436534924,-0.7039510694125906,1.0156624843627595,-0.0004811111721141,0.0010572190615034,0.0046340896705069,-0.0023174914817657,0.0019104024654284,0.0228910528092024,0.9997331487876344,-0.0123360646955942,-0.0544533441229842,9.086944167074329,-0.0072882941814178,0.0066408156762319,-0.0568666207618805,-0.366557440549735,-3.8288891726145855,2.013096268199128,1081.852745989114,1095.812570978908,1082.006498946792,1095.307006653942,-466.8328100118628,-483.166621288163,-641.0318681773691,-99.18926024587944,151.39976890008245
40.105,0.3753738292424087,-0.5316614023220829,1.1263184362745553,0.0016658991001926,9.80531576221623e-05,0.0087976280119968,-0.0023040000724334,0.0019342076970179,0.0228938542721186,0.9997330802461192,-0.0093917633006632,-0.0514255644097736,9.081054746751587,-0.0073643761939668,0.006693024496612,-0.0587563444497977,-0.3665807931733546,-3.8288807981324577,2.0129508681880366,1080.8330898397546,1094.541257250317,1080.1556192819296,1094.9642612527405,-344.02401009438694,-536.7871973500751,-803.5308984193288,-171.52235336894003,151.4040044812504
40.1075,0.5754781688228282,-0.3880277667164329,1.1556937624891435,0.0035251631980229,-0.000293925944453,0.0135261409124317,-0.0022846601910736,0.0019474974205924,0.0228965912819122,0.9997330506042956,-0.0062691923143612,-0.0481137488566181,9.07591313465828,-0.0074199607864726,0.006770373269011,-0.0606456773740344,-0.3666065281801431,-3.8288720322519927,2.0128001116541334,1080.1326259386412,1093.1286349921563,1077.9888444546932,1094.449394887097,-192.21208976468208,-594.386158380434,-912.1141939492755,-248.71134395539113,151.40818524384605
40.11,0.685108728509117,-0.2968156506484034,1.077025745742844,0.0050529901042138,-0.0003152440812841,0.0177826426287606,-0.0022624871785997,0.0019529968544815,0.0229013989243787,0.9997329997263908,-0.0030954085595583,-0.0446653373685392,9.071427966069205,-0.0074529415559508,0.0068717873944655,-0.0625307559008258,-0.3666349946787876,-3.828862960165434,2.012643683425668,1079.872029390932,1091.5693264584174,1075.5950483121871,1093.7207045329646,-12.654922342237915,-696.3002975592266,-1062.648973212392,-368.45753541451154,151.41229195549312
40.1125,0.7135317383127138,-0.2563320679942773,0.879442888167117,0.0070339130974693,-0.0002780851099881,0.0216370779531953,-0.002239002407016,0.0019467923076947,0.0229144718684775,0.9997327865226412,0.0001246849514067,-0.0411969690565873,9.067500713444765,-0.0074631234421849,0.0069951875899537,-0.0644079646224236,-0.3666642362776358,-3.828852358024573,2.0124811630564414,1080.06935132693,1089.6471335043584,1072.6755995886283,1092.6071072100235,145.79150925375689,-685.9859588000419,-1047.9114656659572,-444.51223044420647,151.41712556678422
40.115,0.652162322174464,-0.2758916704514911,0.6620329515152042,0.008797670043536,-0.0004265625664779,0.0235960265007043,-0.0022191565249512,0.0019294996928147,0.0229365641242388,0.999732375312479,0.0033060136257166,-0.037877442781823,9.064026876000973,-0.0074512052434874,0.0071380652965997,-0.0662742330712167,-0.3666928354191416,-3.828839616405456,2.0123113640719144,1080.6009869372012,1088.1393966644155,1070.355490983855,1091.4981433807425,262.27863987702426,-546.7504563045137,-873.9554022497706,-473.2977786831482,151.42106946837583
40.1175,0.504138167301151,-0.3361497844770107,0.4374367315014332,0.0103779504773384,-0.0009955400331413,0.0243462081718324,-0.0022067303946067,0.0019036317608852,0.0229677183614282,0.99973174792263,0.0063354765698718,-0.0348429263396804,9.0608995517466,-0.0074190087200645,0.0072972234494378,-0.0681273600717674,-0.3667199058874002,-3.828824725488417,2.0121342657324743,1081.380744526314,1086.9133812228383,1068.3058225773837,1090.24061831661,359.54545499576807,-438.73210252171594,-814.8811314033672,-573.3448811902903,151.42492083178803
40.12,0.2315588614597281,-0.4319095561596265,0.2101013951959704,0.0118985483489695,-0.002346756195102,0.0242519664026588,-0.0022024696287704,0.001872410185637,0.0230095883132413,0.999730857163683,0.0090966480151495,-0.0321620527873449,9.058012758256913,-0.0073694106560235,0.0074687981104501,-0.0699664068936333,-0.3667448149285891,-3.828807741108249,2.011950430479906,1082.3987142121784,1085.945736151809,1066.2810853268415,1088.6314189747936,356.34081611392463,-256.7305014373283,-660.907972901194,-593.268884028945,151.42943091928328
40.1225,-0.0669688057664464,-0.5144621650369466,0.0828992967097373,0.0128492817772147,-0.0040334557119986,0.0236077038475413,-0.0022091136771835,0.0018422115816906,0.0230640234271033,0.9997296428951736,0.0114254422986239,-0.0299251652491014,9.055264363889377,-0.0073056948474886,0.0076491600143923,-0.0717920152587676,-0.3667670907281657,-3.8287882263106896,2.01176111193596,1083.1624486068845,1085.629728715651,1065.001282712876,1087.2742738964637,258.2412437747323,-26.990806432499827,-427.61349247844873,-529.2251146979672,151.43309402148986
40.125,-0.421356970645535,-0.5865059043639866,0.0370439107929659,0.0130289123891817,-0.0059930780779997,0.0226436737603265,-0.0022285773569717,0.001819040667978,0.0231274263642143,0.9997281733001496,0.0131766213938274,-0.0281945223807076,9.052559666282583,-0.0072317544056064,0.0078347389659974,-0.0736066051027799,-0.3667874159940452,-3.828766732490563,2.011568398821729,1083.6899204310528,1085.8107821196463,1064.1430178644484,1085.9852934013024,159.5282010653223,166.53347045450255,-293.73656471875046,-535.1282135481462,151.4366565424209
40.1275,-0.8741970422772398,-0.6579361863932702,0.0731933536843008,0.0120726854262023,-0.0079318002599972,0.0214370517399989,-0.0022591695383666,0.0018014233710271,0.023193156093649,0.999726606830194,0.0143546430555765,-0.0269568806266104,9.049814773807698,-0.0071528203044957,0.0080218998921507,-0.0754142850507436,-0.3668064701870926,-3.8287446988963745,2.011374103609212,1083.9600896122104,1086.4623960679228,1063.5325998892836,1084.5986328287252,38.47856640057067,277.5569509495143,-170.23409004023435,-474.4533463055024,151.44081455352966
40.13,-1.2367056052970524,-0.7083110320114279,0.1615070907092412,0.0099216036737524,-0.00914188410719,0.0209992089938105,-0.0022986585918179,0.0017884450135126,0.0232574739177062,0.9997250357806474,0.0149675421280553,-0.0261760209501547,9.046958220044305,-0.0070740230518737,0.0082075365622914,-0.0772206216903767,-0.366824875340147,-3.8287223456347506,2.011179435300844,1083.8823132630555,1087.1985668743946,1063.2918474142468,1083.6130266697735,-81.09226044989954,286.1724468339971,-62.07221618693901,-355.70113128337647,151.44418191643715
40.1325,-1.5298610018706895,-0.750935685744427,0.2738246264569957,0.0057181760647304,-0.0106597364731587,0.0219073657924977,-0.0023454504233281,0.001776847586445,0.0233223021896164,0.9997234242108934,0.0150790719401541,-0.0258161824410449,9.043932889893908,-0.0070006443084344,0.008389309428668,-0.0790320386756137,-0.366841914775606,-3.8286993587093967,2.01098514250025,1083.5546283099607,1087.8932583020935,1063.2222388083487,1082.8201271723076,-156.696297745663,235.00910592782475,-12.296255450439544,-284.82722819233896,151.4474480087945
40.135,-1.7277911545155975,-0.7843549579108674,0.3761175496615202,-1.588584108783847e-05,-0.0126279078303985,0.0238003899745542,-0.0023972251554075,0.001761654853232,0.0233857443544514,0.9997218310588468,0.014796925087041,-0.0258188093444054,9.040696812753207,-0.0069380641894744,0.0085652926205848,-0.0808551662926319,-0.3668568712412362,-3.8286761419279,2.010790593109943,1083.098831774328,1088.3736124040327,1063.2303661369947,1082.188890528813,-192.08394746669177,105.17474321426639,13.96743886047456,-211.89718415742465,151.45063035718456
40.1375,-1.7858462233964223,-0.8025901157531979,0.441458318887107,-0.0061195751632454,-0.0146764268877373,0.0259644075329628,-0.0024526857453905,0.0017403406395783,0.0234457845885732,0.9997203135614016,0.014195554211163,-0.0261336855249956,9.037222744588986,-0.0068908040489348,0.0087342684809973,-0.0826961773686208,-0.3668695581108505,-3.8286530055247647,2.010594652716297,1082.5942085726267,1088.419132018165,1063.2920760026511,1081.76064125152,-210.38586123652897,-108.16942718060012,38.02196567078554,-135.11089793580504,151.4537122073482
40.14,-1.6982172871464376,-0.804595256515209,0.46774901398386,-0.0123561695425863,-0.0170071512973454,0.0280719319980608,-0.0025120076155931,0.0017163027545812,0.0235012339927344,0.9997188948904848,0.0132516736020607,-0.0267270367314365,9.033496859045197,-0.006861578958205,0.0088957460778185,-0.084560259491971,-0.3668806890184448,-3.8286307876678407,2.0103950935193224,1082.0469024681447,1087.8327652681292,1063.4204759653487,1081.513336039134,-181.20297137159577,-327.5262620801436,58.38392413257532,-39.05165346221934,151.45729511023197
40.1425,-1.5177251393914968,-0.7891928871054352,0.4523792515959177,-0.0164851822587148,-0.0189019367200431,0.0292673891625637,-0.0025726189506618,0.0016891412693282,0.023555470578131,0.999717502354614,0.0120198819733827,-0.0275107752134198,9.029517683898032,-0.0068525458455833,0.0090491990986802,-0.086451226811292,-0.3668905928226036,-3.8286094297839375,2.0101901959628887,1081.6881937157696,1086.7815007077659,1063.5839956233135,1081.565382984209,-122.67410623738304,-528.2875807646204,79.31731532362883,81.09060483580323,151.46018555975235
40.145,-1.2644491740417823,-0.7555932529404386,0.4119838516251337,-0.0195707856955011,-0.0207495535386657,0.0299839002020548,-0.0026321351324942,0.0016607746933106,0.0236067025234166,0.99971618044001,0.0105181801626843,-0.0283949718295803,9.025293187005214,-0.0068642643448636,0.0091941857643831,-0.0883715036839614,-0.36690114277458,-3.8285882812668746,2.0099797361372027,1081.4335319369577,1085.1913273643047,1063.817062541967,1081.9187890633132,-100.45289456970158,-796.5206324583523,117.14943708674046,220.56209978743567,151.4629782112758
40.1475,-0.9218765004960526,-0.6937442656788416,0.3481924360777864,-0.0220487419124771,-0.0229932712586994,0.0305523092531195,-0.0026875847640134,0.0016329357940254,0.0236529586906727,0.9997149829973608,0.0087713656154663,-0.0292762426262394,9.020838164621503,-0.0068959952855313,0.0093301584134799,-0.0903221916800947,-0.3669135586411204,-3.8285668505092554,2.009763831812556,1081.1859292429208,1082.798897545472,1064.1697428087475,1082.6681934831468,-95.50171766972697,-927.9185443944953,137.53938172279734,312.42870691845604,151.4662177454069
40.15,-0.6319580182618808,-0.6249520844674038,0.2868951827596768,-0.0232149144326915,-0.0248455064446712,0.0309760181306836,-0.0027330982813608,0.0016075803960441,0.0236962314725856,0.9997138801858124,0.0068024839495096,-0.0299971364602231,9.016171250826893,-0.0069457373188705,0.0094560473842299,-0.0923032324772721,-0.3669286621840051,-3.8285443324917137,2.009541995881116,1080.9560233486095,1080.5517346423367,1064.5047594505804,1083.480932597904,-114.1139261155202,-907.537136751343,136.03587327145166,329.421907263181,151.46882523504556
40.1525,-0.3598081044610273,-0.5424740045401675,0.2161037113094074,-0.0237681069271641,-0.0263706776816984,0.0315071841237456,-0.0027636617229554,0.0015836379139217,0.0237448098846736,0.9997126929232292,0.0046877918765181,-0.0304164718932693,9.01131222199219,-0.0070110804696194,0.0095710410802443,-0.0943134265224151,-0.3669456360140535,-3.828519822594026,2.0093138770865213,1080.615359612343,1078.261211861713,1064.8499221751051,1084.3153030194635,-188.72805500527087,-963.5632416615482,147.3303493421255,322.6556727198554,151.4713379262522
40.155,-0.0657853344756282,-0.4368166777308528,0.1147190502183819,-0.0239532980767956,-0.0275923628125519,0.0322820035658753,-0.0027818242696198,0.0015642641905716,0.0237982030038019,0.9997114167145817,0.0024208557726541,-0.0305293114476153,9.006278427931077,-0.0070884358989656,0.009675845875413,-0.0963505771934805,-0.3669649809807296,-3.8284938861798894,2.009079863634785,1080.0123830735827,1075.7339184340265,1065.2414111972914,1085.094210961504,-256.0198863649075,-853.5779263724667,137.23734361482207,215.66679005092345,151.47424414268067
40.1575,0.1499870906323116,-0.3497604450279361,0.0138661085887548,-0.0236448750822178,-0.0282771810668915,0.0328754064689678,-0.0027905537199806,0.0015502641057008,0.0238479683743037,0.9997102381523452,3.299846960360536e-05,-0.0303422968499698,9.001083035146083,-0.0071745812022179,0.0097716765642929,-0.098411684379988,-0.3669875508934526,-3.828468538321752,2.0088401632946375,1079.3352601805195,1073.9933222298544,1065.5361088931788,1085.3936369697171,-301.15913744819466,-588.025593435231,113.33506803242584,22.168619428100584,151.47657531649088
40.16,0.3376131006774799,-0.2680770885974291,-0.1014818176602484,-0.0229710917457569,-0.0288964822832499,0.0330928074374544,-0.0027909771196279,0.0015403608596825,0.0238882596665938,0.999709292345676,-0.0024110394891925,-0.029833473484461,8.995733136371157,-0.0072668659565798,0.0098600045444801,-0.1004931164239656,-0.3670135167400856,-3.8284450275280193,2.008593886908402,1078.5065873863407,1072.7937904668488,1065.8080865374538,1085.2050540586447,-346.26406867901574,-377.8586809914372,110.79194329926185,-159.67035890954338,151.47881226512567
40.1625,0.5055518315000618,-0.1916912819877318,-0.2221654218926508,-0.0221534050868134,-0.0294333583664476,0.0329052289602595,-0.0027827873442457,0.0015288862925337,0.0239230266537629,0.9997084909608648,-0.0047718444262971,-0.0289611306426902,8.99022868877773,-0.0073640446888383,0.009942555087583,-0.1025907305498394,-0.367041449341697,-3.82842342194836,2.0083405651633472,1077.6039398371236,1072.1040288248964,1066.0900686096754,1084.595285175169,-361.9867483239541,-155.11980858491836,126.19099010132794,-329.55870087537687,151.48097075364615
40.165,0.653330960871732,-0.1216951744498648,-0.3372859907559882,-0.0210625485074636,-0.0297930064345722,0.032178775155235,-0.0027650117502219,0.0015090716482297,0.02395939676892,0.9997076756536037,-0.0068951095289453,-0.0276775954236111,8.984561472762083,-0.0074661459702792,0.0100210623786407,-0.1047001507739133,-0.3670680267027071,-3.828402594183199,2.008079969336249,1076.6966536447228,1072.0181914239247,1066.43904148796,1083.5572605542693,-378.061098941714,78.05039688051338,183.96519125339776,-515.4001158318443,151.48303393758644
40.1675,0.8071309857793846,-0.0448807538392713,-0.4524172026018371,-0.0191118737754972,-0.0300041091802262,0.0308644733999147,-0.0027396160633949,0.0014760880329783,0.0240001863861911,0.9997067823044588,-0.0086677438564397,-0.0259940762760634,8.978714661393537,-0.0075739923160679,0.010097686351064,-0.1068170423491075,-0.3670919696629561,-3.828381011806912,2.0078117769253447,1075.713634342414,1072.4942808092992,1067.009894565943,1082.0182845960085,-329.913767612074,240.89113388341912,241.7641250665056,-576.6102353426737,151.48539836984196
40.17,0.9124872387205208,0.0134797474725735,-0.5184669873838655,-0.0170147509874696,-0.0300097042206723,0.0295124178917357,-0.0027081538239893,0.0014294840566496,0.0240461762348526,0.9997057925902596,-0.010059506037007,-0.023919772788113,8.9726631945642,-0.0076882819083579,0.0101743230681042,-0.1089375604816048,-0.3671124764673213,-3.828357563889525,2.007535254308803,1075.0470848066616,1073.2226470933426,1067.647862113293,1080.6742093775545,-226.77866355468433,314.5194944438704,287.45427792731556,-509.62057120837886,151.4872750789472
40.1725,0.9897848844617616,0.066858548219891,-0.5436741881558642,-0.0147716731723489,-0.0298581894931647,0.0279113655160564,-0.0026703965724363,0.0013693063055213,0.0240979137866974,0.9997046987866371,-0.0110521033036146,-0.0214392690796421,8.966375584458902,-0.007809815169997,0.0102524796111544,-0.1110587330581012,-0.3671291492459902,-3.8283318699020743,2.0072502697497736,1074.5797410246416,1074.0668782815171,1068.447165955578,1079.470181739969,-161.12596871749645,343.1478728825887,371.948716584521,-467.20362429344925,151.48905401616256
40.175,1.0452632061795548,0.127092429972313,-0.5209723129122464,-0.011616654167949,-0.0295216208626058,0.0258145481412776,-0.002631029835172,0.0012991545542092,0.0241454882641718,0.9997037207830052,-0.0116970943647607,-0.0186326216269971,8.959815522832917,-0.0079383851489214,0.0103348017298718,-0.1131788246053533,-0.3671449318654033,-3.828305711047292,2.006958677112605,1074.2414549630737,1074.9383864577565,1069.5076056962166,1078.338191256086,-95.25015907388152,262.22292963716654,384.69298901976214,-357.4078698939947,151.49107565477613
40.1775,1.0579946786908432,0.1762100033798462,-0.4593957357353056,-0.0084266110556741,-0.0291517643445749,0.0242040826980564,-0.0025937439796931,0.0012249080515498,0.0241812043098617,0.9997030249780537,-0.0120895766029815,-0.0155686299122426,8.952944535882777,-0.008072395997331,0.0104241580534507,-0.1152977612636488,-0.3671625978389833,-3.8282806824091673,2.006662032344524,1074.103490229272,1075.3779929297036,1070.370630900678,1077.683142390498,-41.90687554227397,92.465525764685,311.12005556898214,-213.12132849904003,151.4926664698305
40.18,1.0403439927002003,0.227215018006952,-0.3628474305656061,-0.0052492090487759,-0.0287990702302258,0.0230509166605331,-0.0025584908915565,0.0011466230407175,0.0241980172063822,0.999702782501764,-0.0122218393200114,-0.0122593259241039,8.945725683004678,-0.0082107793509989,0.0105229198011994,-0.1174171396876044,-0.3671835984296517,-3.8282581803144824,2.0063620740464043,1074.0319205853625,1075.4007140865795,1071.06320597406,1077.2725846135916,-32.739653538403886,-61.85523105583511,227.5540859148146,-139.40419419513037,151.4941607169581
40.1825,1.0093073393972158,0.2813795670520739,-0.2482371669439381,-0.0026031297222277,-0.0285746363582876,0.0222433551472033,-0.0025245011157127,0.0010632567431278,0.0241950342674228,0.999703022861569,-0.0120688660895811,-0.0087111123056465,8.938125627223437,-0.0083521873981284,0.010633388661191,-0.1195400768127439,-0.3672070948162715,-3.828238324345796,2.0060597447223807,1073.93979196158,1075.0687167744247,1071.5084013302508,1076.9861214195228,-59.189968860725195,-200.58548003670435,99.0464936630308,-104.9822609820612,151.49557587874995
40.185,0.9828787308282672,0.3373577683328934,-0.1269593402897629,-0.0007050487205028,-0.0283586268770736,0.0218603438988845,-0.002491040352745,0.0009752133178803,0.024181393769974,0.9997035292987096,-0.0116333328239364,-0.0049361136555637,8.930116760841194,-0.0084946892435518,0.0107576398841947,-0.1216708774719999,-0.3672312092264177,-3.828219693404799,2.0057551584081192,1073.7359707410587,1074.3977866863954,1071.5584384423755,1076.7476733086812,-130.4853271227117,-331.3515200065591,-82.98607416441276,-115.04021606209362,151.4968972797032
40.1875,0.979725902210038,0.3950655767324027,0.006874085242726,0.0009748316217559,-0.0276487832676765,0.0220416484983225,-0.0024618902022846,0.0008914138570627,0.0241626351173442,0.9997041463828844,-0.0110738711144963,-0.0010297026320153,8.921678526055622,-0.0086344643108415,0.0108980414029097,-0.1238146132132545,-0.3672562892502164,-3.8282015702194703,2.005448338407528,1073.2873653259662,1073.411959174391,1071.0934709594287,1076.4109203392122,-200.3784941478901,-354.24541944953876,-259.1367780561624,-141.20879563560376,151.4983771035066
40.19,1.007913476031976,0.4211068060512313,0.0969636155154306,0.0021495094993657,-0.026487092325221,0.0226714564488764,-0.0024404216245037,0.0008148465409543,0.0241425963540353,0.9997047667375089,-0.0104438541644678,0.0029126402970546,8.912800738008407,-0.0087693664453422,0.0110560374292986,-0.1259764919308586,-0.3672831160106237,-3.828183116456688,2.0051393755817113,1072.73407827032,1072.626559589149,1070.2627545520959,1076.0416293305038,-247.66582766406887,-264.99303655914525,-415.48983840672577,-168.42872152138193,151.49952411221443
40.1925,1.0585664352807636,0.4065988926631376,0.1576266667280204,0.0034847366862089,-0.0248234175275061,0.0234585927758583,-0.0024285240451096,0.0007486207038987,0.0241248547655732,0.9997052959034693,-0.0097982154105439,0.0068182521737053,8.903483580658035,-0.0088976376189595,0.0112318099448984,-0.1281614938271523,-0.3673119126853353,-3.828162589592017,2.004827745448276,1072.0490361876452,1072.0869939915947,1069.016021767394,1075.5687767316049,-303.70649178956154,-147.1165605556664,-622.7319264675768,-224.76962603870885,151.50058413081584
40.195,1.1098891292450708,0.3309004477052997,0.1983695337575723,0.0060516073334858,-0.0228345821081523,0.0240553060248474,-0.0024260466497117,0.0006902636518153,0.0241171009603843,0.999705548262704,-0.0090903319001339,0.0106461763893326,8.893738483637105,-0.0090195017552822,0.0114243640778179,-0.1303738257360314,-0.367341233967853,-3.828138492735324,2.004512220004765,1071.2155458113716,1071.8909767863706,1067.1490949197564,1074.9177812003095,-280.3833469145778,13.304849813460628,-723.647607813858,-242.8547943821676,151.50175843164146
40.1975,1.1077432490120682,0.2211292871095589,0.2108306287955746,0.0093472881834167,-0.0216479046443948,0.0242697479478287,-0.0024347741522909,0.0006397490306386,0.0241191396636654,0.999705520949254,-0.008317267406351,0.0143193208648246,8.883587005969423,-0.0091355196303777,0.01163263353075,-0.1326166517378624,-0.3673708487979175,-3.828110742468045,2.004190998016336,1070.6471194530736,1072.153518240662,1065.397783728328,1074.3545027596952,-168.8305059041841,186.86786391871908,-708.4167303803512,-215.8723174872908,151.50265764977027
40.2,1.016556990940929,0.0759006159006336,0.2054865210498408,0.0135199860056634,-0.0211930509719593,0.0246670218768077,-0.0024560009241274,0.0005976152372403,0.0241313326455987,0.9997052025953524,-0.0074835370193484,0.0177684370334795,8.873060247109223,-0.0092468829226536,0.011855486578827,-0.1348919952998988,-0.3674001672949215,-3.8280808671878095,2.003862758610884,1070.3713932818503,1072.8253161059647,1063.6070112678528,1073.8384196128727,-27.40720681075307,362.25093694242446,-756.6305335700912,-202.69796800792932,151.50347694139933
40.2025,0.7791763697613174,-0.117701030996834,0.1799603391296037,0.0183983006460042,-0.0214674354204772,0.0255880195208377,-0.0024842836229475,0.0005637622460864,0.0241563833632508,0.9997045437294416,-0.0065762644582796,0.0210427951705378,8.86219745614353,-0.0093556517414744,0.0120904042961001,-0.1372009764599136,-0.3674278510770689,-3.828049948201696,2.00352597323319,1070.5100834190196,1073.9647729253747,1061.6146310604756,1073.3410129196548,134.8825149820958,443.26197920558405,-677.353357670679,-156.83796873314063,151.50437051067547
40.205,0.4815529778465461,-0.2798512493978777,0.1453252705556869,0.0214616220291583,-0.022214861340342,0.0264212571629112,-0.002508000981561,0.0005294551217535,0.0242019067897872,0.9997033915412912,-0.0054233735805259,0.024296483003881,8.851045767504395,-0.0094667187788083,0.0123337607501341,-0.1395439673781616,-0.3674525097787136,-3.8280184312979646,2.003180489314793,1071.04580585676,1075.0416260019906,1060.2202444795023,1073.0542297692075,289.3558678959718,416.08611747762177,-478.06480253582873,-88.76929241637306,151.50504254090924
40.2075,0.1172239668890018,-0.4286347150756165,0.1061226190085075,0.0227694855274654,-0.0232298983871629,0.0267947813627789,-0.0025194190052904,0.0004877908815296,0.0242690616327472,0.9997017378081108,-0.0038857025690296,0.0276129815847725,8.839658675457889,-0.009584849375888,0.0125832864077918,-0.1419209666919222,-0.3674740404235136,-3.827986786285136,2.0028274304131575,1071.9568627585004,1076.045203512764,1059.2243070477953,1072.897166457573,403.96770000977335,359.59267374673595,-322.410693670298,-46.57292118183596,151.50564156777324
40.21,-0.2607012054117592,-0.5586216968824201,0.0735575424714738,0.0225104287321117,-0.0244306313987588,0.0266489401894922,-0.0025166980431174,0.0004324625312375,0.0243530808122242,0.9996997043693716,-0.0018368159476444,0.0309696671988141,8.828095564923972,-0.0097144903287719,0.0128386896960724,-0.1443318399500945,-0.3674933120695246,-3.827955819113905,2.002469116310756,1073.06564435681,1076.8395893707252,1058.6081910111502,1072.8213651632984,451.51069976282224,237.79112481182688,-154.19506625772027,-21.543431711117172,151.5061816300993
40.2125,-0.6007439833326277,-0.6580893721909157,0.0594044101335478,0.0206930587051463,-0.0258689577417669,0.0261131008752445,-0.002502348935291,0.0003657484598031,0.0244503305544707,0.999697371274405,0.0006965236106517,0.0342699868883708,8.81641998401706,-0.0098568080996058,0.0131012696704922,-0.1467765938547467,-0.3675112350334657,-3.827925694802684,2.0021055887684964,1074.2144162573125,1077.234159136822,1058.4533317165071,1072.7894492990174,456.93189883863215,54.82726345887309,26.516518401726977,-20.597089663250166,151.50665210136043
40.215,-0.9044687096597064,-0.7320481413564197,0.0665144831857589,0.0171144362099786,-0.0278687727003685,0.0257268227000949,-0.0024790095919061,0.0002916594770706,0.024558163578216,0.9996947971778072,0.0036561214297925,0.0374156458141081,8.804699399368637,-0.0100112239243911,0.0133725875625359,-0.1492552574116458,-0.3675280474906212,-3.8278962954180735,2.001736514726756,1075.3503038510044,1077.1137256880197,1058.7407736031587,1072.718379714982,336.5469852664416,-152.51981273114708,168.30620534092787,-43.30152521495224,151.5071376401091
40.2175,-1.0400239154893012,-0.7482794569511961,0.0863647098256202,0.0132334479855133,-0.0297008645077904,0.026002769934534,-0.002449646224917,0.000214395153845,0.0246658661635744,0.9996922372412212,0.0069761238320423,0.0403021352668833,8.793004726251459,-0.0101758635729272,0.0136541241699925,-0.1517677260616649,-0.3675466063727275,-3.827868056168956,2.0013625578909537,1075.8971511836455,1076.471560073166,1059.2948627432124,1072.5729416729423,101.32601352843388,-367.30697439317487,262.05645420551446,-86.83493557399454,151.50747706048298
40.22,-1.040058362491633,-0.7089413433166198,0.1101755172619173,0.0090952889624085,-0.0317100622756494,0.0267062650849657,-0.0024159370500153,0.0001368693151847,0.0247668727160047,0.9996898511013296,0.0106096216315255,0.0428485368502782,8.78140959531291,-0.0103477294874619,0.0139468013195932,-0.1543136290018017,-0.3675684822889502,-3.8278402453119855,2.000982814754619,1075.856933918646,1075.2771908160555,1060.0510558741853,1072.2842050371123,-168.52891740864396,-632.75781171173,346.4586181778533,-166.4104601912699,151.50774914440595
40.2225,-0.9015446219044096,-0.5913495891739791,0.1369541646186233,0.0051063452337633,-0.0343619056881566,0.0274145165092312,-0.0023798176344508,6.524110727504369e-05,0.0248528401251361,0.9996878463557596,0.0144455822098853,0.0449727521126389,8.769989472198324,-0.0105217638964783,0.0142510724627173,-0.1568922692014313,-0.3675939685693858,-3.827812821845829,2.0005956935624924,1075.0545065966019,1073.3077710146058,1061.0271558341024,1071.7408893719855,-412.63192065659297,-785.0627459875418,345.0498845614274,-232.4690100956734,151.50799761104184
40.225,-0.7024062686099491,-0.4367056061190596,0.1584909573903544,0.0031645882117946,-0.0365851551439745,0.0276502676543944,-0.0023467971515926,7.1593197996886765e-06,0.0249188133017091,0.999686337103634,0.0183379301696744,0.04653438792194,8.758821790477187,-0.0106916173328936,0.0145679572751052,-0.1595025279494977,-0.3676228169016402,-3.8277849739652146,2.00020037023788,1073.793774315362,1071.3518770861156,1061.776305296993,1071.1218599866336,-600.053053620195,-806.4023993260492,260.7829809446328,-279.09941354949217,151.50813912089703
40.2275,-0.4623637376248623,-0.2391853820543851,0.1816088439486943,0.0026369519154878,-0.0381201873178576,0.0275891980548457,-0.0023160961612172,-3.872989346223641e-05,0.024971108984781,0.9996851618522998,0.0222939493254862,0.0475048204364199,8.7479847938528,-0.0108533050726097,0.0148961357911312,-0.1621431019976066,-0.3676534335530508,-3.827754944234368,1.9997963904089489,1072.0542413285036,1069.2757590179792,1062.3310707388243,1070.3453923042396,-829.6151102880534,-890.4014210071629,178.78905212710328,-371.761143654422,151.508211567861
40.23,-0.1714553402091952,0.0110037256710569,0.2078874633919829,0.0030373325824876,-0.0384440170107896,0.0276318819511497,-0.0022891029559833,-7.41796879814664e-05,0.0250130954467296,0.9996842275045276,0.0263161105882353,0.0478227744813268,8.737557368190975,-0.0110032562515266,0.0152343081880502,-0.1648127272925745,-0.3676853542304633,-3.8277224041795335,1.9993844148988065,1069.6456987639197,1066.8998699810777,1062.6702505576293,1069.2630542683603,-899.055176457154,-820.2068172937184,63.95102715924989,-416.42553984781057,151.50821749347685
40.2325,0.0546759599026551,0.1987727622218221,0.2197924129658646,0.0036947078604843,-0.0374061738370602,0.0281329636783923,-0.0022671038360764,-0.0001011003419932,0.0250445994733845,0.9996835334329822,0.0303985070794474,0.0474357437216278,8.727618294913585,-0.0111384736051751,0.0155806972885494,-0.1675104932637059,-0.3677184828941728,-3.827687904852615,1.99896551893339,1067.5589654462156,1065.1747249315083,1062.6508258746208,1068.2632646049994,-809.7768437422561,-613.0708280121445,-65.80688526420619,-412.92075883735646,151.50815461091108
40.235,0.2577628572969811,0.3341190370497201,0.2071474318723774,0.0042907319136435,-0.0354152573268416,0.0291462067136682,-0.002249849098338,-0.000118332654593,0.0250676910289415,0.9996830291336974,0.0344726393488098,0.0463280593767418,8.718245484291646,-0.0112554097424715,0.0159328676745725,-0.1702360793132979,-0.3677523501995619,-3.8276525345030175,1.99854065928534,1065.596814545212,1063.8345158410195,1062.3412161313083,1067.1984504741756,-740.9250477162761,-466.85339558338217,-160.81744385151936,-430.67532038231343,151.50802176652908
40.2375,0.4441061517668576,0.4160156322340622,0.1662753966696587,0.0048895624663696,-0.0333237672733912,0.0302428569907025,-0.0022366097660367,-0.00012474437299,0.0250902940617044,0.9996825185696138,0.0384625247015436,0.0445022086206356,8.709515852136565,-0.0113508892915447,0.0162882538434192,-0.1729896129963844,-0.3677848636572661,-3.8276167786172497,1.9981105633191287,1063.8543402076323,1062.8404579535904,1061.8467386553627,1066.1098880030868,-629.5066932887456,-321.80322980545407,-223.5697449580805,-433.56546175837696,151.5078318342795
40.24,0.6131669979577757,0.4404982010150489,0.0903735049211508,0.0059657184105219,-0.0316299517256342,0.0309412209699815,-0.0022284352206039,-0.0001191645164977,0.025115194327592,0.999681930740368,0.0422815775419513,0.0419401264201985,8.701504927389772,-0.0114223201565399,0.0166446674215718,-0.1757714187988045,-0.3678166646082243,-3.827580657613733,1.997675432795288,1062.4492810787667,1062.2254996919917,1061.2233674065176,1065.0306231653826,-539.2331715625817,-205.94991762791864,-279.06557170788716,-463.8152542796559,151.50757491902544
40.2425,0.79560858778789,0.4301383474638851,-0.0325857602296354,0.0078709079677875,-0.0302192565787579,0.0312045944038188,-0.0022279516706454,-0.0001024210373777,0.0251405216484331,0.9996813080894162,0.0458696536252927,0.0386070709494365,8.694285831393962,-0.0114682690448772,0.0170002227671091,-0.1785817050537115,-0.3678493675142071,-3.827544020020472,1.9972352955737451,1061.1581743498218,1061.8107083654515,1060.4514107968248,1063.7908117316906,-416.9166355416264,-120.26763212422362,-271.39855811985524,-440.23516269347994,151.50719251757647
40.245,0.9282347352937917,0.4134526539570026,-0.1515502081317678,0.009654512121755,-0.0294963262241074,0.0311082847146222,-0.0022328645143559,-7.822736380930952e-05,0.0251630466095415,0.9996807369357797,0.0492134783024503,0.0345651230667366,8.687927052370929,-0.0114887990384264,0.0173510470587937,-0.1814204608622233,-0.3678847544524166,-3.8275065125310928,1.9967899138502772,1060.3646979010605,1061.624161531371,1059.8663746159195,1062.8294473519172,-276.0441951991604,-67.82511113238965,-208.8314073995048,-365.9701589319813,151.5068152045908
40.2475,1.035001837286515,0.4169056975912665,-0.2735485648629462,0.0117048559176951,-0.0291092364496004,0.0307606155215518,-0.0022401664924246,-5.6258950246428814e-05,0.0251843474907828,0.999680182109931,0.0524009733583553,0.0298990369975705,8.682491391169394,-0.0114866673319588,0.0176928501140799,-0.1842869663177327,-0.3679221981306507,-3.8274680088473936,1.9963385475046591,1059.7779533738253,1061.4715828097897,1059.4072537598267,1061.9609609370295,-230.82298387505048,-81.89452811407494,-166.36329814205635,-360.60907571368006,151.50638151294308
40.25,1.1207345412064311,0.4679812730641,-0.404142821686558,0.0147948952818386,-0.0287517947701557,0.0299607455797112,-0.0022431729554864,-4.617220616436534e-05,0.0252089940638787,0.9996795410262356,0.0555202057959955,0.0247703897342767,8.678033663103495,-0.0114656449291452,0.0180197252707772,-0.1871798205758463,-0.3679601157023245,-3.8274285459015673,1.9958803975822088,1059.2105829816846,1061.2146888908003,1059.0345581252088,1061.026401973348,-196.8453853837189,-114.21130344462128,-107.9235715888971,-327.36511838836793,151.50580192689162
40.2525,1.1455708142957814,0.5573358724252565,-0.4834664682952027,0.0179167941252577,-0.0282110522648108,0.0288310279898644,-0.0022352332664933,-5.5444298580706464e-05,0.0252380218628347,0.9996788008570788,0.0586216774018825,0.0193539959958975,8.674599207765993,-0.0114300575594582,0.0183253130431666,-0.1900967565806682,-0.3679961859036248,-3.827388036977668,1.995414361087596,1058.7937264469076,1060.900526292567,1058.8676359018827,1060.3241353450894,-162.88077525706137,-144.46359613136224,-43.24493187330124,-269.64156169756126,151.50527439975835
40.255,1.1120678976292255,0.6925285257133615,-0.5121793474592388,0.0212811113766895,-0.0271278364529571,0.0270564053299776,-0.0022121904458756,-8.93534842691666e-05,0.0252711324758303,0.9996779782745858,0.061719791108253,0.0137950415251341,8.672222029707138,-0.0113845259849521,0.0186038326535199,-0.1930345621052217,-0.3680295073296879,-3.8273460984165455,1.9949399271683852,1058.3961791053987,1060.492370910143,1058.8183334658422,1059.6781941648594,-171.18189498128567,-188.4175949012788,-5.2546737329494535,-275.752493740806,151.50470669880357
40.2575,1.0043700612487887,0.893145735294603,-0.4721175658723862,0.0252475985833945,-0.0251419997914379,0.0242153487831403,-0.0021730156904378,-0.0001468582098567,0.0253075351300574,0.9996770960099683,0.0647235641261536,0.0081992112864312,8.670922745525843,-0.0113319416067212,0.0188504593941286,-0.1959892527451242,-0.3680610959478602,-3.827301380364695,1.9944576825111395,1057.9378169720007,1059.95843831806,1058.841362533218,1058.9453728763847,-160.34720240237252,-190.80106053615128,13.434234511044844,-263.10341273903134,151.5039865199722
40.26,0.8685498054560447,1.0771613135986196,-0.3774379560761935,0.0281274413744951,-0.0228761795391775,0.0216401856107272,-0.0021170122911377,-0.0002224142835085,0.0253488766918457,0.9996761161650544,0.0674716453741683,0.0026790525498057,8.670706414742574,-0.0112735858080794,0.0190606044158795,-0.1989562218482849,-0.3680909173311169,-3.827252409060839,1.9939682862672077,1057.5944430933876,1059.5383656074634,1058.8855046383972,1058.3626771011654,-118.9903812446874,-150.2750038828394,12.12164351358586,-225.94389459511413,151.5033597203098
40.2625,0.7087632847035817,1.258303628872754,-0.2428904439918044,0.0300682649481394,-0.0197937315167351,0.0200012045197747,-0.0020481621582983,-0.0003071055282765,0.0253936851359237,0.9996750718942627,0.0697509459895941,-0.0027236048297786,8.671561059722181,-0.0112093261088427,0.0192319784753383,-0.2019300628457215,-0.3681190357699984,-3.827199564395184,1.9934717894352163,1057.342865065777,1059.2070632986456,1058.901970750786,1057.8156534034083,-75.63367208495715,-112.82106152842655,-6.024027104419121,-209.8135611130892,151.5027125574331
40.265,0.5517440425260863,1.4230659343273115,-0.1089404152086387,0.0310708059954467,-0.0162027575114979,0.0201173487467929,-0.001975728977331,-0.000385832552174,0.0254368332306967,0.9996740792066136,0.0712488988663023,-0.0080492335066924,8.673456191544593,-0.0111361379418953,0.019365430226545,-0.2049045720016315,-0.3681475724622585,-3.8271448678756954,1.9929673846862437,1057.2162747329628,1058.974260299821,1058.8553845028753,1057.3136092955995,-9.352320380284574,-69.40253103882188,-42.9352326553207,-185.50446197176413,151.5020542472109
40.2675,0.422070032414974,1.5562824650678175,-0.01877763548694,0.0312728161480195,-0.0124980002676052,0.0220516443537311,-0.0019059011233615,-0.0004435524121798,0.0254731992696605,0.9996732626561328,0.0716665247946768,-0.0132815227135408,8.676341174201726,-0.011050406825038,0.0194621144818271,-0.207872942788668,-0.3681788796944915,-3.8270912359966713,1.9924538668895808,1057.2961034638756,1058.8600506434518,1058.6872945875095,1056.8881310935503,91.21421884210456,-27.473807949704263,-111.36182103322184,-166.1606583785729,151.501389743459
40.27,0.3142523594708817,1.669555564776238,0.0106945219196192,0.0312319423135953,-0.0080233874004434,0.0245797140882562,-0.0018421390110371,-0.0004713726251972,0.025503636994016,0.9996725989255228,0.0708249520994221,-0.0183594984582975,8.680144653750324,-0.0109505205013024,0.0195237715788741,-0.2108277867141709,-0.3682125082520802,-3.827039664376001,1.9919305284082407,1057.6723458271736,1058.8368912600724,1058.2985753977089,1056.482806003706,183.10924756442276,7.342461610502022,-177.23695792833524,-132.00134729743309,151.50059438197104
40.2725,0.2630108432653234,1.7177206937146785,-0.0213661605718647,0.0313078281139392,-0.0039317148008312,0.0257645303075601,-0.0017836920588459,-0.0004693596812536,0.0255371508475521,0.9996718570442246,0.0687154201146545,-0.023156240603794,8.684774869380039,-0.010838571139014,0.0195518664416353,-0.2137614464480975,-0.3682457842316577,-3.826989388818209,1.991397032827176,1058.2116497016982,1058.8967629515043,1057.8011097978674,1056.228124357063,249.69281104554253,41.171101934279406,-233.43224703574688,-90.3218598944389,151.499939396678
40.275,0.2376581827205639,1.7084089178265343,-0.0738269992880595,0.0317400905357908,0.0004925479648442,0.0254346682577888,-0.0017289168470678,-0.0004435836091136,0.025575291840231,0.9996709933315266,0.0654467176044465,-0.0275376851086191,8.690121299586771,-0.0107201138728249,0.0195482722053509,-0.2166663520653629,-0.3682778703904291,-3.8269398553569336,1.9908529650693316,1058.9208098824,1059.0427467697436,1057.1314141625312,1056.0311967042344,326.36565490135257,92.32099015853059,-324.081927306968,-84.47833406321703,151.49929895194663
40.2775,0.212591715707859,1.624008795532136,-0.1056719840213005,0.0327139219403589,0.006052573898271,0.0234235936062333,-0.0016779684107803,-0.0004021882382181,0.0256168333958414,0.9996700337544578,0.0611770220516087,-0.0314107744177548,8.696057157226049,-0.0106023690415706,0.0195163104810319,-0.2195354796635775,-0.3683079345353945,-3.826890620664916,1.9902986949321344,1059.8434779762058,1059.3583679022972,1056.1807001613315,1055.8057326867468,331.5334691994972,147.1926443333061,-360.3010188997335,-89.82872351148168,151.49855359292437
40.28,0.1790924442107389,1.4946549584591136,-0.0782285905687099,0.0337297785985056,0.0106862130471151,0.0210494855384804,-0.001629901449886,-0.0003511394158614,0.0256621035494077,0.9996689706882628,0.0560417990603475,-0.0346740697534714,8.702442637509817,-0.0104920515844815,0.019459465239191,-0.2223630439489004,-0.3683352416204153,-3.826841094995935,1.9897343390425295,1060.5784772283985,1059.7787099914103,1055.3299090680316,1055.5820530866768,271.9072189503749,206.335360082818,-333.2941444542333,-105.02178736542648,151.49795569550048
40.2825,0.1190904125891993,1.3193340222467702,0.0084207397667709,0.0346002248320523,0.0146078232651256,0.0194260862952271,-0.0015837453403046,-0.0002994960645868,0.02571265955843,0.9996677649078716,0.0502448212331164,-0.0372411012708582,8.709128722434432,-0.0103973434151321,0.0193818745618675,-0.2251447984516182,-0.3683587946781015,-3.8267908927247225,1.9891608468580015,1061.2030140709564,1060.3900447027104,1054.514229439062,1055.28062374992,246.09832118518312,307.43993812077593,-328.5241869412541,-153.37021488190996,151.49738574456887
40.285,0.0121560916791636,1.088958406034626,0.1460258847391843,0.0353437473371053,0.0179042970286169,0.0198096921103625,-0.0015407393877528,-0.0002541191676084,0.0257615858826508,0.9996665887433644,0.043964633104234,-0.0390791313815067,8.7159616176462,-0.0103254548489522,0.0192891383509689,-0.2278784440269649,-0.3683799922838678,-3.826740958506648,1.9885799630625745,1061.808968834325,1061.3159096820152,1053.6872881333245,1054.8152020122668,204.02498674419368,357.97914402942166,-265.2611834399075,-184.0461599779214,151.4967374828979
40.2875,-0.1023080948795356,0.907668561259785,0.2535296909583352,0.0357469624250434,0.0195659468877271,0.0217077757700632,-0.0015013003339103,-0.0002155103156498,0.0258054380666995,0.9996655286036888,0.0372823380468143,-0.0401562117256625,8.722787298989171,-0.0102798067511985,0.0191871980638919,-0.2305640291032931,-0.3684011678652673,-3.8266920332813927,1.987993177542984,1062.223139004678,1062.1799404228584,1053.1879235218619,1054.36039295003,157.1378032553249,340.58737898784835,-152.47437901776036,-183.1389687087568,151.49622875925945
40.29,-0.2307116800619961,0.7627791273958185,0.3249574522822651,0.0356212485210834,0.0205314290072398,0.0237493670828832,-0.001466874641249,-0.0001792546128005,0.0258432915964306,0.9996646088101268,0.0302041130879048,-0.04047496955283,8.72945591369126,-0.0102603881906151,0.0190830796460736,-0.2332038257484978,-0.3684240297276444,-3.8266456797275374,1.987401406158872,1062.5946578506007,1063.018846576953,1052.9249162382364,1053.8995071687239,147.20854965986945,311.45318156561626,-65.89252971831496,-170.30647355291347,151.4957542129148
40.2925,-0.3563622220863056,0.6562449260426271,0.3624847649436894,0.0347622694617649,0.0213078694319866,0.0251943077167358,-0.001439201679904,-0.0001379119071899,0.0258779384328536,0.9996637585122408,0.022692729845125,-0.040060801653842,8.735826147405607,-0.0102646185004211,0.018984373107423,-0.2358021277173293,-0.3684491918793227,-3.8266027837618113,1.9868055309221069,1062.9591817529777,1063.7372063306873,1052.85846087327,1053.508860582265,144.61001231554167,237.76194320427408,15.021572713332308,-117.20289821858756,151.495308976436
40.295,-0.4605972108858287,0.5912879659476562,0.3691732870519732,0.0332864176936525,0.0222629677805042,0.0258243320650439,-0.0014184578968842,-9.187079653694156e-05,0.0259122736905385,0.9996629017002456,0.0148564550542103,-0.0389340717101532,8.741770010052944,-0.0102929116336996,0.0188980211333282,-0.2383647659619876,-0.3684760471497904,-3.8265627085105938,1.9862066725577017,1063.317707912179,1064.207656292975,1053.000024101803,1053.3134926776306,147.8535353177884,133.3357844183714,96.7474536556408,-13.33450576881963,151.49490026003937
40.2975,-0.5444101242182401,0.5418717181850536,0.3572032993522978,0.0313991905211747,0.0239175423900345,0.0262314775715123,-0.0014074579511044,-3.782192015739735e-05,0.0259441621458397,0.9996620877948038,0.0067446044997408,-0.0371777398796502,8.747175744179687,-0.0103437807676287,0.0188316330198727,-0.2408987421647563,-0.368504386904136,-3.826525325528749,1.9856055421676913,1063.698449429566,1064.4038852527783,1053.342198141548,1053.4421880534208,119.68580632941,7.97643674372513,140.31112899471833,122.56606818658024,151.4944535585165
40.3,-0.5738060874792166,0.5068175461602268,0.3364732209254979,0.0298921735245409,0.0256682612129192,0.0268175014383737,-0.0014062180610413,2.3674168792264268e-05,0.0259711013678718,0.9996613807309148,-0.0015192556384813,-0.0348439834858361,8.751951197807673,-0.0104175835436037,0.0187907038099939,-0.2434116912741886,-0.3685346645516858,-3.8264902439934096,1.985002276848547,1063.9161369438264,1064.2475384766935,1053.701579746777,1053.9263230185638,48.438885249581965,-120.55475382483765,139.00827180770813,278.6929831980098,151.49411890859838
40.3025,-0.5585408110049302,0.4615920766632332,0.3049837079261123,0.0284424281277715,0.027381619508466,0.0277258587952007,-0.0014067744352178,8.898172337303017e-05,0.0259967626365395,0.9996606951730324,-0.0097500412367388,-0.0318599484375832,8.756025835200298,-0.0105163050352562,0.0187757809687719,-0.2459114700893513,-0.3685660560023423,-3.8264568536830135,1.9843953590547991,1063.940643855814,1063.801111483654,1054.0372395005868,1054.8356529694115,-56.00652930725665,-241.18949510638336,117.32013678562664,489.0380202413681,151.4938246625378
40.305,-0.488418284519941,0.3875367542911795,0.254066537928943,0.0267311466640989,0.0289676117514925,0.0287793471367205,-0.0014004845730731,0.0001539435444068,0.0260314030173987,0.9996597758680424,-0.017750346469113,-0.0281509570589143,8.759351101445148,-0.0106424406341889,0.0187856179444656,-0.2484054392269386,-0.3685964190830959,-3.8264229598719144,1.983782783095415,1063.6361042972903,1063.0415910011627,1054.2881804307046,1056.3715131197685,-181.03734399940643,-293.55443387302654,50.44635620811317,618.8179006644249,151.49351989857882
40.3075,-0.3885508155606329,0.3096260730146604,0.202648774302951,0.0252983296867228,0.0298355161784505,0.029446061380255,-0.0013832573422725,0.000213716229635,0.0260772033970376,0.99965857113119,-0.0253116525550105,-0.0237311300902004,8.76190027644215,-0.010799515315508,0.0188194084020491,-0.2509000102490902,-0.3686245289321438,-3.826386883407284,1.9831636964801873,1063.0354571358175,1062.3333393142902,1054.2894712816271,1057.929742472731,-321.084714552689,-269.5047962187331,-56.17483419775308,647.9612105913798,151.493307400304
40.31,-0.2522427590978105,0.2180495041509739,0.1469762835765691,0.0240149147526702,0.0303171518142488,0.0298531821186913,-0.0013555624139095,0.0002670915793569,0.026127951614916,0.9996572422049586,-0.0322922362672239,-0.018699433435674,8.763667038821097,-0.0109896268048334,0.0188769990114184,-0.2534006842591552,-0.3686509227337728,-3.8263484943195674,1.9825387461927133,1062.030680724526,1061.6940670200684,1054.0073062597155,1059.611319172727,-531.2288297001043,-233.88886180247795,-193.8114596287423,722.439547288917,151.49313928489127
40.3125,-0.0635849003287966,0.0948935040687015,0.0823386697106704,0.0232105203615564,0.0305888847301712,0.0300993046413072,-0.0013177030859822,0.0003148717971736,0.0261757263768105,0.9996559995954528,-0.0385889152429091,-0.0131541034658391,8.76466413675088,-0.0112136359492187,0.0189570325015986,-0.2559121656231386,-0.3686768124370049,-3.826308076188019,1.9819085549012807,1060.3793129873159,1061.1638950052773,1053.3204139834827,1061.5419402091775,-665.5148726204202,-137.9568157675639,-302.9194562515867,660.8699926593189,151.4929900192493
40.315,0.0963341395422671,-0.0189816479274186,0.0349532764309567,0.0234024514851329,0.0306282091504027,0.0301624074155195,-0.0012688645290138,0.0003567849166043,0.0262179110982405,0.999654920434794,-0.0440847933668384,-0.0071733942342529,8.764921885378818,-0.0114721866376138,0.0190569497691753,-0.2584382293555555,-0.3687024696574904,-3.8262654433342655,1.9812728472754104,1058.7031063614268,1061.0042829412312,1052.4927089784592,1062.9156691360204,-704.1546479669286,4.310993932174438,-362.930355806653,471.6967660351972,151.4929098767102
40.3175,0.2363792370801933,-0.1465850506663048,-0.0013889816802761,0.024361421583926,0.0304796697926987,0.0301400660009444,-0.0012105030860319,0.0003867454117467,0.0262598907761905,0.9996538669048912,-0.0485700877372562,-0.0008739574498202,8.764486982502392,-0.0117678383004679,0.0191751658669707,-0.2609813561493538,-0.3687256486750924,-3.8262203842395457,1.9806305062099792,1056.8585397474794,1061.185449974938,1051.5057622044487,1063.9004240393547,-738.9015422879622,127.45956359915752,-397.4956186610384,319.8282490139446,151.49287588432696
40.32,0.3472339655616814,-0.2872535395640229,-0.0262295004678968,0.0256745332058796,0.0301196450798679,0.0300783670718408,-0.001150781812608,0.0004088262000313,0.0263035469403343,0.9996527757053636,-0.0520275703667151,0.0055186828012982,8.763417195276734,-0.0120968364082082,0.0193132835633068,-0.2635429182858031,-0.3687476959222952,-3.826173809577895,1.979980327561318,1055.0085986499853,1061.6415807592273,1050.5052308851527,1064.5148103810911,-707.9361351961396,237.42679413393256,-371.18073631315485,161.38391191958488,151.49288003640436
40.3225,0.4163547416276242,-0.4442327524340921,-0.0350199651555112,0.0271042016350687,0.0293826800737058,0.0299907465247278,-0.0010986639070542,0.0004316700537872,0.0263477889114791,0.9996516625668296,-0.0545351622917539,0.0117725681349563,8.76177962943182,-0.0124515311374367,0.0194734205779762,-0.2661234152093406,-0.3687711842798733,-3.826126948670289,1.9793215855449529,1053.318859071502,1062.3725839456067,1049.6498585228846,1064.7073435989519,-669.3848933008426,361.6070896275656,-306.9568013543879,10.08930845941388,151.49292967694547
40.325,0.4535040322298773,-0.6493878144685866,-0.0245621076908958,0.0285777902444223,0.0279047338192089,0.0298727040518333,-0.0010580744013779,0.000466767850286,0.0263960546882705,0.9996504291331484,-0.0562354484543656,0.0177534125342369,8.759648169393396,-0.0128208548781694,0.0196553890693249,-0.2687229416164649,-0.3687970197224756,-3.826080006594813,1.9786536868031324,1051.6616741834791,1063.449616207366,1048.9704468783802,1064.5652569233882,-526.3784096080179,407.53255134065586,-175.87618360717084,-91.34187105714648,151.49304072320575
40.3275,0.4529416578297488,-0.8313054176426647,0.0032170211676353,0.0295307932309497,0.0261495608230585,0.0297779582860635,-0.0010229788449296,0.0005134931146969,0.0264566076253023,0.9996488580807154,-0.0570738248576142,0.0235045449325315,8.757103823237804,-0.0131985246256313,0.0198541232964158,-0.2713413494905015,-0.3688245767801595,-3.826032907316765,1.9779771904612609,1050.6869670234605,1064.410246702311,1048.7704776048483,1064.250634243666,-292.76370459955865,372.5053597518786,-3.4229295958570427,-139.787738669829,151.4931750274134
40.33,0.4279749373446695,-1.0204904362138567,0.0519294404443419,0.0303169481631315,0.0240410947655858,0.0297202815477665,-0.0009872731452382,0.0005662309127953,0.0265304772747473,0.9996469265577332,-0.0569318237518208,0.0290744990004934,8.754231649477614,-0.0135799483850914,0.0200644001088006,-0.273978384683445,-0.3688549658295219,-3.825984998445152,1.9772931004937293,1050.197855660483,1065.3121430061235,1048.9533322304007,1063.8663182300395,-100.9998039833528,357.7662982017489,146.72558438953044,-162.47935633983488,151.4933510600443
40.3325,0.3753206754131938,-1.2499197481454332,0.1339150003079883,0.0312909898868899,0.0212970773442823,0.0297690683704057,-0.0009478508982737,0.0006183460863233,0.0266086742836578,0.9996448770983372,-0.0557007265089209,0.0344645319489741,8.751118259344489,-0.0139604686131394,0.0202823845740307,-0.276633891557669,-0.3688899937702506,-3.8259360381582703,1.9766029211598883,1050.1819680035435,1066.1990781933207,1049.5041055267964,1063.4382374619663,83.01865315484365,277.872282631364,229.47962132149848,-142.7465983495674,151.4936085888016
40.335,0.3136063023449623,-1.4349147101199835,0.2192331810218588,0.0322487882942735,0.0186630396036627,0.029992980761436,-0.000900903266446,0.0006632320655724,0.0266785119600654,0.9996430552616016,-0.0532988089164245,0.0396952226001805,8.747849405364889,-0.014335041706706,0.0205038404969035,-0.2793080194974499,-0.3689308972714849,-3.8258867601657394,1.9759079128443864,1050.612948926257,1066.7015044192813,1050.100730337009,1063.1525852382915,249.0364384860632,140.56307630784482,228.87463113027377,-98.28586496387133,151.4938603714647
40.3375,0.234469109865169,-1.5956283057768144,0.3160691213900033,0.0333317892429367,0.0152798885638365,0.0305364043867061,-0.0008444886346126,0.00069634216357,0.0267352684813216,0.9996415937733631,-0.0497064020022242,0.044764681746727,8.744508055548726,-0.0146972105004109,0.0207259075026276,-0.2820010175874332,-0.3689770635354863,-3.8258379130626974,1.9752082438184433,1051.4271501959727,1066.9018935748593,1050.6484786824467,1062.9468081371472,420.4867693975425,14.762688182865254,189.95108198109224,-79.28718375933877,151.49414910392707
40.34,0.1265394454373347,-1.7315108855525843,0.4355109096576487,0.0343588918096247,0.0101382251837946,0.0316968083341221,-0.0007807555403672,0.0007130504144894,0.0267843927806718,0.9996403488145476,-0.0449276840905927,0.0496085274009608,8.741173553437793,-0.0150407875396371,0.0209485133636297,-0.2847128046784661,-0.369026161441053,-3.825788221261389,1.9745034251880036,1052.715382773246,1066.7753178601956,1051.050485746915,1062.7561493194946,501.4469027612613,-104.32322201021752,84.66719986436361,-68.42217784170454,151.49453644030615
40.3425,0.0371527000738419,-1.7766518398446465,0.530192128180093,0.0344455436281339,0.0051294965127393,0.0331146562799538,-0.0007166049688901,0.0007133094855615,0.0268270411224039,0.9996392838609196,-0.039072335469745,0.0540870011234894,8.737919304011756,-0.0153582389200577,0.0211743637441275,-0.287442811299847,-0.3690776829263537,-3.825737368353221,1.973792951123175,1053.9343847097803,1066.380277464808,1051.0718146817687,1062.6046972479387,490.4244415886209,-209.13441136432004,-66.7740057943927,-67.58166628107354,151.49489193627025
40.345,-0.0354525316681238,-1.7360602716415503,0.6137756339560729,0.0337016171991931,-1.380956523764742e-05,0.0348049275165457,-0.0006578945918769,0.0006982527586119,0.0268617826726576,0.9996384327990172,-0.0322902143753426,0.0580844860294072,8.734811237530929,-0.015642849132315,0.0214058520835798,-0.2901899170543092,-0.3691309716035651,-3.825686355788992,1.9730755526396764,1055.1675049811868,1065.7296458033748,1050.7166157179431,1062.4182409880896,478.3217721097853,-293.23834845034526,-201.31497266469228,-84.2864111231871,151.4952798288829
40.3475,-0.0869954097559179,-1.6242009742403158,0.6873421965517799,0.0328834948494507,-0.0046929225976307,0.0363014838858098,-0.0006060709588808,0.0006775360546525,0.0268913011400249,0.9996377128757264,-0.024892972510322,0.0615720863172806,8.731904528075066,-0.0158843630021971,0.0216431634658765,-0.2929527622323225,-0.3691859945562928,-3.825635763717421,1.9723505167385156,1056.3259935703304,1064.9140857225555,1050.0652398184448,1062.1832651923223,431.80600101696393,-351.8587266326468,-316.4909047951114,-107.31290481220609,151.49569344084577
40.35,-0.1149062858247816,-1.438278691098966,0.7496047948941502,0.0325142846259564,-0.0085293527727121,0.0372173175765556,-0.0005586039737901,0.00065773562279,0.0269228421978565,0.9996369233423088,-0.0171469668989429,0.0645934752404568,8.729244460853774,-0.0160757323095775,0.0218845243775273,-0.2957294122109604,-0.3692415760794381,-3.8255851688732054,1.9716183896048751,1057.3265349862727,1063.9703521702108,1049.1341611939667,1061.8816764640283,397.0749771967776,-423.6787707855216,-442.9962919145901,-148.50788240828342,151.4961367032971
40.3525,-0.130493020003881,-1.1527129909037894,0.803122841261881,0.0325184946671766,-0.0124322183611907,0.0384814747285177,-0.0005136620597417,0.000643467072983,0.0269637609495485,0.9996358638807212,-0.0092911215467208,0.0671821741612015,8.726865658050633,-0.0162127235072778,0.0221286163197212,-0.2985172475968154,-0.3692970789740186,-3.8255338487900232,1.970879472256748,1058.3113684563125,1062.7956918686295,1047.8502583588738,1061.4407257802818,327.0798037379027,-421.56160271475784,-470.3271332723356,-175.63310477849083,151.49670116143548
40.355,-0.1341323990575941,-0.8820628332474284,0.8126766930868699,0.0324226414047326,-0.0152076386224922,0.0404522916107543,-0.0004714706042992,0.0006351846587916,0.0270175216723276,0.9996344407199608,-0.0014951722907813,0.0693358327255947,8.724791584570982,-0.0162954242350161,0.0223752628996604,-0.3013128342913668,-0.3693520923035238,-3.8254817418408735,1.970133261446284,1058.9619340049633,1061.862544156636,1046.782525527604,1061.0035109401351,231.1755599567004,-346.267055349613,-391.21439465164246,-192.17369498050348,151.49719741381426
40.3575,-0.1303093854456556,-0.6043978376244812,0.7586570658229876,0.0318151624603746,-0.0170245747861808,0.0433192755489489,-0.000429843551295,0.0006357905788537,0.0270822845652769,0.9996327016097,0.0060315714655223,0.0710970091336373,8.723032239686589,-0.0163243849120984,0.0226226138535893,-0.3041123632268082,-0.3694060870248239,-3.8254287791916255,1.9693787185877067,1059.4672462560964,1061.0643565918808,1045.8941863856146,1060.4798573053788,194.36302036814996,-304.84561088074304,-312.573766021626,-255.54257552299123,151.4977190480548
40.36,-0.120506836287748,-0.298163783142479,0.5995857477691445,0.0308586880788044,-0.0177383169312383,0.0467064389667831,-0.0003860941166072,0.00064121308989,0.0271553266101678,0.999630722572148,0.0132091193980547,0.072515675908429,8.721585385354762,-0.0163059491583153,0.0228685675392814,-0.306911387181598,-0.3694579914656983,-3.8253748022638927,1.968614810240792,1059.9337491068031,1060.3383161022336,1045.2196566974972,1059.7257980625216,147.72688558529526,-220.93425402824843,-162.34919203212365,-300.45660764529293,151.4983726671677
40.3625,-0.1160883801430807,-0.0881456203414524,0.3886996692896054,0.0303041946884175,-0.0171841742326587,0.0488640955780461,-0.000337487313017,0.0006427964285121,0.0272329740749808,0.9996286103428452,0.0200490468452893,0.0736421564400809,8.72043643175335,-0.0162507069436004,0.0231110285633308,-0.3097051565153556,-0.3695075449731989,-3.825320166481588,1.9678417904876384,1060.2058806840234,1059.959685321739,1045.0824404254536,1058.9775742671516,79.86735751515432,-101.81799101082353,44.15810400334991,-323.59159632221053,151.49893917995985
40.365,-0.1317302467140715,0.0606379552639133,0.1147336270305663,0.0302079389939768,-0.0158536232002969,0.0500449259400064,-0.0002832599522679,0.0006342229134345,0.0273101132666439,0.999626510970573,0.0265364040173394,0.0744949566754239,8.719559220023564,-0.0161689569710778,0.0233490428316132,-0.312489102194919,-0.3695551323898392,-3.8252654542426368,1.967059785915444,1060.333085894379,1059.8292261471793,1045.4404472175142,1058.1078400809097,22.00410286920669,-12.818469743490656,222.07756538288965,-363.0767288039015,151.49952691013112
40.3675,-0.1769115146267687,0.1626250666504541,-0.1878982688504196,0.0303968218931796,-0.0144782211336951,0.0503492646980241,-0.0002267640455019,0.0006143581882296,0.0273844602628002,0.9996244899229468,0.0325829709661194,0.0750248076647298,8.718918186738131,-0.0160682939237827,0.0235842264322118,-0.3152591581717875,-0.3696009035021576,-3.82521139198876,1.9662685800656996,1060.3159011983691,1059.8955929730216,1046.192828252367,1057.1621906231337,-45.0036858589965,67.76412343594326,377.6252729889872,-385.3600258839245,151.50013116464984
40.37,-0.2677278923585982,0.2313376272151412,-0.48919412461494,0.0305459479864199,-0.0139260180614067,0.0495288935889056,-0.0001727796345974,0.0005899561367024,0.0274575009855767,0.9996225037500904,0.0379837875374962,0.07516256918086,8.718470263914389,-0.0159514619310612,0.0238190036666928,-0.3180123040481101,-0.3696445090077157,-3.825156913869,1.9654677310914908,1060.1080674650843,1060.1680467643587,1047.3285735824575,1056.1810399514918,-132.7563518906348,156.04360615271818,548.2725571820462,-421.67484025332016,151.50075400082306
40.3725,-0.4302527777289646,0.3154913399943452,-0.7997393974344839,0.0300884831562502,-0.0142297187362293,0.0471390713973225,-0.000125883753897,0.0005670491008302,0.0275320061740323,0.9996204758388664,0.0425688434836128,0.0748433060566433,8.718167753640845,-0.015821518576626,0.0240555529141448,-0.3207467254480862,-0.3696855058073767,-3.8251001502871063,1.9646577730343031,1059.6521194389159,1060.6758110037856,1048.9341910382786,1055.053816421866,-194.07753427794052,207.31781502157295,592.3640302085157,-391.5708478251233,151.50152082750887
40.375,-0.6030241197285826,0.410287308712777,-0.982951674270704,0.0291389971427347,-0.0145772810891035,0.0439842510012617,-9.192314323275502e-05,0.0005525098964992,0.0276064785218226,0.9996184446805007,0.046174518192959,0.0739813126440328,8.717961308739712,-0.0156807668911353,0.0242966263487392,-0.3234621531135686,-0.3697246605164212,-3.825040531694928,1.9638406344704051,1059.137679793694,1061.204635839467,1050.2903937335016,1054.2231857123652,-220.42343730901888,223.82381491163304,501.8321508255229,-296.7143570118848,151.50217419329567
40.3775,-0.8000256094599387,0.5404985137157801,-1.0608514367025268,0.0277427157795468,-0.0145395899669082,0.0400154972240966,-6.925086036551705e-05,0.0005446817776771,0.0276775730412562,0.9996165005177872,0.0488113856287721,0.0726184967627171,8.717801188024554,-0.0155366049181025,0.0245403656066447,-0.326160141688973,-0.3697634407625651,-3.8249787014924297,1.9630198612897716,1058.5500022523715,1061.7949300783428,1051.443351792404,1053.570244636808,-259.0980062701458,264.60456816962613,420.0635161824845,-237.2042046874108,151.50283982847594
40.38,-1.0417436768854347,0.7246364813602582,-1.028367642456502,0.0253552759323537,-0.0137229219578346,0.035458420084195,-5.528353864805123e-05,0.0005384680667738,0.0277392284807097,0.9996148115744652,0.0505713192675052,0.0708124969628462,8.717641089346417,-0.0153982021921012,0.0247845582047333,-0.3288437279260157,-0.3698021059396479,-3.8249160750885154,1.9621974563579807,1057.8421897623427,1062.5276586803159,1052.390711314415,1053.0371646889275,-249.68555857686584,266.87112391391554,259.27848316874054,-151.7712845921911,151.50364920203265
40.3825,-1.2274978880100444,0.8780158246082534,-0.9130512913411732,0.0225294397065421,-0.0118797595475167,0.0325484747341712,-4.434569351135141e-05,0.0005266312826875,0.0277882847961779,0.9996134681441537,0.0516055139560688,0.0686748079169138,8.71744023992424,-0.015275470241214,0.0250254583369322,-0.3315169859853075,-0.3698397452695876,-3.824854236690925,1.9613736647744529,1057.3015744594868,1063.129285697913,1052.7397442082483,1052.8113882138466,-197.21405828695168,232.8485441936508,50.40441866740403,-48.3611435745373,151.50432955959704
40.385,-1.3724859254667856,0.9962037880123392,-0.7416622969144127,0.0189212574263969,-0.0087139938311277,0.0307600903517563,-3.235138851345301e-05,0.0005066980499382,0.0278267655145744,0.9996124146052496,0.0520002431349398,0.0662924829727783,8.717166297286806,-0.0151742593255466,0.0252606828249629,-0.3341842676216427,-0.3698764156872881,-3.824793457682447,1.9605460598592523,1056.8561194709089,1063.691901401283,1052.6427334077518,1052.795358971055,-168.74987301117025,233.16767250591403,-118.63111579526344,31.56838766056557,151.50501205974945
40.3875,-1.4776646646927776,1.0657459589819562,-0.5166378869211604,0.0139881457640488,-0.0043019146698476,0.029666303253014,-1.7768085882458165e-05,0.00047756960256,0.0278583871286169,0.9996115498482274,0.0518323049687837,0.063709886832503,8.716796938909761,-0.0150985896616025,0.0254896283575947,-0.3368494338098091,-0.3699135089175865,-3.8247332757135535,1.9597121239984163,1056.4578250944303,1064.2951240604432,1052.1465886292715,1052.9692301521495,-123.11142226192781,206.5271534792226,-214.08708529263964,87.41716878694281,151.5058284157098
40.39,-1.5006003930218759,1.0554537802237285,-0.3407300516289131,0.009536627712411,-0.0008137612389215,0.0293617950670868,-3.632814363771721e-06,0.0004422053108308,0.0278846825726639,0.9996108329495548,0.05111786888185,0.0608952438073989,8.716320866767314,-0.0150489668992566,0.0257145094502449,-0.3395155674512831,-0.3699518582524279,-3.8246741356403673,1.9588703522198496,1056.2405623595987,1064.7245371686795,1051.572297981288,1053.23244481499,-67.59057754635941,155.75170999259694,-221.70532723336848,122.59228315408345,151.5065026049693
40.3925,-1.4610197447872493,0.9830014439079092,-0.1987022211982237,0.0051247852184341,0.0021328228724993,0.0293941115143385,5.24700644713196e-06,0.000406818446046,0.0279092830214003,0.9996101624942728,0.0498257796230045,0.0577894982151792,8.715737394597372,-0.0150228056884423,0.0259384874125767,-0.3421851205303077,-0.3699909058054332,-3.824616134168596,1.9580200720229304,1056.119872206699,1065.0738826104055,1051.0380619931059,1053.5821915679192,-39.13698348617616,128.34657630235398,-179.35567782569626,153.28159748043052,151.50716625138034
40.395,-1.3843191408112858,0.8750893175481234,-0.0922228208955697,0.0014949820133632,0.0044943724224141,0.0295444458833904,8.300858220034508e-06,0.0003714118513391,0.0279408316711528,0.9996092952907288,0.0480428650156738,0.0544069891307794,8.71505528588774,-0.0150209705692215,0.0261616102635929,-0.3448601304636714,-0.3700282370301821,-3.824558125395233,1.9571619200262225,1056.044877442168,1065.3662700501918,1050.6755195921592,1053.9988528023923,-30.646253935113016,108.40619435520148,-80.26487450465977,186.617155516974,151.50781861087623
40.3975,-1.2886913853567128,0.7487919279802117,-0.0287617117908534,-0.0007400393619615,0.0060770777199558,0.0297147983122086,5.052525844342405e-06,0.0003365531157346,0.0279805711221187,0.999608192314534,0.0458488237156436,0.0507671146351891,8.714292949651519,-0.0150437487204353,0.0263829128916388,-0.3475424432318514,-0.3700636073525043,-3.824498877589848,1.9562970073609305,1055.9666409370232,1065.6159135821815,1050.6367376205824,1054.5152773455047,-51.95838013524004,108.67507056323907,71.14658247944239,255.91907700691615,151.50845503278015
40.4,-1.1768952236455044,0.60486625849266,0.0050651827303116,-0.0024220454629571,0.0075672662088348,0.0298541000127787,-6.420111995855176e-06,0.0003015189227269,0.0280259368346594,0.9996069224990506,0.0433456484627153,0.0468669197952266,8.713477921887204,-0.0150917002284471,0.0266016440967812,-0.3502336733588994,-0.3700988035170708,-3.8244366823441194,1.9554258959586197,1055.785085541492,1065.9096454030075,1051.031252504556,1055.278448187426,-91.88657051367801,112.95126957023646,215.29263359264303,303.28768799611623,151.50919825955808
40.4025,-1.0866981760894117,0.507328727799211,0.0064703206832058,-0.0038496560083973,0.0086042687151904,0.029883901607749,-2.4609642249602768e-05,0.000267848215442,0.0280765206835278,0.9996054949954734,0.0405962482898306,0.0427679693307199,8.71264505064131,-0.0151627973349159,0.0268142015937509,-0.3529355521031425,-0.3701345954694321,-3.8243709462566575,1.954548374081464,1055.5072080844548,1066.1806699300332,1051.713200788546,1056.031715785486,-143.99718646006383,118.46433943172391,329.1031431390501,315.1193523460031,151.5097997333048
40.405,-0.9764559060538376,0.4464030399217189,-0.0086101713107765,-0.0061105638540455,0.0089864607472403,0.0298082691878563,-4.715138049250741e-05,0.0002365002674723,0.0281353301868454,0.9996038246964088,0.0376701873982215,0.0385500989128531,8.71183574092218,-0.01525423233996,0.0270163617734736,-0.355649651689598,-0.3701707569112947,-3.8243019034918952,1.9536643068427584,1055.0650996091913,1066.5019671001664,1052.676768220252,1056.8540449491568,-228.58036333553045,150.7272202863539,456.46800077939264,352.78920850055584,151.51038247970732
40.4075,-0.778923824282096,0.4198304513622407,-0.0333317539993487,-0.010031042091075,0.0088758825572982,0.029601021353962,-7.219630714760105e-05,0.0002103675031853,0.0281990337317089,0.9996020052017632,0.0345956469199968,0.0342880114894814,8.711096580349027,-0.0153611553064937,0.0272043298970725,-0.3583773419805141,-0.370207958211259,-3.8242306592129034,1.9527741522683633,1054.364306267778,1066.9343060314643,1053.995540792441,1057.7956618279873,-275.31806528968,157.97308574179726,482.22622585060776,314.6407390236827,151.5110609324811
40.41,-0.5361726688071232,0.4262295295979571,-0.0518079073780199,-0.0137541340905064,0.009212352812165,0.0293596054816206,-9.955416433940942e-05,0.0001948646183314,0.0282594421595551,0.9996002691636792,0.0313471759503938,0.0300306598021702,8.710477657752632,-0.0154761805392538,0.0273759539326023,-0.3611196662117779,-0.3702475803493111,-3.8241586270869745,1.9518784714866295,1053.688509282742,1067.2918325288758,1055.0878993495064,1058.427248644276,-273.26298601014634,126.05558954913165,401.3276992673802,194.9638955773392,151.5116100017234
40.4125,-0.2115124816324993,0.4350224054873522,-0.0612095869804784,-0.0163622175873871,0.0106512498246309,0.0291320340850276,-0.000129744447198,0.0001950254472002,0.0283065754758998,0.9995989030933422,0.0278959042453888,0.0258151646764962,8.710030583551365,-0.0155915131392979,0.0275304003051778,-0.3638771450073356,-0.3702910069587623,-3.824087575904177,1.9509772314452636,1052.9979913377267,1067.5645839792103,1056.0021792887787,1058.7704813058745,-290.9235107637332,79.53035633329776,326.55631376712927,66.27462155089805,151.51214330873188
40.415,0.2333816734621379,0.4141377907551899,-0.0564881929141945,-0.0166643689316682,0.0130125074976463,0.0289560600542505,-0.0001605075932495,0.0002098969966338,0.0283381202187919,0.9995979783783452,0.0243091368136137,0.0217238601854225,8.709806460305467,-0.0157030499141967,0.0276659977883286,-0.3666495920014565,-0.3703389551303553,-3.824017719152379,1.9500695503836047,1052.2338917289248,1067.689484310542,1056.7206809183403,1058.75862175203,-263.69308522630644,0.665889473702578,181.5243244161119,-75.5932996035949,151.51276584473567
40.4175,0.6073687199646536,0.3553020947479084,-0.0358361999022013,-0.0146776980147862,0.0146406185287459,0.0288099844859423,-0.0001882858290222,0.0002328306244708,0.0283616825357401,0.9995972813667064,0.0207444104362061,0.017857559807214,8.70985421516215,-0.0158107382121604,0.0277811820884897,-0.3694359101080924,-0.3703899979114267,-3.823948254490996,1.9491544128590244,1051.6795259115945,1067.5679134265788,1056.90980091086,1058.3925148078563,-207.77454811548807,-99.86424719781446,-21.636474220338485,-205.0418285659222,151.51327027513068
40.42,0.9399760075622114,0.24928665003169,0.00592301366163,-0.0117550334602634,0.0154851474567972,0.0285876843034375,-0.0002134601185803,0.0002627396262099,0.0283810884466611,0.9995967002792148,0.0172500472566706,0.0142478754957968,8.71021833035782,-0.0159115276637899,0.0278775660773534,-0.3722341701902442,-0.3704428980920178,-3.8238790380928807,1.9482314171635335,1051.1950189883469,1067.1901630745526,1056.6124985472388,1057.7334126092,-191.0445219343192,-188.6923219433253,-200.1310422058397,-290.80006963398847,151.5137595470412
40.4225,1.2177378605862312,0.106679568835717,0.0667182365500532,-0.0087764532872031,0.0159111669954296,0.0283582153754625,-0.0002333413965433,0.0002951308671756,0.0283960479383101,0.9995962419308816,0.0139261106750325,0.0109732980487862,8.710936780325927,-0.0160064548877374,0.0279548851031034,-0.3750417855299091,-0.3704965503254729,-3.823810522744432,1.9473010337900811,1050.7243033019236,1066.624451816863,1055.9091456998317,1056.9385144596877,-198.73044437685004,-256.65595525593346,-369.6126640812436,-318.26118746832526,151.51423569431898
40.425,1.415764242589591,-0.0758058381789279,0.1485551409853243,-0.0054105302688586,0.0163214367500569,0.0282365451249546,-0.0002434915401555,0.000326885681725,0.0284114067435581,0.9995957700440427,0.0108428842012226,0.0081379418495036,8.712039162964588,-0.0160967495411118,0.0280120174025009,-0.3778556986762374,-0.3705498575168412,-3.8237421936667295,1.9463627758377853,1050.201366766462,1065.9068832982723,1054.7644352268317,1056.1421066718576,-255.69135388014385,-323.67679448236044,-582.1727631284125,-310.31714664561645,151.51469490952485
40.4275,1.5495458963701412,-0.331334076059063,0.2617280816488878,-0.0005300728960557,0.0166632024032375,0.0282905845868013,-0.000236222942945,0.0003503439575544,0.0284372324473785,0.999595005248601,0.0081463029507556,0.0058938973080556,8.713545695168214,-0.0161883053704006,0.0280458528419187,-0.3806723745494876,-0.3706011265435772,-3.823673208953768,1.9454160787179728,1049.4458465325224,1065.0060678444504,1052.998281884188,1055.3869287264588,-300.89282427466134,-314.7843714403869,-689.8641663495163,-221.83888496785752,151.51522440936387
40.43,1.5711520436137267,-0.5595670237638009,0.3558256127363343,0.0038878987686139,0.0162826016043772,0.0286783993046359,-0.0002061283259421,0.0003594761829269,0.0284807096558611,0.9995937518321232,0.0059489237477231,0.00434659376664,8.715465980241042,-0.0162871786751554,0.0280550462647948,-0.3834878723734765,-0.3706491951055359,-3.823603869261529,1.944460827190984,1048.69690264509,1064.3329614410718,1051.3151143950872,1055.032912247019,-316.68633444743745,-228.48107277539245,-684.8938610149934,-73.61402134117598,151.51564587176355
40.4325,1.505587796747332,-0.7737219720328194,0.4280976931391241,0.0081039822155786,0.0145946681560927,0.0297880360830398,-0.000159914380467,0.0003604807631265,0.028542001004131,0.9995920002637216,0.0041417067700415,0.0033876717958757,8.717797671761078,-0.0163909481857528,0.028047320221831,-0.3862978781060594,-0.370694710024667,-3.8235353275098913,1.9434977203715265,1047.8624148602867,1063.8636624805745,1049.5738125791163,1055.0188586197532,-366.6389979985922,-137.3955006566782,-739.1229528497516,66.37561438539038,151.51604435812797
40.435,1.3461228248645536,-0.9738562846546912,0.4629072014078212,0.0124044880425738,0.0109658040360517,0.0320044401605102,-0.0001079538923567,0.0003666399763171,0.0286168967774151,0.9995898609186252,0.0024889064673521,0.002839392141331,8.720526093575353,-0.0164919369881803,0.0280333409634531,-0.3890981890460009,-0.3707385326980414,-3.82346845897315,1.9425266921912043,1046.8637076550963,1063.645983937788,1047.6194996308363,1055.3647903189465,-346.72896814582134,-12.11996067467515,-664.877175895368,174.28731356194655,151.5164930374481
40.4375,1.165545441349475,-1.0708152007347471,0.4358882586817126,0.0152681745479853,0.0071488587398821,0.0341320779196399,-5.91038930957653e-05,0.0003791219000314,0.0286993797175017,0.9995874974068992,0.0009659424286073,0.0025356732784979,8.723626365926819,-0.0165916540214008,0.028023050041668,-0.3918844919341508,-0.3707808421959329,-3.823403946996132,1.9415473787231865,1046.1287700195567,1063.803062677201,1046.2494266996375,1055.8902951875634,-251.1324180218263,137.1860770876421,-464.04246242424415,238.8943889555675,151.51684015342434
40.44,0.9589465543343492,-1.088033147724718,0.3508196719510554,0.0175959554561239,0.0035264026361891,0.0357826711891013,-1.5939291895551117e-05,0.0003939971931633,0.0287870756442646,0.999584974094764,-0.0003598940251939,0.0024097791411662,8.727063494107647,-0.0166951125087644,0.0280215746586101,-0.3946530348506323,-0.370821657485773,-3.8233412648685112,1.9405595095273105,1045.6080455649883,1064.3319143232256,1045.2992873187175,1056.5592622637232,-159.097583376079,311.86765941431486,-297.13959441140366,301.63274784943525,151.51715678705892
40.4425,0.7045723835045734,-1.0335175063748427,0.2002708314351227,0.0196471941629215,-2.251445876265716e-05,0.03692230055248,2.4230673490767757e-05,0.0004037058340068,0.0288744774895348,0.9995824518148,-0.0013560163239338,0.002477757513802,8.730793603984676,-0.0168099066433336,0.0280292791117628,-0.397400833635472,-0.3708611746153762,-3.8232792453594175,1.9395635847083377,1045.3332821026759,1065.3624009742734,1044.76372872758,1057.3984589268111,-33.94800582171311,430.8601436414461,-89.00256625738616,294.6779825819105,151.51749831662676
40.445,0.501158744041377,-0.9481047444131055,0.0551125551216747,0.0207159654495589,-0.0022729318915459,0.0371501428059839,6.375772556639544e-05,0.0004043000035137,0.0289565819703599,0.9995800810005157,-0.001954073442765,0.0027460206961299,8.734765032355037,-0.0169399431249374,0.0280458452751229,-0.4001258135572149,-0.3709000786932755,-3.82321700480458,1.9385607408413728,1045.4383055358796,1066.486215041434,1044.8542744874303,1058.0326521766335,112.55392289250499,481.7306260135245,140.43435815905508,217.41237416974164,151.51774851795838
40.4475,0.3176291082090991,-0.8505228497074249,-0.084245929586021,0.0211802261962199,-0.0037786914123342,0.0368413621508537,0.0001051720126595,0.0003992277622911,0.0290346406705779,0.9995778291526232,-0.0022164514033208,0.0032244418917635,8.738919674917414,-0.0170818037025516,0.0280699126590467,-0.4028270728828105,-0.3709399820047312,-3.8231534564815153,1.9375515524975344,1045.8960517171379,1067.7710541043389,1045.4659005183746,1058.485520797659,236.59628309239167,521.632174390658,314.48759889487803,134.98161372769943,151.51796010135357
40.45,0.1533316187204206,-0.7603908318915418,-0.2012746159557857,0.021265393022746,-0.0046273767585442,0.0361518072512951,0.0001494630048815,0.000388253494017,0.0291150606442416,0.9995755124836648,-0.0021447458381311,0.0038922252340888,8.743196325614838,-0.0172335115714111,0.0281007921972811,-0.4055043873229989,-0.3709811377477454,-3.8230878123830414,1.9365359578295924,1046.621286951342,1069.0943759133886,1046.4267124819055,1058.7075602452724,343.58808029706483,518.2163877902062,438.18822971475447,17.700398589968284,151.518137469143
40.4525,0.008113446103386,-0.6873958129622222,-0.2749769794147292,0.0211514361917832,-0.0051476051386685,0.0350459158588117,0.0001881428960708,0.0003769457962158,0.0291943626915952,0.999573225152002,-0.0018511894494143,0.0045638327402976,8.747532146664858,-0.0173876463062612,0.028144474540864,-0.4081580543427909,-0.3710248297216087,-3.823020568730045,1.9355144950107013,1047.613992118624,1070.3621360432912,1047.6568416669495,1058.5740227906088,481.2619453528271,525.188359849449,558.9896412139833,-150.16407282178093,151.51827107909287
40.455,-0.1567323160000002,-0.6076917380806451,-0.3009757304871109,0.020983909401648,-0.0061117328609721,0.0335991099275197,0.000212071513813,0.0003699628835414,0.029265694379911,0.9995711626268238,-0.0014371226892818,0.0050417084443245,8.751865006059411,-0.0175367819086219,0.0282072683994057,-0.4107890440654967,-0.3710725096848414,-3.82295212305558,1.9344878766485425,1049.027596678104,1071.7203177126335,1049.2216606879729,1057.956739881164,542.7462243059333,461.3102526774496,557.9627870286787,-297.6096663748491,151.51837798412532
40.4575,-0.2972268860987094,-0.5254951768261445,-0.2689222473984723,0.0208348713032488,-0.0074615371546242,0.032571799598547,0.0002190488266528,0.0003740236752578,0.0293237444870185,0.9995694773637392,-0.0010408330039172,0.0052524969370943,8.756134542231202,-0.0176714002756208,0.0282898579766089,-0.4133993545198455,-0.3711252043243675,-3.8228829797280426,1.93345642315596,1050.3277232401551,1072.6686873066797,1050.4466556020943,1057.085974458734,533.5154715195584,334.7625321573211,445.5853397395453,-400.0677978114936,151.51842077415247
40.46,-0.4504972019080201,-0.3940427217050978,-0.1862637318517242,0.0205614544433592,-0.0095161094074591,0.0316849793775643,0.0002130010218715,0.0003939228551239,0.0293659127896884,0.9995682463613812,-0.000767639899731,0.0052322947145779,8.760284202873382,-0.0177836886298736,0.0283880886888545,-0.4159915814098129,-0.3711826770196374,-3.8228140130249737,1.9324204435613812,1051.6951740357033,1073.3941303734207,1051.4495873866715,1055.9564008921056,609.6092861531903,264.25982147381023,372.98482952294125,-514.2596370714401,151.5184137411984
40.4625,-0.6495371030669363,-0.1515459661909205,-0.0419190161451535,0.0198187827937948,-0.012485894280134,0.0307642902107542,0.0002019102305791,0.0004275100233496,0.0293941320559434,0.9995674181716596,-0.0006017189109297,0.0050891576021261,8.764263197252582,-0.0178723111337521,0.0284947800400548,-0.418568339085072,-0.3712431835188106,-3.8227463820047776,1.9313793957151493,1053.3757696709183,1073.9899864140475,1052.311579749707,1054.514676273379,620.117452761816,171.7115786337703,257.9566345072225,-508.48271138771815,151.5183460935602
40.465,-0.8188704016484548,0.12174072387103,0.1003023354592061,0.0186025292262631,-0.0145235874076158,0.0303434898840297,0.0001942713553399,0.0004637987443784,0.0294115761260721,0.9995669054548773,-0.000373195170402,0.0049406074004214,8.768027914076363,-0.0179448055180142,0.0286024270899484,-0.4211317472696508,-0.3713035890668908,-3.822680849316945,1.9303319667458467,1054.795761299514,1074.2526882665902,1052.7393705592085,1053.4139873351655,567.7390102580199,56.693570757368526,121.01667724703648,-386.03801400125377,151.51823950009177
40.4675,-0.9708114190844958,0.4378525113767622,0.2385262370087998,0.0164961347477575,-0.0148674728908123,0.0305261281166162,0.000188259143464,0.00049742552537,0.0294202486557239,0.9995666478551855,-1.5354788507240813e-05,0.0047315653196945,8.7715417006482,-0.018005630440846,0.0287116567938163,-0.4236832520598136,-0.3713626545353535,-3.822616670538837,1.9292775480884123,1056.2144647222099,1074.2734542678345,1052.9166631359428,1052.5844862033719,611.4655471539768,-43.24259598551475,42.246387301195,-284.14611023184455,151.518080075187
40.47,-1.1028840774653599,0.7992172961927483,0.3613522616170872,0.0128990702265756,-0.012642375301555,0.0316446966863207,0.0001826981240496,0.0005237741923341,0.0294264664179433,0.9995664582023344,0.0005284265094,0.0044250222780438,8.774775296720302,-0.0180600199824766,0.0288221874838036,-0.4262240879255212,-0.3714199938391719,-3.8225515341281615,1.9282158281481547,1057.853089035281,1074.0364752866628,1052.9506024957143,1051.9932567840078,574.2406304121932,-124.48786814768934,2.296364220181848,-151.21562673081365,151.5178272439315
40.4725,-1.152426466312498,1.0314680184827667,0.3995969591193761,0.0093641476266213,-0.0087215754185613,0.033396344766615,0.0001768175191472,0.0005422713554073,0.0294364679307066,0.9995661530714376,0.0012480847544177,0.0039994125175029,8.777706869652794,-0.0181111146332103,0.0289327099849137,-0.4287555066546334,-0.371474804372249,-3.822483389942236,1.927146525743392,1059.0856678742723,1073.6510149270955,1052.9281449570435,1051.8284080697172,440.5691913773828,-182.745231673832,4.599423823808514,-13.229036752948156,151.5175650408644
40.475,-1.1284693480183998,1.145957089018448,0.3465417378770079,0.0058065858841313,-0.003670730262613,0.035854519825635,0.0001682045670671,0.0005560982737343,0.0294493279683688,0.9995657608946666,0.0020716305920453,0.0034120350049311,8.780322444094333,-0.018160092710368,0.0290426087929488,-0.4312788241102802,-0.3715270439267321,-3.822411733686292,1.9260692442350047,1060.055934992169,1073.1227491282932,1052.9735996148331,1051.927111600243,325.9912016856342,-226.74695777793815,46.044760345235815,67.26609138997198,151.51724902494104
40.4775,-1.0461043556686125,1.154086712711542,0.213890831366551,0.0024436687025621,0.0012809689556749,0.0384495688439631,0.0001549462890226,0.000569485779158,0.0294599460383018,0.9995654355350888,0.0029146089236196,0.0026353855389183,8.782616260676956,-0.0182078737841718,0.0291507260349553,-0.4337956526227394,-0.3715773677523169,-3.8223373521556794,1.9249847505392816,1060.7156238826988,1072.517280138207,1053.1583687587697,1052.1647385266667,173.6074737645616,-252.9995943355131,123.60886820927632,111.7356572427408,151.51688807040406
40.48,-0.9083886716609296,1.058408518454418,0.0067465336276149,-0.0001078552323119,0.0051105012791208,0.0400975196678982,0.0001407534331379,0.0005861287361663,0.0294691073799264,0.9995651568290984,0.0037112794841861,0.0017467538375417,8.784590750505577,-0.0182556140951097,0.0292516900896479,-0.4363083188004465,-0.3716253766278052,-3.8222616755880425,1.9238939755655575,1060.9239723609924,1071.8577511566148,1053.59164395588,1052.485789886457,-16.088561816096394,-297.28483770134767,260.9902762193571,149.839850731101,151.51647248112153
40.4825,-0.7073921263507109,0.8868369367901975,-0.2687352163525195,-0.0016073919363951,0.0075303811656979,0.0397725871950408,0.0001331186516559,0.0006010610576041,0.0294825774261872,0.9995647558715008,0.0045558041095685,0.0008907818627902,8.786257385490293,-0.0183114521674781,0.0293378247074325,-0.438819509547772,-0.371669686741581,-3.822185525345816,1.9227986217521356,1060.6351810736185,1071.0308559496996,1054.4633201398672,1052.9139377803228,-184.3785022621745,-308.83310142222285,380.49117364733365,166.79908718316875,151.51590995635576
40.485,-0.527447566005417,0.7489054185143381,-0.4674765521190821,-0.0017808759501359,0.0078241303800088,0.0376494700827732,0.0001331035000777,0.0006120520590843,0.0294988016763753,0.9995642750019206,0.0054950871108313,0.0001037831782092,8.78763570261666,-0.0183806494218876,0.0294074079192332,-0.441331988087157,-0.3717116097036196,-3.822109437729035,1.9216993208611408,1060.0020798496823,1070.3135856495053,1055.4940998241148,1053.319785322372,-307.30781679756285,-296.29325925119093,469.2891883116645,187.5996719436848,151.5153874701323
40.4875,-0.3383664468304724,0.6618954407670384,-0.5811025811593713,-0.0018482542638941,0.0074962377314864,0.0346635453635176,0.0001372260923313,0.0006190854948202,0.0295170145025658,0.9995637342803732,0.0065375484508452,-0.0006539465333175,8.788752637826102,-0.018465096408159,0.0294634441907686,-0.4438483824742878,-0.371753348342674,-3.822034247802128,1.9205962366649127,1059.0986419896299,1069.5493896534429,1056.8097660814267,1053.8519361400415,-419.90210470390946,-353.33367170610586,627.8461664574451,289.8168665588737,151.51480852598658
40.49,-0.0816865671516829,0.6308261379707073,-0.5887526602291542,-0.0026217388115861,0.0076743843367709,0.0311834923177581,0.0001426730659806,0.0006289360119637,0.029541882952493,0.9995629893223494,0.0075734636132023,-0.0014050905452294,8.789640940748761,-0.0185588099317343,0.029509067570627,-0.446371308224497,-0.3717967356027318,-3.821960444438578,1.919488327982616,1057.9025693261617,1068.5469172909739,1058.6333306564038,1054.7688696551672,-430.2582796347272,-384.30761201196606,692.1334735259207,400.7679574338461,151.5140476035481
40.4925,0.1767294175616515,0.652781613914523,-0.4883208327302298,-0.0037378723400503,0.0088556287044653,0.0287194873835783,0.0001474253149211,0.0006465726881688,0.0295793229176206,0.9995618604963288,0.0085235309199496,-0.002159097812211,8.79033880709882,-0.0186557827647782,0.029547293935559,-0.4489027561166065,-0.3718416605394021,-3.821888166561481,1.9183743523729195,1056.947350591458,1067.6278515933848,1060.2704334490531,1055.8557759272092,-351.70571516128047,-381.4989847690699,654.0832309412546,512.4814926865952,151.5133574846894
40.495,0.4935586880953737,0.6941346189778131,-0.299736463588052,-0.0046412666074903,0.0111207716816407,0.02693131109478,0.0001475773316857,0.0006796113986221,0.0296275259539491,0.999560392697268,0.0092566248542693,-0.0029586890949338,8.790888103762814,-0.0187466764606627,0.0295827310743195,-0.4514439686035235,-0.3718887668809078,-3.821817734081975,1.9172538989976864,1056.144040750357,1066.6394223671302,1061.903746811107,1057.3312771185979,-310.2936643122806,-437.0279871348922,684.1184099980775,729.4936146629329,151.51260777058687
40.4975,0.924802645259528,0.7342347612454145,-0.0192446980565598,-0.0040635731966227,0.0140622664010181,0.0259574011569341,0.0001432461362095,0.0007321706417461,0.0296870205215807,0.999558564453812,0.0096992986531692,-0.0037792134651849,8.791333023565741,-0.0188241482367118,0.0296165458947536,-0.4539955171872409,-0.3719377607073021,-3.8217489121767585,1.9161269840324897,1055.395882269896,1065.4427116577092,1063.6910254990453,1059.5032440005257,-243.38072188130636,-424.76815065825673,600.1928946215343,840.6373644074638,151.51163693467225
40.5,1.293905835755612,0.7463902025607471,0.2157668311778664,-0.0011365670128472,0.0161783705973429,0.0264418398339561,0.0001376989380153,0.0008063459935738,0.0297572216476035,0.9995563929225708,0.0098077001450606,-0.0045441288452856,8.791718272087845,-0.0188820721134907,0.0296467396968501,-0.456557322246085,-0.371990150192313,-3.8216809433447256,1.9149934140274767,1054.9271371409495,1064.5155816138379,1064.9047112842163,1061.5344639406371,-171.1658823139452,-333.68933983768665,397.4060281049309,816.9266102947557,151.5107665313716
40.5025,1.6265930013566932,0.7300197613734104,0.3986355277001752,0.004164537832771,0.0181948689857689,0.0282667696824821,0.0001379427174147,0.0008971638191979,0.0298380908659271,0.999553885848056,0.0096556132607297,-0.0051176580383018,8.792087822340795,-0.0189205237206139,0.0296675605649715,-0.4591285147500527,-0.3720463298397124,-3.821612730742247,1.9138530999978531,1054.540052858327,1063.7742649585223,1065.678055639568,1063.5878770519955,-157.16495491820896,-249.15438073872775,216.397138915798,788.7359790278482,151.50982950688066
40.505,1.9065573743138249,0.689152430608776,0.5062439605868599,0.0100945729469739,0.0202324604705802,0.0308222274419744,0.000151880790987,0.0009922598890075,0.0299343596715164,0.9995509109527224,0.0094383808014685,-0.0053550894846502,8.792483528889612,-0.0189463997981564,0.0296722007162432,-0.4617072963010392,-0.3721043474298704,-3.8215422845763114,1.9127062617399213,1054.1413123663583,1063.2698097101436,1065.9866969787959,1065.4781438357786,-181.29308760262396,-129.33219602125723,-5.032092748249097,675.0944244777841,151.50883471382187
40.5075,2.121932232163563,0.6222281852141117,0.5037708939907612,0.0154975626030541,0.0218571719585559,0.0337177587576018,0.000183168713015,0.0010822816470887,0.0300395805229955,0.9995476627064228,0.0092870186176602,-0.0051892887549059,8.792943078140764,-0.0189651306396305,0.0296568535776551,-0.4642910794798514,-0.3721637830131434,-3.82146887319828,1.9115533265945777,1053.6335874203135,1063.1276039784157,1065.6528951758269,1066.9633491743864,-266.01597938030494,31.674573666470383,-302.6888484709186,518.5787766139753,151.50776679586588
40.51,2.3255982880087305,0.5199043904117702,0.3797136607881753,0.0211273743486627,0.0231281103268765,0.0367406691385838,0.000230394662688,0.001159972709467,0.0301454862060856,0.9995443909499068,0.0092850220697754,-0.0046453034420871,8.793499074200883,-0.0189810815924422,0.0296223475130355,-0.4668764001239872,-0.372224504828354,-3.821393425788164,1.910393501303952,1052.811232469458,1063.4281825784756,1064.4732527364426,1068.071037718846,-340.77683786282097,188.83183157371948,-556.1743687102872,277.2084008648963,151.50639586343968
40.5125,2.4638342724066895,0.4204103690714882,0.2020737781106848,0.0256505744120529,0.0239144237509979,0.0381726499408742,0.0002929071624598,0.0012261239837801,0.0302463018327273,0.99954126429317,0.0093682804336083,-0.0037349249702893,8.794177701536302,-0.0189919649180099,0.0295691743249132,-0.4694595350681028,-0.372286470654804,-3.8213175698562023,1.9092247949580257,1051.9297032309985,1064.0717631362847,1062.872023332274,1068.3493911787116,-384.40928586595305,329.79163396586455,-747.7620919012492,-22.376184826532526,151.50517551989407
40.515,2.5712063696920255,0.3055613540688385,-0.0028117067420824,0.0309604498681303,0.0247941543881473,0.0380678159261329,0.000369313620934,0.0012842783860051,0.030342973741651,0.9995382497169192,0.0094192518174613,-0.0024860687652006,8.794999179038802,-0.0189934595320686,0.0294994019502846,-0.4720364517813251,-0.3723479621499928,-3.8212418042816103,1.9080449250371807,1050.8891860401272,1065.077140748306,1060.7344422769345,1067.9591567947134,-467.9883263319589,504.3365700382804,-1025.4020553695912,-299.92329149267783,151.50387134527583
40.5175,2.646964065306572,0.1460191905685784,-0.2184309001494846,0.038724662479807,0.0259592663492759,0.0364079323353639,0.0004569034162942,0.0013365419706779,0.0304369043248709,0.9995353065299496,0.0093421239086236,-0.0009560169396438,8.795978652146333,-0.018983468242074,0.0294171610126056,-0.4746031524135157,-0.3724070482100512,-3.82116630928316,1.9068533172322824,1049.5897615993408,1066.5934459864739,1057.7450130554307,1066.8497747212496,-457.9249946319055,586.4156798148272,-1131.8341498329692,-479.70265609304096,151.50220754656084
40.52,2.6499504351953647,-0.004700046566727,-0.3380726428725185,0.0457950144133457,0.0267130784674545,0.0343417127013024,0.0005545047890513,0.00137758309298,0.030524037940778,0.9995325659941342,0.0091718673000934,0.0008149417440081,8.797127651150097,-0.0189680915942583,0.0293258494645902,-0.477156326962097,-0.3724644706931451,-3.8210922332001793,1.9056523495645832,1048.5995610669663,1068.0092191473816,1055.0752715277667,1065.5606435142467,-342.04157180189,569.659393106194,-1061.1571472130008,-540.8480895325245,151.5007384104921
40.5225,2.5799401494146954,-0.1651170919202506,-0.3751789831104422,0.0524571134126913,0.0267306924523993,0.0324101402500943,0.0006572473751602,0.0014085166352184,0.0306003459761223,0.9995301506380831,0.0088297766519187,0.0027192205363133,8.798454612506314,-0.0189477392067311,0.0292327726362534,-0.4796942139212322,-0.3725217763245721,-3.8210204720810785,1.904444452011088,1047.8795537403305,1069.4417429520063,1052.4392273193628,1064.1455342735856,-220.43475432116833,555.3286491612247,-1019.0519158697216,-548.4866130703708,151.49918438111936
40.525,2.44905740535196,-0.3217755772062787,-0.3445719910456681,0.0585205872753318,0.0259436423913747,0.0308970153346307,0.0007607196783037,0.0014287671112349,0.0306642182208163,0.9995281135555945,0.008271109275853,0.0046512350116402,8.799967225633774,-0.0189246327099884,0.0291452649434674,-0.4822168009184757,-0.3725783406691701,-3.820951275754216,1.9032316207581392,1047.4973872953617,1070.7858623931852,1049.9800119484228,1062.8182104488976,-54.17397821599436,496.77047964980426,-913.9276977645619,-472.4454344158714,151.49756155398345
40.5275,2.248007912290429,-0.4595922009091096,-0.2462813708633366,0.0638164265274057,0.0243439666312558,0.0299536564738769,0.0008672717062781,0.0014345599715916,0.0307171230012334,0.999526412824668,0.0075173073961655,0.0066183797816485,8.80167400035035,-0.0189043800316748,0.0290642688810699,-0.4847260749759499,-0.3726334736688112,-3.8208842509004977,1.9020152258555043,1047.6086838492504,1071.9255953502563,1047.8695888305379,1061.7833071015048,166.61460592331994,441.04267774951217,-828.3607415068526,-363.1573780175093,151.49585885189944
40.53,1.9270857918195063,-0.593842317898526,-0.0762166025565216,0.0695623605068962,0.0219502669125964,0.0294205359162513,0.0009749047708229,0.0014281141569014,0.0307589083006917,0.9995250512535212,0.006490180805048,0.0085516261072018,8.803585564030005,-0.0188869347693808,0.0289941458033156,-0.487225432540473,-0.3726885772631208,-3.8208194554487114,1.900797047830816,1048.3304603249787,1072.991075781934,1045.8382082408864,1061.0024235588091,350.9572182254496,341.34298675634574,-658.5702958173066,-212.66151763453547,151.49372867311752
40.5325,1.5908293283719823,-0.6827607601600739,0.0878262516789443,0.0739614664190651,0.019868298422848,0.0294334473650218,0.0010771837112248,0.0014151042193065,0.0307896907201008,0.9995240252844904,0.0050584521147814,0.0103044530335719,8.805715998516042,-0.0188687488222497,0.0289426595295532,-0.4897190187707751,-0.3727447790796232,-3.8207562375697672,1.899578076270336,1049.363469940376,1073.6323102840367,1044.5767373514543,1060.7199995133333,475.18956525921806,218.54730285251847,-423.30171915310706,-62.74492094254556,151.49188580020447
40.535,1.1797914536271519,-0.762379766429154,0.2497071014327525,0.0776340740358115,0.0179830329645327,0.0299379679993996,0.0011666708066234,0.0013998788163808,0.0308109520414794,0.9995232952796504,0.0031256229816382,0.011712817941884,8.808083459765268,-0.0188475036879372,0.0289176006516245,-0.4922109941370733,-0.3728008555401453,-3.820693457559449,1.8983573762228985,1050.706408151276,1074.083812296197,1043.7216996451195,1060.6886989540963,622.5063889664851,180.81800461281844,-300.94962604628626,-1.974214868322533,151.48997879157787
40.5375,0.6020597128277972,-0.8715529602302107,0.4133146319496737,0.0806955578759656,0.0161939199603084,0.0312103115262597,0.0012378449052497,0.0013812342386831,0.0308288633974241,0.999522682194174,0.0007079177494671,0.0126468291168708,8.810710010209366,-0.0188262853887999,0.0289240254014093,-0.4947047892124279,-0.3728558940196037,-3.8206294374454473,1.8971331966444716,1052.47600188521,1074.5364003071013,1043.071989221222,1060.7101284389917,647.7097933508937,171.76062399382477,-190.84265281821064,-15.417476341204216,151.48762393594163
40.54,0.0573625552073018,-0.9895599529718287,0.5060622317349862,0.0821672292226259,0.0150761548426185,0.0328897613698232,0.0012916532268489,0.0013594589974427,0.0308458540120926,0.999522112400724,-0.0021860995808802,0.013096519917364,8.813619448473151,-0.0188073212964705,0.028959173742504,-0.4972030747379029,-0.3729119865025539,-3.8205634411754583,1.895904396022812,1053.9449571180276,1074.9426154161652,1042.7674863810296,1060.6116115723903,562.631916206768,186.75120248103207,-88.11913144527392,-89.71984893341826,151.48561217669308
40.5425,-0.5357660380281601,-1.1412936187570186,0.5392726989756957,0.0827549539294851,0.0140172732177333,0.0351230277291219,0.0013287296589231,0.0013393974477646,0.0308633283414101,0.9995215403295084,-0.0056117431519841,0.0130564953187575,8.81683566966422,-0.0187885432630406,0.0290193011157414,-0.4997071567324407,-0.3729700441941057,-3.820494934283515,1.8946692614071516,1055.289161466245,1075.4701563195067,1042.6313935639955,1060.2615291943243,551.2148383442673,264.5288776633617,-30.940673597735984,-216.51820069012336,151.48355676144993
40.545,-1.263986994845597,-1.341771902927709,0.5103399632804037,0.0817522834150452,0.0118326004403242,0.0378322477931288,0.0013497421239801,0.0013310903116552,0.0308860137371004,0.9995208095896284,-0.0096981042401216,0.0125346362171238,8.820380314613939,-0.0187627825082164,0.0290998012944166,-0.5022169144024619,-0.3730300793160463,-3.820423900938825,1.8934258172579377,1056.7010313097503,1076.2652598044829,1042.6127830130408,1059.5290205689391,486.5903204226348,309.260328613763,16.714927806257688,-307.0886690229209,151.48104918778648
40.5475,-1.8377816340301487,-1.490535341845958,0.4429495025678973,0.0784956294546718,0.0085438841376937,0.0392800320655765,0.0013588062485626,0.0013348158388088,0.0309224551213917,0.999519650101188,-0.0143816930168655,0.0116057116617051,8.824272084137458,-0.0187330667783344,0.0291926064962692,-0.5047305636672118,-0.37309052749208,-3.8203502803115086,1.892173340550121,1057.7221130683563,1077.0164579625743,1042.7149682030267,1058.7260858492111,387.9359529950141,297.6509934816318,71.9062036114879,-332.8263689130043,151.47893255948878
40.55,-2.307363643026167,-1.5701471853668787,0.3582341725356045,0.0720837530898748,0.0034594066418327,0.039365223197765,0.001363931505829,0.0013441474790206,0.0309750284655106,0.999517985469416,-0.0194598523878715,0.0104207726171898,8.828524566926614,-0.0187105524114733,0.0292855333064898,-0.5072451524461106,-0.3731516202557511,-3.8202747130725,1.8909125095368429,1058.6407110747264,1077.7535147718916,1042.9723140310984,1057.8648887243733,361.38169748064394,274.4796101107528,136.84188732542955,-331.157270651978,151.47679701978683
40.5525,-2.643496380216249,-1.5623349867501048,0.2770167416622248,0.0636677267661988,-0.0023217999273021,0.0388528098904473,0.0013726118173652,0.0013472739222308,0.0310414728326324,0.9995158900797168,-0.0246160654640211,0.0091302057195318,8.833144889625801,-0.0187132106707068,0.0293670098837677,-0.5097567202215407,-0.3732129400346012,-3.820198099167434,1.8896443512158076,1059.5290215557604,1078.3888560131288,1043.3991776396542,1057.0702994959504,357.6252987410568,211.69832478736836,220.8361148987213,-280.5168331989357,151.47465271803256
40.555,-2.79149658667981,-1.4385685366504903,0.2056975074791845,0.0547149120879043,-0.0073246971224703,0.0386610567442737,0.0013902526016284,0.0013414358383691,0.031118857534889,0.9995134479812804,-0.0296760619658285,0.0078636562032192,8.838130233883302,-0.0187509289606189,0.0294275987575034,-0.5122610208128857,-0.3732730933438433,-3.8201209784451216,1.888369013751643,1060.42883756843,1078.8120063958277,1044.076494605591,1056.4623045583799,401.6432835022457,122.8295308255136,361.4668930426537,-212.21324802382895,151.47250576318464
40.5575,-2.7648838626669385,-1.1755908654171372,0.1195787423898843,0.0453294035124776,-0.0116660026646217,0.0392579877665211,0.0014178714511496,0.0013287778750161,0.0312080697725585,0.999510625145033,-0.0345375844557613,0.0066866466971521,8.843467230757922,-0.0188290728639505,0.0294628061828856,-0.514753402769796,-0.3733283307884608,-3.8200431749334114,1.887085288642516,1061.5372379732698,1079.0030036672558,1045.2065121048659,1056.0092332558322,406.7954504420151,12.989694182890792,464.81284962168365,-122.56038188609732,151.46993569377955
40.56,-2.607533265580867,-0.8887496761158836,0.0340530923148493,0.039088878376552,-0.0139913848421081,0.0402267490176183,0.0014535643561571,0.001312916648641,0.031304469700254,0.9995075623977364,-0.0391122173917569,0.0056215160846299,8.849131787403065,-0.0189520149511154,0.0294714654258589,-0.5172290113675255,-0.3733769621362076,-3.819964058239941,1.8857920419972476,1062.4628148206411,1078.876954866742,1046.4005588537007,1055.849502648949,360.2855331381282,-108.56885958109063,519.5582076943153,-30.16980652922305,151.4678053844823
40.5625,-2.3596194633845404,-0.5671531421538935,-0.074216608361993,0.0341521136007236,-0.0152283659731175,0.0409834234572637,0.0014955038263665,0.0012888666244965,0.0314008702775658,0.9995044910786264,-0.0431492363167049,0.00469296815821,8.855090981294008,-0.0191325916583378,0.0294531985180269,-0.5196829654416639,-0.373419282845965,-3.8198842740020607,1.8844895892974485,1063.3386656389614,1078.46015936935,1047.8043031433388,1055.858384223186,358.48695189866567,-241.59872833828703,646.531663066568,28.846000378761207,151.46569356343423
40.565,-2.0030261217462004,-0.1755521937616744,-0.2236891784379644,0.028932014571665,-0.0158978770709173,0.0409787650566321,0.0015463860899014,0.0012515634686936,0.0314915949822706,0.9995015914004136,-0.0463885768754796,0.0040097940904979,8.861302224830313,-0.0193822867760084,0.0294037192161912,-0.5221114053867821,-0.3734563022014662,-3.8198038782209887,1.8831792574616928,1064.2552495801328,1077.6689612250518,1049.6332171690303,1055.9937326508427,301.1310783327923,-326.64653899939026,677.53158041225,65.83580160614744,151.46318753295068
40.5675,-1.676917035538438,0.1360307270573787,-0.3514267137642312,0.024887252965625,-0.0159272433357501,0.0402427237507671,0.0016106125127533,0.0011944706076436,0.0315770470274612,0.9994988529363797,-0.0485438147097698,0.0037127456854167,8.867714948768672,-0.0197113530386971,0.0293179534525252,-0.5245116212273782,-0.3734889174825581,-3.8197221799500367,1.8818627199289808,1064.844321030626,1076.8269266743523,1051.1919610454015,1056.1875632312167,183.5286705763308,-355.618028332401,610.0315102472058,99.70990050755418,151.46112698141087
40.57,-1.3343638766249124,0.4123992330183351,-0.4645049948511054,0.0214525310451618,-0.0150520133626127,0.03903713036907,0.0016856006315027,0.0011193119076551,0.0316530076558413,0.9994964108275654,-0.0494870896476533,0.0038213680792973,8.874270604209931,-0.0201181170814034,0.0291984898571064,-0.526882100477012,-0.3735194808765249,-3.8196397412765455,1.880541279711088,1065.1728929330147,1075.890871083389,1052.683374720268,1056.4922821533808,66.56685375757348,-409.51260824382143,620.5424505082833,177.87499165727047,151.45909978019415
40.5725,-0.9145113115964985,0.6830466966409748,-0.5654003171177973,0.0183810419028373,-0.012802565640385,0.0370373893911541,0.001765118496907,0.001036696848025,0.0317102267698899,0.9994945556435936,-0.0492665688394787,0.0042901752811279,8.880904134022394,-0.0205876546997513,0.0290522581553716,-0.529222717036473,-0.3735512505583221,-3.8195578016061327,1.8792164701746323,1065.1771552994137,1074.779363633135,1054.2946732979403,1057.0769381895025,-73.93512703057094,-389.8476792680237,550.8517228733946,266.2351048052644,151.45671017934708
40.575,-0.5630041712347474,0.8482899835393616,-0.6121260331008678,0.0167663310043622,-0.0103350156293623,0.035097838008168,0.0018438942715201,0.0009607951322982,0.0317434502465458,0.9994934504792726,-0.0480172645899368,0.0050863159572019,8.887547037635608,-0.02109667037136,0.0288862746632877,-0.531534557731406,-0.3735880093658828,-3.8194769829917834,1.87788823233218,1064.803217297862,1073.9416326870476,1055.4376333346363,1057.8234576774075,-233.57432185750315,-303.06721387985766,409.37547959126255,363.2222324159063,151.45475769731317
40.5775,-0.2141013462379039,0.94983579454469,-0.6182893588245875,0.0159238363847887,-0.0078797192795825,0.0332282534402652,0.0019162715515937,0.0009033425056814,0.031754020368093,0.9994930552090764,-0.0458624363720912,0.0061602720249245,8.894130981573376,-0.0216199628948496,0.0287093284844352,-0.5338192635190835,-0.3736330743959457,-3.8193971364110313,1.8765555069878288,1064.0092836901256,1073.2640275637348,1056.3415506958977,1058.8930493515827,-383.3635462472861,-239.25433289499713,321.43613782806955,478.33607861860247,151.45284885092553
40.58,0.1309804926365078,1.0038981965202267,-0.595462228729218,0.0155304596112814,-0.0055806660724347,0.0316733677917199,0.0019826252774794,0.000864441761502,0.0317502832904033,0.9994931043494923,-0.0427519226171896,0.0075523690379733,8.900591297346725,-0.0221413868749929,0.0285254238363419,-0.5360786898521713,-0.3736870669971813,-3.8193182826194696,1.8752172205967168,1062.8863995666272,1072.745361022574,1057.0448140237754,1060.2151380704984,-511.86715475865833,-168.34067498598898,237.297136720978,571.1988425352308,151.4509784795945
40.5825,0.4677737104340479,1.009296694066608,-0.5470279065738601,0.0158526099143499,-0.0031689726782448,0.0305488239439512,0.0020489001706059,0.0008398835874766,0.0317404357459788,0.9994933303761464,-0.038596284636876,0.0093855394780839,8.906866956033449,-0.0226477903273708,0.0283335677931593,-0.5383150419392269,-0.3737496515167364,-3.8192408355035457,1.8738726882086691,1061.4499479163308,1072.4223241888046,1057.5280363795032,1061.7490435642603,-668.8081170372459,-99.52912661833037,172.90215597286328,687.5959789563815,151.4491570623285
40.585,0.8506563806617256,0.9703290510755704,-0.4696244013796349,0.01741526190287,-0.000100466733682,0.0295027892164723,0.0021129365345677,0.0008291747443307,0.0317263096283968,0.9994936793250158,-0.0334196395890153,0.0116239019503135,8.912901093348804,-0.0231215266188591,0.0281417895547095,-0.5405304902481135,-0.3738212676209004,-3.819165528565257,1.8725227708457324,1059.5423589814393,1072.247715389482,1057.90932480364,1063.6531179652823,-696.3592345749443,-30.45578563990644,117.2207990191666,679.8968937180961,151.44703100166288
40.5875,1.1385187711632418,0.9093205669858788,-0.3924691287639663,0.0196903355920601,0.0023077717781067,0.0286830143381624,0.0021710427930858,0.0008352983896291,0.0317085622594365,0.9994941355873868,-0.0273517455803245,0.0141894373537817,8.91864195496426,-0.0235417391391336,0.0279602641226371,-0.542727567150087,-0.3739011158567441,-3.819093189064239,1.8711680512178153,1057.9681517434594,1072.2700452606052,1058.1141403745985,1065.148528032848,-582.4157050736834,43.023758324466876,70.57056226918603,549.2477989177505,151.44531102487238
40.59,1.3750087602799135,0.8326687992739399,-0.3015224915683322,0.0227248110650399,0.0041752812351749,0.0277372926050417,0.0022219626008307,0.0008569823435304,0.0316943513722409,0.9994944737438576,-0.0204854536816881,0.0170292846537732,8.924044802989162,-0.0238935478614231,0.0277973938424951,-0.5449089435949828,-0.3739866847833818,-3.819024056197679,1.8698092011587095,1056.6302804560692,1072.4628341811044,1058.2621776149863,1066.3993569598724,-487.0028758665067,124.97097423100033,61.24540059392125,469.1430774024285,151.44364697347123
40.5925,1.5766472447004587,0.7380551155914788,-0.1747905749155733,0.0270614758771526,0.0054628508566615,0.026478933352352,0.0022649283084345,0.0008943868118063,0.0316848885854011,0.9994946552444174,-0.0129752188395612,0.0200830893436022,8.92907143457701,-0.0241635407789848,0.0276607250741476,-0.5470774285016621,-0.374077498245081,-3.8189589252154423,1.8684463880396331,1055.5331373641257,1072.8949001317603,1058.4203673775683,1067.4942434198613,-292.69645624694266,192.6075310896,56.59338712276312,322.77627089849625,151.4417169321435
40.595,1.6601613272700748,0.6611055272822506,-0.0576063234731869,0.0312666908228792,0.0062488316843186,0.0256045080528149,0.0022996247710342,0.0009454934203059,0.0316739995037613,0.9994948774156452,-0.0049668288171396,0.0232821984220109,8.933690830935296,-0.024344539665373,0.0275565362113257,-0.54923557046317,-0.374172199533737,-3.818898211734312,1.867079795281372,1055.166798174836,1073.4258718365516,1058.5451445505998,1068.0132383143634,-21.48825251232476,247.3885857879039,44.43749792815198,120.35956557668425,151.44016538015973
40.5975,1.640363303663417,0.5767919012126567,0.0590230453190374,0.0359353308605361,0.0076950764079668,0.0254549077179124,0.0023310465399828,0.0010082566293694,0.0316581561199581,0.999495242157236,0.0033748575149346,0.0266416117903361,8.93787809153593,-0.0244334669847197,0.027484326862623,-0.5513857908395622,-0.374268270926537,-3.818841236668104,1.8657086449411209,1055.425696101564,1074.1318430607007,1058.6425548672091,1068.096041247745,243.38298078956825,346.56528380142396,24.94092283071584,-61.60510123387698,151.4386735527277
40.6,1.490424732306039,0.4470454635614963,0.1760348375048313,0.0414899840254112,0.0104019977884433,0.0262780977040091,0.0023614095494887,0.0010802503526968,0.0316414789231817,0.9994956144762094,0.0118763729384898,0.0301187126607942,8.941614741978983,-0.0244315005419892,0.0274453725537117,-0.5535297642950494,-0.3743621978788613,-3.818785706474648,1.864331547487088,1056.3837130787845,1075.1586982555596,1058.6698491647535,1067.705212808194,430.4586910057701,399.24079940915294,-16.69107040012631,-216.6845684265051,151.43695252774324
40.6025,1.2667386180403453,0.3077092048525151,0.2398865241146717,0.0454813525180493,0.0127854359487059,0.0274207002713895,0.0023882967005172,0.001158969365914,0.0316245240535089,0.9994959834497295,0.0203572555658681,0.0335826470815163,8.944888478709675,-0.0243442301766463,0.0274438852730677,-0.5556683271455501,-0.3744515449171554,-3.8187304001828015,1.8629474936002528,1057.5779895565909,1076.1280470577447,1058.5590995152083,1067.0126184056135,512.0995968418009,396.96778726390824,-86.90844537795884,-335.85660079617,151.43557557700066
40.605,0.9612350827429194,0.1481583712822865,0.2603520169563925,0.0485225920208487,0.0140855890316516,0.0285111629873447,0.0024120213685509,0.0012386297376882,0.0316091085044167,0.9994962969378716,0.0287000857178041,0.0369485722681779,8.947692064500178,-0.0241846858548404,0.0274790805887922,-0.5578018694082623,-0.3745350856574657,-3.818673501868596,1.8615565322141427,1058.9442110629948,1077.14353719188,1058.2353069378635,1066.025929804212,537.0388059196083,399.15882781699605,-173.3503175215924,-425.4295770031246,151.43425697967055
40.6075,0.6102702719241396,-0.0045102431701756,0.2457585895192381,0.0506193507928496,0.0140247395247631,0.0293759309852986,0.0024390793289548,0.0013160595635447,0.0316023040228033,0.999496319551293,0.0367550698990924,0.0402468468930882,8.950021825549676,-0.0239659020200159,0.0275412918740052,-0.5599310620822353,-0.3746116298905393,-3.8186129555547055,1.8601586264520489,1060.2631835861903,1078.1238411968307,1057.6923479276,1064.8854705205968,477.8457454366416,364.3727468848869,-272.76464186559014,-467.78584446948827,151.43298555762823
40.61,0.2359287429775183,-0.116421744712742,0.1956557368461629,0.051333972838751,0.0125126716977701,0.0299363100726489,0.0024773424127777,0.0013858647140272,0.031617777535407,0.9994956069813512,0.0444303713570085,0.0435377844939272,8.951878066321274,-0.0237050456918451,0.0276177699440336,-0.5620566152590056,-0.3746801580245681,-3.8185474479717874,1.8587541288684488,1061.3334397901758,1078.965400926303,1056.8714837285368,1063.6870005818669,382.98413539617695,318.6233316694786,-416.60499370806576,-509.22697083712006,151.43176904340862
40.6125,-0.2010800305537474,-0.1786407622612496,0.1057497212960999,0.0507153149714499,0.0102043258269277,0.0303142621287507,0.0025300434723294,0.0014409697686744,0.0316609644824105,0.9994939885989138,0.0516826056301828,0.0468074269174713,8.953265512495395,-0.0234223535795925,0.0276992088679145,-0.564179203049953,-0.3747410217583915,-3.8184771487623808,1.85734429511832,1062.178104263172,1079.7169578551789,1055.6093229590588,1062.3393356664099,231.31252879586089,226.314269777388,-494.2892273941852,-461.55771723878416,151.43036958362848
40.615,-0.5322909242987323,-0.1728734414155626,0.0141090524619268,0.049327055989373,0.0090555581474319,0.0304339417868454,0.0025918512208197,0.0014767356467351,0.0317275778551434,0.9994916162670086,0.0584436670785009,0.0499028704120761,8.954193876560458,-0.0231352971185592,0.0277846959769418,-0.566299537603759,-0.3747961143940443,-3.818402869342645,1.8559307361436883,1062.4900024341557,1080.0969722751904,1054.4000375915643,1061.3792119956715,57.569644652228426,105.33178324390548,-491.9409503975584,-340.1659414778261,151.42925115605007
40.6175,-0.8114080490712988,-0.1294309772932113,-0.085986223248894,0.047390885187786,0.0093402310844771,0.03037396810464,0.0026601277811897,0.0014966509157192,0.0318121207379775,0.9994886618672723,0.064527408010367,0.0527389538837154,8.954676576582854,-0.0228509877384057,0.0278698821309115,-0.568419139817855,-0.3748472236888146,-3.818325279338755,1.8545125914137572,1062.465952486433,1080.243616771398,1053.1496182070732,1060.6385059590223,-52.720200167098234,28.619033949488415,-527.0149969089534,-279.4074117796567,151.4281792076838
40.62,-1.0743803927316309,-0.0602004498155789,-0.2055789672200992,0.044451845195263,0.0105691455155977,0.0300533039121685,0.00273444767779,0.0015041636946341,0.031912753104234,0.9994851794012773,0.0697762925947783,0.0552855866647025,8.95473081980426,-0.02257430543515,0.0279484639953445,-0.5705397513356782,-0.3748953115293782,-3.8182444008805407,1.8530897011502736,1062.2264014333205,1080.2400674449375,1051.764962607022,1059.9821749367748,-92.47922034228212,-13.344600282100595,-464.8694440736913,-213.92377391796768,151.42694283580315
40.6225,-1.2283695838523607,0.005993451425598,-0.2964826647133829,0.0414141859911874,0.0112443808999254,0.0295112618734941,0.0028095037961784,0.0015014921186305,0.0320230133594466,0.9994813888211412,0.0740769312040519,0.0574402772429072,8.954378374078797,-0.0223090291518426,0.0280203154132471,-0.5726627766330669,-0.3749433856494445,-3.818161566621277,1.851662586401788,1062.0035563847212,1080.1768937699871,1050.8252709867036,1059.5688870894319,-63.54413499258431,-17.65466670489338,-307.71471412406476,-156.06810140408217,151.42595132417054
40.625,-1.3126552544725456,0.0911428390420004,-0.3673211759739143,0.0378890966561797,0.0109311119191398,0.0285987348073957,0.0028774813422456,0.001494506307681,0.0321375465055038,0.9994774830903684,0.0772730757584595,0.0590722243868004,8.95364502657871,-0.0220518670942652,0.0280892787222341,-0.5747895032266657,-0.3749945911434996,-3.81807742281726,1.8502317431599824,1061.9086807583571,1080.1517941114132,1050.226389036401,1059.201834429754,4.671017784498573,10.67329966173081,-167.53277579988892,-166.95938467557147,151.42499659237845
40.6275,-1.3391609704000311,0.2303220885152116,-0.4171606244176521,0.0332134251513496,0.0101178285304894,0.0270739662831497,0.0029289506201096,0.0014967309555081,0.0322473735337337,0.9994737719428998,0.0790921694965621,0.0600393130238775,8.952560204330577,-0.0217883999742936,0.0281620235630531,-0.5769211282008168,-0.3750518329754349,-3.817993191034296,1.8487969528327648,1062.0269114736438,1080.230260268296,1049.987607107705,1058.7340901660548,79.225932502009,45.778934484700805,-4.383811118939351,-179.4709973838954,151.42388925995
40.63,-1.311933877677838,0.3775640013852072,-0.4237817271928654,0.0293966230473984,0.010073218615905,0.0255871410856049,0.0029579516365006,0.0015181314972016,0.0323413785361335,0.9994706276778093,0.0793475509062303,0.0602704338214468,8.951154913912566,-0.0215067709765402,0.0282427705147691,-0.5790583113681668,-0.3751157205912286,-3.8179099795654032,1.8473569772777867,1062.3048104208676,1080.3806887838368,1050.2044699808064,1058.304479442834,129.65461965543642,64.68408617698843,164.29056291522792,-173.90395774287043,151.42299531273224
40.6325,-1.2603440072925856,0.5424697954302519,-0.3943018394375351,0.0263859394571358,0.0111606884675058,0.0241606266864986,0.0029685131998147,0.0015508646816249,0.0324192439421279,0.9994680486758772,0.078197478889575,0.0598701840111618,8.949459097902169,-0.0212148048353086,0.0283267140804074,-0.5812008188637366,-0.3751838375940902,-3.81782780201175,1.8459102181041736,1062.6751845719211,1080.553680699181,1050.8090599222814,1057.86457037734,142.6558414936541,57.69389180714615,290.44636028469574,-168.19227701941435,151.4221274725553
40.635,-1.2128187463396696,0.705616109540865,-0.3408674304720828,0.02420957999958,0.0130092851905861,0.0229921590888767,0.0029647183882976,0.0015905596791505,0.032478471245411,0.9994660994892188,0.0757562383094709,0.0589517038020258,8.94750400443103,-0.0209169074182658,0.0284098627728133,-0.5833480614818553,-0.3752544646037168,-3.817747090487333,1.8444556054419832,1063.0180896283352,1080.6691582428723,1051.6567017822283,1057.4635180577377,105.3980960542419,13.769959833045736,370.0419875351071,-139.8100070580052,151.42127836724657
40.6375,-1.1932397586934291,0.8493230527962999,-0.2713578829800206,0.0225548725355958,0.0153729918763854,0.0221586571076468,0.0029502428786218,0.0016371547569052,0.0325157234362994,0.9994648755899233,0.0720789367189047,0.0576264228552512,8.945322248961382,-0.0206135760828086,0.0284893913798221,-0.5854993867681234,-0.3753273619143856,-3.8176687562490743,1.84299289057533,1063.2021750521928,1080.6225304983464,1052.659269859958,1057.1655203420496,21.653753796533984,-74.54513033863628,435.8233818927646,-101.06931803724652,151.42044825396408
40.64,-1.211881428494387,0.9856006451250388,-0.1895013640491129,0.0203277692960303,0.0182478992811955,0.0215216812322398,0.002932012910552,0.0016897649552029,0.0325342844294228,0.9994642560917928,0.0672566019963972,0.0560638842408482,8.9429470713561,-0.0203075164946932,0.0285595537725176,-0.5876544438549821,-0.3754015694922149,-3.8175931250495214,1.8415222812995935,1063.126358397318,1080.2964325911787,1053.8358186916935,1056.9581714675512,-83.57601333144301,-168.62932180185328,397.5385866449847,-55.48605389513385,151.4194693344625
40.6425,-1.2541156645348916,1.06390073032172,-0.137953041190895,0.0179008480365951,0.020633090519943,0.0213749944568947,0.0029188791590201,0.0017428103033902,0.0325451242275997,0.9994638723510026,0.061485171746484,0.0544642186863936,8.94041287483883,-0.0200084607395649,0.0286129729037917,-0.5898133448086122,-0.3754736997026195,-3.817518548321991,1.8400447563617988,1062.784294985536,1079.7793838893379,1054.646962793181,1056.888090072574,-191.7985544904624,-253.68448938512057,260.5007296789185,-21.410254990985734,151.41866439558737
40.645,-1.3013891496204246,1.1007718203769083,-0.1197577928503629,0.0147960417446574,0.0232141102984675,0.0216891432041561,0.0029150802357668,0.0017902823139758,0.0325477932111664,0.9994637385528272,0.0549837893146885,0.0529436567122997,8.937756973590153,-0.0197291693496399,0.0286470506427754,-0.59197677176017,-0.3755419927440712,-3.8174441401929857,1.8385628535544811,1062.1673656248652,1079.0280101442527,1055.1383223400887,1056.8511201925962,-324.82285531602184,-373.1200153978899,122.43577803836261,-29.424814774605192,151.41786642691906
40.6475,-1.3328247158912851,1.0910621676285603,-0.1458320265341738,0.0106661123259041,0.0266663056461328,0.0224382097978851,0.0029183676013829,0.0018331798468632,0.0325396918428189,0.9994639496311633,0.0478622101476008,0.0515037855153118,8.93502016065051,-0.0194756487917697,0.0286662478512864,-0.594146208915517,-0.3756059171756263,-3.8173699698515726,1.8370775749081036,1061.160180708955,1077.9137838123474,1055.2591416833732,1056.740965998701,-406.22339847387246,-433.33450153034687,-37.07921858898506,-62.305449552070336,151.41691188854853
40.65,-1.3177964338148058,1.0353660241837443,-0.2033354253728483,0.007231652421491,0.0296670658404168,0.0230608459601202,0.0029255232949859,0.0018749009370959,0.0325232748395621,0.9994644361193902,0.0402068288723516,0.050126819176522,8.932245674409735,-0.0192517240171716,0.0286760211645088,-0.5963238298941586,-0.3756648016722229,-3.8172957924659983,1.8355894841572808,1060.1362486324977,1076.861337636603,1054.952926247144,1056.539592944836,-441.529016179176,-432.47335562114733,-197.12720601686587,-105.10545464339054,151.4161152398143
40.6525,-1.2408587625801637,0.9331059177441718,-0.2765444532360742,0.0038181030556699,0.0325108306026379,0.0231538838475472,0.0029410193285662,0.0019083781330304,0.0325097819922715,0.99946482669026,0.0323144163462457,0.0489229007477093,8.929478279038761,-0.0190738093025372,0.0286730520608298,-0.5985121027773023,-0.3757167918386005,-3.817221141965153,1.8340993035054725,1058.952535628058,1075.7514170342406,1054.2735056532883,1056.2154387254839,-552.2232911109217,-483.1612982610097,-358.93995166806974,-156.0262112538223,151.41531301584308
40.655,-1.0616277468431203,0.7699470188260555,-0.3399318351240274,-7.680757370610283e-05,0.0353874462349568,0.0220694464680497,0.0029671052342845,0.00193261071141,0.0325046865412617,0.999464928909458,0.0243872787513238,0.0479629838016227,8.926765199977394,-0.0189509587085022,0.0286557099677588,-0.6007134494779514,-0.3757634774359797,-3.8171461604598544,1.8326066493584523,1057.3751321769416,1074.4455311452966,1053.1582264888027,1055.7594618885666,-598.2264958083745,-460.177416707402,-433.15481178468247,-157.2441006707843,151.414339572282
40.6575,-0.8346761107512009,0.6161778332290008,-0.3376729178410562,-0.0030875168096941,0.0368614787757832,0.0199517291675389,0.0029986798871057,0.0019533755520408,0.0325123889885293,0.9994645945554652,0.0165148519973726,0.0471877418109413,8.92415552297691,-0.0188825513333194,0.02863043338128,-0.6029295024103571,-0.3758077774928785,-3.8170713706583626,1.8311099463296037,1055.961403149019,1073.4505299507057,1052.107731594367,1055.4292182221307,-571.9636129410248,-362.54310275575887,-412.2026257347153,-88.98969381048111,151.41351688407948
40.66,-0.5311602255095726,0.4642332083455109,-0.2493355966867775,-0.0057858235971355,0.0371401835233609,0.0169429423043564,0.0030321107643587,0.0019747150926935,0.0325370746848198,0.9994636850190496,0.0088264221714142,0.0465602792001025,8.921698064051084,-0.0188681632399961,0.028601567374292,-0.6051609248145592,-0.3758515993437389,-3.8169963514889615,1.8296075070217248,1054.515314112235,1072.632815631517,1051.097213360128,1055.314513419514,-567.4087649960537,-288.2392114178291,-375.1937995714697,15.300871505761636,151.41268007553788
40.6625,-0.1782495668219673,0.3220001564910594,-0.0900242075536583,-0.0078896394714382,0.0370589504061505,0.0142590418605493,0.0030655930686044,0.0019984728155202,0.0325853709955746,0.9994619843296806,0.0014944306774162,0.0460725769356885,8.919440248380322,-0.0189077747398254,0.0285710240812802,-0.6074073065965025,-0.3758950522092788,-3.8169200881494914,1.828098511520512,1053.1243593240372,1072.0093338936158,1050.2317625965084,1055.5057225796595,-517.4720962044535,-196.51169449870983,-291.8114920086662,174.2873714610362,151.41183050944687
40.665,0.1998501715501325,0.1863389267821062,0.1202969424510994,-0.0083883134989969,0.0373336143085954,0.0137731524430121,0.0030970674056717,0.0020230691574423,0.0326572414014699,0.999459502566998,-0.0052517877474836,0.0457070853596572,8.917427379304204,-0.019003693980224,0.0285405665019231,-0.609667064572946,-0.3759393128081291,-3.8168424889712806,1.8265832886407405,1051.9279536312151,1071.6502571590242,1049.638155900086,1056.1859502768184,-445.86350397298634,-97.07356717694472,-186.63328233228188,424.7255168104503,151.41096501567876
40.6675,0.6218780197920964,0.01218750738628,0.3620060040045555,-0.0065310431784861,0.038122145113132,0.0163585159799391,0.0031255616706898,0.0020467472075895,0.0327451828858113,0.999456491679696,-0.0111895897433656,0.0454619011000203,8.91570095156215,-0.0191567580566946,0.0285101912422319,-0.6119377628757067,-0.3759845341712368,-3.816763483033238,1.825061391184133,1050.8950418041711,1071.5239660577308,1049.2985961848467,1057.6293501637128,-288.8802353369442,-0.7453624933983343,-63.39161635215928,625.4927602261415,151.40990823181295
40.67,0.9029293325666332,-0.155458066613898,0.5113247484390112,-0.0034582321959926,0.0388553376667142,0.0198575613819257,0.0031486125048407,0.0020712477480286,0.0328381731126975,0.9994533169369844,-0.0161762247751454,0.0453067271257943,8.914297353566234,-0.0193615336487562,0.0284814806654,-0.6142162656558771,-0.3760304535536116,-3.8166827848768614,1.8235314711926176,1050.4835524545297,1071.6465303465573,1049.3211978183251,1059.3134140779507,-55.27675300109447,86.20734573890894,62.69363746474728,744.2774307081382,151.40901325025564
40.6725,1.0735653860933791,-0.3510172660641187,0.589331449347535,0.0003581244722105,0.0392941820974558,0.0229533784647067,0.0031673668930798,0.0020953954341896,0.0329286428464578,0.9994502262488256,-0.0200374068151258,0.0452703928209418,8.913247156068296,-0.019613944499641,0.0284521193524784,-0.6164990273273249,-0.3760763363844434,-3.8166002963578447,1.8219932025749392,1050.618658039166,1071.9550027864248,1049.61206437217,1061.35073731725,183.96665097406776,164.6857307175718,172.13754185632132,928.1781063786435,151.40810511657904
40.675,1.1362933578701628,-0.6028422466703535,0.625001685623256,0.0052236937639933,0.0385202517247384,0.0252998727054919,0.003184522962372,0.002117702909363,0.0330119428571693,0.9994473695998746,-0.0226210566607543,0.0454053068274009,8.912574675673586,-0.019908013178717,0.028418491418594,-0.6187824540516592,-0.3761224468453365,-3.8165163577117474,1.8204464498185224,1051.4033857094005,1072.4699590001455,1050.1818855276072,1063.9543046098463,375.8094608723137,202.06578048213157,230.16019368826207,942.219214943152,151.40700259829293
40.6775,1.079703069408916,-0.804993510623023,0.6403924332223851,0.0090929479195434,0.0365543758851831,0.026020436514105,0.0032013300325124,0.0021358686916111,0.0330782811590692,0.999445074243642,-0.0237961774316669,0.0457322741330388,8.912298415107232,-0.0202367774528341,0.0283792812264029,-0.6210631299328488,-0.3761707024303497,-3.8164320501618887,1.81889158858032,1052.4977053435284,1072.965331688836,1050.762865340612,1066.0618333919683,496.8841782791941,197.9392562586308,233.7454945317256,790.5682448936573,151.40607499670887
40.68,0.9433204339541096,-0.971351400832912,0.6788475857382583,0.0122669080365598,0.0338814432198545,0.0259325618236509,0.0032202076280991,0.0021491169034539,0.0331185126709636,0.9994436420955723,-0.0234969364621628,0.0462886309327163,8.912430658313907,-0.0205892229827648,0.0283325173313557,-0.6233384522519284,-0.3762239125127914,-3.816348847289464,1.817329559408972,1053.887806600794,1073.4596552814376,1051.3506130002647,1067.9071458343108,632.9292018562527,200.30266055064232,235.61429474815273,722.6344524814272,151.405140328667
40.6825,0.7467887465509819,-1.1060156553873937,0.7698964263547765,0.0149019350247102,0.0304789094420089,0.0260352806109073,0.0032431328165406,0.0021577316633098,0.033130243700171,0.999443151658092,-0.0217179384787069,0.0470995522314736,8.912978396483888,-0.0209508263507623,0.0282778256597495,-0.6256068209678309,-0.3762854038917166,-3.816268451752785,1.8157616054940413,1055.6623513528068,1073.9668449915885,1051.9409368143515,1069.675005654372,633.1651149541757,160.66244212071035,181.82974312007687,566.5533161590986,151.40401295918835
40.685,0.6056045101367018,-1.153047813341642,0.8731298316961033,0.0160527019612464,0.0275521411196488,0.0270657237280043,0.0032733236636539,0.0021596900676352,0.0331231598828144,0.999443275626362,-0.0184543110191169,0.0482062100780385,8.91394446287493,-0.0213083583395053,0.0282145131885942,-0.6278677190248065,-0.3763542487720032,-3.8161913742716247,1.8141890737861108,1057.0536321755667,1074.2629674920415,1052.2597617158656,1070.739912415108,501.8186224801573,84.29636493438245,80.14816333375613,347.3463859222689,151.4030704067952
40.6875,0.5448107990604361,-1.1241055873909238,0.9713132406986164,0.016140028018202,0.0245212266534662,0.0293887482298877,0.00331126738646,0.0021594833330529,0.0331036551580884,0.9994437883241646,-0.013862263270599,0.0495980473982591,8.915327652133428,-0.0216406411344731,0.0281451480406121,-0.630121817022797,-0.3764292477895829,-3.81611740359372,1.8126136460471087,1058.1714444652089,1074.3883268162604,1052.3416776310207,1071.4117375839844,382.9371112847484,22.19799081464971,-7.985017108429006,216.1381153402691,151.40212669855208
40.69,0.5828469395391656,-1.0293292196479327,1.034479602177303,0.015604163705665,0.0214916868428401,0.0327025112396143,0.0033533105185815,0.0021648644429327,0.0330754180794547,0.9994445630948782,-0.0081999311917515,0.0511858836152101,8.91712445776755,-0.0219233685917787,0.0280771407584432,-0.632370481738035,-0.376510130299513,-3.8160461412827136,1.8110361410630091,1058.9683177319887,1074.373957446115,1052.2198366303235,1071.8206029918083,233.60778288271703,-28.94580395994464,-90.82916401512092,119.76053166652731,151.40118353985173
40.6925,0.7550986629586633,-0.8575988822089413,1.0260947871748,0.0150569481690601,0.0184605760994867,0.0368195240090002,0.0033971292553277,0.0021834550214546,0.0330436042945027,0.9994454228594982,-0.0017595398886254,0.0528983009496132,8.919329497121424,-0.0221341529362983,0.0280158486570552,-0.6346154644230492,-0.3765959588786277,-3.815976809162208,1.8094560156734003,1059.339483379623,1074.2435977964608,1051.887531810945,1072.0105402423171,76.65525294779115,-56.4048833647287,-177.07454600304155,56.80774471940644,151.40024288972785
40.695,1.0968792871064987,-0.5782737120921002,0.92162135939712,0.0154773923930433,0.0149420396442761,0.0415935645297628,0.0034435209386005,0.0022159758481043,0.0330192898227503,0.9994459958151728,0.0052602078820894,0.0547106921818222,8.921936108516755,-0.0222616663081515,0.0279624628112389,-0.6368581919346094,-0.3766833701835435,-3.8159084346177585,1.8078718465653023,1059.3515939967278,1074.091933029291,1051.3344639003078,1072.1046417154055,-45.382710382541866,-25.905965699872382,-212.4813895286593,24.191161371276568,151.39911966090156
40.6975,1.45151037771973,-0.3101615386795624,0.770762282937453,0.0174849732901848,0.0129333001491326,0.0441170694598331,0.0034904929713879,0.0022623698625739,0.0330057856592255,0.9994461775180896,0.0126469968648608,0.0565436793705514,8.924935968435932,-0.0222989826914118,0.0279203877707997,-0.6390993513351458,-0.3767711599357282,-3.8158402782618808,1.8062834421932168,1059.1125698277103,1074.1140679679615,1050.8251248633023,1072.1314960491736,-111.42625507076202,77.34244547678509,-196.0491924320556,4.552960907265004,151.39819052381495
40.7,1.804100718048692,-0.0538248058790663,0.589214245413967,0.0217317473495006,0.0129363686689468,0.0442080610850732,0.0035326712077513,0.0023215786240816,0.0330002033425244,0.9994460848732208,0.0201862620042112,0.058254425656078,8.928318555784713,-0.0222438893460118,0.0278960491316884,-0.6413386004549649,-0.3768589962756769,-3.8157708154623657,1.804690789698918,1058.7944627213735,1074.4786452566752,1050.354217938147,1072.1274065199418,-117.25332440535936,273.2445404806152,-184.32891618776583,-15.570464717021643,151.39727164876518
40.7025,2.1317612285697436,0.1788599195480324,0.3660996753871277,0.0290827817645597,0.0147882876180961,0.0430074590539306,0.003567901104621,0.0023900828192028,0.0329981817896166,0.999445879705982,0.0276997584765271,0.0597556055447997,8.932069240667934,-0.0221007670819291,0.0278908499996926,-0.6435746739836259,-0.3769457903335216,-3.8156983536782576,1.803091881646268,1058.5263032056835,1075.480290670365,1049.9034802823633,1072.0536437255885,-57.03130399543355,470.1845130790572,-141.84199694790715,-48.82249119150294,151.39618500502922
40.705,2.2698250007977685,0.2783666625107652,0.1717763122593048,0.0362100466328399,0.0167609154882969,0.042849318867607,0.0035992181789399,0.0024562351965486,0.0329987838469709,0.9994456073562864,0.0351568784099604,0.0610488961479527,8.936168001534293,-0.0218876212146539,0.0278993509662029,-0.6458052119431223,-0.3770297699250733,-3.8156210604078207,1.8014849870135003,1058.5093062013968,1076.8295678220684,1049.645007953408,1071.8832940639843,49.2352302351922,632.1829289485726,-80.50791019059463,-105.94465279122268,151.39529618386055
40.7075,2.2296784031874592,0.2656125427796428,-0.0610916132753377,0.0435253269907172,0.0185318820275341,0.0445672696785233,0.0036324865603937,0.002514605564742,0.0329974131019977,0.9994454066921906,0.0424245871978649,0.0621925226436801,8.940587958792996,-0.0216177052766656,0.0279118048692129,-0.6480275294926959,-0.3771106705884612,-3.815539981417893,1.799869872360569,1058.7724793568595,1078.6412053151098,1049.50094073141,1071.523920461632,151.26783038137083,771.6728955790729,-43.701728305928015,-185.7135936396349,151.3944291657874
40.71,2.0372749053460035,0.1652664984507608,-0.3450756178004263,0.0507907987627151,0.0200350843753655,0.0471294325874415,0.003672406564668,0.0025641528632833,0.0329929023529744,0.9994452983349335,0.0493057066988877,0.0632299005469251,8.94529601233261,-0.0213007145296236,0.0279202525222543,-0.6502386794367813,-0.3771875008611395,-3.81545749682232,1.7982475003250356,1059.265645353304,1080.6879322999655,1049.4264993118784,1070.9547260957859,241.87821556901497,822.5172528398366,-22.133380263150805,-285.8715261279357,151.3935838734508
40.7125,1.6870309125258571,-0.0181835512709311,-0.679356753421107,0.0570767163524266,0.0207723610802212,0.0484414279864524,0.0037204699538203,0.0026080359405649,0.0329866334822994,0.9994452213830116,0.0555473242495893,0.0641533804302881,8.950253363998172,-0.0209423750426364,0.0279215020162781,-0.6524356673857973,-0.3772592175278113,-3.8153753029225568,1.79661745146359,1059.9818704347035,1082.7537915793052,1049.3902738300944,1070.0945628309937,342.89475823798705,839.0023072608328,-20.675330360416748,-444.5267202027025,151.3927694699449
40.715,1.155961837519309,-0.2909446300759824,-1.0703330963790156,0.0614809474775786,0.0202537319234641,0.0460462115428851,0.0037767630148546,0.0026443480997583,0.0329826703467972,0.9994450452792528,0.0610128632125848,0.0649312810962808,8.955415582272241,-0.0205559071505419,0.0279152579496739,-0.6546154477332841,-0.3773246044670086,-3.8152946474598743,1.7949798610987766,1060.980119144495,1084.882943836272,1049.3231226600763,1068.7320924947712,366.6916878833888,675.7434118273248,-38.94195006749041,-544.4609171498939,151.39183360957887
40.7175,0.6883685041370011,-0.5269851600855918,-1.3191931298254742,0.0619477136063448,0.0186633878079481,0.0407550184529303,0.0038425191844736,0.0026677930464742,0.0329827108498871,0.9994447238816578,0.0656572854220601,0.0655553019337065,8.960732459115386,-0.0201595996228566,0.0279002689569386,-0.6567754561804642,-0.3773840594967279,-3.815216955295605,1.7933359668523228,1061.8153288741214,1086.1325086384436,1049.1955640797569,1067.3722582452428,304.94539364558926,356.4350961767163,-78.65622398610746,-567.5763946531948,151.3910917798992
40.72,0.2621881353877984,-0.7364486951242344,-1.4263816639639624,0.0604098870634831,0.0161114558448607,0.0343351373997538,0.0039173956399629,0.0026735165544794,0.0329903413306549,0.9994441546187364,0.0694601145836239,0.0659944974626673,8.966149401070604,-0.0197707004584006,0.0278774776157244,-0.6589138495585118,-0.3774400061694432,-3.8151428664974674,1.7916864717800016,1062.5048461127215,1086.665119317154,1048.929841540146,1065.8942105215078,236.6661675918448,62.733375324491774,-163.50310626140347,-641.1322512596047,151.39039284436797
40.7225,-0.1693218306666111,-0.933418605460608,-1.3779103673578457,0.058427247837376,0.0124857804459219,0.0277572049595314,0.0040010607455191,0.0026656534622064,0.0330090507332338,0.9994432125424968,0.0722741887483892,0.066229641373534,8.971608667727464,-0.0193937632984505,0.0278469363099821,-0.6610300213671682,-0.37749496952797,-3.8150708505086377,1.7900321173158873,1062.9986597120812,1086.4461755150662,1048.3780485484494,1064.1665969889432,107.12261719035244,-204.66843157044863,-249.72297654845488,-598.1522744138724,151.38960661712403
40.725,-0.4698248536359005,-1.049531009708797,-1.2170194740268776,0.0574454686408393,0.0095999103177124,0.0238145566372528,0.0040905998077144,0.0026504644190199,0.0330457886435468,0.9994416631960223,0.0739473281469597,0.0662032954819751,8.977051143551382,-0.0190290179666234,0.0278112282275845,-0.6631241253169656,-0.3775493809932782,-3.8149982536571714,1.7883738259608275,1063.0404591986735,1085.6417771593012,1047.6812266574032,1062.9034491494367,-68.75559487963869,-407.43318942800886,-331.43704506686066,-443.3449280217641,151.38899661276295
40.7275,-0.7346459816819403,-1.1256493713786355,-0.9878292382681092,0.0571028371641299,0.0072426660682545,0.0215610227662729,0.0041802495451279,0.0026319181646429,0.0331012590251617,0.999439495689665,0.0743994666074746,0.0658141184237252,8.98241744231041,-0.0186787974914525,0.027775499706224,-0.6651967334874923,-0.377604225167587,-3.8149234810719217,1.7867128208167262,1062.6548817376831,1084.409009567928,1046.7208633231166,1061.9498723488364,-255.65266049098332,-578.9794876318177,-474.293287999929,-336.9491734809894,151.38843442164236
40.73,-1.0318159087490624,-1.1851984148458818,-0.7046286296312949,0.0564529539011494,0.0046892362579509,0.0204975173817939,0.0042650682816409,0.002608749848164,0.0331742659286166,0.999436771670524,0.073676662128771,0.0649814122106979,8.987648216336881,-0.0183515332045419,0.0277431042228104,-0.6672486413546144,-0.3776600657607033,-3.814846026606275,1.7850495694224207,1061.762195896218,1082.7468797211407,1045.3097602174023,1061.2187032820311,-373.46592835714546,-596.8920702791495,-543.9296999650596,-205.0591402019424,151.38781511578975
40.7325,-1.2581457555241584,-1.2125622068242807,-0.5028780418114708,0.0545116190045069,0.0023631064415261,0.0205748641448827,0.0043419309783626,0.0025860982604105,0.0332644869060811,0.9994334989961486,0.0717408071810521,0.0636702230798963,8.992685443143415,-0.0180463776047324,0.0277141791658983,-0.6692810036220471,-0.377715801985614,-3.814766269249023,1.783382116499374,1060.7875520958967,1081.4245492165307,1044.00121482329,1060.924576647826,-392.8811513168447,-476.81219613034654,-521.6354311677802,-73.01317993567228,151.38734454101885
40.735,-1.4376660201966982,-1.2119760546760503,-0.3630530704930412,0.050492279162547,-0.0002676024662642,0.0210826825827246,0.004409595296635,0.00256490199746,0.0333700870448326,0.9994297402838273,0.0686570625646931,0.0618865748977192,8.997472995767446,-0.0177676163218824,0.0276862422025792,-0.671294652612274,-0.3777705924362597,-3.8146843722451584,1.7817091627417518,1059.7977901396355,1080.362818740491,1042.7015830615655,1060.853637382353,-361.11894205878053,-365.1909042764096,-492.7712240877306,-13.460777642096607,151.38692023029984
40.7375,-1.5588797935776286,-1.1793473282721132,-0.2749975825577588,0.0454733718030949,-0.003230921480628,0.0214673324361038,0.0044664586414201,0.002538889229433,0.0334832123093474,0.9994257774012576,0.0646433337422883,0.0596351553956563,9.001957999455977,-0.0175290115462825,0.0276574485679752,-0.673289827355145,-0.3778237836535324,-3.814601071875449,1.780030258868267,1058.9819573856018,1079.5985946951475,1041.53735870285,1060.8572727596156,-246.74291043148625,-231.72757204053565,-403.21228182558406,-8.511548440806305,151.38653378702534
40.74,-1.6027570777718945,-1.0962140029626193,-0.2296913952780111,0.0405070307115623,-0.006487594492494,0.0211730382519715,0.0045103976274984,0.0025061212508724,0.0335970388885563,0.9994218506650272,0.0598598363861803,0.0569216448798222,9.006092204339163,-0.0173378332091524,0.0276268229563843,-0.6752666985989325,-0.3778753613274004,-3.814515721504245,1.778345217106165,1058.5640755874774,1079.2041808802878,1040.6855216524368,1060.811079640149,-66.01236228963536,-105.0689262980132,-272.35325001849776,-59.65304056076971,151.38619283923637
40.7425,-1.5823830512354555,-0.9295576790660824,-0.1864340437807598,0.0354643882115818,-0.0099221280899858,0.0197205928223165,0.0045424786249623,0.002467995530698,0.033707169548862,0.9994180992216274,0.0544252916404135,0.0538174123687991,9.00983222116275,-0.017196035266352,0.0275895717663862,-0.6772256953737953,-0.3779248575780247,-3.8144280164257016,1.776653130584967,1058.651895574154,1079.073250063658,1040.1755924527588,1060.559007556812,128.80505368787345,-13.603261488254796,-88.85647973255696,-134.3664089206726,151.38583663915966
40.745,-1.527638314626344,-0.7356320167241353,-0.1347239203992163,0.0321831425846728,-0.012038313246432,0.0178683141031677,0.0045660742241637,0.002424823858579,0.0338129087196005,0.9994145327408004,0.0484918145446981,0.0504392115670418,9.013140709838698,-0.0171058374130051,0.027538765331122,-0.6791675559985351,-0.3779713297788047,-3.8143370281698776,1.7749535440459188,1059.2081008559162,1079.1361645728466,1040.2412392537744,1060.1392475955463,298.94317803007823,28.944755101505248,130.133532954166,-207.07472067386652,151.38558457055066
40.7475,-1.4608294916852151,-0.4900012252718167,-0.0554030252186314,0.0295835013407469,-0.013572590344909,0.0163478029477443,0.0045830654923451,0.0023791532836226,0.0339085480340102,0.9994113338084458,0.0421778100759023,0.0468809436996955,9.015988123187665,-0.0170652520483545,0.0274703730219709,-0.6810935939506509,-0.3780160796621084,-3.8142432413207255,1.7732473389877812,1060.1466114643051,1079.2179738391656,1040.82626011753,1059.523633953442,456.77499181555777,7.217008983840005,363.3707794205708,-295.1868607604719,151.38538022100127
40.75,-1.3835887411194328,-0.1440400514184471,0.0559899171560137,0.026566892244773,-0.0149074524698769,0.0160631845203086,0.004593119108922,0.0023376825653157,0.0339842802614795,0.9994088243239768,0.0355287728540078,0.0431989377135142,9.018353714003648,-0.0170650352797061,0.0273846323717432,-0.6830060473085529,-0.3780623475093256,-3.814148829830671,1.7715362799475014,1061.4919758149952,1079.1722496177658,1042.0580931508782,1058.6633132917432,494.6003535338556,-56.85543313680396,520.468649788309,-314.4659259703662,151.3851922297657
40.7525,-1.3210081171608852,0.1775349005572484,0.1400448884523187,0.0237042672697966,-0.0154361217361074,0.0170311792996178,0.0045953010632918,0.0023043600195537,0.0340371763908321,0.9994071023280936,0.0286390695231991,0.0394340824453671,9.020226438993923,-0.0170974632663297,0.0272848514067003,-0.6849080574196523,-0.3781121672502216,-3.814056518266268,1.7698220995870615,1062.619613231972,1078.933696673482,1043.4286033664691,1057.9513043235916,415.357712323172,-144.31611217848405,589.7483238079697,-257.452743129402,151.38508513450256
40.755,-1.2490335217662976,0.5152043029836652,0.1927033085550188,0.0203725577955503,-0.014820769537244,0.0183361960327561,0.0045906792787199,0.0022752543428582,0.0340698932206085,0.9994060852942032,0.0217419171457713,0.0356537634741189,9.021606052005945,-0.0171640031986559,0.027173972289207,-0.6868035110636951,-0.3781652250358857,-3.8139685213037526,1.7681058585950427,1063.568764376612,1078.450669056873,1045.0068347699196,1057.3760495760955,345.83801640065343,-265.1452885027546,707.5337866659102,-196.2261876455974,151.3850318488269
40.7575,-1.1377827630067183,0.909716545982342,0.210828404843227,0.0162023850372702,-0.0123815998305476,0.0196776031736206,0.0045852956503539,0.002244966324071,0.0340881872221689,0.9994055651643275,0.0150919925278934,0.0320079354553987,9.022503440416994,-0.0172674548405069,0.0270496429463978,-0.6886970977210312,-0.3782200560749591,-3.813886277357528,1.766388086940467,1064.3488033139763,1077.6079702309676,1046.9662722998005,1056.9701733853633,214.16386688685105,-345.1341942883074,709.1913019312499,-89.71653918373678,151.385032519667
40.76,-1.0204987175105527,1.2088949031773453,0.1927587263166604,0.012988530302687,-0.0092343426753748,0.0204485232786334,0.0045830100590296,0.0022178134361596,0.03409768557155,0.9994053240753498,0.0087562860806432,0.0286058916788144,9.022940701172239,-0.0173968474184627,0.0269126712110014,-0.6905938780564936,-0.3782769193950495,-3.813809901430332,1.764668821984965,1064.6395837110451,1076.724998085433,1048.5527912795726,1056.9274668801772,39.98901779862309,-379.1521238946068,610.6546086267886,48.21605729405098,151.3850883721069
40.7625,-0.8836734740647476,1.4609891983924974,0.1531130059662124,0.010574344486514,-0.0057052706264189,0.0207636704476804,0.0045849245888175,0.0021997116136159,0.034102291757415,0.9994052123732042,0.0027579330375199,0.0255003968918155,9.022950913334336,-0.0175389111441955,0.0267673801426467,-0.6924984670611987,-0.3783359840577825,-3.813738531392248,1.7629478078177137,1064.5487484029695,1075.7122096114936,1050.019545342936,1057.2112536718337,-92.57780009106494,-417.733351657912,562.7664130193201,163.17164242255623,151.38520298252695
40.765,-0.7404018150487097,1.6680981694636667,0.1066636355276159,0.008866795059385,-0.0020395712583951,0.0207658642251373,0.0045952492022031,0.0021898172340725,0.0341036796385854,0.9994051560459404,-0.0027708909535338,0.022788667727834,9.022577463596877,-0.0176902786409574,0.0266131507978675,-0.6944145649033289,-0.3783960292425532,-3.813670129656856,1.7612232877504144,1064.1766947105896,1074.6363313271424,1051.3666233446706,1057.7433250922904,-201.2771903197984,-435.0570013900642,509.81614719504233,259.9530622314068,151.3853670663539
40.7675,-0.6006482219665767,1.8159923452875328,0.0623423170944004,0.0075691738282709,0.0021764368789121,0.0205948391449178,0.0046144706799272,0.0021857682469375,0.0341052948592419,0.9994050403274044,-0.0076886202153461,0.0204938771669564,9.02187306718912,-0.0178499720869409,0.0264532397896301,-0.6963444764813272,-0.3784551005675161,-3.8136024423369346,1.7594927885326104,1063.5423624513714,1073.5369246045452,1052.568626078909,1058.5110189829895,-316.2636340154878,-474.4242984798649,497.9316573976757,370.09636504543937,151.3855913830171
40.77,-0.446433042774345,1.9186672197651604,0.0181849084742091,0.0060572540854336,0.0080549802659777,0.0203681671210892,0.0046391887072546,0.002190426906575,0.034106182653292,0.9994049044567894,-0.0119666489403819,0.0185677387762898,9.020897145130089,-0.0180103586368029,0.0262942625995583,-0.6982893506916286,-0.3785129735653445,-3.813534994437944,1.757754520548718,1062.5953765405116,1072.264209834742,1053.8562816316603,1059.5938069175184,-361.3314469986533,-445.69240128830575,449.6784901778911,406.73546906334303,151.38593051807197
40.7725,-0.3341567501079075,1.9407279821640728,-0.0109165876425304,0.0048637503049164,0.0132143380726506,0.0202257649264791,0.004665183236676,0.002202646943603,0.0341050877548005,0.9994048098446416,-0.0155211285936104,0.0169426530466344,9.01971475192816,-0.0181696713986598,0.0261425041900305,-0.7002492808089374,-0.3785702003824737,-3.813467359982873,1.7560088734203678,1061.7357052163773,1071.3084625981023,1054.8170185297995,1060.5446963283073,-341.4584705962092,-341.23596143707914,366.67889539991546,373.36978711289106,151.38627135603016
40.775,-0.2468829784188382,1.9038614751008331,-0.035501009912573,0.0042606064693886,0.0181718821527242,0.020155887724663,0.0046900190654189,0.0022225015970461,0.0341041420949442,0.9994046921771836,-0.0183057516629792,0.0155846624352088,9.018393905797167,-0.0183244506366316,0.0260002103087963,-0.7022240269528826,-0.378627024378027,-3.8133983860773726,1.75425622713811,1060.888084187532,1070.558030027558,1055.6896761086582,1061.460655853081,-356.31778376823564,-258.68271855429566,371.1854791296366,384.4056032259084,151.38667218474933
40.7775,-0.1820620548378693,1.8093687678282109,-0.0655632613457624,0.0045648690378105,0.0237487904620042,0.0201426256523229,0.004712026935088,0.0022516839374856,0.0341086902355066,0.9994043706424584,-0.0203195619617964,0.0144775730458946,9.01700378937939,-0.0184687488836097,0.0258671264869465,-0.7042133269048864,-0.3786831867812496,-3.813326627457173,1.752497755447264,1059.9541162975352,1070.0150490053304,1056.6729459254486,1062.4667243444378,-322.8754193835979,-124.93481958902495,354.0882779197553,352.93353203010287,151.38722155867856
40.78,-0.1633819527562488,1.706012254005821,-0.0946104183734918,0.0054528962127227,0.0278473985817805,0.0201622798720212,0.0047294294382714,0.0022933848992638,0.0341189471162348,0.999403836477864,-0.0216050210712098,0.0136079546605486,9.015613090620967,-0.0185945555308854,0.025741725262076,-0.7062170668697725,-0.3787401288834996,-3.813252112172112,1.7507348878207531,1059.2737070906132,1069.9333559296126,1057.460117498258,1063.2253235132328,-249.96242912279735,51.76815216919,308.5305879830307,293.8979724801301,151.3877353364694
40.7825,-0.1666215073916397,1.598645840347322,-0.12932792068426,0.0061918540418434,0.0313445974307135,0.0201605906579953,0.0047407698723954,0.0023500830179956,0.0341332907458359,0.9994031446618412,-0.0222075374008257,0.0129729292136593,9.014288640724748,-0.0186946467556546,0.0256212793020624,-0.7082352451665131,-0.3787993240447131,-3.8131748609474903,1.7489686360340155,1058.7043041519223,1070.273889766176,1058.2155988653624,1063.9362142068371,-228.0800555606417,236.8422696297028,316.6019797188909,316.32032283070845,151.38830562919168
40.785,-0.153319612374406,1.4845167280105311,-0.17425666130254,0.0060242900141668,0.0351295559713393,0.0200453821388964,0.0047485882064209,0.0024217328616715,0.0341520469576364,0.9994022705302746,-0.0221401214906609,0.0126460684643926,9.013093803277181,-0.0187652484264449,0.0254973536689095,-0.7102679331727776,-0.3788612759495388,-3.813094879152535,1.7471987959068676,1058.1333068128095,1071.1175672777615,1059.0431273968532,1064.806925127387,-195.47457876878076,360.3984358044247,277.9840991450725,333.5779360025866,151.38905302642712
40.7875,-0.087179951595454,1.4091254466453091,-0.2082310536895999,0.0047873112025672,0.0380598100608147,0.0197742929488579,0.0047546847962367,0.0025088945680753,0.0341801291635504,0.999401034666533,-0.0214420581560853,0.0126937299988527,9.012086651602113,-0.0188015032658064,0.0253629138380763,-0.7123149376893791,-0.3789242993974327,-3.81301203986618,1.7454249772618473,1057.726931258078,1072.0758819451992,1059.6055193610885,1065.604103886851,-154.4789048505249,399.6274568885379,179.29153437883477,342.97912983033075,151.38972641680553
40.79,0.0787553364115324,1.354332963774262,-0.2274793958750725,0.002645231882958,0.0407733001310556,0.0192215305158852,0.0047601000665538,0.0026114381355329,0.0342182586937286,0.999399406745976,-0.0201545574085337,0.0131715218693256,9.011318435536529,-0.0187999987415109,0.0252125597795534,-0.7143755514121471,-0.378987524465616,-3.81292687653746,1.7436470395510153,1057.3609122885575,1073.1157045622026,1059.9395850687465,1066.5218207765372,-142.92313312477708,400.5370230569266,80.8166098038369,388.12189282624024,151.39044955824414
40.7925,0.3408717923359642,1.3098603880346407,-0.2250824107918554,0.0001909320930279,0.0431304559136978,0.0183859342044475,0.0047675449173364,0.0027244216459618,0.0342610622418942,0.9993975686131256,-0.0182438918965899,0.0141632235721676,9.01083227238585,-0.0187649391964366,0.0250396269408825,-0.7164483459287438,-0.3790513250792975,-3.8128399430904465,1.7418647998468308,1057.0123155924537,1074.0785670604848,1060.0096024101078,1067.544713350983,-135.29348100898815,340.032319398332,-50.66616120127173,427.96371177374493,151.39121167553137
40.795,0.6968016816640361,1.2589156753732407,-0.1877130180850569,-0.0013004489369687,0.0452186885561544,0.0172515800219574,0.00477668583978,0.00284557136405,0.0342993078464831,0.9993958425106322,-0.0157378418536364,0.0156980061413829,9.010660651915266,-0.0186971397035713,0.0248430071853165,-0.7185310916352884,-0.3791164806437403,-3.8127527853694247,1.740078293002139,1056.6844448835122,1074.8158661591951,1059.68625426274,1068.661639335407,-134.19253362888793,258.5159572463076,-244.53002008548947,496.9728041997287,151.3920180494642
40.7975,1.1489259302541852,1.148449328353862,-0.1005871419648035,0.0005553817165662,0.0485355475026057,0.0158744463672128,0.0047852184516326,0.0029765990576052,0.0343276711430066,0.9993944160470362,-0.0127474522976785,0.0177680981772221,9.010823746476952,-0.018591763723413,0.0246261316601034,-0.7206207391458329,-0.3791832850695698,-3.81266677980516,1.7382866881717098,1056.3413529243098,1075.3711468467152,1058.7869523096815,1070.0295773719795,-110.69362706138028,155.18407814821575,-415.3502617567632,491.2494809983616,151.39303378529755
40.8,1.4615231027888684,0.9770325992540462,-0.0016015187010847,0.0060048009246153,0.0526355726356433,0.0152520971984807,0.0047922735655797,0.0031149780103924,0.0343477845527036,0.9993932425738876,-0.0093152368408967,0.0203815485761817,9.011329140087577,-0.018450275863577,0.0243926566257793,-0.7227132086736736,-0.3792497435589048,-3.812581600814086,1.7364882615813784,1056.130976748205,1075.5917865499366,1057.6095029539551,1071.1178867404,-59.21299941107162,60.692693861315874,-550.0226549318455,406.7925662591471,151.39391844704727
40.8025,1.6204561122685892,0.6894891165078842,0.1034663809422556,0.0135321292937468,0.0571952385209038,0.0157265599042352,0.0047989955055885,0.0032575487857836,0.0343594405786082,0.9993923332181236,-0.0054780280534846,0.0235703562342717,9.012170387462215,-0.0182759034528246,0.0241450005335499,-0.7248036772172176,-0.3793153532660455,-3.8124968802894257,1.7346820527908833,1056.0452879272543,1075.674610316022,1056.0368390350209,1072.0635402032763,0.3930672929076473,39.6624277891439,-760.0505682016411,367.0442533098749,151.39484101660238
40.805,1.5972203998771106,0.2143279887300973,0.2104182075321865,0.0214918418439579,0.0608817072216524,0.0170458612143663,0.0048058864454527,0.0033959865554277,0.0343632109291195,0.9993916934119728,-0.0011852649690502,0.0273366538020863,9.013327431628362,-0.0180798703205017,0.0238884436709752,-0.7268865873367703,-0.379380189876214,-3.8124139160083255,1.7328678809893407,1056.1329420846696,1075.790098688882,1053.8092501129504,1072.9531080069476,67.56073118191813,70.89152655218722,-850.7072136358154,278.85692826896855,151.39599045808356
40.8075,1.4193920760675915,-0.2548596003335175,0.2720835005446536,0.02618369788828,0.061453420987494,0.0182178982275378,0.0048144372600416,0.0035248498188409,0.0343642074893338,0.999391161259582,0.0035588620005411,0.0316842886164762,9.01476575335985,-0.0178695166382861,0.023628384566215,-0.7289564466725424,-0.379443137944865,-3.8123344828336654,1.7310451767576436,1056.3830915831636,1076.0290679487823,1051.7833029668457,1073.4578248446198,135.3263390326664,152.16358578565124,-815.690600403733,152.04423861265647,151.39698292955532
40.81,1.1327233790504412,-0.7368187668321279,0.302691288315419,0.0288682552440334,0.0594612422857696,0.0191694812342415,0.0048276217555656,0.0036387752992191,0.0343694874310035,0.9993905032592384,0.008748013800585,0.0366235302832078,9.016437711965056,-0.0176523118630524,0.0233692852701432,-0.7310082110693649,-0.3795034230167255,-3.8122593995350527,1.729213936584804,1056.8095737798333,1076.5509166178108,1049.7307971109296,1073.7133292000115,217.66067746455295,315.65655949041,-877.7316921747625,61.913118395309695,151.3980109306011
40.8125,0.7352854730064011,-1.2585605845542522,0.3096797613053365,0.0303056125155362,0.055046083829486,0.0200276130688813,0.0048452936101674,0.0037384740282721,0.0343769858078724,0.999389792464458,0.0142639974243217,0.0420903840573603,9.018284333655656,-0.017427158209669,0.0231200967649039,-0.7330377922399265,-0.3795629401140101,-3.8121890216207936,1.7273751823314452,1057.4713949704867,1077.6073507462352,1047.3946445059696,1073.7673904365963,253.7464997481072,462.59881408274174,-818.4643985588251,-12.419079187168265,151.3992856949311
40.815,0.4025782766672156,-1.6085711503572575,0.2969127439138007,0.0305361108055114,0.0502149920686474,0.0205776233512302,0.0048614579039183,0.0038274409556388,0.0343802399356236,0.9993892739121292,0.0199356261448653,0.0478958636233263,9.020238838478319,-0.0171885234074245,0.0228980607396984,-0.7350422423489142,-0.3796243882428698,-3.8121234774966606,1.7255301679021595,1058.0783062785727,1078.8639106882224,1045.6384751181392,1073.6512338040757,231.8394144080408,568.116071130162,-652.3545697682794,-63.62904426438418,151.40038261904422
40.8175,0.1009114532457127,-1.8488541200980215,0.2705286054291125,0.0302671514842456,0.0447395063852015,0.0210462199819485,0.0048718361453297,0.0039100886518212,0.0343779440378934,0.9993890049026232,0.0255789436923793,0.0538624977629371,9.022229004451793,-0.0169291539035265,0.0227175130037193,-0.7370203106147821,-0.3796889366709967,-3.812061831813101,1.7236795057180436,1058.6305920425275,1080.4479311018877,1044.1328716571263,1073.4492452152745,193.3277598487996,666.8654046802429,-560.2199517114831,-81.30546320976852,151.40151593573836
40.82,-0.1635394060079813,-1.999435550923404,0.2346906401971757,0.0297001216566568,0.0392232437577108,0.02147230492415,0.0048765889155635,0.0039846756421755,0.0343789151763153,0.9993886876751286,0.0311288216118776,0.059870986145327,9.024180193791949,-0.0166508079989053,0.0225858010605914,-0.7389724532908464,-0.3797550213380887,-3.8120025650459106,1.7218242927858711,1059.0449450778171,1082.198237711625,1042.8373753595804,1073.2447064880266,113.7434742111634,705.3741527077867,-474.04912357972,-68.34540725223482,151.40267977411102
40.8225,-0.3796497533292511,-2.060423088315634,0.1867297668018628,0.0287681500761597,0.0342516769639967,0.0219338916111219,0.004875821489953,0.0040538675707544,0.0343857457247752,0.9993882163295754,0.0364466787177156,0.0657891767245767,9.026018324805795,-0.0163498020189584,0.0225082443848706,-0.740901004115531,-0.379822207366635,-3.8119453181172247,1.7199671738824127,1059.199309413583,1083.9748018654232,1041.76262603923,1073.1075181790136,-2.957219114749329,739.3490721127673,-435.31744307716065,-36.173740445364864,151.40388082516648
40.825,-0.5858224125024575,-2.063242045360445,0.1123129604205254,0.0272753103964555,0.0288963937122126,0.0226960930240374,0.0048734931761695,0.0041153492068946,0.0343987732844519,0.9993875637700036,0.0414941876195515,0.0715413591443987,9.027672613492209,-0.0160311438823217,0.0224826672902754,-0.7428097446363205,-0.3798896272756681,-3.811890090127603,1.718110281167138,1059.0301589822432,1085.894983072191,1040.6607881441935,1073.0638377857997,-115.08565420620948,636.8620273966296,-384.0470032905014,1.2578314155683004,151.4053656186072
40.8275,-0.7177301810970836,-2.02864718333138,0.0358718302813589,0.025754859176356,0.0244951488911182,0.0234408409358819,0.0048747827218422,0.0041669852538297,0.034419584264747,0.999386656674765,0.0462407366170826,0.0770689619653838,9.029078121702646,-0.0157008274416789,0.0225028529861581,-0.7447033901408027,-0.3799565974388294,-3.8118356862529614,1.7162533720256128,1058.6238811425517,1087.159112002408,1039.8423910227766,1073.1138073360914,-193.28472979336155,407.6832459819413,-320.5932514225611,26.0271342332326,151.40663958064508
40.83,-0.8139846744037113,-1.9735474168156892,-0.0489789406191215,0.0237971486233099,0.0197262559388461,0.0239713598610959,0.0048810515357496,0.0042071299267374,0.0344496021896841,0.9993854461717228,0.0506563217441564,0.0822453411657618,9.030178845777865,-0.0153652439363952,0.0225657827929417,-0.7465866674314022,-0.3800204058034261,-3.811779729696793,1.7143948747703395,1058.0637353332775,1087.933399302099,1039.057821887082,1073.1939734569655,-238.3989605095084,211.0712690818048,-351.9931568335341,27.217016182780473,151.40795197076977
40.8325,-0.8960706991678947,-1.8994486554897865,-0.1411938623763701,0.0208709992126644,0.0136918168765714,0.0240837651522916,0.0048893591023931,0.004236189999641,0.0344836906780042,0.999384120572393,0.0546835523320708,0.0868740549408917,9.03092950642483,-0.015028955306035,0.0226721520543931,-0.7484637426208798,-0.3800802423775663,-3.811720742842637,1.7125332343901571,1057.4318863400035,1088.2144683478175,1038.082425238608,1073.2498924170054,-190.4770952693005,-5.578973411272147,-370.11883546705747,8.2274726453719,151.4095716956788
40.835,-0.9459391025764308,-1.8455060529113407,-0.1897409327775166,0.0180967693785549,0.0088575364256598,0.0238370022459216,0.0048975195865358,0.0042498459107316,0.0345165641300792,0.9993828886547828,0.0583647418645856,0.0907810399177196,9.031295510577769,-0.0147043220221275,0.0228197252434566,-0.7503378512599547,-0.3801370911303454,-3.8116588098880952,1.7106672549120137,1057.1113498569305,1087.9055044350423,1037.207227709746,1073.2351108201926,-52.12511034265128,-225.60688768655888,-361.85568123320246,-16.67401095248049,151.4109591314062
40.8375,-0.9958199103947564,-1.8234304325654056,-0.1808271600631045,0.0155474076353012,0.0049203651953032,0.0232576186684889,0.0049053586339633,0.0042476737253437,0.0345478989652903,0.9993817614193016,0.06168826047835,0.0938471284211861,9.031252910311,-0.0143979814948029,0.023001525624796,-0.7522114865976105,-0.3801915311175087,-3.8115938720533658,1.7087948572097746,1057.1712607882905,1087.086433909386,1036.2731468324437,1073.166522362243,131.12701208099338,-456.8528162446846,-406.71039725459303,-32.98574378657708,151.41238596062487
40.84,-1.086187272521891,-1.8604091597036296,-0.0711746392874092,0.0135982987055912,0.0012860742208664,0.0217650238165883,0.0049139676201883,0.0042300521899522,0.0345806051298449,0.999380630331662,0.0646435953412474,0.0959968811055954,9.030788673778755,-0.0141151208202245,0.0232073809467928,-0.7540863825884626,-0.380242764538597,-3.811525038359064,1.70691397559315,1057.7669849173355,1085.621240353818,1035.173675723472,1073.0701821012597,299.3240282161256,-600.6579025709581,-375.57019371032646,-29.271129017100552,151.41414398463968
40.8425,-1.2047643538772428,-1.9509515400379651,0.1189592164238949,0.0128812100396297,-0.0013216906415949,0.0197889929103357,0.0049235419710426,0.0042010412526559,0.0346168698628028,0.9993794027174439,0.0671666246792575,0.09716500823304,9.029901168935858,-0.0138548419796023,0.0234272978329412,-0.7559639013262512,-0.3802910637590316,-3.811451824288724,1.7050248637246443,1058.667880929372,1084.0831443965296,1034.395295863891,1073.0201667171575,416.5778045413086,-663.9590693059416,-246.39267429924655,-5.726364201341973,151.41564735939755
40.845,-1.3655929653841803,-2.084147994292519,0.4064679951008439,0.0119802036456918,-0.0043528020666499,0.0179497659100717,0.0049336028210686,0.0041646725876723,0.034658371375581,0.9993780100440824,0.0692052853851716,0.0973003544816738,9.028599943050915,-0.0136153193206969,0.0236518483382236,-0.7578454564737138,-0.3803371906839104,-3.811374317411423,1.7031288017032544,1059.8498739400404,1082.3014450072912,1033.9417123519768,1073.0415502802527,489.38642474479343,-744.0462501030937,-100.49763800456591,22.98294376622568,151.41719068120514
40.8475,-1.5334159993444432,-2.2148911402673095,0.7430436914639514,0.0097879482264126,-0.008585468452093,0.0175371574350163,0.0049449005339808,0.0041258539476816,0.0347047725154368,0.99937644608097,0.0707022937842428,0.0964021565350973,9.026905019315087,-0.0133922982437293,0.0238697327794869,-0.7597330615443455,-0.3803831149717964,-3.811292959298058,1.701227694508865,1061.1148130530971,1080.3629131460123,1033.892807673868,1073.1350814359887,488.8018750298443,-805.9172372321395,102.59106153725251,52.10581255039023,151.4187671817932
40.85,-1.650288887211819,-2.2770679567083927,1.06902388291495,0.0051686234159937,-0.0147623686930076,0.0201509729588991,0.0049547642528285,0.0040872733839284,0.034759945855401,0.9993745849833134,0.0716468091831559,0.0944335655144744,9.024847601649313,-0.0131830854541452,0.0240757169786698,-0.7616292257945033,-0.3804298443365507,-3.811208516046036,1.6993232946089762,1062.293883315191,1078.2718588211285,1034.4546676596633,1073.302079343005,462.29220343944894,-946.5134525194541,400.5420048842557,77.72220043664467,151.42038368870885
40.8525,-1.653316350263848,-2.189157147608543,1.3477231118765856,-0.0024361376155466,-0.0234068978202184,0.0263130297618777,0.0049573499716894,0.0040516945341342,0.0348219100555652,0.9993725190854668,0.0720292364937035,0.0913276435830936,9.022469419532323,-0.0129837573776888,0.0242703067112111,-0.7635369580949966,-0.3804783352557289,-3.811121976303325,1.6974167462432654,1063.4262740702923,1075.6303458834193,1035.8955176982874,1073.5236924381716,355.0029376454861,-981.0897710155568,646.3427807355732,68.70841500418587,151.42236965125656
40.855,-1.5069736928883604,-1.9385810452855867,1.432077621438545,-0.0090830195958702,-0.0306118648744419,0.0322858951705714,0.004950962603309,0.0040157544085927,0.0348880813151387,0.9993703664169546,0.0719561770005957,0.0871130044448888,9.019819877097587,-0.012799005308106,0.0244494506079615,-0.7654596498018869,-0.3805286315126598,-3.8110336932659825,1.695508635770307,1064.0688980034192,1073.366409966048,1037.6863815633428,1073.645621418026,197.25210765790416,-899.6914989489995,803.9228675025677,12.048347139346536,151.4240629387953
40.8575,-1.2090341122036556,-1.488635875647964,1.3397884373207618,-0.0145043928263301,-0.0371515464127095,0.0377289049567978,0.0049408632572786,0.0039783431076543,0.0349582486449479,0.9993681186283236,0.0714992953989695,0.0819664421790012,9.016954589010671,-0.0126297146246367,0.0246000471871516,-0.7674010201875741,-0.3805798276778598,-3.810944362608852,1.6935990189827743,1064.4125346085823,1071.131888388672,1039.9151320358023,1073.5839341738683,105.16561158306573,-944.2625741819433,1018.1131358505972,-92.75946100646505,151.42579573620552
40.86,-0.7328863381886626,-0.7506695592637692,1.04872331052861,-0.0185163343556412,-0.0433653307880884,0.0432338623563647,0.0049376060094013,0.0039328243194147,0.0350364782969992,0.999365606590323,0.0708327841968531,0.0761743024629985,9.013934280865772,-0.0124849511163911,0.0247029941038463,-0.769364346568797,-0.3806301540481921,-3.81085494851942,1.6916868822657127,1064.594726061334,1068.6450970951428,1042.7769472425912,1073.1818241129943,53.26797544991681,-852.2081998525396,1026.9975533185263,-208.41063835308233,151.4279203366849
40.8625,-0.3012354080825487,-0.0295057139535099,0.7005667900013011,-0.0195325285616273,-0.045870690611435,0.0462377357111902,0.0049422869444529,0.0038830916318135,0.0351191435949186,0.9993629250717776,0.0699317297604645,0.0698743296814103,9.010826447934893,-0.0123573123665968,0.0247546074516179,-0.7713517565873714,-0.3806799715730633,-3.8107671475871263,1.6897705955436932,1064.678874485832,1066.8708473894071,1045.0501198023976,1072.5418809821024,49.70575101726539,-617.4451994339075,826.7377936002822,-308.6478981264248,151.4297281328197
40.865,0.0842927543275041,0.6986608086873973,0.3174547119602965,-0.0182479110473335,-0.0441670564279169,0.046476321639342,0.0049510529406483,0.0038341308723644,0.0351980040748288,0.9993603527134812,0.0687448148564968,0.0631270244912972,9.007701359189719,-0.0122373818767207,0.0247602691736454,-0.7733639228173774,-0.3807303540427671,-3.8106826266527647,1.6878494625406428,1064.8432548164203,1065.5578710979717,1046.9106362105947,1071.6385846223611,114.547646508358,-447.09081717241776,675.4311273563193,-425.60433938181234,151.4315740394233
40.8675,0.4168755706070593,1.4544324058842877,-0.0972471320016772,-0.0149958173475502,-0.0378473432530399,0.0441785789314182,0.004957540073138,0.0037865466669365,0.0352699361713425,0.9993580211593542,0.0672947549650305,0.055951557408371,9.004628623182253,-0.0121218470144785,0.0247309485040446,-0.7753999563715251,-0.3807812960499559,-3.810601937113685,1.6859222446898725,1065.2516127183733,1064.635393303547,1048.427275439176,1070.4138592851953,188.52947259000624,-224.1426911718228,422.593172005029,-442.0766607682636,151.43383233277495
40.87,0.5551044733547543,1.9188523670948772,-0.3651852204279356,-0.0119306533615027,-0.0307283273619276,0.0415423795856208,0.0049593358693147,0.0037366745114245,0.0353363546982643,0.9993559017013672,0.0656796140474305,0.0484389264918775,9.001673510725343,-0.0120139683546423,0.0246726595121832,-0.7774577975344951,-0.3808326510354386,-3.810524087535996,1.6839881525457463,1065.7859021793695,1064.4371576421136,1049.023602070618,1069.428201318522,238.44506768183768,28.195796185249616,108.83609516889808,-353.7805527101691,151.43574951508424
40.8725,0.5464496158474106,2.180771712764196,-0.540873636092354,-0.0092946694342543,-0.0236259860801201,0.0393122208201289,0.0049552027397945,0.0036852505010951,0.0353984773788335,0.99935395323093,0.0639146094391468,0.0407049279696438,8.99889543157032,-0.0119104691147168,0.0245896064970147,-0.7795345045506455,-0.3808850021701872,-3.8104470846071834,1.6820472315663026,1066.443838056783,1064.7763722844732,1048.971455915021,1068.6449565216435,258.10750116625496,204.91951755869624,-105.94970603396214,-263.5267718030734,151.4377022971118
40.875,0.4346288811245715,2.285738309082628,-0.6524167107987187,-0.0070704966491111,-0.0171673992164456,0.0375595301244828,0.0049425546052053,0.0036373432189492,0.0354523817815258,0.9993523086958528,0.0619322960607201,0.0328425673124748,8.996346213216691,-0.0118018932122866,0.0244876884986467,-0.7816263789876999,-0.3809385564647984,-3.8103701350217847,1.680099548446627,1067.0764396852016,1065.4617552299076,1048.4938535404478,1068.110567459506,205.43094816435357,324.8719683403805,-255.28282842979505,-148.22194882390087,151.43968379030747
40.8775,0.2388872256469024,2.2398305228260025,-0.7128508225325085,-0.0055776469909131,-0.0117672902083885,0.0361044098289753,0.0049196695389495,0.0035996308520715,0.0354948494241698,0.9993510688175842,0.0596343671290019,0.0249574064963681,8.994068075830521,-0.0116767921872021,0.0243713170253395,-0.7837292508914036,-0.3809929741535332,-3.81029390005986,1.67814507643684,1067.470992797604,1066.4007321261738,1047.695041772873,1067.9038467775247,64.65795268151271,428.759241393035,-372.9317769383581,-23.286448060695783,151.44169905383995
40.88,-0.0244708948637799,2.0691544701032965,-0.7609541901594764,-0.0052111821646955,-0.0066355071555211,0.0342912247264226,0.0048880784882694,0.0035785653026861,0.0355260699527935,0.9993501995903936,0.0569272562367805,0.0172072641808209,8.992092373118469,-0.0115247704750599,0.0242398006029171,-0.7858387818943122,-0.3810474462945891,-3.810218578419813,1.676184034294752,1067.3997294486092,1067.6055514368738,1046.629194655755,1067.9941352192025,-147.24454656808774,429.46997956447234,-374.09896738439744,76.72869760681972,151.44415560193923
40.8825,-0.2123988566676088,1.8671049950058132,-0.8029315589811233,-0.0064123696076949,-0.0029944360634785,0.0327763896597456,0.0048509982374582,0.0035750364666762,0.0355513445312432,0.999349495606396,0.0538179617315787,0.0097689658591003,8.990439448920942,-0.0113448431265905,0.0240900388773007,-0.7879504774578378,-0.3811003855807543,-3.810142942652959,1.6742161758680465,1066.734770064763,1068.5480820239973,1045.82454693595,1068.2874902655587,-408.12687961975655,346.3545380904601,-273.5854280144609,143.4154748439536,151.44623420218304
40.885,-0.3093272249177899,1.6297406002192099,-0.868329971715963,-0.0089521809984962,0.0005446486618808,0.0314653146855203,0.0048100460395155,0.0035896700383174,0.0355733147629467,0.9993488547424766,0.0503178316535939,0.0027818758758343,8.98911913860428,-0.0111374101639828,0.0239211674990261,-0.7900598891048372,-0.3811516590024997,-3.81006686326156,1.6722413765024895,1065.3590950505125,1069.3373241273243,1045.261267515684,1068.7112125934216,-758.6311174739178,306.9781471853524,-172.344641208204,192.512123043836,151.44834525475414
40.8875,-0.2829257089701616,1.3173178961208611,-0.987645737990211,-0.0123807988685541,0.004790826943583,0.0299913126206923,0.0047673068800012,0.0036184911389805,0.0355955746266866,0.9993481553278633,0.0465229601331988,-0.0036192480054336,8.988131320993038,-0.0109108707380899,0.0237317699412952,-0.7921628517959116,-0.3812011686134881,-3.8099898933974177,1.6702599610747393,1062.9416144773916,1070.0829727599248,1044.9628237299087,1069.2500508807786,-986.7068631888696,244.11466805228216,-42.358321962661805,186.1072883056707,151.45091606861473
40.89,-0.1431340744638187,1.0394121426879013,-1.1193635937391913,-0.0144926303403764,0.0082369542217056,0.0285876978335276,0.0047291077979328,0.0036586381933954,0.0356227514607845,0.9993472150517632,0.0425147582815292,-0.0092340032282503,8.987467095327473,-0.0106726461817732,0.0235137233645232,-0.7942560285197368,-0.3812483289101642,-3.809911750907837,1.6682722328008295,1060.4255607345656,1070.5578974675864,1045.0494759058706,1069.6417490349504,-1058.5980719605764,168.9072112683506,100.13877004157632,128.95457832185363,151.45308991202847
40.8925,0.0864563760791895,0.7549677861209143,-1.2651237107013342,-0.0150226081785027,0.0109688886423909,0.0266483683266904,0.0047050091280568,0.0037037390297449,0.0356614518548217,0.9993457772848676,0.0384428206183355,-0.0138186524690593,8.987110800838602,-0.0104361309014048,0.0232542334495585,-0.7963369389836424,-0.3812919213992803,-3.8098316047051655,1.6662782368308071,1057.6486241175935,1070.9275088162656,1045.463517580116,1069.894823772387,-1105.285921403518,137.0316084468167,212.41127387050304,70.57009096671236,151.45529689561747
40.895,0.3525627280801564,0.4815363252388163,-1.3952173609158451,-0.0141553195300144,0.0125712049245807,0.0239463747279012,0.004700315718792,0.0037477661031644,0.0357103756339681,0.9993438841360874,0.0344516308106191,-0.0172190426171734,8.98704218071243,-0.0102143200825437,0.0229475375251989,-0.7984038722158749,-0.381331941437509,-3.809750569162434,1.664277857639096,1054.8991311275452,1071.243055509821,1046.1115322752237,1069.994599489784,-1029.71451414157,117.33775718006108,302.9217637884627,-0.4235137563225742,151.45753172953496
40.8975,0.6161291275373788,0.2465697069218579,-1.4631648982285548,-0.0117506692463195,0.0127609036443429,0.0199766149042302,0.0047127254959187,0.0037861322916232,0.0357650782344218,0.9993417205147104,0.0306582406517649,-0.0194316253059742,8.987238312848348,-0.0100170901755408,0.0226006849788314,-0.8004559297003487,-0.3813691812473081,-3.8096709896578016,1.6622718862568306,1052.500051546883,1071.5141976021664,1046.9781263990592,1069.8927062036057,-898.5143239766771,108.16187150481542,410.4790806799978,-87.36781655242099,151.4598002178659
40.9,0.8862352952274604,0.0353018167113863,-1.419312671217722,-0.0076742073098336,0.0118122463051276,0.013904319503317,0.0047361021200517,0.0038144866404984,0.0358209975894823,0.9993394944127398,0.0271751874439954,-0.0205376409186182,8.987675713779305,-0.0098527098655088,0.0222278234411441,-0.8024932893695631,-0.3814047928429422,-3.809594287755605,1.6602617010739655,1050.4065595076659,1071.7838648673446,1048.1639276786218,1069.5577604070224,-593.2434659547346,86.22919913723443,439.6224421465401,-148.6272632201384,151.46256064343257
40.9025,1.0614383647252867,-0.075184685263902,-1.2544954105973336,-0.0042522874957425,0.0109013067344681,0.0085754004046026,0.0047647215031079,0.0038315851501603,0.0358685660141444,0.9993375804084867,0.0240607153048085,-0.0206257291286925,8.98833241867441,-0.009723445894723,0.0218429404763997,-0.8045174230347595,-0.3814406371990582,-3.8095207203182513,1.6582480575009817,1049.5338342171078,1071.9453435978528,1049.176238609793,1069.1495698875046,-138.5850379447875,48.10459392635761,383.48513152317014,-170.43752965860597,151.46489181185356
40.905,1.1941491156892416,-0.1263163577103895,-0.9594164313492692,-0.00168364365322,0.0107210395164086,0.0043049468852741,0.0047948628566232,0.0038393804742393,0.0358990984762011,0.9993363020554572,0.0213162207893401,-0.0197637955322019,8.98918996477985,-0.0096251055416098,0.021457090296246,-0.8065309668935214,-0.3814787399016373,-3.809450803040355,1.6562317341961748,1049.7136343179416,1072.0243878369763,1050.0813533362386,1068.7055727587287,321.76529453533635,16.70326321269995,343.0200915956384,-172.51568290673507,151.46725302824154
40.9075,1.325271631066784,-0.137475791282145,-0.4976359730410471,0.0006696544289312,0.0108747676177459,0.001223138209968,0.0048256246011582,0.0038424980690538,0.0359090032297664,0.9993357772877552,0.0188943564660615,-0.0179845135350042,8.990234969856463,-0.009547917558665,0.0210767787216844,-0.8085374281828173,-0.3815200731990008,-3.809384342485552,1.6542128820155555,1051.142660689783,1072.0288599139162,1050.8913390677696,1068.2869914729715,700.3191560972538,-8.146435695194139,231.8505110611746,-109.9437162668784,151.47011810835176
40.91,1.417968661378375,-0.1145403515869282,-0.0717529575192225,0.0027273000499618,0.0104962156578495,0.0004791482878334,0.0048594966308611,0.003841838675847,0.0359014775310173,0.9993358771991264,0.0168130750157767,-0.0152784225404321,8.991460553418538,-0.0094872823446443,0.0207030082169232,-0.8105407020325944,-0.3815644352638923,-3.809320451701185,1.6521909983797205,1053.2152300984296,1071.9836556585003,1051.240605891545,1068.1558541773943,952.2318396747454,-17.239356124164537,55.38734013131838,17.512259754985415,151.47252916492806
40.9125,1.4826772660644325,-0.0662394353071657,0.3319350240376198,0.0056775333570796,0.0094377332020052,0.0015557554091593,0.0048977364304481,0.0038411078771888,0.0358836518847456,0.999336326924889,0.0150348924434518,-0.0116716623418202,8.992866322571615,-0.0094336696494442,0.0203379658644302,-0.8125446557305614,-0.3816113533458601,-3.809258153426317,1.6501666867526976,1055.9038198881592,1071.9426631332951,1051.1682757684264,1068.3745527717467,1227.9888861079398,-2.3825681409129014,-137.92785607178115,192.5804157367953,151.47496048461565
40.915,1.4975340999452627,0.0021699879839907,0.7231461059105958,0.0106665547342708,0.0084993172837852,0.0047191657914843,0.0049372299939874,0.0038417383818982,0.0358676095929007,0.9993367015634084,0.0135558782921951,-0.0072842564557905,8.994458594951169,-0.0093810769589929,0.0199903129253089,-0.8145525442954228,-0.3816597779104214,-3.8091960116120025,1.6481399684635023,1059.3551745289635,1071.971742817796,1050.5509666111868,1069.1187562560774,1224.3701866879392,31.716622402320496,-310.9095267812109,352.3134227802091,151.47789581214167
40.9175,1.4359370490729606,0.0431427299388012,0.9369462735215032,0.0156750436848669,0.0087797060787875,0.0085269211842936,0.0049768597982316,0.0038463641693508,0.0358590179887947,0.9993367910768172,0.0123481692295672,-0.0022119416240324,8.996249219874581,-0.0093226795444067,0.0196643925952361,-0.8165669560857187,-0.3817095202794135,-3.809133391161121,1.6461101853179982,1062.025670821602,1072.101246245307,1049.6137281345195,1070.1361198856487,940.6635811319763,75.85791973129501,-442.4594163933772,473.1376221318295,151.48035195271203
40.92,1.2893472351353423,0.033939629123587,1.0200051301772683,0.0204639500555532,0.0101006236891861,0.0125684050598822,0.0050181193103949,0.003854123312729,0.0358600528343188,0.9993365121904316,0.0114447548134029,0.0034836402734409,8.998254469617752,-0.0092586101723813,0.0193596651135991,-0.8185893988212606,-0.3817599239387856,-3.8090701689747934,1.6440758680281449,1064.058492434626,1072.3510324164527,1048.3386695292188,1071.4844443667375,662.9813548774227,115.42818439790192,-539.0437425319204,572.3755588172684,151.48281210787343
40.9225,1.0852180021731392,-0.0335172727303647,1.0062968248674975,0.0243344314288489,0.0116758187623792,0.0159759917428967,0.0050620791738249,0.0038664851394458,0.0358715253768706,0.9993358246675648,0.0108329104245691,0.0097260780955013,9.000492834051515,-0.0091863384851511,0.0190755218220406,-0.8206201234144274,-0.3818097589874136,-3.809006574170134,1.6420348948819654,1065.340577595986,1072.678387167296,1046.9185094218624,1072.9979976797324,311.97143339898,139.92323744875765,-560.2591769388572,611.9769094735656,151.485270258102
40.925,0.8466865642726424,-0.1703974258142203,0.910056996506443,0.0267335669830558,0.0127237545738923,0.0182403604725316,0.0051105592211849,0.0038774348595218,0.0358971324828871,0.9993346090936788,0.0106317078258022,0.0164409295623765,9.00298378651021,-0.0091166084887465,0.0188102025800154,-0.8226580515548721,-0.3818555180667644,-3.808942845490357,1.639986447628478,1065.6183496016215,1073.0506486036968,1045.537373644523,1074.5443289141072,-88.87048468714057,162.509831067117,-541.2046588086884,644.2976477005574,151.48771885591557
40.9275,0.5756970235210757,-0.386392247150153,0.7512501572687907,0.0279380956236518,0.0123362701689176,0.0197780030473142,0.0051650289372278,0.0038792429692712,0.0359366722518626,0.9993328961575976,0.010987927281397,0.0235414185921586,9.005745299625325,-0.0090639875850796,0.0185621816241159,-0.8247011223407624,-0.3818963101776323,-3.8088789256764706,1.6379313915516596,1064.8962251725502,1073.490936322632,1044.2124861278176,1076.2194859182368,-395.42514215190334,155.8688281514204,-395.31438701723835,556.8133951981571,151.4906360319178
40.93,0.3987206091455413,-0.5772367419329197,0.6156363135653438,0.0277851638624114,0.0104957823758259,0.0203841189603622,0.0052224020063454,0.0038719247832519,0.0359856403099611,0.9993308645504516,0.0119025696224415,0.0308606601787167,9.008791525273889,-0.0090304053861739,0.0183365987092058,-0.8267465962078008,-0.3819336877304761,-3.8088149014050674,1.6358711152089176,1063.641223890864,1073.8299927444532,1043.5608017094387,1077.3283958900954,-559.9002927321725,129.97019379029547,-142.91555940612207,361.21305271550335,151.49304138483413
40.9325,0.2984987351781185,-0.7441014972580441,0.5009422482891523,0.0269943879372065,0.0078452110748173,0.0207067884189391,0.0052799442149802,0.0038642760696948,0.0360393979088225,0.9993286599973802,0.0132142945267759,0.0382425442449539,9.012130787979752,-0.0090027576270751,0.0181372737053436,-0.8287913971671192,-0.3819687950847906,-3.8087515828351264,1.6338048790446125,1062.096723708892,1074.140787291583,1043.4979083307876,1078.0255511818127,-647.7139587822289,133.73116221125636,105.6771423419746,200.44479704946505,151.49540981105605
40.935,0.266195333665361,-0.8941480916283189,0.3941631588677627,0.0261434436497924,0.0048663967596199,0.0211936228255982,0.0053389626671194,0.0038587862138231,0.0360953765792213,0.9993263558631952,0.0148724008507517,0.0456002615412235,9.015765100714226,-0.0089774463512545,0.0179614915705375,-0.8308320452169378,-0.3820012325466239,-3.8086884351298473,1.6317320804136228,1060.4026540969512,1074.4986485555098,1044.0891874211488,1078.3306198753432,-531.5766026027186,130.27516318836817,305.3726204593006,26.270323987760296,151.49819647803557
40.9375,0.2910132536860562,-0.9720475461167813,0.3240541595488795,0.0261750674588423,0.0027613782931271,0.0219093109870949,0.005398492756676,0.0038532924396135,0.0361466651726253,0.9993242127228767,0.0169015834019073,0.0528053195379873,9.019689742871154,-0.0089573048984556,0.0178101399106452,-0.8328646271372045,-0.3820324836555994,-3.8086244235219855,1.629652942674721,1059.4388406958767,1074.792163107525,1045.0247714330849,1078.1569028017516,-241.70948258614928,114.68510913756715,420.92517339144337,-141.22324479584788,151.50046330586267
40.94,0.3272163874680935,-0.9981442172320252,0.258705363745252,0.0275557504664776,0.0006377644872329,0.0230535033794873,0.0054542504400176,0.0038487676265526,0.0361869919587737,0.9993224751825388,0.0192596321791146,0.059675381643832,9.023892481850563,-0.0089381574376356,0.0176892037232079,-0.8348851181876136,-0.3820657031265475,-3.808559674122395,1.627567295285768,1059.1941066840216,1075.0720741011971,1046.193813288104,1077.6245036513646,77.85391424313839,112.5459104964072,505.5884770888184,-282.8457507488482,151.50266246398715
40.9425,0.3352123113464081,-0.9628711916979268,0.1719668719878522,0.0305001662007512,-0.0024427400464967,0.024704213300279,0.0055018369722199,0.0038432158165692,0.0362149877571173,0.99932122458785,0.0219487271861206,0.0660295579992513,9.02835372024181,-0.008919029426029,0.0176050533338533,-0.8368895920023903,-0.3821025010292247,-3.808495158218572,1.6254752148503415,1059.8281102670928,1075.3548926600074,1047.5527138185303,1076.7426740480066,373.8075796412793,86.01723947949868,447.5909564106116,-333.85534805412334,151.50521252536436
40.945,0.2932625811822631,-0.8730460531325455,0.0920601707550795,0.0331321534729245,-0.0054263899907215,0.0258490742243147,0.0055404714076428,0.003832064844829,0.0362311683488057,0.9993204672148204,0.025010129247452,0.0717574470245573,9.033046147416583,-0.0089023069570885,0.0175581573354071,-0.8388745853936206,-0.3821429089479368,-3.808431286729263,1.6233761997324303,1061.0631445822287,1075.5021602985948,1048.4317680701583,1075.9552269110932,596.6520528867901,27.60174298662387,259.65489230457894,-292.597752196291,151.50725638960125
40.9475,0.2078114829863669,-0.7229966128581056,0.0175433217985824,0.0345349670994437,-0.0084755339232248,0.0260353879164732,0.0055720809318924,0.0038100897758648,0.0362361561247635,0.999320194660629,0.0284886562311481,0.0768055627851077,9.037935419381624,-0.0088911405597249,0.0175443453749817,-0.8408373610961865,-0.382187678058758,-3.8083687801566626,1.6212707643665625,1062.811370531524,1075.4929013749404,1048.850988280052,1075.2796852870265,737.0048840394113,-38.94076494555346,75.83668833131682,-233.889834557402,151.50920838524195
40.95,0.1091645838338723,-0.5367418777948852,-0.0364218520938322,0.0343150350119436,-0.0111551388288454,0.0251600686056224,0.0055969925514725,0.0037802880926529,0.0362325128183531,0.9993203024779524,0.0322701606892475,0.081106819174771,9.042981761765049,-0.0088748111973448,0.0175613850833886,-0.8427761695942801,-0.3822373666169526,-3.808307932623987,1.6191607937369987,1064.7481690024279,1075.3074564738668,1048.8109515118151,1074.7857777383056,758.0341425078801,-124.11221958735058,-125.981930951256,-143.9048585521223,151.5110791492131
40.9525,0.0237334876161535,-0.3407673315163021,-0.0521824984924787,0.0327939003224391,-0.0125676690354796,0.0236628780402722,0.0056182405478914,0.003744739464262,0.0362238548968532,0.9993206354073022,0.0362504505567263,0.084653741041803,9.048141397394415,-0.0088450288818599,0.0176020754248902,-0.8446903105774232,-0.3822909302288703,-3.808248731063165,1.6170473156563916,1066.6015412440654,1074.872340277003,1048.2210786252951,1074.5601609942655,726.990365530789,-250.89171175200215,-361.40333379586207,-37.40785511735103,151.5128466028172
40.955,-0.0494104899180532,-0.1521259111622231,-0.0320930629588356,0.0312304000767035,-0.0121149939820775,0.0224926571147155,0.0056384706530066,0.0037091706203596,0.0362135484412425,0.999321034294502,0.0402525173244687,0.0874469354238239,9.05336874779972,-0.0087887827563861,0.0176589027479121,-0.8465800151861546,-0.382345912000807,-3.808189869542785,1.6149300998681804,1068.3831208300785,1074.052997915108,1047.0039348428375,1074.5987384627188,545.4776829225858,-344.59175314187286,-498.7510300392109,58.725531572797045,151.51484214077578
40.9575,-0.096365912038931,-0.0717422485778786,-0.0024775539166308,0.0310844756202562,-0.0102442208919484,0.0224276417224117,0.0056608982652699,0.0036726813004521,0.0362075054663168,0.9993212670494992,0.0442158646994187,0.0895068020583478,9.058618477502918,-0.0087060525145416,0.0177229762546076,-0.848446116738954,-0.3823992195008213,-3.8081298283693577,1.6128092126625206,1069.3289296586795,1073.149381511293,1045.727323475098,1074.8537886521297,249.5053340153478,-393.303351756166,-517.7260360515982,133.53264926975032,151.51639690465626
40.96,-0.1517918225420593,-0.090447590503203,0.0096957336543646,0.0320812326750398,-0.0081390052045209,0.0231652747199753,0.0056867114316747,0.0036371947550355,0.0362093577360146,0.9993211865694832,0.0480262480694742,0.0908338934502109,9.063847390206453,-0.0085939700624202,0.0177877501984131,-0.8502899697424334,-0.3824499414832659,-3.808068123697949,1.6106852282643704,1069.6306475001559,1072.0864811563263,1044.415304662578,1075.266401709068,-9.276593397325339,-480.87381524035743,-531.7789157640906,193.59868846185563,151.5178357805376
40.9625,-0.2410222577413018,-0.2034775760601446,-0.0242144748895597,0.0332534793289783,-0.007105946392184,0.0243651669550993,0.0057146946114348,0.0036067387802208,0.0362208804459181,0.9993207211222948,0.0515313162580571,0.0914022852309905,9.069016228434336,-0.0084476972558711,0.0178498993104117,-0.8521132138170622,-0.3824981007283803,-3.8080041339697774,1.6085585203215989,1069.2825466916931,1070.7450124350935,1043.06842889628,1075.821782094438,-228.31224172593608,-483.28407285137297,-425.5994042542266,192.79479232490445,151.5194252780226
40.965,-0.3243086182006884,-0.3311032870459167,-0.1012951214598652,0.033027793022626,-0.0080831045086362,0.0250099175996097,0.0057467925577419,0.0035815269967741,0.0362453732003649,0.9993197409531605,0.0546547973134147,0.0912565972195312,9.07408981214256,-0.0082703125128377,0.0179005473171152,-0.8539176199273943,-0.3825423116045735,-3.8079368541261105,1.6064274711448523,1068.4890862915256,1069.670060792068,1042.287307641306,1076.230375670693,-391.9871921463978,-398.6588177772553,-223.3352436870285,127.54260703357272,151.52063389997775
40.9675,-0.3889411473435402,-0.436382927659638,-0.2239496270569381,0.0313622149241399,-0.0106828837878168,0.0249142009854499,0.0057837321345653,0.0035556129535903,0.0362855880771341,0.9993181637643764,0.0574386511154876,0.0904310086517575,9.079039009054627,-0.0080762463169665,0.0179331446736079,-0.8557047581132164,-0.3825819977264515,-3.8078658045209073,1.6042912319047287,1067.32261073096,1068.751718346206,1041.9517526778443,1076.4594951296062,-559.9870704317344,-347.1583618901124,-49.50983292719639,36.53359204221172,151.52172093953686
40.97,-0.4162613699070537,-0.4920453547762817,-0.4063982794066689,0.0288789652287607,-0.0142692765300957,0.0241677207188039,0.0058228467189641,0.0035275492595661,0.0363362787080863,0.9993161973255124,0.0598495277350183,0.0889164659404917,9.083841994894334,-0.0078727512035524,0.0179468364033434,-0.8574761438288541,-0.3826183917196718,-3.8077916205733824,1.6021490621784555,1065.6891509393695,1067.9342689826192,1042.03975847667,1076.413043630904,-608.8504793372135,-242.67373957619705,96.05042139709983,-80.64669680534702,151.52288437314175
40.9725,-0.3896769173709206,-0.4719414916402511,-0.5721364200419697,0.0271730702207319,-0.0166524577298146,0.0231377293282056,0.0058600589167475,0.0034937229702243,0.0363892825430543,0.9993141715590524,0.0619031713331168,0.0866905547927934,9.088484481240249,-0.0076706293044653,0.0179440818528282,-0.8592333402900025,-0.3826534810666101,-3.807715707936912,1.6000016830046484,1064.2783583342723,1067.5383496483244,1042.43200478483,1076.0562616455793,-542.3714415993297,-95.44481788688819,193.30145048856252,-211.13622142909773,151.52373669026713
40.975,-0.3184901753838152,-0.3998638139501292,-0.7314962230932899,0.0261132059698472,-0.0179013343639931,0.0214981807704284,0.0058953936038659,0.0034540328371964,0.0364386305944724,0.999312301470846,0.0635666666357872,0.0838191246806273,9.092958926295152,-0.0074743067114714,0.0179212530711226,-0.8609784133895042,-0.3826878890154823,-3.8076394079292974,1.5978496895155303,1062.9772937313714,1067.4570448931845,1043.0062657291135,1075.357362523758,-481.8479704650889,16.484648579959394,238.58757875294813,-330.4414910383734,151.52446833638072
40.9775,-0.221686717602118,-0.3072680469117848,-0.8697970290149349,0.0255320830228809,-0.0182071886267419,0.0193048838114163,0.0059300804876658,0.0034118514498392,0.0364827042696098,0.999310625424422,0.0647578012789378,0.0804013058444179,9.097265519517254,-0.0072814593208304,0.0178737222243926,-0.8627138940337842,-0.3827215872115737,-3.8075636391555454,1.5956945853537003,1061.8691184819493,1067.6207728912243,1043.6249426785937,1074.4040541903887,-379.1578898704181,113.99671629695683,241.10374557864304,-426.8184679896512,151.52510082991603
40.98,-0.1089521426117167,-0.2146912036263378,-0.9665331755542494,0.0253043715114553,-0.0176506561338994,0.0164933392633305,0.0059642555452323,0.0033688574020274,0.0365180906455096,0.9993092610377476,0.0654368470138295,0.0765223191888101,9.101412559474984,-0.0070920144446063,0.0177999796062628,-0.8644425337137325,-0.3827556101523816,-3.807488634019237,1.5935368280694184,1061.0815042820184,1068.0270284746696,1044.2117844570073,1073.2232701838086,-260.36386107485083,213.92949865333287,244.12547283387784,-542.6468819539375,151.52561479542183
40.9825,0.0278231179886967,-0.1179115637842274,-1.0229978347182127,0.0251747195287824,-0.0166491799270347,0.0126414150129472,0.0059997581643913,0.0033264572582308,0.0365432848346771,0.9993082490830592,0.0655828781264143,0.0723024515779355,9.105415448551012,-0.0069058104060734,0.0176967004482252,-0.8661672199186413,-0.3827908338925934,-3.8074141367624494,1.591376311856164,1060.5672991765744,1068.6904203844915,1044.8455700427637,1071.6908197806179,-115.1754974006191,254.4662169073076,225.9600998760797,-555.4172186762165,151.52609573797383
40.985,0.1316829523941197,-0.0425735695998415,-1.0221507037023014,0.0253360575351086,-0.0162577370316786,0.009510665446095,0.0060349296959545,0.0032887825775138,0.0365568033647951,0.9993076431271924,0.0651352324756326,0.0678021330255639,9.109296996016631,-0.006717385433797,0.0175674119817265,-0.8678905913966094,-0.3828280681899047,-3.8073409223545434,1.5892131031408063,1060.5056267950158,1069.2993595592047,1045.3415849563867,1070.44618409043,46.13742951603312,234.786385334808,205.5654605444801,-459.4605665054965,151.52638413547055
40.9875,0.2112222441727386,0.0504656268327539,-0.9864354818218876,0.0259441403762965,-0.0168582253815364,0.0070738344228931,0.0060694954158645,0.0032641292260624,0.0365601404345906,0.999307366692158,0.0639702106356132,0.0631092432563077,9.113085240912243,-0.0065139455191213,0.0174139020667923,-0.8696149862288882,-0.3828669779844597,-3.807270045834025,1.5870464342333104,1060.7979863241546,1069.864352311166,1045.8733973454866,1069.3935169480892,196.39926957883247,220.9861107941612,259.35991703113734,-386.7475439473605,151.52655670941442
40.99,0.2643919821192658,0.2091832176497033,-0.9281164716328772,0.0270057407204746,-0.0180161781910652,0.0049075921779045,0.0061030973685008,0.003256394954343,0.0365600769893629,0.9993071650789516,0.0620554392080686,0.0583047136731838,9.1168120762728,-0.0062903761973601,0.0172390969459636,-0.8713420745152329,-0.3829055945462357,-3.807201563371456,1.5848759087835924,1061.4876231429105,1070.4042901131763,1046.638384541543,1068.5124463706923,294.19572562860066,167.88559509711183,309.139451604514,-242.4945782471173,151.526630716417
40.9925,0.2666229644361279,0.3867638794344336,-0.8815850038492216,0.0281497948963124,-0.0186444906880165,0.0033368136347605,0.006136846400559,0.0032630900810762,0.0365582179707144,0.9993069856061984,0.0594859659348756,0.0534888574341526,9.120511250648239,-0.0060535742677062,0.0170439811108292,-0.8730727804050443,-0.3829420482277179,-3.807134783313148,1.5827013319839196,1062.2689649522963,1070.7037802866507,1047.4190946035078,1068.1810440568547,332.81224968494166,86.93988831618019,340.7819156272497,-39.128358562392464,151.52658199099346
40.995,0.2238798454009298,0.596891613798725,-0.845851629496082,0.0294902630775145,-0.0183459627048668,0.0019547459528403,0.0061706639833546,0.0032742804989729,0.0365526226634871,0.9993069352789206,0.0565014632923799,0.048731007684193,9.124217086003895,-0.0058240913493042,0.0168320473365595,-0.874807126217286,-0.3829753349765347,-3.807068883276631,1.5805227318395705,1063.1516843913337,1070.8389895547568,1048.3422941196775,1068.3168045778805,383.9586815373732,27.319153611628856,424.0975608929252,164.26965080468798,151.52641918230907
40.9975,0.1323992073717115,0.8465891012486578,-0.8119984051671723,0.0306935691765418,-0.0165148625855091,0.0004490769032607,0.0062049025689845,0.0032863884448005,0.0365451988256617,0.9993069548074516,0.0532349903965133,0.0441071195582523,9.127962430839679,-0.0056115719334766,0.0166055497271253,-0.8765444269393771,-0.383005919565986,-3.807002644899232,1.5783399592614715,1064.188758359984,1070.8403760547092,1049.5395824079735,1069.0023923108783,359.27692575141725,-18.163001490611155,435.74889379911366,325.79289707552266,151.52609259493528
41.0,0.040693713490091,1.0156617207738583,-0.7788776805542069,0.0308337563590822,-0.0136853303706468,-0.000926432423082,0.0062456503420184,0.0032956480192524,0.036543336953528,0.9993067463396604,0.0498340417064709,0.039792067147832,9.13177598794842,-0.0054260408806595,0.0163565893168818,-0.8782833309826231,-0.3830335775093909,-3.8069358016047694,1.576152678200303,1064.9480690200917,1070.7481745473035,1050.5210385886744,1069.9457690632587,269.4888385349436,-43.497261662463195,362.86212493224673,428.5984602218183,151.52571180668363
41.0025,-0.0414591102749382,1.1038414523018778,-0.7154181256292246,0.0300213291979877,-0.009859218297184,-0.0027914028905756,0.0062926106464121,0.0032995920557622,0.036546968626846,0.9993063184020986,0.0464230671888555,0.03584041239113,9.135682218326137,-0.0052747288813266,0.0160880897926,-0.8800214333198871,-0.3830592409140904,-3.806869580889088,1.5739608081145848,1065.5362025526576,1070.622889746397,1051.353893032633,1071.1453846119855,205.34364250246156,-44.55177946435919,288.50102210170706,497.2261280427304,151.5252194228364
41.005,-0.1015862628434361,1.1062785776364727,-0.6047361194624598,0.0288728098406361,-0.005693758601214,-0.0052424855637166,0.0063396321076556,0.0032965695007311,0.0365537809738434,0.9993057960448902,0.0431105682092391,0.032195507219825,9.139699454741027,-0.0051623866001837,0.0158131096074292,-0.8817553284831173,-0.3830838366273879,-3.806805428450123,1.5717639046188712,1065.9747872326045,1070.5254156499818,1051.9635436991837,1072.4318997034738,147.11553730027595,-18.310571736892324,170.2364530395282,503.54776622513486,151.524635595783
41.0075,-0.1315129334679825,1.0041594122761044,-0.4178744147569092,0.0278559112480303,-0.0014770744866581,-0.0082619081701803,0.0063853049128551,0.0032913937979334,0.0365649584260514,0.9993051241925875,0.0398902428335079,0.0288871096333815,9.143837240089022,-0.0050815356762825,0.0155358082556526,-0.8834811111037023,-0.3831068487847698,-3.806743358567648,1.569559695454866,1066.2717802391592,1070.5313368877123,1052.2050752978312,1073.6631234431127,118.06594314745604,42.30176249147217,7.534604071413501,493.7992073314888,151.52394311220598
41.01,-0.144293589935367,0.7908848475056554,-0.1080818833133424,0.0270664329839991,0.0026972808752413,-0.0115215848153632,0.0064302631677541,0.0032858220287596,0.0365839413914063,0.9993041637570748,0.0368099660513096,0.0259768972657802,9.148096321421423,-0.0050289150243892,0.015256475353689,-0.8851944750760647,-0.3831269335148606,-3.806682789025511,1.5673460263169487,1066.5651169483413,1070.7369244624388,1052.0012167195407,1074.900895740129,116.3714592444508,116.1371201857352,-155.29660392641077,397.5977911540907,151.52298896201427
41.0125,-0.1517750743458436,0.581012450542914,0.1919215329748148,0.0267414937812453,0.0044828380988485,-0.0126641628528605,0.0064720831034759,0.0032842281250998,0.0366083235548253,0.999303002363062,0.0338618343699291,0.0234702068486121,9.152469034257866,-0.0049951960841721,0.0149798153554206,-0.8868912114164876,-0.383144121672696,-3.8066228062681353,1.5651239317779193,1066.853637535382,1071.1120224886415,1051.4285922781987,1075.651112398884,148.23909096259433,195.8547708258628,-295.7825491029631,236.71599482269525,151.52209324519845
41.015,-0.1776938764326433,0.401593093335695,0.4726995281203103,0.0265059354090872,0.0038615584133213,-0.0111386677499062,0.0065079406276114,0.003294119027608,0.0366307978096573,0.9993019026146664,0.0309715833899976,0.0213657002084581,9.15693948161484,-0.0049637779581331,0.0147101255953214,-0.8885679597704917,-0.3831618145479617,-3.8065630727692255,1.5628961121899279,1067.3063124031546,1071.7161983165688,1050.5223039740251,1076.0844757142431,258.14303372013285,317.1105751549177,-441.3507249264889,129.34168902655014,151.52109589998253
41.0175,-0.2534534250478172,0.2778790098206832,0.7096852464418189,0.0261398979004792,0.0015427062645839,-0.0068202777020744,0.0065330789002169,0.0033198439277797,0.0366409622003749,0.9993012670453558,0.0281099869352524,0.0196237990219804,9.161485065575828,-0.0049216240451218,0.0144544507136813,-0.8902225169480393,-0.3831840754697161,-3.8065028654926367,1.560665161325569,1068.1443527039814,1072.6975753644147,1049.2218386535683,1076.2978208440163,362.9473061775987,398.5796126274871,-482.5328496818461,44.359358516862855,151.51978546020416
41.02,-0.3683644583633238,0.2602546907333233,0.7876317156936721,0.0257372027849538,3.552745401107813e-05,-0.0025839667069049,0.0065452128552028,0.0033597504666618,0.0366322235335802,0.999301363673678,0.0253457184092525,0.01824588815034,9.166077884262984,-0.004864773055652,0.0142151755836555,-0.8918539880246031,-0.3832135404789726,-3.806441597066316,1.5584326881210713,1069.1210489340435,1073.7090963797073,1048.1096397256147,1076.3062725068276,442.0168403568381,436.345412221594,-417.6455815863529,-7.818060359700758,151.51860215066162
41.0225,-0.5500135604004364,0.3011439743250297,0.7372546411049243,0.0252180804489217,0.0001716601236366,0.0008169823637538,0.0065469657019491,0.0034070146940343,0.0366090376979202,0.9993020345980296,0.0228303859432827,0.017319946563328,9.17068641826554,-0.0047976695817098,0.0139859556214984,-0.8934626107657979,-0.3832487235919603,-3.806378182346653,1.5561990973003648,1070.3544369057668,1074.8793024255235,1047.1336107456355,1076.2587305422176,576.1720451797611,534.8902135819889,-369.5844644679433,-11.865256127259148,151.51732891456578
41.025,-0.8504578687659957,0.3547867450096064,0.5658831358456505,0.0245269048293379,0.00236005223617,0.0032446285105016,0.0065410142441022,0.003459829934281,0.0365751987968718,0.9993031275146648,0.0206086909796391,0.0169383707430456,9.175277136401286,-0.0047161227425241,0.0137598701017444,-0.8950493219380478,-0.3832883365600482,-3.8063126492537984,1.5539644746856207,1072.0019091599395,1076.3835474476148,1046.2617174032766,1076.2469462261913,604.1207039422353,550.8476719909505,-257.25249834845755,10.16403957332321,151.51570360316663
41.0275,-1.1616517640548079,0.3609337276465998,0.3722581363434804,0.0236087845923659,0.0053579617524549,0.0037663578973777,0.0065278244647677,0.0035130580868652,0.03653253438255,0.9993045888873756,0.018770642370799,0.0171497844043985,9.179816786741855,-0.0046228485190178,0.0135344711778829,-0.8966151674946364,-0.3833312190715702,-3.8062448012970207,1.5517284632213928,1073.3750404254795,1077.63354078548,1045.8473482538925,1076.3095507400844,512.3262480712236,474.1339078564427,-94.41778979253004,35.81659327058319,151.51427338758063
41.03,-1.5055177909795945,0.3034394373799697,0.1739783119849039,0.0214686457340237,0.008291618887026,0.0031976970512505,0.0065073369088209,0.0035659044301383,0.036483907044459,0.9993063171536396,0.0173134673687666,0.0179934119087824,9.184273224554497,-0.0045142880215381,0.0133088082110783,-0.8981610475124131,-0.3833749061922577,-3.80617499750716,1.549488372919761,1074.5635404002971,1078.7542169868982,1045.7896284543135,1076.4260291925443,419.47980197384777,407.5297098398618,35.95258077656213,45.29529264454622,151.51277170374124
41.0325,-1.8377020966296105,0.2025285896547196,-0.0033315362208719,0.0177233134883003,0.0100764693259793,0.0023185645501558,0.0064780260861311,0.003615201609599,0.0364332865784986,0.9993081886140176,0.0162664725460394,0.0194751321603006,9.188617322846866,-0.0043928334173963,0.0130859957326815,-0.8996874706079895,-0.3834174064730189,-3.806104301939468,1.5472419652329388,1075.4724394353468,1079.6711893346771,1046.0271111577752,1076.5360272033067,273.44764146823417,297.80265280463254,161.02218888573535,27.520664638891063,151.51121669942756
41.035,-2.099444508538888,0.0855056438086526,-0.1427112150513636,0.0120853493275694,0.0101786965013489,0.0014705062418402,0.0064355490794793,0.0036639093931272,0.0363809695104009,0.9993102073364148,0.0155370440537099,0.021545682007345,9.19282378024293,-0.0042516401517659,0.0128753319066147,-0.90119478973442,-0.3834588540048807,-3.8060345790401775,1.5449887468996049,1075.930778607639,1080.243230250922,1046.5947393987428,1076.5636325157388,81.57188088062331,154.70690274102068,312.8623503032249,-21.307959867170226,151.50960522027435
41.0375,-2.2676838121907905,-0.0192744624296617,-0.2664442381315624,0.0040062361439782,0.0091672395446679,0.0006552614149219,0.0063818987939926,0.0037104586783612,0.0363304857457988,0.999312233995682,0.0151151666396361,0.0242590244260927,9.196872409786536,-0.0040939497284618,0.0126766930201197,-0.9026837199753496,-0.3834991274600091,-3.805967645401472,1.5427294151430095,1075.88029883975,1080.4447238483829,1047.591422909292,1076.429487403971,-120.1485211418641,-12.209977903660011,403.29972662421216,-79.82193259988875,151.50761645327657
41.04,-2.256425628157357,-0.0453453423779459,-0.3394780753397123,-0.0030323016971651,0.0078235693315367,0.0001014168942484,0.0063244876832569,0.0037531200331418,0.0362865754451938,0.9993140539049764,0.0149957276808155,0.0277560022706789,9.200748979838872,-0.0039251280247047,0.0124815869760481,-0.9041557484748032,-0.3835369062868971,-3.8059036430915776,1.5404646580614791,1075.3300360019302,1080.1821803614039,1048.611238031862,1076.1645228527395,-316.95739100875625,-191.8913359652761,423.9726888507553,-128.6884884168354,151.50592052331595
41.0425,-2.0786394733562243,0.0112929534213491,-0.3887873180544808,-0.0095762815363791,0.006098163739423,-0.0004697869106983,0.0062703615271649,0.0037898248518598,0.0362540708156482,0.9993154571906852,0.0151806991871183,0.0321555468425594,9.204446729459711,-0.0037523945088485,0.0122832122669604,-0.9056132837118754,-0.3835699632895344,-3.805841545196471,1.5381960048711143,1074.2955118847055,1079.485267168556,1049.7112863535467,1075.7860449618863,-547.3426620735537,-393.4072756753528,470.7471140812551,-166.91798714287515,151.50419261594527
41.045,-1.6937086896007847,0.1657614468002271,-0.4243010925722785,-0.0159757387157256,0.0044274826316964,-0.0013626434836692,0.0062258376872535,0.003815877801911,0.0362333801939916,0.9993164119721746,0.0157232300171037,0.0375444777619228,9.207967385489088,-0.0035886122278809,0.0120768949211053,-0.907059762200764,-0.3835974147143699,-3.805781761754055,1.535924999289444,1072.593322691561,1078.215143983026,1050.9649736022695,1075.3299329170247,-682.1830933326347,-520.9689261356025,424.87338418461593,-141.83265401806406,151.50209097274643
41.0475,-1.2605867229576628,0.3366747815829964,-0.4331197223776765,-0.0197801535847555,0.0043605654191444,-0.0023547803629584,0.0061922333183137,0.0038245036932008,0.0362174098568777,0.999317194551765,0.0167160996870961,0.0438978778927916,9.211322125728975,-0.0034504625221346,0.011867481487833,-0.9084994523663252,-0.3836212220677559,-3.8057256712656016,1.5336541595238036,1070.8845964180455,1076.8804225378803,1051.835653274468,1075.0768816917969,-717.7196066214003,-563.4268584577359,287.841024183661,-42.87421878468729,151.5003221831267
41.05,-0.7559233700537628,0.4969650175414014,-0.416866358275525,-0.0220007649748848,0.0061028990849867,-0.0035125177145431,0.0061667810245712,0.0038207741271583,0.036199113303139,0.9993180543116226,0.0180365096843979,0.0511046280074084,9.21453060343301,-0.0033323229025701,0.0116665372569733,-0.9099372025172205,-0.3836435671193414,-3.8056730683186695,1.531383673722846,1069.0047246584522,1075.398009690736,1052.4041787231884,1075.1155618231014,-758.3349864359875,-593.1691234288031,165.72108891242058,82.81077061583657,151.4985420671593
41.0525,-0.2263651684301235,0.6073591854196949,-0.3777392644102524,-0.0229982373128506,0.0088494707051817,-0.0045529966853608,0.0061464649876088,0.0038122446364538,0.036175597333845,0.9993190831541432,0.0195211612997887,0.0590319567059962,9.217620821779226,-0.00322292803645,0.0114856302146942,-0.9113778834650432,-0.3836647487068362,-3.805622865720241,1.529112632285632,1067.0929214858636,1073.9145769207348,1052.6642587190306,1075.4909355448763,-742.6636442657059,-564.6679009276928,26.79773742036268,241.2842344151534,151.4967572705732
41.055,0.2944016332705615,0.6241094924180545,-0.3101804433901563,-0.0226271076965589,0.0117784992468166,-0.0054079539112146,0.0061304935186663,0.0038035436792642,0.0361453162215085,0.9993203228997852,0.0210674558770063,0.0675683571475966,9.220627891839328,-0.0031153324392289,0.0113317701274922,-0.9128258591838488,-0.3836855344430278,-3.8055740727091223,1.5268406212606072,1065.291406437127,1072.5746701861,1052.5381674102903,1076.321982995176,-726.6502715645643,-525.8793583925361,-134.53443706542615,463.4512565213421,151.49497213334973
41.0575,0.863706640476398,0.5210233328041483,-0.1964108800099904,-0.0206938217084326,0.0146667955851621,-0.0066160599836172,0.0061158062956196,0.0037981375799497,0.0361046252759824,0.999321909977476,0.0225973365356178,0.0765437375984531,9.223592662312335,-0.0030035179254075,0.0112151943609111,-0.9142844440577717,-0.3837074973349814,-3.8055263988925776,1.524567290376229,1063.459670128044,1071.2851801287743,1051.991586533704,1077.8081918274809,-589.2046882198598,-405.22365445128526,-251.48854961535883,607.8365040337832,151.49283593100373
41.06,1.2618353047157596,0.3389996193955507,-0.0776200171450885,-0.0179056821322021,0.0163197257397845,-0.0076425499233137,0.0061030449962553,0.0037952509932017,0.0360541316293111,0.9993238196801117,0.0241178951376006,0.0858397696722201,9.226558298496377,-0.0028883482775095,0.0111386208547512,-0.9157556269499324,-0.3837314343078407,-3.8054798988394505,1.5222923107547304,1062.3453829960263,1070.5485519138426,1051.2807246622128,1079.3611655153463,-336.61716989823674,-217.15422477675733,-315.2460699787049,654.3841126449314,151.4910650176406
41.0625,1.5493778460442988,0.0785522614564207,0.0531784858547622,-0.0139914960636769,0.0171754335681845,-0.0079505386993255,0.0060948606201023,0.0037948406353985,0.0359976044963262,0.99932589951181,0.0256281791857371,0.0953649347423769,9.22956706369819,-0.0027687246996103,0.0110998364845034,-0.9172397351993103,-0.3837570493187427,-3.8054346329131135,1.5200148350204927,1061.776584278552,1070.19940900489,1050.4153561838095,1081.0801123907072,-115.42847491961348,-67.11967383268268,-389.239942571193,753.3517141362638,151.48930841776823
41.065,1.738843299081969,-0.2895160959109508,0.1991244096893566,-0.0082345314485639,0.0171851436002864,-0.0069408841185275,0.0060946846578605,0.0037956189613024,0.0359415176875177,0.9993279011364488,0.0271544922878175,0.1050338417873004,9.232657484418013,-0.0026454643947577,0.011093930736318,-0.9187351725705576,-0.3837840287420107,-3.805389146704561,1.5177323926917758,1061.7682406214287,1070.2129535446795,1049.3345249493586,1083.1279240860244,101.86988503555104,68.33306695099196,-384.44313351690994,720.6123298832558,151.48722200117163
41.0675,1.7564663670063911,-0.612515673041205,0.2952695251192213,-0.00284254601688,0.0161888818585125,-0.0054068222958062,0.0061047165858757,0.0037937328636981,0.0358899946681518,0.9993296800263995,0.0287725378372889,0.1147328110532235,9.235861903958424,-0.0025240783899925,0.0111169700038667,-0.9202383965030996,-0.3838128932411786,-3.805342913601875,1.5154425374732095,1062.28593370373,1070.541074339645,1048.4931405162242,1084.683174040125,293.61714746672516,181.64433036895187,-305.59512789743906,565.4552050620457,151.4855045280634
41.07,1.6330905824028692,-0.9143713466874482,0.3581475938136388,0.00247001694863,0.0138200924737461,-0.0040226188571098,0.0061245431585162,0.0037852764547676,0.0358464154908989,0.9993311360931156,0.0305600793480276,0.1242996443762928,9.239204229798224,-0.0024103244325605,0.0111684800172995,-0.921744280039881,-0.3838434555203468,-3.805295920570288,1.5131437059464838,1063.236326358763,1071.1211751965247,1047.8065493098707,1085.955200111336,482.323291167297,294.31103475794254,-253.78115729304568,479.24633715390814,151.48381261037517
41.0725,1.3533809651315427,-1.2133267113390032,0.4033897888722902,0.0076787899485478,0.0095356795064252,-0.0028512145813921,0.0061540477352321,0.0037731984763228,0.0358132297839626,0.9993321741647077,0.0324711638777088,0.1335854351198045,9.242696908565504,-0.0022979541022694,0.011245760890792,-0.9232468776604345,-0.3838750479937501,-3.805247853013255,1.5108358946894815,1064.6975501595643,1072.0126295134337,1047.22423472976,1087.0794057258927,561.5294558280622,347.8554405475318,-171.86808520641836,344.9711992956108,151.48181549312565
41.075,1.047751468979412,-1.3923846180593236,0.4265589424929186,0.0103791187149983,0.0054278734213941,-0.002102288290223,0.0061876953312435,0.0037610123490398,0.035794785665016,0.999332661781314,0.0344490033282295,0.1423480824434204,9.246342034319945,-0.0021799795021285,0.0113550107691596,-0.9247400399709969,-0.3839057903687512,-3.8051977879709433,1.5085201430764876,1066.0439736379049,1072.8604523992633,1046.947208883838,1087.680056107815,535.8324855026682,352.58854150511223,-73.91200575935582,180.88008335057407,151.48018121664236
41.0775,0.7157757577028226,-1.4952394964372095,0.4457444858131107,0.0114288145260408,0.0015129639096733,-0.0014245623955445,0.0062173183993274,0.0037509403721841,0.0357901834081379,0.9993326752813576,0.0364607259189476,0.1503055984351585,9.250130581022152,-0.0020525788466104,0.0115064620683852,-0.9262181631807692,-0.3839358591323748,-3.805145789684884,1.506199084851532,1067.376712587079,1073.77557222096,1046.8546747009632,1087.983806142646,514.7340863864563,375.18012512039166,-14.072410917391672,83.78012887486308,151.47858022728684
41.08,0.3913591270694862,-1.5419289033194274,0.4662334964571721,0.0114568429119365,-0.0021133544565259,-0.0008217500326133,0.006239506402684,0.0037408031693935,0.0357987090204618,0.999332269629956,0.0385608433029306,0.1572731435745249,9.254040417741258,-0.0019211249193137,0.0117012049285855,-0.9276767851707844,-0.3839655568409116,-3.805091102050216,1.503874356371246,1068.6176440698348,1074.7363530248635,1046.8768468292512,1088.0989567521888,465.45325366240667,395.44635350319146,28.30443065448351,12.618270613568622,151.4770076839708
41.0825,0.0938263298848225,-1.5329301508986748,0.4873415237499972,0.010770222268849,-0.0054333166882497,-0.000208300946745,0.0062560643756785,0.003733758714465,0.0358199347455121,0.9993314336163724,0.0407114208892148,0.1631802553474661,9.258036398260886,-0.0017821337490571,0.0119298818830299,-0.929112805493735,-0.3839945293952263,-3.805033884832964,1.501546470515272,1069.7039788553923,1075.7528039884771,1046.9961968542357,1088.046897495714,447.4187409559348,457.1458029152772,69.4815398005275,-52.49691980790928,151.47546939234206
41.085,-0.2341099987217687,-1.4693758467224127,0.5022417906203884,0.0098532786164859,-0.009144678444752,0.0007918138244402,0.006270793211263,0.0037245238741709,0.0358541768438896,0.999330146276386,0.0430345399212626,0.1680038770057551,9.262073551525567,-0.0016484989559538,0.0121798133154609,-0.9305243398919376,-0.3840209266817413,-3.8049740135701873,1.4992157751870765,1070.8547377746156,1077.022082039441,1047.224254528254,1087.836472153149,411.8217173817919,464.49330440274434,98.58183159030756,-99.30797238803217,151.47366161697204
41.0875,-0.4975023439255494,-1.374860616393608,0.4916268012018588,0.0094213340891897,-0.0123276195477474,0.0020431563185394,0.0062839273936392,0.0037035320850554,0.0359002116370972,0.999328482170034,0.0457304639209692,0.1716692873343979,9.266100983658445,-0.0015413324106993,0.0124453110438614,-0.931910529102331,-0.3840429258915161,-3.8049119415802335,1.4968824157964924,1071.7630874422991,1078.0752705104887,1047.4891060121868,1087.550357633774,379.6718631593525,397.9983255090484,127.7785938519429,-136.39222361500586,151.47218493889483
41.09,-0.7692751486904655,-1.2338668391060144,0.4376626579393617,0.0092162253926101,-0.0155485311639767,0.0038567940401485,0.0062943955864133,0.0036645601409806,0.0359547795425672,0.9993265874407876,0.0489363939178485,0.1740974857651142,9.270063093490567,-0.0014754612491284,0.0127232183825364,-0.9332714935528312,-0.3840592749414676,-3.8048484098046607,1.4945468257246852,1072.7530970904131,1079.0120736669871,1047.863147497514,1087.154511035074,483.78439756131945,348.08967516005777,200.2160972458909,-196.695628589386,151.47073564919287
41.0925,-1.1082908893116254,-1.0058509664902977,0.3085560842852637,0.0083269393931257,-0.0189366259686691,0.006461433769499,0.0063025326097812,0.0036110595571966,0.0360135468652842,0.9993246024800044,0.0526091002222578,0.1752597411404914,9.273900771037418,-0.0014469903588327,0.0130075598778227,-0.9346082469954033,-0.384070878964221,-3.804783716721624,1.4922097867211803,1074.1820094301072,1079.81571888629,1048.4901864984167,1086.5668794908268,574.9619592591216,212.58811812937216,265.4113019964056,-228.90637548537495,151.46902261497428
41.095,-1.3838144244905004,-0.7648667280576241,0.1509811646038283,0.0062438189022973,-0.021277801245164,0.0083751253085048,0.00630651685061,0.0035529086773199,0.0360740133479622,0.9993225927662924,0.0565809039284348,0.1751090427921083,9.27755543374288,-0.0014381690257973,0.0132964627012026,-0.9359223464790666,-0.3840796962255673,-3.8047177987966174,1.4898714655147147,1075.6279068867063,1080.0750142576333,1049.190204007495,1086.009979157648,624.8324433416642,-7.631926375639256,317.11904105938777,-224.93041413915623,151.4676118775623
41.0975,-1.611129666158948,-0.4715355247790925,-0.0322772470553358,0.0022819798577398,-0.0231929526319179,0.0088794987793041,0.0063054991236521,0.0034962146530518,0.0361307594286476,0.9993207390635508,0.0607468330358297,0.1736310113150437,9.280970195682052,-0.0014362691630511,0.0135869860156587,-0.9372156433994624,-0.3840881376477324,-3.8046511691509663,1.4875312585083058,1077.3061716468171,1079.7775592544117,1050.0757817037145,1085.4422274201304,760.8937338285358,-267.7520622684364,421.45485085503685,-231.21137426266608,151.4662119388999
41.1,-1.7754993615647323,-0.0668477460478663,-0.2336592873355715,-0.0040964162845543,-0.0248993422457509,0.0074328572721272,0.0063000886031657,0.0034427560098529,0.0361760684717928,0.9993193121239796,0.0650731035127508,0.1708518537051622,9.284091493757607,-0.001434508875076,0.0138742414506192,-0.9384900418600132,-0.3840997809350725,-3.804585260188873,1.4851888035395489,1079.4323755558507,1078.7362539462904,1051.2974782617712,1084.853922286334,765.9525688089761,-482.35753980319026,459.654346562556,-180.82106439449564,151.4645367337253
41.1025,-1.7952134757753784,0.2998027526806125,-0.3545669554977506,-0.0099511204386335,-0.0255349587020939,0.0052544163233556,0.0062915448698359,0.003400814658281,0.0362065405640932,0.9993183994966262,0.06939528758265,0.1668292918969164,9.286871233185801,-0.0014117157888036,0.0141521246291016,-0.9397473500538908,-0.38411754008323,-3.804520037631955,1.482842887536748,1081.1359344908583,1077.365771555398,1052.3740534365252,1084.5381220981587,627.9836768246665,-614.6287797253119,421.20528343217586,-65.58830615341604,151.46313913309606
41.105,-1.6851375554926205,0.6659396365051982,-0.4093184697301205,-0.0155061172156258,-0.0248569248630976,0.003188860146238,0.0062807747032812,0.0033761936294218,0.0362208642284437,0.9993180258318628,0.0735819791761651,0.1616270248516001,9.289268862639968,-0.0013498849951199,0.0144156452874948,-0.940989181161244,-0.3841426455279182,-3.804454313294911,1.4804922517487964,1082.572293939976,1075.6631100476623,1053.4035046789331,1084.5259807555667,507.37198570460765,-696.9249498592108,388.30790042000586,60.919601886522045,151.4617334466566
41.1075,-1.480368142289443,0.9995059254796061,-0.4128920521902287,-0.0203098392468231,-0.0228609673173682,0.0016490025314324,0.0062667048799739,0.0033656057273035,0.0362236774734902,0.999318041940034,0.0776566787747182,0.1552785473908269,9.291253097342752,-0.0012474065675735,0.0146644514200169,-0.94221701870024,-0.384173401968167,-3.804386659272668,1.4781366625461927,1083.6727944193829,1073.8811468061,1054.315592938626,1084.8427201075915,345.93965134044623,-682.025601582638,321.80371939209346,214.43815567523816,151.4603163849802
41.11,-1.1953234524775809,1.2515307396570787,-0.3720845614910431,-0.0239548250285542,-0.0192056717685917,0.0008614615141197,0.0062456957052868,0.0033625550369284,0.0362169795515215,0.9993184234862956,0.0816862042175638,0.1477799544024756,9.292803211998974,-0.0011093850320664,0.0149036189824615,-0.9434324698623042,-0.384207587788759,-3.8043177320211456,1.4757770840485749,1084.3019921966763,1072.252982039752,1055.012523275892,1085.598171533942,172.30635326209543,-628.1981220933145,246.21957197297115,424.5927608146405,151.45888012170843
41.1125,-0.8178589527099535,1.4159857507719886,-0.2971662988360503,-0.0266801174991735,-0.0130994703063061,0.0006701698712933,0.0062148506532076,0.0033606651064637,0.0362029752073842,0.9993191356516076,0.0857230761626441,0.1391524884495662,9.293909009925088,-0.0009422373309714,0.0151373942009442,-0.9446375869086582,-0.3842431815263816,-3.8042494112151974,1.4734144404476848,1084.5343261856935,1070.740156195632,1055.5466907984917,1086.9656839116656,15.153814201122692,-459.5333557737754,144.9712716614326,555.8724973652601,151.4571275394188
41.115,-0.5181228793806406,1.4261947084059183,-0.2259723468996836,-0.0273678113551942,-0.0075256307925374,0.0009486564962457,0.0061743372374694,0.0033613132529037,0.0361833803809344,0.99932011083965,0.089667130478798,0.1294900956055593,9.294571691922565,-0.0007398710885858,0.0153642552502887,-0.9458350566632912,-0.3842777254138431,-3.8041827914117614,1.471048660656367,1084.3777612676822,1069.955315260882,1055.7373796341997,1088.3775340207699,-105.18664101369284,-214.50806017548027,31.998728669061165,580.832777411143,151.45563799246
41.1175,-0.2775720096784928,1.3246150441961326,-0.1478760708109716,-0.0267607011587899,-0.0032016352898272,0.0012397127422161,0.0061284279509471,0.003358383149658,0.0361652806515934,0.9993210794387802,0.0935532330382216,0.1189670371813217,9.294804020865987,-0.0005123657232251,0.0155757571465734,-0.9470282148667168,-0.3843086609559374,-3.8041181320491777,1.4686799041790737,1084.0083929806256,1069.6676158947555,1055.7066844418368,1089.8698477987189,-176.42865460977777,-40.26561427912408,-44.970592608838125,624.2772064434341,151.45411284514418
41.12,-0.0821930430189369,1.1301293861881545,-0.0316215590870403,-0.0256417414615598,-0.0001343608236794,0.0006767678756989,0.0060796553682318,0.0033489294977542,0.036152701919354,0.9993218829142504,0.0973505127483051,0.1077369870051868,9.294633508004855,-0.0002655728349776,0.0157663981709557,-0.9482209104104442,-0.3843358452898843,-3.804055729444306,1.4663080838954363,1083.495617994634,1069.7539871894867,1055.5125266711557,1091.4989200529842,-181.11515479767888,70.11648002277121,-79.31464906637792,541.2475263213723,151.45223590978318
41.1225,0.0049828813651003,0.9533916136289178,0.0980356723078566,-0.0248224760176769,0.0011704198700145,-0.0006810969691726,0.0060291611484684,0.0033330870109217,0.0361476930589938,0.9993224357982732,0.1009680091116435,0.0959390002382264,9.29410258724309,-8.158229216812496e-07,0.0159325874424053,-0.9494174982935842,-0.3843601440649207,-3.803994820940503,1.463933779198925,1083.1028172066367,1070.0181982948695,1055.3101111965047,1092.576085430327,-141.13689971552105,102.26642546148692,-67.32158740588795,357.791422368972,151.45062927353376
41.125,0.035125348336646,0.802589743570564,0.2643249320886522,-0.0241901677328897,0.0019468169312786,-0.0021530699029771,0.0059807904500868,0.0033165510246779,0.0361527197899967,0.9993226038299976,0.1042151206200117,0.0837745990700042,9.293267726626276,0.0002900530922386,0.0160643823659315,-0.9506229100000668,-0.384383287993582,-3.803933700392148,1.4615578137526095,1082.789933496056,1070.2653193167944,1055.175918734126,1093.28787716483,-124.32797967242034,63.54841363296468,-20.79531487358581,240.709923729574,151.44897488944866
41.1275,0.0460962789485912,0.6730455156480538,0.4743157717350072,-0.0238162077913484,0.0029778024934988,-0.0024288461842631,0.0059375505299216,0.0033024262205493,0.036172638739344,0.9993221820206728,0.1069539233339533,0.0714357518371898,9.292199056089457,0.0006097439074958,0.016152631214877,-0.9518423655271644,-0.3844057545142663,-3.803869584624191,1.4591816197599967,1082.4811773082752,1070.335940363034,1055.2061346221367,1093.779635048974,-111.52237285094748,-29.861672986620036,55.36926155024853,144.04020007829692,151.4469310521629
41.13,0.0695460705593296,0.6080897424735,0.6132601633359914,-0.0240489147645033,0.004208603121686,-0.0004582381375606,0.0059002156621073,0.0032932505319392,0.0362074974675431,0.9993211567819376,0.109062796527941,0.0590808461634405,9.29097915558131,0.0009591949476266,0.0161916826949222,-0.9530810108052982,-0.3844272168731334,-3.803800876830984,1.4568057550568796,1082.2323216318011,1070.1160109518612,1055.4527650418775,1094.0080781652218,-108.37907217272824,-149.91575696255103,152.47482964993125,89.64557994922832,151.44517712131707
41.1325,0.1485613529234259,0.5779661125981039,0.6577861057467124,-0.0248259054212987,0.0057680225162897,0.003385331499773,0.0058637971832488,0.0032942993460042,0.0362497474236137,0.9993198148761157,0.1103756700096603,0.046770899192808,9.289701455142222,0.0013440361214414,0.0161864585094595,-0.9543433387411606,-0.3844473151913527,-3.803728263906872,1.4544299315047435,1081.9392819474115,1069.5863615782207,1055.9685087703867,1094.2278629487203,-127.97322947583596,-253.45267957414163,250.29336747365983,109.76178586243785,151.44336889166112
41.135,0.2957016617728351,0.5681467940962442,0.599067816602618,-0.0256678209801451,0.0071941876425764,0.0074747193297343,0.0058215221184904,0.0033090474505511,0.0362877465944779,0.9993186104967196,0.1107719611787676,0.0345382130990804,9.28846567614253,0.0017659299593772,0.0161459048018642,-0.9556328193634044,-0.3844661194251596,-3.8036529662712257,1.4520539444925271,1081.5924554844223,1068.8487475539916,1056.7042318792446,1094.5568870945335,-149.33519260850153,-321.87998543992666,338.12290720698894,172.66122605510907,151.44151490196325
41.1375,0.5335717642050479,0.5738307707399479,0.4223709816891466,-0.0259785074855165,0.0081667600555112,0.0104297431661,0.005771905496807,0.0033393191539853,0.0363118362409017,0.999317901748195,0.1101804124387732,0.0225142997327905,9.287373387801098,0.0022227188189905,0.0160700348226642,-0.9569516619799076,-0.3844834689221091,-3.803576079153256,1.4496771688404844,1081.1926059843684,1067.9769616510205,1057.6591233064228,1095.0911690789962,-179.8470017689386,-378.38129551540726,449.50127827591774,279.8306880736551,151.4396054503933
41.14,0.908974203577223,0.5835088959583751,0.1234437279189969,-0.0252782225771554,0.0095879332828889,0.0117348459662295,0.0057213537305208,0.0033786050832607,0.0363214835418375,0.9993176931673317,0.1087052557216204,0.0109693564009698,9.286523766584912,0.0026958437007366,0.0159457044701348,-0.9583005207106408,-0.3844978692689491,-3.803498752280305,1.447298191010512,1080.6932204755772,1066.9568410764136,1058.9517382706251,1095.9560405349025,-179.012447328686,-344.7503336605175,477.8671687557816,338.5872620318319,151.43725040610687
41.1425,1.2686862919003588,0.5788655741794123,-0.1466870213348233,-0.0234744798257988,0.0114673735223228,0.010953338672976,0.0056771983017748,0.0034144315495029,0.0363181025355067,0.9993179351933728,0.106577133830819,0.0001824091421483,9.286011046937553,0.0031551398948331,0.0157598617723523,-0.959678012131766,-0.3845092286265962,-3.8034222047314152,1.4449161802320367,1080.297543747726,1066.2532099827195,1060.0484591501995,1096.7841053891539,-146.4227731322513,-228.56363316934352,414.8675599579898,324.8392501858391,151.43523565561387
41.145,1.6280211529026842,0.5454674522659404,-0.3806299557860245,-0.0199567354602076,0.0136149558261632,0.0087613987778045,0.0056435678051714,0.0034361674512103,0.0363013102370315,0.9993186576831632,0.1040052162490645,-0.0096329125788084,9.285921513311619,0.0035741651838893,0.0155069377027954,-0.96108044841143,-0.3845174965360892,-3.803346968410656,1.4425287713628712,1079.9611066099155,1065.8140229105663,1061.0260760704164,1097.5802367858323,-129.54076218836883,-117.96296282071457,369.40879630323445,307.75894776354727,151.43316843058005
41.1475,1.9945470204983264,0.467646969428521,-0.576732031624767,-0.0137394956479013,0.0156579405114197,0.0055292786725129,0.0056281597584706,0.0034411611551087,0.0362751904536959,0.99931967958609,0.1010666384835934,-0.0182031812045421,9.28632974495839,0.0039421464479409,0.0151753351718386,-0.9625021401179112,-0.3845219721204562,-3.803273249605726,1.4401322682660007,1079.6498399367836,1065.6633951686156,1061.8955031317166,1098.3229001279724,-98.9772490704572,10.74989329828054,246.07255301102313,216.369469277712,151.43062996473986
41.15,2.205539395316377,0.3771486209699419,-0.6601566631092274,-0.0073279504341095,0.016790064604134,0.00298261046842,0.0056345273712213,0.0034283088156554,0.0362475509029018,0.9993207021130088,0.0978190054776516,-0.0253459771849278,9.287294757742057,0.0042525726189036,0.0147625275567311,-0.9639357183170404,-0.3845225966492838,-3.8032010319458194,1.4377255824759558,1079.466220364564,1065.8677723770577,1062.2564388354704,1098.66208413222,-62.23482723027245,149.05019521644695,48.613524861477934,64.6659010814925,151.42846909189868
41.1525,2.289374569618108,0.2719197956891685,-0.6712593416010478,-0.0003715758697938,0.0173246716121413,0.0009803623275824,0.0056580984863274,0.0034079053803967,0.0362199083021726,0.9993216549393475,0.0941140039190373,-0.0310389437491739,9.288857783417303,0.0045225001110065,0.0142819742573841,-0.9653728183875409,-0.3845210318552473,-3.8031309562195816,1.4353102880038995,1079.3386658006323,1066.408646144698,1062.138570756024,1098.64622963338,-50.92888437440829,312.37802826733446,-174.3279568571342,-87.43356966010725,151.42626490559775
41.155,2.240839939040428,0.1411547223882296,-0.6291111802601245,0.0075622962611888,0.0173005024325294,-0.0008216087833681,0.0056924816589465,0.0033899293065403,0.0361911720759659,0.9993225746523214,0.0898167800415556,-0.0353144583461726,9.29103909903912,0.0047701214983387,0.0137516971024445,-0.9668052316866744,-0.3845184756117778,-3.803063531979351,1.4328880652437015,1079.2115759426915,1067.4296625183952,1061.3847990511842,1098.2249162839191,-47.172286213614974,433.784409937274,-376.9552205844111,-211.14968988787143,151.42357521509473
41.1575,2.09410318366646,0.0322810288042039,-0.5707440879339213,0.0131148916067423,0.017005870101119,-0.0019508645623837,0.005736692366755,0.0033753946451216,0.0361647445897692,0.9993233348940016,0.0849681564194838,-0.0381348656528786,9.29383712597484,0.0049979240431481,0.0131806795826385,-0.9682258496388823,-0.3845155085450862,-3.802998897746296,1.430460347511326,1079.1028043695644,1068.5775681943824,1060.2537946531036,1097.5904811839416,-46.71703764909009,516.680484851085,-541.4525355122308,-293.60969523007486,151.42130097243182
41.16,1.871438708749923,-0.0805842992773967,-0.5124323150462675,0.0172803339607348,0.016793402385784,-0.002754358046824,0.0057945998079337,0.0033641118997916,0.0361480970386792,0.999323640784292,0.0796379693978056,-0.0393991033135817,9.29722989142375,0.0052075727635035,0.0125690682212607,-0.9696289804052914,-0.3845132619095047,-3.8029362630752286,1.4280289640175543,1078.977990754446,1070.013064942652,1058.6775363736217,1096.7568678077682,-51.32627428895024,616.7763675353427,-683.1772674737892,-349.65439362545413,151.41899797742937
41.1625,1.610951137056505,-0.2042330228984653,-0.4673427759285501,0.0206568787458101,0.016507796241526,-0.0032024622783808,0.005872478198828,0.0033621712753297,0.0361455095738236,0.9993232794527352,0.0737836169889793,-0.0389833243038327,9.301176562499684,0.0054141288046305,0.0119121751576563,-0.9710103388684456,-0.3845142533679409,-3.802875591971824,1.4255960995115171,1078.8461729981195,1071.6614500320609,1056.837908315733,1095.8422092158135,-49.19936213823276,700.7000631429953,-765.6455684487497,-363.1011624249487,151.41667504950775
41.165,1.3251190387660863,-0.3508835901147349,-0.4447845137006012,0.023475510125001,0.0158845014398863,-0.0032879766922202,0.0059688412625375,0.0033782214067507,0.036154648280804,0.9993223143027,0.0673115915214201,-0.0369327551711485,9.305618314111356,0.0056390687721748,0.0112203710835584,-0.9723666827752334,-0.384521353695273,-3.802817805858981,1.4231630457839253,1078.7319939437552,1073.5165652583637,1054.8493085313814,1094.9413619956451,-36.078165293956495,844.6360172634512,-863.6186314422632,-362.9247337087198,151.41433272743893
41.1675,0.9648471985802116,-0.5653446409513871,-0.435120749552784,0.0264504878787028,0.0150740241375599,-0.0035470449427575,0.0060736590885618,0.0034182727139239,0.0361691385000217,0.9993210146490106,0.0601726043637159,-0.0334805239533834,9.310480207304895,0.0058995644698596,0.0105209440471536,-0.9736955331024651,-0.3845358090563921,-3.8027630527541953,1.420728705854565,1078.6657821716497,1075.8846301183803,1052.5198151585196,1094.0275855472687,-3.658906267399236,872.1609301831536,-815.1146670087578,-285.61989443204703,151.41150541729314
41.17,0.6525511189334168,-0.7815847663085341,-0.4222838443488023,0.0285524018088362,0.0144784665219004,-0.0043830663706086,0.0061768428134605,0.003480601159377,0.036181229860646,0.999319727668023,0.0524620440688842,-0.0288931056282571,9.31567418860717,0.0061969159550238,0.0098418459010828,-0.9749950882892808,-0.3845571567496339,-3.802711323357861,1.4182919472924316,1078.7136994124182,1077.8773699092817,1050.7737351963356,1093.513262523484,51.98247495691429,771.4703334629771,-632.0842501732678,-132.86889878193767,151.40913979492836
41.1725,0.3295366519156965,-1.0316907740974468,-0.3729474946804512,0.029992544054307,0.0133712567834875,-0.0060368048233566,0.0062694710633832,0.0035569301046693,0.0361889970328112,0.9993186061699428,0.0443992592701385,-0.023445470606837,9.321102421379695,0.0065177405132455,0.0092089626246951,-0.9762640143778344,-0.3845820365202067,-3.8026629768256974,1.4158525975599683,1078.925694546434,1079.7419817856917,1049.359393907656,1093.3632410533598,144.46730475239633,753.5696146004522,-530.1605481820859,31.525046823055405,151.4067692727693
41.175,-0.0638764893775886,-1.3434687622202988,-0.2406314001621323,0.030515892314187,0.0108182676448118,-0.0086947883509153,0.0063426141379964,0.0036382148423592,0.0361914189523833,0.9993177759653924,0.0362216666357087,-0.0174359579459805,9.32666040743007,0.0068442316672799,0.0086477385686168,-0.9775012351132656,-0.3846056377897254,-3.8026182663924017,1.4134101919619744,1079.4360359361804,1081.6452179822859,1048.1229324554236,1093.6708877575995,238.06497617448807,617.8606276150298,-374.83896223842663,191.475523004958,151.40392469707768
41.1775,-0.3887542184575196,-1.580440622080319,-0.0622767700057386,0.0298758526448519,0.0077232710700237,-0.011039313278437,0.0063895135919704,0.0037086067867361,0.0361867358708536,0.999317400089636,0.0283008259917451,-0.0111462465447706,9.332240119176385,0.0071418774593162,0.0081789897317257,-0.978705991612861,-0.3846231392007659,-3.802576546961975,1.4109640993957893,1080.116019427307,1082.8312849237684,1047.485199096463,1094.3206186683851,330.01853429102994,371.1436364743541,-180.97571442233945,320.48627503106263,151.40155831100108
41.18,-0.7014053216840105,-1.7461145642177835,0.1666077739930328,0.0283559158478731,0.0034485112205197,-0.012237830500282,0.0064057264723456,0.0037591395305782,0.0361743623553043,0.999317560332574,0.0208886797138666,-0.004825247190284,9.337732253040445,0.0073866997796403,0.007817219348741,-0.9798776747848224,-0.384630222400847,-3.802536816705324,1.408513917480178,1081.0861286076342,1083.500936164656,1047.218053883313,1095.2733191327532,489.1280201463716,166.93393536958587,-48.55745118625105,443.4314732969537,151.39920065598864
41.1825,-1.0551770162116032,-1.806751753639192,0.4419509723528488,0.0256469325246573,-0.0033596639884215,-0.0109711725407591,0.006389175689236,0.0037899746804732,0.0361550393762092,0.9993182433651734,0.0140758369122207,0.0013182877531707,9.343028083844617,0.00757090217029,0.0075699886711136,-0.9810158614321836,-0.3846249711791132,-3.802497623733772,1.4060592602520023,1082.5616595280367,1083.6659546006156,1047.242411840532,1096.5377760348679,579.9551555519645,-40.98432514772589,51.66783270776335,441.2927290839905,151.39638621209852
41.185,-1.329298037405973,-1.7136139287357228,0.6228234234022499,0.0228684349345691,-0.0096864835792831,-0.0080077846956016,0.0063447034152569,0.0038065857303836,0.0361307263784993,0.9993193297301352,0.0078648682088573,0.0072035845695821,9.348021577649073,0.0076967712644263,0.007429020075868,-0.982120589352151,-0.3846101207788749,-3.802457563563333,1.4036002564825645,1083.9859043853955,1083.2960145389172,1047.4763930468519,1097.4797827781745,583.0580723545354,-236.32020667052265,120.37965572888632,303.04038689985606,151.394056156986
41.1875,-1.579547662378627,-1.4669605670969699,0.711855111194883,0.0198906582076609,-0.0152508650456686,-0.0046261114021503,0.0062832545555201,0.0038183475729672,0.0361063775954213,0.9993205400209312,0.0021938653888613,0.0128673654292872,9.35261188546618,0.0077756465789234,0.0073718043377788,-0.9831925602398232,-0.3845905552537719,-3.802416226771711,1.4011383020184096,1085.4769498898108,1082.4843535672624,1047.8443101191767,1098.052977969368,580.4916955985668,-380.36113564278855,158.35536655645987,139.77095001777323,151.39174519497655
41.19,-1.8050590816261585,-1.114338849572128,0.7155324634716856,0.0166991557723721,-0.0195151561273248,-0.0015524068405502,0.0062167851343992,0.0038298345481775,0.0360893486765661,0.9993215226942052,-0.0029074146880225,0.018368289377591,9.356707413906182,0.0078122667337596,0.0073723384402423,-0.9842333383221133,-0.3845701992272725,-3.802373125993769,1.3986735904814032,1086.8883628633855,1081.394208860705,1048.2681698796334,1098.1786375282627,510.2627206582047,-481.65823149377417,174.688486649349,-69.81105645933052,151.38945214848243
41.1925,-1.9847128107389824,-0.6819134949956056,0.6291108654421392,0.0126771497325741,-0.0219644611927886,0.0010479277176933,0.006157563067198,0.0038368692088662,0.0360888959459695,0.9993218858797566,-0.0072478620988221,0.0237761048799624,9.36022983445363,0.0077974262302768,0.0074030629684052,-0.9852454674322528,-0.3845523378999015,-3.8023275634986975,1.3962061704201831,1088.0282634931032,1080.0760624097923,1048.717752552424,1097.703922687071,401.98710422730426,-610.0608977434665,201.27608101632796,-327.88179218902366,151.38718286440908
41.195,-2.1138867481509647,-0.145990609920878,0.4602871287583015,0.0064829969139804,-0.0226040662273635,0.0031161584993166,0.0061099710947287,0.0038374066781924,0.0361044879286909,0.999321627449026,-0.0106884472051261,0.0290292092624484,9.363116980448003,0.0077295106482941,0.0074507303322691,-0.9862322163604936,-0.3845399224302776,-3.80228003046664,1.3937363538343046,1088.8982983845233,1078.343904371986,1049.2745502847156,1096.5392285673167,223.46817794957448,-648.7676952811387,211.2631458801036,-487.0957049898944,151.38448953782768
41.1975,-2.123383802466513,0.2606591712750539,0.3038577331634637,0.0005330190048245,-0.021142770268435,0.0035374771221417,0.0060741076359515,0.0038336029470332,0.036132059758758,0.9993208858118516,-0.0131839675929327,0.0340070338062248,9.365325330767341,0.0076179659036459,0.0075095707582859,-0.9871976082857646,-0.3845339799524216,-3.802231801388632,1.3912645939045847,1089.14560438285,1076.8322239333895,1049.7740682818235,1095.2684441621238,7.7333208737815315,-609.1916838508563,217.32155951329128,-503.7129978548516,151.38227137554247
41.2,-2.009599710459631,0.5766876786417006,0.1760955298817667,-0.0055712132827593,-0.0182088625191474,0.0026706251379158,0.0060474459505606,0.0038314864441807,0.0361676562536888,0.9993197960358046,-0.0147804841690071,0.0385642497177852,9.366832529290564,0.0074818429063803,0.0075783175407629,-0.9881464362569689,-0.3845330706460652,-3.802184065471552,1.3887896418634753,1088.9369649888922,1075.2979459527303,1050.3611580822824,1094.0206635780412,-161.6169114519008,-668.6611450512136,292.05486681065463,-459.72119552597303,151.38008207453413
41.2025,-1.7274442047824583,0.8284466447881815,0.0876810955188578,-0.0122544200237655,-0.0145059953261452,0.0011523482381788,0.00602842398753,0.0038252467261473,0.0362115745020262,0.9993183734486502,-0.0153224426383051,0.042590307142799,9.367641403710362,0.0073178398342113,0.0076543066999576,-0.9890845814317872,-0.3845337163981302,-3.802137286629645,1.3863115878032715,1088.33751982559,1073.4889182081315,1051.2343426158775,1092.9698381844928,-242.24714819660423,-646.1974385714677,355.84980507233547,-260.0213633661588,151.37749017915357
41.205,-1.3847756066525527,0.9386410559387824,0.070068131914316,-0.0165676221759954,-0.0119009067921556,0.000298295564469,0.0060174356477044,0.0038057293854779,0.0362613098791949,0.9993167365020236,-0.0146139669183932,0.0460352504483203,9.36778021308332,0.0071162644084774,0.0077308775608881,-0.9900189928170324,-0.3845347156306287,-3.802092239089783,1.3838310597431287,1087.7257292479103,1072.066958759876,1052.1404071076427,1092.7205567612116,-226.35556363499987,-532.6771446256774,402.5623695061072,63.365681026074846,151.37536110688993
41.2075,-0.9607363853611282,0.9691979546728308,0.0910705927094417,-0.0192077871550489,-0.0096705197164271,0.0003629142951009,0.0060155941974515,0.0037700498782953,0.0363155908786906,0.9993149324548471,-0.0126018335029097,0.0488946045478666,9.367302067177471,0.0068800867847774,0.0077988931857978,-0.9909575745426956,-0.3845366453576723,-3.802047323183906,1.3813499710795072,1087.2057420074143,1070.825532485002,1053.247154463409,1093.286666589623,-174.02412505375844,-481.64074300382623,527.6456837857979,430.3246608534736,151.3732658678948
41.21,-0.3975084961432401,0.9461717083052004,0.1259122330609992,-0.0207270772953036,-0.0072875089844418,0.0013103595903548,0.0060254641677155,0.0037234876526539,0.0363729597114758,0.9993129766476448,-0.0094115731769714,0.0512247516101176,9.36628447042442,0.0066285856205739,0.0078450233033251,-0.9919090404765708,-0.3845405394312242,-3.8020007801224582,1.3788702707869565,1086.855608622641,1069.6587550448555,1054.7786355265728,1094.87218006548,-73.16313014291441,-360.6684514998148,585.817699457344,697.4541643082352,151.37079293299095
41.2125,0.0916957733201294,0.8982805508667425,0.1403211479081092,-0.0208584545523243,-0.0054535013529295,0.0025119617435928,0.006050177293393,0.0036738672293466,0.0364336868087914,0.9993108109197943,-0.0052427797861147,0.0531222607919169,9.364829306065566,0.0063862301572569,0.0078539730214087,-0.9928825783761716,-0.3845473908224952,-3.801951463363419,1.3763925422621457,1086.8399263567003,1069.0221902275043,1056.1762429606931,1096.7739374111611,44.409182669573994,-178.16470083389484,569.094433792752,814.9919411198349,151.3687683361186
41.215,0.576741947799592,0.8398186012618982,0.124514193844004,-0.0198259422804138,-0.0037100736662284,0.0036389216139626,0.0060880954508828,0.0036275482535312,0.0364971710611245,0.9993084444644303,-0.0002967092240588,0.0546196905512792,9.363062084945055,0.0061747664357747,0.0078197218534972,-0.9938872195672932,-0.3845573549880311,-3.8018982431126553,1.3739162873103787,1087.077654535989,1068.7679315406856,1057.6241076955382,1098.9471397710813,121.73763808485228,-42.154011779463225,575.3502103329323,858.2261391847779,151.36678346351005
41.2175,1.0430029771284803,0.7825068200978756,0.0831651821564674,-0.0179387901110085,-0.002182467652699,0.0043911490174417,0.0061321831464042,0.0035890459792068,0.0365557594333583,0.99930618214803,0.0052321409466465,0.055671057064099,9.361128663806381,0.006011953619302,0.0077474077234548,-0.994931191692692,-0.3845709299135696,-3.8018403942065406,1.3714417483966728,1087.4486145471249,1068.8114201686071,1059.0529940123592,1101.0650681070874,156.30448729794472,74.3916328285417,552.6519751313141,774.6097143173524,151.36483317115008
41.22,1.4695804040355067,0.7328549634999015,0.0203010297289202,-0.014872016709465,-0.0008008996107915,0.0044903419872786,0.0061749976718543,0.0035608232167501,0.0366016931809471,0.9993043438516228,0.0111666579526856,0.0562421915891123,9.359189665222626,0.0059105447460729,0.007644101825675,-0.9960213503743082,-0.3845881535686922,-3.801778075608119,1.3689696377925091,1087.859176972478,1069.139889704828,1060.3873675711923,1102.8201883426643,161.58462896210867,183.7341049549165,547.8627858089038,638.2606339555341,151.36292620741617
41.2225,1.9139442771295712,0.6821838048127417,-0.0639897718883901,-0.0096460240774735,0.001118377033756,0.0039880047000422,0.006212601149383,0.0035412268363233,0.0366328008712527,0.9993030387884764,0.0173926553194699,0.0563780626335042,9.357413933987598,0.0058735834494694,0.0075118822914442,-0.9971625591875228,-0.3846070046664474,-3.801712100612823,1.3664987636033223,1088.2565376919358,1069.730090693382,1061.7923079414052,1104.2563712768667,116.96382537960216,229.0617226497681,471.2307075563648,400.8690680894911,151.3606892643496
41.225,2.2145419738505265,0.6438690631318446,-0.1327355862139078,-0.0040438522328847,0.0030102087383579,0.0033738485576597,0.0062435790590572,0.0035265681645304,0.0366498828916597,0.9993022597662446,0.0238239172159247,0.0561800053438788,9.355971410276586,0.0058981751337373,0.0073502863199314,-0.9983569841192864,-0.384626013990203,-3.8016441175720983,1.364026937710856,1088.4439960993764,1070.2851983180772,1062.7435211089753,1104.824533683113,41.92395566105181,215.92570583376613,325.03350278232125,102.76591599181552,151.35886837400867
41.2275,2.4352632325342065,0.6072400493702556,-0.1958346925386492,0.0023001228490624,0.0046964836740712,0.0026436262003308,0.0062673208748458,0.0035165233349466,0.0366493837991467,0.9993021426610572,0.0303050909096364,0.0557710735520304,9.355025535362737,0.0059860237515576,0.0071598239514372,-0.9996035574269808,-0.3846461715635558,-3.80157641147958,1.36155222187689,1088.466157470241,1070.80971922255,1063.4174754553153,1104.770200856825,-19.27153407672373,210.194590881594,227.0376351191974,-142.56307921338683,151.35709213388083
41.23,2.614484798866143,0.5676524812364081,-0.2679441741601715,0.0098944603941914,0.006161963597777,0.0017041808285778,0.0062856053592907,0.0035143033174455,0.0366289818967776,0.9993027521193528,0.0366156687778465,0.0553195546875856,9.354725579181844,0.0061437172353059,0.0069389245877021,-1.000897834547726,-0.3846678041581985,-3.801511702338956,1.3590722862226203,1088.3476384289927,1071.336171272486,1063.8787092845719,1104.1117182870455,-55.668196182267536,171.6316053556088,111.01212228230683,-316.59279878938094,151.3550111633817
41.2325,2.704885822582132,0.5401316471614839,-0.3312092499995866,0.0157825322913073,0.0073349767997752,0.001021487362461,0.0063027527243082,0.0035223706119395,0.0365918343340958,0.9993039395178496,0.0425562418917919,0.0550324004088493,9.355199571872413,0.0063740604000847,0.0066836981399021,-1.0022321789601862,-0.3846897106911463,-3.8014521027196393,1.356585294836998,1088.1878164893294,1071.6678772493285,1063.9725360667271,1103.1872368628776,-59.96324637872927,111.14618854304456,-20.527677754690128,-418.4107966046381,151.3533177616631
41.235,2.7476838005226294,0.5177198827340018,-0.4068823262069007,0.0214756767894437,0.0088894373672426,0.0004488224079574,0.0063249317668536,0.00353652778867,0.0365481342494214,0.999305308731935,0.048064346211591,0.0551321822600994,9.356547736894989,0.0066640823843039,0.0063891731274565,-1.0035962474230715,-0.3847095842791256,-3.801397364774555,1.3540903738804693,1088.047822197099,1071.8919022152006,1063.7760708957985,1102.0196643040244,-40.90230223953495,76.50804092859923,-125.06421137634756,-486.0618884388501,151.35166438079395
41.2375,2.7534766960710466,0.4998021468129253,-0.497761295502079,0.0273696246588596,0.0105060857706057,-0.0001384747911464,0.0063572152559136,0.0035555422125327,0.0365091510960915,0.9993064225415323,0.0530376643837009,0.055803943616293,9.35883689459954,0.0070043309073327,0.0060538098256298,-1.0049774598182994,-0.3847255669883589,-3.80134707042427,1.3515869630552042,1087.9833049781316,1072.0504174539717,1063.347215009845,1100.756927420682,2.7189773503309613,59.094533499016286,-227.27063418926457,-503.7139328231357,151.35004205405167
41.24,2.7064745591122006,0.4927135370616233,-0.6069142044279018,0.0335671811755758,0.0116457162939043,-0.0009260573663008,0.0064004888776371,0.0035802369613055,0.0364819785765444,0.9993070173852812,0.0573534235002348,0.0571335604383718,9.362096930006537,0.0073874686856899,0.0056851442033922,-1.0063617027049578,-0.3847364583681111,-3.8013013400974702,1.349074665917322,1088.0614170838508,1072.1873748826958,1062.6397177248516,1099.5010946399075,71.86210073670905,76.97615825066073,-376.6887104522781,-522.1915162850768,151.3484542587383
41.2425,2.56928605881866,0.5066506364412053,-0.7489091053287998,0.0410740754519751,0.0122394198243424,-0.0023022019612414,0.006450143631474,0.0036050630272185,0.0364740205914097,0.9993068759929482,0.0610290768635048,0.0590749682642135,9.366318596297763,0.0077920781182903,0.0053024002148834,-1.00773424282452,-0.3847403936314899,-3.8012600026489616,1.3465538633270895,1088.3426154818148,1072.4352982452247,1061.4637714575852,1098.1459698392591,130.30208344255726,123.49891092946882,-485.3669440019852,-453.4108689243598,151.3465848106962
41.245,2.3706473566562796,0.5389730854146222,-0.8619269399548638,0.0473264659718141,0.0124585094160676,-0.0038987234964046,0.0065050173655751,0.0036250179470332,0.0364908004475261,0.99930582515606,0.0641013807139463,0.0616212797401382,9.371451407955815,0.0081965997754956,0.0049173962526111,-1.0090805567873395,-0.3847352921503903,-3.801221145075417,1.3440246873132775,1088.7129275010632,1072.8048694373426,1060.212883004844,1097.2340402952875,164.85601585341763,202.72502191277087,-552.6401994878497,-303.06589264103377,151.34505376771213
41.2475,2.066574841862149,0.5807866313899838,-0.945735498094427,0.0533063310362963,0.0131462419203262,-0.006250813994848,0.0065639050014226,0.0036423735015737,0.0365222778919883,0.999304226581587,0.0664980481812213,0.0647456517822188,9.377405738566221,0.0085939227427139,0.004540684612531,-1.0103869400664152,-0.3847222974262565,-3.801183642390936,1.3414875525036187,1089.1668955610824,1073.448923354789,1058.7005704601447,1096.6306403760532,203.02327947450596,363.5381233273124,-716.2339322684121,-183.82868365083283,151.34354670036475
41.25,1.5699495593276067,0.6106579017168356,-0.9839557206022778,0.0592202100246924,0.0151425754684695,-0.0100936626518588,0.0066246762615351,0.0036636698050939,0.0365521317020393,0.9993026628130288,0.0680925156095146,0.0683834969203105,9.384056273111279,0.0089868177408799,0.0041831933877489,-1.011641251585956,-0.3847045502742958,-3.8011470194082055,1.3389430598387755,1089.7280438984362,1074.62256005398,1056.6317133435,1096.314896877033,198.48728229421656,500.47637672341847,-791.4460848298327,-47.28341532681705,151.34176121901632
41.2525,1.048130761092534,0.5929796359904442,-0.9506932071197116,0.0627634594709353,0.017505044535366,-0.0136184886527139,0.0066836251687744,0.0036898841914549,0.0365660308932298,0.9993016763642332,0.0688857901995804,0.0724148829551218,9.391246774417423,0.0093691304900434,0.0038580290396264,-1.012833732208486,-0.3846858117793403,-3.801111189040905,1.3363930764241625,1090.1593319725523,1075.9513052384038,1054.7433400359992,1096.3942232994193,156.78784341386,594.6757038755236,-776.2419093880575,94.84978325417309,151.34028889845084
41.255,0.424245666637299,0.5103926584746415,-0.8518397714762331,0.0651813365068584,0.0198796117409405,-0.0165409579873235,0.0067391833373346,0.0037228296484044,0.0365589622809531,0.9993014525649464,0.0688863951515054,0.0767406583208578,9.398795705159312,0.0097388591486125,0.0035722958958728,-1.0139574357126513,-0.3846684794399452,-3.801076329559608,1.333838844879626,1090.511983115506,1077.5959385733593,1052.7505037965575,1096.7891457933042,131.08133772650606,768.1360983836547,-883.7666750778706,228.3242444107341,151.3388283092631
41.2575,-0.4191662364596928,0.3330667245908327,-0.6805106370734741,0.0667846580291405,0.0221722535444444,-0.0189156975122158,0.006791967384468,0.0037612878160208,0.0365389492245992,0.9993016935889344,0.0681796151138809,0.0812839858474456,9.40650334832451,0.010090233943823,0.0033271161540176,-1.0150085808193992,-0.3846532892249733,-3.8010413605287288,1.3312827589155491,1090.8147386611854,1079.791985730324,1050.3245066606075,1097.5358445214736,87.36667160659395,813.1385606094345,-881.2797585210603,301.39129956660446,151.33708384955588
41.26,-1.1695516201599607,0.1315999000543415,-0.5171679982497449,0.0663004108648744,0.0232155912476588,-0.0200195755416628,0.0068400728853906,0.0038036253290361,0.0365138822482633,0.999302128054908,0.0668701132975207,0.0859091163383735,9.414160819623548,0.0104186885748773,0.0031271273364731,-1.0159865050181078,-0.3846401567340681,-3.8010056967307033,1.3287264179721832,1090.9488164735385,1081.6616313764027,1048.3441050039564,1098.2961022911359,24.768912743762545,718.343787224463,-764.3584733495753,308.8928405937861,151.33563316286566
41.2625,-1.9098086255482325,-0.1006553925846884,-0.3585572764174676,0.0627955078855611,0.0228896802001079,-0.020474403016755,0.0068810574950377,0.0038468892897851,0.0364855296181515,0.9993027204406736,0.0650951280563972,0.0904627656263932,9.421558013270465,0.0107183545921051,0.0029767569964362,-1.016893489376372,-0.3846278551037971,-3.8009688231776977,1.326169881149658,1090.9385832249043,1083.3837046664482,1046.5027142938577,1099.0803087244433,-30.48121128734497,639.3451117773478,-696.8623329718484,300.60753661144275,151.33418127658922
41.265,-2.5866668433484112,-0.3385001502170402,-0.2177670153282071,0.0564506434128282,0.0214869122589492,-0.0206007470939251,0.0069141815430197,0.0038910713631005,0.0364551408238831,0.999303433957468,0.0629414820038114,0.0948228624872544,9.428491365557598,0.010990373680931,0.0028754822812973,-1.0177343585070229,-0.3846162843400646,-3.8009306727407486,1.3236130665399823,1090.7964104171017,1084.858356935291,1044.8597933390954,1099.7991399741938,-88.78157914881629,509.71163966029025,-587.3041217038801,256.28967164848865,151.33272536364427
41.2675,-3.1268013631052227,-0.5683246964706272,-0.1065723338366725,0.0475382729323361,0.019570006922429,-0.0205322056660158,0.0069404423555422,0.0039333173540017,0.0364307373814556,0.9993039833316564,0.0605510129486992,0.0988986431583012,9.434771423076436,0.0112310843133497,0.0028182956787213,-1.018516269390772,-0.3846048785143311,-3.8008905562678095,1.3210569577018667,1090.4946753291606,1085.9322628647471,1043.5661936853407,1100.3617570826843,-164.79902665728997,369.8415566283456,-461.51435585933575,201.77104357220423,151.33126119175833
41.27,-3.5704306020348793,-0.8324772639016949,-0.0080740066371068,0.0356679617200402,0.0174746889092384,-0.0203946917130769,0.0069642074917502,0.0039720140083104,0.0364173912476794,0.9993041640934152,0.0580397710383781,0.1026688399963292,9.440229412892931,0.0114398989397766,0.0027924668990946,-1.0192482809961665,-0.3845927189430384,-3.800848628773613,1.3185011764144394,1089.9724152838148,1086.7075647184336,1042.5522215597975,1100.8079951920552,-211.3533930017921,202.82070157789883,-267.38883023413075,125.87962018367688,151.3294905851945
41.2725,-3.7633701256610688,-1.0473592131693013,0.0492079890791652,0.0259313206830315,0.0157781973199424,-0.0202989517023749,0.0069901142084237,0.0040023746681658,0.0364168374458463,0.9993039024925529,0.0555753845883772,0.1061232659684528,9.44472394188433,0.0116105365642559,0.0027844546433773,-1.0199410551018584,-0.3845799718681462,-3.800805962718623,1.315946278860053,1089.437908364151,1086.9463663726372,1042.2292495341696,1100.9911551836033,-223.48856471914905,25.12184670820272,-14.327552851968292,40.98535085485399,151.32800104291675
41.275,-3.789505499014679,-1.258251407727843,0.0883230663750944,0.0168612485890661,0.013850769103672,-0.0202452349648566,0.0070128965776946,0.0040273245447676,0.0364248180402082,0.9993033729521714,0.0531611217759182,0.1090807100277812,9.448148521337815,0.0117539417998143,0.0028000823909476,-1.020606151977178,-0.38456814447916,-3.8007630842455455,1.3133928014851697,1088.85497246022,1086.8331739519747,1042.4805837955375,1101.0129219463295,-253.11832263788128,-110.84086612376053,232.7743750919754,-15.1878809306631,151.3264940123011
41.2775,-3.6586105364694808,-1.4941101205994,0.1223031623586457,0.006325132504031,0.010744509786288,-0.0202026001790344,0.0070263307064713,0.0040472615467441,0.0364384340432767,0.9993027176883807,0.0508337821064122,0.1113517889956237,9.450432827686724,0.0118768644030375,0.0028470820480549,-1.0212558766240791,-0.3845568612542381,-3.8007186959086954,1.310840397889688,1088.172316750961,1086.3921620420183,1043.39312140963,1100.91521577895,-236.6598600491824,-199.66227181593027,416.7442517443447,-45.94858601178581,151.32466236749303
41.28,-3.4359800936308744,-1.656128694175932,0.143293007191766,-0.0025140975498661,0.0069804650774671,-0.0201378779112464,0.0070266267112409,0.0040572535254185,0.0364521705587221,0.9993021811619552,0.0487171675711857,0.1128027784748399,9.45154384142091,0.0119756509173798,0.0029285807241288,-1.021902929203434,-0.3845468753968399,-3.8006717708490334,1.3082887149101519,1087.6716731599736,1085.8348625928943,1044.5643050542603,1100.7831790162704,-174.64129070046934,-252.52594379758423,520.5042053976928,-50.41701646973744,151.32311474303006
41.2825,-3.1228266934423647,-1.7524952002797305,0.1568420709366971,-0.0106814069797332,0.0021786735963284,-0.0199594570919969,0.007010294768524,0.0040534058937636,0.0364586724617762,0.9993020716593972,0.0468999708553718,0.1133204575765066,9.451486799646911,0.0120492022948547,0.0030472378456667,-1.0225598383236691,-0.3845403818491339,-3.8006231135956514,1.3057385731010243,1087.2991102974595,1085.1295323230315,1045.9956424366162,1100.6631306966015,-125.85924978341536,-341.6802617085139,648.3987171832589,-36.06170743944833,151.321543098508
41.285,-2.681262057279704,-1.7655020757152056,0.1601231704001252,-0.0186656232470778,-0.0041271213341643,-0.0194980819325042,0.0069785401853194,0.0040376791378876,0.0364515786634982,0.999302605287332,0.0453487250365032,0.1128985173489577,9.450302779753779,0.0121081691998323,0.0031961552292152,-1.023238448845302,-0.384538496977367,-3.800573816634288,1.3031898596182494,1087.042376911056,1084.126461284351,1047.8062986401785,1100.602870479073,-60.81319994456479,-396.8024054109963,653.4975269286246,0.8003733733399256,151.31962750086495
41.2875,-2.2873415529534493,-1.6837281918697535,0.1475754340682315,-0.0238115472263466,-0.0094229617417663,-0.0188334142479644,0.0069350984142317,0.0040133392535947,0.0364290620123669,0.9993038101447228,0.0439944619357956,0.1115930071534408,9.448066926396653,0.0121652993164014,0.0033637591780247,-1.0239495567434032,-0.3845406076724711,-3.8005245119436752,1.300641950343845,1086.9950442977365,1083.1455202959755,1049.263130071261,1100.667132563468,12.682890492271948,-429.7995395732685,551.2653868428526,58.64965045421618,151.318005412021
41.29,-1.8916271367966029,-1.515875125066968,0.1164028323294919,-0.0278354784310007,-0.0139894227766337,-0.0178588989411455,0.0068800963603939,0.0039860902362743,0.0363868063989112,0.999305820268186,0.04270884313054,0.1094067729218883,9.444886414693903,0.0122374001276554,0.0035464674604542,-1.0247024117627899,-0.3845459626639803,-3.8004755216327033,1.2980944023450327,1087.1057913635175,1081.9774635864867,1050.5626255743903,1100.896118731344,66.13872059052737,-504.8332115281629,486.6560152582917,124.98084067135979,151.31635565233768
41.2925,-1.5023672096415597,-1.2965756507429187,0.0734814260158378,-0.0312716387820397,-0.0174840479004474,-0.0167312563003698,0.0068131659515184,0.00395681449315,0.036323830632905,0.9993086715824432,0.041447798216232,0.1063419141182083,9.440894949649456,0.0123297611184981,0.0037427732019321,-1.0255045297131216,-0.3845543135197547,-3.8004273156406807,1.2955479224318742,1087.325737900689,1080.6213542383334,1051.6964101475537,1101.2920367668253,108.68492764169685,-594.7100608236865,412.05393999081775,205.1803275338303,151.31468250850077
41.295,-1.118739244733056,-1.0459000586121223,0.0327081801380095,-0.0343114595694833,-0.0197245665171823,-0.0158102375522871,0.0067365714238721,0.0039260619568542,0.0362427967713268,0.999312251534958,0.0401729920414647,0.1024606975696797,9.436246042771268,0.0124445731182026,0.0039464199869266,-1.0263612080668956,-0.3845641799029035,-3.800379966231666,1.2930020830696392,1087.6492160017262,1079.0039132823667,1052.6228952743454,1101.9220203690136,160.82838906150832,-776.4634113043725,359.6919752348728,337.89618772779056,151.3129809596888
41.2975,-0.6562365220096446,-0.7434865679400048,0.0236548941881565,-0.0376356441670961,-0.0214120632375954,-0.0157361072120945,0.0066564464879191,0.0038873566326748,0.0361549672967195,0.9993161321367257,0.0389837503308156,0.0979027638982789,9.431106598516,0.0125668398958749,0.0041441263542354,-1.0272752970270924,-0.3845715200243713,-3.800332947223012,1.2904548554631259,1088.129879845996,1076.739037181815,1053.4948700237264,1102.9815177054627,189.448731617625,-882.2437746489446,277.50379119538036,440.79685223787425,151.31090637922603
41.3,-0.2671267866947743,-0.5065496582606647,0.0823403946485473,-0.0397994417513403,-0.0223435567298209,-0.0166057310733308,0.0065793796772929,0.0038367217776151,0.0360698648192306,0.9993199366463438,0.0379377674326443,0.0928264090677084,9.425650791776944,0.0126839338490579,0.0043219007626186,-1.0282466849318483,-0.3845740405019431,-3.800286533557,1.2879044429478648,1088.5964596598149,1074.5926944091195,1054.010414230323,1104.126004630204,199.04944038065696,-901.4194719751621,156.36873159183963,507.2058477707421,151.30915052282742
41.3025,0.1139130974138234,-0.2937722810102895,0.240903892078727,-0.0406616112781107,-0.023038454652374,-0.0176897166317073,0.0065066241338515,0.0037759908776357,0.0359958339684832,0.9993233453323443,0.0369890133218708,0.0873005828722856,9.420054454855984,0.0127933172573399,0.0044765448409748,-1.0292721480695213,-0.3845706243105005,-3.80024111050374,1.2853487270736828,1089.1251270479,1072.2319398219367,1054.276713681686,1105.5175469443177,246.2954983629027,-1065.1624688801487,52.573121935940954,651.5690214799648,151.30736686182888
41.305,0.5297597524220568,-0.0675641168355796,0.556894730717808,-0.0397048956331684,-0.0235088415574868,-0.0185112798752084,0.0064399636002886,0.0037129228713082,0.0359377415797366,0.9993261392771832,0.0359929915013297,0.0814147059782194,9.414487073424327,0.012903063435433,0.0046034739453201,-1.0303456723779456,-0.3845615710912344,-3.8001959454942527,1.2827853573841874,1089.8279371516282,1069.2668820647239,1054.2732798400025,1107.3838497376007,269.21349257192486,-1087.0808112493587,-55.97198829410078,695.191649103431,151.30519457825255
41.3075,0.8133939423290952,0.0976493911085902,0.9106789956097096,-0.0370744912915758,-0.0233262932488441,-0.0185241521569469,0.0063788623035481,0.0036566479873703,0.0359001450322244,0.999328122775665,0.0347934308740846,0.0752210408584587,9.409106846261619,0.0130236021010817,0.0047027140833055,-1.0314591111378468,-0.3845479233512246,-3.8001499345305745,1.2802141821383335,1090.4711945107583,1066.7965357656951,1053.9968537402156,1108.9935051898317,270.12917576648584,-959.2761938488914,-159.4373119526702,620.0463101775324,151.30335792602088
41.31,1.0068777391914328,0.2413901573840089,1.313324915398351,-0.0330690707953052,-0.022580532706565,-0.0175103881511302,0.006322574268364,0.0036140374135015,0.0358810955207155,0.9993293448411528,0.0332926128921621,0.0687715758813811,9.40405562173141,0.0131606625597393,0.0047749295377354,-1.0326030544043308,-0.3845302694661033,-3.8001032003876154,1.2776348597335867,1091.1785830304611,1064.4705010954767,1053.4760932802387,1110.48408128849,326.84671430326136,-959.079475174904,-263.4097887656952,582.9456880361449,151.3014940219469
41.3125,1.1359099851646577,0.3971498833141967,1.76513932678233,-0.0285320510971437,-0.0216925970875731,-0.0137966573677208,0.0062711591323513,0.0035869109964682,0.035876806969852,0.9993299357349082,0.0315047113818304,0.0621345554390895,9.399455425424144,0.0133101135247849,0.004819500483198,-1.0337677123602251,-0.3845092416818599,-3.8000564121449054,1.2750480571212324,1092.1054280822755,1062.001138389818,1052.6798047963866,1111.908233630014,351.7908297056254,-833.6011155437369,-297.1436003517257,432.98129456191685,151.29922600668465
41.315,1.1795512620069168,0.5209698626925943,2.035365610166372,-0.0258970524370225,-0.02106388493325,-0.007705188858722,0.0062259366391306,0.0035720324250119,0.0358822092378226,0.9993300830627838,0.0295545398806087,0.0554025120493009,9.395406421996727,0.0134583711830261,0.004833588984811,-1.0349436813022155,-0.3844857541946142,-3.800009952761264,1.272454894053941,1092.937537178988,1060.302495517762,1051.9903752784815,1112.6489877612978,340.01467740013936,-590.5116727941439,-249.4212727346709,185.80944983099968,151.29731000804952
41.3175,1.1923781790761816,0.644050780820195,2.1081229114088966,-0.0240480688208458,-0.0201683968494833,0.0007726340858931,0.006187409037123,0.0035677760237156,0.0358913225085821,0.9993300065387014,0.0275482465769989,0.0486572983744108,9.391986254267902,0.013596680214223,0.0048158874254927,-1.0361223641646684,-0.384461112986144,-3.799964587455397,1.2698568843992717,1093.805501469277,1059.048580025846,1051.4326984327126,1112.8372808791692,345.22900411484966,-423.10263483737987,-179.04791867904285,-12.689274467350389,151.29536718541263
41.32,1.1998521831869906,0.764635102990804,1.9826450599423195,-0.0221268444582721,-0.0188014422128346,0.0093143786156812,0.0061577382107255,0.0035692817842883,0.0359046038976999,0.9993296945994832,0.0256625681255999,0.0420129027532923,9.38925036105696,0.0137112914972079,0.0047616085753841,-1.03729653106441,-0.3844355872231283,-3.799919383705893,1.267255680292661,1094.663682199563,1058.186982343574,1051.0951356850856,1112.585541388961,326.56696820856865,-251.70385513929588,-62.56734031582034,-181.74257026324244,151.29340223724807
41.3225,1.2109942076717035,0.8738867275629516,1.630150124482452,-0.0197501232213802,-0.0167717516296611,0.0160712980265937,0.0061391652470808,0.003569960364961,0.0359223806700092,0.9993291472906092,0.0241106952630132,0.0355865350658901,9.38723364865115,0.0137866227254851,0.0046656954628663,-1.038460441780359,-0.3844097810611129,-3.7998743847868255,1.2646519282319095,1095.4383363103184,1057.7900607501504,1051.1198617311338,1111.928568027854,299.59159448420127,-77.55817899206374,104.99877763376475,-332.1106426045964,151.2914107693262
41.325,1.2282557941714916,0.9793182012560164,1.018288986392223,-0.0162603520422747,-0.0136525333569582,0.0212032749915048,0.0061310546194645,0.0035660117110003,0.0359450054731203,0.999328372643548,0.0230507107386587,0.0294457542321636,9.385952689690626,0.0138149015908312,0.0045286167398627,-1.039609699811518,-0.38438382401067,-3.799829679060097,1.2620455846229335,1096.1616401719848,1057.7991914486136,1051.6201295732549,1110.9249881759372,215.91636042278748,72.49290279174531,257.32211504887823,-361.80181016215687,151.2889905888947
41.3275,1.242090021247103,1.0398189051803994,0.4297882521620176,-0.0128605688325201,-0.0105973379864084,0.0227925984906925,0.0061353011801417,0.003559857938972,0.0359742075130249,0.9993272911541604,0.0225198222656153,0.0237116172830943,9.385407444707232,0.0138029810291196,0.0043448882755822,-1.04074117310709,-0.3843576894104527,-3.7997840909459777,1.2594359246980122,1096.5179181124329,1058.1525252641095,1052.4064723063789,1110.1195589770423,80.66663613124608,197.13877443682316,372.7084285044591,-270.9076755545729,151.28694862857913
41.33,1.2546723676288871,1.0735140195320232,-0.1393545756598793,-0.0094584412908097,-0.0074818287187726,0.0215610224338865,0.0061533034488292,0.0035522954897108,0.0360140759582773,0.9993257478260744,0.0225743907384185,0.0184957398113703,9.385585147041079,0.0137563402260495,0.0041100294059444,-1.0418531830990372,-0.3843307660382517,-3.79973621707106,1.256823210015508,1096.5649733526407,1058.7848853207968,1053.4836717157755,1109.5704497981656,-47.9989960864923,326.13345306087155,508.522508457976,-149.92369186381043,151.2848808607775
41.3325,1.2765782460196553,1.0977581581567635,-0.701349541687381,-0.0062124733484585,-0.0044720578096069,0.0175508302632846,0.0061824486949048,0.0035449963149161,0.0360601761314574,0.9993239149617584,0.0232361182401622,0.0138349238956433,9.386463473402413,0.013684378287311,0.0038282173413631,-1.0429454299675587,-0.3843050157395428,-3.799686639533712,1.2542095686375478,1096.2779231320003,1059.7831925294147,1054.94908484867,1109.3699405177229,-148.83447727435512,397.7127083903964,539.2574304688393,7.94049904047418,151.28237010908782
41.335,1.307277693794453,1.1188115053122705,-1.0241605824151916,-0.004018708041067,-0.0026592832966407,0.0130838305908392,0.0062156652644968,0.0035442506082362,0.036102149072529,0.9993221859650928,0.0244174835168959,0.0096838802110878,9.388013149977555,0.0136083005311351,0.0035132701427924,-1.0440187616998866,-0.3842833774412168,-3.799637165833511,1.2515967736529825,1095.8208009662685,1060.7734488627495,1056.179958868121,1109.610152293368,-201.08052839968977,425.51222942681807,463.47537465536647,163.3546263393449,151.28025363980373
41.3375,1.3489739429425138,1.1502005032807747,-1.1825610775764335,-0.0015729406393239,-0.0010443628509534,0.0087964449690536,0.0062461232668818,0.0035494106453593,0.0361347883654085,0.999320789086964,0.0261377706316568,0.0059938932030882,9.39020092950277,0.0135365435248998,0.0031797483533837,-1.0450751463219132,-0.384267195516406,-3.7995884565301057,1.2489850730516838,1095.2725204900028,1061.9107536765468,1057.2664617219448,1110.1867136494188,-226.87141888993423,536.5631313955856,414.8818352605,287.962484667276,151.27811256507837
41.34,1.3927887566423272,1.19074456729913,-1.2097718347637616,0.0020164365081138,0.001556925107879,0.0047294765512131,0.0062704091112904,0.0035584145850337,0.0361564952537417,0.9993198083962987,0.0284190580808878,0.0027742137766856,9.392991263961683,0.0134752812370354,0.0028360269834423,-1.046117024509135,-0.3842567151384317,-3.799541411093232,1.2463726348510096,1094.6864438718183,1063.456264519729,1058.2543680444246,1111.049964716705,-181.49423807703704,598.7633927971393,294.0798702791513,305.96409401903463,151.2755154996622
41.3425,1.403272440663376,1.2082220930031276,-1.1314894266840727,0.0055032035073277,0.0045664989264462,0.0022036069485274,0.0062866543991755,0.0035683167396494,0.0361703851841885,0.9993191526851808,0.0312736721302452,5.527176234810735e-05,9.396348053812067,0.013428846955108,0.0024881027007243,-1.0471468419118573,-0.3842510484437373,-3.799496070585692,1.2437592674217393,1094.365049299617,1064.904570640534,1058.7368610733413,1111.7165341195148,-80.1734746635522,611.0565898234299,112.94875216054876,212.20230985710455,151.273328697717
41.345,1.3608414180005757,1.182566492393503,-0.9914869768083292,0.0092170332360344,0.0082679310258671,0.0004170533779615,0.0062912336710229,0.0035758090730006,0.0361753720337874,0.9993188957446092,0.0346929272538957,-0.0021748857351045,9.400235767161005,0.0134001070247781,0.0021465631570385,-1.0481667183645011,-0.3842488356675842,-3.799451966232141,1.2411448423765503,1094.2855764985009,1066.5115474688434,1058.8191118052268,1112.1109762659896,7.769192543078706,663.5873897891331,-32.9528225192748,89.6802939249024,151.2711192327687
41.3475,1.2585722975998177,1.107317979548473,-0.8263235700532027,0.0128995624326401,0.0120341539916912,-0.0009572831386421,0.0062870865291735,0.0035753068052402,0.0361726164808621,0.9993189976049828,0.038689898818202,-0.0038175183503052,9.404619521765262,0.0133853232077311,0.0018091005883556,-1.0491783010869735,-0.384247487653966,-3.7994094996861647,1.2385288552376874,1094.4038952623323,1068.2225075894814,1058.5720969607448,1112.1649355891395,82.652907372179,697.2878585719243,-168.54787676484665,-71.80386704882004,151.26889163502491
41.35,1.072160066081337,0.9696540348533386,-0.6504810148713729,0.0163592898048784,0.0152825805543479,-0.0021321430235398,0.0062839545772111,0.0035657193010281,0.036165822256326,0.9993192693790732,0.0431749824871808,-0.0046556336725938,9.409464843223889,0.013387982409643,0.0014593489433612,-1.050182378537731,-0.3842456999743807,-3.799368875604423,1.23591053431275,1094.698841035362,1069.9979867617049,1057.976372421402,1111.751956930745,146.0358994834642,774.2911839580067,-320.0900608586108,-283.6827482225396,151.26664307928908
41.3525,0.747989006128956,0.7462659903974455,-0.439230095360128,0.0198949094244487,0.0182027529876685,-0.003534665746339,0.0062920529016264,0.0035501574635825,0.0361597835256516,0.9993194687107536,0.0479606587850864,-0.0044743448692037,9.414737645111948,0.0134186064553008,0.0010800380609822,-1.0511787507003159,-0.3842426599612453,-3.7993295792334023,1.2332894310901332,1095.1340747597492,1072.093963509268,1056.9716466564532,1110.746521848028,154.82807452896205,744.1255091492906,-394.7137976387494,-437.77367666512305,151.2639219057206
41.355,0.402030469155828,0.5300421755000487,-0.2668543863652196,0.0219406419710877,0.0197028289690122,-0.0046274235302837,0.0063174031062498,0.0035413831724495,0.0361560187566357,0.9993194650833506,0.0526602670187843,-0.0031457707337843,9.420403812087063,0.0135066235045085,0.0006623512219665,-1.052166062122204,-0.3842387611747272,-3.79929203036232,1.2306652840593395,1095.4729814080072,1073.7186143074532,1056.0028034332074,1109.5630885474186,115.40421856319432,603.0502129970598,-385.6707889621094,-517.5156286243772,151.26163625287396
41.3575,-0.0015022724295154,0.3073050607025105,-0.1038119817836835,0.0227699650034142,0.0203253728843747,-0.0054473112108586,0.0063578701862057,0.0035513182587648,0.0361532856024102,0.999319280302398,0.0568872557761045,-0.0007115313182506,9.42642894854481,0.0136787986175157,0.0002149657358198,-1.053142140216558,-0.3842352465907958,-3.7992569251189887,1.2280376536944284,1095.7110958525654,1075.1092145742548,1055.0432927116417,1108.1589437049047,77.10756559129287,539.373648072696,-388.0799525145794,-629.6738872766397,151.25933333254716
41.36,-0.5170035840767273,0.0569037152128251,0.0680603858827635,0.0224604930137098,0.0202466458974298,-0.0058353022441141,0.0064074264026729,0.0035742421399307,0.036149602048249,0.9993190378020254,0.0605798977318498,0.0026854974239932,9.432777297097875,0.0139235260612234,-0.0002437941645365,-1.0541046157271354,-0.3842315958423783,-3.7992239119902,1.2254054890744452,1095.8585192359633,1076.4154825478142,1054.0624036706363,1106.4147191110383,36.335759567718526,412.54837745447537,-313.09821040351727,-617.072234171931,151.2565515286044
41.3625,-0.9416338873732516,-0.1258947862782678,0.1770724316357906,0.0211820345365101,0.0196034423528266,-0.0054824428575366,0.0064634007746893,0.0036030696483193,0.0361461212829706,0.9993187314805168,0.0637053719952052,0.0069487740036693,9.439410624171595,0.0142244198203275,-0.0007027271993777,-1.0550507550371224,-0.3842262252769731,-3.7991924405475697,1.2227685170871416,1095.892774650404,1077.1719564615282,1053.4778016596233,1105.0735825340437,6.655019369005692,237.41045620669544,-173.76404760321043,-471.298522330594,151.25421916098796
41.365,-1.3177694214116467,-0.2768708782703308,0.2314875172650854,0.0186810604952116,0.018467480396104,-0.0046708135964741,0.0065241206901925,0.0036335142630795,0.0361399420065599,0.999318489213853,0.0661855726598525,0.0119879599273338,9.446288255728323,0.0145692291389416,-0.0011531357619341,-1.0559776723207277,-0.384218064399393,-3.799161650647791,1.2201271346259164,1095.8917943328083,1077.6025348288483,1053.1935834326196,1104.058226499384,0.7872070014862285,131.56487334752595,-56.85765860799334,-322.3563619685796,151.2518730698594
41.3675,-1.6561002405687937,-0.4284300532798183,0.2154005043058249,0.0139226718024918,0.0167440932968618,-0.0035856695068051,0.0065819983431208,0.0036671472504436,0.0361250160707878,0.999318570247205,0.0678393899301154,0.0175917648436308,9.453368030213738,0.0149571018975609,-0.0015745558292208,-1.0568825866937468,-0.3842075677372785,-3.799131734189736,1.217481298069268,1095.8967106854116,1077.8297808282653,1053.1935133665836,1103.4618007242022,1.4801976079083763,53.59748427809208,46.41171969073768,-83.04654832698638,151.24904277696308
41.37,-1.8034044345185167,-0.5440039874809413,0.1254889263657169,0.0084417984376208,0.0153301539038996,-0.0025877099153416,0.0066285038839157,0.0036999554315697,0.0360981700958577,0.9993191573636154,0.0686064786158438,0.0235148996661806,9.460606494741777,0.0153744019809873,-0.0019445344301619,-1.0577634747775224,-0.3841952143894297,-3.799103784824725,1.214832262226879,1095.8991953208479,1077.8705222502383,1053.4256420310733,1103.6429937577495,-12.149054168679108,9.601987253103834,120.70715759985625,238.82237951944776,151.24667217173626
41.3725,-1.7774919564534963,-0.6722385965574065,-0.0462381821009602,0.0020569996277223,0.0143098660553566,-0.0010879972108854,0.0066616667297121,0.0037249593310989,0.0360622332901757,0.9993201837924632,0.0685076157565462,0.0296234808905575,9.46795904960875,0.0157998471795595,-0.0022549273292468,-1.0586192045142164,-0.3841803870517624,-3.7990784694080015,1.2121812483432075,1095.835965414568,1077.8777907645308,1053.7970491545832,1104.6559126218,-51.08034712690938,13.929410667644483,154.40295115623772,545.8287454291103,151.24428941999975
41.375,-1.6041216886510294,-0.8281669572232625,-0.2757161141735648,-0.0040798852443402,0.013400342163576,0.0007488769083815,0.0066823081198134,0.0037405950478733,0.0360226335151635,0.9993214505466548,0.0674876748854019,0.0358327424830394,9.475381345284903,0.0162226714866434,-0.0025048200043337,-1.059449334466456,-0.3841620991324999,-3.7990549731175376,1.2095282381086896,1095.6437935852132,1077.9401693035768,1054.1976567868548,1106.3721374848965,-124.81866216105556,52.78573908877005,149.60347875912663,832.603880017025,151.241896699271
41.3775,-1.279700525029804,-1.0285692388537733,-0.5354887984264609,-0.0087479242612895,0.0119801415208731,0.0012900749241567,0.00669176591066,0.0037457033024568,0.035980417713038,0.9993229128646371,0.0655117628997876,0.0420642813979675,9.48283043209936,0.0166324424495496,-0.0026954535638728,-1.060254236485629,-0.3841408228286299,-3.7990326538752384,1.206873803095021,1095.2118721037634,1078.1417194599744,1054.545066548378,1108.8189320218814,-255.039321114788,128.28429127519288,127.04597762351888,1182.8978581568977,151.2394919249931
41.38,-0.781484920981184,-1.3184678022376404,-0.7962411924344354,-0.0116749875423615,0.0094135837814564,-0.0016595433505112,0.00668955104659,0.0037380878638064,0.035937281887521,0.9993245202139296,0.0625929697516254,0.0482032482988235,9.490266166593878,0.0170165582285165,-0.0028254588851813,-1.0610350728984104,-0.384117023205228,-3.7990108242217713,1.2042189787557387,1094.3685969796384,1078.581590759953,1054.8328866749728,1112.286626775684,-356.1789011776451,189.86646552679596,81.97939092688456,1300.5717439623536,151.23659218700857
41.3825,-0.3319658007678642,-1.589527117587674,-0.9038163974397716,-0.0119269075891442,0.0063769149261885,-0.0065862392964698,0.0066763903948508,0.0037194004489843,0.0358946436682905,0.9993262107195398,0.0587032203346514,0.0541624937950883,9.497651900236953,0.0173706306456519,-0.0028977375863332,-1.0617934444908184,-0.3840914062350641,-3.798988296690154,1.2015638688158363,1093.4309775978743,1079.0910517876089,1054.9549635030128,1115.3217907416963,-396.2546374023952,216.76537493896532,29.695029107260503,1174.3338930401244,151.23416416280836
41.385,0.0958603246649484,-1.8685354412919968,-0.8489465461544966,-0.0108242634555137,0.0021148626384409,-0.0115869018089462,0.0066562015384311,0.0036938085935691,0.0358556062774995,0.9993278322174584,0.0538003533635742,0.0599220757493994,9.504954696122777,0.0176957259579133,-0.0029235645193692,-1.0625311684551189,-0.3840653992451366,-3.798963859595782,1.198908706426379,1092.3873237926284,1079.6654176346467,1054.9813618205087,1118.1582962408793,-432.230090641412,237.3859691104976,1.1940920634054495,1141.8497434665894,151.2317245041893
41.3875,0.5434896311354501,-2.1833042716165374,-0.5996743734668178,-0.0090310537427592,-0.0039168917884757,-0.0156812136787006,0.0066340394112191,0.0036650000519013,0.0358210905975935,0.9993293061157034,0.0478832993079683,0.0654913576416215,9.512145908485092,0.0179921663259474,-0.0029176804510414,-1.063250123087767,-0.3840403497552214,-3.798936352696384,1.1962536117607516,1091.269827144666,1080.277981633162,1054.9609339633298,1121.0310394590324,-343.0916887804024,186.4770428544444,-7.173231856309908,941.3805613808295,151.2287842551496
41.39,0.8465282288808378,-2.4098041453305954,-0.274329611925738,-0.0071862778370602,-0.0093381101970575,-0.0171749051144274,0.0066154339184296,0.0036315433325326,0.0357913723090453,0.999330592306209,0.0410791334377305,0.070895304998525,9.519201614490594,0.0182495804277533,-0.0028961752014336,-1.0639521683412334,-0.384016036291933,-3.7989060166749056,1.1935969296133608,1090.6718653487255,1080.5978028489196,1054.9454956612271,1122.8651990477858,-118.52168272804965,60.577175055605565,2.3676460341924828,612.181615533984,151.22632431695968
41.3925,1.06664679230572,-2.577893495602438,0.1139361140368213,-0.0046383708081777,-0.0152760692521307,-0.0169860806473021,0.0066020800864276,0.0035935644544301,0.0357710691268128,0.9993315146877524,0.0335122447433917,0.0760984092818994,9.526103503621249,0.0184612332465642,-0.0028675146030356,-1.064638799355745,-0.3839917539633366,-3.798873744073096,1.1909370208723924,1090.6772187310264,1080.5808675084395,1054.9727721935008,1124.0919475366995,133.78688662671695,-77.49321498732243,21.368885015443063,397.66965258402365,151.22385555112282
41.395,1.213215109120785,-2.681328642976121,0.5092225715626484,-0.0015828754825202,-0.0215756802383402,-0.0158264909160179,0.0065943822394061,0.0035476704447178,0.0357675677702243,0.9993318195107344,0.0254006134887771,0.0810507589154618,9.532838552928732,0.0186128888788955,-0.0028371280364606,-1.0653113985514846,-0.3839652549059865,-3.7988398195847295,1.1882744673156707,1091.3407997818595,1080.2103367739828,1055.0523400863046,1124.8535473107067,447.03799325707087,-241.06220123241144,45.97607262432952,208.54466118870067,151.22138064425133
41.3975,1.2697170846861217,-2.6871911294631685,0.8643294543471592,0.0019033771117424,-0.0279917643732521,-0.0139694495053084,0.0065924170363515,0.0034857317901745,0.0357819629174361,0.9993314969154482,0.0170762475515702,0.0857060072953299,9.53939891072936,0.0186801312399666,-0.0028088143355515,-1.0659714317823177,-0.3839350801580814,-3.798804928689155,1.1856108761447803,1092.912408697313,1079.375556502277,1055.2026525566223,1125.1346708426436,903.5312156791891,-469.83311002242755,83.78591266217315,36.277795347983805,151.21890004682047
41.4,1.2401914528095683,-2.5565242325574618,1.1872673064541572,0.0064589300222272,-0.0358259106166223,-0.0107994762926934,0.0065951493604652,0.0034053698900714,0.0358124636111672,0.9993306278810968,0.0087811119279821,0.0900128625114993,9.545780985165635,0.0186511358609111,-0.0027837890536505,-1.066620072824629,-0.3839006887071825,-3.7987695227556815,1.182946995540928,1095.8584558602513,1077.8611712238728,1055.4712696496151,1125.0349362874467,1235.0633693320608,-626.9642685407665,115.15405637372643,-91.81568290382381,151.21591934597305
41.4025,1.14859725184685,-2.316473460291249,1.3314935939906212,0.0102250499114727,-0.0425650773196846,-0.0070169976581267,0.0066026430013279,0.0033163416866736,0.0358537426993722,0.9993293667988616,0.0005415502612193,0.0939606062488532,9.55198311174776,0.0185406764995766,-0.0027657876096608,-1.0672578317734842,-0.3838623568538246,-3.798733658755289,1.1802812536295504,1099.0877255439764,1076.2407351595716,1055.7784228384915,1124.6755924281242,1398.8561850990784,-695.5011677688242,144.276554476727,-181.09025108792423,151.21343428367635
41.405,1.018301508035311,-1.9302596494521185,1.3078344245691311,0.0129862535980733,-0.049103515305574,-0.0019144908208705,0.0066166218337865,0.0032304642108462,0.0359014560669758,0.9993278171528068,-0.0076446005863289,0.0975819624989487,9.558004952431094,0.0183692793476382,-0.0027616305769266,-1.067884882427592,-0.3838194818428136,-3.798697630600976,1.1776122199614405,1102.8527367857503,1074.3836653850267,1056.1926524219991,1124.1294850320066,1692.2171006825847,-830.4528984759422,212.52545612957195,-263.15899074230686,151.210950973311
41.4075,0.8639920303299364,-1.3115334893604265,1.069957050790424,0.0144356912190326,-0.0558142576463153,0.0044905645380593,0.0066356661184507,0.0031603090847036,0.0359475982871891,0.9993262349867548,-0.0157931268227685,0.1008589252243635,9.563847933142457,0.0181613983135453,-0.0027707656052927,-1.0685012760694519,-0.3837730780556067,-3.7986620912132785,1.1749402366290367,1107.5488110473816,1072.0884706671957,1056.8410501191383,1123.3597974744139,1680.1432583971336,-819.2934305865393,265.6908617177583,-289.8931348179639,151.2079768875197
41.41,0.7650961239431305,-0.6991363820239366,0.7171100876334944,0.0145646489940451,-0.0597283012794267,0.0085981596834909,0.0066571679193783,0.0031091064720871,0.0359835338412571,0.999324938574908,-0.0237454324385458,0.1037516387549612,9.56951574722353,0.0179242967218858,-0.0027888369073932,-1.0691074978297377,-0.3837265022044958,-3.7986271049624767,1.1722679827187275,1111.2534530777402,1070.287198232092,1057.5211067305884,1122.680019357916,1359.9147442077856,-658.9072975528137,301.36481521479294,-273.08676133884217,151.20550651251122
41.4125,0.7063201416420715,-0.0513675910714974,0.2643410711685423,0.014783424466458,-0.0608322372083369,0.0100656047037981,0.0066808016415701,0.0030672033481652,0.0360048908662757,0.9993241178759364,-0.0311041685143132,0.1062614097327226,9.575014193429839,0.0176404900198173,-0.0028150842117627,-1.06970455193717,-0.3836816688442561,-3.7985929168353008,1.1695972473657508,1114.348384768424,1068.79393417943,1058.347874195213,1121.9943636677187,1155.34758111417,-550.0445294702331,394.8399241032756,-305.94906454085134,151.20304857531383
41.415,0.657973514739688,0.6736215769264914,-0.3007314318084151,0.0162997736299602,-0.0585220264229551,0.0087410499157529,0.0067107146840684,0.0030231211429487,0.036014560565597,0.9993236778529953,-0.0374492256329201,0.1084797794655621,9.580348614313877,0.0172911448133658,-0.0028580774166854,-1.0702932355748271,-0.3836385514613694,-3.798559394064031,1.166927450890993,1117.0301909833058,1067.5369755847435,1059.4953063511032,1121.1502740352132,788.4716803145297,-355.324636094747,443.5862767864824,-321.31327689464274,151.20011867729158
41.4175,0.6052244273901267,1.172610115635005,-0.7266450326888769,0.0185116649934535,-0.0542705012741961,0.0059687033455912,0.0067475703846048,0.0029762296375337,0.0360161522304635,0.9993234882044668,-0.0425933842306578,0.1104433393986111,9.585522534388208,0.0168835711486392,-0.0029195735253706,-1.070873359080847,-0.3835973194797245,-3.798525825368841,1.1642560436104703,1118.2907431699987,1067.0173109989553,1060.5658055791466,1120.3877972832447,306.77617091498854,-92.46768098769098,448.5713224788448,-330.6933311842513,151.1976976092386
41.42,0.5055334892530646,1.516628505513622,-1.0532001378119324,0.0207160164247174,-0.0490104455635364,0.002509223697597,0.0067879496117128,0.0029345668364509,0.0360094168951901,0.9993235611678328,-0.0465480488701644,0.1121186655476212,9.5905369185544,0.0164464014454267,-0.0029929551474474,-1.0714437071671898,-0.3835608254125238,-3.798492325908589,1.1615808220033748,1118.5640718378816,1067.0746371798048,1061.7381629634983,1119.496807379291,-29.52242099438947,112.5113200994406,483.523590140006,-387.1000642704868,151.19530311910995
41.4225,0.3512318124567803,1.7236969738953238,-1.2763706602699314,0.0226004412559571,-0.0437535118029084,-0.0012387304975592,0.0068232938845585,0.0029057448300031,0.0359930639190385,0.9993239871561774,-0.0493543944960158,0.113374693597348,9.59539163200294,0.0160098315580035,-0.0030603206321076,-1.0720025701489904,-0.3835317558670208,-3.798459618601348,1.1589001551025344,1118.1431310650269,1067.579867599452,1062.9834235298445,1118.4522969618943,-287.6377682433833,290.80195087470787,511.4771647022392,-460.2663556173785,151.19293471095685
41.425,0.1253643690790293,1.781282926835691,-1.3670345620237199,0.0240761932810842,-0.0388567314551174,-0.0052981588733481,0.0068494428381021,0.0028955156970689,0.0359670518004352,0.99932478882507,-0.0510522444918735,0.1141638771551606,9.600083072178206,0.0156010348198812,-0.0031128681557526,-1.0725482205250472,-0.383511111430161,-3.798427992400793,1.15621403644178,1117.125882996664,1068.528646934179,1064.295548787011,1117.195475601203,-513.06657069964,482.7398286848424,582.3856567515326,-594.8904919729241,151.19060265410502
41.4275,-0.2184463839609561,1.7172491239039525,-1.3306106078794424,0.0250062770246568,-0.0335959293566716,-0.0102412486607901,0.0068705085564095,0.0028948255429158,0.0359376967246651,0.99932573263635,-0.0514297576149833,0.1145878995033634,9.604606040873351,0.0152150911126869,-0.0031584177461151,-1.073079852239814,-0.3834969941189483,-3.79839742754366,1.1535252810484402,1115.5777982115271,1069.9935667428774,1065.8953518136036,1115.477844502028,-570.7061632516077,559.5553505333187,578.1641236957313,-646.3736370294977,151.1878525566404
41.43,-0.5455612757496882,1.58820399581303,-1.1975468174957429,0.0246331907813047,-0.0300126182803605,-0.0138205858150112,0.0068877746340381,0.0028930263475054,0.035908368716083,0.9993267118811644,-0.0502856527715673,0.1146917886788782,9.608954099366548,0.0148430349994407,-0.0031984983658262,-1.073597551835006,-0.3834883696841438,-3.798368396086957,1.1508379829394917,1114.2723521804085,1071.326423686843,1067.186369405487,1113.9636074160585,-474.61105919703607,520.2134981717065,486.84434201239753,-586.4104753455525,151.18560576613862
41.4325,-0.879418228796517,1.4209189325632718,-0.9915633076018624,0.0229016538452687,-0.0272481402199177,-0.016365555331134,0.0069046734740177,0.002877195326272,0.0358828540282728,0.9993275983704684,-0.0474106627201344,0.1145588803182284,9.613118458881955,0.0144692344406777,-0.0032391839211921,-1.0741021900888692,-0.3834832490199074,-3.79834016035518,1.1481539092128756,1113.2047429155443,1072.5946342337336,1068.3295735236632,1112.545792125303,-375.98235054237057,512.1286875081404,440.66824449305574,-548.1660489340735,151.18341121935998
41.435,-1.2415259641297425,1.2100740275527957,-0.704242548175226,0.0194682473747401,-0.0244919179445482,-0.0184414033829628,0.0069218524600051,0.002843460497651,0.0358644059217673,0.9993282768815857,-0.0428057763491698,0.1142232803503233,9.617087036975008,0.0140955224742077,-0.0032814596847205,-1.0745946221877576,-0.3834794861326473,-3.798311439947592,1.1454720314245113,1112.3924404276956,1073.887067124385,1069.3897106279535,1111.2227771713867,-206.0925872234148,423.3389284132608,316.9714226746434,-383.1827230157473,151.18084468878948
41.4375,-1.4796627615602589,1.0391201026469172,-0.4610767613490485,0.0155394293386092,-0.0224899081055583,-0.0194837373906429,0.0069392550807985,0.0027958334930345,0.035855987578783,0.9993286267305116,-0.0366545555869189,0.1137087177617671,9.620844692747022,0.0137383233674578,-0.0033255905280151,-1.0750751816029929,-0.3834753047302535,-3.7982816348113513,1.1427899651976137,1112.1742799794267,1074.7113288758007,1069.9144306370374,1110.6298785102233,7.1323999773604845,274.8954241232012,117.3166609780922,-94.783381958491,151.17876648850597
41.44,-1.6229470505666652,0.8757985875621336,-0.2437436783293489,0.0106452859855784,-0.0207546123632054,-0.0198477901392502,0.0069526518799721,0.0027449982019608,0.035852099374288,0.9993288396552376,-0.0292986468305393,0.112959842993954,9.624375311730608,0.0134263118043592,-0.0033632903967205,-1.0755434364957412,-0.3834703016530897,-3.7982517016036073,1.1401051692356234,1112.4281024275824,1075.2615442449999,1069.9762939328434,1110.7488602615947,198.95552005190265,189.22905698695428,-88.85572185913588,236.62560099011617,151.1767568749763
41.4425,-1.671732371329311,0.678712146296553,-0.0384238854082485,0.004409732719935,-0.0188428135780427,-0.019615074220383,0.0069575675744498,0.0027012852111792,0.035845251905196,0.9993291845082842,-0.021093516990487,0.111914085273633,9.627663018413502,0.0131852543527787,-0.0033856886986676,-1.0759983797235135,-0.3834654074191793,-3.7982219563175,1.1374176682579116,1113.1690575796868,1075.6574741607362,1069.4701520277415,1111.8130065151745,315.6752167528088,114.81689073369618,-278.73604579567035,539.0257067086593,151.17443096779303
41.445,-1.617072287259948,0.5007022388505705,0.0746148704035809,-0.0004479207635487,-0.0172319974198647,-0.0189731318245862,0.0069546262044652,0.0026682705421732,0.0358301636196179,0.9993298357262532,-0.0122750338726433,0.110600801713523,9.630692449731056,0.013023980599151,-0.0033944055344991,-1.0764387484851423,-0.3834612002246906,-3.79819142700937,1.1347282967191668,1114.0064785113473,1075.8356286986686,1068.5826137038644,1113.4439887951391,335.3454352022576,59.6747888812021,-434.2800027211381,779.1560545840449,151.17256841202996
41.4475,-1.490461780996979,0.292502014416787,0.1227324390371311,-0.0045888333121166,-0.0155557154597475,-0.0180542375770271,0.0069480350531166,0.0026443589874617,0.0358061108753056,0.9993307942453632,-0.0029846665869883,0.109113432102209,9.633449362736503,0.0129379448150298,-0.0033984173829353,-1.0768631705836815,-0.3834548153476483,-3.798160056577069,1.1320354333700826,1114.8457847556965,1075.955848105142,1067.2987520141376,1115.7087867880912,299.57202898784226,53.851643415345926,-557.0350072426996,977.3101900756504,151.17078928203676
41.45,-1.3332899238920803,0.0528627659781565,0.1214988761309788,-0.0078758395073823,-0.0140592368438862,-0.0171492304320946,0.0069405845017273,0.0026267606123907,0.0357693387202826,0.9993321852663192,0.0066550703878449,0.1075153375221772,9.635922255596135,0.0129182695995573,-0.003403351507156,-1.0772703584860335,-0.3834452357326939,-3.798128528898757,1.1293379607304515,1115.5043386562872,1076.1048869157455,1065.7974386676494,1118.33053974552,182.08047610305363,82.9386014068435,-617.6927032294337,1085.1835453335202,151.16908271593195
41.4525,-1.1768437953175828,-0.2188588141189546,0.0757481604498479,-0.0098065436804372,-0.0135449972097658,-0.0167340219446086,0.0069314942375583,0.0026118231633,0.0357181870708915,0.999334088476435,0.0165384245393496,0.1057990259139173,9.638104208540806,0.0129530619932324,-0.0034069206062107,-1.0776595580275339,-0.38343310804753,-3.798096774245196,1.1266360937547635,1115.7561871362122,1076.3705411121764,1064.210288497989,1121.1347045147616,-12.492657600080284,158.37855978689583,-667.6421924414332,1211.2420401937115,151.16746745907528
41.455,-1.0261194634515882,-0.5574750794134444,-0.0041654469775088,-0.0112244888273394,-0.0148887085731517,-0.0169807080755128,0.0069125757024031,0.0025927745363966,0.0356543151010604,0.9993365220566536,0.0266216806815593,0.1038105559011007,9.639995592216478,0.0130232858382543,-0.0033904988440838,-1.0780311459634453,-0.3834182058986406,-3.798065805343701,1.1239310738417558,1115.441875368287,1076.8967797146793,1062.4592277054453,1124.3867499464832,-220.32414731086288,230.90019457988103,-580.54873344215,1132.9322132851419,151.16563927597522
41.4575,-0.9400555316974564,-0.8285203660026017,-0.073273586407842,-0.0126885200636914,-0.0173148468306758,-0.0174354107587239,0.0068794886940012,0.0025716438389496,0.0355847429578495,0.999339260594852,0.0367048624517333,0.1014744535787405,9.641602162640153,0.0131279938882671,-0.0033444143589456,-1.078386668490099,-0.3834002272389282,-3.7980369628201656,1.1212245614289824,1114.6545663996571,1077.5250420850764,1061.3075448307768,1126.79936558119,-402.23684112331625,283.3934870832223,-361.4698361612652,869.9912586440048,151.16421064290344
41.46,-0.8857285543480516,-1.0707822066822352,-0.1288518297797038,-0.0148149006633326,-0.0202990775261242,-0.017877450244599,0.006831465688035,0.0025527112581909,0.0355179950305854,0.999341996848139,0.0465596378475113,0.0987839197756499,9.642938085611773,0.0132706218228474,-0.0032670436567152,-1.0787292166508833,-0.3833793596326818,-3.798011104615228,1.1185182011367265,1113.4306911626693,1078.313747150096,1060.651878524638,1128.7367062397054,-587.2648468280997,360.1450535726691,-149.2273215764719,728.3416520532486,151.16288393768627
41.4625,-0.8365298139574279,-1.3238220134605418,-0.1672161240095219,-0.0175111595634011,-0.0239750704804881,-0.0185022479166492,0.0067751510920669,0.0025334912380569,0.0354596102308398,0.9993444959896136,0.056106863005884,0.0958693002645905,9.644026929086142,0.0134395938965974,-0.0031727124665921,-1.0790636067833572,-0.3833559510484942,-3.7979870876456983,1.1158135300186922,1111.7182421655195,1079.325767352938,1060.5614082228951,1130.441073841453,-619.3020033994814,356.48630106315926,87.25268179364403,528.2868605585944,151.1614137853982
41.465,-0.7948296712276485,-1.5064111391079404,-0.1688296271651331,-0.0196148055750505,-0.0270518494469289,-0.019239860574328,0.0067202737380535,0.0025060990328022,0.0354210137026811,0.99934630659907,0.0653891523594074,0.0929159529167962,9.644903358799905,0.0136120029582636,-0.003083030733311,-1.0793961029917527,-0.3833290218506178,-3.79796201170737,1.113111860581578,1110.3341811456703,1080.0961786554128,1061.0881419336065,1131.3781405424995,-484.1020670499144,259.99377509361125,324.3794431407128,300.3652801357303,151.1602933121339
41.4675,-0.7387456929473751,-1.6626662006121706,-0.134993508947653,-0.0216046065431717,-0.0302526362670615,-0.0200031641980135,0.0066721714931292,0.0024674457229827,0.035407174828119,0.999347223256104,0.0743679786315751,0.0900281668468568,9.645615197008349,0.0137764552203052,-0.0030113337101409,-1.0797336964641102,-0.383298354529229,-3.797933016790088,1.110414089252613,1109.2977318302687,1080.6257362284068,1062.1833054385995,1131.9429002421325,-317.56364449799327,145.73074686490665,581.5045010649387,206.42093334918755,151.15928528646683
41.47,-0.6425663373523551,-1.814020879718034,-0.056526135902017,-0.0239763676847424,-0.0345178982820696,-0.0205840195331186,0.006628615053963,0.0024196223391717,0.0354072480453368,0.9993476318783588,0.0829128968959215,0.0871699911085292,9.64622395648768,0.0139345055412964,-0.0029552663054313,-1.0800834384459994,-0.383267952688355,-3.7978996762969617,1.107721063613296,1108.7463629231816,1080.8248323897367,1063.9956644389283,1132.4102452092447,-60.088445836541915,-13.963236354304303,715.2250834498296,170.05526916050653,151.15821028381885
41.4725,-0.532951434370971,-1.8973886559232351,0.0335778861076646,-0.0259165160245498,-0.0388461346256506,-0.0206813093174057,0.0065870508089011,0.002363669851653,0.0354075322102623,0.9993480265880936,0.0909273570796864,0.0843003170927359,9.646801513831054,0.0140869404210077,-0.0029115986353517,-1.0804517811661378,-0.3832414232847943,-3.7978633385459486,1.10503251104982,1108.9972896010859,1080.5559200466353,1065.7594308558505,1132.7931765879355,255.89589757888103,-203.52590105456832,714.52545885554,184.5553845709184,151.15743014841692
41.475,-0.3934662568803281,-1.9155092474006612,0.1386402777782252,-0.0275881735277059,-0.0441510433786552,-0.0204325698570398,0.0065458479106016,0.0023016274089722,0.035402436144816,0.9993486077083552,0.0983101586851721,0.0813965975965312,9.647427344469314,0.0142378401721532,-0.0028787468657794,-1.080843682205824,-0.3832206067602345,-3.7978261841666576,1.1023480128285448,1110.0258424110768,1079.807202884463,1067.568291733208,1133.3330221320998,527.7158027951625,-376.0320942937378,699.3408191317479,254.93252284637032,151.15677445715653
41.4775,-0.2366617955975627,-1.8675036349940528,0.2479073484077753,-0.0286474840022845,-0.0496988825064329,-0.0199149609988405,0.0065040092645355,0.0022386859401557,0.03538941115804,0.9993494580606151,0.1049122983617643,0.078450084066317,9.648185432830449,0.0143984290830606,-0.0028558330197434,-1.0812617693947764,-0.3832056439462684,-3.797789470092088,1.0996651632863204,1111.6358686150593,1078.6757595751683,1069.256134951506,1134.067839202166,748.5503346290253,-534.7197648479316,614.7550986127992,338.4517470583975,151.15622533159487
41.48,-0.0743935484834118,-1.7384546152095983,0.3531560920125711,-0.0286753719178047,-0.0546741491278641,-0.0190472201413064,0.0064646668310499,0.0021727386648547,0.0353733093672741,0.9993503870630768,0.1107405371580473,0.075524266716415,9.649158564625413,0.0145633293736361,-0.002849421521783,-1.081706072529556,-0.3831929897250945,-3.7977535986663176,1.0969803998934906,1113.7685940842239,1077.1336040602223,1070.6420672262736,1135.0252808673927,994.8495542931964,-755.6690827130067,515.3087884324668,448.7150288953195,151.1558087668964
41.4825,0.1078860735123635,-1.5044038780688282,0.4652640982790816,-0.0277743749598519,-0.0592993634854873,-0.0176000476943796,0.0064332764227189,0.0020991098452654,0.0353581682682405,0.9993512286297648,0.1158639015874966,0.0727233313426151,9.650424584736964,0.0147201336540817,-0.0028698248118038,-1.0821737803856224,-0.3831778309809447,-3.7977189817532615,1.094290039078547,1116.6101163865278,1074.897414161601,1071.8326788936697,1136.311414346644,1036.2630346054048,-869.4287362045264,353.822338240301,467.4615115304436,151.15546682996694
41.485,0.2430711365813461,-1.2585302874935955,0.5425255123700388,-0.0266794915314953,-0.0621630056976951,-0.0161761122990322,0.0064122736914196,0.0020134647797505,0.0353457720098918,0.999351921642308,0.1203536417990161,0.0700906205649063,9.6520536134974,0.0148559668857355,-0.002919875543501,-1.0826595711329416,-0.3831571350734591,-3.7976860985323935,1.091592103018868,1118.949909257246,1072.7864603792036,1072.4111789174735,1137.3625884250428,871.5468922711894,-875.7571448090468,158.16039300044488,380.9901836914248,151.15531636793878
41.4875,0.365103291058202,-0.973850919399145,0.6016559391538198,-0.0257894356784756,-0.064575646782077,-0.0148235210033004,0.0064026929303962,0.0019177066667389,0.0353359480269486,0.9993524746596214,0.1241703551629285,0.0676433938400499,9.654104886202488,0.014970563500911,-0.0029991191030714,-1.0831562141547295,-0.383130892440079,-3.7976552977163647,1.088886786113132,1120.967850847886,1070.5186284375538,1072.6234808586723,1138.216365265102,763.5372530283079,-1005.3450886061768,42.2759003910198,293.2886811427897,151.15530825457367
41.49,0.5099011536818867,-0.596534453662332,0.6521365450776411,-0.0252043925230672,-0.067143896148743,-0.01352311964703,0.0064078578417327,0.0018148303345694,0.035332384542562,0.999352747451673,0.1272655610188355,0.0654393985834178,9.656622744869056,0.0150655887904537,-0.0031118762858922,-1.0836556206716799,-0.3831001094855525,-3.7976261591356177,1.0861759018891655,1122.7675955223897,1067.75973493617,1072.6225584194287,1138.8290318307575,537.3634356503657,-992.0807007329968,-9.972459355421936,135.03916167972875,151.15546544499168
41.4925,0.6362076803932842,-0.259340041218695,0.6744318587594695,-0.0248470688211871,-0.0687691881203916,-0.0126577113472369,0.0064251759560157,0.0017129974933672,0.035336168123239,0.9993527248341668,0.1294960745860453,0.0634227426718604,9.659636935631791,0.0151546691286307,-0.0032499411138525,-1.0841495525771028,-0.3830667707971683,-3.797599755243016,1.0834612201878189,1123.6546680261351,1065.5582249338931,1072.5736185618953,1138.8915610735,228.4205938366344,-825.991118581056,13.709020475029053,-84.05155263238525,151.15573670660285
41.495,0.7637508773247528,0.086266247060232,0.6636114962323791,-0.0237901860184231,-0.0692429300466145,-0.0112462075509605,0.0064491220779544,0.0016178673228271,0.035348195220586,0.9993524287511448,0.1307729208750566,0.0614765659004565,9.663160072120004,0.0152470020571695,-0.0033988514284926,-1.08463038319083,-0.3830309770460564,-3.797576338418829,1.080744053935856,1123.9096984915718,1063.6297793432686,1072.6911035218038,1138.408774067596,-4.906954118584728,-748.3542498027227,136.17095001788894,-343.3111136260385,151.15615429368768
41.4975,0.8959543863915614,0.4842135626150363,0.5885998709529345,-0.0213739596328788,-0.0678991659615929,-0.0084132002292505,0.0064736342845513,0.0015252621284823,0.0353700834459855,0.9993518790710028,0.1312032583584794,0.0594653395218831,9.667186144534506,0.0153315235071239,-0.0035429538124168,-1.0850916314042536,-0.3829929161958794,-3.797555430951893,1.0780246474553457,1123.6301332555424,1061.8164536848778,1073.254473311985,1137.1750055053687,-163.63973228890967,-562.4137134759927,301.0749928802676,-553.1176186232541,151.15682457702016
41.5,0.9684237885657132,0.7835219646913572,0.4619188801908584,-0.0187229354596688,-0.0653252936605883,-0.005636689170742,0.0064946340754793,0.001434203604683,0.0354012993265804,0.99935115652226,0.1308387108899585,0.0572946796577986,9.67169308046224,0.01540516243137,-0.0036721889412555,-1.0855277531477523,-0.3829521939006331,-3.797535961270768,1.0753024493455363,1123.0914998301268,1060.8177107758872,1074.196478486206,1135.6431859744782,-224.44409077040692,-285.3683894263989,485.31344288433985,-690.0565191520309,151.1575235847745
41.5025,0.9815886034371912,1.040324407324642,0.2736279909885542,-0.0155331671198205,-0.0620265885699665,-0.003537875441121,0.0065077568425017,0.0013453394039183,0.0354314476670782,0.9993506846993884,0.1297023224948181,0.0548697614474281,9.676644826022384,0.0154697788605083,-0.0037771304593013,-1.0859344031132372,-0.3829118720002606,-3.7975173126649175,1.0725782726405473,1122.5079128016914,1060.3896117377471,1075.6810405264043,1133.724722909612,-198.94297576896687,-82.94088473853967,674.8579490203796,-798.7625303165265,151.15836705630608
41.505,0.9383106801189492,1.2689243399883938,0.055339927305877,-0.0121317116941297,-0.0589250313992834,-0.0025037462575904,0.006512110509086,0.0012590583643893,0.0354562455999636,0.9993506400667996,0.1278268673877346,0.0521658531231237,9.681992922921998,0.0155279183301499,-0.0038575972589267,-1.0863086415157914,-0.3828745950101059,-3.7974977724361385,1.0698534092013687,1122.0967849512815,1060.4030063521943,1077.5707682313096,1131.6493733228936,-80.00230215998727,92.08082047029912,822.804236301351,-819.7247830293135,151.15932885617232
41.5075,0.8330821635695927,1.4828627361359112,-0.1596272181222617,-0.0090168017025424,-0.0564056458423737,-0.0029077628331349,0.0065064096821993,0.0011798816559087,0.0354741765908374,0.999351083797037,0.1251660261528422,0.0491592424683336,9.687680647816386,0.0155922607569066,-0.003914457435735,-1.0866488623847275,-0.3828423304202332,-3.797475758602871,1.067129397564799,1122.1079012908913,1060.8500158400989,1079.7950617079134,1129.6260989944633,138.68773341608963,263.50113922604896,997.8940309973475,-817.1862443738673,151.16043096387247
41.51,0.6635050523843758,1.7421908832234123,-0.3604249656761506,-0.0063718171760384,-0.0532595094559593,-0.0048208951585778,0.0064874335447052,0.0011211590027511,0.0354834358175304,0.999352058276394,0.1215016194894825,0.0458027416214194,9.693646749308913,0.0156952418315752,-0.0039462347400402,-1.0869545167158254,-0.3828164189945141,-3.7974507952382024,1.0644063100580827,1122.790223618361,1061.7205120483231,1082.5602383862915,1127.563442101028,370.8284604209361,350.7668034061705,982.2200946580301,-659.0459309181181,151.1619118527135
41.5125,0.5168213910809074,1.9604885776353025,-0.4498592705268154,-0.0053224680761457,-0.04977315291804,-0.0071490433458366,0.0064564124560768,0.0010895723119497,0.0354852034246409,0.9993534341534608,0.1167482719277941,0.0421392828231852,9.69982518677146,0.0158540222551981,-0.0039613940524837,-1.0872263026944875,-0.3827952868957756,-3.7974228506601992,1.0616844530452572,1123.962043592997,1062.6038498571306,1084.706162181206,1126.330869339871,583.4103755607174,364.2373361858928,773.690231915011,-363.9392585086128,151.16327452461897
41.515,0.401363702431624,2.1631513015029435,-0.442023689310221,-0.0054281547676296,-0.0450969390004852,-0.0096113368875662,0.0064169638049534,0.0010856329955063,0.0354773742905806,0.999355132342556,0.1109436437227876,0.0382637988708165,9.706148637295106,0.0160707763785196,-0.0039731694815943,-1.0874658988951078,-0.3827773519303083,-3.797391847216944,1.0589629515066359,1125.7072754961664,1063.5416987292535,1086.4286895458688,1125.743745808484,863.8485814149261,412.3082811293101,617.8150910097137,-97.33018024798851,151.16476598986876
41.5175,0.325007446599076,2.355194542231489,-0.3302216028306439,-0.006382372892971,-0.0382303313742441,-0.0119997339049908,0.0063709782025313,0.00110331538868,0.035458157383149,0.9993570049500564,0.1042547337202873,0.0342422125038059,9.712551994734088,0.0163315591866886,-0.0039901552283482,-1.0876757975986984,-0.3827598978663349,-3.7973581543479504,1.0562416186346955,1128.2812865000676,1064.6653912627753,1087.7952376362518,1125.8442184386315,984.8881753442547,410.34139270352097,369.7297560450279,167.6257707608381,151.16669835874464
41.52,0.312100596953672,2.4489703329999033,-0.176325908534989,-0.007083249113554,-0.0318864115483811,-0.0130305003636289,0.0063245863144563,0.0011301441257236,0.0354306704831836,0.999358615292009,0.0969824122660167,0.030225626022673,9.718974391508947,0.0166057496732315,-0.0040289215731828,-1.0878591356202822,-0.3827384401411064,-3.7973216828616656,1.0535208480882843,1130.63171637289,1065.5934056927724,1088.2773383260949,1126.5818746622883,929.1192716885027,375.3082136261936,58.843076237796495,415.5809581909273,151.1684224398933
41.5225,0.3244571506775261,2.453933138302128,-0.0009206854869706,-0.0066998351008817,-0.0252898280751652,-0.012880098782907,0.0062870663122275,0.0011558032621298,0.0354027906158952,0.9993594032547232,0.0893952005331193,0.0264337669379643,9.725362510852733,0.0168650866023943,-0.0041118622052217,-1.08801929474223,-0.3827087539340158,-3.7972827167866896,1.0508004831226336,1132.9268828585125,1066.5419323309072,1088.0894530174407,1127.9221232295872,935.7905872602583,433.818991639904,-214.3940482625243,698.7314638461146,151.17025840314375
41.525,0.3177728429805952,2.348503692692104,0.1857262730690526,-0.0044497229579082,-0.0173658926629693,-0.0116566137457704,0.0062597360781388,0.0011830537751339,0.0353819373905102,0.9993593621331388,0.0815102666409637,0.0229449583758979,9.731673662121546,0.0171090804942906,-0.0042433353860625,-1.088159458891674,-0.3826709349939447,-3.7972431486382687,1.0480801663226604,1135.3106693091872,1067.76250065097,1087.2053680847832,1130.075531981516,774.7889472829356,469.11774577650806,-408.4788709468924,850.7167582581783,151.17258384502307
41.5275,0.2625185650861999,2.1728864940489707,0.2939653541781843,-0.001627970742882,-0.0113111751181594,-0.0101896375607261,0.0062408215743022,0.001213822304496,0.0353705517413861,0.9993587083928472,0.0733673112486982,0.0197783585676689,9.737874374021985,0.0173354959143307,-0.0044188294101653,-1.0882829225079311,-0.3826275525721645,-3.7972051131272577,1.0453608334922508,1136.8008275949292,1068.8875210597907,1086.0470586627055,1132.1757070208803,463.0243835134384,476.7400152734642,-517.0037722623957,862.2608149657617,151.17461858806544
41.53,0.1448793891958541,1.9248830523448013,0.3348208420090676,0.0004276063222629,-0.0062619670627241,-0.0085850410614225,0.0062280994473248,0.0012430144518645,0.0353677192626926,0.9993576913144384,0.0651505765731653,0.0169377413376471,9.743940371003896,0.0175276553302472,-0.0046303417719961,-1.0883931435729723,-0.3825815244717596,-3.7971701051749616,1.042643087995461,1137.6257912267556,1070.1462007273385,1084.62034922347,1134.3868360563467,211.11279426291833,523.6795838238081,-590.9516694048225,871.4129107103157,151.1767480180662
41.5325,-0.0089705796199739,1.6362703502896383,0.3171692729515339,0.0011198468627309,-0.0020013365684236,-0.0070976153826402,0.0062207818393726,0.0012695173174706,0.0353686364721695,0.9993566077442188,0.0569749387963536,0.0144529409448855,9.749856949551576,0.0176787952613906,-0.0048716011335527,-1.088493124655929,-0.3825344997396765,-3.7971390975566126,1.0399255672910876,1137.8563915662428,1071.5059189789076,1083.092300315684,1136.532771574428,-43.11482550194864,559.7233329846268,-610.1281106800859,809.8186179345652,151.1789516821068
41.535,-0.1718588149195899,1.3234582167226765,0.2375183427359371,0.0004570773563064,0.0011795557107907,-0.0061085917173148,0.0062180665492798,0.0012897774197869,0.0353683341501485,0.9993557072695404,0.0490077192816142,0.0123447613692195,9.755618365941988,0.017778463774136,-0.0051349980568517,-1.0885854620277486,-0.3824867847813623,-3.79711207112588,1.03720811034884,1137.4102170992455,1072.944817392263,1081.569708670068,1138.4359291460219,-320.98847489089115,634.3319843373531,-641.0452903004983,753.2573407284201,151.18123978350636
41.5375,-0.3335569371500355,0.9483867620193492,0.090825088555558,-0.0013896171077617,0.0037922810751346,-0.0056739316719535,0.006219035281556,0.0013003446249472,0.0353623986376699,0.9993551808358068,0.0414164255787019,0.0106232780329705,9.761227072916167,0.0178181375219565,-0.0054121075420727,-1.0886721689570655,-0.3824385452212984,-3.797089066413194,1.0344906259067748,1136.2514491917875,1074.677578900596,1079.88707386418,1140.299058278072,-494.11151167418586,621.1740089824352,-575.8096158250062,606.5499978475204,151.1840766830674
41.54,-0.4175045628603509,0.6506791907935566,-0.0569893894745491,-0.0034536441591889,0.0053137183493949,-0.0058188099077661,0.0062205314700267,0.0012980351954646,0.0353453246399734,0.9993552452508552,0.0343611769831857,0.0092458678675563,9.766692655046665,0.0177917604732048,-0.0056895686643158,-1.0887546427051635,-0.3823903454203909,-3.797070807171034,1.031772820145554,1134.939659540877,1076.0506874371724,1078.6906605909455,1141.4686791352567,-549.5021344824553,515.6053039336348,-418.106203466791,397.0323391336266,151.1865121298736
41.5425,-0.4394225282804541,0.3777890180934905,-0.213163152467755,-0.0054778553493789,0.006407910186676,-0.0062040650832931,0.0062232316036334,0.0012865675297485,0.0353122801846196,0.9993560421093268,0.0278660861902774,0.0082404024571714,9.772029645856877,0.0177096892379437,-0.0059634531592007,-1.0888333521299935,-0.3823436490316956,-3.797057759631484,1.0290543610468403,1133.5039385193738,1077.2556054202655,1077.7965428468449,1142.284219973741,-609.5592278410614,470.96116723367686,-306.3102358726862,301.2454267044455,151.18901622615894
41.545,-0.4060384360249507,0.0843953745817711,-0.3918238544993472,-0.0071398935915829,0.0069093777402398,-0.0070226969288834,0.0062272591912177,0.001270012342796,0.0352649140627616,0.9993574773791198,0.0219405467220466,0.0076164414237781,9.777256388721476,0.0175846262005593,-0.0062300491002839,-1.088908151129298,-0.3822984789721395,-3.797048700789375,1.0263347750259275,1131.8918634016702,1078.405493273342,1077.1591094115813,1142.9749062687797,-544.4452496872095,359.83425969198817,-151.72895319137908,225.8965054287054,151.1920943079772
41.5475,-0.3468180189343415,-0.1293452083589999,-0.5199851261992944,-0.0077572980080651,0.0066964673080877,-0.0082253473875146,0.0062289645214005,0.0012545987390352,0.0352064907193723,0.9993594182372763,0.0165393043876704,0.0073051285198788,9.78239366797636,0.0174355092986245,-0.0064793800972827,-1.0889783543302292,-0.382256686455227,-3.797041166488909,1.0236142408098223,1130.7817122709403,1079.0547767187238,1077.0378980808887,1143.4137025008836,-377.470508544218,184.9800123357872,42.21017124248306,167.14465102818937,151.19471587781126
41.55,-0.2774546622005918,-0.3108143356945658,-0.6113195045670085,-0.0078252592856769,0.006335930371649,-0.009852345216569,0.0062278692926036,0.001242131684697,0.0351422079121238,0.9993616512503832,0.0116938096442509,0.0072922943763348,9.787463417201442,0.0172722507379368,-0.0067101058642523,-1.0890430102731354,-0.3822197964351549,-3.7970327627088234,1.0208936290907815,1130.004510858948,1079.3303933350214,1077.3701602677938,1143.810629523921,-264.58196673152196,30.257575986873217,247.06809411564885,174.26905823922604,151.1973908122422
41.5525,-0.1983856074720843,-0.4905924257850646,-0.6646867875263717,-0.0076477102230502,0.0055940406943033,-0.0120033012080042,0.006224960898537,0.0012323660104157,0.0350772287662858,0.9993639633404672,0.0074634663651159,0.0075887831401513,9.792487668895005,0.0171004526326652,-0.0069258475500693,-1.089100891326614,-0.3821876852403323,-3.797021863378272,1.01817237806482,1129.458802437282,1079.2060645986583,1078.2732385514676,1144.28504779208,-146.0915861362956,-118.48049752354062,402.9811810219626,168.80548487199013,151.2006563490719
41.555,-0.1377628465808884,-0.6043650508809129,-0.6559907524151635,-0.0075953886381879,0.0042046029322684,-0.0139944342176809,0.0062213183716376,0.0012257114687083,0.0350204535382543,0.9993660147246884,0.0038808524273213,0.0082075187890535,9.797487438784806,0.0169267647812061,-0.0071321378132426,-1.0891504801161596,-0.382158148793248,-3.797007538067332,1.0154488552614915,1129.274052928267,1078.7379908474043,1079.3850661729018,1144.6546569482803,-36.62929411224162,-251.6635536677328,492.1019077034472,125.85195352983268,151.20341956340087
41.5575,-0.0748364725505723,-0.6731982036303596,-0.5901267304317845,-0.007958177167501,0.0020914557432202,-0.0160097440955032,0.0062210597894403,0.001223968328411,0.0349790583017639,0.9993675116706596,0.0009395420123469,0.0092226873720319,9.802481636138381,0.0167597949825809,-0.0073421501538271,-1.089190108536756,-0.3821297920576492,-3.7969897446131218,1.0127232871431142,1129.2756559667207,1077.9477468303207,1080.7337480899823,1144.9143075597287,17.37893176263262,-356.33312863683346,549.815037931731,70.7860516570783,151.2062210537794
41.56,-0.0015921529204398,-0.7029958476793668,-0.4812168530901368,-0.0086392916060753,-0.0001145070519552,-0.0176398410697989,0.0062282441616977,0.0012251475583242,0.0349559920784394,0.9993683190506168,-0.0013059382587891,0.0107059276253795,9.80748722754622,0.0165988656501631,-0.0075688630387386,-1.0892184647000065,-0.3821017259214754,-3.7969687756613375,1.0099964865994788,1129.3609475870803,1076.9563252042192,1082.1341413625619,1145.0085872065658,41.30730863919486,-426.0829178871157,531.0985280240412,-13.999835895349063,151.20905038234935
41.5625,0.0890935572833373,-0.6920075715797616,-0.3320803396720639,-0.0091355492780883,-0.0019995920580829,-0.0185287161762818,0.0062427214086776,0.0012245859113879,0.034951691945386,0.9993684235061852,-0.0027638681695568,0.0126456609244859,9.812519121603383,0.0164367479638147,-0.007815572651651,-1.0892348421819549,-0.3820722771061228,-3.7969451999233215,1.0072697018309182,1129.482192509917,1075.817332240884,1083.389240730104,1144.844308380252,52.51519513303948,-511.8816365969104,464.4601544831989,-132.24942658669738,151.21190872350348
41.565,0.2129643984045533,-0.6470295531142434,-0.1237079514871941,-0.0087373249143082,-0.0038723366113889,-0.0187522060593112,0.0062627511047948,0.0012230006912823,0.0349620015476451,0.9993679786352186,-0.0034602914809937,0.0150027485999497,9.81758891439419,0.0162771731324712,-0.0080816144400686,-1.089238924882672,-0.3820417277175617,-3.796918973917165,1.004544094809413,1129.6235235627455,1074.3969170212367,1084.4564421349755,1144.3473400736327,49.68560591584906,-516.561681468974,284.80975050955726,-221.0168560589188,151.21536680947167
41.5675,0.3205940928873665,-0.5954698074274765,0.0650710131496052,-0.0076761135426724,-0.0052268456118604,-0.018421481784665,0.0062835290965201,0.0012276049150587,0.034981129091646,0.9993672069015386,-0.0035612148993577,0.0176810890769819,9.822704758501672,0.0161376271138269,-0.008358862475626,-1.0892307084342108,-0.3820108976047645,-3.7968913721604816,1.0018195053619632,1129.7306205394964,1073.2345238335379,1084.8132894826526,1143.7392240999568,43.446353054173926,-451.4374144229769,9.353033766223904,-260.8885211316221,151.21826828130827
41.57,0.426575176045135,-0.5425384878995398,0.2650063110825894,-0.0065037691402071,-0.0062951897585383,-0.0179517849804166,0.0063004611452377,0.001238171091683,0.0350015357909471,0.9993664002644288,-0.0030958157319502,0.0205803238223931,9.827872742866509,0.0160189451283957,-0.008637427281871,-1.0892107658979615,-0.3819806608359123,-3.7968642364723166,0.999095796887858,1129.8407553280165,1072.1397299491207,1084.503207303807,1143.042897467974,56.14088344423738,-463.1924013590044,-286.002239896412,-296.96707475590927,151.221186236013
41.5725,0.5517958683372599,-0.4884149174423367,0.5173562693436087,-0.0054951197273222,-0.0075571650601361,-0.0177127529541276,0.0063102843000026,0.0012486060653424,0.035015464323624,0.9993658576759166,-0.001985258528054,0.0236169315734601,9.833096478859005,0.0159087049808244,-0.0089081012096113,-1.0891800171037556,-0.3819509307293207,-3.7968390235890994,0.9963733297058271,1130.011324956717,1070.9185618267447,1083.3832782831719,1142.2543887261786,75.48932142040715,-432.5699100200897,-509.4087392834021,-262.16966960887703,151.22470264911968
41.575,0.6540429741102955,-0.4558817572486086,0.7328466059772709,-0.0048667402354455,-0.0086891687214128,-0.017536437148798,0.0063105776538725,0.00125777759618,0.0350198501848056,0.9993657022613192,-0.0002547991440541,0.0267203537787646,9.838375556672515,0.0158047968802809,-0.0091623276962141,-1.0891392080063496,-0.3819206689285908,-3.7968161851503144,0.9936527420206132,1130.2182019351187,1069.9768803990191,1081.9561636073884,1141.7320491199291,103.93293301535007,-358.43124098728214,-621.128068842018,-164.94073435893117,151.2276426153273
41.5775,0.7440584631458595,-0.4405360480850952,0.9306686025409588,-0.0039329060245542,-0.0095017425348899,-0.0162857156182982,0.0063010212049094,0.0012656362668924,0.0350139828182284,0.9993659623727452,0.002044066851423,0.0298528940489451,9.843705454053513,0.0157069306354485,-0.0093948019641159,-1.0890887833195753,-0.3818884074367207,-3.7967965960908896,0.9909340730070773,1130.5309896217943,1069.1264056218076,1080.27763793896,1141.4296850543835,146.22721128543728,-317.68972303686286,-665.7966658871517,-78.41705527874038,151.23058959500312
41.58,0.8067114195837007,-0.4411394653914345,1.0833799989473727,-0.0023504447074647,-0.0099350311752288,-0.0134236325261134,0.0062839881820644,0.0012709698460505,0.0350001090994131,0.9993665488037484,0.004878773527755,0.0330184037404551,9.849077159399066,0.015611902665175,-0.0096049607365492,-1.0890286718467956,-0.3818533111313993,-3.796781271908416,0.9882166666613098,1130.9493379915452,1068.3884317838365,1078.6271802779559,1141.3399638435355,191.65581896299244,-251.33127602408297,-598.5651729548983,15.983175238890007,151.23354038971567
41.5825,0.8081136524298403,-0.4565284918590364,1.1429634680837335,0.0002908990101845,-0.0105257348335398,-0.009027862020174,0.0062639161936055,0.0012673974661677,0.0349821860441709,0.9993673046426585,0.0083146064896187,0.0362462543404902,9.854476969960164,0.0155052840743355,-0.0097957653317855,-1.0889582057647271,-0.3818156791172187,-3.7967701172035286,0.985498650705904,1131.4892687166096,1067.8697492416863,1077.284812074184,1141.509600930578,257.49616787025406,-150.51971766034998,-465.66253433414937,128.90479945520156,151.23649346240677
41.585,0.7081536102902105,-0.4758532657860149,1.0797771897168071,0.0043150542563413,-0.0119416636498309,-0.0036020016369709,0.0062447093399743,0.0012548081080008,0.0349643138988456,0.9993680618526396,0.0122878739683196,0.0395479619314032,9.859885076823907,0.0153869098628644,-0.0099694369195313,-1.088875769599068,-0.3817771462231744,-3.796762598145471,0.9827789827753765,1132.2368188308972,1067.6358331955344,1076.298867606284,1141.984487840812,283.3456283465088,-3.290211865808751,-236.1918812545684,212.38814850149757,151.24003666645376
41.5875,0.533534945102692,-0.4780614520136632,0.920376319266923,0.0074098190595993,-0.0134537995797438,0.0001177645835856,0.0062286087909705,0.0012340470659479,0.0349492537986346,0.9993687095017612,0.0167094686847051,0.0428920545891699,9.865276058241257,0.0152596689725965,-0.0101250849881315,-1.088779168910202,-0.3817382889085841,-3.7967583572621826,0.9800576266621812,1132.905996858341,1067.8532981823575,1076.1038526679124,1142.5715416730843,273.6772925137721,183.25787000189567,54.32047631472364,265.0916628138938,151.2429865376872
41.59,0.2824152666785107,-0.4522464211769957,0.6832131678456228,0.008983108223974,-0.0149645622224218,0.0024093653920904,0.0062146375299514,0.0012123567907091,0.034936575043207,0.9993692607340257,0.0213562141497909,0.0461788711775648,9.870618817284708,0.0151415647459252,-0.0102561535880579,-1.0886657713806451,-0.3817013101188058,-3.796757181348968,0.977334544078272,1133.6052052934667,1068.5521225455443,1076.5704699878577,1143.3099461548823,322.4439109912224,411.44014438997925,336.69648221362934,348.3304272422666,151.24593048613215
41.5925,-0.0632045401235483,-0.3812726645887546,0.3649690983082415,0.0086930350193312,-0.0166112423557231,0.0033023265535019,0.0061998532413713,0.0011980589867547,0.0349242457080398,0.9993697972080114,0.0259763460418414,0.0492643713042708,9.875877481480057,0.015053890710786,-0.0103532060789672,-1.0885329546090727,-0.381668385400012,-3.796758668536804,0.9746098921823764,1134.518216413298,1069.9104989043085,1077.7873350789814,1144.3131938092968,359.1999778500023,566.0052348478675,530.21352916815,377.5973472601232,151.24945265886927
41.595,-0.3552429239135792,-0.2887344857327954,0.1118854608756022,0.0072734322812464,-0.0177197183545369,0.0029112385767095,0.0061842159540055,0.0011904639268761,0.0349126278592028,0.9993703084326784,0.0304925651077893,0.0520528136402628,9.88101201828805,0.0149984245802607,-0.0104142096989427,-1.0883785887686337,-0.3816406798665399,-3.7967618728440047,0.9718857447440205,1135.401205182715,1071.382148719781,1079.221537633696,1145.1979328911812,392.8051798821608,624.9922000827141,627.6086418223231,349.6347958743202,151.25237613092975
41.5975,-0.624738451045657,-0.166996265067762,-0.0934605099340967,0.0055846848033689,-0.0182722629603552,0.0020282417135088,0.0061738313954187,0.0011795075219398,0.0349071149258848,0.999370575230527,0.0350128866755221,0.0545645948883141,9.88597834535628,0.0149557085114188,-0.0104518580794188,-1.0882011010675128,-0.3816166684123568,-3.796764961543268,0.969162658585344,1136.4822423127096,1073.0354599047237,1080.9253782880946,1146.0613677886693,526.2452812174652,722.8806844990171,777.284472492886,356.651965496348,151.25528386979545
41.6,-0.9061369706770575,0.0033094242672219,-0.2635541434030581,0.0035498812881843,-0.0181295037817011,0.0008163449339846,0.006173965555553,0.0011598718600028,0.0349111075689638,0.9993704465997364,0.0395481807999793,0.0568120661971012,9.890729906433972,0.0149157232407538,-0.0104792832448676,-1.0879991659697832,-0.3815935529621225,-3.7967669293096296,0.9664392037280748,1138.0324315888035,1074.996552142278,1083.1079599961624,1146.9811927186638,601.3913526597673,682.9841999934915,802.1264212393837,306.7670801894626,151.25875046169358
41.6025,-1.0965072447506963,0.1606292566430032,-0.3365096921507834,0.0015719612941742,-0.0174236799063639,-0.0002383424068948,0.0061893611656863,0.0011307499350072,0.0349250630625373,0.9993698736945932,0.0440183083571215,0.0588098269234807,9.8952196836568,0.0148770219836629,-0.0105105709738535,-1.0877717547342527,-0.3815689532504868,-3.7967672494560865,0.9637139570888696,1139.489199076006,1076.450380904688,1084.936010394288,1147.5952031896152,591.3762073213251,514.6650488806795,711.9614512040694,208.06769823255576,151.2616167249556
41.605,-1.2257671756273871,0.3353943561440338,-0.3394990530829046,-0.0013011983125181,-0.016454059191338,-0.0013602806360775,0.0062190524738986,0.0010925771715376,0.0349498311424904,0.9993688292380988,0.0483149802348555,0.0604738241022142,9.899403444076864,0.0148400350802373,-0.0105491098757914,-1.0875185816262691,-0.3815408815991541,-3.796764881684594,0.9609861300479872,1140.989312625412,1077.5698773866827,1086.6677672521846,1148.0215312098271,581.354590844624,380.4612056573988,662.8703264137376,142.2248152840166,151.2644545873293
41.6075,-1.2906539482677488,0.5314975099924877,-0.2896327560371034,-0.0049098964278013,-0.0155746465130341,-0.0025363604098848,0.0062592689653602,0.0010487631452547,0.0349874712805607,0.9993672604085378,0.0522714676673095,0.0616831556881992,9.903241648508608,0.0148109791559878,-0.0105937490497737,-1.0872403991490007,-0.3815088481872072,-3.796758388014251,0.9582564494500287,1142.3959720302305,1078.352686932976,1088.2503620263583,1148.3063272660356,508.9415837605511,231.17115802359072,581.5428011870895,91.31327418857956,151.2672646802179
41.61,-1.2665709785544284,0.7631919003480572,-0.1877926447431882,-0.0088399749346607,-0.0149963015881422,-0.0036071516215518,0.0063050968738991,0.0010012723095261,0.0350384098582497,0.9993651839806378,0.0557530092717816,0.0623125479812738,9.906701604732142,0.0147926973992454,-0.0106415368612879,-1.086939509320624,-0.3814739565049765,-3.7967477710716806,0.955527178466934,1143.5340205442124,1078.7257331767996,1089.5754812581174,1148.4780975807696,409.05499680190576,84.18462665786377,504.66354970805344,71.37726073397957,151.27003556865924
41.6125,-1.135011043623238,1.083120793342272,-0.0296327423572095,-0.0133579284741457,-0.0142441479794253,-0.00422837881921,0.0063503951402919,0.0009495066787747,0.0350971842594243,0.9993628366154153,0.0586806704307599,0.0622319157514629,9.90975955602019,0.0147827818779717,-0.0106867857577881,-1.0866199968355303,-0.3814386484618846,-3.7967344872256783,0.95280131056288,1144.441247014241,1078.7736100662655,1090.7736797748998,1148.6632135697057,247.69484319177596,-29.556593618084094,362.0587402478544,81.94589623622406,151.27330712589304
41.615,-0.9523470086763872,1.3669967741734148,0.1091594191054626,-0.0166289959996418,-0.0125649313656474,-0.0039661206663201,0.0063879292034489,0.00089226385791,0.0351555326642611,0.9993605616152667,0.0609948381023984,0.061311310415579,9.912402363120854,0.0147780308744106,-0.0107211239450347,-1.0862874917560998,-0.3814058329133857,-3.7967201229074754,0.9500811089691232,1144.7724947601719,1078.5779502087091,1091.3857749593576,1148.8878270619507,53.00702351774181,-99.0502123712295,155.83943710876687,121.63586485314376,151.27598227744184
41.6175,-0.7224900866510858,1.6244154244035283,0.2272811629111219,-0.0188561237982126,-0.0089125189856693,-0.0031070113981366,0.0064112057618452,0.0008399888374377,0.0352047169803161,0.9993586954365944,0.0624158890566202,0.059465725566175,9.914628500280559,0.0148007166990811,-0.0107381813579978,-1.0859482194693637,-0.3813769447494215,-3.796705545743413,0.9473666110443856,1144.7062821318295,1078.2783590044098,1091.5528769604427,1149.2713928939709,-89.32138327644617,-125.79007041024468,-26.29636774629607,215.29348254786356,151.27859581469244
41.62,-0.4357484908232127,1.839333970598224,0.3194031383519315,-0.0200849959701424,-0.0024565083586437,-0.0015097918269135,0.0064203848500243,0.0007967108504564,0.035241331268289,0.9993573467265406,0.0628085537158929,0.0567585571547385,9.916447361879191,0.0148583704039772,-0.0107450538920557,-1.085608713286946,-0.3813503829008853,-3.7966904981016953,0.9446566155238176,1144.32588784379,1077.9489998566585,1091.2542931206262,1149.9642944746893,-158.2487652468999,-100.0627132696479,-178.0935605080229,292.3534243129648,151.2816500877061
41.6225,-0.2187335794502347,1.903069531116236,0.3439483044754418,-0.020102173832869,0.0038679775549064,7.217502784239929e-05,0.0064154851085091,0.0007609156247902,0.0352621733705926,0.9993566280938924,0.0621620383943407,0.0532659106524696,9.917879988573736,0.0149457503612412,-0.0107473646998622,-1.0852752653980091,-0.3813249568336772,-3.7966750920826353,0.9419510984224688,1143.9150383055946,1077.778045438061,1090.6624091579024,1150.7331600155364,-147.9639116838978,-37.78090502594637,-275.94126979160575,339.7976263395402,151.2841189937724
41.625,-0.0517867065138084,1.8290367033481627,0.3136375331033869,-0.0194693905647377,0.0101471679234137,0.0015670673943809,0.0063946984070569,0.0007317170342634,0.0352655029490014,0.9993566164340588,0.0604688539843938,0.0490449156407021,9.918958241077634,0.0150580400468471,-0.0107460217874536,-1.0849531955039515,-0.3812992735739214,-3.796658850765557,0.9392498772778818,1143.58606828537,1077.7600953315286,1089.8745867716675,1151.6632826063878,-100.44255185857804,26.93883329314025,-343.3736593117768,433.87850492993846,151.2864997730764
41.6275,0.0771440967213872,1.5988341407261955,0.2288709103591911,-0.0184327795992004,0.0164419278364169,0.0028260340263937,0.0063542507131072,0.0007194087745709,0.0352508393119852,0.9993573447716296,0.0575176074110478,0.0441352129725435,9.919722926214211,0.0152136055567901,-0.0107375978550701,-1.0846459937103194,-0.3812725757174929,-3.7966410217454705,0.9365513156695786,1143.4128255463022,1077.912739604527,1088.945540861345,1152.902552540184,-24.463806527488703,79.27926161124142,-302.16360583738606,466.1167804618233,151.2892456618006
41.63,0.1276256378506556,1.3231726892257711,0.1366802527014335,-0.0176619513797576,0.0202336273388488,0.0030476339633201,0.0062934639230878,0.0007272313699237,0.0352228488030386,0.999358650423075,0.0532599103483809,0.0386428902108567,9.920220286147748,0.0154140687861751,-0.0107238243620038,-1.084355383077714,-0.3812436975330899,-3.7966211789211446,0.9338532877331612,1143.4637492527327,1078.156491639585,1088.3637687424798,1153.993866508698,44.90131331256156,111.31650156738704,-157.62751645830699,439.9149677789888,151.29143545507966
41.6325,0.1333810489070509,1.0127145152881527,0.0459379065471133,-0.0170476284273647,0.0225245089720327,0.0025033772720373,0.0062166162845182,0.0007528652813315,0.0351831540787995,0.9993604555769224,0.0477834536567284,0.0327746605876646,9.920499343810569,0.0156476773155245,-0.010715213618516,-1.0840811247608315,-0.3812124288132415,-3.796600040027668,0.9311538121944164,1143.6373321128651,1078.469322112364,1088.1574032790531,1155.1021273790802,68.78427952485143,127.61058281082806,-3.1826643025426007,439.89333788394094,151.29351692386055
41.635,0.1181478106809996,0.711743487791672,-0.0316288789562136,-0.0165517902398615,0.0236648611261353,0.0017793582374336,0.0061258769785094,0.0007937410745338,0.0351341333046144,0.9993626772714828,0.0412027943117636,0.026697181198047,9.92061038614478,0.0159016293468872,-0.0107160103580379,-1.0838211799745228,-0.3811782661396794,-3.7965794420521366,0.9284515819920796,1143.8076706503566,1078.7945445536386,1088.347855420967,1156.1933331981159,39.93345807823747,122.31696720739929,179.48748247290408,424.38568972785225,151.29550465194723
41.6375,0.100789296245634,0.4578172581332707,-0.0900868329601544,-0.0163219453053822,0.0237868802419708,0.0011996747721853,0.0060305683720443,0.0008435607260553,0.0350830828301528,0.9993650248097644,0.0337348652023294,0.0207141810074161,9.920601805831009,0.0161541499816515,-0.0107440576880545,-1.0835720581939279,-0.38114058046319,-3.796561202880108,0.925745835458288,1143.8369994032564,1079.0809069484014,1089.054840691418,1157.2240558277203,-46.954867533234925,106.30081397679552,422.8887573439917,431.22855695106176,151.29737541737447
41.64,0.1086863339975552,0.2316881944404652,-0.1450726046149586,-0.0163762278958554,0.0234927988865535,0.0008592043415929,0.0059439688681259,0.0008986552937792,0.03504070572859,0.9993670702386958,0.0255699168324682,0.0152037200635382,9.92051882086724,0.0163889349827332,-0.01082448519676,-1.0833292492448288,-0.3810992500175342,-3.796546306114384,0.9230364066119248,1143.5728963126903,1079.3260486235229,1090.462299207688,1158.3494759828723,-155.7853519176713,70.14539046892436,590.8221435676213,392.6687710933881,151.29948102286767
41.6425,0.1597235383842401,0.1102003644979497,-0.1863432674377408,-0.016814869265082,0.0231531841881517,0.0008702744328996,0.0058751713556323,0.0009572876666635,0.035013522916331,0.9993685638101938,0.0168785552002808,0.0104524109032755,9.920402774716873,0.0165947805282647,-0.0109721585603167,-1.0830880407138648,-0.3810539870423056,-3.7965346878884665,0.9203234021954037,1143.0580726436688,1079.4316339007455,1092.0089514092535,1159.1873996831855,-262.92141884569185,24.41287839732128,659.5481052454297,320.8642431805124,151.3011170099882
41.645,0.2727237148953104,0.0448217976076531,-0.229089079172062,-0.0173699556407165,0.0228613096526185,0.0010626889980152,0.0058284796914551,0.0010251537726257,0.0350025070553702,0.9993694724690024,0.0077004221998507,0.0066436749301274,9.920289526935044,0.0167780334582658,-0.0111911818242035,-1.0828439742177207,-0.3810064458628742,-3.796525842127629,0.9176075113775444,1142.2582892184612,1079.4481130155095,1093.7600397339168,1159.9537971987756,-397.1421937390247,-3.2447327496339993,760.8318352580427,337.2616858387667,151.3026265252558
41.6475,0.4791074760937983,0.0028630434768589,-0.2776648450453949,-0.0173086669076146,0.0228574974305396,0.0012035166586509,0.0058029126061635,0.001097931777857,0.0350082258683092,0.9993698153957778,-0.0017131037711243,0.0038332378438114,9.920210455377342,0.0169251998121919,-0.0114730602352735,-1.0825940184791616,-0.380958503767024,-3.796519561023752,0.9148906367916394,1141.0723616749726,1079.4154102369976,1095.8131105855457,1160.8737081123804,-451.81195673540225,-11.39566680909538,699.7503168859109,352.1148169334557,151.304287410035
41.65,0.696038060265077,-0.0259976206588583,-0.3025934869844135,-0.0162350216410495,0.0231616548071194,0.0009091522902525,0.0057964971411632,0.0011694966762078,0.0350293154999979,0.9993696875953806,-0.0110622789432619,0.0020378791148345,9.920192468452695,0.0170205945380401,-0.0118068837802161,-1.0823365810492926,-0.3809124146050598,-3.7965155416966367,0.912175606638616,1139.9992294347862,1079.391134681464,1097.2587913183431,1161.714371283441,-422.3153739772101,0.1429537587227237,475.848138786598,365.8583026892249,151.30554253071807
41.6525,0.9334558606365604,-0.0751172891105608,-0.2861484892474203,-0.0139853507924244,0.0235589798897752,-0.0001619435029567,0.0058071898361012,0.0012343317776629,0.0350598473534314,0.9993693370219544,-0.0200500350442881,0.0012536704789433,9.920258735028654,0.0170514103449534,-0.0121816499065304,-1.082071430080974,-0.3808692299271851,-3.7965130858865352,0.9094645308394576,1138.9607848050855,1079.4161250057912,1098.19235127948,1162.7029996258275,-427.40948198644173,26.74508473895453,258.58841948934656,472.9342080634378,151.3066591966411
41.655,1.211529264487762,-0.1792727901194745,-0.1891444959332967,-0.0103860361921167,0.0239915541493273,-0.0021765060763832,0.0058358292770695,0.0012910525038022,0.0350957954724433,0.9993689046194112,-0.0284545898537568,0.0015170252743237,9.920429012706169,0.0170147271530343,-0.0125932532086233,-1.081799174567818,-0.3808279266759227,-3.796511239725074,0.9067576019920884,1137.8621820248527,1079.5248601051587,1098.5517334157907,1164.0790423237595,-369.0400513913292,51.7040054484839,-0.4635052498092259,527.4971627351329,151.30783323828504
41.6575,1.4205253591001143,-0.3113124341791516,-0.0327898521109079,-0.007066337761604,0.0241140002406738,-0.004109831868462,0.0058773830698202,0.0013430786447134,0.0351347566140216,0.999368469478276,-0.0361534836182711,0.0027319210632877,9.920720647231864,0.0169192941235447,-0.0130256260649298,-1.081520943615424,-0.3807880037718994,-3.796510876352911,0.9040546303561956,1137.1155845481303,1079.6746450330331,1098.1900337532309,1165.3404854395008,-259.15161617718167,68.31119256704513,-266.92982511763137,506.1299891781485,151.30866864672709
41.66,1.5911452629875296,-0.4880568758788184,0.1921384224944794,-0.0035071546266014,0.0236187557334915,-0.0056023956370362,0.0059266850921103,0.0013886679815082,0.0351762925864173,0.9993680021037245,-0.0429266813565458,0.0047777022306337,9.921150840712649,0.0167633121767621,-0.013462441498038,-1.081238103806739,-0.3807493870416467,-3.7965130241923184,0.9013544140431564,1136.5664239439664,1079.8664160679944,1097.217084290202,1166.6096922696515,-186.53455882699296,81.95265014669884,-468.55105282569315,487.2085268558075,151.30934967798913
41.6625,1.7200748536702468,-0.692756506241687,0.4456003819613321,0.0004066860244486,0.02244124488789,-0.0059311950911089,0.0059800941947122,0.0014212102535527,0.0352145265854345,0.9993675945746084,-0.0484655018382416,0.0075422699966416,9.9217376409037,0.0165348996262204,-0.0138906455732908,-1.08095179336789,-0.3807121478674526,-3.7965182382397846,0.8986559726893978,1136.182911753995,1080.084408283767,1095.8472784891012,1167.776528073781,-113.81911120476052,95.82089639984208,-613.0231798197319,416.32405110805513,151.3098980491743
41.665,1.78639645366995,-0.9150332788779064,0.6785720105527239,0.0048161541960636,0.0204463541525868,-0.0042236279853404,0.0060335955715718,0.0014366320980738,0.0352401728739145,0.9993673687761704,-0.05252573215072,0.0108915305487167,9.922499155090156,0.0162281054164543,-0.0142972612258817,-1.0806624542954,-0.3806751760693498,-3.7965259464291226,0.8959581749877483,1135.997328387943,1080.3455205499931,1094.151968391106,1168.69131252519,-35.162188412805534,134.45008740252376,-786.2154640985934,320.64281722939046,151.31028124096864
41.6675,1.7798676919319663,-1.1803051626417616,0.8584147877044446,0.0104946189097632,0.0170424780853465,-8.811772514423184e-05,0.0060858951659283,0.0014343741247247,0.0352505165468949,0.999367087363033,-0.0549501867333809,0.0147356208038638,9.923453230551145,0.0158446220260542,-0.0146767315863165,-1.0803696400458351,-0.3806353716644704,-3.7965343962919778,0.8932591997048119,1136.0071008119307,1080.75665872078,1091.9162011686062,1169.3797421599288,43.61389548191752,178.02001694749367,-835.0623049683056,178.01233480622602,151.31054431046385
41.67,1.697506992549758,-1.3870962430789004,0.8834596482039908,0.0151517440389235,0.0133091758053915,0.0044447735377712,0.0061390259282269,0.001414964945395,0.0352465009584993,0.9993664394366772,-0.0556246866647,0.0190414667291743,9.924617975019322,0.0153888392915501,-0.015032069654514,-1.0800722247053536,-0.3805908037926239,-3.7965415569843617,0.8905578720747878,1136.2153978653528,1081.235620634731,1089.9766568662624,1169.5813741992215,125.06770467477968,235.65690120029615,-780.6316126301051,9.8087075932288,151.31059602369555
41.6725,1.5372333111827872,-1.5722732261277288,0.7633655908159762,0.0193007147362128,0.0089469488192412,0.009194811389916,0.0061887356913326,0.0013855972405337,0.0352296861448885,0.9993656908055668,-0.0545999794766717,0.0236479922704006,9.926011556564735,0.0148813158121762,-0.0153543405348317,-1.0797688689410556,-0.3805439223078292,-3.796547782977764,0.8878546209803478,1136.6324393353043,1081.9349432267804,1088.0130431054592,1169.428785697895,226.95802284735905,375.8254266372557,-868.5227474105992,-128.37644481731127,151.31047044735655
41.675,1.2654507736601195,-1.7774896508904268,0.4886398558545842,0.0235169376756156,0.0037743687049047,0.0134347456804868,0.0062367279819603,0.0013468847011337,0.0352030408793688,0.9993650604877412,-0.0518251766185585,0.0285023737443287,9.927654711479152,0.0143298981962032,-0.0156479097005209,-1.0794585288184206,-0.3804975204878772,-3.7965534526031406,0.8851501069355937,1137.35018797959,1083.1147477679183,1085.6340431292072,1168.9394919751348,291.4509464780495,496.46229828883475,-878.5622299923086,-210.47008917797177,151.31011185250549
41.6775,0.983683615606024,-1.9481830379737624,0.2120891605095278,0.0264865930058639,-0.0002791892926106,0.0143615484941902,0.0062877847361552,0.0012972816231034,0.0351728734884777,0.9993645269674628,-0.0472417072153061,0.0336087325781677,9.929570321667736,0.013739778988277,-0.0159244006629976,-1.0791407209239527,-0.3804542518395595,-3.7965584822884177,0.8824459892977964,1138.0896940676953,1084.4172547182259,1083.6202319554955,1168.3764352520045,311.44807730676024,583.5548852173209,-811.1584906711059,-232.17160921693187,151.3096383050864
41.68,0.6609327080260267,-2.1346435849559335,-0.0234930004583612,0.0287759854169251,-0.0043377461499306,0.0123472246114716,0.0063413606368665,0.0012440091575248,0.0351428040721136,0.9993640937574328,-0.041009644425224,0.0388697594551378,9.931782548780815,0.0131377332939662,-0.0161850215654009,-1.0788156573273147,-0.3804157739657777,-3.7965623901325367,0.8797432202867446,1138.9074283661223,1086.0325221940022,1081.578250675855,1167.7786339290512,360.834475504417,760.0238875588365,-891.3228918320704,-243.60232125104048,151.30898247081035
41.6825,0.2516480922145343,-2.382828199292621,-0.1767230031252924,0.0303376168012525,-0.0096951718862734,0.0084850863714926,0.0063942652611669,0.0011939112169225,0.0351108881767777,0.9993639111344418,-0.0333274216781114,0.0441348161291963,9.934319415867176,0.0125518362064367,-0.0164253708285794,-1.0784844780987828,-0.3803828913062226,-3.7965653624764055,0.877042210427916,1139.8938664452155,1088.2173741560166,1079.1636174963392,1167.1584236457504,353.13073447409926,814.2534546254337,-859.0165214459074,-193.89711217139927,151.30798500798636
41.685,-0.0851737820607468,-2.602246219967515,-0.1732421804109091,0.0303314075397119,-0.0148847280896895,0.0057228595553809,0.0064409707466796,0.0011500209762099,0.0350766003102162,0.9993640550761368,-0.0243651195238387,0.0492063658216581,9.937213801828618,0.0120033179981835,-0.0166357575155548,-1.0781492170059968,-0.3803561478004386,-3.7965671819681535,0.8743441185705003,1140.673082038494,1090.1037894671315,1077.2831680686236,1166.8091483681935,299.4479779763711,726.5939020110557,-690.7649657685047,-90.16737346496417,151.30698006116893
41.6875,-0.3909182791004692,-2.8116810499919302,-0.0504209692427216,0.0290504657109734,-0.0209152155486202,0.0044646106419839,0.006478448841069,0.0011107635197269,0.0350410737815288,0.999364503135328,-0.0142451197761171,0.0539365210766051,9.940502506301351,0.0115037797446997,-0.0168112907983736,-1.0778123952054357,-0.3803351455941609,-3.7965683813439695,0.8716504945233389,1141.3911063350984,1091.8503436660735,1075.7097926674949,1166.7075867784251,282.2079816765674,643.0870182411519,-550.6239707991432,3.656795110558648,151.30579881461324
41.69,-0.6564446083602034,-2.988036188192877,0.1368626034031377,0.0270155536295069,-0.0277871349955867,0.0045985284482153,0.0065073619681243,0.0010786802820272,0.0350063511840346,0.9993651538990436,-0.0032128271222541,0.0582574879987684,9.944223729693425,0.0110731992598735,-0.0169548381131804,-1.0774763226276152,-0.3803189447480388,-3.796570208070444,0.8689611040246396,1142.0841219468755,1093.3192245583343,1074.5300482146304,1166.8274323437463,285.93261824675136,487.0569105210743,-348.9857652688476,90.87584413186856,151.30447592207483
41.6925,-0.8672901610207088,-3.0911151720438745,0.3529352916225941,0.0243950537093278,-0.0357057461482532,0.0060101810431453,0.0065269780498041,0.0010526307324078,0.0349724206298501,0.9993659838881794,0.008518058439405,0.0620755228076411,9.948417733223348,0.0107228966879384,-0.0170653275330457,-1.077142933809474,-0.3803079443593323,-3.796574535336396,0.8662753977231318,1142.8207694263328,1094.2856282186804,1073.9648638411495,1167.1619659990847,357.76191998606805,280.4844430532669,-87.12067806841422,163.45351649629998,151.3029896115452
41.695,-1.064478230254826,-3.093962988760658,0.591782261451349,0.0212086499466596,-0.0455910488016054,0.0082180164384919,0.0065351996641599,0.0010291431294691,0.0349392790484103,0.999366980178181,0.0207441105275683,0.065273400547222,9.953124653628574,0.0104577307102554,-0.017138105930065,-1.0768132496866583,-0.380303066770097,-3.796582142090671,0.8635935110082938,1143.8729315468067,1094.7216467736012,1074.094444824288,1167.6446999262284,427.2503572829257,31.95941560332536,180.98655948204487,155.48935916695473,151.30102906239264
41.6975,-1.1956542884800474,-2.9799443341012095,0.745361771526397,0.0192862635522699,-0.0532807958465223,0.010169124343155,0.0065332570913206,0.0009975145196768,0.0349113083625415,0.9993679607973716,0.0333802869662111,0.0678012080524023,9.958381482843395,0.0102643498523422,-0.0171750719651753,-1.0764868728969492,-0.3803025746984793,-3.7965917211973825,0.8609141227423835,1144.9570212127455,1094.4454252966968,1074.8697966385591,1167.939412794919,479.46143997494823,-235.3426783360352,430.1184681589421,49.84070318457449,151.29925824351196
41.7,-1.3049054314055863,-2.737110966217512,0.8270021670752852,0.0180429248773101,-0.0599240730812791,0.0123488759195869,0.0065245944759328,0.0009564261326618,0.0348928119048327,0.9993687238546332,0.0461369267817469,0.0696662352257027,9.964218586232771,0.010146415357926,-0.0171837271420294,-1.0761613250134034,-0.3803039630802522,-3.7966016539695215,0.8582351488489325,1146.2702387466827,1093.5449333819206,1076.2450371650839,1167.8939034421514,612.2143940771872,-512.8726346331964,707.9353406657464,-143.2343505441799,151.2973596984748
41.7025,-1.398858318393237,-2.290555145548945,0.8204015054603304,0.0154146114208376,-0.0673509343802244,0.0154715430002086,0.0065107735193947,0.0009126300257292,0.0348830376456128,0.9993692514072308,0.0585518532036762,0.0708518093662183,9.97065939549328,0.0101216985333683,-0.0171683201549743,-1.075832154994626,-0.3803059111730274,-3.7966121399188175,0.8555535675830778,1148.018093183133,1091.8810621235295,1078.4094733418897,1167.2232410421975,643.6381537558588,-677.9014694215929,849.6363809315422,-366.58426032796933,151.29495240096273
41.705,-1.417861927825526,-1.7845602970472696,0.7185611969505677,0.0114301656531916,-0.0736030239824773,0.0183643363187266,0.0064937234148494,0.0008685010762273,0.0348817792737266,0.9993695142567566,0.0702503434111325,0.0713550683769134,9.977718741849277,0.0101948143637651,-0.0171339453873088,-1.075493430369995,-0.3803068013625321,-3.7966240332247874,0.8528670817603413,1149.488429515459,1090.1554260348155,1080.4932190697375,1166.0609821405133,553.7844731412756,-718.9672490730533,857.3532045305618,-587.1568495629797,151.2928522792118
41.7075,-1.3381374001139528,-1.1465836703945567,0.5196274241627364,0.0058034365262311,-0.0792896095944535,0.0209079145843736,0.0064758071371354,0.0008231486891826,0.0348890741530373,0.9993694818204976,0.0809340410914921,0.0711904847571877,9.985400946973746,0.0103596234745716,-0.0170869251475508,-1.0751383701400836,-0.3803056742584827,-3.7966380442705825,0.8501764271534228,1150.7870155488408,1088.2862258781624,1082.6962393645447,1164.2874567943811,494.09007175065386,-804.6395513090805,962.5882090313175,-886.8903026345844,151.29066981377522
41.71,-1.1164349248876215,-0.2739114628706221,0.1942036198249765,-0.0011063250463539,-0.08335426964332,0.0228118876657231,0.0064556955420144,0.0007774035690675,0.0349017768290949,0.9993692628521434,0.0902892465272276,0.0703127445009503,9.993699920282513,0.0106104840565325,-0.0170265149998,-1.0747601679919088,-0.3803016979441135,-3.7966526161341823,0.8474827452485642,1151.9588798742136,1086.1322282782683,1085.3061601148968,1161.626530627338,349.68798778204444,-740.6433100270903,931.5830408846355,-1023.5176699489544,151.2879722795246
41.7125,-0.8545589127888809,0.4816509386918645,-0.1179011132909711,-0.0049818258248187,-0.0831927940076126,0.022983109319902,0.0064308187570358,0.0007306630389597,0.0349158478492342,0.9993690103808804,0.0980619753908225,0.0686647453051813,10.002598665410268,0.0109354980480713,-0.0169501907254289,-1.07435267205965,-0.3802944342531741,-3.79666590152995,0.8447869609553817,1152.5354554877495,1084.5830093280304,1087.3541545689636,1159.1698684446412,148.20825461130573,-537.6866000486166,776.2218246418464,-973.9996983282728,151.28567026807178
41.715,-0.5821292593332059,1.1798726603615957,-0.4287540760545344,-0.0056131157455175,-0.0795333842938364,0.0217028051934329,0.0064045264663805,0.000679874979711,0.0349323121613691,0.9993686643654444,0.1040931434034773,0.0663206346546366,10.012068544826372,0.0113140204367442,-0.016869060949738,-1.073910733852428,-0.3802834016345222,-3.796676807729237,0.8420894127465453,1152.6999211472703,1083.4437952780236,1089.187269238108,1156.7565321356942,11.904855432424759,-375.3949199631177,690.2164167919289,-912.9246659073821,151.2833249202259
41.7175,-0.3574542297109697,1.7746117012012679,-0.7089647189700043,-0.0043539253197652,-0.0740902801116786,0.0197186831186052,0.0063787702055464,0.0006177689791378,0.0349515833914708,0.9993682002421445,0.1083568319415476,0.0633398571642169,10.022071956892493,0.0117139537157505,-0.016791676940376,-1.0734309542760752,-0.3802673851951609,-3.79668464398162,0.8393923755768492,1152.5949797649116,1082.7060347282138,1090.805236652925,1154.605245115102,-76.46139568130499,-197.17907469689376,591.5203974398913,-745.9355724183259,151.28095256450194
41.72,-0.2330702424622016,2.2037613216031744,-0.9258056434409796,-0.002773288368941,-0.0675533666721569,0.0172418213647276,0.0063560513215793,0.0005377569171228,0.0349741805267615,0.999367588772054,0.110870288241988,0.059810030951081,10.032564477017468,0.0121026497507825,-0.0167282499219051,-1.0729117651843127,-0.3802453259827556,-3.796690043992119,0.8366978283951869,1152.3176141688643,1082.4578999045402,1092.1448712253048,1153.026854273606,-113.73660456709878,-7.62948103105892,525.1171308580566,-505.48060772468097,151.27855770432507
41.7225,-0.209494409584202,2.5105531680320654,-1.089808611323979,-0.0020121029059791,-0.0592870526387813,0.0137052957333374,0.0063387169441005,0.0004405355904541,0.0350000981186324,0.999366815890858,0.111565327052999,0.0558376343534927,10.043498155635811,0.0124618041057425,-0.0166892761569772,-1.0723532341742008,-0.3802164293279219,-3.7966943655103673,0.8340076982833533,1152.0262967420758,1082.6678873230585,1093.4308223072167,1152.0778420764773,-65.37371285095399,148.16630044084982,420.59464796149166,-160.3129128967883,151.27566992814354
41.725,-0.2777669017835805,2.6014870950420783,-1.1368640247562372,-0.002468948693255,-0.0526132672364532,0.0104565110707426,0.0063272581767787,0.0003267002514564,0.0350332766296369,0.9993657436232052,0.1104372928019922,0.0515075263229541,10.054823222499879,0.0127724320577084,-0.0166812384603674,-1.0717569586727556,-0.3801799406663387,-3.7966982330172767,0.8313230700539652,1151.9907456046094,1083.1987314067449,1094.2478444651133,1152.2252897091216,59.003195297199454,269.3248263067465,279.19143982715394,270.4514149660285,151.27325997681433
41.7275,-0.4069001447353795,2.547020567613404,-1.0890497422560903,-0.0036687363648684,-0.0463739607055652,0.0071531521056961,0.0063214127428871,0.0001999011913059,0.0350799690831754,0.9993641598906922,0.1074822005183971,0.0469062693798282,10.0664898774952,0.0130224809998878,-0.01670909919469,-1.071125401748143,-0.3801356071255707,-3.796700500027808,0.828644310135,1152.3213127185616,1084.014511454591,1094.8267795063512,1153.430099151306,240.96733651105248,407.3683436052041,206.9330511722306,762.7249377892632,151.27085537378719
41.73,-0.5995991101324528,2.3503393295718062,-0.9328386835878514,-0.005366033839714,-0.0392659059890154,0.0036095327150865,0.0063206945553474,7.313432142905759e-05,0.0351434119933682,0.9993619559925448,0.102567676178525,0.0421361224168971,10.078449835913432,0.0132213215689879,-0.0167776354388569,-1.070461067725571,-0.3800834939949803,-3.7966988847643264,0.8259702538750051,1153.1955822871653,1085.235573124772,1095.2825097209748,1156.03891439807,389.2278366396395,476.75401603172014,133.37004063689616,1119.6763908620323,151.2679854574758
41.7325,-0.7720901920758763,2.1049018403626456,-0.7364956546587637,-0.0069904906078908,-0.0338768483719598,0.0014015462501196,0.0063206437345811,-3.922892959713378e-05,0.0352151341541847,0.999359454504559,0.0955857318569031,0.0372319819390873,10.090656082882335,0.0133840838751455,-0.016882220320805,-1.0697662780126223,-0.3800274167625077,-3.7966939487178606,0.8233002750808504,1154.2674519017608,1086.3982815347508,1095.493629709536,1159.0284811056192,467.6453182298407,482.165666834255,59.324628525118285,1307.1416369689423,151.2656131159063
41.735,-0.9356674207205686,1.8088874167233928,-0.4967419805210351,-0.0090469044236667,-0.0293952590567309,5.286927768633772e-05,0.0063157951372873,-0.0001319010043129,0.0352849565976771,0.9993570441682224,0.0866600735070649,0.0322086597913913,10.103061244749371,0.0135095969597084,-0.0170141775389445,-1.0690429563498771,-0.3799710837032609,-3.796688004451872,0.8206340276164961,1155.5338088783124,1087.6464014589408,1095.5791328636003,1162.5746225829087,551.2232829195817,553.3764372160829,25.479395207035548,1607.1157639877547,151.26326748499977
41.7375,-1.0973369038836887,1.4333190687872663,-0.1891041847705036,-0.0120779762394226,-0.0250792101355704,-0.0007423637022394,0.0063035621341609,-0.0002053949735418,0.0353486164873243,0.9993548887088988,0.0760757126641276,0.0271371831271349,10.115617494653184,0.0135872437845377,-0.0171692013789384,-1.0682921143742448,-0.3799159750803626,-3.7966826975028978,0.8179699522422601,1157.02356831636,1089.1651637208327,1095.6210266855712,1167.064059925562,504.34206079423006,548.5773718465147,20.934265162794166,1624.9646570904915,151.2604904980498
41.74,-1.1862129090405455,1.1281550228593689,0.063652956573145,-0.0148572183133609,-0.0223884562267844,-0.0008537546431203,0.0062830466191928,-0.0002624686352735,0.0354062212777665,0.999352988812277,0.0641976681862816,0.022120171875482,10.128276989355705,0.0136045646511475,-0.0173449195660357,-1.0675136635481,-0.3798617412450898,-3.796678171823339,0.8153047537485075,1158.0555191822848,1090.3892883181747,1095.6838041894143,1170.6994458683653,334.84505978579807,466.5713344519341,50.26698034926109,1370.2025661334303,151.2582122517738
41.7425,-1.208564370189925,0.855015133048243,0.2904719414080589,-0.0175973684520872,-0.0206299188216396,-0.0004673919791555,0.0062522538486659,-0.0003049373801893,0.0354538593148089,0.9993514959922816,0.0513950424706359,0.0172343142725198,10.140991985233473,0.013554211683378,-0.0175349727716103,-1.0667066272121408,-0.379808646963713,-3.7966753805725615,0.8126373454241423,1158.6977936152875,1091.4980203930902,1095.8723615873173,1173.915072756223,177.64446521789765,413.6202638497376,107.9352769625147,1183.3517033940855,151.2559759843266
41.745,-1.1612923005336047,0.6203269494210518,0.4793214423291153,-0.0204105033308808,-0.0194573678443439,0.0003541613514617,0.0062124844868336,-0.0003366823075087,0.0354890585036344,0.9993504910507132,0.038094812795407,0.0126130706225856,10.153714055708596,0.013426858909575,-0.0177384212881475,-1.0658695816105748,-0.3797567983610378,-3.7966750073083375,0.80996873860686,1158.9437415083735,1092.4573896374216,1096.2234805742264,1176.6162043853303,-0.1731620724512163,335.41040513629133,187.0414084399679,935.9419234104492,151.25377790387347
41.7475,-1.0115583588457553,0.437500946580747,0.6014525058942721,-0.0233712532651244,-0.0186772304475531,0.0017762132602243,0.0061695873324138,-0.0003590550865994,0.0355155624139509,0.999349807179919,0.0246789626461383,0.0084728477744947,10.16639392821122,0.0132205958307505,-0.0179630801186002,-1.065001017477589,-0.3797047018568317,-3.7966776931040687,0.8073002958947846,1158.6969278049253,1093.1750724187723,1096.8075686295176,1178.5947823732777,-209.93765382075424,246.16892510322168,310.275730705212,702.7881851475782,151.25163008235123
41.75,-0.6934320481694032,0.2750726223624375,0.6444117418222006,-0.0268739365680214,-0.0178754458526331,0.0041901404793609,0.0061301627697806,-0.000369321173125,0.0355389603494866,0.999349209045399,0.0114396387938799,0.0050348558324591,10.178981334865156,0.0129445078776191,-0.0182176910050875,-1.064099815618885,-0.3796523947082048,-3.79668348219226,0.8046337681538756,1157.8940532392692,1093.6882342629383,1097.7748592277533,1180.13014531107,-360.73345991659215,122.82316585912923,391.24671090684495,439.42339615067743,151.24911644977516
41.7525,-0.3070228926773677,0.1806410570276094,0.5789285878706417,-0.029497440172784,-0.0172403671230778,0.0066888789438806,0.0060967286932013,-0.0003679533801662,0.0355622557777305,0.9993485770052876,-0.001285769620015,0.0024186707748713,10.19142557217807,0.0126036379915381,-0.0185013031436486,-1.0631657952087592,-0.3796007668942284,-3.796692213275679,0.8019703583001507,1156.893260505344,1093.7891882480676,1098.76380218405,1180.791899354029,-441.1254719501375,-31.174702416758432,415.7259224798655,171.1334529133671,151.24707916383304
41.755,0.1936182346913691,0.120223051279103,0.4034449665329208,-0.0312312998482613,-0.0168231706829195,0.0095613857767155,0.0060712240632698,-0.0003552130443281,0.0355847568445382,0.9993479264954412,-0.0131903657409621,0.0007132724998401,10.203675269507055,0.0122060516063308,-0.0188113034524386,-1.062199467279242,-0.3795515922722922,-3.796703519120256,0.7993105223947427,1155.6884258795171,1093.5323607508547,1099.8534888401537,1180.9858125756373,-541.0786176108974,-190.55199843677912,473.6005396382403,26.617438296930256,151.24510677015004
41.7575,0.8810945034549759,0.0787367422850275,0.0890095604794877,-0.0314194755023242,-0.0169197580209981,0.0125546263385361,0.0060541285892586,-0.0003394321429267,0.0356054073976282,0.999347289476401,-0.023837707891339,-4.802405787735983e-05,10.215679828863507,0.0117451167505757,-0.0191412883613314,-1.0612021142501482,-0.3795060829429682,-3.7967168882461375,0.7966551287447192,1154.187867417288,1092.8364282558832,1101.1318048822425,1180.9249865455135,-533.1038417478186,-308.01514823816245,440.3393303230953,-36.5954035535984,151.2428213341613
41.76,1.4715145543254906,0.0622152615217732,-0.2169995175260777,-0.0292461985883969,-0.0172355606525323,0.0133425467641369,0.0060468671501944,-0.0003271295760777,0.0356266559266534,0.9993465671115536,-0.0328685425858489,0.0001688905062018,10.227388421076348,0.0112199358708127,-0.0194872007050315,-1.0601751761168177,-0.3794643586116853,-3.796732504609962,0.7940042819626537,1153.0229066707807,1091.9922850096652,1102.0551854917671,1180.8028355578695,-420.337853435161,-369.0261212922837,314.3858272158224,-31.137098104438778,151.24098952735267
41.7625,1.9983939924769047,0.0484726541749289,-0.4945812002385337,-0.0239382540885097,-0.0172085242147166,0.011191103478449,0.0060505100788483,-0.0003191094446927,0.0356444332033979,0.99934589617454,-0.0400868395206163,0.0013739684212537,10.23874892270612,0.0106435306981864,-0.0198447765457772,-1.0591199029221976,-0.3794279796947957,-3.796750978784857,0.7913581974800376,1152.0861781501112,1090.9912976494209,1102.7037340183224,1180.7693010549915,-320.6754144737894,-403.2157410512565,199.70962322962592,16.29718106000003,151.23923916950545
41.765,2.4137989263174977,0.021222047854409,-0.6940482556365914,-0.0164151439477242,-0.0166902457957864,0.0069856388716458,0.0060652897635098,-0.0003151705285744,0.0356536244436164,0.9993454583104566,-0.045368953828953,0.0035414375620362,10.249708219332533,0.0100322033230472,-0.0202085235425131,-1.0580371805956494,-0.3793973837020906,-3.7967725432635513,0.78871647141672,1151.4195295984107,1089.976206304408,1103.0537336079155,1180.8843214631695,-189.5438365038804,-377.231936180194,59.76615010482398,87.54510027787323,151.2375607920708
41.7675,2.6494466300660617,-0.0388069445186513,-0.7639547566922559,-0.0077639229936455,-0.0156837450603274,0.0024454203063478,0.0060933078998512,-0.000318589720428,0.0356528848327313,0.9993452895687994,-0.0485726828575736,0.0066648370270164,10.260212787926612,0.0093950728330609,-0.0205774656067898,-1.0569272295825223,-0.3793721316537967,-3.796797113758731,0.7860783316092608,1151.1384589675927,1089.1051379685216,1103.0025647688462,1181.2070265563805,-28.119293674975943,-307.50412709524153,-112.45928093443284,183.37355663288403,151.2359744287204
41.77,2.7136785726289907,-0.1549859553079412,-0.7068955095818042,0.0017885842598365,-0.0145868806010761,-0.0011052975635353,0.0061348015034651,-0.0003269233458119,0.0356434974553146,0.9993453464328874,-0.0497290693282075,0.0106895519534829,10.270206952432307,0.0087531866866441,-0.0209481537362293,-1.055789373378364,-0.3793513561000766,-3.796823978949536,0.7834418869853709,1151.278933130036,1088.4386856689307,1102.491437203243,1181.8011892463344,131.55102120747503,-153.3043377793672,-250.3875601813972,240.19235129032032,151.23418370107248
41.7725,2.606197385869048,-0.277751164851458,-0.5761021398511577,0.0082706268768996,-0.014598655273893,-0.0024757418690563,0.0061850656408656,-0.0003307360665102,0.0356217841840337,0.99934579576071,-0.049069886384681,0.0154514419553639,10.279632991601405,0.0081420247330607,-0.0213083752305869,-1.0546222151736435,-0.379335128947719,-3.796853250349392,0.7808057301534805,1151.7962140736304,1088.3386162796244,1101.7506269679386,1182.4079883128327,288.7910145959166,79.1534638405475,-337.493222734372,246.57319908278313,151.23279014113547
41.775,2.3704272798578616,-0.4008028719270554,-0.4079045133987268,0.0133702696477258,-0.0159636937382655,-0.0029022582384452,0.0062362430449588,-0.0003187292801683,0.0355828532918341,0.9993468668437396,-0.0469191275989934,0.0207133071352002,10.288433078767936,0.0075998928333898,-0.021640877239125,-1.053423970722527,-0.3793225014896544,-3.7968839182268534,0.7781693688102708,1152.7228882030142,1088.8344529881333,1100.8039710895728,1183.0340552417472,499.7224338313289,367.4126981986258,-429.86797587532976,255.5222448098505,151.23150439649683
41.7775,1.9770009238943371,-0.5183851826248713,-0.2102125956036828,0.0187589473356059,-0.0181867110039342,-0.0028367977025642,0.0062838970516462,-0.000292657367583,0.0355295056219534,0.999348481475176,-0.0433773556613594,0.0262941213901006,10.296553173630109,0.0071353423216477,-0.0219363719815979,-1.0521928498801907,-0.3793127606847244,-3.796913846706156,0.7755328485425794,1154.2948262427883,1090.1756797706184,1099.6012870885609,1183.6855995368824,647.5653973743064,609.0455378986984,-429.2488791706624,206.7179133336901,151.23009216200757
41.78,1.5737203861902176,-0.5782649109856481,-0.0727037881060601,0.022860497142113,-0.0198495857224487,-0.0023880340612488,0.0063297791240305,-0.0002563173898799,0.0354690280876009,0.9993503617879326,-0.0385393456225727,0.0321365612740452,10.303941713315549,0.0067500486613986,-0.0221999770498523,-1.0509271781312952,-0.3793045377800245,-3.796941605559695,0.772895855035116,1155.9607151898874,1091.8796806776284,1098.6577266937184,1184.067644808416,724.736503597546,773.1051775689804,-347.76246877126846,109.32553107905672,151.22902844438053
41.7825,1.104331317582039,-0.592475936468394,0.0215873935825715,0.0261435683029557,-0.02123461250852,-0.0016781633335213,0.0063739424393724,-0.0002110499534817,0.0354044862654857,0.9993523931870588,-0.0325855679991943,0.0381490245757779,10.310551266024069,0.0064490148635435,-0.0224344920076256,-1.0496261923605537,-0.3792969520131078,-3.796966770206928,0.7702582697666694,1157.9185087607727,1094.0412056584598,1097.862474744706,1184.2322271922772,896.7319502693005,996.126644323376,-312.91129381149767,25.89351580516944,151.2280870519959
41.785,0.4779723033648599,-0.5534182614490231,0.0839750993111824,0.0288312030664727,-0.0229101906833277,-0.0008880977590046,0.0064140071692863,-0.0001642046728705,0.0353365625664275,0.9993545609817988,-0.0256011536741004,0.0441869268498674,10.316342660571642,0.0062228254169871,-0.0226378682926093,-1.0482907766067209,-0.3792901181271461,-3.796989284938744,0.7676206847974604,1160.4443749412362,1096.8603138992476,1097.0931702246603,1184.197112387442,924.2149668902857,1016.2710170732028,-260.8649356270719,-39.65354905560861,151.22710395530348
41.7875,-0.0835903399986666,-0.471731171493424,0.1021172369639485,0.0299419890112549,-0.0244405183139257,-0.0004175578580941,0.0064491562316681,-0.0001234832652457,0.0352689534130917,0.9993567366576276,-0.0176814551612913,0.0501418591955153,10.321286015590879,0.0060591492287081,-0.0228116399901678,-1.046923726979496,-0.379285295924366,-3.797009020301824,0.7649854948619209,1162.5395835952263,1099.1225607438284,1096.55815006657,1184.0339594469992,794.9177649542842,821.4801017833646,-212.211428799412,-73.6707793060065,151.22641015954312
41.79,-0.6631654688291548,-0.3387632923845463,0.1016459827373519,0.0295223890593062,-0.0258881907106983,-0.0001751193229688,0.0064756502597866,-9.199648174936073e-05,0.0352055192527465,0.9993588083440424,-0.0090290468211786,0.0558532448388474,10.3253634097714,0.0059534496471388,-0.0229513777863356,-1.045530205565855,-0.3792820776400216,-3.797026406507368,0.7623555386633363,1164.418963766004,1100.9677144081609,1096.0321130806642,1183.8287584909124,687.8961112874213,629.8750239156068,-224.35210883443125,-75.68242445200433,151.22584997593535
41.7925,-1.2334812952246947,-0.167814213719936,0.0998053243714264,0.0277425773185462,-0.0268716178278145,-9.699122706497726e-05,0.0064894060487394,-6.997297564394217e-05,0.0351480987081682,0.9993607396509228,9.149666461111261e-05,0.0611605548501607,10.328571737038972,0.0059051071095603,-0.0230515200663084,-1.0441175990838427,-0.3792795975833178,-3.7970431009332577,0.7597335160576353,1165.9790641516652,1102.271935863408,1095.4363895223971,1183.655547324739,524.5305307376884,365.29744985754814,-264.6970887344206,-51.49728067774143,151.2254027217944
41.795,-1.7561302728231776,0.0371953947579835,0.1120518379520772,0.0243385289308893,-0.0270141963802944,-0.00016212224403,0.0064896668292111,-6.135094622951117e-05,0.0351010639698937,0.9993623815817992,0.0095006649848524,0.0659751393998337,10.330924932406836,0.0059031353351577,-0.02311233207763,-1.0426949754538744,-0.3792766276493786,-3.7970611389466606,0.7571209569167014,1167.0416164196938,1102.7942016574495,1094.7086276369914,1183.5712720875235,346.7795356920276,46.3817823459034,-342.8526134406119,-12.751243266177655,151.2250937312582
41.7975,-2.27508769157332,0.3044145504654547,0.158411801244214,0.0183249559641317,-0.026220232452903,-0.0003157443830332,0.0064766305610632,-6.527353522174406e-05,0.0350643281116566,0.9993637352251216,0.018934332924649,0.070236635173602,10.332454374003882,0.0059443611005695,-0.0231354593125565,-1.0412723018854035,-0.379271936274772,-3.7970816110289536,0.7545179600908503,1167.712961830124,1102.5038447751372,1093.7221264551958,1183.591791108408,160.50463951756657,-241.0521930426188,-359.45008315124846,26.106961515447725,151.22488485742002
41.8,-2.578346427110348,0.5333352826214567,0.2292542581956663,0.0117997959548585,-0.0248744781265887,-0.0004206815843484,0.0064540449986702,-8.420780340058209e-05,0.0350392405475951,0.9993647304467734,0.0282207333922714,0.0739611605630652,10.333209239436467,0.0060162571193041,-0.0231290095487392,-1.0398595202832388,-0.3792646499309403,-3.797103545392484,0.7519245059969534,1167.844139617282,1101.5889406922358,1092.9113772212343,1183.7018068951008,0.4649151333066933,-466.74031597780174,-285.13517089044365,60.69228602979443,151.2248467862308
41.8025,-2.7089414248146206,0.7604165164576713,0.3320442424463345,0.0040890458663176,-0.0231640143580066,-0.0003585436375569,0.0064292595083576,-0.0001235585675583,0.0350319827187216,0.9993651076049384,0.0372793040891054,0.077242374790899,10.333254853915264,0.0060979537751373,-0.023107948586451,-1.038465601387006,-0.3792550555224382,-3.7971263655109855,0.7493406406651985,1167.7152864057905,1100.1701431952472,1092.296450600743,1183.895252538557,-61.67119978250564,-686.1915326626661,-183.2521465295333,104.90600595949664,151.22495054344043
41.805,-2.6439601174915786,1.0265424281296052,0.4781953034273976,-0.0056629178192312,-0.020879124036221,0.0001404749703755,0.0064096773806257,-0.0001874218506199,0.0350519997593873,0.9993644955850424,0.0460357912462296,0.0801805782371645,10.332670647770104,0.0061697163672223,-0.0230871756962759,-1.0370977301030706,-0.3792423542095957,-3.7971499278692087,0.7467644706473183,1167.5357836183698,1098.1579830289256,1091.9951164885874,1184.2263369248979,-30.98376451856073,-751.9605976692237,-18.38346437281724,140.39468398767931,151.22523843578108
41.8075,-2.4107201207498234,1.2393038078590415,0.600463415752409,-0.0133495721779533,-0.0186110688340584,0.0011114506745786,0.0063994187164749,-0.0002681647366035,0.0351024330916715,0.9993627638099511,0.0542079961297387,0.0828209811091908,10.331547641740288,0.0062354189904083,-0.0230753817031078,-1.0357605431024708,-0.3792256883210159,-3.797174249671024,0.7441927324702851,1167.5603675831978,1096.4103402069045,1092.204533278879,1184.597225958495,80.54750820356702,-679.7385228579675,180.12714035185007,169.3576353245178,151.22561267487384
41.81,-2.0261988824593935,1.4329721607485086,0.694071179066778,-0.0195935673516875,-0.0156336625546635,0.0028732444827773,0.006393919536768,-0.0003498479932567,0.0351751352362028,0.9993602259727316,0.0613747486520884,0.085040532150695,10.329986557792832,0.0063163096708839,-0.023063738326623,-1.0344560124173885,-0.3792058635579725,-3.797199639941141,0.7416223209772858,1167.9385211593878,1094.759290414634,1092.8957521903471,1185.0731251015209,262.6785940142802,-681.6632558343978,386.7597591324124,227.5804118484048,151.22612238391403
41.8125,-1.4573450095871578,1.6253846504280687,0.7386202297405138,-0.0249514908999136,-0.0110927734510435,0.0059303865600908,0.0063910592540865,-0.0004231915468814,0.0352626599814924,0.999357153163364,0.0672952228139158,0.086767906076693,10.328091149452481,0.0064192410094774,-0.023048235266698,-1.0331831996136,-0.3791829609140231,-3.797226952912185,0.7390509066229141,1168.87376055327,1093.0020239277308,1094.138332074542,1185.7351280177377,412.50029633071114,-600.6440853815553,489.3650027519829,248.1605879432647,151.22688380185147
41.815,-0.951938014942052,1.73867444513032,0.7013110956755838,-0.0275814135309659,-0.0066614882231539,0.0089337891542378,0.0063915900684654,-0.0004878540847745,0.0353629656761601,0.9993536053990996,0.0719564512328072,0.0879909963247435,10.32596288531048,0.0065322727569529,-0.0230306848573767,-1.031938719061429,-0.3791559214646116,-3.7972554860374688,0.736478141454958,1170.0010226410395,1091.756069987729,1095.3425772041048,1186.313928041236,485.0915622109616,-453.4240742685551,470.5464387910391,223.6111130917145,151.22763663198245
41.8175,-0.4830331981132172,1.7914596329141348,0.582975196200931,-0.0281759344481865,-0.0019920416088974,0.0115181449815828,0.006395123396132,-0.000540692230262,0.0354721834937173,0.9993497197471491,0.0753254747350808,0.0886832611445114,10.323697753107812,0.0066499672834279,-0.0230114305165072,-1.0307174121836011,-0.379123824987906,-3.7972839458391223,0.7339035787717306,1171.299218364326,1090.7349035563868,1096.4910642684983,1186.8531835831968,504.3005778615373,-374.19155950709813,421.95384357079325,201.2072285452512,151.22850275263295
41.82,-0.0879327773083744,1.7908627710565472,0.4094353651707442,-0.0272043007102,0.0025968676056133,0.0130758745810302,0.006396530792978,-0.0005755945499041,0.035581416655137,0.9993458458446474,0.0773396379239974,0.088730666782037,10.321383935284343,0.0067746576176417,-0.0229820605409474,-1.029513236325711,-0.3790872393210996,-3.7973114203835774,0.7313271534874318,1172.5225255303485,1089.8851121901923,1097.4523464219599,1187.3199641839628,410.97675205879654,-301.3222034687272,322.8016270374363,164.18914122724726,151.22945438536007
41.8225,0.1864978981388102,1.7278147426661463,0.1942948937779864,-0.0250918691302345,0.0070270879438303,0.0132082377026383,0.0063887780193839,-0.0005911429042175,0.0356797808060804,0.9993424163467994,0.0780623231769583,0.0879854201792546,10.31909847456592,0.0069009932339291,-0.0229307545985232,-1.0283200037979832,-0.3790469881192148,-3.797336755276679,0.7287494096693329,1173.354102124618,1089.2282925390443,1098.105072403684,1187.6741292893323,205.410681450016,-242.67699024609416,222.07226712328077,128.21032411182193,151.2304974461111
41.825,0.3713445589796345,1.5877898656557772,-0.0829983780021953,-0.0222851325878916,0.0122603666587642,0.0125366714496098,0.0063674742193568,-0.0005908870197172,0.0357611253774381,0.999339676756565,0.0776866985938305,0.0863599880308226,10.316904732830892,0.007015442532495,-0.0228515472817773,-1.0271318811755459,-0.3790041558327836,-3.797359058933656,0.7261724600276788,1173.549578937599,1088.6717272389615,1098.5627077575768,1187.9610158045223,-94.6419597780248,-158.8328032574833,135.7404191557395,84.87848486479582,151.2318390557971
41.8275,0.4268122925900872,1.4277039679552377,-0.3179271079907668,-0.0204873423281966,0.016266787373592,0.0122271724824607,0.0063360869031836,-0.0005769423980832,0.0358243733182092,0.9993376407845698,0.0764008130849869,0.0839397203383931,10.314851173405655,0.0071095201436147,-0.0227551390620918,-1.0259435560447068,-0.3789606833077144,-3.7973784359650224,0.7235982688775967,1172.8808923257277,1088.4341285227567,1098.783774499463,1188.0985217136565,-444.8993735356861,-32.813064115528334,93.22708430467469,44.08340153112848,151.23302094387776
41.83,0.4266552844066998,1.241396728051969,-0.5472263316358214,-0.0201265488123918,0.0193795333738294,0.0123691953627864,0.0062978188131895,-0.0005469255118098,0.0358672961406529,0.9993363690663936,0.0743106412012163,0.0808180499566983,10.312973961439864,0.0071870569379247,-0.0226518948325742,-1.0247507576171828,-0.378919774379977,-3.7973963140850353,0.7210285562498904,1171.3250820699227,1088.507661918384,1099.0288431790996,1188.1814328121775,-847.5548493087656,130.27291688647594,156.13401393853763,45.31892562661097,151.2342566816684
41.8325,0.4178753530721627,1.0128015551324243,-0.7907568565879676,-0.021061315725008,0.0221234481182709,0.0116564013972455,0.0062565473519571,-0.000498434691757,0.035888654085333,0.9993358845454616,0.0715260144665735,0.0771125383333232,10.31129781164232,0.0072547019241416,-0.0225531446614722,-1.023550217909786,-0.3788824591669787,-3.797414005615528,0.7184629775876741,1168.6431180791817,1089.0854931071894,1099.564444569156,1188.3251163417897,-1061.1373391370335,314.61378374813006,257.6560264398768,79.22488980344082,151.23578831219817
41.835,0.4264298660933498,0.8333338150096594,-0.933363522954009,-0.0217502282191572,0.0238945126618429,0.0092385623889018,0.0062164839956087,-0.0004339080452754,0.0358946811953878,0.9993359370737142,0.0682537584860381,0.0729539213104528,10.309837697975746,0.007311390470905,-0.0224700675801221,-1.022339595760004,-0.3788478684834853,-3.797432900225053,0.7159005092270523,1166.0193953742348,1090.0807308371254,1100.3171233112998,1188.5775572611951,-1040.996150082393,524.7596883863249,371.9406324202936,149.0640578328103,151.23709605301306
41.8375,0.4494116486531251,0.676260558812755,-0.9675426776508538,-0.0213511343290858,0.0253055724507658,0.0046698896563861,0.0061826997056488,-0.0003571675944363,0.0358953323092174,0.9993361363634974,0.0647197618549646,0.0684992722514748,10.308601056504527,0.0073550796871208,-0.0224149923322095,-1.0211173084963965,-0.3788155109835569,-3.7974540337327993,0.7133401095100343,1163.4381373287745,1091.7092915491187,1101.424147731256,1189.070436630953,-1019.1796542879972,866.9105326151224,555.1683199969264,285.061217856755,151.23842607136265
41.84,0.4666631909548897,0.5176860192612555,-0.8583241681566635,-0.0194938741043234,0.0265699095912899,-0.0017170569767817,0.0061571321524452,-0.0002683388430303,0.0358927789243605,0.9993363910833742,0.0610549590792209,0.0638530254877784,10.307590905462911,0.007393379147398,-0.0223936503010474,-1.019882677840123,-0.3787871114943667,-3.7974776006032407,0.7107814680008387,1160.9234971027922,1094.4152835002033,1103.092964911286,1190.0028633504796,-760.6701599888057,1100.0393141659345,647.4299302839297,396.6396365663303,151.2400368141369
41.8425,0.4513227309250077,0.4081978424546031,-0.6623677385505528,-0.0171789741270424,0.0274480721222843,-0.0054951476374488,0.0061393077393033,-0.0001674306240937,0.0358862323489672,0.9993367331437036,0.0573657461805535,0.0590781935856524,10.306807734395306,0.0074354967405148,-0.0224067942436874,-1.0186360947560205,-0.378765759825145,-3.7975030396080056,0.7082256778111499,1159.6347865288285,1097.2094881199512,1104.6612973826773,1191.0536348137855,-304.56757012143913,1181.8389941088133,632.2125330028323,460.3142245993334,151.2413839147347
41.845,0.394018632824017,0.3144970526368104,-0.4241431016716888,-0.0150382276450394,0.0283108900226269,-0.0058489752265799,0.0061249551534281,-5.934434294871162e-05,0.035877229865034,0.9993371339610856,0.053833336404266,0.054163068545732,10.306251809217189,0.0074811716741129,-0.0224473672288312,-1.017379260806938,-0.3787520042614065,-3.797529020581816,0.705673750841812,1159.4006592521864,1100.324478470742,1106.2540275762972,1192.3044344734742,81.19026640852493,1247.5877372156883,616.0643113023102,512.0912947606594,151.24272782365367
41.8475,0.3084414994806207,0.226575363147416,-0.2090401529056666,-0.0137036470846667,0.0291189176419383,-0.0040871025058127,0.0061109036272091,5.023335672750453e-05,0.0358730753483263,0.9993373526677564,0.0506309701397712,0.0491240642302323,10.305924300046742,0.0075276012835963,-0.022510924694434,-1.016114871781714,-0.3787425435044695,-3.7975537493397766,0.7031262785031265,1160.040737860871,1103.4474268060328,1107.7416189391904,1193.6140912875903,426.29210134269687,1182.2722948515411,540.4525188168427,507.00616328459984,151.24406349004883
41.85,0.2088378042319131,0.1380390436294751,-0.0665495450339747,-0.0134410793360799,0.0297347074821089,-0.002025833809929,0.0060910371043643,0.0001538183286495,0.0358794045404608,0.999337228659082,0.0479409455280926,0.0439201510312615,10.305829439103697,0.0075671364631542,-0.0225870861988815,-1.0148466616580387,-0.3787333601407015,-3.7975768440201394,0.7005841095238556,1161.5321197589008,1106.2358399450027,1108.9562901703828,1194.8394652898985,762.1732324059958,1072.7813422274928,435.7839617197313,482.6184516967557,151.24538307331883
41.8525,0.0992752634987619,0.0247669396075016,0.0105979388567747,-0.0140070578538829,0.0301653041066799,-0.0007532607626553,0.0060576093465151,0.0002440426962523,0.0358932510975221,0.999336918090466,0.0459168975700251,0.0384793758459708,10.30597514290702,0.0075910338639343,-0.0226619979213732,-1.0135790369277256,-0.3787218401668042,-3.797597930658269,0.6980489997102906,1163.8516040228978,1108.8113335171652,1109.920538747787,1196.027183546072,861.0521570101498,780.1946264171975,248.2707254160326,369.3909987888148,151.246940832134
41.855,0.0269914133411752,-0.077570675188662,0.0139808712753243,-0.014636140000383,0.0302350716989438,-0.0007504478730499,0.0060105592965431,0.0003204522183432,0.0359120884165943,0.999336510403404,0.0445525587121012,0.0328936416047325,10.306371959399433,0.007602459720388,-0.0227375076384374,-1.0123160805399023,-0.3787061449368571,-3.7976166671680183,0.6955216847169501,1165.837380543954,1110.1368130770907,1110.1976437974636,1196.6864202838435,723.1420665136677,350.27181678338184,-17.59313945061886,186.96871941046524,151.24821286271347
41.8575,-0.0265230798377333,-0.1882582734418766,-0.0162628343145302,-0.0149181925705005,0.0299522780813524,-0.0013620302043411,0.0059578156894803,0.0003796941266983,0.0359322937901469,0.9993360849598588,0.0438862277504729,0.0274152635485001,10.307033227314967,0.0075971602059507,-0.0228305831643995,-1.011061071769816,-0.3786864288800862,-3.797633506023367,0.6930011975694566,1167.467314355468,1110.5626926010832,1109.832573050534,1196.9620271431247,576.1384903868258,11.676298119720446,-312.84483251525927,43.322486451910045,151.2494529140162
41.86,-0.0813937454943762,-0.3291377594156121,-0.063718294856074,-0.0150114584546866,0.0291173741495154,-0.002306961096319,0.0059044243776068,0.0004202659212109,0.0359462037357513,0.999335883674685,0.0438975344135304,0.0222337676526011,10.307975420241828,0.0075746348270625,-0.0229512171977105,-1.0098162756104645,-0.378665428157297,-3.797649252163087,0.6904860044871549,1168.7180729958854,1110.1951945676892,1108.6334196348887,1196.9030327161029,328.53193326642685,-234.2345941604601,-554.5362615628966,-68.04926992150442,151.25089916529507
41.8625,-0.1299236779060013,-0.4523489779534242,-0.1015717543955334,-0.0151218861842644,0.0279608263264559,-0.0032206550064003,0.0058538074451205,0.0004427028859711,0.0359501463442192,0.9993360168303852,0.0445071481668844,0.0174992230114466,10.309216277254057,0.0075385864091714,-0.0231048530898245,-1.008582433917862,-0.3786451749168262,-3.797665111708147,0.6879746884787181,1169.109974021801,1109.3915196302803,1107.059891742718,1196.621780793517,39.04749320675186,-353.82180736478495,-719.8469125814382,-133.92485589113187,151.25206653089163
41.865,-0.1923646098236811,-0.5832534046679178,-0.1365160596908043,-0.0153678606091114,0.0263897469891317,-0.0041271411837021,0.0058089316261396,0.0004518946462961,0.0359414134365465,0.999336564617085,0.0455328608928958,0.0133450772831307,10.310772656885112,0.0075016800105374,-0.0232947242202441,-1.0073584523360064,-0.3786271292320778,-3.7976829547747446,0.6854651564001805,1168.9133104619193,1108.4260855308644,1105.0341850719797,1196.2334084366469,-174.0971892477538,-381.39376599218065,-952.6514397693996,-170.88668594266971,151.2531914049177
41.8675,-0.2931749472273399,-0.7570721144058375,-0.1878953750553886,-0.015864778766844,0.0243871775302507,-0.004655182766354,0.0057701361493601,0.0004576282551318,0.0359140331208727,0.9993377413711814,0.0466802309623562,0.0098410033224184,10.312658666867973,0.0074866748792104,-0.0235175165521343,-1.0061415368618691,-0.3786136172959957,-3.797704605578329,0.6829555990963405,1168.239488075563,1107.4845508003211,1102.2966345438751,1195.7673473638044,-275.50136893230547,-264.2118716305178,-1021.9338771193378,-162.7832711194176,151.254488327266
41.87,-0.4037610050904405,-0.9244676636478336,-0.2527532927202047,-0.0163423367875093,0.0228694031401187,-0.0044597267843071,0.0057347398634676,0.0004693950855005,0.0358621783503966,0.9993397753823596,0.0476528479926441,0.0069785900797292,10.314883840292511,0.0075153144039192,-0.0237625743727261,-1.0049276373908576,-0.3786060585522677,-3.797731287141461,0.6804440755078043,1167.535803617259,1107.1050261727128,1099.9245156863876,1195.4194920810503,-258.3303691876651,-42.4778586434296,-929.6076629869069,-133.71419741945354,151.2555220401896
41.8725,-0.5436681456122286,-1.1222809422019044,-0.3518524857859963,-0.0166735961907025,0.0213610977947455,-0.0039979552370859,0.005698462451148,0.0004835921634509,0.035787119336031,0.9993426468855572,0.0484209126921731,0.0046893284387084,10.317451585825832,0.0075815004167151,-0.0240144585811758,-1.0037121942985188,-0.3786019622325861,-3.797763012724224,0.6779309823977004,1166.947836229624,1107.2721615071039,1097.6485962289385,1195.0987763767068,-184.08093343568584,152.08993883294573,-867.3627970553864,-131.70577712869627,151.25650317234755
41.875,-0.7022890216250997,-1.342054253764464,-0.4762603553688144,-0.0171042238937148,0.0194524664201374,-0.0037434061731711,0.0056566858258663,0.0004976766285283,0.0356951809610858,0.9993461554549906,0.0489348705163245,0.0028799375886398,10.320357850864765,0.0076790578321895,-0.0242570751091538,-1.0024905462405211,-0.3785973296169815,-3.7977984272332073,0.6754178925375794,1166.61539895008,1107.865475866878,1095.5877017011085,1194.7609631954067,-49.477671478552544,308.0395448545078,-742.0247668574046,-147.1533140371295,151.25743774295185
41.8775,-0.8629116414089892,-1.5697525502237704,-0.609178258636468,-0.0184707679126871,0.0164674042989219,-0.0041952716970873,0.0056099420452278,0.0005048743779814,0.0355987566603098,0.9993498574012198,0.0492429515625941,0.0015414190323867,10.32359056319686,0.0077903934212403,-0.0244848335481538,-1.00125832705836,-0.3785897076601446,-3.7978364243350926,0.6729068521462743,1166.7004478722315,1108.812359231375,1093.9384723946548,1194.3630098065219,134.81383745076903,438.6661941504856,-595.7834047489222,-186.0264485718702,151.2583123817503
41.88,-1.017001268350627,-1.814126557726256,-0.7303406939128582,-0.0217545095800255,0.0113462221404242,-0.0061881339691476,0.0055611224399848,0.000496558630024,0.0355107901236342,0.9993532807556776,0.0494446925072398,0.0006939698241793,10.327130059746011,0.0078918924360024,-0.0246974976511129,-1.0000118613712783,-0.3785770476448803,-3.7978763732596694,0.6703998425326386,1167.2894681373343,1110.0588068376317,1092.6087846773623,1193.8308309525469,278.1166898988827,430.311604516517,-359.3134026253191,-188.2644363193268,151.25928750618104
41.8825,-1.0832198851766937,-1.964059028929066,-0.758550213880889,-0.0254651697778813,0.0061228981153247,-0.009154396998456,0.0055184129102698,0.0004711796979972,0.0354406024319647,0.9993560477120864,0.0495127372550599,0.0004555913111596,10.330949608455612,0.0079722739799888,-0.0249068525999454,-0.9987478789234028,-0.3785586842743158,-3.797916953532864,0.6678975623353117,1168.0910313217266,1110.9639172539587,1092.1419053815273,1193.4216876249247,345.79963198329625,291.2730143764668,-39.24161033977656,-122.72730237475363,151.2600341270704
41.885,-1.0634787259846932,-2.0310315389345495,-0.6730496821550049,-0.029287749059341,0.0005717402683245,-0.0127894437457188,0.005481658085836,0.0004365617544187,0.0353922545903255,0.9993580038320898,0.0492380666870451,0.0007642125324408,10.335017192612328,0.0080388575962186,-0.0251096982973485,-0.9974639613752536,-0.3785365432529556,-3.797957311859245,0.6653997082365913,1169.0184662972492,1111.5151719095127,1092.4125766256636,1193.2171944406737,385.97273155872506,132.98482188531597,290.427522781271,2.8891430110874126,151.26070745197003
41.8875,-0.941511002215478,-1.999848408371,-0.4274337029502471,-0.0332766009501034,-0.0061508458585527,-0.0164657605486063,0.0054482609147269,0.0003969792773426,0.0353660330768952,0.9993591460105063,0.0485026468543071,0.0014921725134681,10.339296707951991,0.0080919039421482,-0.0252987728666486,-0.996158296651352,-0.3785117022601374,-3.7979972650558382,0.6629047412641349,1170.0208949795212,1111.6288413633856,1093.5940429954344,1193.43613333998,320.09071696877066,-54.43902820285928,564.2829301057033,183.53956204987,151.26142526854602
41.89,-0.7741427771955778,-1.8804587846514185,-0.1209079023577765,-0.0356750499910251,-0.0115923573078023,-0.0182195423874313,0.0054144897502257,0.000351856939109,0.0353612338301616,0.9993595180746871,0.0473077832529825,0.00247482581721,10.34374956801092,0.0081223752891535,-0.0254652075293715,-0.9948295887302216,-0.3784830910496931,-3.7980358242394554,0.6604113009474799,1170.618919882094,1111.2429767684982,1095.2339912761936,1194.1348922509235,177.1059733662033,-245.99411931526083,763.4613356102486,396.8680247694891,151.2619444885659
41.8925,-0.5682090439634563,-1.6767010021512552,0.2473563653026751,-0.0368138103116748,-0.0162714516870598,-0.0182435201406724,0.0053793474871828,0.0003045242005947,0.0353754540582088,0.9993592107374732,0.0455955939196946,0.0035996541351522,10.348336226143555,0.0081296261371748,-0.0256066148840583,-0.9934768585530532,-0.3784505587657157,-3.798072404246173,0.6579190204944648,1170.9064248463515,1110.3988707668104,1097.411349673482,1195.4204734638258,72.62327810395541,-459.129882012068,1033.846907204696,680.6219030426902,151.2623773737224
41.895,-0.3096570857632239,-1.36230249296409,0.6963726096087423,-0.0371703921343807,-0.0206451738820865,-0.0162129695698285,0.0053424931401099,0.0002585290870202,0.0354011110468648,0.9993584973021246,0.0433222421892857,0.0047633784771529,10.353018213869653,0.0081148824334448,-0.0257223205030771,-0.99209989486436,-0.3784145849082743,-3.7981079320087225,0.6554287745728447,1170.9820362726139,1108.9473273584367,1100.4032258122195,1197.5380017661387,13.417873726523297,-591.1497569568996,1118.7898950162169,837.7014445407247,151.26279216861315
41.8975,-0.100346430340997,-1.0654275825459543,1.0321733109813556,-0.0370762359709361,-0.023348534226648,-0.0129973094103483,0.0053017210861012,0.0002137864385313,0.0354288331474898,0.9993577275123738,0.0405332557710291,0.0058196763138684,10.357760318872828,0.0080741852925947,-0.0258078838088123,-0.9906997126161192,-0.378376373097227,-3.798143394422148,0.6529418921772426,1170.973514214984,1107.4431219820244,1103.005299148566,1199.6089806865316,27.393161018996935,-647.5292215981858,1013.3548229705078,836.1585825181792,151.26304721000238
41.9,0.0953660829083983,-0.7582843113058728,1.2901724458665609,-0.0368479164968425,-0.0251659493165551,-0.0089086640719954,0.0052558484015307,0.0001763884722052,0.035448785091224,0.9993572592310705,0.0371596417440536,0.0066487712709655,10.36253203141462,0.0080179744288959,-0.0258614026388321,-0.9892783481639604,-0.3783385339969442,-3.798179127562943,0.6504593448073684,1171.1190020777087,1105.7096812504487,1105.4699999270676,1201.7187946787255,115.7969039708722,-720.7655448785723,929.4620189949702,805.4353859625252,151.2632043042187
41.9025,0.2798870017024255,-0.4585984834562942,1.4708343309124923,-0.036496185618997,-0.0262455295753021,-0.0048471708773183,0.005209078896993,0.0001483502668536,0.0354588383228293,0.9993571459489567,0.0332297898300954,0.0072434048103675,10.367309057784992,0.0079502224789293,-0.0258914837104979,-0.9878387778554591,-0.3783025797453398,-3.7982159836865614,0.6479816447259911,1171.5524987348388,1103.8392942576295,1107.652609243543,1203.6361576163463,269.807777429058,-767.0550681510744,772.2864162507136,672.955787348948,151.26327739868555
41.905,0.4521770113001084,-0.181640073668993,1.5582792656699955,-0.0357583237515452,-0.0265648040322763,-0.0011825381250252,0.0051642630413348,0.0001255091277461,0.0354546999110144,0.9993575273600044,0.0289056531545277,0.0075703941036378,10.372075154298935,0.0078650421660058,-0.02590362107757,-0.9863851351253848,-0.3782705715943616,-3.7982555606934114,0.645509898017504,1172.4680409648547,1101.8744059096914,1109.3314320083232,1205.0835736154722,526.8180110256498,-863.8218812170761,592.0320718444073,486.56975412876506,151.2632459941082
41.9075,0.6441373913115299,0.1147213371150101,1.56252545506355,-0.0340304325405851,-0.0261608412975516,0.0029921598286,0.0051210206502631,0.0001059664225113,0.0354344389310772,0.9993584790074628,0.0243035901560079,0.0075408634992707,10.376822659045152,0.0077628676316794,-0.0258973939995359,-0.9849223559428092,-0.3782441905592652,-3.798298729584252,0.6430459098591434,1174.1865887899646,1099.5201848515483,1110.6127696027627,1206.069006386988,724.7305627922218,-842.5920129316873,336.05288352683687,224.2880529491448,151.2630835500395
41.91,0.7911679781988367,0.330426445200989,1.4856906650805304,-0.03195429870913,-0.0252870224397588,0.006568653400844,0.0050763893026007,9.407276368332848e-05,0.0353975565070308,0.9993600349382146,0.0194099230984509,0.0070294569804912,10.381552021332219,0.0076574907811678,-0.025868420400591,-0.9834555777539944,-0.3782249388426422,-3.7983458086087194,0.6405903547081684,1176.0916937788177,1097.6614458450308,1111.0116964259582,1206.2050138802183,829.5207641566626,-695.9107523609496,23.000314652051255,-79.2587591941405,151.26284147385277
41.9125,0.9283254119603837,0.5185979975483123,1.326708695659626,-0.0296854057987303,-0.0241624999831521,0.0102444104177034,0.0050312723660762,8.428197364282906e-05,0.0353524554928934,0.9993618860573515,0.0144188523026379,0.0059998321229736,10.386271545349228,0.0075425379990336,-0.025820484223383,-0.9819894207829408,-0.3782119815731304,-3.798395747619259,0.6381426874206569,1178.33419261075,1096.0406310897415,1110.7277711760228,1205.6727125910168,1007.583135165221,-629.7713905166618,-255.95693071359707,-356.0685587321641,151.26248553533875
41.915,1.0916218274949707,0.7229032079825364,1.045081547239353,-0.0270183407292326,-0.02280466759555,0.0142993461050152,0.0049866544995032,7.193211600297582e-05,0.0353113270129224,0.9993635906487016,0.0095057469305262,0.0044370318712953,10.390995604508936,0.0074122295554275,-0.0257591280459267,-0.9805273138435868,-0.37820299177745,-3.79844724109522,0.6357014095246112,1181.1296094546392,1094.5125888924504,1109.7319117723914,1204.424671086559,991.090955476368,-475.2446807320509,-439.2635152902612,-526.8666923580473,151.26192338296119
41.9175,1.234129143143806,0.8808408408382771,0.7437485506235311,-0.0247853786501032,-0.0215239329488725,0.017040154276826,0.0049461962708703,5.357635352741018e-05,0.0352872028685949,0.9993646682522668,0.0048221906057226,0.0024041027141355,10.395742281572183,0.0072612081912518,-0.0256969459842828,-0.9790708336067836,-0.3781948722686407,-3.798497875654897,0.6332644153517569,1183.2896473881344,1093.6644076860803,1108.5314535995703,1203.0383791292254,764.6082318486785,-242.382453775566,-503.50537590103767,-586.0109767493852,151.2613400682683
41.92,1.386264623162006,1.0244768029149447,0.3932568118784186,-0.0223865036612323,-0.0197636040399307,0.0187316387456455,0.0049192444551676,2.6050995487647657e-05,0.0352889889463229,0.9993647571966716,0.000518146283616,0.0001056120985783,10.400530783511776,0.0070823691500324,-0.0256592747371889,-0.977619316908166,-0.3781850933662895,-3.7985447853766297,0.6308294852042574,1184.9526506138843,1093.300676623572,1107.2143848928847,1201.494616202811,539.9482287213141,-66.83988205815407,-504.8739825859728,-617.0895991990775,151.26063492370955
41.9225,1.5408362403388225,1.147864586542666,0.0229546736028036,-0.0196918805735114,-0.0173816080316092,0.0193784178499564,0.0049145199810664,-1.0363841208195031e-05,0.0353153598005294,0.9993638576438616,-0.0033273993625864,-0.0022407532543821,10.40537880348665,0.0068738053192525,-0.0256715670559806,-0.9761701971484144,-0.3781735033498827,-3.798585999150768,0.6283953228765229,1185.9893885317383,1093.3302082757898,1106.0070836866428,1199.9529311332328,229.0759740186524,97.30863682738824,-415.5402179779833,-593.5886977164647,151.2598269269093
41.925,1.6801831590563852,1.2313275410723907,-0.3423407384572402,-0.0162661955772181,-0.0140661690532767,0.0187221557436852,0.0049369652323055,-5.969126146812837e-05,0.035361823354129,0.9993621004904572,-0.0065474487946412,-0.0044748415620733,10.410300900409196,0.0066239215664309,-0.0257521387757595,-0.974719601677676,-0.3781595800003367,-3.798620904024677,0.6259619573616999,1186.0980304839784,1093.787219807709,1105.136683802994,1198.526672714227,-176.89773657621163,283.6036333494489,-273.69980485354614,-584.9555778179101,151.2588929264171
41.9275,1.7950962059059024,1.268737948375119,-0.7393705316108269,-0.0109358656658602,-0.0094506659940875,0.0165097584316798,0.0049844611576233,-0.0001230004885514,0.0354246749725206,0.9993596242526686,-0.0090405027683301,-0.0065577544884887,10.415305558370804,0.0063261355682556,-0.0259055088818423,-0.9732628261423224,-0.3781415482332972,-3.7986504393457134,0.6235296101876598,1185.104899848857,1094.7482264425375,1104.6385846623743,1197.0281532441415,-529.8957358272036,407.7887506676305,-86.93862453450214,-508.6401564955473,151.257624458347
41.93,1.820992153267753,1.2449716282667616,-1.0154166458365808,-0.0056672410738493,-0.0058147479578286,0.0137048814413018,0.0050537105675453,-0.0001943410753858,0.0355012398714506,0.9993565385531232,-0.0108519519326059,-0.0084487091313131,10.420392678086843,0.005986958443693,-0.0261333491260866,-0.9717944299036464,-0.378117607404062,-3.7986763675015545,0.6210973354752791,1183.4485518048448,1095.8261635610454,1104.7019906803218,1195.9834719317516,-778.8775012613576,469.96888414043497,110.22601638206672,-370.46566797395866,151.25644338642272
41.9325,1.7534810884456196,1.173655821738284,-1.221104380241594,-0.0003773761424374,-0.0027285005991014,0.0103483876523325,0.0051388593601417,-0.0002625979722837,0.035583899502422,0.999353142016605,-0.0121381834163429,-0.0101392434464562,10.425552958216684,0.0056235224295596,-0.0264309689478267,-0.9703088680245524,-0.3780875359657436,-3.7987008628247207,0.618664044982603,1181.2105123425536,1097.0980708632378,1105.1897147442844,1195.1758249042737,-1033.3529023723884,576.5182537775905,278.7549875312772,-291.98902655869983,151.25513304888028
41.935,1.5611696512713416,1.0529908646934227,-1.385691140684074,0.0055700322545181,0.0004055403559067,0.0061813558991371,0.0052329663425801,-0.0003207671399181,0.0356671812199337,0.999349663416574,-0.012975689249741,-0.0116328849799064,10.430769146339975,0.0052461529603321,-0.0267892830233492,-0.9688011903825892,-0.3780523284949226,-3.7987248781801206,0.616230669524985,1178.28178729298,1098.7087548299348,1106.0957656179787,1194.5235267989572,-1052.1937006502487,579.7322116199883,356.5592423130051,-179.37237848241156,151.2534113409862
41.9375,1.3199231762568995,0.938890331617136,-1.460797683308788,0.0101144790882936,0.0024750069375003,0.0028369219321381,0.0053311357537938,-0.0003693918938528,0.0357495531257478,0.9993461800477306,-0.0132908242263891,-0.0128871651438141,10.436017436763096,0.0048524418632541,-0.027200500444663,-0.9672675454523176,-0.3780136123361148,-3.7987488105145446,0.6137989570792249,1175.9495438392998,1099.9967319213392,1106.9725109558503,1194.2789630118612,-852.7414360252376,471.35413530079074,343.3377116358709,-30.78170262263555,151.2518527812391
41.94,1.0258510872968134,0.8262775010673526,-1.481728140166716,0.0136278978238063,0.0039306889471719,-0.0003319554506052,0.0054297552049753,-0.0004089159085279,0.0358297563607597,0.99934275673086,-0.013023735131174,-0.013829754039743,10.441268150798784,0.0044430863801537,-0.0276570401127275,-0.965705565638862,-0.3779740252499459,-3.798773832761524,0.6113708277941525,1174.018080112858,1101.0655255064366,1107.8124541761567,1194.3696182858444,-722.0744429333025,385.332898630789,331.61653409953345,114.77818656515905,151.25016706653224
41.9425,0.6671438802326202,0.7007057790071172,-1.4519586076974724,0.0159121791082191,0.0051845167440415,-0.0042210849903285,0.0055242416773077,-0.0004386661805114,0.0359023648692408,0.9993396169350848,-0.0121555867566361,-0.0144109805946608,10.446487771908826,0.0040246350009219,-0.0281472268642391,-0.9641146737582634,-0.3779367568688711,-3.7988014792927456,0.6089479197739496,1172.3391716246315,1101.923396414494,1108.6305936263489,1194.8528539446872,-503.3139796794029,227.12990938564167,254.05565973197287,231.64702609630663,151.2479995490274
41.945,0.4080660779820761,0.5997738603402769,-1.3826959716530771,0.016221353969002,0.0060004887347326,-0.0076821630635909,0.0056108250168286,-0.0004587536396938,0.0359595068170458,0.9993370689505208,-0.0106722462266518,-0.0145732403876106,10.451641567703769,0.0036056285670761,-0.0286588199720985,-0.9624959507459,-0.3779039041227053,-3.7988333102447105,0.6065306441508869,1171.5015102144596,1102.2011750533654,1109.0827324748172,1195.5278534163265,-224.5147447589484,16.17743451417134,124.26340984036348,312.6969165970537,151.2460748908663
41.9475,0.234248942154233,0.4849942030595017,-1.2670934718303473,0.0154480873877606,0.0071523795639325,-0.0111729090361751,0.0056847467453102,-0.0004766882926725,0.0359980368782026,0.9993352505880734,-0.0084319220191996,-0.0142975392468146,10.45669686257503,0.003183293719814,-0.0291755154837564,-0.960852064471376,-0.377877560186843,-3.7988706476072984,0.6041200626068659,1171.2165979008375,1102.0042835870647,1109.25191067555,1196.416338527671,-27.51599808742369,-146.6437867325726,18.996635302836975,380.56525344207864,151.24403023187898
41.95,0.148571797560214,0.3395290476278344,-1.1152475898789842,0.014315645131301,0.0089577903205913,-0.0144931477266882,0.0057421860397918,-0.0004912918002528,0.0360160281532736,0.9993342531498892,-0.0055021528360924,-0.0135560652933584,10.461623118577748,0.002773785305274,-0.029682262117755,-0.9591866765759484,-0.3778585483730988,-3.7989139246862695,0.6017158796598325,1171.3639302240224,1101.467956119702,1109.1777156513315,1197.4306796835378,163.41921724775426,-265.4385244040447,-85.93343595307638,426.65829503458554,151.24188838634737
41.9525,0.1667770317774197,0.139156417027289,-0.9283160809911326,0.0133197701196723,0.0111741357472695,-0.0172609368524613,0.0057821383161536,-0.000493565118059,0.0360077782806573,0.9993342905510356,-0.0021413054023953,-0.0122776261288278,10.466394031541588,0.0024094901035174,-0.0301693746286649,-0.957503976267465,-0.3778496454116304,-3.798962814063119,0.599318633525569,1172.0336939870767,1100.677090965044,1108.8222434957845,1198.549630002845,423.0834622378762,-348.1818641129832,-213.1676379007905,507.38164833374634,151.23963236567596
41.955,0.2770235225946054,-0.1628238089597512,-0.6823164751771327,0.0126597326924476,0.012858032618239,-0.0196009784620008,0.0058076708797962,-0.0004796236443548,0.0359711211911338,0.9993354237894224,0.001472772737927,-0.0103325713314305,10.470990395291146,0.0021124526663482,-0.0306346528396908,-0.9558082824839956,-0.3778526037039128,-3.79901653962355,0.5969283211925879,1173.4793475352099,1099.7270467991389,1108.1118774618285,1199.9675879252043,641.1121323431774,-299.9730225710948,-297.97283274632025,526.0958424267793,151.23679731892352
41.9575,0.402336891057364,-0.4425116798508512,-0.4756377286178216,0.0129021725617861,0.0125455695810321,-0.0207437274396744,0.0058199078438818,-0.0004516256609022,0.035908962142405,0.9993375420340056,0.0052605793797653,-0.0076608797458018,10.47540077011213,0.0018914439170825,-0.0310722641252284,-0.9541039489276176,-0.3778651831011888,-3.7990729965760086,0.5945446488107456,1175.2392546487945,1099.1772258521878,1107.332379332052,1201.1801092149803,810.6869032171234,-118.92081707763565,-334.5142170726484,481.0662518978728,151.23433151298943
41.96,0.5011146146589694,-0.7085099858510678,-0.284743122406541,0.0147875715226944,0.0102972123968192,-0.0211488634178144,0.0058189765445712,-0.0004201621486063,0.0358262086927109,0.9993404665056173,0.0092971106417037,-0.0042555117175154,10.479621460596318,0.0017360740135099,-0.0314746683796066,-0.9523949048647689,-0.377883021274151,-3.79912988232984,0.5921674312093143,1177.5327820512975,1099.1324427137504,1106.4393063764644,1202.3729191846949,1094.8028638213552,131.54322123035084,-395.74439787038114,501.7619869713615,151.23176265133412
41.9625,0.5209975582208081,-0.967128655126781,-0.0863997303171525,0.0187425422821541,0.006344837492779,-0.0209502546441483,0.0058031614883581,-0.0003953061410788,0.0357298643225432,0.9993439598791016,0.0136305074345503,-0.0001734954928444,10.483654933952696,0.0016329389066961,-0.0318316638257452,-0.9506842987126564,-0.3779023907781774,-3.799186999553013,0.5897961253666554,1180.7132689678963,1099.8349419583387,1105.353657342702,1203.6889191498349,1190.2166955728085,386.963946710632,-382.3765958253579,446.6882918820363,151.22856600300278
41.965,0.426165372346265,-1.1146492758674285,0.0518453170650331,0.0221732879171497,0.0029116221256824,-0.0204535268880216,0.0057748238856268,-0.0003838758360166,0.0356320616535827,0.9993475839404552,0.018236560189936,0.0045909770095274,10.487508350312304,0.0015697980302937,-0.0321417212033946,-0.9489738372792494,-0.3779179030963966,-3.7992437877684018,0.5874293012076272,1183.4838655291646,1101.0672624473043,1104.5274233973366,1204.606360644106,1061.571036222224,605.097601892712,-296.1737593335632,313.03396623836665,151.22581108922444
41.9675,0.2174866373771589,-1.1897139327114863,0.1700191662322781,0.0242435547071087,-0.0001883348711367,-0.0198724271168242,0.0057406387688363,-0.0003823013513724,0.0355424443347774,0.9993509645399444,0.022877912475263,0.01011744259326,10.491191726317387,0.0015496663073843,-0.0324126646887119,-0.9472636066391926,-0.3779253514169244,-3.7993001090617646,0.585064800850804,1186.02112414901,1102.860429967804,1103.8727885460335,1205.2540889810275,982.030543127832,866.6720465490622,-238.13573896289935,218.1938606795649,151.22296670211887
41.97,-0.1247671617615378,-1.2076154257299647,0.3068347725307836,0.0244918938891548,-0.0034718935751435,-0.0193071597693991,0.0056995317351449,-0.0003778332509847,0.0354559261448222,0.9993542857186192,0.0271283767635393,0.0163064256313656,10.494717742568405,0.0015907371855039,-0.0326385422743846,-0.9455530020873852,-0.3779256718537458,-3.7993573136474166,0.5827007915967997,1188.394018244799,1105.400622680046,1103.3367447025232,1205.697329947503,718.1679244845291,948.3779884400669,-157.5906437070092,117.91242739830857,151.219456201957
41.9725,-0.4477040900116053,-1.1722842572053032,0.4314227075986683,0.0230218256420117,-0.0058358152256846,-0.0190748545994471,0.0056535933104441,-0.0003618104138538,0.0353681264094319,0.9993576856045449,0.0306651875472796,0.0231020424262951,10.498100782872728,0.0017007546081957,-0.0328195046807733,-0.9438405091560224,-0.3779210886367972,-3.799415930994032,0.5803377795975944,1189.6119637714346,1107.6023199100068,1103.084835327498,1205.8436511180191,319.74686075097463,840.0350208544546,-75.67928280473772,40.56774812281872,151.21645454115574
41.975,-0.7699557770131908,-1.0914318619787866,0.578414187999558,0.0205539512772368,-0.0081367812480873,-0.0188556650628404,0.005599876034547,-0.000332109088335,0.035274523619545,0.9993613362920708,0.0333207055506666,0.0303207017312158,10.501356300210736,0.0018739780155205,-0.0329462451793337,-0.9421247595032868,-0.3779125901618908,-3.799475699317119,0.5779767830905849,1189.992752548555,1109.6007977843203,1102.958348288499,1205.9001686881172,37.97428513388511,727.2055814327606,-47.473288473609024,34.870126604150634,151.21337977135104
41.9775,-1.0731914685324515,-0.9721482809170002,0.7425078522550855,0.0176888477507149,-0.0108183482141551,-0.0182260432925639,0.0055386340522168,-0.0002927254505101,0.0351756750400556,0.9993652117704898,0.0350849944089517,0.0378275273858702,10.504498993480693,0.0020919074466289,-0.0330157608503323,-0.9404044190094004,-0.3779002039136962,-3.7995358253676046,0.5756192100188231,1189.8018351971039,1111.238347817167,1102.84746888513,1206.01800175104,-153.4904480250258,533.2497694388168,-61.87946659539666,91.98367656526739,151.2102491271206
41.98,-1.3440905378631929,-0.8043922787321435,0.9109541687840496,0.0142941087354684,-0.0137109890376677,-0.0166972178276105,0.0054701344367595,-0.0002443927677782,0.0350782157567868,0.999369074778426,0.0359105981392258,0.0454797407751955,10.50754193977505,0.0023417013495362,-0.0330260194259392,-0.938678579445894,-0.3778852054002797,-3.799595734401755,0.5732669329952089,1189.2253003084295,1112.2670466315155,1102.648950955522,1206.3600870709436,-246.4717135904824,286.6814916160263,-123.7530001634972,224.98715590756856,151.20705716874477
41.9825,-1.6309616730287433,-0.554584478784553,1.084207392780044,0.0096989819744757,-0.0163815172254732,-0.0136216143821925,0.0053998086664745,-0.0001926931667007,0.0349900745434064,0.9993726140598884,0.0358891307487409,0.0532323337759381,10.51049577580536,0.0026012962294212,-0.0329850423600067,-0.9369464775944149,-0.37786860297111,-3.799656109783348,0.5709207440076159,1188.5694766291508,1112.671755275248,1102.2287038843124,1207.1429375305784,-168.11196169475636,6.809760391667449,-182.87055913522897,348.6549669693419,151.2031641803173
41.985,-1.843075108985724,-0.3212160983373542,1.1778048448606266,0.0059498124494369,-0.017461457138332,-0.0102191781336723,0.0053344023371548,-0.0001412329837153,0.0349164865475282,0.9993756092831187,0.0351057839489189,0.0610662035800268,10.513368486895857,0.0028530115333354,-0.0329040554275357,-0.9352075253037472,-0.3778513997131381,-3.799718488508908,0.5685805347918345,1188.3847404999565,1112.301095433474,1101.7345981598469,1208.1033619057887,56.11735740614535,-282.89824702045814,-208.94351258655885,427.4761237512026,151.19987404575923
41.9875,-2.0322127087602486,-0.0848814108810889,1.1944940312815744,0.0026707683649372,-0.0172977256959556,-0.0062489450730557,0.0052791952404632,-9.907461016712908e-05,0.0348645722041269,0.9993777826226092,0.0337929938547981,0.0689286762259671,10.516166076159987,0.0030697052231434,-0.0327919701391208,-0.9334613061572842,-0.3778326930470244,-3.799783141953335,0.5662458221209558,1188.8500634161817,1111.2572640401452,1101.183986321379,1209.2803181493355,370.4933166089555,-584.3957097261148,-218.52939337939196,527.7480272669465,151.19654327513288
41.99,-2.2200010859632497,0.1817810859225162,1.1170636962307408,-0.0016380620471419,-0.0160805511415784,-0.0014766153635388,0.0052330599429942,-7.370448478321335e-05,0.0348345534523604,0.999379131786378,0.0321766278838848,0.0766385981003193,10.51889343356654,0.0032288824825405,-0.0326468928841782,-0.9317076366949968,-0.3778122915551271,-3.7998492405890008,0.5639157470875373,1190.2372070830022,1109.379116884842,1100.6419511929491,1210.7421020421248,621.9630663525295,-763.5509270088854,-148.29448102159247,513.8517855861336,151.19250658958737
41.9925,-2.314348382916781,0.3858043209052843,0.9817442038440732,-0.0068156672269386,-0.0148350833724694,0.0015834685534316,0.0051896447208813,-6.387686486843912e-05,0.0348216497738787,0.9993798561469156,0.0303229623170934,0.0839204998626239,10.521554228540992,0.0033259403713883,-0.0324591854730822,-0.929946286497698,-0.3777909191355979,-3.7999163973181593,0.5615904398149866,1191.9598787479415,1107.4395094051042,1100.4425139162715,1211.8495770772638,741.6033054799223,-815.433259726265,5.10921456998868,394.50761522425137,151.18911410555495
41.995,-2.2946009181873763,0.5785089542522718,0.7999559602969465,-0.014127222626361,-0.0141097301992475,0.0030627315740681,0.0051471356731323,-6.242921949600653e-05,0.0348230558556663,0.999380062702876,0.0282012996174097,0.0906121063620453,10.524149098336334,0.0033679156773286,-0.0322297483625925,-0.9281763028886428,-0.3777685149690093,-3.7999837084239334,0.5592687811915544,1193.9452236103984,1105.3019505862144,1100.6674972657993,1212.7146401182445,835.4610891279934,-944.5084304552151,219.7122583774457,319.20517923378645,151.18569656219637
41.9975,-2.09827331904104,0.8068459503825863,0.5584523252927422,-0.0235547151993984,-0.0133855506695141,0.0038998562364109,0.0051068304278318,-6.446000553688634e-05,0.0348387879687354,0.9993797453882984,0.0258502341178634,0.0966323279347629,10.526676239823022,0.0033584208400465,-0.031966907471678,-0.9263962308928384,-0.3777446142434868,-3.8000498364990816,0.5569496449031076,1196.1371841935836,1102.7169672528255,1101.5410752081596,1213.4456029734336,702.2918843114485,-925.3672864487085,423.01207825495294,231.3731984769855,151.18157085432503
42.0,-1.7922310343317311,0.9914265249691792,0.3487837380307192,-0.0302644057999594,-0.0119948837277179,0.0045855475748218,0.0050705572817175,-6.764047692926648e-05,0.0348683922509229,0.9993789126833432,0.023376444359594,0.1019299311365595,10.529132366644722,0.0032976512852235,-0.0316815260239863,-0.924604490198403,-0.3777187149004675,-3.8001131560465113,0.5546329862905826,1197.4566830319575,1100.6751141539685,1102.7825576570751,1213.87150611063,361.99237388237816,-770.2807888279679,587.7733149131361,167.79791523651312,151.17811469923063
42.0025,-1.378951010555432,1.1510988150108479,0.1320715916381021,-0.0346906739875945,-0.0093299632361436,0.0052250630851911,0.0050363935194239,-7.631394278750276e-05,0.0349097095166993,0.999377648896559,0.021031423493479,0.1063928528238644,10.53151486840276,0.0031754983225451,-0.0313786035881242,-0.9227999684713792,-0.377690810853988,-3.800172420575208,0.5523194139503774,1197.9471460629939,1098.8655633086892,1104.4799417827223,1214.2845925496151,39.65214605230148,-674.1921063470461,731.7705248906243,196.10310237129823,151.17464197832783
42.005,-0.9250827382596332,1.2712849687457233,-0.0917495648480745,-0.036955369960586,-0.0058606324099648,0.0054755700819804,0.0050033068692294,-9.154000577881464e-05,0.0349618671763976,0.9993759889387336,0.0189991437571284,0.1099549125520338,10.53382102942738,0.0029898982784027,-0.0310661280546754,-0.9209818986129832,-0.3776609012781956,-3.8002266616852474,0.5500092339354907,1197.654943762219,1097.3041536222315,1106.44141028153,1214.8520216224867,-293.6803945516975,-558.0499336855937,812.4221334845905,298.5257049663524,151.17115658340663
42.0075,-0.4817367209303862,1.3261478359579395,-0.3237862485439249,-0.0368327137107584,-0.0018510933477584,0.0052133493660412,0.0049740750246497,-0.0001105326582695,0.0350229862524181,0.9993739846187703,0.0173790932337277,0.1126580847242759,10.53604814273816,0.0027481209111598,-0.0307598506205823,-0.9191498860879156,-0.3776306337668837,-3.8002750097403513,0.5477032000038422,1196.4787440902346,1096.07531364026,1108.5420524501476,1215.7772210744479,-669.7839158882014,-460.5783692469782,908.1473764255024,509.95316056283616,151.1676565165792
42.01,-0.0147446080768156,1.3086390253310616,-0.6068710425933629,-0.0352379474739577,0.0031547789392549,0.0044263903774414,0.0049521337779444,-0.0001281647759089,0.0350918112068843,0.99937166337172,0.0162090644570007,0.1145844965742576,10.538195565511115,0.0024643202231971,-0.0304766149426318,-0.9173042581711937,-0.3776029003652655,-3.8003172657635007,0.5454020025985546,1194.3060241827811,1095.0012617759987,1110.9821471636535,1217.4017874252988,-869.2786017002262,-325.4814267281444,849.9413444903182,671.2265348300865,151.16343942343173
42.0125,0.3076300405293238,1.2324452290008214,-0.838059260257563,-0.0336806638784602,0.0072371054138145,0.0033998165479675,0.0049393572703654,-0.000144407969372,0.0351680015670884,0.9993690279461054,0.0156139481179306,0.1158022685359968,10.54026722964593,0.0021459786053391,-0.030228973187638,-0.9154462778901372,-0.3775792741945471,-3.800354149234068,0.5431065386070225,1192.1323510817313,1094.4479065066184,1112.7917591726011,1219.1333537486,-876.147849435899,-145.9516638122458,649.5885649340695,728.379908299885,151.15991037176332
42.015,0.5721670881407074,1.1188686831929533,-1.0447301819276655,-0.0324098510102641,0.010596189532425,0.0016515205699486,0.0049344987290097,-0.0001592594638612,0.0352494647957359,0.9993661594017748,0.0156917332541528,0.1163330550860529,10.542272856183365,0.001803169989538,-0.0300218673673528,-0.9135780906945806,-0.3775607291576412,-3.800387480945715,0.5408175772680138,1189.9252849355992,1094.2715034569371,1114.2300899883255,1221.0436869668,-910.85874439551,18.570142946845017,529.3393926224138,804.6447460125406,151.15636451181518
42.0175,0.8511208006375361,0.9868111732142468,-1.2291728009292155,-0.0311809282329617,0.0129090737225094,-0.0016841677345375,0.004934908168434,-0.0001671407186717,0.0353303294101903,0.9993632802758085,0.0163918840154177,0.1161882032897836,10.544227880697436,0.0014582152847133,-0.0298555422546452,-0.9117023840053726,-0.3775478077845798,-3.800420190188471,0.5385344078086576,1187.5780573597578,1094.5407572213524,1115.438456135711,1223.156577478659,-775.7155629955047,185.11635233394,353.459731011618,682.8688443004611,151.15208753141968
42.02,1.0687010775195362,0.9147334632140388,-1.3009538757310255,-0.0301080590782201,0.0134317633115796,-0.0055456535830893,0.0049359921673823,-0.0001575599629253,0.0354025919976347,0.999360698359582,0.0175260714701473,0.1153525087394068,10.54615422684152,0.0011436356405143,-0.0297242589775895,-0.9098222343259594,-0.3775412561375394,-3.800454658358973,0.5362560697935481,1186.0467071206199,1095.1970852186073,1115.9973886433845,1224.458031188304,-502.85657805467696,352.8509158385545,136.24478755384496,362.81395817386147,151.14850270763927
42.0225,1.2754636736862295,0.9035296297274288,-1.2608522599869916,-0.0284664266687669,0.0135036347650637,-0.0103049609816428,0.0049303736083993,-0.0001270816330965,0.0354603710856623,0.9993586582359312,0.0190191795990958,0.1137531703969655,10.548081682334676,0.0008793754280634,-0.0296141158799376,-0.9079410936179833,-0.3775409447842712,-3.800492647646061,0.5339834514339764,1185.0637744694832,1096.3050118005463,1116.1196800734804,1224.9706472695293,-302.15769602159725,576.9410567100085,-33.33814568935244,6.0335853004344555,151.14489295253253
42.025,1.4914339780141244,0.9452221404694015,-1.0791371916928132,-0.0252424220790061,0.0148433177499306,-0.0158731296030261,0.0049129366673493,-7.724325009137685e-05,0.0355013546842715,0.999357266915446,0.0208697850196998,0.1113631179006125,10.550045885969084,0.000675450848039,-0.0295127355854659,-0.9060623394179836,-0.3775463935624275,-3.800535553937813,0.5317173340791554,1184.5359186405133,1098.0817905021547,1115.830697914938,1224.4881991148063,-92.7012007046395,703.2500962593571,-168.12400189224303,-354.86254951351873,151.14052778162812
42.0275,1.6175445991297377,0.992448189218288,-0.8383201480255871,-0.0212846355837981,0.0175486196353044,-0.0190127754037072,0.0048852871656942,-8.61085951188682e-06,0.0355259121859483,0.9993565038004608,0.0230299282696353,0.1082953281946938,10.552085808982396,0.000541699474242,-0.0294182656713076,-0.904188773821243,-0.3775570000242357,-3.800584731680984,0.5294571695063488,1184.6002684659595,1099.8212622818448,1115.2790600640187,1223.1963345219608,111.78908721957409,711.8085169629918,-275.45877720976483,-657.4978396492771,151.13685882417772
42.03,1.6524252518728948,1.0070362598517943,-0.5531515453807128,-0.0163491767168868,0.0211327697231875,-0.0198973861524643,0.0048536971831735,7.288871422922912e-05,0.0355367212962951,0.9993562422459614,0.0255404309456572,0.104751445209106,10.554243602940423,0.0004757081457098,-0.0293359463507558,-0.902322557111454,-0.377571462935685,-3.800640531295616,0.5272009329326349,1185.0948640766114,1101.6408330869715,1114.4534040288884,1221.2007099165583,248.95681008660992,710.2580731182209,-369.99897036937,-859.8188758609102,151.13315351192475
42.0325,1.5927293999259653,0.9699029847841576,-0.2689032736547319,-0.0113728706835454,0.0246142133111589,-0.0196952014448208,0.004820377134614,0.0001629414232291,0.0355395479888614,0.9993562667016244,0.0283820202916772,0.1008405670954351,10.556564670040832,0.0004753339302482,-0.0292636884630218,-0.9004656318267122,-0.3775879538767752,-3.800701211845511,0.5249494673824923,1185.8450525163917,1103.3725526474327,1113.4290652121736,1218.89724014266,330.27335854041144,640.1076791726518,-449.8558015495264,-914.0623674694652,151.12941538372593
42.035,1.4119488061907433,0.8579929584342089,-0.0168478131559549,-0.0069704981467189,0.0275476532301635,-0.0191238513580732,0.0047882992686905,0.0002550281942491,0.0355441789423969,0.9993562172480714,0.0315650987146686,0.096676708042676,10.559094444788087,0.0005310341785448,-0.0292014058032717,-0.8986194545204677,-0.3776041949552186,-3.800764451185679,0.5227041893549903,1186.7462308693143,1104.8413714828364,1112.2041250211396,1216.6303980792084,384.99349195070266,564.6070597135189,-572.0773961628113,-882.0855933002384,151.1256347228172
42.0375,1.0644853166550816,0.6392146076411687,0.2284350288585939,-0.0022691545940822,0.0304261418220298,-0.0182689387565431,0.0047598287787007,0.0003383457895286,0.0355555413832124,0.9993559131779504,0.0351774344071032,0.0923475401948245,10.561876257729793,0.0006225943811143,-0.0291489774932894,-0.8967849507090905,-0.3776182167546795,-3.8008279604158735,0.5204664502045998,1187.770019976146,1106.1955879460015,1110.5686782313583,1214.4868121761567,332.2610880243085,432.6286119893053,-616.1780173811768,-623.5109569006213,151.12104529283627
42.04,0.685613766716263,0.3975940799016668,0.3800927282391886,0.0007508415807873,0.0320943732880528,-0.0175029908169552,0.0047388484584706,0.0004020349789812,0.0355769489523701,0.9993552281535208,0.0393034111007326,0.0879631480978634,10.564947714302116,0.0007267002935193,-0.029110566573533,-0.894962063708747,-0.3776269278080496,-3.800889133472477,0.5182356507119001,1188.4075363094344,1107.0045145427807,1109.1232349342365,1213.5128432947083,179.1082268587154,284.2023181991318,-583.5707851955448,-171.73949902653783,151.11717464813768
42.0425,0.2524100572343907,0.115956083915596,0.4751750259078241,0.0018663329322288,0.0326343105861563,-0.0165240938523844,0.0047279802391941,0.0004448881698064,0.0356068551996213,0.9993542103396416,0.0438224416062311,0.0836057409088065,10.568338113862776,0.0008352380400438,-0.0290901360978094,-0.8931495229389124,-0.3776274252298509,-3.800946862444349,0.5160093624199615,1188.66556111044,1107.616599536998,1107.650824305379,1213.6281146810236,10.614286170852235,270.6144475476301,-645.1375050047201,307.81735513526365,151.11325378114688
42.045,-0.2763745040813404,-0.2397306827789662,0.5218289479901135,0.0008724455798659,0.0319047091316912,-0.0148482298645337,0.0047200763647,0.0004771088719279,0.0356355307490961,0.9993532317368158,0.0483699895646124,0.0791527485691701,10.572067630691572,0.0009600008660918,-0.0290760704144444,-0.8913451579210517,-0.3776199478476401,-3.801001879559784,0.5137856556701648,1188.4606077402887,1108.3575867805196,1105.8975474092113,1215.0519300703854,-155.331604966664,305.18793395790925,-636.3534890558971,704.1277335377837,151.10848840264197
42.0475,-0.6907139838975034,-0.533732231844602,0.5040044172265238,-0.0015401339682515,0.0302333267790243,-0.0131620186350258,0.0047090485198466,0.0005059613555043,0.0356553994313709,0.9993525842353904,0.0526540366396595,0.0744963204504148,10.576142650293008,0.0011069690756572,-0.0290593130643529,-0.8895454438165205,-0.3776072879309626,-3.8010543562989434,0.5115641221905286,1187.8889030856076,1109.1425392067863,1104.4690568601025,1217.1487533487093,-288.0050199403631,372.0039617508434,-558.125861705581,954.6306545817632,151.10446562487036
42.05,-1.055375587346752,-0.8152756951835204,0.4321862258299639,-0.0051493107640031,0.0278903239021574,-0.0114731668246666,0.0046924421772943,0.0005290434290811,0.0356626643250526,0.99935241128656,0.0566023638861671,0.0695938038327628,10.58055276351571,0.001265173207977,-0.0290371310600358,-0.8877456830097163,-0.377592650876907,-3.8011035827000224,0.5093456991140979,1187.020582640586,1110.2176065892747,1103.106918100682,1219.8250833432967,-408.9717744146764,537.4003683462413,-568.9620017129346,1203.1915120174956,151.10038803952745
42.0525,-1.4389920983841384,-1.142761406623778,0.3000472356920192,-0.0097088654172545,0.0249730602875163,-0.0097525098207931,0.0046652639160794,0.000544166814628,0.0356538660500432,0.9993528583515586,0.0601507433457176,0.0643456825000263,10.585269820380702,0.0014254894841002,-0.0290023358515326,-0.8859406045977749,-0.3775782683733009,-3.8011501670550416,0.5071313151778644,1185.8440442135332,1111.8295410485189,1101.6242468515363,1223.1647109087999,-420.26260719382685,621.9178654679325,-501.01457822638713,1168.0133706575523,151.09543067591585
42.055,-1.7326296695052408,-1.4156646169672185,0.1715915554416716,-0.0128768862176615,0.0226948989705947,-0.008828537397124,0.0046259439592449,0.000550666599915,0.0356287488013178,0.9993539427796688,0.0632210159705928,0.0587233983381429,10.59024562640886,0.001582570811427,-0.0289535417010933,-0.8841241748161884,-0.377565657013577,-3.801196389319273,0.5049207313612033,1184.9192696046189,1113.3271959166116,1100.6018452095523,1225.6651501965791,-321.5032001284467,585.3564591659373,-340.1073382103642,868.0639295411021,151.09124568903297
42.0575,-2.0238190005823644,-1.6934316098141136,0.0554150228709728,-0.0156077398924106,0.0202894347708673,-0.008718946921825,0.0045770572030769,0.0005463144364035,0.0355908204169491,0.9993555316118096,0.0657873256512669,0.0527830179103204,10.595411599512808,0.0017291259628471,-0.0288959466817674,-0.8822896815653707,-0.3775559620661395,-3.8012437740942606,0.5027137097066464,1184.2365282128924,1114.756323344346,1099.923710160486,1227.5050305565014,-212.4786853006576,519.8023294544852,-198.18769390379975,593.713408368254,151.08700488961475
42.06,-2.317380860846947,-1.9662978598761367,-0.0256108481224479,-0.0188553858911231,0.0172788490809139,-0.0093459595534931,0.0045257095335141,0.0005319809159234,0.0355503691835055,0.9993572251490118,0.0677777886729685,0.046677584302231,10.600679532913135,0.0018635922447944,-0.0288422424670547,-0.8804298352462693,-0.3775484251314312,-3.801292305194075,0.5005092215885132,1183.856876178115,1115.9262075638856,1099.6109067400328,1228.633717238422,-67.91116816112826,360.1983159088353,-28.296350220156526,270.9154052444752,151.08271821095997
42.0625,-2.5914646183161416,-2.2024964682195423,-0.0404211360004842,-0.0234412098127111,0.012912806436791,-0.0108398770752108,0.0044738707791518,0.0005128125990334,0.035514057182726,0.99935877232223,0.0690413134293995,0.0404543073002121,10.605944735808986,0.0019928271257172,-0.0287957193205461,-0.8785375634559188,-0.377542615540692,-3.801342199438212,0.4983064069147821,1183.8969723720863,1116.5573149238908,1099.7822284093852,1228.8596075827245,108.80831471787025,112.1944699436537,179.26895368857848,-84.59160715031848,151.07837712902688
42.065,-2.83856512805448,-2.3856462569090127,0.0280294489167854,-0.0308768549085773,0.0058031259068317,-0.0126209302535192,0.0044234358997981,0.0004890840354264,0.0354849858069334,0.9993600529714504,0.0695453869839886,0.0341556024717278,10.611087380011767,0.0021152880270647,-0.0287588097788262,-0.8766061569647431,-0.3775382594496423,-3.8013937523055823,0.4961050715094931,1184.400917751704,1116.4871799136033,1100.5072515084748,1228.2107592026707,245.59268595677332,-175.26412113620736,332.7839676988904,-351.86462792585377,151.0731066302205
42.0675,-2.921761122472334,-2.4111073439611226,0.1436759800581544,-0.0387627852619107,-0.0012911275307439,-0.0131533319839969,0.0043743025832993,0.0004559663147442,0.0354650718066162,0.9993610003177674,0.0693800317234273,0.0277789704309328,10.615976155703066,0.0022203984355394,-0.0287299184793903,-0.8746298556175441,-0.37753463930655,-3.801447080969104,0.4939061879379934,1185.124935801871,1115.6809943182095,1101.4461482478805,1227.1002844430943,331.2841377310757,-468.2408762258425,409.6572701940382,-499.446637670616,151.06866488947168
42.07,-2.818802984062395,-2.2679246011178993,0.2860911010328198,-0.0481242693678061,-0.0088681189263047,-0.0123115493771789,0.00432507841565,0.0004170037494283,0.0354536161816516,0.9993616406373266,0.0684725890176467,0.0213031795842432,10.620473008205112,0.0023119441320865,-0.0287057500714023,-0.8726041669224569,-0.3775306596224955,-3.8015020041110814,0.4917096849409675,1186.05733844036,1114.145975532473,1102.555537859446,1225.7135260143164,440.9032595901325,-807.9145389651403,479.5363888306652,-594.2211292473023,151.064172966616
42.0725,-2.4494166103999055,-1.8942234731876049,0.4443280149147552,-0.0597330678956925,-0.017439176033585,-0.0099299735158995,0.0042766752423041,0.0003795484168238,0.0354482701512073,0.999362048984128,0.0666871391043359,0.0147622851747563,10.624438034166923,0.0023995903517062,-0.0286875302318169,-0.8705260970273452,-0.3775247685448054,-3.801558170696525,0.4895149884664853,1187.3294520998195,1111.6414216233875,1103.8438301920316,1224.1291787968603,486.86503777842165,-990.8570094319589,431.5650537671056,-513.6995840438984,151.05872585409904
42.075,-1.9559236240453544,-1.438872867069237,0.5439700613648986,-0.0682104187677877,-0.0230252419548567,-0.0073962893108827,0.004231460756438,0.0003514146928655,0.0354488376624192,0.999362219397445,0.0638947295399062,0.0082264385420588,10.627735632375952,0.0024929480584927,-0.0286794980084625,-0.868394683815973,-0.3775163427222212,-3.801615484241084,0.4873220336580013,1188.4916636292535,1109.1916904853103,1104.7133631282827,1223.1450280940956,485.1173637506027,-1002.6044732082356,274.70389533068146,-273.37432350231774,151.05413991002996
42.0775,-1.3471794902374628,-0.8939592189627438,0.6052373994894427,-0.0734989335692233,-0.0257021454785795,-0.0052369836556874,0.0041897641456322,0.0003332843377126,0.03545544863957,0.9993621462514554,0.0601318169913435,0.0017235439043042,10.630241188449595,0.0025889627409221,-0.0286825322855091,-0.8662117570710544,-0.3775055854275456,-3.801673846391453,0.4851323931766753,1189.755038918574,1106.6283992573435,1105.2173496686855,1222.7623071793482,575.6532467900121,-1092.2182227168307,122.81075015177775,3.468800086969594,151.04950603853467
42.08,-0.6209313721260205,-0.2213723123964726,0.6512363202361597,-0.0750066626810821,-0.0256479863572191,-0.0033520296815162,0.0041476598061503,0.0003226016183823,0.0354672701464538,0.9993618792299266,0.0555155048560716,-0.0048034191310453,10.63184801772433,0.0026792936715449,-0.0286907637226289,-0.8639824493372608,-0.3774926978825512,-3.8017327424852256,0.4829483803019705,1191.3699298632007,1103.7305993717312,1105.327416879041,1223.1623720945304,599.7790728991391,-992.9967262064032,-34.84716601995424,292.76893985287217,151.0438903069796
42.0825,-0.1216948421047135,0.3031658651888641,0.6848987731482146,-0.072852454513607,-0.0241130433295692,-0.0021643475869228,0.0041009640386512,0.000313913432901,0.0354800751863741,0.9993615926741743,0.0502386292953575,-0.0114098591360938,10.632473711417708,0.0027511324659629,-0.0286986653702454,-0.8617151112845224,-0.377478398494846,-3.801791382426591,0.480772445285801,1192.7539342830712,1101.6634156263092,1105.043113838586,1224.226151878613,542.8990891901273,-721.151556690251,-164.08494064313135,553.3651005642594,151.03916468686552
42.085,0.1807410815934886,0.7533712287583695,0.7325724185977902,-0.0689162709598814,-0.0220179425737445,-0.0012249590031756,0.0040453120082105,0.0003081074302415,0.0354905695224362,0.9993614279595326,0.0443720584899526,-0.0181398380060423,10.63206607117734,0.0028031559933704,-0.0287017778731362,-0.859421041206513,-0.3774627958583452,-3.801849154108601,0.4786067396474831,1194.0844253091527,1100.1248415882783,1104.5069921758247,1225.929197597353,506.0889506593013,-518.1786529697712,-226.6714058606582,750.7301603997355,151.03439143953523
42.0875,0.2979030931340362,1.129092198790073,0.7989555249750167,-0.0648189664587493,-0.0195141416018678,-0.0003294542063338,0.0039824678798052,0.0003130528265189,0.0355001556938405,0.9993613289205728,0.0378538583191008,-0.0248904821702844,10.630607568435977,0.0028460901035228,-0.0287074658830056,-0.8571135896211047,-0.3774466032879929,-3.801905593902163,0.4764523863916624,1195.2843790363654,1099.0725223614627,1103.9097568092836,1227.9798026806084,430.0043521029312,-314.64228706970334,-215.94673067604936,844.3942746800302,151.02957885481027
42.09,0.2204781558224737,1.4078693424632815,0.8837409705868837,-0.0620270259184847,-0.0163096625795107,0.0008545768344893,0.0039161119902417,0.0003272696742192,0.0355130387642849,0.9993611293861324,0.0308312742105861,-0.0315133786640993,10.62811928113229,0.0028751319226895,-0.0287263620551001,-0.8548077576644539,-0.3774300339934023,-3.801960354784709,0.4743100571597383,1196.2344470696687,1098.5516301529287,1103.427258522444,1230.1511689707554,346.50572049677527,-146.46966847346232,-144.04711182411936,901.1663425950184,151.0247196111963
42.0925,-0.0065135271916464,1.6251348834649464,0.9844452235051694,-0.0611989013597972,-0.0115174880139251,0.0030793327515959,0.0038437229264556,0.0003432793771667,0.0355252326499983,0.9993609753012888,0.0235822968698742,-0.0379853501237729,10.624662724452715,0.0028769941829156,-0.0287583639748967,-0.852519725960627,-0.377414716288201,-3.802014214076373,0.4721801799033988,1197.01690763885,1098.340174019095,1103.1895212501627,1232.485634393586,226.31325604568363,-49.07232947712061,-9.102444054005085,757.9785260294176,151.01883641613503
42.095,-0.2230745532862634,1.7081842789590087,1.0427112575513495,-0.0626112118826171,-0.007007319762779,0.0058260867857822,0.0037668567207971,0.0003558588504365,0.0355337660755184,0.9993609613339156,0.0163451972401087,-0.0441849410438055,10.620339213308396,0.0028429290316977,-0.0288105178725312,-0.8502652030122938,-0.3774008316948756,-3.802066390013836,0.4700625982570139,1197.366013349896,1098.3062685055436,1103.381746302174,1233.941061600899,84.68759871821236,-31.55450294837669,169.7717723646333,438.26635693563134,151.0138922938795
42.0975,-0.3742244505968813,1.6966708737595348,1.0445231954437948,-0.0657757064809594,-0.0023426040428342,0.0093509251420769,0.003688779785561,0.0003653791108113,0.035537069180847,0.9993611265049814,0.0092436894972718,-0.0499421981952412,10.615286991493276,0.0027742936604587,-0.0288927914394952,-0.8480585128938292,-0.3773887966741836,-3.802115000728632,0.4679562986052499,1197.4403456324414,1098.182401504353,1104.0383801119863,1234.6769661782653,-15.276057306338233,-113.44324151694872,394.008297611916,145.47719931726365,151.00890822911353
42.1,-0.4092699276204562,1.5938043614856063,0.9611968930893456,-0.0700716740892993,0.0032321862257093,0.0135176410493241,0.0036071936399292,0.0003721365518023,0.0355339770916986,0.9993615197798384,0.002399956997758,-0.0552001899663408,10.60967644039619,0.0026731272257335,-0.0290048857746267,-0.845912115633988,-0.377378527252589,-3.802160010342933,0.4658598866103322,1197.2896330633644,1097.7390522979583,1105.3517877902348,1234.6684475974855,-84.60025069251476,-222.42686479346267,559.1721624031462,-133.9912779103397,151.00288574109572
42.1025,-0.3007768740547959,1.4579671324300942,0.8206245990261842,-0.0726635059357992,0.0071056218559134,0.0162102913656151,0.0035170462620603,0.0003748323596316,0.0355268277310846,0.9993620791061097,-0.004033324000292,-0.0599595180709313,10.603703766830447,0.0025390378427434,-0.0291403896084837,-0.8438356729129642,-0.3773707027182108,-3.802202839382173,0.4637724049023821,1197.0173443789793,1097.0702671803867,1106.8342409239995,1234.007009788714,-134.17615737696408,-322.20816127893954,654.3695560877785,-353.8767296643081,150.99783632532106
42.105,-0.0671601435161876,1.3065759137757178,0.6199627704877607,-0.0734386577592258,0.0094822127700871,0.0179230802974934,0.003418373731459,0.0003664800688067,0.0355216668799945,0.9993625925477968,-0.0097823479306455,-0.0641191440078795,10.597584310855517,0.0023616083197213,-0.0292992228332023,-0.8418350012887376,-0.37736494988812,-3.802245377693444,0.4616918548624281,1196.6187522764792,1096.128011491563,1108.623635570675,1232.8990639491633,-185.07996383072705,-404.6784550618871,747.3902221456952,-471.93171502848105,150.99276065465807
42.1075,0.2429322296438996,1.165914069119833,0.3836497206567955,-0.0730406949646817,0.0110672206029217,0.0190970010909986,0.0033147393546722,0.0003481550556445,0.0355269118244635,0.9993627457427136,-0.0147462141840042,-0.0675041162059072,10.591542219989456,0.0021434771059824,-0.0294853916223891,-0.8399116497727578,-0.3773607350286545,-3.8022895025300136,0.4596157476922653,1196.0919445598252,1095.0468749050763,1110.5711920347298,1231.6473512135703,-256.93940476526853,-436.39903458891814,787.09889347441,-480.04130225056554,150.98766800749652
42.11,0.6110812675839721,1.0496617061228373,0.121389633431943,-0.0716480947894901,0.012548423460673,0.0198797632125811,0.0032108248112121,0.0003208502938588,0.035542100920884,0.999362536844854,-0.0188256062812213,-0.0699293305387277,10.5858016312973,0.0018870708140147,-0.0297022930565393,-0.8380629784988936,-0.3773565013744126,-3.802336408347848,0.4575429351614639,1195.334055252654,1093.9460163186204,1112.5591300380438,1230.4988574379126,-411.2574625446256,-449.2783844450944,837.4385253138181,-421.399625943116,150.9825614681884
42.1125,1.0818476389274083,0.9288383777709636,-0.1995470109663833,-0.0689409650643576,0.0147583750749339,0.0202284167564008,0.0031096856078817,0.0002839610275417,0.035561088188908,0.9993621751593594,-0.0218946765069524,-0.0712634280114865,10.58057719249272,0.0015920423415082,-0.0299482287429342,-0.8362824571393767,-0.3773502319675146,-3.8023868383185335,0.4554720033409873,1194.0356572471007,1092.8004829828496,1114.758384661301,1229.540353083854,-553.5403367552941,-366.1994767896831,738.8385232873901,-250.6211428270572,150.97642707681075
42.115,1.474725250127576,0.82500758779195,-0.450685390192875,-0.0657459157219946,0.0170484549746117,0.0198473916137146,0.0030143053983718,0.0002400422558984,0.0355840729413846,0.9993616456087694,-0.0239041748591624,-0.0713947280880055,10.576064578384775,0.0012627089944276,-0.0302197070345435,-0.8345598739331264,-0.3773404027334246,-3.8024416653095487,0.4534008663703162,1192.566353568876,1092.115018934671,1116.2533226544826,1229.2457517237767,-665.3464386211139,-198.85332841208657,487.6770332691992,5.981328840340193,150.9713173228374
42.1175,1.84382252971442,0.6929816126982444,-0.6529672731910635,-0.0616114402472615,0.0196253023594792,0.0185390898586667,0.0029225092291942,0.000200957707592,0.0356144944849266,0.9993608302669624,-0.0250166098835455,-0.0703376864081128,10.572431153988504,0.0009191479769741,-0.0305038010013327,-0.8328822069043296,-0.3773274914751083,-3.802501174175544,0.4513270204192425,1190.7089250539984,1091.80621634079,1117.1967698276449,1229.5702597280556,-872.5894633126906,-40.47866450745503,253.79883079722623,285.20705947788446,150.96621998201823
42.12,2.234531635248945,0.4832440603919134,-0.7981105611205983,-0.0558239854710186,0.0224983004921115,0.0156912664273661,0.0028342994000816,0.0001818780184307,0.0356493676157547,0.999359834310998,-0.0254745310943379,-0.0680860599322054,10.569811371303096,0.0005877093877096,-0.0307906058305405,-0.831234128152797,-0.3773129200545307,-3.80256508292382,0.4492493112259139,1188.2034062523167,1091.912625612134,1117.5223168084676,1230.6717870211648,-919.7421977008912,116.17114628437288,-26.54350676860765,506.2660706270574,150.96013040828595
42.1225,2.4992167713120463,0.2645691285392023,-0.8118881724068073,-0.0502937096815655,0.024158432334196,0.0123015349165644,0.0027522141268728,0.000193388992693,0.03568666293391,0.9993587257038417,-0.0254375842198026,-0.0646114014119108,10.568303772566466,0.0002878761644081,-0.0310739279821104,-0.829599137249167,-0.3772981409243099,-3.8026343730586567,0.4471681803715183,1186.1102140654916,1092.3870720722123,1117.0640522938015,1232.101590081192,-769.1368084967665,259.45626404009454,-329.29519711921307,640.1378112226574,150.95508865919248
42.125,2.6788274750377106,0.0134978734432566,-0.7011434442831714,-0.0439107878454345,0.0246387907740793,0.0084776757648466,0.0026829181612446,0.0002316343391572,0.0357231098546181,0.9993576032386015,-0.0247759860421562,-0.0598371267173965,10.567970312603832,1.6282393052051875e-05,-0.0313539127333844,-0.8279606305042421,-0.3772830847878004,-3.802709750803853,0.4450855173534349,1184.3577222098309,1093.2099069323351,1115.8758408228707,1233.8724760772795,-610.2065579151351,423.4039932756544,-660.7925742016148,795.2023744197461,150.95009414958975
42.1275,2.7716894552815328,-0.3002780327188249,-0.4455357258728269,-0.0356814583261858,0.0240789368026971,0.0048308472033077,0.002626619419467,0.0002851972310275,0.0357504592667824,0.9993567613055598,-0.0232264797830485,-0.053856008712927,10.568834041955393,-0.0002407214074779,-0.0316206142212195,-0.8263035160827429,-0.377267859988254,-3.8027895617124456,0.4430029125042718,1183.0591812759187,1094.5040920385886,1113.7600894227967,1236.0776019532873,-296.2321959940558,508.511117809634,-855.2421039714944,770.0892269656077,150.94417106283288
42.13,2.73279147353165,-0.5536459587805944,-0.1716989987163166,-0.0287307991484792,0.0229509032123083,0.0033963800758806,0.0025856903363853,0.0003450809146085,0.035758356604455,0.9993565670941438,-0.0205997251613327,-0.0467373638553848,10.570879855472077,-0.0004910818198214,-0.0318695378421703,-0.8246144222520978,-0.377254485657382,-3.802871435144611,0.4409212000228938,1182.8765612298598,1095.7524625213844,1111.599630303011,1237.7229222121096,133.80797140864587,512.8866235133605,-896.0436471666944,559.5667200400705,150.93930487316877
42.1325,2.5623807425722607,-0.7787768997631284,0.0965431481868474,-0.0220065746678622,0.021293009884533,0.0039527505670406,0.0025606342860391,0.0004110147971802,0.0357390342345892,0.9993572995208237,-0.0169192118104496,-0.0386031021824952,10.574056603561244,-0.0007268195146248,-0.0320956918708372,-0.8228825461035667,-0.3772457768583055,-3.802954154500058,0.4388405612883736,1183.7282211329623,1097.0685251561567,1109.2798711869607,1238.875435553489,493.8423100587386,522.6379102591387,-916.044414455033,345.09740527968927,150.93452365902874
42.135,2.279725372915168,-0.9669027115908087,0.3075583465862832,-0.0155994388286764,0.0191666115255589,0.0060159875586,0.0025449693523309,0.0004816026379018,0.035692741490903,0.9993589688149684,-0.0122186421622015,-0.0297384641252376,10.578283475871267,-0.0009407640318103,-0.0322847032720498,-0.8211004998412236,-0.3772425245701766,-3.8030372922185727,0.4367635249928167,1185.3457727801513,1098.365652072678,1107.01940823074,1239.4484092385067,769.6006542060032,501.0141725260093,-849.4029871511632,67.67539710818886,150.92982186034445
42.1375,1.8656950815014244,-1.094914663142851,0.402890573710913,-0.0095962046196569,0.0163061021281191,0.0092182806935045,0.0025360165757791,0.0005505361466148,0.0356288234046724,0.9993612512642792,-0.0064534430262678,-0.0203626949876681,10.583456850889256,-0.0011340728688878,-0.0324303025170215,-0.8192638935270818,-0.3772440246133188,-3.803119983511449,0.4346933217921478,1187.5762244039943,1099.573596018788,1105.0328562512027,1239.21381253903,1008.120206732049,503.53854421334,-771.4367395239298,-286.87122874838553,150.9252261006536
42.14,1.239306454645525,-1.163859255853411,0.3626495426083059,-0.0030011518810892,0.0119901888317793,0.0129316685441526,0.0025287607693693,0.0006093180123909,0.0355574094141234,0.9993638061305998,0.0004389626748081,-0.0107535486393538,10.589455904449512,-0.0013114763715171,-0.0325242434729732,-0.8173716069933736,-0.3772496117531624,-3.80320106526208,0.4326320122305935,1190.386373813814,1100.883344793746,1103.1622245331184,1238.014053094764,961.3602757948332,458.56509439173215,-583.2051309503488,-567.0198094336383,150.91984637537473
42.1425,0.645984173214243,-1.1487081871737759,0.216766030372322,0.001001068607778,0.0080705617591533,0.0149018615937328,0.0025208490914692,0.0006468842891081,0.0354890537263946,0.9993662732754872,0.0085529037464988,-0.0011375079915116,10.596148875994116,-0.0014826659125308,-0.0325642077420391,-0.8154249724065585,-0.3772589799010929,-3.8032798189225145,0.4305813428248806,1192.383025782964,1101.8664214907446,1102.1168305964538,1236.3787134918643,633.645778305248,377.04332285396765,-305.82843380327904,-730.3569233441876,150.91548464336594
42.145,0.0511831322200058,-1.0728622919195068,0.0025403834701677,0.0017357412123061,0.0047550664200647,0.0151228193330188,0.0025123462148707,0.0006670598814646,0.035431524286466,0.9993683706758106,0.0176472191116879,0.0083222503002198,10.603397360348547,-0.0016340970520436,-0.0325539951230946,-0.8134270445761858,-0.3772704413679546,-3.803355511327768,0.4285413500116786,1193.554602705342,1102.7685614080167,1101.6330823641013,1234.3622684780412,260.71787800533764,384.8896444162924,-94.210328005508,-891.1072145842796,150.9112587423818
42.1475,-0.5633362425525194,-0.9476941328742016,-0.2646738761170761,-0.0013880853864258,0.0020349914651229,0.0135971229416284,0.0025021954074454,0.0006800118768233,0.0353851914585499,0.9993700766571532,0.0273258791866708,0.0174483985255952,10.611063712334042,-0.0017429701569843,-0.0324967895806136,-0.8113819837048656,-0.3772824563082051,-3.803428040890058,0.4265107210330668,1193.6866151729914,1103.790869712827,1101.645778956426,1231.923177418941,-171.22933098769064,366.9670411159741,85.194179742107,-833.9264252231113,150.90635527946893
42.15,-0.9334722065825958,-0.8448316650669159,-0.4526171663198558,-0.0058670571006494,0.0007162045388957,0.0114888737552272,0.0024896425105425,0.0006873419460215,0.0353461784686578,0.9993715249260484,0.0373586765547797,0.0260726052837075,10.619017126154525,-0.0018018824945907,-0.032396129517651,-0.8092941884674713,-0.3772951148206581,-3.8034977084115713,0.4244876644972199,1192.6984560504043,1104.603396613595,1102.0590532628114,1230.1926363519294,-583.3703535618241,316.25607759963,218.54437975655588,-564.4491990646952,150.90241574529324
42.1525,-1.125301253827038,-0.7708301528167826,-0.5719644311646253,-0.0104990123372171,-4.830420454739708e-05,0.009274766969339,0.0024719087255843,0.0006890081352687,0.0353109323003719,0.999372846455469,0.0475380049137128,0.0339946738856761,10.627137071597776,-0.0018076737005156,-0.0322520818209514,-0.807167931900964,-0.3773088852756041,-3.803565722071145,0.4224702664056225,1190.7697634051808,1105.372150100826,1102.7385008552092,1229.100931423616,-970.184837048468,324.69391983847106,320.7554730044372,-285.3130860248616,150.89863592599866
42.155,-1.1646503255774288,-0.726257401177929,-0.6217646201602813,-0.0153801559722134,-0.0009646585683911,0.0070904379936936,0.002449431985942,0.0006904965139602,0.0352801769420434,0.9993740101979308,0.0575363141730342,0.0411014334301558,10.635315919177186,-0.0017504755149744,-0.0320697992529125,-0.8050068221385906,-0.3773235844146267,-3.803634436500404,0.4204560372308698,1187.8475318651595,1106.226866212788,1103.6628306278344,1228.7660709218044,-1084.756841484054,298.22134971059154,330.27115149328006,48.264867856822335,150.89429233270118
42.1575,-1.073854565825422,-0.7185864883918712,-0.5847005429459894,-0.0184227018769541,-0.0021825910573498,0.0056549366951278,0.0024266832659199,0.0006980293235003,0.0352558736638474,0.9993749322604418,0.0670140141757737,0.0473823886765286,10.643461613675704,-0.0016215108269997,-0.0318604656330323,-0.8028138873323948,-0.3773382116058374,-3.803705772663162,0.4184429925319785,1185.3459791977655,1106.8632568493776,1104.3898566126743,1229.3422557628999,-909.133595705624,231.80348746706807,258.7915498072147,382.42655620368606,150.89083761341644
42.16,-0.9106909003890324,-0.7200653453720443,-0.4683005561585131,-0.0198618990692973,-0.0042671595146002,0.0041162918711045,0.0024038081827534,0.0007127461982199,0.0352374472031065,0.9993756325935608,0.0757425435602589,0.0527494452462055,10.651500597952223,-0.0014218320849909,-0.0316277973532345,-0.8005925592685034,-0.3773530169307421,-3.8037796445248047,0.4164322681925552,1183.301863886629,1107.385883650124,1104.9567883768711,1230.6782037028236,-676.4170763445868,181.8140221304454,192.60038135861728,615.7848664780464,150.88755896929231
42.1625,-0.726542906293061,-0.7116488967321528,-0.2892650424572432,-0.0202134960025023,-0.0069424072764354,0.0024801191720562,0.0023765902815546,0.0007269733092283,0.0352221054142573,0.9993762249304629,0.0836898481168292,0.057034540763499,10.659378922399949,-0.0011682757331765,-0.0313683012652992,-0.7983471754164213,-0.3773674818289022,-3.803855276903452,0.4144278140095838,1181.9638938160408,1107.7723269600303,1105.3528585194679,1232.4211800952917,-314.97662140956436,106.99837247985396,119.7211545176012,721.3503492492432,150.8844293603677
42.165,-0.5451353657490167,-0.6801296961744001,-0.0460010117624609,-0.0203603152423116,-0.0093689343150767,0.0012684077200317,0.0023383868749611,0.0007327247525818,0.0352062330239466,0.9993768589889208,0.0908467003437282,0.0600381319969603,10.66706296567838,-0.0008799825176399,-0.0310753223985199,-0.7960830391806412,-0.3773795495240908,-3.8039313874336975,0.4124326005448078,1181.7269807795826,1107.9208755125228,1105.5553941494586,1234.2849554490667,169.9853706717971,-10.61448297204518,58.17767610912349,750.8219902969155,150.88148238099822
42.1675,-0.3379361283625442,-0.6179711409294043,0.2904717140827043,-0.0210796512137636,-0.0113139984056382,0.0008705054172338,0.0022873547685527,0.0007252867005869,0.0351893886373311,0.9993775595711069,0.0971609112470941,0.0616863788961589,10.674538831131768,-0.0005732174437509,-0.0307510088841881,-0.7938056715539372,-0.3773877547187218,-3.8040063055327753,0.4104476903409661,1182.8138206694002,1107.71925454517,1105.6437469000136,1236.175290046778,609.6430630166716,-148.45962168675803,20.41385401697745,579.9682529270501,150.87815979925804
42.17,-0.1666915326876875,-0.5534330747761871,0.5761481312905653,-0.021843799575689,-0.0124186606282882,0.0016807507107229,0.0022265786911592,0.0007024531507457,0.0351752195595695,0.9993781943733558,0.1025575647208275,0.0620338982810793,10.681811991269795,-0.0002623183038396,-0.0304064143663943,-0.7915202098118644,-0.3773902309672948,-3.804077554452716,0.4084729333599155,1184.7751960946675,1107.1785774040886,1105.6574634195435,1237.1847967137035,951.0428654993584,-295.31378947599046,9.67558555467774,253.95084591287187,150.8755701286192
42.1725,0.0143267689032134,-0.4825252978333507,0.8226575321100354,-0.0223730823261718,-0.0130834590061149,0.0038476586531898,0.0021663684975281,0.0006694197447931,0.0351685534196754,0.9993785646873872,0.1068384047915936,0.0613171313443557,10.688906460079139,4.8658701099478414e-05,-0.0300650530927883,-0.7892305985720747,-0.3773864582389372,-3.8041433796175936,0.4065065264161853,1187.5690349968927,1106.2426855977915,1105.6921248277868,1237.4450442763412,1332.7560313859979,-487.1739748548188,36.06116379053648,-47.47468952370882,150.8731664099364
42.175,0.2505872683713508,-0.3888374116980982,1.0245378740882087,-0.022627187828237,-0.0134348768769334,0.007876969134065,0.002114906719745,0.0006318693846692,0.0351757086937197,0.999378424808431,0.1098236047618116,0.0597492177611871,10.695864372891508,0.0003562228343754,-0.0297471230147577,-0.7869396460275361,-0.3773764295843418,-3.8042043558538174,0.4045460748895087,1191.4389762516007,1104.7427075298133,1105.8377692384963,1236.9474232660848,1433.288903789611,-591.3419379157107,78.92370664927113,-282.0661652702632,150.87049545714214
42.1775,0.4626640806180497,-0.2932900124153829,1.0904015507793419,-0.022333672085314,-0.0139717313343677,0.0118666985771191,0.0020763893734334,0.0005945922361979,0.0351993885400938,0.9993776674969888,0.1113794082588822,0.0574786353252656,10.702743847557356,0.0006565232063058,-0.029465968297206,-0.7846488953641508,-0.377361283325178,-3.804262408433853,0.4025905000413088,1194.7354795158444,1103.2859759082114,1106.0867433610335,1236.034713449989,1254.5506062049794,-594.1258097685424,131.42002840589285,-408.4605955811261,150.868445552478
42.18,0.6808204164707767,-0.1585552135626315,1.0431312729621056,-0.0212259852546088,-0.0152443377699526,0.0154365614772063,0.0020552723591829,0.0005589239009034,0.0352394295790833,0.9993762902062882,0.1114753728070266,0.0546761774456862,10.709615165940129,0.0009418352605305,-0.0292342164966392,-0.7823584100355199,-0.3773426426102811,-3.8043193214533217,0.4006384921625327,1197.71172928262,1101.7720784809733,1106.4948693805252,1234.905120288181,1167.0342783571568,-643.0166209900954,217.28787674052663,-476.89813925869834,150.86657465553571
42.1825,0.9298763693249325,0.0679801444896854,0.8736771961220763,-0.0189211038248723,-0.0167992356114556,0.0185534885338841,0.0020542562841893,0.000530202888443,0.0352923116425586,0.9993744122527392,0.1100213845940111,0.0514951660189221,10.716559010125303,0.0012129479278965,-0.0290608229228618,-0.7800671138861061,-0.377321990201716,-3.804375379157961,0.3986878690427049,1200.570650907625,1100.0708928032639,1107.1731827447352,1233.650222753698,899.4294895125169,-581.3358184694816,277.33265736500834,-405.07267769214394,150.86453098026416
42.185,1.1104068765894695,0.3114914463107356,0.6608836424881243,-0.0161950362948904,-0.0173725181377155,0.0201682283623666,0.0020703494694389,0.0005145821723953,0.0353505749311519,0.9993723061781666,0.1069300507272428,0.0479817111035124,10.723663724655866,0.0014746565655362,-0.0289447309489273,-0.77777351457258,-0.3773015934888129,-3.804430796963699,0.3967381602138434,1202.208876730185,1098.8653993886244,1107.8815326673507,1232.8797568997193,488.49375493175586,-415.17474282160623,306.0609125793488,-231.0754527055633,150.86299078248132
42.1875,1.2459796312890945,0.5943849254477745,0.4007041295673073,-0.0127717679128636,-0.0167168151071431,0.0209848495266175,0.0020949539127984,0.000516862064776,0.0354047856772485,0.99937032712104,0.102160299596311,0.0440708811015815,10.731022020661523,0.001732266651128,-0.0288749660578762,-0.7754763577464003,-0.3772848392359477,-3.804485530931722,0.3947918618930313,1203.0131196822847,1097.9950190891548,1108.7034873076327,1232.4948454901696,189.37861509920313,-279.00844650592165,340.9510144339865,-95.37291113260414,150.8616129073484
42.19,1.3371521895317067,0.8874396774351053,0.1171967874407531,-0.0090428212490529,-0.0149750719123758,0.0213127364935739,0.0021207312064526,0.0005325752022184,0.035448231627489,0.9993687306702724,0.0958897306626875,0.0397234892356107,10.738726569935308,0.0019783676839919,-0.0288408862279766,-0.7731748056420872,-0.3772728658244948,-3.8045398338762544,0.3928514869350716,1203.15576980568,1097.470357156096,1109.586287739519,1232.4028923440567,-81.15980859470649,-115.8077002886192,360.01698683626046,9.950162640502096,150.86036449849004
42.1925,1.375595515689442,1.162116283494239,-0.1808348286173129,-0.0053677435661784,-0.0121859976863177,0.0211487322697239,0.0021423856198034,0.0005646006701725,0.035477261085369,0.9993676534991885,0.0881558444651825,0.0349521265991767,10.746869218878643,0.0022179094600723,-0.0288342085091233,-0.7708685096919641,-0.3772637493270122,-3.8045946362287015,0.3909175283138448,1202.6073206393112,1097.4159805877111,1110.5035722418147,1232.544596303372,-360.43597135562527,87.97958655814048,403.0413135087868,78.63895024675526,150.85926614211192
42.195,1.3721991117404695,1.4346223547221364,-0.5411724959093709,-0.0012471461268454,-0.0078502405674067,0.02031604469792,0.0021588482849321,0.0006113097998055,0.0354918196791571,0.9993670991970092,0.0791090869256889,0.0298560495055271,10.75553740921595,0.0024490167671862,-0.0288516733728515,-0.768557499780187,-0.3772567706385404,-3.8046505809648408,0.3889916849014728,1201.3535899489011,1097.9102550888867,1111.6014943070643,1232.7960870952907,-523.0547830844653,266.97961208880497,396.62637107721514,82.70204063972659,150.85811396930174
42.1975,1.3404850577731342,1.5937284215343535,-0.8326855704112721,0.0020527780839611,-0.0035717080127033,0.0189250580812171,0.0021771939741309,0.0006615943564434,0.0354975885601152,0.9993668519118823,0.0691208381596536,0.0246991823532054,10.764811836642936,0.0026546671111179,-0.0289007967544666,-0.7662417648437801,-0.3772508271082224,-3.8047078041363025,0.3870750164559165,1199.9920467238912,1098.750878648154,1112.4867040971992,1232.9581065065704,-565.5412289302438,404.3572341490949,341.4068285839748,39.63211497573657,150.8572866399384
42.2,1.2952189030183678,1.6679621054276994,-1.0987929067103592,0.0050462264027234,0.0009422502025531,0.0165748165436157,0.0022003190635491,0.0007052860193538,0.0354994910457899,0.9993667324984016,0.0585481867399535,0.0196517137034239,10.774766516365036,0.0028195243906297,-0.0289815930969737,-0.7639214664404222,-0.377244993303082,-3.8047673619672375,0.3851677100686629,1198.5258838042485,1099.9320412596335,1113.308528449985,1232.9942476701694,-623.1401229025773,564.4210910959669,338.5826144616745,-15.6978941236877,150.85659092515627
42.2025,1.2432841153603176,1.6559559133747737,-1.3678942409203172,0.0081136326630823,0.0063381839838868,0.0125923374892182,0.0022245250471884,0.0007396828429884,0.0354992643697794,0.9993666850970104,0.0475900556539937,0.0147406982854062,10.78546579213398,0.0029399344673681,-0.0290835998713362,-0.7615964894063836,-0.3772393110778934,-3.804830063413705,0.3832696250440011,1196.8763461093768,1101.5729841036355,1114.1796171695084,1232.879617035952,-561.696146858332,613.5073263178706,293.45653463987526,-64.66733681505927,150.85590123618945
42.205,1.210820372557124,1.5675120574281491,-1.537830042841854,0.0101942853007342,0.0105702124407686,0.0086701568829578,0.0022458098888532,0.0007688893066199,0.0354978929090577,0.9993666778272678,0.0363048116665134,0.0099830475804927,10.796959652259224,0.0030221660882008,-0.0291959453953356,-0.7592655399399904,-0.3772340289225069,-3.8048969920539646,0.38137988713222,1195.7174030699591,1102.99957789122,1114.775811123183,1232.6709109860944,-402.43793672477625,558.1229246910298,203.11915675900832,-102.69393523598612,150.8554425354678
42.2075,1.189156382476804,1.412051395382603,-1.6435298258057003,0.0122413241626828,0.0143351145594024,0.0048842722220185,0.0022647276079174,0.0007947015559259,0.0354985323337221,0.9993665951141424,0.024809482565585,0.0054828584101222,10.809279902470813,0.0030679308843147,-0.0293147581206168,-0.7569254865624915,-0.3772288221313516,-3.804968247931913,0.3794967756823822,1194.8641564257518,1104.363598727092,1115.195212953304,1232.3661473597715,-301.2533201079628,567.9574244806468,134.32299178864417,-157.0009632175349,150.85509849731287
42.21,1.1578553896505135,1.1709446096954483,-1.6914723387522659,0.015389083274275,0.0180587968529832,0.000711890268277,0.002288724181229,0.0008164214233335,0.0355075572259929,0.9993661945266388,0.0132851043936024,0.0014826589866774,10.822437287300536,0.0030738920598211,-0.0294471773946164,-0.7545709632447128,-0.3772226104385749,-3.8050424759576256,0.377619207256889,1194.2111364694188,1105.8393650136247,1115.4474260821266,1231.8859061700064,-182.850283517503,509.42857781661536,45.17068320000833,-200.5125573889932,150.85481135749464
42.2125,1.1075054360257683,0.9429709277616116,-1.6583855889422032,0.0184855876490249,0.0203864720046467,-0.0028107594959333,0.0023245859204066,0.0008317807917982,0.0355285719546484,0.9993653366018312,0.0019504607247397,-0.0017980615266936,10.836419321072812,0.0030338896531514,-0.0296003582404243,-0.7521947561980749,-0.3772143876546212,-3.8051173548278134,0.375745585785171,1193.9499050081652,1106.9107416161728,1115.4210663693038,1231.3635845728277,-58.05843106624465,399.76423184650696,-62.69337019595217,-244.0258644422672,150.8546716522795
42.215,1.0102172674771677,0.7071042191758593,-1.5324237897854989,0.0216766027882831,0.0220305072884558,-0.006927434490507,0.0023729232863715,0.0008371632803059,0.0355573912728175,0.9993641723464344,-0.0089474792428941,-0.0042822383825255,10.851188162000277,0.0029401079968789,-0.0297734540862873,-0.7497883093328859,-0.3772034060472466,-3.805191051568864,0.373874269917153,1193.9208443140872,1107.8381861728583,1115.1339592311467,1230.6657768477944,14.973396871475032,357.36371135526406,-156.71705716091475,-313.9925611963221,150.85462891822715
42.2175,0.8641749114569817,0.4765587264207479,-1.3150515025489746,0.0247462347573762,0.0231984888770221,-0.011676740036533,0.0024344980859579,0.0008310179741411,0.0355908802075192,0.9993628145032036,-0.019203871973162,-0.0058946685357443,10.866678287841246,0.0027877854985088,-0.0299673991526536,-0.7473417643951152,-0.3771882008177912,-3.8052622553656814,0.3720036287034582,1194.0247719925223,1108.69756017295,1114.6374810834989,1229.7936217668453,58.0959038887232,346.5443048440616,-243.0783221242046,-388.85208566770314,150.85466167073827
42.22,0.6587614037462838,0.2624791718858832,-0.9826246154835776,0.0272698593316926,0.0238477447155861,-0.0165823078891669,0.002506953252945,0.0008212433086415,0.03562652985192,0.99936135236943,-0.0288213637212177,-0.0066263365278378,10.882794727105562,0.0025869404583837,-0.0301801538044328,-0.7448448115722753,-0.3771694938312566,-3.805330658279212,0.3701318227835578,1194.2113238335307,1109.570907697077,1113.9185676205268,1228.7215164194577,82.95656024729699,415.01698458952575,-356.1288467391475,-496.6366570341239,150.8547792980137
42.2225,0.3577255449458612,0.0330114265088316,-0.4798609055033332,0.0290411504538025,0.0240284602150053,-0.0212224217753458,0.0025814734413137,0.0008172782349396,0.0356578481452681,0.9993600326308296,-0.0378443339968389,-0.0066137692574026,10.899414611575528,0.002351453664173,-0.0304009917214578,-0.7422879307355397,-0.3771508974191492,-3.8053964279146535,0.3682600253249141,1194.4395547937593,1110.7726450958987,1112.8568368498022,1227.3104384816731,75.29019535246121,482.3906843393421,-412.0123356566803,-508.79231084328586,150.8550103819565
42.225,0.0786010971459002,-0.1320689380657583,-0.0259793520541276,0.0293802321881046,0.0237166954236641,-0.0228813882279542,0.0026481648162453,0.0008240410604749,0.0356760983529587,0.9993591918871488,-0.0462257695517159,-0.0060273156877994,10.916390495222227,0.0020900193476787,-0.0306178687605317,-0.739663119256668,-0.3771348618677665,-3.805458845968297,0.3663921417913227,1194.5877748102932,1111.9828611187747,1111.8585059422423,1226.17755486524,47.49789139941413,534.2053519984204,-407.97797576056655,-399.44931330487583,150.85527175026823
42.2275,-0.2090694220669217,-0.2694626537078089,0.3767661539338504,0.0288666637639095,0.0231021858100328,-0.0208227463236731,0.0026992323340073,0.0008410778045159,0.0356724258043833,0.999359171301546,-0.0538087431297911,-0.0050027376022626,10.933554530361395,0.0018046578254047,-0.0308215996594064,-0.7369643626301667,-0.3771223222089268,-3.8055183640437567,0.3645315649815492,1194.677044250756,1113.4436718558884,1110.8169469710012,1225.3131919151508,30.588978329144805,686.976282118179,-447.51452009704576,-270.4192987817331,150.8555971983319
42.23,-0.5457590080484888,-0.4050024555511174,0.7063657139232192,0.0273526551267003,0.0223192049317061,-0.0149554406946458,0.0027290306075976,0.0008715491187714,0.0356463976683038,0.9993599997004422,-0.06052567479113,-0.0036318458068966,10.950721464388247,0.0015032550685741,-0.0310058399932527,-0.7341877453395652,-0.3771124162215114,-3.8055758429601294,0.3626799778632069,1194.740719701939,1115.4177425293676,1109.620933341756,1224.8254583713303,20.985420583600167,736.8512855200473,-413.36142741308095,-67.04077332543629,150.85605386526152
42.2325,-0.8107178804258953,-0.4951256979510966,0.8207973304533354,0.0254196753005875,0.0216406076270273,-0.0097568774933888,0.0027388816964579,0.0009094223649555,0.0356042466748983,0.9993614536107333,-0.0661176234216599,-0.0018678020351426,10.967696670509058,0.0011802727412236,-0.031172913171321,-0.7313310476807736,-0.3771036498623974,-3.805632055045816,0.3608369550832719,1194.781971353674,1117.1279282834903,1108.7501398339348,1224.9779880485235,15.929319063858136,658.4553463719735,-305.9112596212398,176.40024197769563,150.85648424870635
42.235,-1.0552199530609483,-0.5589014280530004,0.7892334121363547,0.0230887493077144,0.0206428756084974,-0.0064345609805259,0.0027324341597733,0.0009459361797502,0.0355549796838695,0.9993632072334596,-0.0702812961581342,0.00037663115814,10.984280943351973,0.0008267493485662,-0.0313268391049731,-0.7283937172505486,-0.3770951247329366,-3.8056878859323024,0.3590014592317963,1194.8203662972583,1118.7100192612245,1108.0913770436512,1225.7074595812182,11.97371833285912,618.2148831529978,-231.70709582702295,427.193106678678,150.85696067862025
42.2375,-1.3244521084031131,-0.5950944408020703,0.6562195557699393,0.0199771967969926,0.0187718001298174,-0.004947938345544,0.0027107076710476,0.0009833571573063,0.0355062794532487,0.9993649770010158,-0.0729778738033106,0.0031279709427025,11.000273168839504,0.000450865440333,-0.0314665891783803,-0.7253769876135419,-0.3770866714367053,-3.805745256851884,0.3571724275841048,1194.8418399453385,1120.219002699257,1107.591604354799,1227.113953581918,-1.0775363128681363,458.6057441026169,-136.3662853507988,576.4831963153263,150.85757983541635
42.24,-1.5270512862927896,-0.5838101202554694,0.526092511623448,0.0169966054584585,0.0168355125807752,-0.0052052800041152,0.0026785703189181,0.0010291168875775,0.0354627881683455,0.9993665739514558,-0.0743034306826759,0.0064866763643166,11.015477276523095,6.902227147537372e-05,-0.0315952310926492,-0.7222835767966878,-0.3770792174865151,-3.805806131543665,0.3553490128931426,1194.814978615694,1121.0030479817387,1107.4095456168968,1228.5898755627964,-23.39159238956508,193.21513927383717,-34.38964214741135,623.5451109665732,150.85813162682703
42.2425,-1.6995723694838172,-0.5261003311120634,0.4289867646378973,0.013695820608547,0.0148937011403709,-0.0057101278125569,0.0026437217746188,0.001087610308393,0.0354290482731953,0.9993678114434325,-0.074312119566703,0.0105973165200204,11.02971034248287,-0.0003061883886613,-0.0317182256593898,-0.719117985001997,-0.377073969087828,-3.805871599776799,0.353532209853498,1194.7248819833908,1121.1850783956252,1107.419656144062,1230.231679136748,-45.09208318094815,-31.028436862726288,24.22012905046742,670.0021749959615,150.85871679831604
42.245,-1.835605303685272,-0.4344277560776053,0.3779711012619111,0.0102779583761261,0.013117482689548,-0.0056103342758343,0.0026129835330447,0.0011543493064572,0.0354106062246827,0.999368479943916,-0.0728914531649007,0.0155609597520968,11.042810008988916,-0.0006742420846035,-0.0318382339719623,-0.7158869278423338,-0.3770710221593525,-3.8059412084902697,0.3517244253819462,1194.5895181997892,1120.8479057974253,1107.530646262149,1231.939886437773,-58.16194744490284,-249.0538355836724,52.04645401397168,692.9825232571695,150.8593272636231
42.2475,-1.903488650129776,-0.3165771477842161,0.386176524364065,0.0060695188552957,0.0120472520452923,-0.0049330009023694,0.0025885591004056,0.0012205972072772,0.0354135885147006,0.9993683674174192,-0.0698678753610906,0.0213546940025192,11.05463858160377,-0.0010397717209801,-0.0319506151430511,-0.7125995388402825,-0.3770695886006231,-3.806014316440788,0.3499279199129087,1194.434072246166,1119.9398092177064,1107.679888414132,1233.6965917530356,-59.902983942871565,-497.700687567176,51.37298783526703,782.5377295491853,150.85996584728707
42.25,-1.865644633155996,-0.171165722903496,0.4593002538994296,-0.0009249667059485,0.0120231638924729,-0.0039560346539525,0.002571878192358,0.001276024469615,0.0354385459869615,0.9993674634934966,-0.0650632409966833,0.0279164177531493,11.065086190300116,-0.0014086399481893,-0.0320496933927072,-0.7092667845820121,-0.377069830828153,-3.806090628830805,0.3481454557555391,1194.2900032800749,1118.359402359588,1107.7875112013255,1235.852575085521,-35.686937639853284,-623.322321327781,10.436148871904548,794.2928549783976,150.8607619684675
42.2525,-1.71270714002483,-0.0630121765274024,0.5661987608024366,-0.0078898373422595,0.0126024047534727,-0.0030120085665328,0.0025622256584081,0.0013161153392701,0.0354881764387383,0.9993656800082654,-0.058459987915095,0.0351225810789928,11.074072115674184,-0.0017779446290262,-0.0321276337860997,-0.705900879773716,-0.3770724443960259,-3.806168883439628,0.3463780944146198,1194.255637557967,1116.8231976110703,1107.7320691584916,1237.668056027924,13.308490512092716,-602.9073293794326,-71.14554672071789,713.5515991219551,150.8614484561957
42.255,-1.4410703275884682,0.0242177438805538,0.7090157088589739,-0.0141970555219564,0.0130373109900449,-0.0019337762496538,0.0025552735294212,0.0013460146495915,0.0355595339884389,0.9993631230679508,-0.0502881201948559,0.042758485115049,11.081546420397599,-0.0021304395277586,-0.0321729777765642,-0.7025144983220489,-0.3770778737703421,-3.8062468329623007,0.3446240128031184,1194.3565457326351,1115.3448657126892,1107.4317834677215,1239.4203330811326,80.07077262318941,-567.3895536784411,-204.5369715524748,721.0854249733022,150.86215690072646
42.2575,-1.0412593290595966,0.1100479348719072,0.9006849754473112,-0.0192462470805386,0.0130371402967876,-0.0004065434672865,0.0025453895513732,0.0013699636885234,0.0356415914951588,0.9993601892577088,-0.0407892486285123,0.050563420875824,11.087493404824654,-0.0024498493808142,-0.0321735628889086,-0.6991197795541956,-0.3770870861090321,-3.806323905420932,0.3428805060825832,1194.6559914210832,1113.9862498426767,1106.7093843007287,1241.2734831527923,137.60584573996093,-386.5625706925917,-328.7425256832,606.6987075591048,150.86303034434275
42.26,-0.7196644048150626,0.1718523879471597,1.0540705017061711,-0.0208070114966399,0.0129438754002497,0.001306332792149,0.0025307995882631,0.0013892701465147,0.0357254033661233,0.999357196745924,-0.0301645014191244,0.0583489254961848,11.091930685321241,-0.0027249172337797,-0.0321234867799696,-0.695727437120642,-0.3771013090507315,-3.806401555020559,0.3411462347647244,1195.0445749613343,1113.412052859228,1105.7880708393072,1242.4538266189254,175.45584251024712,-86.19619152177756,-424.220154950864,365.1204446406106,150.86377626458568
42.2625,-0.5028011286179751,0.2256576758029155,1.1627520162858571,-0.0199970137991673,0.0131781002735481,0.0038263565459943,0.0025114920514335,0.0014032995032504,0.0358071486314668,0.9993542817473232,-0.01859406931853,0.0659571861800327,11.094907095574776,-0.0029485581421859,-0.0320200266872086,-0.6923466180713936,-0.37712029028233,-3.806480829989394,0.339422210401664,1195.5332706336349,1113.5552688850676,1104.588283525973,1243.0990853759963,218.95545773907253,221.7755178705604,-557.9805148306933,146.55845874769287,150.86453944179868
42.265,-0.4415325462432145,0.2765287281688369,1.1896507669886367,-0.0176588071539215,0.0141615946675334,0.0079371662426395,0.0024855478648575,0.0014131721516513,0.0358868866093195,0.999351447264594,-0.006317598506751,0.0731859788268291,11.096499840618684,-0.0031130676930524,-0.0318588009156165,-0.6889849267307399,-0.3771421791744594,-3.8065613965215457,0.3377091253444824,1196.1393522500305,1114.5209304485816,1102.9981682651523,1243.1866189126642,205.55973582277653,454.9123867042953,-570.6441138343695,-71.76684207099403,150.86547369184507
42.2675,-0.5758865400182837,0.3040314405515919,1.091264712200967,-0.0157453287780396,0.0154026253296111,0.0120086053827102,0.0024529720809511,0.0014207338590947,0.0359662132134075,0.9993486375612316,0.0063965513596777,0.0798765376975977,11.09681070237724,-0.0032121196575034,-0.031639220111132,-0.685647887468339,-0.3771633555096478,-3.806642044743717,0.3360045441284078,1196.5610693127478,1115.8298308185867,1101.735062956804,1242.7402511656417,122.51934395270024,569.1162508811702,-441.55007843605887,-251.6136406120572,150.86626667792484
42.27,-0.8746564495884362,0.3183676811107668,0.8426234678602934,-0.0154600949651125,0.0163759588122049,0.0161561681085455,0.0024147239610234,0.0014193732923688,0.0360471330811153,0.9993457916522784,0.0194596142686526,0.0858890747104635,11.095962972871787,-0.0032533011865215,-0.0313627924004482,-0.682338814437667,-0.3771812666912658,-3.806722528924944,0.3343052781972151,1196.7519489697943,1117.3665117029889,1100.7904178729707,1241.928550709603,16.26081630537633,604.2847966719911,-290.93355902331166,-348.749816673402,150.86707398828912
42.2725,-1.2558555312175608,0.3285613281608493,0.4703878963388519,-0.0173917616993509,0.0168676886784017,0.0197945680327217,0.002370627245155,0.0014049614727302,0.0361256865225443,0.9993430642308596,0.0327226584064919,0.0910697448120005,11.094096114978656,-0.0032422127388184,-0.0310309584158486,-0.6790592016831779,-0.3771964264605082,-3.806804108388708,0.3326097998161222,1196.6423733942747,1118.8512548019485,1100.2803951616868,1240.9965020822735,-135.5122669087318,535.8962799254513,-73.43127875962949,-354.94695884886363,150.86789309105595
42.275,-1.6517384774246555,0.341492141531788,-0.0202314686835049,-0.0217370306319029,0.0169191912499834,0.0221295489192124,0.0023189249290291,0.001384248050764,0.036192096406711,0.9993408065430138,0.0457955201198532,0.0952531350852731,11.091361991355168,-0.0031708003643886,-0.030645123759874,-0.6758093277139258,-0.3772107546631993,-3.80688701815274,0.3309180932773942,1196.0743876352512,1120.0459931026137,1100.423261479173,1240.1538159153606,-361.6698730362228,431.0668684892402,218.47189608954716,-298.22182479504795,150.86872682077012
42.2775,-2.0391486602853983,0.3595752552932388,-0.6688656287843489,-0.0287281855067418,0.0171336086105638,0.0226357455619468,0.0022638692114291,0.001370696219199,0.0362403014642785,0.999339209020174,0.0581529017056492,0.0984322452345306,11.087920636913124,-0.0030239945638168,-0.0302168843861714,-0.6725884165157204,-0.3772243112548634,-3.8069693892511007,0.3292316489549679,1194.8340240290927,1121.0065891443955,1101.372754642135,1239.5053929582975,-534.6290218741153,277.50510976160865,459.30705423110487,-151.86355094639526,150.8697453779977
42.28,-2.228535256039944,0.3663483167770338,-1.181404888470506,-0.0355466290131151,0.0179389574828964,0.0206003440478487,0.0022091339477142,0.0013685203961121,0.0362707004693286,0.9993382393883382,0.0694893234302322,0.1006030690479598,11.083938614729831,-0.0028009769116126,-0.029758367567656,-0.669395531148439,-0.3772358109959657,-3.8070485211641194,0.3275516300235763,1193.4012425258793,1121.4335186514224,1102.7197967503298,1239.3944981606282,-621.0219990802407,119.90953259375593,610.6580894375026,56.551339843105374,150.87061056028406
42.2825,-2.234042715554426,0.3459336397079063,-1.560912383140599,-0.0429440639627415,0.0192706393596996,0.0155405504334546,0.002150004294856,0.0013746499790392,0.0362875021587735,0.9993377552953921,0.0796737364735921,0.1015962875563807,11.079586884790832,-0.0025115470287492,-0.0292718383957183,-0.6662303974152092,-0.3772460729308413,-3.8071225626614806,0.3258792019933386,1191.7289140336943,1121.606136807364,1104.4260450893198,1239.788149657513,-737.4564075349873,58.50633697124712,769.0159339561591,281.0297795926471,150.871494864211
42.285,-2.015814650606963,0.2728464939153417,-1.7596389811340167,-0.0513388918281555,0.0210236108002367,0.0064103088779779,0.0020841476752775,0.0013804910106142,0.0362948818670969,0.999337621135301,0.0887225763205174,0.1013204048043152,11.07503468429317,-0.0021736831739748,-0.0287639198446484,-0.6630929136422427,-0.377256863178574,-3.8071917421639214,0.3242161201213517,1189.7139604882025,1121.7260503362788,1106.5648764201123,1240.799647058592,-702.2351743224181,53.669328890300505,753.3938432761043,442.2180029692311,150.87258126005153
42.2875,-1.6656431668825362,0.1673499816515889,-1.674116262242385,-0.0570193333002414,0.0223335041828305,-0.002534690426744,0.0020142309851235,0.0013785762977571,0.0362962305743174,0.999337719697792,0.0966581374624124,0.099826995334585,11.07044631555123,-0.0018046576631612,-0.02824871665435,-0.6599829594285901,-0.3772671816073346,-3.807256528391868,0.322564118080361,1188.2177381620804,1121.8744834518156,1108.1930143057023,1241.9992396723603,-526.7754763682904,80.15479391545355,576.9284363121432,522.5890202256529,150.87351017320682
42.29,-1.1896045864318092,0.0231309499067393,-1.3541195887289872,-0.0606590692184784,0.0230837301238136,-0.0098470733368298,0.0019427610387405,0.0013727908880537,0.0362913821457395,0.9993380455437472,0.1032809992429605,0.0972058134551229,11.0659812036823,-0.001407302144184,-0.0277408202553451,-0.6569003810288636,-0.3772762297338189,-3.8073168113490934,0.3209228825768494,1187.0800831063634,1122.1268243058555,1109.4495186016707,1243.412592159718,-382.22439802123967,110.43214101736145,423.79683885407,575.8095664530865,150.87446629499084
42.2925,-0.6558496831492069,-0.1391741101168929,-0.9136931071998524,-0.0623347298132452,0.023151026534001,-0.0131358705754902,0.0018717865873174,0.0013694807229877,0.036284052222683,0.9993384516458592,0.1083710191683384,0.0935697677928381,11.06179147241514,-0.0009823351440378,-0.0272539382874825,-0.6538445363274995,-0.3772834835097003,-3.807374067787064,0.3192896428181271,1186.3066161719732,1122.4266441569027,1110.3119984999737,1244.8782875046272,-219.36562263670257,108.20869049129134,248.7405332465733,574.2933993212564,150.87544649588943
42.295,-0.1064804530727385,-0.3009151840227959,-0.4486969232344742,-0.062162423832049,0.0223685574333442,-0.0111279309521567,0.0018068192382099,0.0013662761161338,0.0362794897072855,0.9993387419955476,0.11193889033412,0.0891310504586386,11.058017376713368,-0.0005428993627239,-0.0268051002594056,-0.6508138472401543,-0.377287988884871,-3.8074289528053145,0.31766195934472,1185.9832549931791,1122.6678677583125,1110.693221267904,1246.2840591563258,-49.45891599240846,58.174781392616,75.74841693556277,584.6661216123126,150.8764568916696
42.2975,0.5174399143570558,-0.4665690469392899,0.0169018310611281,-0.0609902870920651,0.0206861996731019,-0.0063923900120303,0.0017546742445909,0.0013533159932136,0.0362856726689918,0.9993386293974336,0.1141981377167467,0.084151258289185,11.05478532037778,-0.0001124303666609,-0.0264115323010994,-0.6478060459545377,-0.3772882886346777,-3.8074786661382434,0.316040982309742,1186.0593215920114,1122.7175180638656,1110.6907405846512,1247.801618112686,89.40192731101862,-41.521499843317216,-54.51056656485829,521.320557635642,150.8777049057028
42.3,0.9796010637658344,-0.5657753898928362,0.2967625631446907,-0.0593296561215295,0.0188456588163807,-0.003494147579833,0.0017173114645598,0.0013251188142323,0.0363042185468253,0.9993380602988946,0.1152961813781524,0.0788123319660132,11.052208303406625,0.0002920103698092,-0.026082837329575,-0.6448186593559708,-0.3772845175719263,-3.8075224693522784,0.3144290115848234,1186.4302646297347,1122.4602602590955,1110.4206684350795,1248.8906619445052,187.05193552754716,-173.83394012108712,-134.66895750759636,398.4564010403354,150.87877436692435
42.3025,1.3514621849383723,-0.615925044568621,0.4863920436467306,-0.0563603899546219,0.0166846102716578,-0.0026377317088669,0.0016943822625698,0.0012827072098145,0.036326402767971,0.999337350990298,0.1152685305429668,0.0732704312439435,11.050383423424115,0.0006628555598546,-0.0258238501974525,-0.6418487846030005,-0.3772787089907513,-3.807563287590868,0.3128263994192954,1186.9945812696496,1121.8483483632597,1110.0173957971128,1249.7939001178888,261.53628524881384,-337.5303741249695,-181.80361093744233,362.3724401920412,150.87987344990918
42.305,1.659226214184612,-0.6237056649220076,0.6611845387129756,-0.0510008499901371,0.0140618708516887,-0.0030791064664951,0.0016839940982345,0.001233785007588,0.0363439010928518,0.9993367986208488,0.1140360869496298,0.0676655186744645,11.049389573394969,0.0010018189454255,-0.0256351333799025,-0.6388927867028423,-0.3772716644650685,-3.807603503889795,0.3112324235972121,1187.7379460559775,1120.7726083884725,1109.5116503803931,1250.702524145464,264.92161257853235,-425.7008261059361,-177.20134964017888,313.91275820748336,150.8812245485945
42.3075,1.7824185363360852,-0.5999327165556945,0.7874240238789336,-0.0451082437153701,0.0121522325246721,-0.0036153424376109,0.0016869229367078,0.0011875121865024,0.0363515718625828,0.999336579783838,0.1115217021379889,0.0622033714009868,11.049283958979752,0.001312881834822,-0.0255179401584446,-0.6359458721189902,-0.3772626284502684,-3.8076443180850377,0.3096448762353258,1188.319189332541,1119.719844232732,1109.1313890489128,1251.3634639089248,213.54862067526471,-410.60824931525445,-136.91244606481905,256.26534751846145,150.882375235352
42.31,1.7678765093625026,-0.5704358974614607,0.8890723255093651,-0.039078625546346,0.010563851613906,-0.0027687195164277,0.0016966089614786,0.0011563685091364,0.0363418180131114,0.9993369661143712,0.10759652548721,0.0569304774950434,11.050102328967563,0.0016054675063966,-0.0254616293109154,-0.6330025691568328,-0.3772514694694355,-3.807686575297104,0.3080630105355574,1188.8056891593544,1118.7195671418951,1108.827088150069,1251.983850883057,195.24665570169435,-376.35985432328954,-113.6620236240888,269.1513040659162,150.88354901488097
42.3125,1.629137822919405,-0.5648840469700762,0.9417846042297544,-0.0335626151372776,0.0094395104514114,0.0008516006679823,0.0017024718100349,0.0011474106596743,0.036315646037529,0.9993379266833914,0.1022728174696306,0.0517924600874556,11.051855818204512,0.001882769538746,-0.0254479184589463,-0.6300567832075594,-0.3772398058872585,-3.807733170206725,0.3064865958682474,1189.29542261105,1117.8380449611143,1108.563078930792,1252.709220429255,173.84464931035276,-241.484396524394,-79.06645818414206,256.82713262581893,150.88498170035018
42.315,1.4562294663126965,-0.6102807988717986,0.895840638195088,-0.0304468459704335,0.0092712706718911,0.0053229140397755,0.0016964797128966,0.0011608560564488,0.0362791834842602,0.9993392497595244,0.0957348869803223,0.0467731657192945,11.054529315832326,0.0021400312999767,-0.0254596915409826,-0.6271017664590263,-0.3772282666204025,-3.807785656039501,0.3049158209745764,1189.6749124059052,1117.5121451592743,1108.4317558591483,1253.2679865461848,160.58350956692234,-31.8868989724088,-34.39629692514304,192.92997933675127,150.8861942884813
42.3175,1.2753863412034891,-0.7239934303728243,0.7442688429208043,-0.0281923464800361,0.0090077249086753,0.0094575646724428,0.0016739067551222,0.0011938806904505,0.0362418190903409,0.9993406048595402,0.0882502782494855,0.0419103527855125,11.058082483360364,0.0023694475000305,-0.0254828169155001,-0.6241303681105527,-0.3772145246598371,-3.807843305443535,0.3033500514779237,1190.098340158885,1117.6786104662524,1108.3910974461662,1253.673870325939,184.93659174214005,139.84527982867925,-3.547824016912277,112.6247088302413,150.8874250400985
42.32,1.1169404119249633,-0.8906670235644589,0.5238276730710204,-0.0264503449329696,0.0078074087940299,0.0122430989927381,0.0016316257273634,0.0012399661631884,0.0362071008389676,0.9993418755184978,0.0801765373015747,0.0372549716861474,11.062451545077016,0.0025599845915889,-0.025504696750764,-0.6211354711239045,-0.3771979953462519,-3.8079043056521846,0.3017880897811008,1190.5995953646163,1118.211371558418,1108.414016739064,1253.8311100903363,221.25934688549137,270.5247084384796,18.35030012982165,-30.552452361489983,150.8886702985745
42.3225,1.004377330860812,-1.1015145549011551,0.2688810265536961,-0.0251779914878154,0.0053961497454787,0.0131670790113143,0.0015738039272866,0.0012886097570316,0.0361791219445157,0.9993429179468106,0.071967443376406,0.0329937199418111,11.067551023564787,0.0026968066173085,-0.0255219200371119,-0.6181101807192979,-0.377178520337198,-3.8079672259584454,0.3002290101926183,1191.2046368933115,1119.0312340084436,1108.4828489468152,1253.521108064132,281.4371744616362,370.6738207835692,30.378799630018797,-282.00463875267934,150.8899328131426
42.325,0.9234731878732,-1.3745001609140917,-0.003708747280811,-0.0236278499689128,0.0015890193294625,0.0125551542846659,0.0015062769251459,0.0013325628827161,0.0361595698484937,0.9993436712450792,0.0640024674695396,0.0293295243190404,11.073277862863891,0.0027710419369946,-0.0255338583578886,-0.6150486615121141,-0.3771575038648324,-3.808030919189189,0.2986742884588948,1192.0067812369255,1120.0647406623368,1108.565910737214,1252.4210868965722,294.6877063216873,343.70061668638,23.53757148606452,-541.2958791701344,150.89146801920816
42.3275,0.8861667773446942,-1.5976279094103585,-0.1553398544091703,-0.0218648892120637,-0.0022045679918995,0.0108875357493162,0.0014344462523692,0.0013687598134511,0.0361517351204343,0.9993440157957834,0.0565588601493898,0.0264351382139647,11.079514696654316,0.002780990495278,-0.0255403016161276,-0.6119467917583606,-0.3771377751015894,-3.808095221839338,0.2971266248802001,1192.6780754249207,1120.7497370918763,1108.6005368042456,1250.81462866828,253.46751300772073,194.554255843736,2.481383477472701,-786.4502338673324,150.8927647001206
42.33,0.8505776751237453,-1.795375883158802,-0.1911211040677016,-0.0194120152683097,-0.0062547168055865,0.0085810235377774,0.0013666970448778,0.0013932053696009,0.0361574304282217,0.9993438861851486,0.0499214350068276,0.0245253579003897,11.086132869312323,0.0027257837611895,-0.0255454674752819,-0.6088023119672518,-0.3771205576226726,-3.8081602907861143,0.2955884396450615,1193.274118801963,1121.0375119415546,1108.5783176546015,1248.4888357272391,232.0512464762664,5.642253826132969,-20.4106407028926,-1162.5055034677607,150.89408005350413
42.3325,0.7756806768097607,-1.9817886042698047,-0.0922562480655726,-0.015803059621803,-0.0111415717118671,0.0061834088218682,0.0013130675845464,0.0013990614088714,0.0361762076496081,0.9993432979867622,0.0444185771605538,0.0238271499888112,11.092996520263531,0.0026029637773486,-0.0255562394699919,-0.6056148421172941,-0.3771047047435605,-3.80822493900453,0.2940609848781288,1193.8383316573027,1120.777948361007,1108.498483600731,1245.002101150938,177.95393532683184,-202.09251175009405,-32.16898193243824,-1357.1319661214025,150.89568044088531
42.335,0.67183799266038,-2.0757068481883536,0.0891825079516323,-0.0126042196679038,-0.0157108352576654,0.0051919390649478,0.0012720907450072,0.0013887116006978,0.036202164669768,0.999342457187202,0.0401391423999917,0.0242989411541208,11.09996731523643,0.0024235970400803,-0.0255667453823485,-0.6023861442751834,-0.3770891968369488,-3.808288694518816,0.2925443474765795,1194.1638884785975,1120.0270493828036,1108.4174727449392,1241.7031758966286,100.49223337723606,-403.00908991307824,-27.403261046199443,-1341.4543443210655,150.89703234029537
42.3375,0.5287954790940863,-2.077253333937749,0.3289355386327415,-0.0100783711277532,-0.0212845903752382,0.0055755363319194,0.0012393459384946,0.0013655404742021,0.0362274391892436,0.999341644118439,0.0371171476890932,0.0258147910065156,11.106907097614991,0.002201477157585,-0.0255684937391139,-0.5991193396641356,-0.3770744795800368,-3.808351809104309,0.2910383096312005,1194.3407928241884,1118.7629029114435,1108.3614672955002,1238.2948294293387,44.977051792716075,-651.9999729788954,-15.696665979377183,-1446.9622669365763,150.89840270229112
42.34,0.3431571017439338,-1.9431143909787183,0.6210504680882213,-0.0086811419327127,-0.0286904315566551,0.007769494285345,0.0012108549795365,0.001330542512445,0.0362481562634633,0.999340999611644,0.0354068285383977,0.0282390936475859,11.113681170028848,0.0019485366071339,-0.0255542429100414,-0.595818342113523,-0.3770632211817816,-3.80841431889842,0.2895438509062427,1194.3887737375612,1116.7670495179075,1108.3389894150423,1234.468364561942,-9.948600050569809,-791.6989761116425,-6.136805336833775,-1305.6597486586863,150.90006741614476
42.3425,0.2082936188379041,-1.7106025535964131,0.8262504118064594,-0.0088415827367831,-0.0347608245849735,0.0106863287787015,0.001186728217125,0.0012866662953154,0.0362598786353971,0.9993406788847176,0.034986712374261,0.0315135064711239,11.12016076197932,0.0016798597755283,-0.0255223349229238,-0.592487199672408,-0.3770575118571928,-3.808476168329805,0.2880602377949753,1194.2910498239355,1114.8044080308832,1108.330783268816,1231.766530686042,-69.39270507566052,-825.5761624004441,-16.478935424053343,-932.2357731839312,150.90147045377475
42.345,0.125581234150436,-1.3693789921565407,0.9579685088461994,-0.0097814475264046,-0.039549118097836,0.013933099465332,0.0011670535556891,0.0012399804642242,0.0362570071887477,0.9993408758111156,0.0357292915088015,0.03556903905893,11.126225780275783,0.0014146040125011,-0.0254716264619675,-0.5891298875518469,-0.377058031520764,-3.808538818530661,0.286585357901284,1194.0418102121832,1112.639168705909,1108.256594737922,1229.8071856960266,-126.48422311024557,-887.4214089143159,-55.45640536449246,-644.0878023280109,150.90288811067433
42.3475,0.0965510085636533,-0.9685032354222548,1.0181169041678135,-0.0106385491787715,-0.0426513645543724,0.0169967937261382,0.0011523882849035,0.00119433007274,0.0362418121070564,0.999341500216286,0.0375214905792521,0.0403350072413298,11.131766926449423,0.0011683790100978,-0.0254017951734836,-0.5857501006939024,-0.3770628450576589,-3.808602735750667,0.2851177068840338,1193.658628708384,1110.3673009863091,1108.0535012419934,1228.5460916744005,-186.17190763443,-924.1590375618035,-126.90020445500396,-342.17874971232726,150.9043163328852
42.35,0.1266614073306959,-0.5432163994515755,0.9928336785987872,-0.0105669727689058,-0.0438799394337765,0.0196459277473094,0.0011409253507107,0.0011514481771393,0.0362207433734546,0.9993423164433816,0.0402618700697425,0.04567806072254,11.136687560304656,0.0009530516722389,-0.0253100825510531,-0.582351432002946,-0.3770690353453087,-3.8086663221708736,0.2836570775437239,1193.1109506740106,1108.0183735180976,1107.6220937156468,1228.096291947464,-274.7140871495273,-1040.4365433843764,-247.7406743233112,-46.00705281681804,150.90575562250297
42.3525,0.2124327973636617,-0.0622199781194818,0.8735918783358164,-0.0091395833928239,-0.0435188859034119,0.0225108858238205,0.0011293650922766,0.0011113484584202,0.0361966987806652,0.9993432224117376,0.0438551243504327,0.0514236235731999,11.14090474997092,0.0007772260675845,-0.0251924351980512,-0.5789374904906178,-0.3770759204514585,-3.8087289445807087,0.2822046865805806,1192.2850582726376,1105.1651182693922,1106.814797870378,1228.3160564103166,-322.400935059221,-1043.200555548686,-334.7190584537764,169.19973314698365,150.90749428423968
42.355,0.3160471552013577,0.2830281041065974,0.7100856507922804,-0.007519724073128,-0.0418867270601871,0.0247833433791009,0.0011189202038436,0.001071758082953,0.0361709683301811,0.9993441725321268,0.0482339184870543,0.0574910084487146,11.144349106627905,0.0006451603290799,-0.0250503865536992,-0.5755117134932224,-0.377084153434948,-3.808790914670964,0.2807616980052916,1191.4989459987137,1102.8023707403515,1105.948498423377,1228.9422906131995,-317.4447778014123,-928.7575910021386,-360.3473563644432,294.162543871184,150.9089525195652
42.3575,0.4572974816512335,0.553747712538432,0.49603566492732,-0.0064130648769629,-0.0397440978408757,0.0268084742895919,0.0011119082232322,0.0010327981057905,0.0361485937271539,0.9993449830888532,0.0532576787623145,0.0638230457805292,11.14696545028479,0.000561961407298,-0.0248871133550256,-0.5720774895434272,-0.3770945402048238,-3.80885226829504,0.2793286971097807,1190.6978343836297,1100.5213303143792,1105.0130610885549,1229.7868691296733,-328.52544113764316,-966.2652926051272,-384.912229012466,371.6246777815937,150.91042098091918
42.36,0.6875232186519538,0.7992028654346846,0.2094343108950582,-0.0057764633617341,-0.0375562115553271,0.0283983776780723,0.0011083139131621,0.000996244496838,0.0361341333737194,0.9993454911240804,0.0587314313334811,0.0703103309503721,11.148713713275407,0.000532790876505,-0.02470338413936,-0.5686381751720813,-0.3771071222319495,-3.8089131053089584,0.2779056035956052,1189.8563187930267,1097.9710442773303,1104.0239372783165,1230.8004140021055,-266.74706812882494,-889.6158530061252,-307.8256674292578,340.66277086913794,150.91219657786087
42.3625,0.9379709147696328,0.9516108564579696,-0.0256113760129063,-0.0052769825430783,-0.0359096782280881,0.0287025023811513,0.0011075217545639,0.0009626023109222,0.0361269376957451,0.9993457266957386,0.0644776058064054,0.0768289517605128,11.149568809788942,0.0005593476201377,-0.0244994295796869,-0.565196807354948,-0.3771217384718888,-3.8089738395473214,0.2764925475719231,1189.364099042985,1096.0732510493463,1103.4739327514078,1231.4901829840198,-131.01198407473595,-694.6382254730992,-131.30121908200283,213.148046391807,150.913689294744
42.365,1.240038481017822,1.064706287947878,-0.2181941646401072,-0.0039538575625028,-0.0335988337645303,0.0277965088763487,0.0011087359865438,0.0009305734336521,0.0361282981591213,0.999345654020354,0.0703555162035753,0.0832505049159585,11.149520375369857,0.0006386476829548,-0.0242754070039459,-0.5617558926479767,-0.377135941025417,-3.8090340848747646,0.2750875374289099,1189.2012588726527,1094.497853149963,1103.367431182906,1231.866154234065,18.776071625251255,-597.9050738032108,73.25657301505385,64.95092749893497,150.9151985518709
42.3675,1.6231942269096913,1.16676072358612,-0.3613223650805206,-0.0006331933793313,-0.0298716914966837,0.0254029161157074,0.0011186032741879,0.0008923336149781,0.0361472992303894,0.9993449523419594,0.0763801083448014,0.0896087232169748,11.148570526508507,0.0007571362097956,-0.0240397250852197,-0.5583170235239601,-0.377145976925216,-3.809092052285985,0.2736880377211528,1189.457979401111,1093.0837256803327,1103.8402156164827,1231.8149376215142,168.78959157049283,-423.1404624198359,269.2657268975556,-116.68546590428076,150.91703315776005
42.37,1.9176262399016737,1.2348023060938436,-0.3922149277984626,0.0036255845043169,-0.0263799624679451,0.0226674673738921,0.0011444958164623,0.0008428895308051,0.0361934165526388,0.9993432829684532,0.08251237146892,0.095958290087891,11.146734903036139,0.0009022605415093,-0.0238016159809974,-0.5548814625873137,-0.3771491006790906,-3.809146683669267,0.2722931703565361,1190.0452068305046,1092.3821508378655,1104.7137598173927,1231.2827269045445,297.8389167689624,-162.43681831275228,422.99959017979023,-321.8255645381023,150.91858491221566
42.3725,2.1313786107284844,1.3074005252517156,-0.3395817885184441,0.0092164099978841,-0.0230892066913338,0.0201726758759925,0.0011837231766989,0.0007891090859455,0.0362621469459146,0.9993407973239566,0.0884508908643786,0.1021437777507063,11.144046013881187,0.0010741702306364,-0.0235593109284555,-0.5514511171816145,-0.3771473983068812,-3.8091988540507344,0.2709041332840095,1190.9471739849566,1092.2715415887687,1105.9552135673828,1230.2058097988229,394.2945231305458,66.13298145044864,524.4962476643241,-518.4675131147818,150.92016374747897
42.375,2.2417563112752728,1.4062428073062876,-0.2456869875137674,0.0154230264038969,-0.0205092034210875,0.0189890904532901,0.0012283857708148,0.0007340883074172,0.036344177742914,0.9993378287888856,0.0939892083827878,0.107896019019173,11.14055210247944,0.0012683321125583,-0.0233048039807567,-0.5480288103820538,-0.3771430317230724,-3.8092504269889,0.2695236413294985,1192.0166794461584,1092.712815745118,1107.3362410557156,1228.6903893389692,442.29140810652314,318.2599171952627,535.5608811999768,-698.7549359776938,150.9217668097418
42.3775,2.196281454396632,1.560684112141586,-0.1513517107808193,0.0214314953938324,-0.0187165909578114,0.0197252060124953,0.0012724919441724,0.0006803926045165,0.036432955198714,0.9993346147040711,0.0989535426185103,0.1129935915053197,11.136315416083136,0.001479092396429,-0.0230318346943083,-0.544618144251007,-0.377135236342197,-3.8093030936593286,0.2681528693306374,1193.1586310254872,1093.8628411747436,1108.6330179733802,1226.7120351189376,490.3093967245006,669.0387292714819,485.4446006618008,-947.4782620476772,150.9234003750302
42.38,1.9374582370156996,1.8165336084625656,-0.0921476540940281,0.0277701659999044,-0.0161209877740817,0.0214181018653939,0.0013149332310742,0.0006347028903893,0.0365234768808584,0.999331330015744,0.1031030925201488,0.117333653019182,11.13141131824071,0.0017050771140261,-0.0227394054915037,-0.5412232936496869,-0.3771228504648355,-3.8093580495351103,0.2667913886766365,1194.468226429782,1096.0580093914773,1109.7634640590259,1223.9529980287284,456.3741546758986,929.8987756056492,305.6847475160594,-1043.7126436241333,150.92539648821457
42.3825,1.5410742771706856,2.0676225937765893,-0.1071284889325486,0.0325154907713214,-0.0125472720001984,0.022567160306517,0.0013526674369773,0.0006041331284813,0.0366041199153604,0.999328394725598,0.1062048284318033,0.1207791391233724,11.125929257200928,0.0019462144497198,-0.0224245200398718,-0.537849185923226,-0.3771058132521655,-3.8094151618974874,0.2654398938286828,1195.440501798868,1098.5123350527742,1110.1614417109613,1221.4934719008143,357.26269305915343,1084.5767930158986,24.690990196608883,-966.8214711590433,150.92708940155225
42.385,0.9518135556223056,2.30909513768941,-0.185991048627321,0.0372077715917481,-0.0068001705019031,0.0230314328170355,0.0013843009913924,0.0005955044280568,0.0366674170065211,0.999326076973842,0.1080545217229614,0.123238010386185,11.119970570855882,0.0022028889600235,-0.0220865584959585,-0.5345011355842573,-0.3770843213000255,-3.809472820321471,0.2640996255367423,1196.2545398950763,1101.4808933565519,1109.8869190100088,1219.1188906729376,319.6772703136232,1374.939032913495,-264.5930682092523,-956.4296356232826,150.9288115231826
42.3875,0.040356760040476,2.52574008858148,-0.3278711032267296,0.042382520723793,0.0021076864119762,0.0225264934632966,0.0014103461606899,0.0006086334799594,0.0367142695822314,0.9993243390005192,0.1086256707524325,0.1246642319106175,11.113645966171623,0.0024692253588072,-0.021727634592691,-0.5311845274310877,-0.3770595039829643,-3.809529069942095,0.2627723761087524,1197.0388881504368,1105.3870302173452,1108.8384763699144,1216.7113237226952,252.54290016637964,1442.6528821774248,-474.0414601131154,-759.0965256812278,150.93090907063393
42.39,-0.8414564918439504,2.6155112206661215,-0.4589985457922769,0.0447866608262039,0.0098433870591473,0.0212502133073355,0.0014333003170537,0.0006430917269477,0.0367455363202943,0.9993231453558405,0.1079145392039416,0.1250675940104233,11.107073836277614,0.0027412961936118,-0.0213530018756592,-0.5279042176610202,-0.3770344596855477,-3.8095838311606074,0.261458304881539,1197.5172543959088,1108.6941577674427,1107.516711709442,1215.3234080445295,144.30909831630223,1273.5058655182215,-571.064933937597,-380.77000970136464,150.93268042195407
42.3925,-1.7399796940916972,2.6031019321974367,-0.5735082384513267,0.0424176957688485,0.0166151352350595,0.0193403988308771,0.0014573334854723,0.0006978623829763,0.0367617580496106,0.9993224744459268,0.1059446046051436,0.1245082566729137,11.10037754631363,0.0030169503345759,-0.0209706120476471,-0.5246638426391103,-0.3770131847941683,-3.809637129567061,0.2601565142461387,1197.7604336420177,1111.7545595449303,1105.9831517002287,1214.8074736741903,30.27200643444573,1228.1418520542586,-665.5415244146985,-6.761982055874065,150.93447327098465
42.395,-2.668022563935285,2.4834849057263364,-0.6676821588570847,0.0329240779047338,0.0235530638192577,0.0167728833076783,0.0014867340837376,0.0007676395617596,0.0367664942613954,0.9993221992009744,0.1028454096758823,0.1230605334363014,11.093682308278096,0.0032915528990594,-0.0205892206084812,-0.521465242461284,-0.3769985885730449,-3.8096887809306392,0.2588649362563781,1197.6686144280811,1114.834867027717,1104.1890040873668,1215.28959813425,-117.05757602925055,999.857973241649,-619.2998638661735,344.6977305589881,150.93664667365206
42.3975,-3.2058880899147835,2.3080211163363247,-0.70200525138985,0.0212376749540182,0.0286663555191709,0.0148910206294651,0.0015219843335746,0.0008402263568797,0.0367680535680765,0.9993220291288104,0.0989047113490751,0.1207252643591304,11.087112652713358,0.0035546915528192,-0.0202140975418021,-0.5183081881935169,-0.376990386973969,-3.8097385402827575,0.2575805553205503,1197.1751457618711,1116.7538494111411,1102.8866523808963,1216.530962326986,-303.8352602971861,619.4849885888921,-464.13444032847485,620.2698045439504,150.93847430703676
42.4,-3.429909757990945,2.0597250230397974,-0.688508117479034,0.0085749883683041,0.0334540747492875,0.013311533387841,0.0015604437467532,0.0009027492410834,0.0367759177645137,0.999321635125386,0.0944281336233648,0.1174520816457781,11.08078915858295,0.0037959157526186,-0.0198478844716009,-0.5151902026899144,-0.3769849419836077,-3.809785457337936,0.2563002537040331,1196.1494381265964,1117.9322919706588,1101.8683318857263,1218.390947156967,-505.8964080621676,357.535333265604,-361.4737402436701,792.5051667561587,150.940317090842
42.4025,-3.40099693520464,1.7487357694483707,-0.6351672089581571,-0.0030147680202047,0.0382166695685207,0.0116372531226686,0.001595349579967,0.0009481050627766,0.0367878033365898,0.9993211145564924,0.0895914079788385,0.1131247872070097,11.074825480123668,0.0040111270293436,-0.0194895590896652,-0.512106853289228,-0.3769802719674037,-3.809829440441799,0.255022876432075,1194.645663721559,1118.5415260774703,1101.0792836796772,1220.4934881607687,-710.9897583683505,138.1922211555068,-272.3275298227207,829.4893879512377,150.942171189447
42.405,-3.137311519490928,1.357835480892764,-0.5338569642453873,-0.0118663961332061,0.0428152628610712,0.0096456584168387,0.001623160249024,0.000975785116598,0.0368017198156656,0.9993205419564504,0.0844316112274543,0.1077233507307596,11.069322723061841,0.004202115577231,-0.0191418174282723,-0.5090520658195165,-0.3769756010835304,-3.809870580036277,0.2537485579407374,1192.594489334753,1118.6232530764366,1100.5066942366122,1222.5383940967251,-1000.6166935487732,-27.496295929611275,-221.78214810157604,812.2540190787389,150.94403765554466
42.4075,-2.6807442786585485,0.8024165773910428,-0.364260116696443,-0.0190582460938891,0.0470452983907313,0.0073557674868538,0.0016463404970406,0.000988001780583,0.03681437410861,0.9993200296563792,0.0789356250024486,0.1013817479228709,11.064365804439674,0.0043722801900609,-0.0188133302197516,-0.506018779566402,-0.3769707448912134,-3.809909336384127,0.252477618015748,1189.6425802538197,1118.4040445978223,1099.9703729391704,1224.5547582561587,-1131.6953599374879,-86.88164932814391,-184.32889973668927,635.9086765886716,150.94629035154713
42.41,-2.279812972292053,0.2852292296120245,-0.1984931691301076,-0.0228516517833975,0.0488002252497622,0.0061951148288384,0.0016686504775373,0.0009869469078605,0.0368223888286756,0.9993196943852588,0.0730983373190229,0.0942800494907868,11.060023028633974,0.0045238994996278,-0.0185134693798396,-0.5029998569295215,-0.3769654110386772,-3.809945925300599,0.2512102479461344,1186.9360125350627,1118.1888448297957,1099.5850497379283,1225.7179374796704,-1090.70903314822,-45.26540242043169,-149.5512556766388,355.9767792616637,150.94817758648435
42.4125,-1.9458237349466807,-0.2561234531690437,-0.0368782117589948,-0.0253610480084616,0.0487687863665145,0.0062608966619949,0.0016900572782909,0.0009749158901968,0.0368262638285581,0.9993195184736288,0.0669177515789612,0.0865302068000731,11.056346520515435,0.0046583208415854,-0.0182470093241908,-0.4999888930676031,-0.3769598844742975,-3.8099808839199554,0.2499482999110321,1184.1890350880756,1118.17771758572,1099.2226166607868,1226.334642152468,-1175.3514659699479,75.36409060260243,-150.6892696573238,181.51842117284244,150.95007447341382
42.415,-1.6753929266691543,-0.8921044464755569,0.1166251243599923,-0.0277973441451229,0.0469230221801285,0.0073855885248912,0.0017053036094904,0.0009535249921394,0.0368311889240302,0.9993193196245114,0.0604122960784847,0.078142035608727,11.05337216458906,0.0047752255554957,-0.018012634905818,-0.4969807100800789,-0.3769539662667873,-3.810014388604576,0.2486944505122637,1181.0592552052183,1118.5656652828084,1098.8316033896424,1226.6255295855335,-1099.2307168479163,214.1035848673069,-125.02853259664305,74.60551419154221,150.95236134559957
42.4175,-1.5636846581412795,-1.381575390991376,0.1931006157694216,-0.0299694225465049,0.0437621620475507,0.0088621250989462,0.0017074226542235,0.0009303709482301,0.0368354470508287,0.9993191647063068,0.0534757000601343,0.0691044145311464,11.051119042304794,0.0048794916789662,-0.0178065883762577,-0.4939712707673548,-0.3769484528289702,-3.8100472231655025,0.2474505367096876,1178.6928815038334,1119.2482355100572,1098.5974739978033,1226.707669723426,-884.9188716191313,330.8586594901625,-56.383174318051054,52.954251309547736,150.95427568812815
42.42,-1.5427373412469385,-1.7999066107380792,0.2114253633609495,-0.0327847065459693,0.0389644317517017,0.0105729712758195,0.0016909539996762,0.0009113411614327,0.036835849725124,0.9993191759223048,0.0460519414972459,0.059446632242606,11.049589481115552,0.0049730861151376,-0.0176255807808785,-0.4909574333424721,-0.3769446223003615,-3.8100812488541766,0.2462178762042145,1176.6346608471204,1120.21995858026,1098.549687518052,1226.8903008420816,-832.532423789537,452.6942154127506,38.9519550223567,146.6626907492779,150.9561989080939
42.4225,-1.5638723016237503,-2.201355152898253,0.1852808191419846,-0.0370138287792554,0.0320843143808364,0.012029465929497,0.0016523355792426,0.0009001821964856,0.0368333905850975,0.9993193206626872,0.0381464826394475,0.049243458166183,11.04877058053216,0.0050543059146972,-0.0174672730241612,-0.4879365108945821,-0.3769409057877641,-3.8101171461830905,0.2449954041042969,1174.5302193848895,1121.5117065871189,1098.7922337729149,1227.4409831771718,-712.4356787740446,456.65066126643353,141.71356773124015,266.27588971655337,150.95851720365962
42.425,-1.5699244420216,-2.4522228567567512,0.1511842457474925,-0.041211925779406,0.0259427891872299,0.0120768569326021,0.001585512120768,0.0009063653946561,0.03683287723427,0.9993194213204432,0.0296486040870332,0.0385216562795555,11.048636276576595,0.0051255043823849,-0.017326491727871,-0.4849058902759709,-0.3769338372193293,-3.810153119952096,0.2437807358346524,1173.0724824532483,1122.5032118865931,1099.2582553567083,1228.221680290665,-522.7901692067969,334.861021426024,229.5429583405356,360.7513607803385,150.96045808691204
42.4275,-1.5069185291293592,-2.6295609987840054,0.1406413571269412,-0.0460482508513549,0.019563392452793,0.0111031019337745,0.001489727522744,0.0009311849687295,0.036840187849761,0.999319257309458,0.0206433819131148,0.0274177372335188,11.049148497615782,0.0051795629403884,-0.0172024729662585,-0.4818627084265693,-0.3769204732304357,-3.810187674171877,0.2425722134140206,1171.916268538854,1123.1860116942498,1099.939948564618,1229.2447399810744,-410.62606307678885,195.42738203644643,289.8628232513055,417.7108797165308,150.96240878061437
42.43,-1.3538292419676108,-2.761873952454793,0.166916762540531,-0.0512377779732995,0.0130927315304449,0.0102433045906283,0.0013712432228323,0.0009696855431806,0.0368605258422013,0.9993186293248234,0.0113685466399395,0.0162143249688582,11.050260116309843,0.0052026921081067,-0.0171003993349952,-0.4788038645179327,-0.3768990798582238,-3.810220450420052,0.2413687436622594,1171.0193521378662,1123.4803487967747,1100.7075694729635,1230.3102346892458,-289.80514308031144,3.083932532220464,299.49499698704994,387.21201204706375,150.96436803916566
42.4325,-1.0747496023793832,-2.8617617296170303,0.2396638167088151,-0.056019158989633,0.006825299126924,0.0104455566335209,0.001243948183087,0.0010115555942277,0.0368977732559615,0.9993173789938152,0.0021924918711431,0.0053512455468195,11.051918422493719,0.0051765676162672,-0.0170316555652678,-0.475726292703814,-0.3768689301946837,-3.8102516770422272,0.2401700307952007,1170.467242823454,1123.2014313569107,1101.437423549552,1231.180800041308,-151.5461977741004,-269.7116642440945,279.42262984978953,279.43625412712464,150.96633799845972
42.435,-0.607657254268676,-2.9678209655023795,0.3697651513762732,-0.0599442408261172,-0.0003938286872599,0.0117581758291461,0.0011204284028301,0.0010520198649835,0.0369522527114745,0.9993154760006708,-0.0066374554783809,-0.0047660655085309,11.054067789732835,0.0050904566789406,-0.0170053594810764,-0.4726275354622749,-0.3768322444846601,-3.8102824446168073,0.2389766124879088,1170.2616211489951,1122.1317904755535,1102.1046826222134,1231.707415959882,8.413462364610739,-518.5615250644407,195.18682372921847,79.04863628692102,150.96871448881978
42.4375,-0.140278608326416,-3.052110078496744,0.5066102998195064,-0.0612299155645236,-0.0066304087704657,0.0131468768670627,0.00100856030525,0.0010845534015175,0.0370241460480176,0.9993129061692108,-0.0148417172128481,-0.01385050655443,11.05665242769489,0.0049353843517792,-0.0170248924009757,-0.4695063243151852,-0.3767928607551717,-3.810314190568097,0.2377894100351766,1170.509310135277,1120.6086237315872,1102.4133576681986,1231.5760432227428,189.68153735303505,-739.2281068438381,70.84776783655875,-178.45552967344562,150.97070523360142
42.44,0.356870264569659,-3.125336727323045,0.6706124477869964,-0.0605263414746066,-0.0136556013863431,0.0143471429511285,0.0009092770044952,0.0011022921505501,0.0371160656820445,0.9993095759312648,-0.0221473982668246,-0.021783937011851,11.059618102633655,0.0047062605382925,-0.0170860712993554,-0.4663629227080203,-0.3767529439071065,-3.8103467767607406,0.2366096247477001,1171.2100288357597,1118.4356499413375,1102.458921461396,1230.8151383115155,407.5821543119862,-1098.0447759989895,-22.035176314364076,-458.2028772547276,150.97270628321087
42.4425,0.9289493493276946,-3.179172421527712,0.8975742827836719,-0.0577492772610171,-0.0228925414506851,0.0157918672953851,0.0008249367315981,0.0011024434517903,0.0372276185872753,0.9993055007669086,-0.0283851747039452,-0.0284316397376811,11.062913126008459,0.0044061847632112,-0.0171853050864867,-0.4631989254349612,-0.3767157682655996,-3.81038000874924,0.2354393913600261,1172.547220906838,1115.1183998515896,1102.3031817866267,1229.285028836468,563.0414311483794,-1323.0271257783495,-68.87949411112572,-633.2984062406865,150.97511858912043
42.445,1.3505991777930486,-3.1790528879167748,1.1047172990471608,-0.0542459547040789,-0.030928898466129,0.0176111656547399,0.000756955570716,0.0010864259220895,0.0373528172574214,0.999300904034034,-0.0335001016432129,-0.0336969392025134,11.066490036392327,0.0040464910959723,-0.0173174238986917,-0.4600172307858809,-0.3766868823519815,-3.8104151549945855,0.2342810770389283,1174.0252359915028,1111.8205143124424,1102.11452399084,1227.6486462803107,649.5222329740495,-1407.4744422432173,-55.15173272474853,-685.2350319733298,150.97713716093338
42.4475,1.6873373014173536,-3.1178416743134347,1.3118724187909137,-0.0500046804503255,-0.0389081673851155,0.0203669751535022,0.0007035989588246,0.0010571407967274,0.0374828233029223,0.9992961177470892,-0.0374982428274266,-0.0375734185084635,11.070307262577543,0.0036433571860925,-0.0174737209022727,-0.4568217445822283,-0.3766693387464004,-3.810453074134269,0.2331349085667843,1175.7948320717053,1108.08102764038,1102.0274231230032,1225.8588536766044,740.3186582848625,-1544.7894874845415,4.956613464716804,-707.7829270606816,150.97916300414934
42.45,1.9419562567178443,-3.0010789755521166,1.500512578572118,-0.0452275411496786,-0.0464863613655953,0.0237668388044935,0.0006607218386929,0.00100939091911,0.0376128341398354,0.999291330393161,-0.0402381750982234,-0.0401361430223852,11.074331750023987,0.0032074643417306,-0.017642633766644,-0.4536168523634335,-0.3766626245047642,-3.8104948538435246,0.2320003065842092,1177.7268292829292,1104.096566875016,1102.1393070581637,1224.1097316450055,789.3813770254437,-1615.1984726609876,113.17084915957489,-654.3699023147673,150.98119375982543
42.4525,2.0915233430079305,-2.81705619640792,1.643723521757528,-0.0397958398337487,-0.0534351925973216,0.0277264711651135,0.0006207169821916,0.000941592824655,0.0377352840870496,0.9992868305884106,-0.0416926868312552,-0.0415562720372925,11.078537171210872,0.002753513003118,-0.0178095517823076,-0.4504067760823372,-0.3766642821278695,-3.810541626759632,0.2308757022940664,1179.7417389568343,1100.0050352770709,1102.5932773688014,1222.5870041650287,872.8272867516106,-1770.438284447228,291.032588803947,-586.3785831389454,150.9832293715178
42.455,2.152382887114946,-2.5207738495480525,1.7359761995921488,-0.0326654220894367,-0.0612022129599623,0.03295812509454,0.0005842510940775,0.000851956391224,0.037844435433248,0.999282831184925,-0.0418546995155617,-0.041842827561968,11.082904659993742,0.0022947614897237,-0.0179678017484658,-0.4471947919913017,-0.376671691152272,-3.8105937186563352,0.2297592358735377,1182.0909657166833,1095.2443754527878,1103.594470002182,1221.1778387293134,824.4641048909546,-1681.3814881782075,440.79095688676,-440.45275801754747,150.98567691754806
42.4575,2.1166844170262333,-2.2136217722832887,1.7303250799570689,-0.0267560142309959,-0.067062438047522,0.037713570813612,0.0005547417786594,0.0007435746437799,0.0379393409281691,0.9992793593277418,-0.0408527516498719,-0.0409583563780296,11.087420669147912,0.0018466159461351,-0.018114257488521,-0.4439832253165037,-0.3766825799076914,-3.810649766090872,0.2286499154262685,1183.8640594812914,1091.5981278361755,1104.7972321532363,1220.38474037494,641.7713023844399,-1352.0081979543097,542.8324468376055,-253.81897695584232,150.9877203790009
42.46,2.0202088401428115,-1.8494330861119497,1.6274896856376964,-0.0214620453854381,-0.0720972440159054,0.0425438191008715,0.0005369825979443,0.0006256342212646,0.0380240206044589,0.999276247851424,-0.038975359818085,-0.0388460717458133,11.092075143615796,0.0014269267654411,-0.0182485988768639,-0.4407735436374363,-0.3766956276903135,-3.81070673928756,0.2275485230201745,1185.2998222286071,1088.4843344630128,1106.3086322363715,1219.9087438445335,527.2720309085591,-1215.6217989541033,708.7553752255724,-180.79498904797288,150.98976810571165
42.4625,1.880038466714922,-1.3572010778189356,1.3935343527903568,-0.0160156509845297,-0.0772541420286913,0.0476191954423705,0.0005344658237933,0.0005020697012799,0.0381017640812904,0.9992733629473168,-0.0364163469670996,-0.0354972489049039,11.096861640473454,0.0010458087603594,-0.0183707832895915,-0.4375665640704541,-0.3767098853832936,-3.8107630017375778,0.2264564328725814,1186.5004196358318,1085.5200188414103,1108.3410090293607,1219.480765429701,343.149827250415,-946.894739477891,758.4546072608857,-176.00378116312731,150.99223123125432
42.465,1.7781762627918976,-0.9137566485639224,1.1178509692277439,-0.012374978577475,-0.0806107565179431,0.0509903957355135,0.0005478644840343,0.0003728795489284,0.0381736558797666,0.999270661244726,-0.0332987336379498,-0.0309815110466103,11.101774798608314,0.000706900220613,-0.0184797700376723,-0.4343624037855531,-0.3767249054390617,-3.810816921624877,0.2253735121179087,1187.01557136486,1083.7498607656207,1110.100905272678,1219.0287249387175,109.15785906098662,-562.4523564971547,691.3489189743004,-252.5527432774269,150.99428977452573
42.4675,1.7266288414623494,-0.4598236733827261,0.7799178621607021,-0.0099087591909313,-0.0822435854806427,0.0535167240761175,0.0005749161834669,0.0002367007944216,0.0382408218360329,0.9992681028688029,-0.0297250323030348,-0.0254443452429301,11.10680757305984,0.0004095858561597,-0.0185733186486279,-0.4311603097331119,-0.3767405692167411,-3.810868022314573,0.2242985003864894,1187.046208931137,1082.707757058923,1111.7977536242342,1218.2180017133132,-70.30498516380277,-304.2561487264759,708.1765163209258,-486.8730654171821,150.99635618615198
42.47,1.73738554236373,0.0627067810804183,0.334190099884427,-0.0075940881682033,-0.0818538533737235,0.0554915150347777,0.0006117534197725,9.6121068178116e-05,0.038302603124168,0.9992657176159012,-0.0258869871528059,-0.0190710309366542,11.111948195215213,0.0001536218566526,-0.0186489647254057,-0.4279585297388946,-0.3767556034408845,-3.8109163403975703,0.2232299830588884,1186.6640464390412,1082.22858002199,1113.6417878542793,1216.5943596116335,-174.2253724451548,-64.88293602670956,632.656630500418,-722.582749853012,150.99884722681497
42.4725,1.7897732462226184,0.460027585855596,-0.0432784261856574,-0.0048101754520782,-0.0801129158260862,0.0559421911393152,0.0006522961216399,-4.392889572790509e-05,0.0383603360854691,0.9992634625890148,-0.0220239185654545,-0.0120988417500273,11.117178564961572,-6.233579600850033e-05,-0.0187030420946119,-0.4247544522384255,-0.3767669558161432,-3.8109618382511865,0.2221679200075092,1186.1750820689108,1082.3833423787896,1114.961036776738,1214.6050879640463,-177.7706037828466,150.20067090532893,475.1121273013112,-927.0466657196979,151.00093399663743
42.475,1.8366910762651651,0.8108375111558405,-0.3911121062142683,0.0001104275347545,-0.0778252067095372,0.0550165626208099,0.0006885928569807,-0.0001749622043955,0.0384142901222678,0.9992613403371138,-0.0184434738867943,-0.0048073545782238,11.12247250963052,-0.0002392412831279,-0.0187306371834847,-0.4215448074843105,-0.3767716867732078,-3.81100395200698,0.2211125059776485,1185.7751934201267,1082.9795833765168,1116.017348490787,1211.959126283033,-106.58851070648468,290.8009013738054,376.7650295929132,-1149.2082830185147,151.00303339457392
42.4775,1.834786913069532,1.130031049027906,-0.6892085344850823,0.0063939230668388,-0.0753951695940621,0.0533250402387956,0.0007127367767814,-0.0002895323216764,0.0384633768232584,0.9992594054631277,-0.0154131384048196,0.0025213676508252,11.127795175823515,-0.0003808173545358,-0.0187266780750854,-0.4183258277606026,-0.3767686415853112,-3.81104352796676,0.2200633465539366,1185.6421395153789,1083.837346885657,1116.8448619247008,1208.8590465489588,43.76100016213548,384.511973696666,275.85163615949097,-1310.3906478426895,151.00514392262914
42.48,1.7390486713365672,1.4261708611959227,-0.90280545380989,0.0126178361217367,-0.0728271300370321,0.0510752913520691,0.0007184391601148,-0.0003917580256744,0.0385065223793465,0.9992577026099212,-0.0129211422933069,0.0096298452068142,11.13310336574106,-0.0005012236464557,-0.0186865576978663,-0.4150934356287564,-0.376758525772517,-3.811082575813332,0.2190201187720067,1185.9939984209375,1084.9021432450013,1117.3966066715852,1205.407173043816,281.1348384423053,497.5414868421195,180.88770999170103,-1537.106121429711,151.00726826993304
42.4825,1.5085214520238728,1.7697912588638949,-1.0369867897742484,0.0185409731410509,-0.0695363687176441,0.0477436407550992,0.0007030274020361,-0.0004812565458926,0.0385402678107365,0.9992563660802992,-0.0110299130131311,0.0163437602044809,11.138342571970943,-0.0006102960331453,-0.0186081187182949,-0.4118434499535867,-0.3767443445605218,-3.811122881265332,0.2179828763544148,1187.047813707591,1086.3250543198692,1117.7493004746595,1201.1735159418065,480.4874135229789,539.088738854197,80.24943935786746,-1519.0712064482511,151.00983345863258
42.485,1.2360448348589295,2.046030088685318,-1.0345157686465072,0.021888072788688,-0.0662885482740172,0.0443559497114121,0.0006692300255215,-0.0005536237282108,0.0385643228363914,0.9992554072494768,-0.009863239529946,0.0226128698658726,11.143447079163144,-0.0007134785053831,-0.0184930902546442,-0.4085718656529672,-0.3767278904341742,-3.811164766693971,0.2169509223186259,1188.39643548855,1087.5975869392698,1117.7978538683742,1197.8118170115815,600.9879101136103,523.6164359942953,-26.40348056500911,-1254.2786207046397,151.011984042208
42.4875,0.9082444064675496,2.2917538174504988,-0.909806655100418,0.0237408296207571,-0.0616524908401861,0.040523327301213,0.0006212576251583,-0.0006001825981781,0.0385794668543537,0.9992547986674694,-0.009616198011368,0.0284245335294912,11.148341043744296,-0.0008110359051534,-0.0183440075650981,-0.4052753956502168,-0.3767107855165765,-3.8112085087600938,0.2159247082185937,1190.0527532581607,1088.943136499842,1117.6172830718347,1194.90212283828,736.1067071197667,604.6708158834098,-123.616501893121,-1115.647592698108,151.0141471264602
42.49,0.4769247653340975,2.509084015401906,-0.6401855610925967,0.0248125070879359,-0.054001526505189,0.0365507621032975,0.0005656725849612,-0.0006184997376682,0.0385871098051833,0.9992544849432528,-0.0103220264689511,0.0338149320291988,11.152941283099407,-0.000906435713433,-0.0181648503834204,-0.4019518209214159,-0.3766952489665699,-3.811254671483859,0.2149068627195841,1192.076969024151,1090.6209410186884,1117.1797713589083,1192.2335790480884,694.4561331362315,619.1803273502675,-190.24434400288575,-802.7084096517253,151.0167557597576
42.4925,0.0945741090261905,2.5953551528313343,-0.3520828251081348,0.0252234582404633,-0.0463590719978246,0.0349720147125859,0.0005089325468888,-0.000610052689939,0.0385910340250813,0.999254320053589,-0.0119083192788488,0.0388178029257368,11.157159305587012,-0.0010043424034631,-0.0179594488382297,-0.3986002514948008,-0.3766830657145907,-3.811303411736634,0.2138992710139867,1193.5250339238387,1092.0390381365903,1116.666061351821,1190.8885807900251,468.2390147655208,557.7542093179616,-229.78854477635633,-322.9381624701754,151.0189393161141
42.495,-0.3103311960449442,2.5657083220567767,-0.0569328801597592,0.0253556226819761,-0.0385962864545203,0.0354335957025248,0.0004634347360447,-0.0005839573627357,0.0385992861867743,0.9992539863696956,-0.0141112252377282,0.0435978419819025,11.160903670874305,-0.0011140224092858,-0.0177365420729784,-0.3952207941147937,-0.3766739516131197,-3.811354285288516,0.2129014223172918,1194.4181640979764,1093.4097120652757,1116.0308286350275,1190.6188882357387,210.2864267391685,569.9184865937963,-303.6974607125823,138.76746110288144,151.02113196876329
42.4975,-0.8196242476893164,2.4089754514706287,0.2429977339999949,0.024932723400564,-0.0304413554667235,0.0370028666828339,0.0004403828198957,-0.0005545621155199,0.0386190778293535,0.9992531999991834,-0.0165387955400259,0.0482948967465619,11.164083381773384,-0.0012472314301947,-0.0175044374890888,-0.3918145915705799,-0.3766667014903782,-3.811405360043704,0.2119127606369975,1194.576466057535,1094.8886305695607,1115.1475740482574,1191.5824180955399,-116.79664120154877,497.18840287429913,-343.4345407003155,549.9115884732788,151.0237729823702
42.5,-1.2515170293745608,2.204052516698941,0.4162737588526462,0.023545398331151,-0.0250649098430205,0.0386285285957214,0.0004416574606196,-0.0005371071559747,0.0386518965189351,0.9992519035600316,-0.0187788667458803,0.0528473486753304,11.16661151805746,-0.0014145787810886,-0.0172650920743873,-0.3883839413947812,-0.3766598610171827,-3.811455080687209,0.21093270290556,1193.8341808919683,1095.8956540796485,1114.313655931525,1193.3684461781068,-481.98372811132873,339.94540879506525,-353.82187283990226,869.5172490499494,151.02598179910908
42.5025,-1.65982333018325,1.9595119819497104,0.4887841673624063,0.0204335817894326,-0.0211262044941069,0.0407166805320954,0.0004603943726929,-0.0005345543074066,0.0386931538166765,0.9992502831645304,-0.0206961281586263,0.0570179566010835,11.168406218800193,-0.0016155095268812,-0.0170152575084809,-0.3849321987046163,-0.3766533517580455,-3.81150179368984,0.2099616381565847,1192.1665474169806,1096.5883576135348,1113.3784646840595,1195.9300043407857,-806.1079320876584,220.84957570280113,-389.282283993708,1101.2656544375027,151.0281989507214
42.505,-2.0156503452367676,1.7035164130274463,0.473492691497876,0.0157186704320281,-0.0179593679127287,0.0429741954929031,0.0004809737660662,-0.0005330025371103,0.0387308524940998,0.9992488166877984,-0.0225380559069739,0.0603992154067429,11.169392453162862,-0.0018352234322965,-0.0167466726666182,-0.3814637314174341,-0.3766496217121404,-3.811544976648856,0.209000433784056,1189.803641231528,1096.999901958163,1112.3672445115556,1198.874774450297,-1077.7018214668656,104.24321112013,-416.41697997212367,1199.5859642705227,151.0304232932668
42.5075,-2.268151529140124,1.442814207035491,0.3631084786498593,0.0094518024177053,-0.0150676390105891,0.0450079033662866,0.0004906524486179,-0.0005161372175545,0.0387539591392239,0.9992479454197394,-0.0246034664374694,0.0626638293889234,11.169504407808724,-0.0020569864673426,-0.0164543155458786,-0.3779833862499242,-0.3766513463486699,-3.811586084656508,0.2080493136334832,1186.7780383096435,1097.1095736691357,1111.2963797841978,1201.9279341621411,-1422.3066428691911,1.1111272313893197,-469.0094438234328,1282.302482021516,151.03265691867773
42.51,-2.4154819357916795,1.1166752759033183,0.1553361831454635,0.0011535993305626,-0.0114204485898377,0.0466578380171578,0.0004833728038355,-0.0004835850886975,0.0387574821208825,0.9992478588508809,-0.0268299516499087,0.0636365938214812,11.168689388614254,-0.0022767137399527,-0.0161382558138748,-0.3744961358748075,-0.3766581767705316,-3.811626922850928,0.2071072892816414,1182.6921080171885,1097.00545759432,1110.0221972924403,1205.2862868603988,-1521.5768352304567,-57.08429448028973,-448.57461348942496,1129.7763282652015,151.0353490583819
42.5125,-2.3992503243756573,0.8221323272727576,-0.0427051973312864,-0.0057962206156016,-0.0084012736648495,0.0469409574895848,0.0004613514162487,-0.0004455504724259,0.0387457406231817,0.9992483738564116,-0.0289126494904985,0.0633366108369279,11.166908194378795,-0.0024992155939897,-0.0158046116181883,-0.3710068910141663,-0.3766681835897189,-3.811668373716,0.2061743905944468,1179.1701541334871,1096.824152196734,1109.0535067167496,1207.5768158034703,-1370.409913594612,-72.18370316159907,-345.1439976786386,771.3648992426589,151.03760312267096
42.515,-2.2486432570200785,0.4957060186189338,-0.2142580739406304,-0.0122149048729954,-0.0058681747417261,0.0458443733354342,0.000429673692741,-0.0004137725327334,0.0387292019705163,0.9992490726811843,-0.0305123101432971,0.0618650575718817,11.16413573604534,-0.0027314200470203,-0.0154616224897445,-0.3675206261291159,-0.3766794709595487,-3.8117098446271256,0.2052512053139179,1175.840058449212,1096.6445390785116,1108.2964773040464,1209.143111356614,-1359.9742468946351,-69.0676038882603,-260.9667246637045,505.9741680810075,151.0398690114163
42.5175,-1.945937745076766,0.0751759943118142,-0.3358619824397612,-0.018633192655281,-0.0038234485074041,0.0432124209688696,0.0003945723867803,-0.0003990065141251,0.0387219012650438,0.9992494061506868,-0.0313144013790712,0.0593690961609436,11.160361626606155,-0.0029805653251556,-0.0151184836495845,-0.3640423360767257,-0.3766887268543362,-3.8117498572144526,0.2043381724275259,1172.3702828990204,1096.478814177293,1107.7486730934322,1210.1066866438728,-1154.401471666825,-56.32250765708552,-131.40456484400246,207.88641305355944,151.042602480352
42.52,-1.6248500687407015,-0.279042966902589,-0.3441062563471004,-0.0228230298055037,-0.0035013452359577,0.0406211417858898,0.0003631704478154,-0.000403695296855,0.0387357404862731,0.9992489121895552,-0.0311945081559077,0.056041487517675,11.15558917220568,-0.0032485775439954,-0.0147853529348798,-0.3605769181505644,-0.3766925104112684,-3.8117868376794974,0.203434350612351,1170.0680510908749,1096.3629265402262,1107.639454479826,1210.1825434218824,-782.3720735037657,-57.80494374304679,26.61254865346112,-95.14454482050176,151.0448927639631
42.5225,-1.2731620882791836,-0.6000508237124859,-0.2560724308763668,-0.0259571031842633,-0.0050056306073674,0.0388955224677952,0.0003363746884889,-0.0004220771450349,0.0387690397251463,0.9992476545380484,-0.0302241048758506,0.0519596296929589,11.14983631322754,-0.0035312648929388,-0.0144681542360646,-0.3571292579698385,-0.3766918043425559,-3.8118212263498026,0.2025395036261457,1168.4584225314995,1096.1897894585777,1107.8817358366996,1209.6309639197702,-550.3108784625058,-117.94378466021764,169.4135420178276,-346.4643587594732,151.04719619706788
42.525,-0.8589588735089215,-0.9028230784616186,-0.0686013335342755,-0.0285599092221206,-0.0087198569516646,0.0385581472159573,0.0003109773287005,-0.0004502042286588,0.0388162602675497,0.9992458491238152,-0.0284439806780973,0.0471251288828257,11.14313638382468,-0.0038252346045347,-0.0141697234933549,-0.3537040254060266,-0.3766893122445006,-3.811853646066075,0.2016539454230395,1167.3164966985648,1095.7732076169257,1108.4865221899145,1208.4502216280866,-297.46655300762785,-210.340802569937,252.60643002471437,-487.1491524661688,151.04997561004566
42.5275,-0.5471851759398578,-1.0664011142471457,0.1281715173249677,-0.0297991195155798,-0.0127030830145472,0.0393364155315442,0.0002853792585005,-0.0004898775020555,0.0388732886943716,0.9992436521679848,-0.0257716908629398,0.0415880261333597,11.135536938834017,-0.0041303048878407,-0.0138936206426047,-0.3503053848817878,-0.3766879269291605,-3.811884780369687,0.2007778564485428,1166.9710897664606,1095.1380854457275,1109.1447679868238,1207.195218157438,-29.580365316845345,-336.3061778830441,265.5203559322223,-521.9090781350645,151.0523044304496
42.53,-0.2950797956688465,-1.1386990609842655,0.3414258515669859,-0.0302310143035007,-0.0165311019428446,0.0404655046396128,0.0002600085743873,-0.0005326906654252,0.0389365390240841,0.9992411978917628,-0.0223575062792389,0.0354682291295844,11.127095900861004,-0.0044380359295936,-0.0136446681477331,-0.3469369837795417,-0.3766895457035343,-3.8119154011184446,0.1999104223944634,1167.1685948719803,1094.0916767275096,1109.8141239695763,1205.84067623741,154.24588938999864,-495.5530566033263,248.1044263813584,-535.0559800055044,151.0546460702314
42.5325,-0.1048706488996046,-1.1540046695308577,0.5574194410576458,-0.0301502493123369,-0.0198476495363835,0.0417602262584876,0.0002371792968834,-0.0005745082604742,0.0389999609644181,0.9992387140028848,-0.0182631723696853,0.0289373444276006,11.117882771743584,-0.0047421124893988,-0.0134283518098889,-0.3436017834510944,-0.3766960637006692,-3.811946437472697,0.1990518417942109,1167.74231921341,1092.660320162713,1110.3852901187295,1204.519938257413,300.08956422755654,-664.1669387833884,184.545511215216,-499.07336105940817,151.05699808998145
42.535,0.0041268640339122,-1.136635547645748,0.7697061568456852,-0.0296224057751529,-0.0225131908009455,0.0433706075180234,0.0002183215440836,-0.0006169385669071,0.039060548320105,0.999236309406522,-0.0134320100401038,0.0221543566643433,11.10797746194556,-0.0050397610631136,-0.0132488221970063,-0.3403020452028472,-0.3767082242151946,-3.811978071927233,0.1982022314966115,1168.669042693119,1090.7708420335907,1110.7368515256528,1203.3453094321117,459.6332679619913,-923.987135706766,89.66703200117041,-466.8275343155869,151.05936246527273
42.5375,0.0442790030648397,-1.1286533618997838,1.013300401868828,-0.028685935766935,-0.0249910454703344,0.0456473465985975,0.0002049385684624,-0.0006635847079885,0.0391212161215023,0.9992338635421992,-0.0077722743784207,0.0152878016828678,11.09746765224226,-0.0053298030482579,-0.0131097073919222,-0.3370392378974377,-0.3767247760064481,-3.8120093736443934,0.1973611652564125,1170.040485553221,1088.040384484177,1110.8336252787356,1202.185800585834,520.8615996618126,-1063.6132638826107,-19.46955716936779,-380.1869512238956,151.06221400172456
42.54,0.0139494103833536,-1.16474847840316,1.2004203887418983,-0.0278610604950405,-0.0265056129398796,0.047857643571512,0.0002002417276942,-0.000721054908426,0.0391850276230994,0.9992312514560372,-0.0011346076681923,0.0085470397741174,11.086446844221827,-0.005613759113115,-0.0130152284997709,-0.333813921990443,-0.376741356108391,-3.812038706254056,0.196526874219652,1171.2733506914255,1085.4527757141827,1110.639503739806,1201.444374675994,477.07007328588736,-1079.0735702739248,-125.09939378626734,-256.6254665912362,151.06460233196137
42.5425,-0.0564824861191781,-1.2678562923230174,1.3578158216208425,-0.0273849953395395,-0.0278000495263016,0.0504803164888205,0.0002025509216828,-0.0007969253476344,0.0392516294625083,0.9992284860093588,0.0066365484356076,0.002033947297084,11.07501255037458,-0.0058943629656052,-0.0129657298757052,-0.3306260262673627,-0.3767557498041341,-3.8120654515488366,0.1956980037558976,1172.4258359196515,1082.6450166328043,1110.208128309804,1200.902673252877,445.77226507494674,-1258.7096639261672,-222.2770631349021,-213.43293752836863,151.06700350165664
42.545,-0.1437585755198181,-1.4655272783050748,1.4879816494502305,-0.0276189600202021,-0.0300067124953447,0.0544051351495668,0.000205900831175,-0.0008951005951462,0.0393207162790183,0.9992255866222056,0.0156011775542205,-0.0042421852335774,11.063263769311972,-0.006172373290556,-0.0129580269362124,-0.327475164223751,-0.376767646435576,-3.8120893546071777,0.1948745351420526,1173.5022120168016,1079.1592273945487,1109.5281184241308,1200.3772099883515,316.03527202707124,-1274.2403081544346,-253.47323868191185,-194.75200766168632,151.0699003216352
42.5475,-0.1829708885018269,-1.6679554573793671,1.5256430877970466,-0.0285179644006369,-0.0330556979751935,0.0584549900140036,0.0002035276161375,-0.0010155224649891,0.0393946723908051,0.999222477241496,0.0257208387160666,-0.0102905273062384,11.051299446069992,-0.0064462042405453,-0.0129874021326968,-0.3243609201547515,-0.3767768824432822,-3.8121106240373352,0.1940581454014879,1174.0060122797856,1076.273815092038,1108.9407621163955,1199.9289132145695,98.45123911463327,-1118.2629122960143,-204.7104778637593,-212.25570748722984,151.07232771803223
42.55,-0.1486410302051643,-1.8637092090310627,1.4663621573991699,-0.0298440639629145,-0.0376020356800601,0.062938096939165,0.0001902608227845,-0.0011489962378794,0.0394761945434707,0.9992190838158715,0.0367469080767565,-0.0160857065442118,11.039217431854135,-0.0067082101016133,-0.0130489392110675,-0.3212831260455544,-0.3767831523498582,-3.8121305063024864,0.1932485426439381,1173.994468212375,1073.5679128330655,1108.5045660348117,1199.3159314509148,-128.47194119574647,-1110.303668414395,-110.61816561522188,-337.2518388420852,151.07476976338947
42.5525,0.0073209621452698,-2.034228293879204,1.2702750308149775,-0.0313780841244922,-0.0443905378755514,0.0679156046241701,0.0001635308232059,-0.0012849302751054,0.0395658219573975,0.9992154276875136,0.0483930781795296,-0.0215566500878092,11.027114775264192,-0.0069493306002788,-0.0131376603271859,-0.3182419089418825,-0.3767882343319798,-3.8121503316602734,0.1924463203087643,1173.3636525738063,1070.722296749963,1108.387671288319,1198.2426540203583,-321.8102759448555,-951.1422348551616,58.44530527015962,-459.3171301121032,151.07771818101068
42.555,0.2404232030149875,-2.0907010256087744,1.0058198344260747,-0.0321920893121649,-0.0505910957456944,0.0714071456672705,0.0001247842397978,-0.0014174306467429,0.0396627835681911,0.999211585065472,0.060471027719203,-0.0265645701232116,11.015087171535823,-0.0071626424847983,-0.0132490638931579,-0.3152376540516805,-0.3767938866353561,-3.812171704692316,0.191652194829029,1172.3854168326523,1068.8122016587943,1108.796792561162,1197.0193458003564,-453.6734057544469,-646.9176911160473,299.98531291498693,-549.4990718889761,151.08019100119077
42.5575,0.5714285662023652,-2.0394849089902034,0.653608977777435,-0.0319959892259386,-0.0566680778826266,0.0741502740306252,8.052447094859447e-05,-0.0015456439001712,0.0397625291145438,0.9992077812246511,0.072898542963228,-0.0308839585146532,11.003227694628272,-0.007343280404336,-0.0133797707440782,-0.3122709213825368,-0.3768020822486611,-3.812196529123173,0.1908675323496863,1171.0952855450364,1067.487708294386,1109.8875978528927,1195.4951586609159,-534.9204596613155,-426.1454760777818,559.6256602578117,-641.1797359328733,151.08268131610154
42.56,0.964892946152363,-1.9003193263389655,0.2510262052745349,-0.0307763889081068,-0.0620822136419376,0.076118684638363,3.7460455835685655e-05,-0.0016676045893258,0.0398586292807134,0.9992043205375436,0.085560134805024,-0.0343064396465649,10.991625568468063,-0.0074846183677601,-0.0135248389905759,-0.3093424499982429,-0.3768143518171407,-3.812227201682451,0.1900927176426412,1169.7108145343443,1066.6814742784043,1111.5949208624527,1193.8134471206904,-531.8690313994019,-202.76629042917733,822.2052872545987,-683.4965796423744,151.08518701264825
42.5625,1.4007460676074543,-1.6705661200583288,-0.1729241167302634,-0.0281852096928192,-0.0661513644125006,0.0765204141787067,2.1352453978064687e-06,-0.0017886248564642,0.0399483858159313,0.9992013423076628,0.0984918660645205,-0.0366577469604646,10.980364158482136,-0.0075840931005503,-0.0136778620856246,-0.3064527026052348,-0.3768315584859218,-3.812264999171712,0.1893286152506411,1168.435940388038,1066.4738768422396,1113.9986242891675,1192.0776757627023,-480.3676277687194,24.311172951842597,1177.6268965975103,-749.9869900020713,151.08771237789955
42.565,1.9227237905846553,-1.3140551217026655,-0.6447324032325102,-0.0232061501145739,-0.0696348288809967,0.0744403508239626,-2.039853139209329e-05,-0.0019061307858563,0.0400328057490226,0.999198839305482,0.1115486384403941,-0.0378140870892513,10.969520133917849,-0.0076345086506099,-0.0138314077907527,-0.3036016660683647,-0.3768544997348111,-3.8123105197680336,0.1885741318167025,1167.308976395503,1066.8030301431631,1117.4830553454349,1190.0635121706835,-313.02517852197883,191.86293618389945,1330.597975673801,-720.7413384576236,151.09076706953408
42.5675,2.319802653444548,-0.9610228845492348,-0.9651341763382278,-0.0173289531816405,-0.0718543088430582,0.0709443131352975,-3.184143455298428e-05,-0.0020099424311998,0.0401151285985194,0.9991967012126706,0.1244091623522329,-0.0378167000949646,10.959162520568544,-0.0076251463033482,-0.013974890657859,-0.3007885818010125,-0.3768817082596713,-3.8123620614625726,0.1878271153016249,1166.870814495427,1067.4331915231596,1120.65161416754,1188.4739690704123,-46.24635052880329,292.685547981578,1255.1362225879475,-626.0140287136418,151.09333400129947
42.57,2.6423370555816,-0.5531726301342382,-1.17988326084266,-0.0099366500918275,-0.073593030739095,0.066638379233731,-3.77316821595457e-05,-0.0020963756440223,0.0401977376805664,0.9991947994911194,0.1368912383341026,-0.03681744917349,10.949349553882646,-0.007551208312879,-0.0140971049946662,-0.2980114343237723,-0.3769123271446573,-3.812417308017335,0.1870870864555989,1167.0777446428588,1068.266457883072,1123.7587364583778,1186.9334420271136,246.22455135044785,381.5037521494846,1275.5268267082788,-690.4489999693765,151.09592449997743
42.5725,2.9266947615462287,0.0018096316555638,-1.3153820430953012,-0.0004651292673601,-0.0750760928642614,0.0617323314924876,-3.7590941510229525e-05,-0.0021648277863868,0.0402802451889053,0.9991930475351471,0.1488890149649026,-0.0348565364522499,10.940127006830725,-0.0074124747433901,-0.0141928830980037,-0.2952666651168024,-0.3769444045255402,-3.812472703442261,0.1863529098439275,1168.1019372521785,1069.3407102839053,1127.0292483010755,1185.0217240705683,492.98551814365294,392.0951088131273,1076.5919280976,-732.0055245926034,151.09906199874928
42.575,3.085071345577347,0.5168382002286336,-1.346321891639062,0.006886419396506,-0.0757306652292991,0.0586149924302559,-2.7638958114160206e-05,-0.002220489980394,0.0403608694839613,0.9991913167774248,0.1604336003592108,-0.0319208878109302,10.931525620112144,-0.0072151936958533,-0.0142614692479039,-0.2925492987738809,-0.3769749961418313,-3.812525256683307,0.1856233702056979,1169.5426722335783,1070.2269334271386,1129.1416960988684,1183.2734144041488,667.0586618825607,347.45600635006167,683.468274161592,-753.5922264270323,151.10170188193172
42.5775,3.18229019124843,1.0690506364349583,-1.324531655761491,0.0132211702257405,-0.0751025271835473,0.0564226721499064,3.633771145152234e-07,-0.0022713436168901,0.0404423200121654,0.9991891837423436,0.1716319030110016,-0.0279133540338836,10.923559953152067,-0.0069704048603908,-0.0143068726430627,-0.2898532065443598,-0.3770001348987527,-3.81257319158201,0.1848978012634045,1171.4372305615927,1071.0779903156565,1130.4465896718855,1181.2537629384315,888.0607248030065,371.4624002726591,378.8560273669908,-967.929429423946,151.10436947915824
42.58,3.24176764303027,1.7282013133364615,-1.2639938881701247,0.0203568389808784,-0.0716395831359837,0.0537680506241471,5.0810501017727485e-05,-0.0023246805190476,0.0405285474754923,0.9991860369452352,0.1825867332118891,-0.0228267758276698,10.91622837190938,-0.0066910722986239,-0.0143325738727401,-0.2871717839979393,-0.3770158025169148,-3.812615089494916,0.1841759906770918,1173.9829758575893,1072.0842454285003,1131.0359762357018,1178.4337672570334,938.5156842714168,374.2742818884285,66.17903956881744,-1101.9474698144043,151.107604305949
42.5825,3.233190031856561,2.228223779633892,-1.1910165904200258,0.0267528393442752,-0.0662924096285129,0.0510973807811931,0.0001253562871854,-0.0023809585367278,0.0406223968474088,0.9991814344009594,0.1932663268788279,-0.0167099188467073,10.909515188562018,-0.0063874713888362,-0.0143417071926691,-0.2844984492084421,-0.3770196054489815,-3.8126513922557494,0.1834573695824867,1176.1298089829525,1072.9493617250996,1130.7774848697295,1175.7440255893566,818.0909672473625,362.20813827235014,-228.395448425928,-1131.6751312368192,151.1103292851274
42.585,3.1261353467772,2.623919534564828,-1.0922819812267315,0.0345373081839387,-0.0589792474916906,0.0480362022851901,0.0002165536305532,-0.0024342909750158,0.0407248775148959,0.999175741993513,0.2035108158148108,-0.0098026895151465,10.90339264866406,-0.0060659571511466,-0.014332810992319,-0.2818273171589826,-0.3770142247123351,-3.8126846268657553,0.1827415482207461,1178.073430693828,1073.8952861198627,1129.8939989935716,1172.7753916008464,713.8439218344628,398.2597193952172,-429.7572939723793,-1208.6641787811539,151.11308606081315
42.5875,2.900697821588223,2.9063076030632167,-0.9703907501223136,0.0435083277933547,-0.0506544962283332,0.0448256457055623,0.0003140943682898,-0.0024788964365919,0.0408320270721968,0.9991695550843576,0.2131779864678285,-0.0024017871752658,10.8978215717997,-0.0057313180809072,-0.0143029131040309,-0.2791534991285716,-0.377003926130362,-3.812717275095304,0.1820288109796905,1179.6990285921215,1074.9406603220739,1128.6286983998696,1169.7007046954564,544.5720478748568,444.507545556371,-568.3695324914245,-1211.414447221858,151.11587021013955
42.59,2.502902127269407,3.044027681791908,-0.8265771816571521,0.0525782468265665,-0.0422179931189188,0.0418903167587725,0.000410871440967,-0.002511339208327,0.0409393473391995,0.99916335304565,0.2221956770211674,0.0052704907536607,10.89275277676744,-0.0053873181167063,-0.0142506538376838,-0.2764734677418987,-0.3769932013091717,-3.812750345395092,0.1813203952145954,1180.7962909332039,1076.117823847646,1127.052151331113,1166.718319364734,334.0418584646724,541.4453397584069,-736.7533251676247,-1227.2640659014176,151.1186885313817
42.5925,1.8320584072480732,3.061010315886028,-0.6514641349576809,0.0611446209849408,-0.0330934856167983,0.0396059990000945,0.000504435930646,-0.0025383553901308,0.0410437511413775,0.9991574203652988,0.2307307775423055,0.0130915363051586,10.888126582405771,-0.0050407098718397,-0.0141768251116011,-0.2737853898704833,-0.3769852666357758,-3.812783430775811,0.1806189024732022,1181.3692378844455,1077.6478870208673,1124.9449317740296,1163.564384365946,75.94748927128961,568.7847193974619,-794.113272224644,-1043.9076641768625,151.1221114411715
42.595,1.1484011391762696,2.9767283215353006,-0.5267783213391578,0.0653661757581059,-0.0262614586160303,0.0389293297772487,0.0005956864497447,-0.0025626178659869,0.0411454429913627,0.9991518324413924,0.2388752299711382,0.0210225313539503,10.88388005591708,-0.0046935675389046,-0.0140839107208827,-0.2710894570057599,-0.3769824878913474,-3.8128170098494927,0.1799278245084463,1181.17602837956,1078.9617474446306,1123.0815849699934,1161.4987810438545,-215.19986744763528,514.6144980402919,-754.6926129933813,-677.3030609758907,151.12499893420045
42.5975,0.4002712038343965,2.819475085338319,-0.4469576049740529,0.0668875680059414,-0.0196699369831641,0.0389930753671562,0.0006845477654872,-0.002581180051643,0.0412399821171027,0.9991468115457508,0.2466048349497071,0.0290186736495152,10.87995124688493,-0.0043429736065494,-0.01397383800874,-0.268387702497583,-0.3769860660500847,-3.812851960359565,0.1792496846029995,1180.293238547207,1080.22095951107,1121.1714687090607,1160.1778690610647,-527.1265785030241,517.4670892788607,-836.5482948451057,-404.6425215473594,151.1279238820318
42.6,-0.4930158404602412,2.5732353007819415,-0.4091952755429058,0.0661476373742687,-0.011763412170738,0.0387906494558407,0.0007736775816026,-0.00259043054835,0.0413247823436707,0.9991424657936656,0.2538878434413293,0.0371036608977759,10.876279907597088,-0.003985064484377,-0.013849920495088,-0.2656831076721649,-0.3769949569267278,-3.8128880144512327,0.1785847981055965,1178.5403954870435,1081.5490828910263,1118.8988434957655,1159.4755684361166,-731.6918588034531,440.39252478404734,-817.4740151737002,-132.03760222612075,151.1314782069589
42.6025,-1.181286609996523,2.3385975869454025,-0.4160907022668222,0.0633108152977606,-0.00539888361464,0.037981793069891,0.0008651552833962,-0.0025920672267856,0.041401228711271,0.9991387013914688,0.2608095165707656,0.0452912166130403,10.872807578511413,-0.0036191650212049,-0.0137150643475444,-0.2629787160695095,-0.3770058297303227,-3.8129241657286705,0.1779315145049409,1176.634779253193,1082.4229221349883,1117.084098633196,1159.5176810499347,-815.537642211067,287.4053590202841,-692.969704434254,94.02035808620631,151.13447782429975
42.605,-1.7607859923512292,2.1008774120877662,-0.4423985672969243,0.058359309172157,0.0003623036452532,0.0367891500550275,0.0009593515254845,-0.0025800047114232,0.0414711175128093,0.999135416066046,0.2672840201533988,0.0535729255060024,10.869484650789268,-0.0032413821746493,-0.0135716182052077,-0.2602769130531469,-0.3770148943662675,-3.8129593371677273,0.1772863539001427,1174.462707275986,1082.9861096861284,1115.4339949735927,1159.945670226548,-973.7862042781235,171.26059853185657,-671.5042710297187,194.39033843094933,151.1375172414954
42.6075,-2.2961063452803887,1.8542144393494575,-0.4726340348165088,0.0508861972307414,0.006289424227933,0.0351118931339178,0.0010598335990911,-0.0025501180590769,0.0415345242241821,0.9991325696807688,0.2732683453974831,0.0620160780464359,10.866266987745949,-0.0028500461023765,-0.0134237332503437,-0.2575787449092944,-0.3770205752955015,-3.812992382762785,0.1766465462280969,1171.7658482318,1083.279225127648,1113.7265772780459,1160.48963274209,-979.5674072559264,48.61515186362214,-574.1882941992792,143.87841635111167,151.1412111673777
42.61,-2.603100289305003,1.7169337081998293,-0.4826797162137867,0.0439686289799298,0.0098859072343803,0.0334944352864931,0.0011695611986004,-0.0025065594667685,0.041594643078662,0.9991299749848483,0.2788947168269283,0.0706723208432962,10.863114339892372,-0.0024486779748814,-0.0132750460791017,-0.2548839911958866,-0.3770222958626603,-3.813022433795615,0.1760101941644055,1169.564870239711,1083.2291854454463,1112.563053502599,1160.6650623083028,-853.4511077894601,-67.01969371898694,-414.0682168534722,-41.43185720670471,151.14432860543744
42.6125,-2.77951625457952,1.6900468671496007,-0.4668406828224707,0.0368895129421055,0.0120616293351687,0.0320129257623271,0.0012848413782661,-0.0024596347328339,0.0416522416389007,0.9991275422870652,0.2844160426267119,0.0794489497152963,10.859993015582884,-0.0020439834057366,-0.0131254677465074,-0.2521917019143043,-0.3770199970033644,-3.813049556557447,0.175376798022838,1167.4985926928505,1082.9441266590527,1111.6562361937774,1160.2824734560563,-826.5110187425704,-114.0235145571366,-362.72692352788835,-153.035540898213,151.14748689573992
